year,month,drug_code,drug_name,deaths,provisional
1999,1,T40.1,Heroin,186,false
1999,1,T40.2,Other opioids (natural & semi-synthetic),238,false
1999,1,T40.3,Methadone,64,false
1999,1,T40.4,Synthetic opioids excl. methadone (fentanyl),62,false
1999,1,T40.5,Cocaine,315,false
1999,1,T40.7,Cannabis,,false
1999,1,T43.6,"Psychostimulants (methamphetamine, amphetamines, MDMA)",47,false
1999,2,T40.1,Heroin,177,false
1999,2,T40.2,Other opioids (natural & semi-synthetic),242,false
1999,2,T40.3,Methadone,73,false
1999,2,T40.4,Synthetic opioids excl. methadone (fentanyl),72,false
1999,2,T40.5,Cocaine,351,false
1999,2,T40.7,Cannabis,,false
1999,2,T43.6,"Psychostimulants (methamphetamine, amphetamines, MDMA)",39,false
1999,3,T40.1,Heroin,202,false
1999,3,T40.2,Other opioids (natural & semi-synthetic),226,false
1999,3,T40.3,Methadone,59,false
1999,3,T40.4,Synthetic opioids excl. methadone (fentanyl),61,false
1999,3,T40.5,Cocaine,342,false
1999,3,T40.7,Cannabis,,false
1999,3,T43.6,"Psychostimulants (methamphetamine, amphetamines, MDMA)",48,false
1999,4,T40.1,Heroin,188,false
1999,4,T40.2,Other opioids (natural & semi-synthetic),261,false
1999,4,T40.3,Methadone,70,false
1999,4,T40.4,Synthetic opioids excl. methadone (fentanyl),73,false
1999,4,T40.5,Cocaine,405,false
1999,4,T40.7,Cannabis,,false
1999,4,T43.6,"Psychostimulants (methamphetamine, amphetamines, MDMA)",62,false
1999,5,T40.1,Heroin,184,false
1999,5,T40.2,Other opioids (natural & semi-synthetic),258,false
1999,5,T40.3,Methadone,58,false
1999,5,T40.4,Synthetic opioids excl. methadone (fentanyl),68,false
1999,5,T40.5,Cocaine,342,false
1999,5,T40.7,Cannabis,,false
1999,5,T43.6,"Psychostimulants (methamphetamine, amphetamines, MDMA)",57,false
1999,6,T40.1,Heroin,172,false
1999,6,T40.2,Other opioids (natural & semi-synthetic),227,false
1999,6,T40.3,Methadone,69,false
1999,6,T40.4,Synthetic opioids excl. methadone (fentanyl),51,false
1999,6,T40.5,Cocaine,339,false
1999,6,T40.7,Cannabis,,false
1999,6,T43.6,"Psychostimulants (methamphetamine, amphetamines, MDMA)",59,false
1999,7,T40.1,Heroin,200,false
1999,7,T40.2,Other opioids (natural & semi-synthetic),236,false
1999,7,T40.3,Methadone,75,false
1999,7,T40.4,Synthetic opioids excl. methadone (fentanyl),54,false
1999,7,T40.5,Cocaine,477,false
1999,7,T40.7,Cannabis,,false
1999,7,T43.6,"Psychostimulants (methamphetamine, amphetamines, MDMA)",70,false
1999,8,T40.1,Heroin,182,false
1999,8,T40.2,Other opioids (natural & semi-synthetic),251,false
1999,8,T40.3,Methadone,79,false
1999,8,T40.4,Synthetic opioids excl. methadone (fentanyl),59,false
1999,8,T40.5,Cocaine,397,false
1999,8,T40.7,Cannabis,,false
1999,8,T43.6,"Psychostimulants (methamphetamine, amphetamines, MDMA)",61,false
1999,9,T40.1,Heroin,139,false
1999,9,T40.2,Other opioids (natural & semi-synthetic),219,false
1999,9,T40.3,Methadone,63,false
1999,9,T40.4,Synthetic opioids excl. methadone (fentanyl),68,false
1999,9,T40.5,Cocaine,394,false
1999,9,T40.7,Cannabis,,false
1999,9,T43.6,"Psychostimulants (methamphetamine, amphetamines, MDMA)",60,false
1999,10,T40.1,Heroin,179,false
1999,10,T40.2,Other opioids (natural & semi-synthetic),252,false
1999,10,T40.3,Methadone,80,false
1999,10,T40.4,Synthetic opioids excl. methadone (fentanyl),92,false
1999,10,T40.5,Cocaine,404,false
1999,10,T40.7,Cannabis,,false
1999,10,T43.6,"Psychostimulants (methamphetamine, amphetamines, MDMA)",68,false
1999,11,T40.1,Heroin,141,false
1999,11,T40.2,Other opioids (natural & semi-synthetic),257,false
1999,11,T40.3,Methadone,75,false
1999,11,T40.4,Synthetic opioids excl. methadone (fentanyl),63,false
1999,11,T40.5,Cocaine,360,false
1999,11,T40.7,Cannabis,,false
1999,11,T43.6,"Psychostimulants (methamphetamine, amphetamines, MDMA)",77,false
1999,12,T40.1,Heroin,153,false
1999,12,T40.2,Other opioids (natural & semi-synthetic),248,false
1999,12,T40.3,Methadone,66,false
1999,12,T40.4,Synthetic opioids excl. methadone (fentanyl),49,false
1999,12,T40.5,Cocaine,368,false
1999,12,T40.7,Cannabis,,false
1999,12,T43.6,"Psychostimulants (methamphetamine, amphetamines, MDMA)",52,false
2000,1,T40.1,Heroin,174,false
2000,1,T40.2,Other opioids (natural & semi-synthetic),274,false
2000,1,T40.3,Methadone,90,false
2000,1,T40.4,Synthetic opioids excl. methadone (fentanyl),59,false
2000,1,T40.5,Cocaine,340,false
2000,1,T40.7,Cannabis,,false
2000,1,T43.6,"Psychostimulants (methamphetamine, amphetamines, MDMA)",74,false
2000,2,T40.1,Heroin,181,false
2000,2,T40.2,Other opioids (natural & semi-synthetic),303,false
2000,2,T40.3,Methadone,85,false
2000,2,T40.4,Synthetic opioids excl. methadone (fentanyl),77,false
2000,2,T40.5,Cocaine,343,false
2000,2,T40.7,Cannabis,,false
2000,2,T43.6,"Psychostimulants (methamphetamine, amphetamines, MDMA)",66,false
2000,3,T40.1,Heroin,197,false
2000,3,T40.2,Other opioids (natural & semi-synthetic),286,false
2000,3,T40.3,Methadone,71,false
2000,3,T40.4,Synthetic opioids excl. methadone (fentanyl),79,false
2000,3,T40.5,Cocaine,380,false
2000,3,T40.7,Cannabis,,false
2000,3,T43.6,"Psychostimulants (methamphetamine, amphetamines, MDMA)",60,false
2000,4,T40.1,Heroin,185,false
2000,4,T40.2,Other opioids (natural & semi-synthetic),269,false
2000,4,T40.3,Methadone,96,false
2000,4,T40.4,Synthetic opioids excl. methadone (fentanyl),62,false
2000,4,T40.5,Cocaine,358,false
2000,4,T40.7,Cannabis,,false
2000,4,T43.6,"Psychostimulants (methamphetamine, amphetamines, MDMA)",73,false
2000,5,T40.1,Heroin,214,false
2000,5,T40.2,Other opioids (natural & semi-synthetic),310,false
2000,5,T40.3,Methadone,111,false
2000,5,T40.4,Synthetic opioids excl. methadone (fentanyl),79,false
2000,5,T40.5,Cocaine,402,false
2000,5,T40.7,Cannabis,,false
2000,5,T43.6,"Psychostimulants (methamphetamine, amphetamines, MDMA)",75,false
2000,6,T40.1,Heroin,186,false
2000,6,T40.2,Other opioids (natural & semi-synthetic),268,false
2000,6,T40.3,Methadone,83,false
2000,6,T40.4,Synthetic opioids excl. methadone (fentanyl),69,false
2000,6,T40.5,Cocaine,358,false
2000,6,T40.7,Cannabis,,false
2000,6,T43.6,"Psychostimulants (methamphetamine, amphetamines, MDMA)",64,false
2000,7,T40.1,Heroin,172,false
2000,7,T40.2,Other opioids (natural & semi-synthetic),231,false
2000,7,T40.3,Methadone,91,false
2000,7,T40.4,Synthetic opioids excl. methadone (fentanyl),68,false
2000,7,T40.5,Cocaine,364,false
2000,7,T40.7,Cannabis,,false
2000,7,T43.6,"Psychostimulants (methamphetamine, amphetamines, MDMA)",66,false
2000,8,T40.1,Heroin,158,false
2000,8,T40.2,Other opioids (natural & semi-synthetic),252,false
2000,8,T40.3,Methadone,96,false
2000,8,T40.4,Synthetic opioids excl. methadone (fentanyl),77,false
2000,8,T40.5,Cocaine,328,false
2000,8,T40.7,Cannabis,,false
2000,8,T43.6,"Psychostimulants (methamphetamine, amphetamines, MDMA)",58,false
2000,9,T40.1,Heroin,119,false
2000,9,T40.2,Other opioids (natural & semi-synthetic),224,false
2000,9,T40.3,Methadone,82,false
2000,9,T40.4,Synthetic opioids excl. methadone (fentanyl),59,false
2000,9,T40.5,Cocaine,316,false
2000,9,T40.7,Cannabis,10,false
2000,9,T43.6,"Psychostimulants (methamphetamine, amphetamines, MDMA)",62,false
2000,10,T40.1,Heroin,140,false
2000,10,T40.2,Other opioids (natural & semi-synthetic),210,false
2000,10,T40.3,Methadone,79,false
2000,10,T40.4,Synthetic opioids excl. methadone (fentanyl),48,false
2000,10,T40.5,Cocaine,311,false
2000,10,T40.7,Cannabis,,false
2000,10,T43.6,"Psychostimulants (methamphetamine, amphetamines, MDMA)",43,false
2000,11,T40.1,Heroin,142,false
2000,11,T40.2,Other opioids (natural & semi-synthetic),226,false
2000,11,T40.3,Methadone,83,false
2000,11,T40.4,Synthetic opioids excl. methadone (fentanyl),65,false
2000,11,T40.5,Cocaine,332,false
2000,11,T40.7,Cannabis,,false
2000,11,T43.6,"Psychostimulants (methamphetamine, amphetamines, MDMA)",45,false
2000,12,T40.1,Heroin,131,false
2000,12,T40.2,Other opioids (natural & semi-synthetic),246,false
2000,12,T40.3,Methadone,93,false
2000,12,T40.4,Synthetic opioids excl. methadone (fentanyl),79,false
2000,12,T40.5,Cocaine,362,false
2000,12,T40.7,Cannabis,,false
2000,12,T43.6,"Psychostimulants (methamphetamine, amphetamines, MDMA)",53,false
2001,1,T40.1,Heroin,132,false
2001,1,T40.2,Other opioids (natural & semi-synthetic),286,false
2001,1,T40.3,Methadone,110,false
2001,1,T40.4,Synthetic opioids excl. methadone (fentanyl),68,false
2001,1,T40.5,Cocaine,334,false
2001,1,T40.7,Cannabis,,false
2001,1,T43.6,"Psychostimulants (methamphetamine, amphetamines, MDMA)",43,false
2001,2,T40.1,Heroin,113,false
2001,2,T40.2,Other opioids (natural & semi-synthetic),275,false
2001,2,T40.3,Methadone,100,false
2001,2,T40.4,Synthetic opioids excl. methadone (fentanyl),72,false
2001,2,T40.5,Cocaine,298,false
2001,2,T40.7,Cannabis,,false
2001,2,T43.6,"Psychostimulants (methamphetamine, amphetamines, MDMA)",37,false
2001,3,T40.1,Heroin,158,false
2001,3,T40.2,Other opioids (natural & semi-synthetic),292,false
2001,3,T40.3,Methadone,118,false
2001,3,T40.4,Synthetic opioids excl. methadone (fentanyl),77,false
2001,3,T40.5,Cocaine,378,false
2001,3,T40.7,Cannabis,,false
2001,3,T43.6,"Psychostimulants (methamphetamine, amphetamines, MDMA)",55,false
2001,4,T40.1,Heroin,171,false
2001,4,T40.2,Other opioids (natural & semi-synthetic),308,false
2001,4,T40.3,Methadone,120,false
2001,4,T40.4,Synthetic opioids excl. methadone (fentanyl),95,false
2001,4,T40.5,Cocaine,379,false
2001,4,T40.7,Cannabis,,false
2001,4,T43.6,"Psychostimulants (methamphetamine, amphetamines, MDMA)",64,false
2001,5,T40.1,Heroin,173,false
2001,5,T40.2,Other opioids (natural & semi-synthetic),299,false
2001,5,T40.3,Methadone,137,false
2001,5,T40.4,Synthetic opioids excl. methadone (fentanyl),92,false
2001,5,T40.5,Cocaine,368,false
2001,5,T40.7,Cannabis,,false
2001,5,T43.6,"Psychostimulants (methamphetamine, amphetamines, MDMA)",63,false
2001,6,T40.1,Heroin,176,false
2001,6,T40.2,Other opioids (natural & semi-synthetic),301,false
2001,6,T40.3,Methadone,141,false
2001,6,T40.4,Synthetic opioids excl. methadone (fentanyl),78,false
2001,6,T40.5,Cocaine,374,false
2001,6,T40.7,Cannabis,,false
2001,6,T43.6,"Psychostimulants (methamphetamine, amphetamines, MDMA)",68,false
2001,7,T40.1,Heroin,196,false
2001,7,T40.2,Other opioids (natural & semi-synthetic),343,false
2001,7,T40.3,Methadone,144,false
2001,7,T40.4,Synthetic opioids excl. methadone (fentanyl),97,false
2001,7,T40.5,Cocaine,423,false
2001,7,T40.7,Cannabis,,false
2001,7,T43.6,"Psychostimulants (methamphetamine, amphetamines, MDMA)",61,false
2001,8,T40.1,Heroin,195,false
2001,8,T40.2,Other opioids (natural & semi-synthetic),344,false
2001,8,T40.3,Methadone,145,false
2001,8,T40.4,Synthetic opioids excl. methadone (fentanyl),90,false
2001,8,T40.5,Cocaine,458,false
2001,8,T40.7,Cannabis,,false
2001,8,T43.6,"Psychostimulants (methamphetamine, amphetamines, MDMA)",50,false
2001,9,T40.1,Heroin,124,false
2001,9,T40.2,Other opioids (natural & semi-synthetic),283,false
2001,9,T40.3,Methadone,139,false
2001,9,T40.4,Synthetic opioids excl. methadone (fentanyl),80,false
2001,9,T40.5,Cocaine,398,false
2001,9,T40.7,Cannabis,,false
2001,9,T43.6,"Psychostimulants (methamphetamine, amphetamines, MDMA)",60,false
2001,10,T40.1,Heroin,165,false
2001,10,T40.2,Other opioids (natural & semi-synthetic),322,false
2001,10,T40.3,Methadone,151,false
2001,10,T40.4,Synthetic opioids excl. methadone (fentanyl),85,false
2001,10,T40.5,Cocaine,333,false
2001,10,T40.7,Cannabis,,false
2001,10,T43.6,"Psychostimulants (methamphetamine, amphetamines, MDMA)",62,false
2001,11,T40.1,Heroin,147,false
2001,11,T40.2,Other opioids (natural & semi-synthetic),313,false
2001,11,T40.3,Methadone,111,false
2001,11,T40.4,Synthetic opioids excl. methadone (fentanyl),99,false
2001,11,T40.5,Cocaine,383,false
2001,11,T40.7,Cannabis,,false
2001,11,T43.6,"Psychostimulants (methamphetamine, amphetamines, MDMA)",68,false
2001,12,T40.1,Heroin,156,false
2001,12,T40.2,Other opioids (natural & semi-synthetic),322,false
2001,12,T40.3,Methadone,143,false
2001,12,T40.4,Synthetic opioids excl. methadone (fentanyl),77,false
2001,12,T40.5,Cocaine,392,false
2001,12,T40.7,Cannabis,,false
2001,12,T43.6,"Psychostimulants (methamphetamine, amphetamines, MDMA)",64,false
2002,1,T40.1,Heroin,154,false
2002,1,T40.2,Other opioids (natural & semi-synthetic),406,false
2002,1,T40.3,Methadone,199,false
2002,1,T40.4,Synthetic opioids excl. methadone (fentanyl),117,false
2002,1,T40.5,Cocaine,399,false
2002,1,T40.7,Cannabis,,false
2002,1,T43.6,"Psychostimulants (methamphetamine, amphetamines, MDMA)",94,false
2002,2,T40.1,Heroin,159,false
2002,2,T40.2,Other opioids (natural & semi-synthetic),379,false
2002,2,T40.3,Methadone,166,false
2002,2,T40.4,Synthetic opioids excl. methadone (fentanyl),100,false
2002,2,T40.5,Cocaine,392,false
2002,2,T40.7,Cannabis,,false
2002,2,T43.6,"Psychostimulants (methamphetamine, amphetamines, MDMA)",100,false
2002,3,T40.1,Heroin,212,false
2002,3,T40.2,Other opioids (natural & semi-synthetic),407,false
2002,3,T40.3,Methadone,201,false
2002,3,T40.4,Synthetic opioids excl. methadone (fentanyl),124,false
2002,3,T40.5,Cocaine,471,false
2002,3,T40.7,Cannabis,,false
2002,3,T43.6,"Psychostimulants (methamphetamine, amphetamines, MDMA)",94,false
2002,4,T40.1,Heroin,204,false
2002,4,T40.2,Other opioids (natural & semi-synthetic),412,false
2002,4,T40.3,Methadone,202,false
2002,4,T40.4,Synthetic opioids excl. methadone (fentanyl),109,false
2002,4,T40.5,Cocaine,451,false
2002,4,T40.7,Cannabis,,false
2002,4,T43.6,"Psychostimulants (methamphetamine, amphetamines, MDMA)",86,false
2002,5,T40.1,Heroin,208,false
2002,5,T40.2,Other opioids (natural & semi-synthetic),421,false
2002,5,T40.3,Methadone,213,false
2002,5,T40.4,Synthetic opioids excl. methadone (fentanyl),128,false
2002,5,T40.5,Cocaine,491,false
2002,5,T40.7,Cannabis,,false
2002,5,T43.6,"Psychostimulants (methamphetamine, amphetamines, MDMA)",103,false
2002,6,T40.1,Heroin,199,false
2002,6,T40.2,Other opioids (natural & semi-synthetic),394,false
2002,6,T40.3,Methadone,195,false
2002,6,T40.4,Synthetic opioids excl. methadone (fentanyl),112,false
2002,6,T40.5,Cocaine,451,false
2002,6,T40.7,Cannabis,,false
2002,6,T43.6,"Psychostimulants (methamphetamine, amphetamines, MDMA)",98,false
2002,7,T40.1,Heroin,197,false
2002,7,T40.2,Other opioids (natural & semi-synthetic),392,false
2002,7,T40.3,Methadone,223,false
2002,7,T40.4,Synthetic opioids excl. methadone (fentanyl),110,false
2002,7,T40.5,Cocaine,486,false
2002,7,T40.7,Cannabis,,false
2002,7,T43.6,"Psychostimulants (methamphetamine, amphetamines, MDMA)",113,false
2002,8,T40.1,Heroin,208,false
2002,8,T40.2,Other opioids (natural & semi-synthetic),376,false
2002,8,T40.3,Methadone,189,false
2002,8,T40.4,Synthetic opioids excl. methadone (fentanyl),108,false
2002,8,T40.5,Cocaine,509,false
2002,8,T40.7,Cannabis,,false
2002,8,T43.6,"Psychostimulants (methamphetamine, amphetamines, MDMA)",111,false
2002,9,T40.1,Heroin,149,false
2002,9,T40.2,Other opioids (natural & semi-synthetic),352,false
2002,9,T40.3,Methadone,197,false
2002,9,T40.4,Synthetic opioids excl. methadone (fentanyl),113,false
2002,9,T40.5,Cocaine,413,false
2002,9,T40.7,Cannabis,11,false
2002,9,T43.6,"Psychostimulants (methamphetamine, amphetamines, MDMA)",136,false
2002,10,T40.1,Heroin,193,false
2002,10,T40.2,Other opioids (natural & semi-synthetic),375,false
2002,10,T40.3,Methadone,226,false
2002,10,T40.4,Synthetic opioids excl. methadone (fentanyl),108,false
2002,10,T40.5,Cocaine,455,false
2002,10,T40.7,Cannabis,,false
2002,10,T43.6,"Psychostimulants (methamphetamine, amphetamines, MDMA)",97,false
2002,11,T40.1,Heroin,167,false
2002,11,T40.2,Other opioids (natural & semi-synthetic),413,false
2002,11,T40.3,Methadone,232,false
2002,11,T40.4,Synthetic opioids excl. methadone (fentanyl),122,false
2002,11,T40.5,Cocaine,440,false
2002,11,T40.7,Cannabis,,false
2002,11,T43.6,"Psychostimulants (methamphetamine, amphetamines, MDMA)",104,false
2002,12,T40.1,Heroin,169,false
2002,12,T40.2,Other opioids (natural & semi-synthetic),380,false
2002,12,T40.3,Methadone,228,false
2002,12,T40.4,Synthetic opioids excl. methadone (fentanyl),115,false
2002,12,T40.5,Cocaine,429,false
2002,12,T40.7,Cannabis,,false
2002,12,T43.6,"Psychostimulants (methamphetamine, amphetamines, MDMA)",109,false
2003,1,T40.1,Heroin,194,false
2003,1,T40.2,Other opioids (natural & semi-synthetic),469,false
2003,1,T40.3,Methadone,247,false
2003,1,T40.4,Synthetic opioids excl. methadone (fentanyl),126,false
2003,1,T40.5,Cocaine,510,false
2003,1,T40.7,Cannabis,,false
2003,1,T43.6,"Psychostimulants (methamphetamine, amphetamines, MDMA)",110,false
2003,2,T40.1,Heroin,178,false
2003,2,T40.2,Other opioids (natural & semi-synthetic),414,false
2003,2,T40.3,Methadone,228,false
2003,2,T40.4,Synthetic opioids excl. methadone (fentanyl),124,false
2003,2,T40.5,Cocaine,501,false
2003,2,T40.7,Cannabis,,false
2003,2,T43.6,"Psychostimulants (methamphetamine, amphetamines, MDMA)",102,false
2003,3,T40.1,Heroin,181,false
2003,3,T40.2,Other opioids (natural & semi-synthetic),460,false
2003,3,T40.3,Methadone,253,false
2003,3,T40.4,Synthetic opioids excl. methadone (fentanyl),135,false
2003,3,T40.5,Cocaine,552,false
2003,3,T40.7,Cannabis,,false
2003,3,T43.6,"Psychostimulants (methamphetamine, amphetamines, MDMA)",119,false
2003,4,T40.1,Heroin,186,false
2003,4,T40.2,Other opioids (natural & semi-synthetic),419,false
2003,4,T40.3,Methadone,255,false
2003,4,T40.4,Synthetic opioids excl. methadone (fentanyl),114,false
2003,4,T40.5,Cocaine,499,false
2003,4,T40.7,Cannabis,,false
2003,4,T43.6,"Psychostimulants (methamphetamine, amphetamines, MDMA)",110,false
2003,5,T40.1,Heroin,232,false
2003,5,T40.2,Other opioids (natural & semi-synthetic),431,false
2003,5,T40.3,Methadone,243,false
2003,5,T40.4,Synthetic opioids excl. methadone (fentanyl),112,false
2003,5,T40.5,Cocaine,569,false
2003,5,T40.7,Cannabis,,false
2003,5,T43.6,"Psychostimulants (methamphetamine, amphetamines, MDMA)",132,false
2003,6,T40.1,Heroin,173,false
2003,6,T40.2,Other opioids (natural & semi-synthetic),446,false
2003,6,T40.3,Methadone,265,false
2003,6,T40.4,Synthetic opioids excl. methadone (fentanyl),96,false
2003,6,T40.5,Cocaine,517,false
2003,6,T40.7,Cannabis,,false
2003,6,T43.6,"Psychostimulants (methamphetamine, amphetamines, MDMA)",128,false
2003,7,T40.1,Heroin,198,false
2003,7,T40.2,Other opioids (natural & semi-synthetic),426,false
2003,7,T40.3,Methadone,303,false
2003,7,T40.4,Synthetic opioids excl. methadone (fentanyl),146,false
2003,7,T40.5,Cocaine,556,false
2003,7,T40.7,Cannabis,10,false
2003,7,T43.6,"Psychostimulants (methamphetamine, amphetamines, MDMA)",147,false
2003,8,T40.1,Heroin,175,false
2003,8,T40.2,Other opioids (natural & semi-synthetic),401,false
2003,8,T40.3,Methadone,285,false
2003,8,T40.4,Synthetic opioids excl. methadone (fentanyl),121,false
2003,8,T40.5,Cocaine,520,false
2003,8,T40.7,Cannabis,,false
2003,8,T43.6,"Psychostimulants (methamphetamine, amphetamines, MDMA)",135,false
2003,9,T40.1,Heroin,177,false
2003,9,T40.2,Other opioids (natural & semi-synthetic),398,false
2003,9,T40.3,Methadone,243,false
2003,9,T40.4,Synthetic opioids excl. methadone (fentanyl),123,false
2003,9,T40.5,Cocaine,501,false
2003,9,T40.7,Cannabis,11,false
2003,9,T43.6,"Psychostimulants (methamphetamine, amphetamines, MDMA)",137,false
2003,10,T40.1,Heroin,184,false
2003,10,T40.2,Other opioids (natural & semi-synthetic),435,false
2003,10,T40.3,Methadone,253,false
2003,10,T40.4,Synthetic opioids excl. methadone (fentanyl),115,false
2003,10,T40.5,Cocaine,493,false
2003,10,T40.7,Cannabis,,false
2003,10,T43.6,"Psychostimulants (methamphetamine, amphetamines, MDMA)",130,false
2003,11,T40.1,Heroin,160,false
2003,11,T40.2,Other opioids (natural & semi-synthetic),423,false
2003,11,T40.3,Methadone,257,false
2003,11,T40.4,Synthetic opioids excl. methadone (fentanyl),132,false
2003,11,T40.5,Cocaine,437,false
2003,11,T40.7,Cannabis,,false
2003,11,T43.6,"Psychostimulants (methamphetamine, amphetamines, MDMA)",139,false
2003,12,T40.1,Heroin,167,false
2003,12,T40.2,Other opioids (natural & semi-synthetic),440,false
2003,12,T40.3,Methadone,285,false
2003,12,T40.4,Synthetic opioids excl. methadone (fentanyl),126,false
2003,12,T40.5,Cocaine,444,false
2003,12,T40.7,Cannabis,,false
2003,12,T43.6,"Psychostimulants (methamphetamine, amphetamines, MDMA)",128,false
2004,1,T40.1,Heroin,172,false
2004,1,T40.2,Other opioids (natural & semi-synthetic),450,false
2004,1,T40.3,Methadone,321,false
2004,1,T40.4,Synthetic opioids excl. methadone (fentanyl),128,false
2004,1,T40.5,Cocaine,533,false
2004,1,T40.7,Cannabis,,false
2004,1,T43.6,"Psychostimulants (methamphetamine, amphetamines, MDMA)",111,false
2004,2,T40.1,Heroin,178,false
2004,2,T40.2,Other opioids (natural & semi-synthetic),430,false
2004,2,T40.3,Methadone,314,false
2004,2,T40.4,Synthetic opioids excl. methadone (fentanyl),150,false
2004,2,T40.5,Cocaine,544,false
2004,2,T40.7,Cannabis,11,false
2004,2,T43.6,"Psychostimulants (methamphetamine, amphetamines, MDMA)",132,false
2004,3,T40.1,Heroin,186,false
2004,3,T40.2,Other opioids (natural & semi-synthetic),513,false
2004,3,T40.3,Methadone,326,false
2004,3,T40.4,Synthetic opioids excl. methadone (fentanyl),167,false
2004,3,T40.5,Cocaine,576,false
2004,3,T40.7,Cannabis,12,false
2004,3,T43.6,"Psychostimulants (methamphetamine, amphetamines, MDMA)",150,false
2004,4,T40.1,Heroin,165,false
2004,4,T40.2,Other opioids (natural & semi-synthetic),462,false
2004,4,T40.3,Methadone,315,false
2004,4,T40.4,Synthetic opioids excl. methadone (fentanyl),136,false
2004,4,T40.5,Cocaine,499,false
2004,4,T40.7,Cannabis,,false
2004,4,T43.6,"Psychostimulants (methamphetamine, amphetamines, MDMA)",140,false
2004,5,T40.1,Heroin,179,false
2004,5,T40.2,Other opioids (natural & semi-synthetic),503,false
2004,5,T40.3,Methadone,381,false
2004,5,T40.4,Synthetic opioids excl. methadone (fentanyl),163,false
2004,5,T40.5,Cocaine,536,false
2004,5,T40.7,Cannabis,13,false
2004,5,T43.6,"Psychostimulants (methamphetamine, amphetamines, MDMA)",121,false
2004,6,T40.1,Heroin,175,false
2004,6,T40.2,Other opioids (natural & semi-synthetic),447,false
2004,6,T40.3,Methadone,329,false
2004,6,T40.4,Synthetic opioids excl. methadone (fentanyl),130,false
2004,6,T40.5,Cocaine,536,false
2004,6,T40.7,Cannabis,13,false
2004,6,T43.6,"Psychostimulants (methamphetamine, amphetamines, MDMA)",154,false
2004,7,T40.1,Heroin,179,false
2004,7,T40.2,Other opioids (natural & semi-synthetic),444,false
2004,7,T40.3,Methadone,348,false
2004,7,T40.4,Synthetic opioids excl. methadone (fentanyl),157,false
2004,7,T40.5,Cocaine,598,false
2004,7,T40.7,Cannabis,10,false
2004,7,T43.6,"Psychostimulants (methamphetamine, amphetamines, MDMA)",138,false
2004,8,T40.1,Heroin,162,false
2004,8,T40.2,Other opioids (natural & semi-synthetic),459,false
2004,8,T40.3,Methadone,357,false
2004,8,T40.4,Synthetic opioids excl. methadone (fentanyl),122,false
2004,8,T40.5,Cocaine,536,false
2004,8,T40.7,Cannabis,16,false
2004,8,T43.6,"Psychostimulants (methamphetamine, amphetamines, MDMA)",171,false
2004,9,T40.1,Heroin,170,false
2004,9,T40.2,Other opioids (natural & semi-synthetic),446,false
2004,9,T40.3,Methadone,331,false
2004,9,T40.4,Synthetic opioids excl. methadone (fentanyl),138,false
2004,9,T40.5,Cocaine,467,false
2004,9,T40.7,Cannabis,,false
2004,9,T43.6,"Psychostimulants (methamphetamine, amphetamines, MDMA)",131,false
2004,10,T40.1,Heroin,143,false
2004,10,T40.2,Other opioids (natural & semi-synthetic),457,false
2004,10,T40.3,Methadone,338,false
2004,10,T40.4,Synthetic opioids excl. methadone (fentanyl),161,false
2004,10,T40.5,Cocaine,520,false
2004,10,T40.7,Cannabis,,false
2004,10,T43.6,"Psychostimulants (methamphetamine, amphetamines, MDMA)",161,false
2004,11,T40.1,Heroin,138,false
2004,11,T40.2,Other opioids (natural & semi-synthetic),468,false
2004,11,T40.3,Methadone,315,false
2004,11,T40.4,Synthetic opioids excl. methadone (fentanyl),123,false
2004,11,T40.5,Cocaine,513,false
2004,11,T40.7,Cannabis,,false
2004,11,T43.6,"Psychostimulants (methamphetamine, amphetamines, MDMA)",128,false
2004,12,T40.1,Heroin,162,false
2004,12,T40.2,Other opioids (natural & semi-synthetic),479,false
2004,12,T40.3,Methadone,356,false
2004,12,T40.4,Synthetic opioids excl. methadone (fentanyl),144,false
2004,12,T40.5,Cocaine,540,false
2004,12,T40.7,Cannabis,12,false
2004,12,T43.6,"Psychostimulants (methamphetamine, amphetamines, MDMA)",120,false
2005,1,T40.1,Heroin,166,false
2005,1,T40.2,Other opioids (natural & semi-synthetic),535,false
2005,1,T40.3,Methadone,400,false
2005,1,T40.4,Synthetic opioids excl. methadone (fentanyl),151,false
2005,1,T40.5,Cocaine,570,false
2005,1,T40.7,Cannabis,,false
2005,1,T43.6,"Psychostimulants (methamphetamine, amphetamines, MDMA)",183,false
2005,2,T40.1,Heroin,159,false
2005,2,T40.2,Other opioids (natural & semi-synthetic),494,false
2005,2,T40.3,Methadone,366,false
2005,2,T40.4,Synthetic opioids excl. methadone (fentanyl),174,false
2005,2,T40.5,Cocaine,528,false
2005,2,T40.7,Cannabis,,false
2005,2,T43.6,"Psychostimulants (methamphetamine, amphetamines, MDMA)",170,false
2005,3,T40.1,Heroin,190,false
2005,3,T40.2,Other opioids (natural & semi-synthetic),557,false
2005,3,T40.3,Methadone,406,false
2005,3,T40.4,Synthetic opioids excl. methadone (fentanyl),177,false
2005,3,T40.5,Cocaine,635,false
2005,3,T40.7,Cannabis,14,false
2005,3,T43.6,"Psychostimulants (methamphetamine, amphetamines, MDMA)",155,false
2005,4,T40.1,Heroin,204,false
2005,4,T40.2,Other opioids (natural & semi-synthetic),508,false
2005,4,T40.3,Methadone,396,false
2005,4,T40.4,Synthetic opioids excl. methadone (fentanyl),150,false
2005,4,T40.5,Cocaine,662,false
2005,4,T40.7,Cannabis,14,false
2005,4,T43.6,"Psychostimulants (methamphetamine, amphetamines, MDMA)",150,false
2005,5,T40.1,Heroin,167,false
2005,5,T40.2,Other opioids (natural & semi-synthetic),526,false
2005,5,T40.3,Methadone,392,false
2005,5,T40.4,Synthetic opioids excl. methadone (fentanyl),144,false
2005,5,T40.5,Cocaine,600,false
2005,5,T40.7,Cannabis,,false
2005,5,T43.6,"Psychostimulants (methamphetamine, amphetamines, MDMA)",186,false
2005,6,T40.1,Heroin,156,false
2005,6,T40.2,Other opioids (natural & semi-synthetic),479,false
2005,6,T40.3,Methadone,360,false
2005,6,T40.4,Synthetic opioids excl. methadone (fentanyl),136,false
2005,6,T40.5,Cocaine,584,false
2005,6,T40.7,Cannabis,11,false
2005,6,T43.6,"Psychostimulants (methamphetamine, amphetamines, MDMA)",160,false
2005,7,T40.1,Heroin,195,false
2005,7,T40.2,Other opioids (natural & semi-synthetic),519,false
2005,7,T40.3,Methadone,384,false
2005,7,T40.4,Synthetic opioids excl. methadone (fentanyl),123,false
2005,7,T40.5,Cocaine,677,false
2005,7,T40.7,Cannabis,12,false
2005,7,T43.6,"Psychostimulants (methamphetamine, amphetamines, MDMA)",212,false
2005,8,T40.1,Heroin,160,false
2005,8,T40.2,Other opioids (natural & semi-synthetic),470,false
2005,8,T40.3,Methadone,352,false
2005,8,T40.4,Synthetic opioids excl. methadone (fentanyl),122,false
2005,8,T40.5,Cocaine,592,false
2005,8,T40.7,Cannabis,14,false
2005,8,T43.6,"Psychostimulants (methamphetamine, amphetamines, MDMA)",214,false
2005,9,T40.1,Heroin,199,false
2005,9,T40.2,Other opioids (natural & semi-synthetic),471,false
2005,9,T40.3,Methadone,370,false
2005,9,T40.4,Synthetic opioids excl. methadone (fentanyl),147,false
2005,9,T40.5,Cocaine,608,false
2005,9,T40.7,Cannabis,14,false
2005,9,T43.6,"Psychostimulants (methamphetamine, amphetamines, MDMA)",172,false
2005,10,T40.1,Heroin,180,false
2005,10,T40.2,Other opioids (natural & semi-synthetic),488,false
2005,10,T40.3,Methadone,413,false
2005,10,T40.4,Synthetic opioids excl. methadone (fentanyl),153,false
2005,10,T40.5,Cocaine,636,false
2005,10,T40.7,Cannabis,10,false
2005,10,T43.6,"Psychostimulants (methamphetamine, amphetamines, MDMA)",146,false
2005,11,T40.1,Heroin,178,false
2005,11,T40.2,Other opioids (natural & semi-synthetic),525,false
2005,11,T40.3,Methadone,401,false
2005,11,T40.4,Synthetic opioids excl. methadone (fentanyl),156,false
2005,11,T40.5,Cocaine,569,false
2005,11,T40.7,Cannabis,21,false
2005,11,T43.6,"Psychostimulants (methamphetamine, amphetamines, MDMA)",146,false
2005,12,T40.1,Heroin,200,false
2005,12,T40.2,Other opioids (natural & semi-synthetic),530,false
2005,12,T40.3,Methadone,398,false
2005,12,T40.4,Synthetic opioids excl. methadone (fentanyl),175,false
2005,12,T40.5,Cocaine,622,false
2005,12,T40.7,Cannabis,,false
2005,12,T43.6,"Psychostimulants (methamphetamine, amphetamines, MDMA)",129,false
2006,1,T40.1,Heroin,176,false
2006,1,T40.2,Other opioids (natural & semi-synthetic),612,false
2006,1,T40.3,Methadone,449,false
2006,1,T40.4,Synthetic opioids excl. methadone (fentanyl),176,false
2006,1,T40.5,Cocaine,696,false
2006,1,T40.7,Cannabis,16,false
2006,1,T43.6,"Psychostimulants (methamphetamine, amphetamines, MDMA)",133,false
2006,2,T40.1,Heroin,192,false
2006,2,T40.2,Other opioids (natural & semi-synthetic),546,false
2006,2,T40.3,Methadone,421,false
2006,2,T40.4,Synthetic opioids excl. methadone (fentanyl),191,false
2006,2,T40.5,Cocaine,626,false
2006,2,T40.7,Cannabis,11,false
2006,2,T43.6,"Psychostimulants (methamphetamine, amphetamines, MDMA)",120,false
2006,3,T40.1,Heroin,189,false
2006,3,T40.2,Other opioids (natural & semi-synthetic),653,false
2006,3,T40.3,Methadone,468,false
2006,3,T40.4,Synthetic opioids excl. methadone (fentanyl),213,false
2006,3,T40.5,Cocaine,766,false
2006,3,T40.7,Cannabis,16,false
2006,3,T43.6,"Psychostimulants (methamphetamine, amphetamines, MDMA)",134,false
2006,4,T40.1,Heroin,188,false
2006,4,T40.2,Other opioids (natural & semi-synthetic),622,false
2006,4,T40.3,Methadone,467,false
2006,4,T40.4,Synthetic opioids excl. methadone (fentanyl),221,false
2006,4,T40.5,Cocaine,709,false
2006,4,T40.7,Cannabis,16,false
2006,4,T43.6,"Psychostimulants (methamphetamine, amphetamines, MDMA)",124,false
2006,5,T40.1,Heroin,209,false
2006,5,T40.2,Other opioids (natural & semi-synthetic),670,false
2006,5,T40.3,Methadone,476,false
2006,5,T40.4,Synthetic opioids excl. methadone (fentanyl),287,false
2006,5,T40.5,Cocaine,719,false
2006,5,T40.7,Cannabis,17,false
2006,5,T43.6,"Psychostimulants (methamphetamine, amphetamines, MDMA)",163,false
2006,6,T40.1,Heroin,178,false
2006,6,T40.2,Other opioids (natural & semi-synthetic),598,false
2006,6,T40.3,Methadone,482,false
2006,6,T40.4,Synthetic opioids excl. methadone (fentanyl),286,false
2006,6,T40.5,Cocaine,733,false
2006,6,T40.7,Cannabis,10,false
2006,6,T43.6,"Psychostimulants (methamphetamine, amphetamines, MDMA)",156,false
2006,7,T40.1,Heroin,203,false
2006,7,T40.2,Other opioids (natural & semi-synthetic),635,false
2006,7,T40.3,Methadone,526,false
2006,7,T40.4,Synthetic opioids excl. methadone (fentanyl),285,false
2006,7,T40.5,Cocaine,827,false
2006,7,T40.7,Cannabis,13,false
2006,7,T43.6,"Psychostimulants (methamphetamine, amphetamines, MDMA)",205,false
2006,8,T40.1,Heroin,171,false
2006,8,T40.2,Other opioids (natural & semi-synthetic),607,false
2006,8,T40.3,Methadone,460,false
2006,8,T40.4,Synthetic opioids excl. methadone (fentanyl),256,false
2006,8,T40.5,Cocaine,756,false
2006,8,T40.7,Cannabis,,false
2006,8,T43.6,"Psychostimulants (methamphetamine, amphetamines, MDMA)",181,false
2006,9,T40.1,Heroin,171,false
2006,9,T40.2,Other opioids (natural & semi-synthetic),606,false
2006,9,T40.3,Methadone,496,false
2006,9,T40.4,Synthetic opioids excl. methadone (fentanyl),237,false
2006,9,T40.5,Cocaine,677,false
2006,9,T40.7,Cannabis,17,false
2006,9,T43.6,"Psychostimulants (methamphetamine, amphetamines, MDMA)",149,false
2006,10,T40.1,Heroin,178,false
2006,10,T40.2,Other opioids (natural & semi-synthetic),604,false
2006,10,T40.3,Methadone,485,false
2006,10,T40.4,Synthetic opioids excl. methadone (fentanyl),263,false
2006,10,T40.5,Cocaine,714,false
2006,10,T40.7,Cannabis,16,false
2006,10,T43.6,"Psychostimulants (methamphetamine, amphetamines, MDMA)",150,false
2006,11,T40.1,Heroin,151,false
2006,11,T40.2,Other opioids (natural & semi-synthetic),629,false
2006,11,T40.3,Methadone,453,false
2006,11,T40.4,Synthetic opioids excl. methadone (fentanyl),229,false
2006,11,T40.5,Cocaine,690,false
2006,11,T40.7,Cannabis,14,false
2006,11,T43.6,"Psychostimulants (methamphetamine, amphetamines, MDMA)",169,false
2006,12,T40.1,Heroin,186,false
2006,12,T40.2,Other opioids (natural & semi-synthetic),620,false
2006,12,T40.3,Methadone,450,false
2006,12,T40.4,Synthetic opioids excl. methadone (fentanyl),195,false
2006,12,T40.5,Cocaine,678,false
2006,12,T40.7,Cannabis,,false
2006,12,T43.6,"Psychostimulants (methamphetamine, amphetamines, MDMA)",164,false
2007,1,T40.1,Heroin,179,false
2007,1,T40.2,Other opioids (natural & semi-synthetic),706,false
2007,1,T40.3,Methadone,499,false
2007,1,T40.4,Synthetic opioids excl. methadone (fentanyl),197,false
2007,1,T40.5,Cocaine,633,false
2007,1,T40.7,Cannabis,,false
2007,1,T43.6,"Psychostimulants (methamphetamine, amphetamines, MDMA)",188,false
2007,2,T40.1,Heroin,137,false
2007,2,T40.2,Other opioids (natural & semi-synthetic),668,false
2007,2,T40.3,Methadone,471,false
2007,2,T40.4,Synthetic opioids excl. methadone (fentanyl),193,false
2007,2,T40.5,Cocaine,625,false
2007,2,T40.7,Cannabis,15,false
2007,2,T43.6,"Psychostimulants (methamphetamine, amphetamines, MDMA)",178,false
2007,3,T40.1,Heroin,207,false
2007,3,T40.2,Other opioids (natural & semi-synthetic),774,false
2007,3,T40.3,Methadone,508,false
2007,3,T40.4,Synthetic opioids excl. methadone (fentanyl),214,false
2007,3,T40.5,Cocaine,640,false
2007,3,T40.7,Cannabis,,false
2007,3,T43.6,"Psychostimulants (methamphetamine, amphetamines, MDMA)",195,false
2007,4,T40.1,Heroin,216,false
2007,4,T40.2,Other opioids (natural & semi-synthetic),695,false
2007,4,T40.3,Methadone,494,false
2007,4,T40.4,Synthetic opioids excl. methadone (fentanyl),187,false
2007,4,T40.5,Cocaine,657,false
2007,4,T40.7,Cannabis,19,false
2007,4,T43.6,"Psychostimulants (methamphetamine, amphetamines, MDMA)",158,false
2007,5,T40.1,Heroin,192,false
2007,5,T40.2,Other opioids (natural & semi-synthetic),698,false
2007,5,T40.3,Methadone,466,false
2007,5,T40.4,Synthetic opioids excl. methadone (fentanyl),204,false
2007,5,T40.5,Cocaine,601,false
2007,5,T40.7,Cannabis,15,false
2007,5,T43.6,"Psychostimulants (methamphetamine, amphetamines, MDMA)",138,false
2007,6,T40.1,Heroin,224,false
2007,6,T40.2,Other opioids (natural & semi-synthetic),712,false
2007,6,T40.3,Methadone,459,false
2007,6,T40.4,Synthetic opioids excl. methadone (fentanyl),175,false
2007,6,T40.5,Cocaine,620,false
2007,6,T40.7,Cannabis,19,false
2007,6,T43.6,"Psychostimulants (methamphetamine, amphetamines, MDMA)",118,false
2007,7,T40.1,Heroin,198,false
2007,7,T40.2,Other opioids (natural & semi-synthetic),672,false
2007,7,T40.3,Methadone,461,false
2007,7,T40.4,Synthetic opioids excl. methadone (fentanyl),187,false
2007,7,T40.5,Cocaine,611,false
2007,7,T40.7,Cannabis,14,false
2007,7,T43.6,"Psychostimulants (methamphetamine, amphetamines, MDMA)",140,false
2007,8,T40.1,Heroin,218,false
2007,8,T40.2,Other opioids (natural & semi-synthetic),730,false
2007,8,T40.3,Methadone,464,false
2007,8,T40.4,Synthetic opioids excl. methadone (fentanyl),174,false
2007,8,T40.5,Cocaine,622,false
2007,8,T40.7,Cannabis,16,false
2007,8,T43.6,"Psychostimulants (methamphetamine, amphetamines, MDMA)",132,false
2007,9,T40.1,Heroin,220,false
2007,9,T40.2,Other opioids (natural & semi-synthetic),688,false
2007,9,T40.3,Methadone,465,false
2007,9,T40.4,Synthetic opioids excl. methadone (fentanyl),178,false
2007,9,T40.5,Cocaine,579,false
2007,9,T40.7,Cannabis,15,false
2007,9,T43.6,"Psychostimulants (methamphetamine, amphetamines, MDMA)",143,false
2007,10,T40.1,Heroin,223,false
2007,10,T40.2,Other opioids (natural & semi-synthetic),713,false
2007,10,T40.3,Methadone,468,false
2007,10,T40.4,Synthetic opioids excl. methadone (fentanyl),185,false
2007,10,T40.5,Cocaine,613,false
2007,10,T40.7,Cannabis,13,false
2007,10,T43.6,"Psychostimulants (methamphetamine, amphetamines, MDMA)",129,false
2007,11,T40.1,Heroin,204,false
2007,11,T40.2,Other opioids (natural & semi-synthetic),707,false
2007,11,T40.3,Methadone,452,false
2007,11,T40.4,Synthetic opioids excl. methadone (fentanyl),199,false
2007,11,T40.5,Cocaine,616,false
2007,11,T40.7,Cannabis,13,false
2007,11,T43.6,"Psychostimulants (methamphetamine, amphetamines, MDMA)",106,false
2007,12,T40.1,Heroin,225,false
2007,12,T40.2,Other opioids (natural & semi-synthetic),769,false
2007,12,T40.3,Methadone,491,false
2007,12,T40.4,Synthetic opioids excl. methadone (fentanyl),204,false
2007,12,T40.5,Cocaine,646,false
2007,12,T40.7,Cannabis,20,false
2007,12,T43.6,"Psychostimulants (methamphetamine, amphetamines, MDMA)",99,false
2008,1,T40.1,Heroin,224,false
2008,1,T40.2,Other opioids (natural & semi-synthetic),813,false
2008,1,T40.3,Methadone,458,false
2008,1,T40.4,Synthetic opioids excl. methadone (fentanyl),201,false
2008,1,T40.5,Cocaine,553,false
2008,1,T40.7,Cannabis,22,false
2008,1,T43.6,"Psychostimulants (methamphetamine, amphetamines, MDMA)",111,false
2008,2,T40.1,Heroin,266,false
2008,2,T40.2,Other opioids (natural & semi-synthetic),783,false
2008,2,T40.3,Methadone,495,false
2008,2,T40.4,Synthetic opioids excl. methadone (fentanyl),191,false
2008,2,T40.5,Cocaine,617,false
2008,2,T40.7,Cannabis,22,false
2008,2,T43.6,"Psychostimulants (methamphetamine, amphetamines, MDMA)",129,false
2008,3,T40.1,Heroin,240,false
2008,3,T40.2,Other opioids (natural & semi-synthetic),830,false
2008,3,T40.3,Methadone,430,false
2008,3,T40.4,Synthetic opioids excl. methadone (fentanyl),212,false
2008,3,T40.5,Cocaine,582,false
2008,3,T40.7,Cannabis,13,false
2008,3,T43.6,"Psychostimulants (methamphetamine, amphetamines, MDMA)",125,false
2008,4,T40.1,Heroin,240,false
2008,4,T40.2,Other opioids (natural & semi-synthetic),792,false
2008,4,T40.3,Methadone,435,false
2008,4,T40.4,Synthetic opioids excl. methadone (fentanyl),191,false
2008,4,T40.5,Cocaine,628,false
2008,4,T40.7,Cannabis,12,false
2008,4,T43.6,"Psychostimulants (methamphetamine, amphetamines, MDMA)",110,false
2008,5,T40.1,Heroin,247,false
2008,5,T40.2,Other opioids (natural & semi-synthetic),839,false
2008,5,T40.3,Methadone,463,false
2008,5,T40.4,Synthetic opioids excl. methadone (fentanyl),218,false
2008,5,T40.5,Cocaine,594,false
2008,5,T40.7,Cannabis,16,false
2008,5,T43.6,"Psychostimulants (methamphetamine, amphetamines, MDMA)",117,false
2008,6,T40.1,Heroin,279,false
2008,6,T40.2,Other opioids (natural & semi-synthetic),691,false
2008,6,T40.3,Methadone,412,false
2008,6,T40.4,Synthetic opioids excl. methadone (fentanyl),192,false
2008,6,T40.5,Cocaine,524,false
2008,6,T40.7,Cannabis,13,false
2008,6,T43.6,"Psychostimulants (methamphetamine, amphetamines, MDMA)",136,false
2008,7,T40.1,Heroin,292,false
2008,7,T40.2,Other opioids (natural & semi-synthetic),773,false
2008,7,T40.3,Methadone,366,false
2008,7,T40.4,Synthetic opioids excl. methadone (fentanyl),202,false
2008,7,T40.5,Cocaine,437,false
2008,7,T40.7,Cannabis,,false
2008,7,T43.6,"Psychostimulants (methamphetamine, amphetamines, MDMA)",151,false
2008,8,T40.1,Heroin,272,false
2008,8,T40.2,Other opioids (natural & semi-synthetic),789,false
2008,8,T40.3,Methadone,372,false
2008,8,T40.4,Synthetic opioids excl. methadone (fentanyl),186,false
2008,8,T40.5,Cocaine,417,false
2008,8,T40.7,Cannabis,,false
2008,8,T43.6,"Psychostimulants (methamphetamine, amphetamines, MDMA)",140,false
2008,9,T40.1,Heroin,253,false
2008,9,T40.2,Other opioids (natural & semi-synthetic),746,false
2008,9,T40.3,Methadone,416,false
2008,9,T40.4,Synthetic opioids excl. methadone (fentanyl),185,false
2008,9,T40.5,Cocaine,399,false
2008,9,T40.7,Cannabis,13,false
2008,9,T43.6,"Psychostimulants (methamphetamine, amphetamines, MDMA)",133,false
2008,10,T40.1,Heroin,250,false
2008,10,T40.2,Other opioids (natural & semi-synthetic),828,false
2008,10,T40.3,Methadone,400,false
2008,10,T40.4,Synthetic opioids excl. methadone (fentanyl),190,false
2008,10,T40.5,Cocaine,380,false
2008,10,T40.7,Cannabis,16,false
2008,10,T43.6,"Psychostimulants (methamphetamine, amphetamines, MDMA)",144,false
2008,11,T40.1,Heroin,264,false
2008,11,T40.2,Other opioids (natural & semi-synthetic),790,false
2008,11,T40.3,Methadone,415,false
2008,11,T40.4,Synthetic opioids excl. methadone (fentanyl),196,false
2008,11,T40.5,Cocaine,339,false
2008,11,T40.7,Cannabis,12,false
2008,11,T43.6,"Psychostimulants (methamphetamine, amphetamines, MDMA)",111,false
2008,12,T40.1,Heroin,259,false
2008,12,T40.2,Other opioids (natural & semi-synthetic),841,false
2008,12,T40.3,Methadone,443,false
2008,12,T40.4,Synthetic opioids excl. methadone (fentanyl),213,false
2008,12,T40.5,Cocaine,395,false
2008,12,T40.7,Cannabis,16,false
2008,12,T43.6,"Psychostimulants (methamphetamine, amphetamines, MDMA)",153,false
2009,1,T40.1,Heroin,263,false
2009,1,T40.2,Other opioids (natural & semi-synthetic),907,false
2009,1,T40.3,Methadone,433,false
2009,1,T40.4,Synthetic opioids excl. methadone (fentanyl),280,false
2009,1,T40.5,Cocaine,406,false
2009,1,T40.7,Cannabis,11,false
2009,1,T43.6,"Psychostimulants (methamphetamine, amphetamines, MDMA)",144,false
2009,2,T40.1,Heroin,257,false
2009,2,T40.2,Other opioids (natural & semi-synthetic),816,false
2009,2,T40.3,Methadone,408,false
2009,2,T40.4,Synthetic opioids excl. methadone (fentanyl),253,false
2009,2,T40.5,Cocaine,388,false
2009,2,T40.7,Cannabis,18,false
2009,2,T43.6,"Psychostimulants (methamphetamine, amphetamines, MDMA)",149,false
2009,3,T40.1,Heroin,292,false
2009,3,T40.2,Other opioids (natural & semi-synthetic),855,false
2009,3,T40.3,Methadone,416,false
2009,3,T40.4,Synthetic opioids excl. methadone (fentanyl),277,false
2009,3,T40.5,Cocaine,470,false
2009,3,T40.7,Cannabis,14,false
2009,3,T43.6,"Psychostimulants (methamphetamine, amphetamines, MDMA)",167,false
2009,4,T40.1,Heroin,303,false
2009,4,T40.2,Other opioids (natural & semi-synthetic),830,false
2009,4,T40.3,Methadone,400,false
2009,4,T40.4,Synthetic opioids excl. methadone (fentanyl),252,false
2009,4,T40.5,Cocaine,391,false
2009,4,T40.7,Cannabis,11,false
2009,4,T43.6,"Psychostimulants (methamphetamine, amphetamines, MDMA)",155,false
2009,5,T40.1,Heroin,300,false
2009,5,T40.2,Other opioids (natural & semi-synthetic),842,false
2009,5,T40.3,Methadone,410,false
2009,5,T40.4,Synthetic opioids excl. methadone (fentanyl),263,false
2009,5,T40.5,Cocaine,481,false
2009,5,T40.7,Cannabis,,false
2009,5,T43.6,"Psychostimulants (methamphetamine, amphetamines, MDMA)",175,false
2009,6,T40.1,Heroin,276,false
2009,6,T40.2,Other opioids (natural & semi-synthetic),772,false
2009,6,T40.3,Methadone,373,false
2009,6,T40.4,Synthetic opioids excl. methadone (fentanyl),224,false
2009,6,T40.5,Cocaine,402,false
2009,6,T40.7,Cannabis,17,false
2009,6,T43.6,"Psychostimulants (methamphetamine, amphetamines, MDMA)",160,false
2009,7,T40.1,Heroin,289,false
2009,7,T40.2,Other opioids (natural & semi-synthetic),789,false
2009,7,T40.3,Methadone,420,false
2009,7,T40.4,Synthetic opioids excl. methadone (fentanyl),239,false
2009,7,T40.5,Cocaine,431,false
2009,7,T40.7,Cannabis,12,false
2009,7,T43.6,"Psychostimulants (methamphetamine, amphetamines, MDMA)",202,false
2009,8,T40.1,Heroin,285,false
2009,8,T40.2,Other opioids (natural & semi-synthetic),838,false
2009,8,T40.3,Methadone,411,false
2009,8,T40.4,Synthetic opioids excl. methadone (fentanyl),227,false
2009,8,T40.5,Cocaine,461,false
2009,8,T40.7,Cannabis,11,false
2009,8,T43.6,"Psychostimulants (methamphetamine, amphetamines, MDMA)",174,false
2009,9,T40.1,Heroin,293,false
2009,9,T40.2,Other opioids (natural & semi-synthetic),880,false
2009,9,T40.3,Methadone,383,false
2009,9,T40.4,Synthetic opioids excl. methadone (fentanyl),218,false
2009,9,T40.5,Cocaine,432,false
2009,9,T40.7,Cannabis,15,false
2009,9,T43.6,"Psychostimulants (methamphetamine, amphetamines, MDMA)",151,false
2009,10,T40.1,Heroin,265,false
2009,10,T40.2,Other opioids (natural & semi-synthetic),913,false
2009,10,T40.3,Methadone,399,false
2009,10,T40.4,Synthetic opioids excl. methadone (fentanyl),244,false
2009,10,T40.5,Cocaine,368,false
2009,10,T40.7,Cannabis,10,false
2009,10,T43.6,"Psychostimulants (methamphetamine, amphetamines, MDMA)",177,false
2009,11,T40.1,Heroin,267,false
2009,11,T40.2,Other opioids (natural & semi-synthetic),822,false
2009,11,T40.3,Methadone,393,false
2009,11,T40.4,Synthetic opioids excl. methadone (fentanyl),277,false
2009,11,T40.5,Cocaine,373,false
2009,11,T40.7,Cannabis,20,false
2009,11,T43.6,"Psychostimulants (methamphetamine, amphetamines, MDMA)",173,false
2009,12,T40.1,Heroin,253,false
2009,12,T40.2,Other opioids (natural & semi-synthetic),952,false
2009,12,T40.3,Methadone,408,false
2009,12,T40.4,Synthetic opioids excl. methadone (fentanyl),288,false
2009,12,T40.5,Cocaine,385,false
2009,12,T40.7,Cannabis,22,false
2009,12,T43.6,"Psychostimulants (methamphetamine, amphetamines, MDMA)",180,false
2010,1,T40.1,Heroin,205,false
2010,1,T40.2,Other opioids (natural & semi-synthetic),995,false
2010,1,T40.3,Methadone,431,false
2010,1,T40.4,Synthetic opioids excl. methadone (fentanyl),290,false
2010,1,T40.5,Cocaine,411,false
2010,1,T40.7,Cannabis,18,false
2010,1,T43.6,"Psychostimulants (methamphetamine, amphetamines, MDMA)",179,false
2010,2,T40.1,Heroin,204,false
2010,2,T40.2,Other opioids (natural & semi-synthetic),1002,false
2010,2,T40.3,Methadone,420,false
2010,2,T40.4,Synthetic opioids excl. methadone (fentanyl),277,false
2010,2,T40.5,Cocaine,384,false
2010,2,T40.7,Cannabis,22,false
2010,2,T43.6,"Psychostimulants (methamphetamine, amphetamines, MDMA)",180,false
2010,3,T40.1,Heroin,252,false
2010,3,T40.2,Other opioids (natural & semi-synthetic),1023,false
2010,3,T40.3,Methadone,453,false
2010,3,T40.4,Synthetic opioids excl. methadone (fentanyl),271,false
2010,3,T40.5,Cocaine,440,false
2010,3,T40.7,Cannabis,16,false
2010,3,T43.6,"Psychostimulants (methamphetamine, amphetamines, MDMA)",200,false
2010,4,T40.1,Heroin,273,false
2010,4,T40.2,Other opioids (natural & semi-synthetic),965,false
2010,4,T40.3,Methadone,388,false
2010,4,T40.4,Synthetic opioids excl. methadone (fentanyl),277,false
2010,4,T40.5,Cocaine,389,false
2010,4,T40.7,Cannabis,21,false
2010,4,T43.6,"Psychostimulants (methamphetamine, amphetamines, MDMA)",199,false
2010,5,T40.1,Heroin,283,false
2010,5,T40.2,Other opioids (natural & semi-synthetic),973,false
2010,5,T40.3,Methadone,411,false
2010,5,T40.4,Synthetic opioids excl. methadone (fentanyl),268,false
2010,5,T40.5,Cocaine,412,false
2010,5,T40.7,Cannabis,25,false
2010,5,T43.6,"Psychostimulants (methamphetamine, amphetamines, MDMA)",211,false
2010,6,T40.1,Heroin,243,false
2010,6,T40.2,Other opioids (natural & semi-synthetic),886,false
2010,6,T40.3,Methadone,384,false
2010,6,T40.4,Synthetic opioids excl. methadone (fentanyl),232,false
2010,6,T40.5,Cocaine,396,false
2010,6,T40.7,Cannabis,13,false
2010,6,T43.6,"Psychostimulants (methamphetamine, amphetamines, MDMA)",214,false
2010,7,T40.1,Heroin,256,false
2010,7,T40.2,Other opioids (natural & semi-synthetic),913,false
2010,7,T40.3,Methadone,382,false
2010,7,T40.4,Synthetic opioids excl. methadone (fentanyl),267,false
2010,7,T40.5,Cocaine,387,false
2010,7,T40.7,Cannabis,23,false
2010,7,T43.6,"Psychostimulants (methamphetamine, amphetamines, MDMA)",245,false
2010,8,T40.1,Heroin,251,false
2010,8,T40.2,Other opioids (natural & semi-synthetic),908,false
2010,8,T40.3,Methadone,363,false
2010,8,T40.4,Synthetic opioids excl. methadone (fentanyl),238,false
2010,8,T40.5,Cocaine,422,false
2010,8,T40.7,Cannabis,27,false
2010,8,T43.6,"Psychostimulants (methamphetamine, amphetamines, MDMA)",210,false
2010,9,T40.1,Heroin,244,false
2010,9,T40.2,Other opioids (natural & semi-synthetic),917,false
2010,9,T40.3,Methadone,377,false
2010,9,T40.4,Synthetic opioids excl. methadone (fentanyl),247,false
2010,9,T40.5,Cocaine,384,false
2010,9,T40.7,Cannabis,26,false
2010,9,T43.6,"Psychostimulants (methamphetamine, amphetamines, MDMA)",198,false
2010,10,T40.1,Heroin,293,false
2010,10,T40.2,Other opioids (natural & semi-synthetic),953,false
2010,10,T40.3,Methadone,380,false
2010,10,T40.4,Synthetic opioids excl. methadone (fentanyl),276,false
2010,10,T40.5,Cocaine,430,false
2010,10,T40.7,Cannabis,22,false
2010,10,T43.6,"Psychostimulants (methamphetamine, amphetamines, MDMA)",165,false
2010,11,T40.1,Heroin,276,false
2010,11,T40.2,Other opioids (natural & semi-synthetic),952,false
2010,11,T40.3,Methadone,344,false
2010,11,T40.4,Synthetic opioids excl. methadone (fentanyl),249,false
2010,11,T40.5,Cocaine,374,false
2010,11,T40.7,Cannabis,23,false
2010,11,T43.6,"Psychostimulants (methamphetamine, amphetamines, MDMA)",159,false
2010,12,T40.1,Heroin,314,false
2010,12,T40.2,Other opioids (natural & semi-synthetic),1017,false
2010,12,T40.3,Methadone,396,false
2010,12,T40.4,Synthetic opioids excl. methadone (fentanyl),234,false
2010,12,T40.5,Cocaine,395,false
2010,12,T40.7,Cannabis,25,false
2010,12,T43.6,"Psychostimulants (methamphetamine, amphetamines, MDMA)",170,false
2011,1,T40.1,Heroin,328,false
2011,1,T40.2,Other opioids (natural & semi-synthetic),1073,false
2011,1,T40.3,Methadone,414,false
2011,1,T40.4,Synthetic opioids excl. methadone (fentanyl),229,false
2011,1,T40.5,Cocaine,404,false
2011,1,T40.7,Cannabis,20,false
2011,1,T43.6,"Psychostimulants (methamphetamine, amphetamines, MDMA)",224,false
2011,2,T40.1,Heroin,335,false
2011,2,T40.2,Other opioids (natural & semi-synthetic),1021,false
2011,2,T40.3,Methadone,392,false
2011,2,T40.4,Synthetic opioids excl. methadone (fentanyl),230,false
2011,2,T40.5,Cocaine,486,false
2011,2,T40.7,Cannabis,30,false
2011,2,T43.6,"Psychostimulants (methamphetamine, amphetamines, MDMA)",183,false
2011,3,T40.1,Heroin,371,false
2011,3,T40.2,Other opioids (natural & semi-synthetic),1084,false
2011,3,T40.3,Methadone,429,false
2011,3,T40.4,Synthetic opioids excl. methadone (fentanyl),253,false
2011,3,T40.5,Cocaine,418,false
2011,3,T40.7,Cannabis,26,false
2011,3,T43.6,"Psychostimulants (methamphetamine, amphetamines, MDMA)",251,false
2011,4,T40.1,Heroin,382,false
2011,4,T40.2,Other opioids (natural & semi-synthetic),1094,false
2011,4,T40.3,Methadone,389,false
2011,4,T40.4,Synthetic opioids excl. methadone (fentanyl),236,false
2011,4,T40.5,Cocaine,490,false
2011,4,T40.7,Cannabis,23,false
2011,4,T43.6,"Psychostimulants (methamphetamine, amphetamines, MDMA)",232,false
2011,5,T40.1,Heroin,368,false
2011,5,T40.2,Other opioids (natural & semi-synthetic),1066,false
2011,5,T40.3,Methadone,390,false
2011,5,T40.4,Synthetic opioids excl. methadone (fentanyl),235,false
2011,5,T40.5,Cocaine,442,false
2011,5,T40.7,Cannabis,33,false
2011,5,T43.6,"Psychostimulants (methamphetamine, amphetamines, MDMA)",231,false
2011,6,T40.1,Heroin,352,false
2011,6,T40.2,Other opioids (natural & semi-synthetic),902,false
2011,6,T40.3,Methadone,362,false
2011,6,T40.4,Synthetic opioids excl. methadone (fentanyl),233,false
2011,6,T40.5,Cocaine,431,false
2011,6,T40.7,Cannabis,23,false
2011,6,T43.6,"Psychostimulants (methamphetamine, amphetamines, MDMA)",225,false
2011,7,T40.1,Heroin,399,false
2011,7,T40.2,Other opioids (natural & semi-synthetic),998,false
2011,7,T40.3,Methadone,415,false
2011,7,T40.4,Synthetic opioids excl. methadone (fentanyl),243,false
2011,7,T40.5,Cocaine,485,false
2011,7,T40.7,Cannabis,33,false
2011,7,T43.6,"Psychostimulants (methamphetamine, amphetamines, MDMA)",244,false
2011,8,T40.1,Heroin,365,false
2011,8,T40.2,Other opioids (natural & semi-synthetic),968,false
2011,8,T40.3,Methadone,347,false
2011,8,T40.4,Synthetic opioids excl. methadone (fentanyl),210,false
2011,8,T40.5,Cocaine,458,false
2011,8,T40.7,Cannabis,22,false
2011,8,T43.6,"Psychostimulants (methamphetamine, amphetamines, MDMA)",235,false
2011,9,T40.1,Heroin,383,false
2011,9,T40.2,Other opioids (natural & semi-synthetic),956,false
2011,9,T40.3,Methadone,340,false
2011,9,T40.4,Synthetic opioids excl. methadone (fentanyl),216,false
2011,9,T40.5,Cocaine,440,false
2011,9,T40.7,Cannabis,24,false
2011,9,T43.6,"Psychostimulants (methamphetamine, amphetamines, MDMA)",237,false
2011,10,T40.1,Heroin,337,false
2011,10,T40.2,Other opioids (natural & semi-synthetic),1064,false
2011,10,T40.3,Methadone,368,false
2011,10,T40.4,Synthetic opioids excl. methadone (fentanyl),229,false
2011,10,T40.5,Cocaine,433,false
2011,10,T40.7,Cannabis,26,false
2011,10,T43.6,"Psychostimulants (methamphetamine, amphetamines, MDMA)",226,false
2011,11,T40.1,Heroin,436,false
2011,11,T40.2,Other opioids (natural & semi-synthetic),998,false
2011,11,T40.3,Methadone,370,false
2011,11,T40.4,Synthetic opioids excl. methadone (fentanyl),237,false
2011,11,T40.5,Cocaine,414,false
2011,11,T40.7,Cannabis,26,false
2011,11,T43.6,"Psychostimulants (methamphetamine, amphetamines, MDMA)",198,false
2011,12,T40.1,Heroin,400,false
2011,12,T40.2,Other opioids (natural & semi-synthetic),1027,false
2011,12,T40.3,Methadone,369,false
2011,12,T40.4,Synthetic opioids excl. methadone (fentanyl),218,false
2011,12,T40.5,Cocaine,423,false
2011,12,T40.7,Cannabis,26,false
2011,12,T43.6,"Psychostimulants (methamphetamine, amphetamines, MDMA)",238,false
2012,1,T40.1,Heroin,373,false
2012,1,T40.2,Other opioids (natural & semi-synthetic),1076,false
2012,1,T40.3,Methadone,381,false
2012,1,T40.4,Synthetic opioids excl. methadone (fentanyl),232,false
2012,1,T40.5,Cocaine,471,false
2012,1,T40.7,Cannabis,27,false
2012,1,T43.6,"Psychostimulants (methamphetamine, amphetamines, MDMA)",233,false
2012,2,T40.1,Heroin,435,false
2012,2,T40.2,Other opioids (natural & semi-synthetic),1019,false
2012,2,T40.3,Methadone,369,false
2012,2,T40.4,Synthetic opioids excl. methadone (fentanyl),221,false
2012,2,T40.5,Cocaine,433,false
2012,2,T40.7,Cannabis,35,false
2012,2,T43.6,"Psychostimulants (methamphetamine, amphetamines, MDMA)",215,false
2012,3,T40.1,Heroin,446,false
2012,3,T40.2,Other opioids (natural & semi-synthetic),1042,false
2012,3,T40.3,Methadone,352,false
2012,3,T40.4,Synthetic opioids excl. methadone (fentanyl),214,false
2012,3,T40.5,Cocaine,508,false
2012,3,T40.7,Cannabis,40,false
2012,3,T43.6,"Psychostimulants (methamphetamine, amphetamines, MDMA)",271,false
2012,4,T40.1,Heroin,441,false
2012,4,T40.2,Other opioids (natural & semi-synthetic),894,false
2012,4,T40.3,Methadone,322,false
2012,4,T40.4,Synthetic opioids excl. methadone (fentanyl),224,false
2012,4,T40.5,Cocaine,470,false
2012,4,T40.7,Cannabis,35,false
2012,4,T43.6,"Psychostimulants (methamphetamine, amphetamines, MDMA)",244,false
2012,5,T40.1,Heroin,497,false
2012,5,T40.2,Other opioids (natural & semi-synthetic),919,false
2012,5,T40.3,Methadone,357,false
2012,5,T40.4,Synthetic opioids excl. methadone (fentanyl),230,false
2012,5,T40.5,Cocaine,433,false
2012,5,T40.7,Cannabis,35,false
2012,5,T43.6,"Psychostimulants (methamphetamine, amphetamines, MDMA)",248,false
2012,6,T40.1,Heroin,521,false
2012,6,T40.2,Other opioids (natural & semi-synthetic),955,false
2012,6,T40.3,Methadone,338,false
2012,6,T40.4,Synthetic opioids excl. methadone (fentanyl),220,false
2012,6,T40.5,Cocaine,405,false
2012,6,T40.7,Cannabis,33,false
2012,6,T43.6,"Psychostimulants (methamphetamine, amphetamines, MDMA)",291,false
2012,7,T40.1,Heroin,509,false
2012,7,T40.2,Other opioids (natural & semi-synthetic),993,false
2012,7,T40.3,Methadone,314,false
2012,7,T40.4,Synthetic opioids excl. methadone (fentanyl),245,false
2012,7,T40.5,Cocaine,356,false
2012,7,T40.7,Cannabis,33,false
2012,7,T43.6,"Psychostimulants (methamphetamine, amphetamines, MDMA)",304,false
2012,8,T40.1,Heroin,587,false
2012,8,T40.2,Other opioids (natural & semi-synthetic),967,false
2012,8,T40.3,Methadone,349,false
2012,8,T40.4,Synthetic opioids excl. methadone (fentanyl),249,false
2012,8,T40.5,Cocaine,372,false
2012,8,T40.7,Cannabis,24,false
2012,8,T43.6,"Psychostimulants (methamphetamine, amphetamines, MDMA)",314,false
2012,9,T40.1,Heroin,539,false
2012,9,T40.2,Other opioids (natural & semi-synthetic),963,false
2012,9,T40.3,Methadone,308,false
2012,9,T40.4,Synthetic opioids excl. methadone (fentanyl),205,false
2012,9,T40.5,Cocaine,351,false
2012,9,T40.7,Cannabis,23,false
2012,9,T43.6,"Psychostimulants (methamphetamine, amphetamines, MDMA)",280,false
2012,10,T40.1,Heroin,531,false
2012,10,T40.2,Other opioids (natural & semi-synthetic),955,false
2012,10,T40.3,Methadone,306,false
2012,10,T40.4,Synthetic opioids excl. methadone (fentanyl),240,false
2012,10,T40.5,Cocaine,392,false
2012,10,T40.7,Cannabis,17,false
2012,10,T43.6,"Psychostimulants (methamphetamine, amphetamines, MDMA)",250,false
2012,11,T40.1,Heroin,531,false
2012,11,T40.2,Other opioids (natural & semi-synthetic),909,false
2012,11,T40.3,Methadone,327,false
2012,11,T40.4,Synthetic opioids excl. methadone (fentanyl),205,false
2012,11,T40.5,Cocaine,403,false
2012,11,T40.7,Cannabis,21,false
2012,11,T43.6,"Psychostimulants (methamphetamine, amphetamines, MDMA)",293,false
2012,12,T40.1,Heroin,587,false
2012,12,T40.2,Other opioids (natural & semi-synthetic),984,false
2012,12,T40.3,Methadone,352,false
2012,12,T40.4,Synthetic opioids excl. methadone (fentanyl),249,false
2012,12,T40.5,Cocaine,404,false
2012,12,T40.7,Cannabis,20,false
2012,12,T43.6,"Psychostimulants (methamphetamine, amphetamines, MDMA)",304,false
2013,1,T40.1,Heroin,582,false
2013,1,T40.2,Other opioids (natural & semi-synthetic),1109,false
2013,1,T40.3,Methadone,382,false
2013,1,T40.4,Synthetic opioids excl. methadone (fentanyl),265,false
2013,1,T40.5,Cocaine,377,false
2013,1,T40.7,Cannabis,46,false
2013,1,T43.6,"Psychostimulants (methamphetamine, amphetamines, MDMA)",348,false
2013,2,T40.1,Heroin,668,false
2013,2,T40.2,Other opioids (natural & semi-synthetic),1014,false
2013,2,T40.3,Methadone,317,false
2013,2,T40.4,Synthetic opioids excl. methadone (fentanyl),244,false
2013,2,T40.5,Cocaine,441,false
2013,2,T40.7,Cannabis,36,false
2013,2,T43.6,"Psychostimulants (methamphetamine, amphetamines, MDMA)",334,false
2013,3,T40.1,Heroin,726,false
2013,3,T40.2,Other opioids (natural & semi-synthetic),1075,false
2013,3,T40.3,Methadone,346,false
2013,3,T40.4,Synthetic opioids excl. methadone (fentanyl),248,false
2013,3,T40.5,Cocaine,498,false
2013,3,T40.7,Cannabis,21,false
2013,3,T43.6,"Psychostimulants (methamphetamine, amphetamines, MDMA)",360,false
2013,4,T40.1,Heroin,689,false
2013,4,T40.2,Other opioids (natural & semi-synthetic),1024,false
2013,4,T40.3,Methadone,317,false
2013,4,T40.4,Synthetic opioids excl. methadone (fentanyl),250,false
2013,4,T40.5,Cocaine,485,false
2013,4,T40.7,Cannabis,30,false
2013,4,T43.6,"Psychostimulants (methamphetamine, amphetamines, MDMA)",313,false
2013,5,T40.1,Heroin,650,false
2013,5,T40.2,Other opioids (natural & semi-synthetic),1011,false
2013,5,T40.3,Methadone,341,false
2013,5,T40.4,Synthetic opioids excl. methadone (fentanyl),286,false
2013,5,T40.5,Cocaine,481,false
2013,5,T40.7,Cannabis,26,false
2013,5,T43.6,"Psychostimulants (methamphetamine, amphetamines, MDMA)",341,false
2013,6,T40.1,Heroin,706,false
2013,6,T40.2,Other opioids (natural & semi-synthetic),974,false
2013,6,T40.3,Methadone,316,false
2013,6,T40.4,Synthetic opioids excl. methadone (fentanyl),260,false
2013,6,T40.5,Cocaine,481,false
2013,6,T40.7,Cannabis,25,false
2013,6,T43.6,"Psychostimulants (methamphetamine, amphetamines, MDMA)",368,false
2013,7,T40.1,Heroin,706,false
2013,7,T40.2,Other opioids (natural & semi-synthetic),986,false
2013,7,T40.3,Methadone,304,false
2013,7,T40.4,Synthetic opioids excl. methadone (fentanyl),231,false
2013,7,T40.5,Cocaine,487,false
2013,7,T40.7,Cannabis,43,false
2013,7,T43.6,"Psychostimulants (methamphetamine, amphetamines, MDMA)",463,false
2013,8,T40.1,Heroin,747,false
2013,8,T40.2,Other opioids (natural & semi-synthetic),927,false
2013,8,T40.3,Methadone,289,false
2013,8,T40.4,Synthetic opioids excl. methadone (fentanyl),222,false
2013,8,T40.5,Cocaine,435,false
2013,8,T40.7,Cannabis,42,false
2013,8,T43.6,"Psychostimulants (methamphetamine, amphetamines, MDMA)",442,false
2013,9,T40.1,Heroin,710,false
2013,9,T40.2,Other opioids (natural & semi-synthetic),870,false
2013,9,T40.3,Methadone,287,false
2013,9,T40.4,Synthetic opioids excl. methadone (fentanyl),243,false
2013,9,T40.5,Cocaine,421,false
2013,9,T40.7,Cannabis,42,false
2013,9,T43.6,"Psychostimulants (methamphetamine, amphetamines, MDMA)",356,false
2013,10,T40.1,Heroin,702,false
2013,10,T40.2,Other opioids (natural & semi-synthetic),955,false
2013,10,T40.3,Methadone,282,false
2013,10,T40.4,Synthetic opioids excl. methadone (fentanyl),270,false
2013,10,T40.5,Cocaine,454,false
2013,10,T40.7,Cannabis,26,false
2013,10,T43.6,"Psychostimulants (methamphetamine, amphetamines, MDMA)",336,false
2013,11,T40.1,Heroin,754,false
2013,11,T40.2,Other opioids (natural & semi-synthetic),959,false
2013,11,T40.3,Methadone,282,false
2013,11,T40.4,Synthetic opioids excl. methadone (fentanyl),296,false
2013,11,T40.5,Cocaine,455,false
2013,11,T40.7,Cannabis,26,false
2013,11,T43.6,"Psychostimulants (methamphetamine, amphetamines, MDMA)",331,false
2013,12,T40.1,Heroin,737,false
2013,12,T40.2,Other opioids (natural & semi-synthetic),969,false
2013,12,T40.3,Methadone,277,false
2013,12,T40.4,Synthetic opioids excl. methadone (fentanyl),405,false
2013,12,T40.5,Cocaine,480,false
2013,12,T40.7,Cannabis,25,false
2013,12,T43.6,"Psychostimulants (methamphetamine, amphetamines, MDMA)",382,false
2014,1,T40.1,Heroin,809,false
2014,1,T40.2,Other opioids (natural & semi-synthetic),1105,false
2014,1,T40.3,Methadone,332,false
2014,1,T40.4,Synthetic opioids excl. methadone (fentanyl),517,false
2014,1,T40.5,Cocaine,473,false
2014,1,T40.7,Cannabis,39,false
2014,1,T43.6,"Psychostimulants (methamphetamine, amphetamines, MDMA)",392,false
2014,2,T40.1,Heroin,784,false
2014,2,T40.2,Other opioids (natural & semi-synthetic),1091,false
2014,2,T40.3,Methadone,337,false
2014,2,T40.4,Synthetic opioids excl. methadone (fentanyl),435,false
2014,2,T40.5,Cocaine,508,false
2014,2,T40.7,Cannabis,23,false
2014,2,T43.6,"Psychostimulants (methamphetamine, amphetamines, MDMA)",403,false
2014,3,T40.1,Heroin,901,false
2014,3,T40.2,Other opioids (natural & semi-synthetic),1133,false
2014,3,T40.3,Methadone,295,false
2014,3,T40.4,Synthetic opioids excl. methadone (fentanyl),472,false
2014,3,T40.5,Cocaine,543,false
2014,3,T40.7,Cannabis,30,false
2014,3,T43.6,"Psychostimulants (methamphetamine, amphetamines, MDMA)",423,false
2014,4,T40.1,Heroin,767,false
2014,4,T40.2,Other opioids (natural & semi-synthetic),1007,false
2014,4,T40.3,Methadone,269,false
2014,4,T40.4,Synthetic opioids excl. methadone (fentanyl),377,false
2014,4,T40.5,Cocaine,444,false
2014,4,T40.7,Cannabis,26,false
2014,4,T43.6,"Psychostimulants (methamphetamine, amphetamines, MDMA)",414,false
2014,5,T40.1,Heroin,898,false
2014,5,T40.2,Other opioids (natural & semi-synthetic),1008,false
2014,5,T40.3,Methadone,305,false
2014,5,T40.4,Synthetic opioids excl. methadone (fentanyl),416,false
2014,5,T40.5,Cocaine,516,false
2014,5,T40.7,Cannabis,46,false
2014,5,T43.6,"Psychostimulants (methamphetamine, amphetamines, MDMA)",415,false
2014,6,T40.1,Heroin,862,false
2014,6,T40.2,Other opioids (natural & semi-synthetic),991,false
2014,6,T40.3,Methadone,280,false
2014,6,T40.4,Synthetic opioids excl. methadone (fentanyl),419,false
2014,6,T40.5,Cocaine,503,false
2014,6,T40.7,Cannabis,43,false
2014,6,T43.6,"Psychostimulants (methamphetamine, amphetamines, MDMA)",396,false
2014,7,T40.1,Heroin,932,false
2014,7,T40.2,Other opioids (natural & semi-synthetic),1068,false
2014,7,T40.3,Methadone,306,false
2014,7,T40.4,Synthetic opioids excl. methadone (fentanyl),424,false
2014,7,T40.5,Cocaine,491,false
2014,7,T40.7,Cannabis,32,false
2014,7,T43.6,"Psychostimulants (methamphetamine, amphetamines, MDMA)",476,false
2014,8,T40.1,Heroin,941,false
2014,8,T40.2,Other opioids (natural & semi-synthetic),1055,false
2014,8,T40.3,Methadone,277,false
2014,8,T40.4,Synthetic opioids excl. methadone (fentanyl),418,false
2014,8,T40.5,Cocaine,502,false
2014,8,T40.7,Cannabis,31,false
2014,8,T43.6,"Psychostimulants (methamphetamine, amphetamines, MDMA)",446,false
2014,9,T40.1,Heroin,919,false
2014,9,T40.2,Other opioids (natural & semi-synthetic),1030,false
2014,9,T40.3,Methadone,265,false
2014,9,T40.4,Synthetic opioids excl. methadone (fentanyl),433,false
2014,9,T40.5,Cocaine,463,false
2014,9,T40.7,Cannabis,32,false
2014,9,T43.6,"Psychostimulants (methamphetamine, amphetamines, MDMA)",423,false
2014,10,T40.1,Heroin,1028,false
2014,10,T40.2,Other opioids (natural & semi-synthetic),1052,false
2014,10,T40.3,Methadone,294,false
2014,10,T40.4,Synthetic opioids excl. methadone (fentanyl),564,false
2014,10,T40.5,Cocaine,512,false
2014,10,T40.7,Cannabis,30,false
2014,10,T43.6,"Psychostimulants (methamphetamine, amphetamines, MDMA)",448,false
2014,11,T40.1,Heroin,907,false
2014,11,T40.2,Other opioids (natural & semi-synthetic),1092,false
2014,11,T40.3,Methadone,304,false
2014,11,T40.4,Synthetic opioids excl. methadone (fentanyl),578,false
2014,11,T40.5,Cocaine,501,false
2014,11,T40.7,Cannabis,43,false
2014,11,T43.6,"Psychostimulants (methamphetamine, amphetamines, MDMA)",433,false
2014,12,T40.1,Heroin,1006,false
2014,12,T40.2,Other opioids (natural & semi-synthetic),1025,false
2014,12,T40.3,Methadone,276,false
2014,12,T40.4,Synthetic opioids excl. methadone (fentanyl),642,false
2014,12,T40.5,Cocaine,536,false
2014,12,T40.7,Cannabis,46,false
2014,12,T43.6,"Psychostimulants (methamphetamine, amphetamines, MDMA)",445,false
2015,1,T40.1,Heroin,988,false
2015,1,T40.2,Other opioids (natural & semi-synthetic),1208,false
2015,1,T40.3,Methadone,338,false
2015,1,T40.4,Synthetic opioids excl. methadone (fentanyl),719,false
2015,1,T40.5,Cocaine,540,false
2015,1,T40.7,Cannabis,36,false
2015,1,T43.6,"Psychostimulants (methamphetamine, amphetamines, MDMA)",489,false
2015,2,T40.1,Heroin,989,false
2015,2,T40.2,Other opioids (natural & semi-synthetic),1060,false
2015,2,T40.3,Methadone,286,false
2015,2,T40.4,Synthetic opioids excl. methadone (fentanyl),748,false
2015,2,T40.5,Cocaine,604,false
2015,2,T40.7,Cannabis,43,false
2015,2,T43.6,"Psychostimulants (methamphetamine, amphetamines, MDMA)",462,false
2015,3,T40.1,Heroin,1076,false
2015,3,T40.2,Other opioids (natural & semi-synthetic),1173,false
2015,3,T40.3,Methadone,312,false
2015,3,T40.4,Synthetic opioids excl. methadone (fentanyl),791,false
2015,3,T40.5,Cocaine,692,false
2015,3,T40.7,Cannabis,47,false
2015,3,T43.6,"Psychostimulants (methamphetamine, amphetamines, MDMA)",570,false
2015,4,T40.1,Heroin,1073,false
2015,4,T40.2,Other opioids (natural & semi-synthetic),1106,false
2015,4,T40.3,Methadone,281,false
2015,4,T40.4,Synthetic opioids excl. methadone (fentanyl),871,false
2015,4,T40.5,Cocaine,609,false
2015,4,T40.7,Cannabis,46,false
2015,4,T43.6,"Psychostimulants (methamphetamine, amphetamines, MDMA)",535,false
2015,5,T40.1,Heroin,1091,false
2015,5,T40.2,Other opioids (natural & semi-synthetic),1126,false
2015,5,T40.3,Methadone,325,false
2015,5,T40.4,Synthetic opioids excl. methadone (fentanyl),813,false
2015,5,T40.5,Cocaine,598,false
2015,5,T40.7,Cannabis,53,false
2015,5,T43.6,"Psychostimulants (methamphetamine, amphetamines, MDMA)",559,false
2015,6,T40.1,Heroin,986,false
2015,6,T40.2,Other opioids (natural & semi-synthetic),1092,false
2015,6,T40.3,Methadone,248,false
2015,6,T40.4,Synthetic opioids excl. methadone (fentanyl),729,false
2015,6,T40.5,Cocaine,544,false
2015,6,T40.7,Cannabis,43,false
2015,6,T43.6,"Psychostimulants (methamphetamine, amphetamines, MDMA)",600,false
2015,7,T40.1,Heroin,1107,false
2015,7,T40.2,Other opioids (natural & semi-synthetic),1076,false
2015,7,T40.3,Methadone,251,false
2015,7,T40.4,Synthetic opioids excl. methadone (fentanyl),757,false
2015,7,T40.5,Cocaine,627,false
2015,7,T40.7,Cannabis,44,false
2015,7,T43.6,"Psychostimulants (methamphetamine, amphetamines, MDMA)",619,false
2015,8,T40.1,Heroin,1148,false
2015,8,T40.2,Other opioids (natural & semi-synthetic),1146,false
2015,8,T40.3,Methadone,284,false
2015,8,T40.4,Synthetic opioids excl. methadone (fentanyl),756,false
2015,8,T40.5,Cocaine,628,false
2015,8,T40.7,Cannabis,62,false
2015,8,T43.6,"Psychostimulants (methamphetamine, amphetamines, MDMA)",656,false
2015,9,T40.1,Heroin,1244,false
2015,9,T40.2,Other opioids (natural & semi-synthetic),1103,false
2015,9,T40.3,Methadone,308,false
2015,9,T40.4,Synthetic opioids excl. methadone (fentanyl),889,false
2015,9,T40.5,Cocaine,617,false
2015,9,T40.7,Cannabis,44,false
2015,9,T43.6,"Psychostimulants (methamphetamine, amphetamines, MDMA)",630,false
2015,10,T40.1,Heroin,1193,false
2015,10,T40.2,Other opioids (natural & semi-synthetic),1119,false
2015,10,T40.3,Methadone,281,false
2015,10,T40.4,Synthetic opioids excl. methadone (fentanyl),1003,false
2015,10,T40.5,Cocaine,666,false
2015,10,T40.7,Cannabis,42,false
2015,10,T43.6,"Psychostimulants (methamphetamine, amphetamines, MDMA)",563,false
2015,11,T40.1,Heroin,1183,false
2015,11,T40.2,Other opioids (natural & semi-synthetic),1043,false
2015,11,T40.3,Methadone,241,false
2015,11,T40.4,Synthetic opioids excl. methadone (fentanyl),861,false
2015,11,T40.5,Cocaine,626,false
2015,11,T40.7,Cannabis,52,false
2015,11,T43.6,"Psychostimulants (methamphetamine, amphetamines, MDMA)",568,false
2015,12,T40.1,Heroin,1072,false
2015,12,T40.2,Other opioids (natural & semi-synthetic),1042,false
2015,12,T40.3,Methadone,251,false
2015,12,T40.4,Synthetic opioids excl. methadone (fentanyl),866,false
2015,12,T40.5,Cocaine,655,false
2015,12,T40.7,Cannabis,48,false
2015,12,T43.6,"Psychostimulants (methamphetamine, amphetamines, MDMA)",553,false
2016,1,T40.1,Heroin,1164,false
2016,1,T40.2,Other opioids (natural & semi-synthetic),1187,false
2016,1,T40.3,Methadone,304,false
2016,1,T40.4,Synthetic opioids excl. methadone (fentanyl),1056,false
2016,1,T40.5,Cocaine,689,false
2016,1,T40.7,Cannabis,56,false
2016,1,T43.6,"Psychostimulants (methamphetamine, amphetamines, MDMA)",634,false
2016,2,T40.1,Heroin,1262,false
2016,2,T40.2,Other opioids (natural & semi-synthetic),1213,false
2016,2,T40.3,Methadone,301,false
2016,2,T40.4,Synthetic opioids excl. methadone (fentanyl),1403,false
2016,2,T40.5,Cocaine,788,false
2016,2,T40.7,Cannabis,65,false
2016,2,T43.6,"Psychostimulants (methamphetamine, amphetamines, MDMA)",638,false
2016,3,T40.1,Heroin,1369,false
2016,3,T40.2,Other opioids (natural & semi-synthetic),1349,false
2016,3,T40.3,Methadone,308,false
2016,3,T40.4,Synthetic opioids excl. methadone (fentanyl),1550,false
2016,3,T40.5,Cocaine,907,false
2016,3,T40.7,Cannabis,69,false
2016,3,T43.6,"Psychostimulants (methamphetamine, amphetamines, MDMA)",670,false
2016,4,T40.1,Heroin,1330,false
2016,4,T40.2,Other opioids (natural & semi-synthetic),1321,false
2016,4,T40.3,Methadone,330,false
2016,4,T40.4,Synthetic opioids excl. methadone (fentanyl),1564,false
2016,4,T40.5,Cocaine,869,false
2016,4,T40.7,Cannabis,48,false
2016,4,T43.6,"Psychostimulants (methamphetamine, amphetamines, MDMA)",679,false
2016,5,T40.1,Heroin,1250,false
2016,5,T40.2,Other opioids (natural & semi-synthetic),1231,false
2016,5,T40.3,Methadone,296,false
2016,5,T40.4,Synthetic opioids excl. methadone (fentanyl),1571,false
2016,5,T40.5,Cocaine,851,false
2016,5,T40.7,Cannabis,65,false
2016,5,T43.6,"Psychostimulants (methamphetamine, amphetamines, MDMA)",705,false
2016,6,T40.1,Heroin,1231,false
2016,6,T40.2,Other opioids (natural & semi-synthetic),1253,false
2016,6,T40.3,Methadone,314,false
2016,6,T40.4,Synthetic opioids excl. methadone (fentanyl),1485,false
2016,6,T40.5,Cocaine,834,false
2016,6,T40.7,Cannabis,74,false
2016,6,T43.6,"Psychostimulants (methamphetamine, amphetamines, MDMA)",756,false
2016,7,T40.1,Heroin,1392,false
2016,7,T40.2,Other opioids (natural & semi-synthetic),1255,false
2016,7,T40.3,Methadone,296,false
2016,7,T40.4,Synthetic opioids excl. methadone (fentanyl),1639,false
2016,7,T40.5,Cocaine,1051,false
2016,7,T40.7,Cannabis,55,false
2016,7,T43.6,"Psychostimulants (methamphetamine, amphetamines, MDMA)",897,false
2016,8,T40.1,Heroin,1330,false
2016,8,T40.2,Other opioids (natural & semi-synthetic),1278,false
2016,8,T40.3,Methadone,286,false
2016,8,T40.4,Synthetic opioids excl. methadone (fentanyl),1604,false
2016,8,T40.5,Cocaine,1011,false
2016,8,T40.7,Cannabis,57,false
2016,8,T43.6,"Psychostimulants (methamphetamine, amphetamines, MDMA)",822,false
2016,9,T40.1,Heroin,1301,false
2016,9,T40.2,Other opioids (natural & semi-synthetic),1193,false
2016,9,T40.3,Methadone,257,false
2016,9,T40.4,Synthetic opioids excl. methadone (fentanyl),1733,false
2016,9,T40.5,Cocaine,1014,false
2016,9,T40.7,Cannabis,63,false
2016,9,T43.6,"Psychostimulants (methamphetamine, amphetamines, MDMA)",708,false
2016,10,T40.1,Heroin,1256,false
2016,10,T40.2,Other opioids (natural & semi-synthetic),1264,false
2016,10,T40.3,Methadone,282,false
2016,10,T40.4,Synthetic opioids excl. methadone (fentanyl),1907,false
2016,10,T40.5,Cocaine,1040,false
2016,10,T40.7,Cannabis,44,false
2016,10,T43.6,"Psychostimulants (methamphetamine, amphetamines, MDMA)",769,false
2016,11,T40.1,Heroin,1343,false
2016,11,T40.2,Other opioids (natural & semi-synthetic),1258,false
2016,11,T40.3,Methadone,278,false
2016,11,T40.4,Synthetic opioids excl. methadone (fentanyl),2018,false
2016,11,T40.5,Cocaine,1049,false
2016,11,T40.7,Cannabis,57,false
2016,11,T43.6,"Psychostimulants (methamphetamine, amphetamines, MDMA)",762,false
2016,12,T40.1,Heroin,1489,false
2016,12,T40.2,Other opioids (natural & semi-synthetic),1312,false
2016,12,T40.3,Methadone,268,false
2016,12,T40.4,Synthetic opioids excl. methadone (fentanyl),2190,false
2016,12,T40.5,Cocaine,1098,false
2016,12,T40.7,Cannabis,64,false
2016,12,T43.6,"Psychostimulants (methamphetamine, amphetamines, MDMA)",825,false
2017,1,T40.1,Heroin,1477,false
2017,1,T40.2,Other opioids (natural & semi-synthetic),1382,false
2017,1,T40.3,Methadone,303,false
2017,1,T40.4,Synthetic opioids excl. methadone (fentanyl),2480,false
2017,1,T40.5,Cocaine,1191,false
2017,1,T40.7,Cannabis,73,false
2017,1,T43.6,"Psychostimulants (methamphetamine, amphetamines, MDMA)",899,false
2017,2,T40.1,Heroin,1343,false
2017,2,T40.2,Other opioids (natural & semi-synthetic),1272,false
2017,2,T40.3,Methadone,272,false
2017,2,T40.4,Synthetic opioids excl. methadone (fentanyl),2312,false
2017,2,T40.5,Cocaine,1121,false
2017,2,T40.7,Cannabis,60,false
2017,2,T43.6,"Psychostimulants (methamphetamine, amphetamines, MDMA)",858,false
2017,3,T40.1,Heroin,1411,false
2017,3,T40.2,Other opioids (natural & semi-synthetic),1385,false
2017,3,T40.3,Methadone,313,false
2017,3,T40.4,Synthetic opioids excl. methadone (fentanyl),2380,false
2017,3,T40.5,Cocaine,1253,false
2017,3,T40.7,Cannabis,71,false
2017,3,T43.6,"Psychostimulants (methamphetamine, amphetamines, MDMA)",907,false
2017,4,T40.1,Heroin,1307,false
2017,4,T40.2,Other opioids (natural & semi-synthetic),1371,false
2017,4,T40.3,Methadone,279,false
2017,4,T40.4,Synthetic opioids excl. methadone (fentanyl),2270,false
2017,4,T40.5,Cocaine,1293,false
2017,4,T40.7,Cannabis,80,false
2017,4,T43.6,"Psychostimulants (methamphetamine, amphetamines, MDMA)",977,false
2017,5,T40.1,Heroin,1378,false
2017,5,T40.2,Other opioids (natural & semi-synthetic),1369,false
2017,5,T40.3,Methadone,284,false
2017,5,T40.4,Synthetic opioids excl. methadone (fentanyl),2372,false
2017,5,T40.5,Cocaine,1233,false
2017,5,T40.7,Cannabis,81,false
2017,5,T43.6,"Psychostimulants (methamphetamine, amphetamines, MDMA)",1027,false
2017,6,T40.1,Heroin,1252,false
2017,6,T40.2,Other opioids (natural & semi-synthetic),1215,false
2017,6,T40.3,Methadone,259,false
2017,6,T40.4,Synthetic opioids excl. methadone (fentanyl),2371,false
2017,6,T40.5,Cocaine,1276,false
2017,6,T40.7,Cannabis,80,false
2017,6,T43.6,"Psychostimulants (methamphetamine, amphetamines, MDMA)",1029,false
2017,7,T40.1,Heroin,1274,false
2017,7,T40.2,Other opioids (natural & semi-synthetic),1279,false
2017,7,T40.3,Methadone,264,false
2017,7,T40.4,Synthetic opioids excl. methadone (fentanyl),2316,false
2017,7,T40.5,Cocaine,1236,false
2017,7,T40.7,Cannabis,80,false
2017,7,T43.6,"Psychostimulants (methamphetamine, amphetamines, MDMA)",1128,false
2017,8,T40.1,Heroin,1288,false
2017,8,T40.2,Other opioids (natural & semi-synthetic),1212,false
2017,8,T40.3,Methadone,267,false
2017,8,T40.4,Synthetic opioids excl. methadone (fentanyl),2428,false
2017,8,T40.5,Cocaine,1318,false
2017,8,T40.7,Cannabis,72,false
2017,8,T43.6,"Psychostimulants (methamphetamine, amphetamines, MDMA)",1026,false
2017,9,T40.1,Heroin,1261,false
2017,9,T40.2,Other opioids (natural & semi-synthetic),1173,false
2017,9,T40.3,Methadone,276,false
2017,9,T40.4,Synthetic opioids excl. methadone (fentanyl),2514,false
2017,9,T40.5,Cocaine,1250,false
2017,9,T40.7,Cannabis,63,false
2017,9,T43.6,"Psychostimulants (methamphetamine, amphetamines, MDMA)",1055,false
2017,10,T40.1,Heroin,1207,false
2017,10,T40.2,Other opioids (natural & semi-synthetic),1154,false
2017,10,T40.3,Methadone,255,false
2017,10,T40.4,Synthetic opioids excl. methadone (fentanyl),2433,false
2017,10,T40.5,Cocaine,1208,false
2017,10,T40.7,Cannabis,61,false
2017,10,T43.6,"Psychostimulants (methamphetamine, amphetamines, MDMA)",1006,false
2017,11,T40.1,Heroin,1186,false
2017,11,T40.2,Other opioids (natural & semi-synthetic),1147,false
2017,11,T40.3,Methadone,272,false
2017,11,T40.4,Synthetic opioids excl. methadone (fentanyl),2419,false
2017,11,T40.5,Cocaine,1187,false
2017,11,T40.7,Cannabis,76,false
2017,11,T43.6,"Psychostimulants (methamphetamine, amphetamines, MDMA)",1007,false
2017,12,T40.1,Heroin,1306,false
2017,12,T40.2,Other opioids (natural & semi-synthetic),1156,false
2017,12,T40.3,Methadone,292,false
2017,12,T40.4,Synthetic opioids excl. methadone (fentanyl),2574,false
2017,12,T40.5,Cocaine,1313,false
2017,12,T40.7,Cannabis,65,false
2017,12,T43.6,"Psychostimulants (methamphetamine, amphetamines, MDMA)",1037,false
2018,1,T40.1,Heroin,1190,false
2018,1,T40.2,Other opioids (natural & semi-synthetic),1249,false
2018,1,T40.3,Methadone,280,false
2018,1,T40.4,Synthetic opioids excl. methadone (fentanyl),2561,false
2018,1,T40.5,Cocaine,1266,false
2018,1,T40.7,Cannabis,77,false
2018,1,T43.6,"Psychostimulants (methamphetamine, amphetamines, MDMA)",1093,false
2018,2,T40.1,Heroin,1187,false
2018,2,T40.2,Other opioids (natural & semi-synthetic),1076,false
2018,2,T40.3,Methadone,269,false
2018,2,T40.4,Synthetic opioids excl. methadone (fentanyl),2393,false
2018,2,T40.5,Cocaine,1195,false
2018,2,T40.7,Cannabis,77,false
2018,2,T43.6,"Psychostimulants (methamphetamine, amphetamines, MDMA)",1039,false
2018,3,T40.1,Heroin,1348,false
2018,3,T40.2,Other opioids (natural & semi-synthetic),1185,false
2018,3,T40.3,Methadone,318,false
2018,3,T40.4,Synthetic opioids excl. methadone (fentanyl),2704,false
2018,3,T40.5,Cocaine,1397,false
2018,3,T40.7,Cannabis,97,false
2018,3,T43.6,"Psychostimulants (methamphetamine, amphetamines, MDMA)",1153,false
2018,4,T40.1,Heroin,1266,false
2018,4,T40.2,Other opioids (natural & semi-synthetic),1118,false
2018,4,T40.3,Methadone,278,false
2018,4,T40.4,Synthetic opioids excl. methadone (fentanyl),2612,false
2018,4,T40.5,Cocaine,1353,false
2018,4,T40.7,Cannabis,93,false
2018,4,T43.6,"Psychostimulants (methamphetamine, amphetamines, MDMA)",1140,false
2018,5,T40.1,Heroin,1315,false
2018,5,T40.2,Other opioids (natural & semi-synthetic),1138,false
2018,5,T40.3,Methadone,270,false
2018,5,T40.4,Synthetic opioids excl. methadone (fentanyl),2699,false
2018,5,T40.5,Cocaine,1414,false
2018,5,T40.7,Cannabis,100,false
2018,5,T43.6,"Psychostimulants (methamphetamine, amphetamines, MDMA)",1189,false
2018,6,T40.1,Heroin,1322,false
2018,6,T40.2,Other opioids (natural & semi-synthetic),1131,false
2018,6,T40.3,Methadone,261,false
2018,6,T40.4,Synthetic opioids excl. methadone (fentanyl),2755,false
2018,6,T40.5,Cocaine,1407,false
2018,6,T40.7,Cannabis,75,false
2018,6,T43.6,"Psychostimulants (methamphetamine, amphetamines, MDMA)",1280,false
2018,7,T40.1,Heroin,1310,false
2018,7,T40.2,Other opioids (natural & semi-synthetic),1077,false
2018,7,T40.3,Methadone,254,false
2018,7,T40.4,Synthetic opioids excl. methadone (fentanyl),2745,false
2018,7,T40.5,Cocaine,1365,false
2018,7,T40.7,Cannabis,103,false
2018,7,T43.6,"Psychostimulants (methamphetamine, amphetamines, MDMA)",1469,false
2018,8,T40.1,Heroin,1343,false
2018,8,T40.2,Other opioids (natural & semi-synthetic),1068,false
2018,8,T40.3,Methadone,232,false
2018,8,T40.4,Synthetic opioids excl. methadone (fentanyl),2738,false
2018,8,T40.5,Cocaine,1340,false
2018,8,T40.7,Cannabis,87,false
2018,8,T43.6,"Psychostimulants (methamphetamine, amphetamines, MDMA)",1372,false
2018,9,T40.1,Heroin,1229,false
2018,9,T40.2,Other opioids (natural & semi-synthetic),1014,false
2018,9,T40.3,Methadone,262,false
2018,9,T40.4,Synthetic opioids excl. methadone (fentanyl),2640,false
2018,9,T40.5,Cocaine,1242,false
2018,9,T40.7,Cannabis,90,false
2018,9,T43.6,"Psychostimulants (methamphetamine, amphetamines, MDMA)",1236,false
2018,10,T40.1,Heroin,1263,false
2018,10,T40.2,Other opioids (natural & semi-synthetic),1027,false
2018,10,T40.3,Methadone,252,false
2018,10,T40.4,Synthetic opioids excl. methadone (fentanyl),2704,false
2018,10,T40.5,Cocaine,1271,false
2018,10,T40.7,Cannabis,94,false
2018,10,T43.6,"Psychostimulants (methamphetamine, amphetamines, MDMA)",1207,false
2018,11,T40.1,Heroin,1156,false
2018,11,T40.2,Other opioids (natural & semi-synthetic),949,false
2018,11,T40.3,Methadone,212,false
2018,11,T40.4,Synthetic opioids excl. methadone (fentanyl),2580,false
2018,11,T40.5,Cocaine,1146,false
2018,11,T40.7,Cannabis,72,false
2018,11,T43.6,"Psychostimulants (methamphetamine, amphetamines, MDMA)",1167,false
2018,12,T40.1,Heroin,1291,false
2018,12,T40.2,Other opioids (natural & semi-synthetic),1087,false
2018,12,T40.3,Methadone,259,false
2018,12,T40.4,Synthetic opioids excl. methadone (fentanyl),2683,false
2018,12,T40.5,Cocaine,1221,false
2018,12,T40.7,Cannabis,71,false
2018,12,T43.6,"Psychostimulants (methamphetamine, amphetamines, MDMA)",1301,false
2019,1,T40.1,Heroin,1179,false
2019,1,T40.2,Other opioids (natural & semi-synthetic),1090,false
2019,1,T40.3,Methadone,258,false
2019,1,T40.4,Synthetic opioids excl. methadone (fentanyl),2634,false
2019,1,T40.5,Cocaine,1215,false
2019,1,T40.7,Cannabis,81,false
2019,1,T43.6,"Psychostimulants (methamphetamine, amphetamines, MDMA)",1417,false
2019,2,T40.1,Heroin,1160,false
2019,2,T40.2,Other opioids (natural & semi-synthetic),969,false
2019,2,T40.3,Methadone,252,false
2019,2,T40.4,Synthetic opioids excl. methadone (fentanyl),2553,false
2019,2,T40.5,Cocaine,1185,false
2019,2,T40.7,Cannabis,63,false
2019,2,T43.6,"Psychostimulants (methamphetamine, amphetamines, MDMA)",1217,false
2019,3,T40.1,Heroin,1286,false
2019,3,T40.2,Other opioids (natural & semi-synthetic),1113,false
2019,3,T40.3,Methadone,246,false
2019,3,T40.4,Synthetic opioids excl. methadone (fentanyl),2966,false
2019,3,T40.5,Cocaine,1347,false
2019,3,T40.7,Cannabis,92,false
2019,3,T43.6,"Psychostimulants (methamphetamine, amphetamines, MDMA)",1455,false
2019,4,T40.1,Heroin,1157,false
2019,4,T40.2,Other opioids (natural & semi-synthetic),1034,false
2019,4,T40.3,Methadone,235,false
2019,4,T40.4,Synthetic opioids excl. methadone (fentanyl),2772,false
2019,4,T40.5,Cocaine,1322,false
2019,4,T40.7,Cannabis,90,false
2019,4,T43.6,"Psychostimulants (methamphetamine, amphetamines, MDMA)",1340,false
2019,5,T40.1,Heroin,1214,false
2019,5,T40.2,Other opioids (natural & semi-synthetic),1038,false
2019,5,T40.3,Methadone,244,false
2019,5,T40.4,Synthetic opioids excl. methadone (fentanyl),2881,false
2019,5,T40.5,Cocaine,1410,false
2019,5,T40.7,Cannabis,106,false
2019,5,T43.6,"Psychostimulants (methamphetamine, amphetamines, MDMA)",1497,false
2019,6,T40.1,Heroin,1155,false
2019,6,T40.2,Other opioids (natural & semi-synthetic),1026,false
2019,6,T40.3,Methadone,223,false
2019,6,T40.4,Synthetic opioids excl. methadone (fentanyl),2961,false
2019,6,T40.5,Cocaine,1393,false
2019,6,T40.7,Cannabis,87,false
2019,6,T43.6,"Psychostimulants (methamphetamine, amphetamines, MDMA)",1519,false
2019,7,T40.1,Heroin,1194,false
2019,7,T40.2,Other opioids (natural & semi-synthetic),1031,false
2019,7,T40.3,Methadone,241,false
2019,7,T40.4,Synthetic opioids excl. methadone (fentanyl),3178,false
2019,7,T40.5,Cocaine,1465,false
2019,7,T40.7,Cannabis,90,false
2019,7,T43.6,"Psychostimulants (methamphetamine, amphetamines, MDMA)",1765,false
2019,8,T40.1,Heroin,1229,false
2019,8,T40.2,Other opioids (natural & semi-synthetic),1014,false
2019,8,T40.3,Methadone,233,false
2019,8,T40.4,Synthetic opioids excl. methadone (fentanyl),3227,false
2019,8,T40.5,Cocaine,1513,false
2019,8,T40.7,Cannabis,116,false
2019,8,T43.6,"Psychostimulants (methamphetamine, amphetamines, MDMA)",1655,false
2019,9,T40.1,Heroin,1112,false
2019,9,T40.2,Other opioids (natural & semi-synthetic),1005,false
2019,9,T40.3,Methadone,222,false
2019,9,T40.4,Synthetic opioids excl. methadone (fentanyl),3179,false
2019,9,T40.5,Cocaine,1418,false
2019,9,T40.7,Cannabis,82,false
2019,9,T43.6,"Psychostimulants (methamphetamine, amphetamines, MDMA)",1630,false
2019,10,T40.1,Heroin,1159,false
2019,10,T40.2,Other opioids (natural & semi-synthetic),1034,false
2019,10,T40.3,Methadone,234,false
2019,10,T40.4,Synthetic opioids excl. methadone (fentanyl),3422,false
2019,10,T40.5,Cocaine,1560,false
2019,10,T40.7,Cannabis,100,false
2019,10,T43.6,"Psychostimulants (methamphetamine, amphetamines, MDMA)",1663,false
2019,11,T40.1,Heroin,1231,false
2019,11,T40.2,Other opioids (natural & semi-synthetic),1073,false
2019,11,T40.3,Methadone,229,false
2019,11,T40.4,Synthetic opioids excl. methadone (fentanyl),3513,false
2019,11,T40.5,Cocaine,1552,false
2019,11,T40.7,Cannabis,94,false
2019,11,T43.6,"Psychostimulants (methamphetamine, amphetamines, MDMA)",1596,false
2019,12,T40.1,Heroin,1157,false
2019,12,T40.2,Other opioids (natural & semi-synthetic),1060,false
2019,12,T40.3,Methadone,276,false
2019,12,T40.4,Synthetic opioids excl. methadone (fentanyl),3597,false
2019,12,T40.5,Cocaine,1532,false
2019,12,T40.7,Cannabis,100,false
2019,12,T43.6,"Psychostimulants (methamphetamine, amphetamines, MDMA)",1632,false
2020,1,T40.1,Heroin,1124,false
2020,1,T40.2,Other opioids (natural & semi-synthetic),1116,false
2020,1,T40.3,Methadone,270,false
2020,1,T40.4,Synthetic opioids excl. methadone (fentanyl),3607,false
2020,1,T40.5,Cocaine,1558,false
2020,1,T40.7,Cannabis,89,false
2020,1,T43.6,"Psychostimulants (methamphetamine, amphetamines, MDMA)",1742,false
2020,2,T40.1,Heroin,1109,false
2020,2,T40.2,Other opioids (natural & semi-synthetic),1060,false
2020,2,T40.3,Methadone,246,false
2020,2,T40.4,Synthetic opioids excl. methadone (fentanyl),3715,false
2020,2,T40.5,Cocaine,1601,false
2020,2,T40.7,Cannabis,86,false
2020,2,T43.6,"Psychostimulants (methamphetamine, amphetamines, MDMA)",1708,false
2020,3,T40.1,Heroin,1196,false
2020,3,T40.2,Other opioids (natural & semi-synthetic),1145,false
2020,3,T40.3,Methadone,284,false
2020,3,T40.4,Synthetic opioids excl. methadone (fentanyl),4262,false
2020,3,T40.5,Cocaine,1842,false
2020,3,T40.7,Cannabis,103,false
2020,3,T43.6,"Psychostimulants (methamphetamine, amphetamines, MDMA)",2001,false
2020,4,T40.1,Heroin,1293,false
2020,4,T40.2,Other opioids (natural & semi-synthetic),1216,false
2020,4,T40.3,Methadone,364,false
2020,4,T40.4,Synthetic opioids excl. methadone (fentanyl),4928,false
2020,4,T40.5,Cocaine,1999,false
2020,4,T40.7,Cannabis,108,false
2020,4,T43.6,"Psychostimulants (methamphetamine, amphetamines, MDMA)",2234,false
2020,5,T40.1,Heroin,1541,false
2020,5,T40.2,Other opioids (natural & semi-synthetic),1483,false
2020,5,T40.3,Methadone,404,false
2020,5,T40.4,Synthetic opioids excl. methadone (fentanyl),6213,false
2020,5,T40.5,Cocaine,2206,false
2020,5,T40.7,Cannabis,148,false
2020,5,T43.6,"Psychostimulants (methamphetamine, amphetamines, MDMA)",2460,false
2020,6,T40.1,Heroin,1203,false
2020,6,T40.2,Other opioids (natural & semi-synthetic),1153,false
2020,6,T40.3,Methadone,319,false
2020,6,T40.4,Synthetic opioids excl. methadone (fentanyl),5309,false
2020,6,T40.5,Cocaine,1815,false
2020,6,T40.7,Cannabis,121,false
2020,6,T43.6,"Psychostimulants (methamphetamine, amphetamines, MDMA)",2276,false
2020,7,T40.1,Heroin,1196,false
2020,7,T40.2,Other opioids (natural & semi-synthetic),1221,false
2020,7,T40.3,Methadone,353,false
2020,7,T40.4,Synthetic opioids excl. methadone (fentanyl),5247,false
2020,7,T40.5,Cocaine,1733,false
2020,7,T40.7,Cannabis,122,false
2020,7,T43.6,"Psychostimulants (methamphetamine, amphetamines, MDMA)",2603,false
2020,8,T40.1,Heroin,1078,false
2020,8,T40.2,Other opioids (natural & semi-synthetic),1184,false
2020,8,T40.3,Methadone,330,false
2020,8,T40.4,Synthetic opioids excl. methadone (fentanyl),5095,false
2020,8,T40.5,Cocaine,1660,false
2020,8,T40.7,Cannabis,108,false
2020,8,T43.6,"Psychostimulants (methamphetamine, amphetamines, MDMA)",2706,false
2020,9,T40.1,Heroin,952,false
2020,9,T40.2,Other opioids (natural & semi-synthetic),1135,false
2020,9,T40.3,Methadone,276,false
2020,9,T40.4,Synthetic opioids excl. methadone (fentanyl),4775,false
2020,9,T40.5,Cocaine,1607,false
2020,9,T40.7,Cannabis,108,false
2020,9,T43.6,"Psychostimulants (methamphetamine, amphetamines, MDMA)",2198,false
2020,10,T40.1,Heroin,889,false
2020,10,T40.2,Other opioids (natural & semi-synthetic),1103,false
2020,10,T40.3,Methadone,299,false
2020,10,T40.4,Synthetic opioids excl. methadone (fentanyl),4676,false
2020,10,T40.5,Cocaine,1534,false
2020,10,T40.7,Cannabis,106,false
2020,10,T43.6,"Psychostimulants (methamphetamine, amphetamines, MDMA)",2097,false
2020,11,T40.1,Heroin,904,false
2020,11,T40.2,Other opioids (natural & semi-synthetic),1089,false
2020,11,T40.3,Methadone,267,false
2020,11,T40.4,Synthetic opioids excl. methadone (fentanyl),4711,false
2020,11,T40.5,Cocaine,1460,false
2020,11,T40.7,Cannabis,104,false
2020,11,T43.6,"Psychostimulants (methamphetamine, amphetamines, MDMA)",2197,false
2020,12,T40.1,Heroin,908,false
2020,12,T40.2,Other opioids (natural & semi-synthetic),1114,false
2020,12,T40.3,Methadone,298,false
2020,12,T40.4,Synthetic opioids excl. methadone (fentanyl),4852,false
2020,12,T40.5,Cocaine,1508,false
2020,12,T40.7,Cannabis,99,false
2020,12,T43.6,"Psychostimulants (methamphetamine, amphetamines, MDMA)",2353,false
2021,1,T40.1,Heroin,966,true
2021,1,T40.2,Other opioids (natural & semi-synthetic),1246,true
2021,1,T40.3,Methadone,363,true
2021,1,T40.4,Synthetic opioids excl. methadone (fentanyl),5656,true
2021,1,T40.5,Cocaine,1926,true
2021,1,T40.7,Cannabis,128,true
2021,1,T43.6,"Psychostimulants (methamphetamine, amphetamines, MDMA)",2811,true
2021,2,T40.1,Heroin,765,true
2021,2,T40.2,Other opioids (natural & semi-synthetic),1127,true
2021,2,T40.3,Methadone,329,true
2021,2,T40.4,Synthetic opioids excl. methadone (fentanyl),5005,true
2021,2,T40.5,Cocaine,1707,true
2021,2,T40.7,Cannabis,134,true
2021,2,T43.6,"Psychostimulants (methamphetamine, amphetamines, MDMA)",2483,true
2021,3,T40.1,Heroin,992,true
2021,3,T40.2,Other opioids (natural & semi-synthetic),1285,true
2021,3,T40.3,Methadone,353,true
2021,3,T40.4,Synthetic opioids excl. methadone (fentanyl),6373,true
2021,3,T40.5,Cocaine,2222,true
2021,3,T40.7,Cannabis,123,true
2021,3,T43.6,"Psychostimulants (methamphetamine, amphetamines, MDMA)",3062,true
2021,4,T40.1,Heroin,925,true
2021,4,T40.2,Other opioids (natural & semi-synthetic),1314,true
2021,4,T40.3,Methadone,345,true
2021,4,T40.4,Synthetic opioids excl. methadone (fentanyl),6409,true
2021,4,T40.5,Cocaine,2371,true
2021,4,T40.7,Cannabis,139,true
2021,4,T43.6,"Psychostimulants (methamphetamine, amphetamines, MDMA)",3105,true
2021,5,T40.1,Heroin,829,true
2021,5,T40.2,Other opioids (natural & semi-synthetic),1264,true
2021,5,T40.3,Methadone,342,true
2021,5,T40.4,Synthetic opioids excl. methadone (fentanyl),6294,true
2021,5,T40.5,Cocaine,2264,true
2021,5,T40.7,Cannabis,138,true
2021,5,T43.6,"Psychostimulants (methamphetamine, amphetamines, MDMA)",3103,true
2021,6,T40.1,Heroin,735,true
2021,6,T40.2,Other opioids (natural & semi-synthetic),1196,true
2021,6,T40.3,Methadone,303,true
2021,6,T40.4,Synthetic opioids excl. methadone (fentanyl),6080,true
2021,6,T40.5,Cocaine,2167,true
2021,6,T40.7,Cannabis,104,true
2021,6,T43.6,"Psychostimulants (methamphetamine, amphetamines, MDMA)",3041,true
2021,7,T40.1,Heroin,820,true
2021,7,T40.2,Other opioids (natural & semi-synthetic),1196,true
2021,7,T40.3,Methadone,302,true
2021,7,T40.4,Synthetic opioids excl. methadone (fentanyl),6218,true
2021,7,T40.5,Cocaine,2266,true
2021,7,T40.7,Cannabis,126,true
2021,7,T43.6,"Psychostimulants (methamphetamine, amphetamines, MDMA)",3285,true
2021,8,T40.1,Heroin,764,true
2021,8,T40.2,Other opioids (natural & semi-synthetic),1217,true
2021,8,T40.3,Methadone,321,true
2021,8,T40.4,Synthetic opioids excl. methadone (fentanyl),6293,true
2021,8,T40.5,Cocaine,2317,true
2021,8,T40.7,Cannabis,123,true
2021,8,T43.6,"Psychostimulants (methamphetamine, amphetamines, MDMA)",3295,true
2021,9,T40.1,Heroin,702,true
2021,9,T40.2,Other opioids (natural & semi-synthetic),1156,true
2021,9,T40.3,Methadone,294,true
2021,9,T40.4,Synthetic opioids excl. methadone (fentanyl),6118,true
2021,9,T40.5,Cocaine,2230,true
2021,9,T40.7,Cannabis,117,true
2021,9,T43.6,"Psychostimulants (methamphetamine, amphetamines, MDMA)",3016,true
2021,10,T40.1,Heroin,670,true
2021,10,T40.2,Other opioids (natural & semi-synthetic),1069,true
2021,10,T40.3,Methadone,281,true
2021,10,T40.4,Synthetic opioids excl. methadone (fentanyl),6057,true
2021,10,T40.5,Cocaine,2256,true
2021,10,T40.7,Cannabis,119,true
2021,10,T43.6,"Psychostimulants (methamphetamine, amphetamines, MDMA)",2947,true
2021,11,T40.1,Heroin,589,true
2021,11,T40.2,Other opioids (natural & semi-synthetic),1058,true
2021,11,T40.3,Methadone,301,true
2021,11,T40.4,Synthetic opioids excl. methadone (fentanyl),5728,true
2021,11,T40.5,Cocaine,2127,true
2021,11,T40.7,Cannabis,98,true
2021,11,T43.6,"Psychostimulants (methamphetamine, amphetamines, MDMA)",2812,true
2021,12,T40.1,Heroin,595,true
2021,12,T40.2,Other opioids (natural & semi-synthetic),1076,true
2021,12,T40.3,Methadone,326,true
2021,12,T40.4,Synthetic opioids excl. methadone (fentanyl),5973,true
2021,12,T40.5,Cocaine,2230,true
2021,12,T40.7,Cannabis,101,true
2021,12,T43.6,"Psychostimulants (methamphetamine, amphetamines, MDMA)",2880,true
2022,1,T40.1,Heroin,631,true
2022,1,T40.2,Other opioids (natural & semi-synthetic),1129,true
2022,1,T40.3,Methadone,326,true
2022,1,T40.4,Synthetic opioids excl. methadone (fentanyl),6138,true
2022,1,T40.5,Cocaine,2280,true
2022,1,T40.7,Cannabis,138,true
2022,1,T43.6,"Psychostimulants (methamphetamine, amphetamines, MDMA)",3074,true
2022,2,T40.1,Heroin,558,true
2022,2,T40.2,Other opioids (natural & semi-synthetic),1045,true
2022,2,T40.3,Methadone,246,true
2022,2,T40.4,Synthetic opioids excl. methadone (fentanyl),5908,true
2022,2,T40.5,Cocaine,2241,true
2022,2,T40.7,Cannabis,118,true
2022,2,T43.6,"Psychostimulants (methamphetamine, amphetamines, MDMA)",2907,true
2022,3,T40.1,Heroin,581,true
2022,3,T40.2,Other opioids (natural & semi-synthetic),1074,true
2022,3,T40.3,Methadone,263,true
2022,3,T40.4,Synthetic opioids excl. methadone (fentanyl),6436,true
2022,3,T40.5,Cocaine,2439,true
2022,3,T40.7,Cannabis,136,true
2022,3,T43.6,"Psychostimulants (methamphetamine, amphetamines, MDMA)",3138,true
2022,4,T40.1,Heroin,514,true
2022,4,T40.2,Other opioids (natural & semi-synthetic),1009,true
2022,4,T40.3,Methadone,261,true
2022,4,T40.4,Synthetic opioids excl. methadone (fentanyl),6000,true
2022,4,T40.5,Cocaine,2365,true
2022,4,T40.7,Cannabis,108,true
2022,4,T43.6,"Psychostimulants (methamphetamine, amphetamines, MDMA)",2818,true
2022,5,T40.1,Heroin,495,true
2022,5,T40.2,Other opioids (natural & semi-synthetic),1030,true
2022,5,T40.3,Methadone,293,true
2022,5,T40.4,Synthetic opioids excl. methadone (fentanyl),6135,true
2022,5,T40.5,Cocaine,2421,true
2022,5,T40.7,Cannabis,117,true
2022,5,T43.6,"Psychostimulants (methamphetamine, amphetamines, MDMA)",2984,true
2022,6,T40.1,Heroin,493,true
2022,6,T40.2,Other opioids (natural & semi-synthetic),1041,true
2022,6,T40.3,Methadone,283,true
2022,6,T40.4,Synthetic opioids excl. methadone (fentanyl),6096,true
2022,6,T40.5,Cocaine,2374,true
2022,6,T40.7,Cannabis,114,true
2022,6,T43.6,"Psychostimulants (methamphetamine, amphetamines, MDMA)",3109,true
2022,7,T40.1,Heroin,508,true
2022,7,T40.2,Other opioids (natural & semi-synthetic),1097,true
2022,7,T40.3,Methadone,306,true
2022,7,T40.4,Synthetic opioids excl. methadone (fentanyl),6534,true
2022,7,T40.5,Cocaine,2470,true
2022,7,T40.7,Cannabis,122,true
2022,7,T43.6,"Psychostimulants (methamphetamine, amphetamines, MDMA)",3522,true
2022,8,T40.1,Heroin,480,true
2022,8,T40.2,Other opioids (natural & semi-synthetic),987,true
2022,8,T40.3,Methadone,317,true
2022,8,T40.4,Synthetic opioids excl. methadone (fentanyl),6479,true
2022,8,T40.5,Cocaine,2544,true
2022,8,T40.7,Cannabis,121,true
2022,8,T43.6,"Psychostimulants (methamphetamine, amphetamines, MDMA)",3152,true
2022,9,T40.1,Heroin,445,true
2022,9,T40.2,Other opioids (natural & semi-synthetic),1040,true
2022,9,T40.3,Methadone,257,true
2022,9,T40.4,Synthetic opioids excl. methadone (fentanyl),6143,true
2022,9,T40.5,Cocaine,2448,true
2022,9,T40.7,Cannabis,115,true
2022,9,T43.6,"Psychostimulants (methamphetamine, amphetamines, MDMA)",3012,true
2022,10,T40.1,Heroin,425,true
2022,10,T40.2,Other opioids (natural & semi-synthetic),1023,true
2022,10,T40.3,Methadone,294,true
2022,10,T40.4,Synthetic opioids excl. methadone (fentanyl),6594,true
2022,10,T40.5,Cocaine,2563,true
2022,10,T40.7,Cannabis,121,true
2022,10,T43.6,"Psychostimulants (methamphetamine, amphetamines, MDMA)",3102,true
2022,11,T40.1,Heroin,404,true
2022,11,T40.2,Other opioids (natural & semi-synthetic),921,true
2022,11,T40.3,Methadone,293,true
2022,11,T40.4,Synthetic opioids excl. methadone (fentanyl),6336,true
2022,11,T40.5,Cocaine,2484,true
2022,11,T40.7,Cannabis,110,true
2022,11,T43.6,"Psychostimulants (methamphetamine, amphetamines, MDMA)",2982,true
2022,12,T40.1,Heroin,452,true
2022,12,T40.2,Other opioids (natural & semi-synthetic),998,true
2022,12,T40.3,Methadone,326,true
2022,12,T40.4,Synthetic opioids excl. methadone (fentanyl),6773,true
2022,12,T40.5,Cocaine,2677,true
2022,12,T40.7,Cannabis,118,true
2022,12,T43.6,"Psychostimulants (methamphetamine, amphetamines, MDMA)",3392,true
2023,1,T40.1,Heroin,375,true
2023,1,T40.2,Other opioids (natural & semi-synthetic),939,true
2023,1,T40.3,Methadone,297,true
2023,1,T40.4,Synthetic opioids excl. methadone (fentanyl),6645,true
2023,1,T40.5,Cocaine,2690,true
2023,1,T40.7,Cannabis,119,true
2023,1,T43.6,"Psychostimulants (methamphetamine, amphetamines, MDMA)",3304,true
2023,2,T40.1,Heroin,381,true
2023,2,T40.2,Other opioids (natural & semi-synthetic),892,true
2023,2,T40.3,Methadone,269,true
2023,2,T40.4,Synthetic opioids excl. methadone (fentanyl),6078,true
2023,2,T40.5,Cocaine,2432,true
2023,2,T40.7,Cannabis,124,true
2023,2,T43.6,"Psychostimulants (methamphetamine, amphetamines, MDMA)",2980,true
2023,3,T40.1,Heroin,389,true
2023,3,T40.2,Other opioids (natural & semi-synthetic),1036,true
2023,3,T40.3,Methadone,294,true
2023,3,T40.4,Synthetic opioids excl. methadone (fentanyl),6826,true
2023,3,T40.5,Cocaine,2825,true
2023,3,T40.7,Cannabis,154,true
2023,3,T43.6,"Psychostimulants (methamphetamine, amphetamines, MDMA)",3385,true
2023,4,T40.1,Heroin,376,true
2023,4,T40.2,Other opioids (natural & semi-synthetic),963,true
2023,4,T40.3,Methadone,320,true
2023,4,T40.4,Synthetic opioids excl. methadone (fentanyl),6713,true
2023,4,T40.5,Cocaine,2749,true
2023,4,T40.7,Cannabis,127,true
2023,4,T43.6,"Psychostimulants (methamphetamine, amphetamines, MDMA)",3275,true
2023,5,T40.1,Heroin,366,true
2023,5,T40.2,Other opioids (natural & semi-synthetic),973,true
2023,5,T40.3,Methadone,300,true
2023,5,T40.4,Synthetic opioids excl. methadone (fentanyl),6842,true
2023,5,T40.5,Cocaine,2860,true
2023,5,T40.7,Cannabis,148,true
2023,5,T43.6,"Psychostimulants (methamphetamine, amphetamines, MDMA)",3399,true
2023,6,T40.1,Heroin,383,true
2023,6,T40.2,Other opioids (natural & semi-synthetic),869,true
2023,6,T40.3,Methadone,285,true
2023,6,T40.4,Synthetic opioids excl. methadone (fentanyl),6401,true
2023,6,T40.5,Cocaine,2745,true
2023,6,T40.7,Cannabis,97,true
2023,6,T43.6,"Psychostimulants (methamphetamine, amphetamines, MDMA)",3238,true
2023,7,T40.1,Heroin,324,true
2023,7,T40.2,Other opioids (natural & semi-synthetic),880,true
2023,7,T40.3,Methadone,328,true
2023,7,T40.4,Synthetic opioids excl. methadone (fentanyl),6500,true
2023,7,T40.5,Cocaine,2709,true
2023,7,T40.7,Cannabis,111,true
2023,7,T43.6,"Psychostimulants (methamphetamine, amphetamines, MDMA)",3682,true
2023,8,T40.1,Heroin,320,true
2023,8,T40.2,Other opioids (natural & semi-synthetic),845,true
2023,8,T40.3,Methadone,294,true
2023,8,T40.4,Synthetic opioids excl. methadone (fentanyl),6318,true
2023,8,T40.5,Cocaine,2806,true
2023,8,T40.7,Cannabis,132,true
2023,8,T43.6,"Psychostimulants (methamphetamine, amphetamines, MDMA)",3451,true
2023,9,T40.1,Heroin,311,true
2023,9,T40.2,Other opioids (natural & semi-synthetic),786,true
2023,9,T40.3,Methadone,252,true
2023,9,T40.4,Synthetic opioids excl. methadone (fentanyl),5749,true
2023,9,T40.5,Cocaine,2439,true
2023,9,T40.7,Cannabis,116,true
2023,9,T43.6,"Psychostimulants (methamphetamine, amphetamines, MDMA)",2931,true
2023,10,T40.1,Heroin,287,true
2023,10,T40.2,Other opioids (natural & semi-synthetic),834,true
2023,10,T40.3,Methadone,284,true
2023,10,T40.4,Synthetic opioids excl. methadone (fentanyl),5718,true
2023,10,T40.5,Cocaine,2439,true
2023,10,T40.7,Cannabis,96,true
2023,10,T43.6,"Psychostimulants (methamphetamine, amphetamines, MDMA)",2889,true
2023,11,T40.1,Heroin,244,true
2023,11,T40.2,Other opioids (natural & semi-synthetic),768,true
2023,11,T40.3,Methadone,269,true
2023,11,T40.4,Synthetic opioids excl. methadone (fentanyl),5285,true
2023,11,T40.5,Cocaine,2320,true
2023,11,T40.7,Cannabis,103,true
2023,11,T43.6,"Psychostimulants (methamphetamine, amphetamines, MDMA)",2751,true
2023,12,T40.1,Heroin,300,true
2023,12,T40.2,Other opioids (natural & semi-synthetic),770,true
2023,12,T40.3,Methadone,312,true
2023,12,T40.4,Synthetic opioids excl. methadone (fentanyl),5462,true
2023,12,T40.5,Cocaine,2375,true
2023,12,T40.7,Cannabis,125,true
2023,12,T43.6,"Psychostimulants (methamphetamine, amphetamines, MDMA)",2881,true
2024,1,T40.1,Heroin,252,true
2024,1,T40.2,Other opioids (natural & semi-synthetic),881,true
2024,1,T40.3,Methadone,312,true
2024,1,T40.4,Synthetic opioids excl. methadone (fentanyl),5268,true
2024,1,T40.5,Cocaine,2355,true
2024,1,T40.7,Cannabis,101,true
2024,1,T43.6,"Psychostimulants (methamphetamine, amphetamines, MDMA)",2964,true
2024,2,T40.1,Heroin,262,true
2024,2,T40.2,Other opioids (natural & semi-synthetic),762,true
2024,2,T40.3,Methadone,294,true
2024,2,T40.4,Synthetic opioids excl. methadone (fentanyl),4851,true
2024,2,T40.5,Cocaine,2198,true
2024,2,T40.7,Cannabis,103,true
2024,2,T43.6,"Psychostimulants (methamphetamine, amphetamines, MDMA)",2853,true
2024,3,T40.1,Heroin,233,true
2024,3,T40.2,Other opioids (natural & semi-synthetic),749,true
2024,3,T40.3,Methadone,266,true
2024,3,T40.4,Synthetic opioids excl. methadone (fentanyl),4951,true
2024,3,T40.5,Cocaine,2260,true
2024,3,T40.7,Cannabis,109,true
2024,3,T43.6,"Psychostimulants (methamphetamine, amphetamines, MDMA)",2875,true
2024,4,T40.1,Heroin,275,true
2024,4,T40.2,Other opioids (natural & semi-synthetic),753,true
2024,4,T40.3,Methadone,284,true
2024,4,T40.4,Synthetic opioids excl. methadone (fentanyl),4681,true
2024,4,T40.5,Cocaine,2159,true
2024,4,T40.7,Cannabis,111,true
2024,4,T43.6,"Psychostimulants (methamphetamine, amphetamines, MDMA)",2748,true
2024,5,T40.1,Heroin,250,true
2024,5,T40.2,Other opioids (natural & semi-synthetic),764,true
2024,5,T40.3,Methadone,268,true
2024,5,T40.4,Synthetic opioids excl. methadone (fentanyl),4570,true
2024,5,T40.5,Cocaine,2195,true
2024,5,T40.7,Cannabis,88,true
2024,5,T43.6,"Psychostimulants (methamphetamine, amphetamines, MDMA)",2797,true
2024,6,T40.1,Heroin,217,true
2024,6,T40.2,Other opioids (natural & semi-synthetic),706,true
2024,6,T40.3,Methadone,282,true
2024,6,T40.4,Synthetic opioids excl. methadone (fentanyl),4359,true
2024,6,T40.5,Cocaine,2109,true
2024,6,T40.7,Cannabis,98,true
2024,6,T43.6,"Psychostimulants (methamphetamine, amphetamines, MDMA)",2865,true
2024,7,T40.1,Heroin,230,true
2024,7,T40.2,Other opioids (natural & semi-synthetic),692,true
2024,7,T40.3,Methadone,268,true
2024,7,T40.4,Synthetic opioids excl. methadone (fentanyl),3931,true
2024,7,T40.5,Cocaine,2072,true
2024,7,T40.7,Cannabis,103,true
2024,7,T43.6,"Psychostimulants (methamphetamine, amphetamines, MDMA)",2988,true
2024,8,T40.1,Heroin,203,true
2024,8,T40.2,Other opioids (natural & semi-synthetic),689,true
2024,8,T40.3,Methadone,280,true
2024,8,T40.4,Synthetic opioids excl. methadone (fentanyl),3622,true
2024,8,T40.5,Cocaine,1850,true
2024,8,T40.7,Cannabis,98,true
2024,8,T43.6,"Psychostimulants (methamphetamine, amphetamines, MDMA)",2617,true
2024,9,T40.1,Heroin,200,true
2024,9,T40.2,Other opioids (natural & semi-synthetic),614,true
2024,9,T40.3,Methadone,268,true
2024,9,T40.4,Synthetic opioids excl. methadone (fentanyl),3102,true
2024,9,T40.5,Cocaine,1685,true
2024,9,T40.7,Cannabis,96,true
2024,9,T43.6,"Psychostimulants (methamphetamine, amphetamines, MDMA)",2338,true
2024,10,T40.1,Heroin,224,true
2024,10,T40.2,Other opioids (natural & semi-synthetic),615,true
2024,10,T40.3,Methadone,271,true
2024,10,T40.4,Synthetic opioids excl. methadone (fentanyl),3218,true
2024,10,T40.5,Cocaine,1666,true
2024,10,T40.7,Cannabis,90,true
2024,10,T43.6,"Psychostimulants (methamphetamine, amphetamines, MDMA)",2338,true
2024,11,T40.1,Heroin,224,true
2024,11,T40.2,Other opioids (natural & semi-synthetic),565,true
2024,11,T40.3,Methadone,274,true
2024,11,T40.4,Synthetic opioids excl. methadone (fentanyl),3182,true
2024,11,T40.5,Cocaine,1592,true
2024,11,T40.7,Cannabis,101,true
2024,11,T43.6,"Psychostimulants (methamphetamine, amphetamines, MDMA)",2348,true
2024,12,T40.1,Heroin,222,true
2024,12,T40.2,Other opioids (natural & semi-synthetic),646,true
2024,12,T40.3,Methadone,309,true
2024,12,T40.4,Synthetic opioids excl. methadone (fentanyl),3414,true
2024,12,T40.5,Cocaine,1698,true
2024,12,T40.7,Cannabis,100,true
2024,12,T43.6,"Psychostimulants (methamphetamine, amphetamines, MDMA)",2543,true
