stateabbr,measureid,data_value_type,data_value,population
AK,ACCESS2,AgeAdjPrv,10.2,733406
AK,ACCESS2,CrdPrv,10.1,733406
AK,ARTHRITIS,AgeAdjPrv,22.4,733406
AK,ARTHRITIS,CrdPrv,23.3,733406
AK,BINGE,AgeAdjPrv,18.0,733406
AK,BINGE,CrdPrv,17.6,733406
AK,BPHIGH,AgeAdjPrv,31.6,733406
AK,BPHIGH,CrdPrv,32.6,733406
AK,BPMED,AgeAdjPrv,51.0,733406
AK,BPMED,CrdPrv,67.9,733406
AK,CANCER,AgeAdjPrv,6.7,733406
AK,CANCER,CrdPrv,7.0,733406
AK,CASTHMA,AgeAdjPrv,10.6,733406
AK,CASTHMA,CrdPrv,10.7,733406
AK,CHD,AgeAdjPrv,5.5,733406
AK,CHD,CrdPrv,5.8,733406
AK,CHECKUP,AgeAdjPrv,68.2,733406
AK,CHECKUP,CrdPrv,68.8,733406
AK,CHOLSCREEN,AgeAdjPrv,79.0,733406
AK,CHOLSCREEN,CrdPrv,79.5,733406
AK,COGNITION,AgeAdjPrv,14.2,733406
AK,COGNITION,CrdPrv,14.1,733406
AK,COLON_SCREEN,AgeAdjPrv,54.1,733406
AK,COLON_SCREEN,CrdPrv,59.1,733406
AK,COPD,AgeAdjPrv,5.8,733406
AK,COPD,CrdPrv,6.1,733406
AK,CSMOKING,AgeAdjPrv,16.3,733406
AK,CSMOKING,CrdPrv,16.2,733406
AK,DENTAL,AgeAdjPrv,59.5,733406
AK,DENTAL,CrdPrv,59.4,733406
AK,DEPRESSION,AgeAdjPrv,20.8,733406
AK,DEPRESSION,CrdPrv,20.7,733406
AK,DIABETES,AgeAdjPrv,9.1,733406
AK,DIABETES,CrdPrv,9.5,733406
AK,DISABILITY,AgeAdjPrv,29.6,733406
AK,DISABILITY,CrdPrv,29.7,733406
AK,EMOTIONSPT,AgeAdjPrv,25.6,733406
AK,EMOTIONSPT,CrdPrv,25.5,733406
AK,FOODINSECU,AgeAdjPrv,14.6,733406
AK,FOODINSECU,CrdPrv,14.5,733406
AK,FOODSTAMP,AgeAdjPrv,10.4,733406
AK,FOODSTAMP,CrdPrv,10.3,733406
AK,GHLTH,AgeAdjPrv,18.6,733406
AK,GHLTH,CrdPrv,18.8,733406
AK,HEARING,AgeAdjPrv,7.7,733406
AK,HEARING,CrdPrv,7.7,733406
AK,HIGHCHOL,AgeAdjPrv,30.4,733406
AK,HIGHCHOL,CrdPrv,33.4,733406
AK,HOUSINSECU,AgeAdjPrv,12.7,733406
AK,HOUSINSECU,CrdPrv,12.4,733406
AK,INDEPLIVE,AgeAdjPrv,7.8,733406
AK,INDEPLIVE,CrdPrv,7.7,733406
AK,LACKTRPT,AgeAdjPrv,9.3,733406
AK,LACKTRPT,CrdPrv,9.2,733406
AK,LONELINESS,AgeAdjPrv,33.6,733406
AK,LONELINESS,CrdPrv,33.4,733406
AK,LPA,AgeAdjPrv,21.8,733406
AK,LPA,CrdPrv,21.8,733406
AK,MAMMOUSE,AgeAdjPrv,65.2,733406
AK,MAMMOUSE,CrdPrv,65.9,733406
AK,MHLTH,AgeAdjPrv,16.4,733406
AK,MHLTH,CrdPrv,16.2,733406
AK,MOBILITY,AgeAdjPrv,11.6,733406
AK,MOBILITY,CrdPrv,12.0,733406
AK,OBESITY,AgeAdjPrv,35.4,733406
AK,OBESITY,CrdPrv,35.5,733406
AK,PHLTH,AgeAdjPrv,13.0,733406
AK,PHLTH,CrdPrv,13.2,733406
AK,SELFCARE,AgeAdjPrv,3.3,733406
AK,SELFCARE,CrdPrv,3.4,733406
AK,SHUTUTILITY,AgeAdjPrv,8.6,733406
AK,SHUTUTILITY,CrdPrv,8.3,733406
AK,SLEEP,AgeAdjPrv,35.3,733406
AK,SLEEP,CrdPrv,35.2,733406
AK,STROKE,AgeAdjPrv,3.0,733406
AK,STROKE,CrdPrv,3.1,733406
AK,TEETHLOST,AgeAdjPrv,15.0,733406
AK,TEETHLOST,CrdPrv,13.7,733406
AK,VISION,AgeAdjPrv,4.7,733406
AK,VISION,CrdPrv,4.8,733406
AL,ACCESS2,AgeAdjPrv,10.3,5108468
AL,ACCESS2,CrdPrv,9.9,5108468
AL,ARTHRITIS,AgeAdjPrv,26.6,5108468
AL,ARTHRITIS,CrdPrv,30.3,5108468
AL,BINGE,AgeAdjPrv,15.4,5108468
AL,BINGE,CrdPrv,14.1,5108468
AL,BPHIGH,AgeAdjPrv,39.6,5108468
AL,BPHIGH,CrdPrv,43.3,5108468
AL,BPMED,AgeAdjPrv,61.6,5108468
AL,BPMED,CrdPrv,78.0,5108468
AL,CANCER,AgeAdjPrv,6.8,5108468
AL,CANCER,CrdPrv,8.2,5108468
AL,CASTHMA,AgeAdjPrv,10.1,5108468
AL,CASTHMA,CrdPrv,10.0,5108468
AL,CHD,AgeAdjPrv,6.0,5108468
AL,CHD,CrdPrv,7.3,5108468
AL,CHECKUP,AgeAdjPrv,78.7,5108468
AL,CHECKUP,CrdPrv,80.4,5108468
AL,CHOLSCREEN,AgeAdjPrv,84.3,5108468
AL,CHOLSCREEN,CrdPrv,85.8,5108468
AL,COGNITION,AgeAdjPrv,16.7,5108468
AL,COGNITION,CrdPrv,16.1,5108468
AL,COLON_SCREEN,AgeAdjPrv,61.8,5108468
AL,COLON_SCREEN,CrdPrv,67.0,5108468
AL,COPD,AgeAdjPrv,7.0,5108468
AL,COPD,CrdPrv,8.0,5108468
AL,CSMOKING,AgeAdjPrv,15.6,5108468
AL,CSMOKING,CrdPrv,15.1,5108468
AL,DENTAL,AgeAdjPrv,56.2,5108468
AL,DENTAL,CrdPrv,56.9,5108468
AL,DEPRESSION,AgeAdjPrv,24.1,5108468
AL,DEPRESSION,CrdPrv,23.3,5108468
AL,DIABETES,AgeAdjPrv,12.8,5108468
AL,DIABETES,CrdPrv,14.8,5108468
AL,DISABILITY,AgeAdjPrv,34.9,5108468
AL,DISABILITY,CrdPrv,36.5,5108468
AL,EMOTIONSPT,AgeAdjPrv,25.5,5108468
AL,EMOTIONSPT,CrdPrv,24.8,5108468
AL,FOODINSECU,AgeAdjPrv,20.0,5108468
AL,FOODINSECU,CrdPrv,19.2,5108468
AL,FOODSTAMP,AgeAdjPrv,14.8,5108468
AL,FOODSTAMP,CrdPrv,14.1,5108468
AL,GHLTH,AgeAdjPrv,21.8,5108468
AL,GHLTH,CrdPrv,22.8,5108468
AL,HEARING,AgeAdjPrv,7.1,5108468
AL,HEARING,CrdPrv,8.2,5108468
AL,HIGHCHOL,AgeAdjPrv,35.6,5108468
AL,HIGHCHOL,CrdPrv,40.7,5108468
AL,HOUSINSECU,AgeAdjPrv,15.2,5108468
AL,HOUSINSECU,CrdPrv,13.9,5108468
AL,INDEPLIVE,AgeAdjPrv,9.6,5108468
AL,INDEPLIVE,CrdPrv,9.8,5108468
AL,LACKTRPT,AgeAdjPrv,10.3,5108468
AL,LACKTRPT,CrdPrv,9.8,5108468
AL,LONELINESS,AgeAdjPrv,36.3,5108468
AL,LONELINESS,CrdPrv,35.4,5108468
AL,LPA,AgeAdjPrv,27.8,5108468
AL,LPA,CrdPrv,28.7,5108468
AL,MAMMOUSE,AgeAdjPrv,77.3,5108468
AL,MAMMOUSE,CrdPrv,77.9,5108468
AL,MHLTH,AgeAdjPrv,18.2,5108468
AL,MHLTH,CrdPrv,17.2,5108468
AL,MOBILITY,AgeAdjPrv,15.0,5108468
AL,MOBILITY,CrdPrv,17.1,5108468
AL,OBESITY,AgeAdjPrv,39.6,5108468
AL,OBESITY,CrdPrv,39.4,5108468
AL,PHLTH,AgeAdjPrv,13.4,5108468
AL,PHLTH,CrdPrv,14.2,5108468
AL,SELFCARE,AgeAdjPrv,4.2,5108468
AL,SELFCARE,CrdPrv,4.6,5108468
AL,SHUTUTILITY,AgeAdjPrv,10.5,5108468
AL,SHUTUTILITY,CrdPrv,9.6,5108468
AL,SLEEP,AgeAdjPrv,40.1,5108468
AL,SLEEP,CrdPrv,39.1,5108468
AL,STROKE,AgeAdjPrv,3.5,5108468
AL,STROKE,CrdPrv,4.1,5108468
AL,TEETHLOST,AgeAdjPrv,15.8,5108468
AL,TEETHLOST,CrdPrv,15.4,5108468
AL,VISION,AgeAdjPrv,5.6,5108468
AL,VISION,CrdPrv,6.0,5108468
AR,ACCESS2,AgeAdjPrv,11.7,3067732
AR,ACCESS2,CrdPrv,11.3,3067732
AR,ARTHRITIS,AgeAdjPrv,25.1,3067732
AR,ARTHRITIS,CrdPrv,28.5,3067732
AR,BINGE,AgeAdjPrv,15.8,3067732
AR,BINGE,CrdPrv,14.6,3067732
AR,BPHIGH,AgeAdjPrv,38.0,3067732
AR,BPHIGH,CrdPrv,41.4,3067732
AR,BPMED,AgeAdjPrv,60.0,3067732
AR,BPMED,CrdPrv,76.8,3067732
AR,CANCER,AgeAdjPrv,6.9,3067732
AR,CANCER,CrdPrv,8.2,3067732
AR,CASTHMA,AgeAdjPrv,10.4,3067732
AR,CASTHMA,CrdPrv,10.3,3067732
AR,CHD,AgeAdjPrv,6.4,3067732
AR,CHD,CrdPrv,7.7,3067732
AR,CHECKUP,AgeAdjPrv,77.3,3067732
AR,CHECKUP,CrdPrv,79.0,3067732
AR,CHOLSCREEN,AgeAdjPrv,83.3,3067732
AR,CHOLSCREEN,CrdPrv,84.8,3067732
AR,COGNITION,AgeAdjPrv,18.7,3067732
AR,COGNITION,CrdPrv,18.1,3067732
AR,COLON_SCREEN,AgeAdjPrv,56.3,3067732
AR,COLON_SCREEN,CrdPrv,61.6,3067732
AR,COPD,AgeAdjPrv,7.5,3067732
AR,COPD,CrdPrv,8.6,3067732
AR,CSMOKING,AgeAdjPrv,16.3,3067732
AR,CSMOKING,CrdPrv,15.8,3067732
AR,DENTAL,AgeAdjPrv,54.1,3067732
AR,DENTAL,CrdPrv,54.8,3067732
AR,DEPRESSION,AgeAdjPrv,25.3,3067732
AR,DEPRESSION,CrdPrv,24.6,3067732
AR,DIABETES,AgeAdjPrv,11.5,3067732
AR,DIABETES,CrdPrv,13.3,3067732
AR,DISABILITY,AgeAdjPrv,36.5,3067732
AR,DISABILITY,CrdPrv,38.1,3067732
AR,EMOTIONSPT,AgeAdjPrv,27.6,3067732
AR,EMOTIONSPT,CrdPrv,27.0,3067732
AR,FOODINSECU,AgeAdjPrv,19.3,3067732
AR,FOODINSECU,CrdPrv,18.5,3067732
AR,FOODSTAMP,AgeAdjPrv,12.2,3067732
AR,FOODSTAMP,CrdPrv,11.6,3067732
AR,GHLTH,AgeAdjPrv,23.4,3067732
AR,GHLTH,CrdPrv,24.4,3067732
AR,HEARING,AgeAdjPrv,7.4,3067732
AR,HEARING,CrdPrv,8.6,3067732
AR,HIGHCHOL,AgeAdjPrv,33.2,3067732
AR,HIGHCHOL,CrdPrv,37.9,3067732
AR,HOUSINSECU,AgeAdjPrv,15.6,3067732
AR,HOUSINSECU,CrdPrv,14.4,3067732
AR,INDEPLIVE,AgeAdjPrv,9.8,3067732
AR,INDEPLIVE,CrdPrv,10.0,3067732
AR,LACKTRPT,AgeAdjPrv,10.2,3067732
AR,LACKTRPT,CrdPrv,9.7,3067732
AR,LONELINESS,AgeAdjPrv,35.0,3067732
AR,LONELINESS,CrdPrv,34.2,3067732
AR,LPA,AgeAdjPrv,31.1,3067732
AR,LPA,CrdPrv,32.1,3067732
AR,MAMMOUSE,AgeAdjPrv,70.7,3067732
AR,MAMMOUSE,CrdPrv,71.4,3067732
AR,MHLTH,AgeAdjPrv,19.5,3067732
AR,MHLTH,CrdPrv,18.5,3067732
AR,MOBILITY,AgeAdjPrv,15.5,3067732
AR,MOBILITY,CrdPrv,17.6,3067732
AR,OBESITY,AgeAdjPrv,39.5,3067732
AR,OBESITY,CrdPrv,39.3,3067732
AR,PHLTH,AgeAdjPrv,14.8,3067732
AR,PHLTH,CrdPrv,15.6,3067732
AR,SELFCARE,AgeAdjPrv,4.2,3067732
AR,SELFCARE,CrdPrv,4.6,3067732
AR,SHUTUTILITY,AgeAdjPrv,11.4,3067732
AR,SHUTUTILITY,CrdPrv,10.4,3067732
AR,SLEEP,AgeAdjPrv,39.1,3067732
AR,SLEEP,CrdPrv,38.1,3067732
AR,STROKE,AgeAdjPrv,3.4,3067732
AR,STROKE,CrdPrv,4.0,3067732
AR,TEETHLOST,AgeAdjPrv,18.9,3067732
AR,TEETHLOST,CrdPrv,18.6,3067732
AR,VISION,AgeAdjPrv,5.8,3067732
AR,VISION,CrdPrv,6.2,3067732
AZ,ACCESS2,AgeAdjPrv,13.6,7431344
AZ,ACCESS2,CrdPrv,13.3,7431344
AZ,ARTHRITIS,AgeAdjPrv,21.8,7431344
AZ,ARTHRITIS,CrdPrv,25.2,7431344
AZ,BINGE,AgeAdjPrv,16.7,7431344
AZ,BINGE,CrdPrv,15.4,7431344
AZ,BPHIGH,AgeAdjPrv,29.3,7431344
AZ,BPHIGH,CrdPrv,32.7,7431344
AZ,BPMED,AgeAdjPrv,53.6,7431344
AZ,BPMED,CrdPrv,73.9,7431344
AZ,CANCER,AgeAdjPrv,7.2,7431344
AZ,CANCER,CrdPrv,8.8,7431344
AZ,CASTHMA,AgeAdjPrv,10.5,7431344
AZ,CASTHMA,CrdPrv,10.4,7431344
AZ,CHD,AgeAdjPrv,5.2,7431344
AZ,CHD,CrdPrv,6.4,7431344
AZ,CHECKUP,AgeAdjPrv,71.8,7431344
AZ,CHECKUP,CrdPrv,73.9,7431344
AZ,CHOLSCREEN,AgeAdjPrv,83.7,7431344
AZ,CHOLSCREEN,CrdPrv,85.1,7431344
AZ,COGNITION,AgeAdjPrv,14.7,7431344
AZ,COGNITION,CrdPrv,14.2,7431344
AZ,COLON_SCREEN,AgeAdjPrv,54.7,7431344
AZ,COLON_SCREEN,CrdPrv,60.1,7431344
AZ,COPD,AgeAdjPrv,5.7,7431344
AZ,COPD,CrdPrv,6.6,7431344
AZ,CSMOKING,AgeAdjPrv,11.9,7431344
AZ,CSMOKING,CrdPrv,11.4,7431344
AZ,DENTAL,AgeAdjPrv,59.4,7431344
AZ,DENTAL,CrdPrv,59.9,7431344
AZ,DEPRESSION,AgeAdjPrv,20.1,7431344
AZ,DEPRESSION,CrdPrv,19.5,7431344
AZ,DIABETES,AgeAdjPrv,9.9,7431344
AZ,DIABETES,CrdPrv,11.3,7431344
AZ,DISABILITY,AgeAdjPrv,29.7,7431344
AZ,DISABILITY,CrdPrv,31.4,7431344
AZ,EMOTIONSPT,AgeAdjPrv,26.4,7431344
AZ,EMOTIONSPT,CrdPrv,25.7,7431344
AZ,FOODINSECU,AgeAdjPrv,16.7,7431344
AZ,FOODINSECU,CrdPrv,15.9,7431344
AZ,FOODSTAMP,AgeAdjPrv,11.8,7431344
AZ,FOODSTAMP,CrdPrv,11.1,7431344
AZ,GHLTH,AgeAdjPrv,18.7,7431344
AZ,GHLTH,CrdPrv,19.5,7431344
AZ,HEARING,AgeAdjPrv,6.8,7431344
AZ,HEARING,CrdPrv,8.1,7431344
AZ,HIGHCHOL,AgeAdjPrv,32.7,7431344
AZ,HIGHCHOL,CrdPrv,37.2,7431344
AZ,HOUSINSECU,AgeAdjPrv,13.1,7431344
AZ,HOUSINSECU,CrdPrv,12.0,7431344
AZ,INDEPLIVE,AgeAdjPrv,7.4,7431344
AZ,INDEPLIVE,CrdPrv,7.6,7431344
AZ,LACKTRPT,AgeAdjPrv,9.2,7431344
AZ,LACKTRPT,CrdPrv,8.7,7431344
AZ,LONELINESS,AgeAdjPrv,32.7,7431344
AZ,LONELINESS,CrdPrv,32.0,7431344
AZ,LPA,AgeAdjPrv,21.2,7431344
AZ,LPA,CrdPrv,21.9,7431344
AZ,MAMMOUSE,AgeAdjPrv,72.4,7431344
AZ,MAMMOUSE,CrdPrv,72.7,7431344
AZ,MHLTH,AgeAdjPrv,16.2,7431344
AZ,MHLTH,CrdPrv,15.4,7431344
AZ,MOBILITY,AgeAdjPrv,12.1,7431344
AZ,MOBILITY,CrdPrv,13.8,7431344
AZ,OBESITY,AgeAdjPrv,31.7,7431344
AZ,OBESITY,CrdPrv,31.3,7431344
AZ,PHLTH,AgeAdjPrv,12.3,7431344
AZ,PHLTH,CrdPrv,12.9,7431344
AZ,SELFCARE,AgeAdjPrv,3.5,7431344
AZ,SELFCARE,CrdPrv,3.7,7431344
AZ,SHUTUTILITY,AgeAdjPrv,8.0,7431344
AZ,SHUTUTILITY,CrdPrv,7.2,7431344
AZ,SLEEP,AgeAdjPrv,36.2,7431344
AZ,SLEEP,CrdPrv,35.2,7431344
AZ,STROKE,AgeAdjPrv,2.9,7431344
AZ,STROKE,CrdPrv,3.4,7431344
AZ,TEETHLOST,AgeAdjPrv,14.9,7431344
AZ,TEETHLOST,CrdPrv,14.8,7431344
AZ,VISION,AgeAdjPrv,5.3,7431344
AZ,VISION,CrdPrv,5.5,7431344
CA,ACCESS2,AgeAdjPrv,10.8,38965193
CA,ACCESS2,CrdPrv,10.7,38965193
CA,ARTHRITIS,AgeAdjPrv,19.0,38965193
CA,ARTHRITIS,CrdPrv,20.8,38965193
CA,BINGE,AgeAdjPrv,16.1,38965193
CA,BINGE,CrdPrv,15.3,38965193
CA,BPHIGH,AgeAdjPrv,28.5,38965193
CA,BPHIGH,CrdPrv,30.5,38965193
CA,BPMED,AgeAdjPrv,52.2,38965193
CA,BPMED,CrdPrv,71.2,38965193
CA,CANCER,AgeAdjPrv,5.7,38965193
CA,CANCER,CrdPrv,6.4,38965193
CA,CASTHMA,AgeAdjPrv,9.3,38965193
CA,CASTHMA,CrdPrv,9.3,38965193
CA,CHD,AgeAdjPrv,5.0,38965193
CA,CHD,CrdPrv,5.6,38965193
CA,CHECKUP,AgeAdjPrv,70.6,38965193
CA,CHECKUP,CrdPrv,71.8,38965193
CA,CHOLSCREEN,AgeAdjPrv,84.5,38965193
CA,CHOLSCREEN,CrdPrv,85.3,38965193
CA,COGNITION,AgeAdjPrv,14.9,38965193
CA,COGNITION,CrdPrv,14.6,38965193
CA,COLON_SCREEN,AgeAdjPrv,53.5,38965193
CA,COLON_SCREEN,CrdPrv,57.4,38965193
CA,COPD,AgeAdjPrv,4.6,38965193
CA,COPD,CrdPrv,5.1,38965193
CA,CSMOKING,AgeAdjPrv,11.1,38965193
CA,CSMOKING,CrdPrv,10.9,38965193
CA,DENTAL,AgeAdjPrv,62.5,38965193
CA,DENTAL,CrdPrv,62.7,38965193
CA,DEPRESSION,AgeAdjPrv,20.5,38965193
CA,DEPRESSION,CrdPrv,20.2,38965193
CA,DIABETES,AgeAdjPrv,10.7,38965193
CA,DIABETES,CrdPrv,11.7,38965193
CA,DISABILITY,AgeAdjPrv,29.6,38965193
CA,DISABILITY,CrdPrv,30.4,38965193
CA,EMOTIONSPT,AgeAdjPrv,29.0,38965193
CA,EMOTIONSPT,CrdPrv,28.6,38965193
CA,FOODINSECU,AgeAdjPrv,18.5,38965193
CA,FOODINSECU,CrdPrv,18.1,38965193
CA,FOODSTAMP,AgeAdjPrv,16.0,38965193
CA,FOODSTAMP,CrdPrv,15.7,38965193
CA,GHLTH,AgeAdjPrv,21.7,38965193
CA,GHLTH,CrdPrv,22.2,38965193
CA,HEARING,AgeAdjPrv,5.5,38965193
CA,HEARING,CrdPrv,5.9,38965193
CA,HIGHCHOL,AgeAdjPrv,31.9,38965193
CA,HIGHCHOL,CrdPrv,35.4,38965193
CA,HOUSINSECU,AgeAdjPrv,15.7,38965193
CA,HOUSINSECU,CrdPrv,15.0,38965193
CA,INDEPLIVE,AgeAdjPrv,8.0,38965193
CA,INDEPLIVE,CrdPrv,8.1,38965193
CA,LACKTRPT,AgeAdjPrv,9.6,38965193
CA,LACKTRPT,CrdPrv,9.3,38965193
CA,LONELINESS,AgeAdjPrv,37.8,38965193
CA,LONELINESS,CrdPrv,37.3,38965193
CA,LPA,AgeAdjPrv,24.3,38965193
CA,LPA,CrdPrv,24.7,38965193
CA,MAMMOUSE,AgeAdjPrv,75.3,38965193
CA,MAMMOUSE,CrdPrv,75.7,38965193
CA,MHLTH,AgeAdjPrv,16.9,38965193
CA,MHLTH,CrdPrv,16.4,38965193
CA,MOBILITY,AgeAdjPrv,12.8,38965193
CA,MOBILITY,CrdPrv,13.8,38965193
CA,OBESITY,AgeAdjPrv,28.0,38965193
CA,OBESITY,CrdPrv,28.0,38965193
CA,PHLTH,AgeAdjPrv,13.0,38965193
CA,PHLTH,CrdPrv,13.4,38965193
CA,SELFCARE,AgeAdjPrv,3.7,38965193
CA,SELFCARE,CrdPrv,3.9,38965193
CA,SHUTUTILITY,AgeAdjPrv,7.7,38965193
CA,SHUTUTILITY,CrdPrv,7.3,38965193
CA,SLEEP,AgeAdjPrv,35.6,38965193
CA,SLEEP,CrdPrv,35.2,38965193
CA,STROKE,AgeAdjPrv,2.9,38965193
CA,STROKE,CrdPrv,3.1,38965193
CA,TEETHLOST,AgeAdjPrv,10.9,38965193
CA,TEETHLOST,CrdPrv,10.7,38965193
CA,VISION,AgeAdjPrv,5.5,38965193
CA,VISION,CrdPrv,5.7,38965193
CO,ACCESS2,AgeAdjPrv,11.2,5877610
CO,ACCESS2,CrdPrv,11.1,5877610
CO,ARTHRITIS,AgeAdjPrv,21.4,5877610
CO,ARTHRITIS,CrdPrv,22.9,5877610
CO,BINGE,AgeAdjPrv,19.5,5877610
CO,BINGE,CrdPrv,18.9,5877610
CO,BPHIGH,AgeAdjPrv,25.7,5877610
CO,BPHIGH,CrdPrv,27.1,5877610
CO,BPMED,AgeAdjPrv,50.5,5877610
CO,BPMED,CrdPrv,69.5,5877610
CO,CANCER,AgeAdjPrv,7.2,5877610
CO,CANCER,CrdPrv,7.8,5877610
CO,CASTHMA,AgeAdjPrv,10.9,5877610
CO,CASTHMA,CrdPrv,10.9,5877610
CO,CHD,AgeAdjPrv,4.7,5877610
CO,CHD,CrdPrv,5.1,5877610
CO,CHECKUP,AgeAdjPrv,70.5,5877610
CO,CHECKUP,CrdPrv,71.4,5877610
CO,CHOLSCREEN,AgeAdjPrv,84.6,5877610
CO,CHOLSCREEN,CrdPrv,85.2,5877610
CO,COGNITION,AgeAdjPrv,14.1,5877610
CO,COGNITION,CrdPrv,13.9,5877610
CO,COLON_SCREEN,AgeAdjPrv,58.0,5877610
CO,COLON_SCREEN,CrdPrv,62.3,5877610
CO,COPD,AgeAdjPrv,4.8,5877610
CO,COPD,CrdPrv,5.3,5877610
CO,CSMOKING,AgeAdjPrv,11.0,5877610
CO,CSMOKING,CrdPrv,10.9,5877610
CO,DENTAL,AgeAdjPrv,64.4,5877610
CO,DENTAL,CrdPrv,64.6,5877610
CO,DEPRESSION,AgeAdjPrv,22.9,5877610
CO,DEPRESSION,CrdPrv,22.7,5877610
CO,DIABETES,AgeAdjPrv,8.0,5877610
CO,DIABETES,CrdPrv,8.6,5877610
CO,DISABILITY,AgeAdjPrv,26.6,5877610
CO,DISABILITY,CrdPrv,27.2,5877610
CO,GHLTH,AgeAdjPrv,15.3,5877610
CO,GHLTH,CrdPrv,15.5,5877610
CO,HEARING,AgeAdjPrv,6.0,5877610
CO,HEARING,CrdPrv,6.4,5877610
CO,HIGHCHOL,AgeAdjPrv,28.8,5877610
CO,HIGHCHOL,CrdPrv,31.5,5877610
CO,INDEPLIVE,AgeAdjPrv,6.7,5877610
CO,INDEPLIVE,CrdPrv,6.7,5877610
CO,LPA,AgeAdjPrv,17.5,5877610
CO,LPA,CrdPrv,17.7,5877610
CO,MAMMOUSE,AgeAdjPrv,71.0,5877610
CO,MAMMOUSE,CrdPrv,71.5,5877610
CO,MHLTH,AgeAdjPrv,16.4,5877610
CO,MHLTH,CrdPrv,16.1,5877610
CO,MOBILITY,AgeAdjPrv,9.8,5877610
CO,MOBILITY,CrdPrv,10.4,5877610
CO,OBESITY,AgeAdjPrv,26.2,5877610
CO,OBESITY,CrdPrv,26.2,5877610
CO,PHLTH,AgeAdjPrv,11.6,5877610
CO,PHLTH,CrdPrv,11.9,5877610
CO,SELFCARE,AgeAdjPrv,2.8,5877610
CO,SELFCARE,CrdPrv,2.9,5877610
CO,SLEEP,AgeAdjPrv,31.2,5877610
CO,SLEEP,CrdPrv,30.8,5877610
CO,STROKE,AgeAdjPrv,2.6,5877610
CO,STROKE,CrdPrv,2.7,5877610
CO,TEETHLOST,AgeAdjPrv,9.5,5877610
CO,TEETHLOST,CrdPrv,9.3,5877610
CO,VISION,AgeAdjPrv,4.1,5877610
CO,VISION,CrdPrv,4.2,5877610
CT,ACCESS2,AgeAdjPrv,10.5,3617176
CT,ACCESS2,CrdPrv,10.0,3617176
CT,ARTHRITIS,AgeAdjPrv,21.2,3617176
CT,ARTHRITIS,CrdPrv,24.7,3617176
CT,BINGE,AgeAdjPrv,16.7,3617176
CT,BINGE,CrdPrv,15.4,3617176
CT,BPHIGH,AgeAdjPrv,28.3,3617176
CT,BPHIGH,CrdPrv,32.0,3617176
CT,BPMED,AgeAdjPrv,57.3,3617176
CT,BPMED,CrdPrv,76.5,3617176
CT,CANCER,AgeAdjPrv,7.0,3617176
CT,CANCER,CrdPrv,8.5,3617176
CT,CASTHMA,AgeAdjPrv,11.0,3617176
CT,CASTHMA,CrdPrv,11.0,3617176
CT,CHD,AgeAdjPrv,4.7,3617176
CT,CHD,CrdPrv,5.8,3617176
CT,CHECKUP,AgeAdjPrv,78.4,3617176
CT,CHECKUP,CrdPrv,80.4,3617176
CT,CHOLSCREEN,AgeAdjPrv,88.1,3617176
CT,CHOLSCREEN,CrdPrv,89.5,3617176
CT,COGNITION,AgeAdjPrv,12.8,3617176
CT,COGNITION,CrdPrv,12.3,3617176
CT,COLON_SCREEN,AgeAdjPrv,66.4,3617176
CT,COLON_SCREEN,CrdPrv,72.3,3617176
CT,COPD,AgeAdjPrv,4.8,3617176
CT,COPD,CrdPrv,5.6,3617176
CT,CSMOKING,AgeAdjPrv,10.9,3617176
CT,CSMOKING,CrdPrv,10.6,3617176
CT,DENTAL,AgeAdjPrv,69.6,3617176
CT,DENTAL,CrdPrv,70.7,3617176
CT,DEPRESSION,AgeAdjPrv,21.3,3617176
CT,DEPRESSION,CrdPrv,20.6,3617176
CT,DIABETES,AgeAdjPrv,8.6,3617176
CT,DIABETES,CrdPrv,10.2,3617176
CT,DISABILITY,AgeAdjPrv,23.9,3617176
CT,DISABILITY,CrdPrv,25.3,3617176
CT,EMOTIONSPT,AgeAdjPrv,25.6,3617176
CT,EMOTIONSPT,CrdPrv,25.1,3617176
CT,FOODINSECU,AgeAdjPrv,15.7,3617176
CT,FOODINSECU,CrdPrv,14.9,3617176
CT,FOODSTAMP,AgeAdjPrv,12.4,3617176
CT,FOODSTAMP,CrdPrv,11.7,3617176
CT,GHLTH,AgeAdjPrv,15.6,3617176
CT,GHLTH,CrdPrv,16.2,3617176
CT,HEARING,AgeAdjPrv,5.1,3617176
CT,HEARING,CrdPrv,5.9,3617176
CT,HIGHCHOL,AgeAdjPrv,33.4,3617176
CT,HIGHCHOL,CrdPrv,38.4,3617176
CT,HOUSINSECU,AgeAdjPrv,13.6,3617176
CT,HOUSINSECU,CrdPrv,12.5,3617176
CT,INDEPLIVE,AgeAdjPrv,6.9,3617176
CT,INDEPLIVE,CrdPrv,7.0,3617176
CT,LACKTRPT,AgeAdjPrv,8.8,3617176
CT,LACKTRPT,CrdPrv,8.3,3617176
CT,LONELINESS,AgeAdjPrv,34.0,3617176
CT,LONELINESS,CrdPrv,33.2,3617176
CT,LPA,AgeAdjPrv,24.1,3617176
CT,LPA,CrdPrv,25.1,3617176
CT,MAMMOUSE,AgeAdjPrv,79.1,3617176
CT,MAMMOUSE,CrdPrv,79.4,3617176
CT,MHLTH,AgeAdjPrv,16.7,3617176
CT,MHLTH,CrdPrv,15.8,3617176
CT,MOBILITY,AgeAdjPrv,9.7,3617176
CT,MOBILITY,CrdPrv,11.2,3617176
CT,OBESITY,AgeAdjPrv,30.7,3617176
CT,OBESITY,CrdPrv,30.5,3617176
CT,PHLTH,AgeAdjPrv,11.7,3617176
CT,PHLTH,CrdPrv,12.4,3617176
CT,SELFCARE,AgeAdjPrv,3.2,3617176
CT,SELFCARE,CrdPrv,3.5,3617176
CT,SHUTUTILITY,AgeAdjPrv,9.1,3617176
CT,SHUTUTILITY,CrdPrv,8.4,3617176
CT,SLEEP,AgeAdjPrv,36.7,3617176
CT,SLEEP,CrdPrv,35.8,3617176
CT,STROKE,AgeAdjPrv,2.7,3617176
CT,STROKE,CrdPrv,3.2,3617176
CT,TEETHLOST,AgeAdjPrv,10.0,3617176
CT,TEETHLOST,CrdPrv,9.8,3617176
CT,VISION,AgeAdjPrv,4.6,3617176
CT,VISION,CrdPrv,4.8,3617176
DC,ACCESS2,AgeAdjPrv,6.2,678972
DC,ACCESS2,CrdPrv,6.5,678972
DC,ARTHRITIS,AgeAdjPrv,18.7,678972
DC,ARTHRITIS,CrdPrv,17.4,678972
DC,BINGE,AgeAdjPrv,22.5,678972
DC,BINGE,CrdPrv,23.4,678972
DC,BPHIGH,AgeAdjPrv,30.3,678972
DC,BPHIGH,CrdPrv,28.5,678972
DC,BPMED,AgeAdjPrv,57.2,678972
DC,BPMED,CrdPrv,71.6,678972
DC,CANCER,AgeAdjPrv,6.0,678972
DC,CANCER,CrdPrv,5.6,678972
DC,CASTHMA,AgeAdjPrv,10.2,678972
DC,CASTHMA,CrdPrv,10.2,678972
DC,CHD,AgeAdjPrv,4.1,678972
DC,CHD,CrdPrv,3.8,678972
DC,CHECKUP,AgeAdjPrv,77.0,678972
DC,CHECKUP,CrdPrv,75.8,678972
DC,CHOLSCREEN,AgeAdjPrv,90.2,678972
DC,CHOLSCREEN,CrdPrv,89.3,678972
DC,COGNITION,AgeAdjPrv,11.6,678972
DC,COGNITION,CrdPrv,12.0,678972
DC,COLON_SCREEN,AgeAdjPrv,66.0,678972
DC,COLON_SCREEN,CrdPrv,69.4,678972
DC,COPD,AgeAdjPrv,4.2,678972
DC,COPD,CrdPrv,4.0,678972
DC,CSMOKING,AgeAdjPrv,9.5,678972
DC,CSMOKING,CrdPrv,9.4,678972
DC,DENTAL,AgeAdjPrv,69.3,678972
DC,DENTAL,CrdPrv,69.0,678972
DC,DEPRESSION,AgeAdjPrv,21.0,678972
DC,DEPRESSION,CrdPrv,21.6,678972
DC,DIABETES,AgeAdjPrv,8.5,678972
DC,DIABETES,CrdPrv,7.8,678972
DC,DISABILITY,AgeAdjPrv,22.0,678972
DC,DISABILITY,CrdPrv,21.6,678972
DC,EMOTIONSPT,AgeAdjPrv,22.7,678972
DC,EMOTIONSPT,CrdPrv,22.9,678972
DC,FOODINSECU,AgeAdjPrv,13.8,678972
DC,FOODINSECU,CrdPrv,13.9,678972
DC,FOODSTAMP,AgeAdjPrv,12.8,678972
DC,FOODSTAMP,CrdPrv,13.0,678972
DC,GHLTH,AgeAdjPrv,13.5,678972
DC,GHLTH,CrdPrv,13.1,678972
DC,HEARING,AgeAdjPrv,4.1,678972
DC,HEARING,CrdPrv,3.9,678972
DC,HIGHCHOL,AgeAdjPrv,33.3,678972
DC,HIGHCHOL,CrdPrv,32.8,678972
DC,HOUSINSECU,AgeAdjPrv,12.0,678972
DC,HOUSINSECU,CrdPrv,12.2,678972
DC,INDEPLIVE,AgeAdjPrv,6.5,678972
DC,INDEPLIVE,CrdPrv,6.4,678972
DC,LACKTRPT,AgeAdjPrv,7.8,678972
DC,LACKTRPT,CrdPrv,8.0,678972
DC,LONELINESS,AgeAdjPrv,36.2,678972
DC,LONELINESS,CrdPrv,37.0,678972
DC,LPA,AgeAdjPrv,15.3,678972
DC,LPA,CrdPrv,14.9,678972
DC,MAMMOUSE,AgeAdjPrv,77.0,678972
DC,MAMMOUSE,CrdPrv,77.4,678972
DC,MHLTH,AgeAdjPrv,13.7,678972
DC,MHLTH,CrdPrv,14.1,678972
DC,MOBILITY,AgeAdjPrv,9.9,678972
DC,MOBILITY,CrdPrv,9.2,678972
DC,OBESITY,AgeAdjPrv,25.1,678972
DC,OBESITY,CrdPrv,24.7,678972
DC,PHLTH,AgeAdjPrv,9.6,678972
DC,PHLTH,CrdPrv,9.2,678972
DC,SELFCARE,AgeAdjPrv,3.2,678972
DC,SELFCARE,CrdPrv,2.9,678972
DC,SHUTUTILITY,AgeAdjPrv,7.8,678972
DC,SHUTUTILITY,CrdPrv,7.8,678972
DC,SLEEP,AgeAdjPrv,32.8,678972
DC,SLEEP,CrdPrv,32.8,678972
DC,STROKE,AgeAdjPrv,3.0,678972
DC,STROKE,CrdPrv,2.8,678972
DC,TEETHLOST,AgeAdjPrv,7.3,678972
DC,TEETHLOST,CrdPrv,7.3,678972
DC,VISION,AgeAdjPrv,4.3,678972
DC,VISION,CrdPrv,4.1,678972
DE,ACCESS2,AgeAdjPrv,9.5,1031890
DE,ACCESS2,CrdPrv,9.0,1031890
DE,ARTHRITIS,AgeAdjPrv,23.3,1031890
DE,ARTHRITIS,CrdPrv,28.4,1031890
DE,BINGE,AgeAdjPrv,16.0,1031890
DE,BINGE,CrdPrv,14.2,1031890
DE,BPHIGH,AgeAdjPrv,33.0,1031890
DE,BPHIGH,CrdPrv,38.1,1031890
DE,BPMED,AgeAdjPrv,58.6,1031890
DE,BPMED,CrdPrv,78.0,1031890
DE,CANCER,AgeAdjPrv,7.0,1031890
DE,CANCER,CrdPrv,9.1,1031890
DE,CASTHMA,AgeAdjPrv,10.9,1031890
DE,CASTHMA,CrdPrv,10.8,1031890
DE,CHD,AgeAdjPrv,5.2,1031890
DE,CHD,CrdPrv,6.8,1031890
DE,CHECKUP,AgeAdjPrv,78.4,1031890
DE,CHECKUP,CrdPrv,80.9,1031890
DE,CHOLSCREEN,AgeAdjPrv,85.8,1031890
DE,CHOLSCREEN,CrdPrv,87.9,1031890
DE,COGNITION,AgeAdjPrv,13.8,1031890
DE,COGNITION,CrdPrv,13.1,1031890
DE,COLON_SCREEN,AgeAdjPrv,59.9,1031890
DE,COLON_SCREEN,CrdPrv,67.2,1031890
DE,COPD,AgeAdjPrv,5.8,1031890
DE,COPD,CrdPrv,7.1,1031890
DE,CSMOKING,AgeAdjPrv,12.9,1031890
DE,CSMOKING,CrdPrv,12.6,1031890
DE,DENTAL,AgeAdjPrv,61.8,1031890
DE,DENTAL,CrdPrv,63.1,1031890
DE,DEPRESSION,AgeAdjPrv,22.1,1031890
DE,DEPRESSION,CrdPrv,21.1,1031890
DE,DIABETES,AgeAdjPrv,10.8,1031890
DE,DIABETES,CrdPrv,13.1,1031890
DE,DISABILITY,AgeAdjPrv,28.6,1031890
DE,DISABILITY,CrdPrv,30.6,1031890
DE,EMOTIONSPT,AgeAdjPrv,22.6,1031890
DE,EMOTIONSPT,CrdPrv,21.7,1031890
DE,FOODINSECU,AgeAdjPrv,14.9,1031890
DE,FOODINSECU,CrdPrv,13.9,1031890
DE,FOODSTAMP,AgeAdjPrv,12.5,1031890
DE,FOODSTAMP,CrdPrv,11.7,1031890
DE,GHLTH,AgeAdjPrv,17.7,1031890
DE,GHLTH,CrdPrv,18.8,1031890
DE,HEARING,AgeAdjPrv,5.4,1031890
DE,HEARING,CrdPrv,6.7,1031890
DE,HIGHCHOL,AgeAdjPrv,34.9,1031890
DE,HIGHCHOL,CrdPrv,41.1,1031890
DE,HOUSINSECU,AgeAdjPrv,13.0,1031890
DE,HOUSINSECU,CrdPrv,11.6,1031890
DE,INDEPLIVE,AgeAdjPrv,7.7,1031890
DE,INDEPLIVE,CrdPrv,7.8,1031890
DE,LACKTRPT,AgeAdjPrv,8.3,1031890
DE,LACKTRPT,CrdPrv,7.7,1031890
DE,LONELINESS,AgeAdjPrv,33.1,1031890
DE,LONELINESS,CrdPrv,31.7,1031890
DE,LPA,AgeAdjPrv,26.0,1031890
DE,LPA,CrdPrv,27.2,1031890
DE,MAMMOUSE,AgeAdjPrv,77.7,1031890
DE,MAMMOUSE,CrdPrv,78.5,1031890
DE,MHLTH,AgeAdjPrv,16.8,1031890
DE,MHLTH,CrdPrv,15.5,1031890
DE,MOBILITY,AgeAdjPrv,12.2,1031890
DE,MOBILITY,CrdPrv,14.8,1031890
DE,OBESITY,AgeAdjPrv,35.5,1031890
DE,OBESITY,CrdPrv,35.4,1031890
DE,PHLTH,AgeAdjPrv,12.3,1031890
DE,PHLTH,CrdPrv,13.3,1031890
DE,SELFCARE,AgeAdjPrv,3.3,1031890
DE,SELFCARE,CrdPrv,3.7,1031890
DE,SHUTUTILITY,AgeAdjPrv,8.3,1031890
DE,SHUTUTILITY,CrdPrv,7.5,1031890
DE,SLEEP,AgeAdjPrv,37.0,1031890
DE,SLEEP,CrdPrv,35.8,1031890
DE,STROKE,AgeAdjPrv,3.0,1031890
DE,STROKE,CrdPrv,3.7,1031890
DE,TEETHLOST,AgeAdjPrv,13.5,1031890
DE,TEETHLOST,CrdPrv,12.7,1031890
DE,VISION,AgeAdjPrv,4.6,1031890
DE,VISION,CrdPrv,4.9,1031890
FL,ACCESS2,AgeAdjPrv,16.6,22610726
FL,ACCESS2,CrdPrv,15.9,22610726
FL,ARTHRITIS,AgeAdjPrv,21.5,22610726
FL,ARTHRITIS,CrdPrv,26.5,22610726
FL,BINGE,AgeAdjPrv,16.7,22610726
FL,BINGE,CrdPrv,14.6,22610726
FL,BPHIGH,AgeAdjPrv,31.4,22610726
FL,BPHIGH,CrdPrv,36.6,22610726
FL,BPMED,AgeAdjPrv,58.5,22610726
FL,BPMED,CrdPrv,78.3,22610726
FL,CANCER,AgeAdjPrv,6.8,22610726
FL,CANCER,CrdPrv,9.1,22610726
FL,CASTHMA,AgeAdjPrv,9.5,22610726
FL,CASTHMA,CrdPrv,9.4,22610726
FL,CHD,AgeAdjPrv,5.6,22610726
FL,CHD,CrdPrv,7.4,22610726
FL,CHECKUP,AgeAdjPrv,75.5,22610726
FL,CHECKUP,CrdPrv,78.3,22610726
FL,CHOLSCREEN,AgeAdjPrv,84.6,22610726
FL,CHOLSCREEN,CrdPrv,87.0,22610726
FL,COGNITION,AgeAdjPrv,14.5,22610726
FL,COGNITION,CrdPrv,13.7,22610726
FL,COLON_SCREEN,AgeAdjPrv,59.8,22610726
FL,COLON_SCREEN,CrdPrv,65.6,22610726
FL,COPD,AgeAdjPrv,5.8,22610726
FL,COPD,CrdPrv,7.1,22610726
FL,CSMOKING,AgeAdjPrv,12.8,22610726
FL,CSMOKING,CrdPrv,12.5,22610726
FL,DENTAL,AgeAdjPrv,56.5,22610726
FL,DENTAL,CrdPrv,57.3,22610726
FL,DEPRESSION,AgeAdjPrv,17.9,22610726
FL,DEPRESSION,CrdPrv,17.1,22610726
FL,DIABETES,AgeAdjPrv,11.1,22610726
FL,DIABETES,CrdPrv,13.5,22610726
FL,DISABILITY,AgeAdjPrv,29.0,22610726
FL,DISABILITY,CrdPrv,31.3,22610726
FL,GHLTH,AgeAdjPrv,19.1,22610726
FL,GHLTH,CrdPrv,20.3,22610726
FL,HEARING,AgeAdjPrv,6.0,22610726
FL,HEARING,CrdPrv,7.6,22610726
FL,HIGHCHOL,AgeAdjPrv,32.9,22610726
FL,HIGHCHOL,CrdPrv,38.9,22610726
FL,INDEPLIVE,AgeAdjPrv,7.8,22610726
FL,INDEPLIVE,CrdPrv,8.0,22610726
FL,LPA,AgeAdjPrv,24.9,22610726
FL,LPA,CrdPrv,26.3,22610726
FL,MAMMOUSE,AgeAdjPrv,75.2,22610726
FL,MAMMOUSE,CrdPrv,76.1,22610726
FL,MHLTH,AgeAdjPrv,17.3,22610726
FL,MHLTH,CrdPrv,15.9,22610726
FL,MOBILITY,AgeAdjPrv,12.4,22610726
FL,MOBILITY,CrdPrv,15.1,22610726
FL,OBESITY,AgeAdjPrv,32.2,22610726
FL,OBESITY,CrdPrv,31.9,22610726
FL,PHLTH,AgeAdjPrv,13.2,22610726
FL,PHLTH,CrdPrv,14.2,22610726
FL,SELFCARE,AgeAdjPrv,3.6,22610726
FL,SELFCARE,CrdPrv,4.1,22610726
FL,SLEEP,AgeAdjPrv,38.8,22610726
FL,SLEEP,CrdPrv,37.4,22610726
FL,STROKE,AgeAdjPrv,3.0,22610726
FL,STROKE,CrdPrv,3.8,22610726
FL,TEETHLOST,AgeAdjPrv,12.8,22610726
FL,TEETHLOST,CrdPrv,12.7,22610726
FL,VISION,AgeAdjPrv,5.6,22610726
FL,VISION,CrdPrv,6.0,22610726
GA,ACCESS2,AgeAdjPrv,13.5,11029227
GA,ACCESS2,CrdPrv,13.1,11029227
GA,ARTHRITIS,AgeAdjPrv,22.6,11029227
GA,ARTHRITIS,CrdPrv,24.6,11029227
GA,BINGE,AgeAdjPrv,15.2,11029227
GA,BINGE,CrdPrv,14.5,11029227
GA,BPHIGH,AgeAdjPrv,35.3,11029227
GA,BPHIGH,CrdPrv,37.3,11029227
GA,BPMED,AgeAdjPrv,61.9,11029227
GA,BPMED,CrdPrv,77.4,11029227
GA,CANCER,AgeAdjPrv,6.3,11029227
GA,CANCER,CrdPrv,7.0,11029227
GA,CASTHMA,AgeAdjPrv,10.1,11029227
GA,CASTHMA,CrdPrv,10.1,11029227
GA,CHD,AgeAdjPrv,5.5,11029227
GA,CHD,CrdPrv,6.1,11029227
GA,CHECKUP,AgeAdjPrv,77.4,11029227
GA,CHECKUP,CrdPrv,78.4,11029227
GA,CHOLSCREEN,AgeAdjPrv,86.0,11029227
GA,CHOLSCREEN,CrdPrv,86.8,11029227
GA,COGNITION,AgeAdjPrv,14.6,11029227
GA,COGNITION,CrdPrv,14.4,11029227
GA,COLON_SCREEN,AgeAdjPrv,60.5,11029227
GA,COLON_SCREEN,CrdPrv,64.4,11029227
GA,COPD,AgeAdjPrv,5.9,11029227
GA,COPD,CrdPrv,6.5,11029227
GA,CSMOKING,AgeAdjPrv,13.8,11029227
GA,CSMOKING,CrdPrv,13.6,11029227
GA,DENTAL,AgeAdjPrv,58.8,11029227
GA,DENTAL,CrdPrv,59.2,11029227
GA,DEPRESSION,AgeAdjPrv,19.2,11029227
GA,DEPRESSION,CrdPrv,19.0,11029227
GA,DIABETES,AgeAdjPrv,12.1,11029227
GA,DIABETES,CrdPrv,13.3,11029227
GA,DISABILITY,AgeAdjPrv,28.9,11029227
GA,DISABILITY,CrdPrv,29.6,11029227
GA,EMOTIONSPT,AgeAdjPrv,25.0,11029227
GA,EMOTIONSPT,CrdPrv,24.7,11029227
GA,FOODINSECU,AgeAdjPrv,18.2,11029227
GA,FOODINSECU,CrdPrv,17.8,11029227
GA,FOODSTAMP,AgeAdjPrv,14.6,11029227
GA,FOODSTAMP,CrdPrv,14.2,11029227
GA,GHLTH,AgeAdjPrv,19.8,11029227
GA,GHLTH,CrdPrv,20.3,11029227
GA,HEARING,AgeAdjPrv,5.8,11029227
GA,HEARING,CrdPrv,6.2,11029227
GA,HIGHCHOL,AgeAdjPrv,33.4,11029227
GA,HIGHCHOL,CrdPrv,36.8,11029227
GA,HOUSINSECU,AgeAdjPrv,15.7,11029227
GA,HOUSINSECU,CrdPrv,15.0,11029227
GA,INDEPLIVE,AgeAdjPrv,8.6,11029227
GA,INDEPLIVE,CrdPrv,8.7,11029227
GA,LACKTRPT,AgeAdjPrv,9.8,11029227
GA,LACKTRPT,CrdPrv,9.5,11029227
GA,LONELINESS,AgeAdjPrv,37.9,11029227
GA,LONELINESS,CrdPrv,37.4,11029227
GA,LPA,AgeAdjPrv,26.1,11029227
GA,LPA,CrdPrv,26.6,11029227
GA,MAMMOUSE,AgeAdjPrv,75.5,11029227
GA,MAMMOUSE,CrdPrv,75.8,11029227
GA,MHLTH,AgeAdjPrv,17.4,11029227
GA,MHLTH,CrdPrv,16.9,11029227
GA,MOBILITY,AgeAdjPrv,12.9,11029227
GA,MOBILITY,CrdPrv,14.0,11029227
GA,OBESITY,AgeAdjPrv,35.3,11029227
GA,OBESITY,CrdPrv,35.3,11029227
GA,PHLTH,AgeAdjPrv,13.0,11029227
GA,PHLTH,CrdPrv,13.5,11029227
GA,SELFCARE,AgeAdjPrv,4.0,11029227
GA,SELFCARE,CrdPrv,4.2,11029227
GA,SHUTUTILITY,AgeAdjPrv,10.1,11029227
GA,SHUTUTILITY,CrdPrv,9.6,11029227
GA,SLEEP,AgeAdjPrv,38.9,11029227
GA,SLEEP,CrdPrv,38.4,11029227
GA,STROKE,AgeAdjPrv,3.3,11029227
GA,STROKE,CrdPrv,3.6,11029227
GA,TEETHLOST,AgeAdjPrv,14.9,11029227
GA,TEETHLOST,CrdPrv,14.5,11029227
GA,VISION,AgeAdjPrv,5.4,11029227
GA,VISION,CrdPrv,5.6,11029227
HI,ACCESS2,AgeAdjPrv,5.8,1435138
HI,ACCESS2,CrdPrv,5.6,1435138
HI,ARTHRITIS,AgeAdjPrv,19.4,1435138
HI,ARTHRITIS,CrdPrv,23.2,1435138
HI,BINGE,AgeAdjPrv,19.7,1435138
HI,BINGE,CrdPrv,17.4,1435138
HI,BPHIGH,AgeAdjPrv,27.1,1435138
HI,BPHIGH,CrdPrv,31.5,1435138
HI,BPMED,AgeAdjPrv,55.4,1435138
HI,BPMED,CrdPrv,76.9,1435138
HI,CANCER,AgeAdjPrv,5.3,1435138
HI,CANCER,CrdPrv,6.7,1435138
HI,CASTHMA,AgeAdjPrv,10.1,1435138
HI,CASTHMA,CrdPrv,9.8,1435138
HI,CHD,AgeAdjPrv,4.8,1435138
HI,CHD,CrdPrv,6.2,1435138
HI,CHECKUP,AgeAdjPrv,74.6,1435138
HI,CHECKUP,CrdPrv,77.3,1435138
HI,CHOLSCREEN,AgeAdjPrv,80.1,1435138
HI,CHOLSCREEN,CrdPrv,82.8,1435138
HI,COGNITION,AgeAdjPrv,13.3,1435138
HI,COGNITION,CrdPrv,12.5,1435138
HI,COLON_SCREEN,AgeAdjPrv,56.7,1435138
HI,COLON_SCREEN,CrdPrv,62.6,1435138
HI,COPD,AgeAdjPrv,4.4,1435138
HI,COPD,CrdPrv,5.3,1435138
HI,CSMOKING,AgeAdjPrv,11.4,1435138
HI,CSMOKING,CrdPrv,11.0,1435138
HI,DENTAL,AgeAdjPrv,67.6,1435138
HI,DENTAL,CrdPrv,68.3,1435138
HI,DEPRESSION,AgeAdjPrv,17.0,1435138
HI,DEPRESSION,CrdPrv,16.0,1435138
HI,DIABETES,AgeAdjPrv,10.2,1435138
HI,DIABETES,CrdPrv,12.4,1435138
HI,DISABILITY,AgeAdjPrv,27.0,1435138
HI,DISABILITY,CrdPrv,28.7,1435138
HI,EMOTIONSPT,AgeAdjPrv,30.8,1435138
HI,EMOTIONSPT,CrdPrv,30.1,1435138
HI,FOODINSECU,AgeAdjPrv,18.4,1435138
HI,FOODINSECU,CrdPrv,17.3,1435138
HI,FOODSTAMP,AgeAdjPrv,13.0,1435138
HI,FOODSTAMP,CrdPrv,12.2,1435138
HI,GHLTH,AgeAdjPrv,17.4,1435138
HI,GHLTH,CrdPrv,18.4,1435138
HI,HEARING,AgeAdjPrv,5.8,1435138
HI,HEARING,CrdPrv,7.2,1435138
HI,HIGHCHOL,AgeAdjPrv,30.1,1435138
HI,HIGHCHOL,CrdPrv,36.1,1435138
HI,HOUSINSECU,AgeAdjPrv,12.2,1435138
HI,HOUSINSECU,CrdPrv,10.9,1435138
HI,INDEPLIVE,AgeAdjPrv,7.0,1435138
HI,INDEPLIVE,CrdPrv,7.1,1435138
HI,LACKTRPT,AgeAdjPrv,8.1,1435138
HI,LACKTRPT,CrdPrv,7.5,1435138
HI,LONELINESS,AgeAdjPrv,33.3,1435138
HI,LONELINESS,CrdPrv,32.0,1435138
HI,LPA,AgeAdjPrv,21.6,1435138
HI,LPA,CrdPrv,23.0,1435138
HI,MAMMOUSE,AgeAdjPrv,77.5,1435138
HI,MAMMOUSE,CrdPrv,78.3,1435138
HI,MHLTH,AgeAdjPrv,15.9,1435138
HI,MHLTH,CrdPrv,14.5,1435138
HI,MOBILITY,AgeAdjPrv,11.1,1435138
HI,MOBILITY,CrdPrv,13.2,1435138
HI,OBESITY,AgeAdjPrv,26.1,1435138
HI,OBESITY,CrdPrv,25.6,1435138
HI,PHLTH,AgeAdjPrv,11.5,1435138
HI,PHLTH,CrdPrv,12.3,1435138
HI,SELFCARE,AgeAdjPrv,3.0,1435138
HI,SELFCARE,CrdPrv,3.4,1435138
HI,SHUTUTILITY,AgeAdjPrv,6.5,1435138
HI,SHUTUTILITY,CrdPrv,5.8,1435138
HI,SLEEP,AgeAdjPrv,47.0,1435138
HI,SLEEP,CrdPrv,45.7,1435138
HI,STROKE,AgeAdjPrv,3.0,1435138
HI,STROKE,CrdPrv,3.7,1435138
HI,TEETHLOST,AgeAdjPrv,8.5,1435138
HI,TEETHLOST,CrdPrv,8.5,1435138
HI,VISION,AgeAdjPrv,4.8,1435138
HI,VISION,CrdPrv,5.2,1435138
IA,ACCESS2,AgeAdjPrv,7.6,3207004
IA,ACCESS2,CrdPrv,7.3,3207004
IA,ARTHRITIS,AgeAdjPrv,23.5,3207004
IA,ARTHRITIS,CrdPrv,27.0,3207004
IA,BINGE,AgeAdjPrv,22.3,3207004
IA,BINGE,CrdPrv,20.4,3207004
IA,BPHIGH,AgeAdjPrv,30.5,3207004
IA,BPHIGH,CrdPrv,33.9,3207004
IA,BPMED,AgeAdjPrv,58.9,3207004
IA,BPMED,CrdPrv,77.9,3207004
IA,CANCER,AgeAdjPrv,7.2,3207004
IA,CANCER,CrdPrv,8.7,3207004
IA,CASTHMA,AgeAdjPrv,10.0,3207004
IA,CASTHMA,CrdPrv,9.9,3207004
IA,CHD,AgeAdjPrv,5.4,3207004
IA,CHD,CrdPrv,6.6,3207004
IA,CHECKUP,AgeAdjPrv,75.6,3207004
IA,CHECKUP,CrdPrv,77.5,3207004
IA,CHOLSCREEN,AgeAdjPrv,82.6,3207004
IA,CHOLSCREEN,CrdPrv,84.1,3207004
IA,COGNITION,AgeAdjPrv,14.0,3207004
IA,COGNITION,CrdPrv,13.5,3207004
IA,COLON_SCREEN,AgeAdjPrv,60.9,3207004
IA,COLON_SCREEN,CrdPrv,66.6,3207004
IA,COPD,AgeAdjPrv,6.0,3207004
IA,COPD,CrdPrv,6.9,3207004
IA,CSMOKING,AgeAdjPrv,15.0,3207004
IA,CSMOKING,CrdPrv,14.5,3207004
IA,DENTAL,AgeAdjPrv,66.0,3207004
IA,DENTAL,CrdPrv,66.7,3207004
IA,DEPRESSION,AgeAdjPrv,21.5,3207004
IA,DEPRESSION,CrdPrv,20.7,3207004
IA,DIABETES,AgeAdjPrv,9.7,3207004
IA,DIABETES,CrdPrv,11.2,3207004
IA,DISABILITY,AgeAdjPrv,26.5,3207004
IA,DISABILITY,CrdPrv,28.1,3207004
IA,EMOTIONSPT,AgeAdjPrv,24.0,3207004
IA,EMOTIONSPT,CrdPrv,23.3,3207004
IA,FOODINSECU,AgeAdjPrv,12.7,3207004
IA,FOODINSECU,CrdPrv,12.0,3207004
IA,FOODSTAMP,AgeAdjPrv,10.6,3207004
IA,FOODSTAMP,CrdPrv,10.0,3207004
IA,GHLTH,AgeAdjPrv,17.0,3207004
IA,GHLTH,CrdPrv,17.8,3207004
IA,HEARING,AgeAdjPrv,6.4,3207004
IA,HEARING,CrdPrv,7.4,3207004
IA,HIGHCHOL,AgeAdjPrv,30.6,3207004
IA,HIGHCHOL,CrdPrv,35.4,3207004
IA,HOUSINSECU,AgeAdjPrv,10.4,3207004
IA,HOUSINSECU,CrdPrv,9.4,3207004
IA,INDEPLIVE,AgeAdjPrv,7.2,3207004
IA,INDEPLIVE,CrdPrv,7.4,3207004
IA,LACKTRPT,AgeAdjPrv,7.2,3207004
IA,LACKTRPT,CrdPrv,6.8,3207004
IA,LONELINESS,AgeAdjPrv,33.1,3207004
IA,LONELINESS,CrdPrv,32.3,3207004
IA,LPA,AgeAdjPrv,23.9,3207004
IA,LPA,CrdPrv,24.8,3207004
IA,MAMMOUSE,AgeAdjPrv,78.1,3207004
IA,MAMMOUSE,CrdPrv,78.7,3207004
IA,MHLTH,AgeAdjPrv,17.3,3207004
IA,MHLTH,CrdPrv,16.4,3207004
IA,MOBILITY,AgeAdjPrv,10.9,3207004
IA,MOBILITY,CrdPrv,12.7,3207004
IA,OBESITY,AgeAdjPrv,38.2,3207004
IA,OBESITY,CrdPrv,37.7,3207004
IA,PHLTH,AgeAdjPrv,12.0,3207004
IA,PHLTH,CrdPrv,12.7,3207004
IA,SELFCARE,AgeAdjPrv,3.1,3207004
IA,SELFCARE,CrdPrv,3.4,3207004
IA,SHUTUTILITY,AgeAdjPrv,7.1,3207004
IA,SHUTUTILITY,CrdPrv,6.4,3207004
IA,SLEEP,AgeAdjPrv,33.6,3207004
IA,SLEEP,CrdPrv,32.5,3207004
IA,STROKE,AgeAdjPrv,2.8,3207004
IA,STROKE,CrdPrv,3.3,3207004
IA,TEETHLOST,AgeAdjPrv,11.8,3207004
IA,TEETHLOST,CrdPrv,11.6,3207004
IA,VISION,AgeAdjPrv,4.0,3207004
IA,VISION,CrdPrv,4.3,3207004
ID,ACCESS2,AgeAdjPrv,11.1,1964726
ID,ACCESS2,CrdPrv,10.8,1964726
ID,ARTHRITIS,AgeAdjPrv,23.9,1964726
ID,ARTHRITIS,CrdPrv,26.5,1964726
ID,BINGE,AgeAdjPrv,16.7,1964726
ID,BINGE,CrdPrv,15.5,1964726
ID,BPHIGH,AgeAdjPrv,28.9,1964726
ID,BPHIGH,CrdPrv,31.5,1964726
ID,BPMED,AgeAdjPrv,50.7,1964726
ID,BPMED,CrdPrv,70.5,1964726
ID,CANCER,AgeAdjPrv,7.1,1964726
ID,CANCER,CrdPrv,8.3,1964726
ID,CASTHMA,AgeAdjPrv,10.7,1964726
ID,CASTHMA,CrdPrv,10.7,1964726
ID,CHD,AgeAdjPrv,5.4,1964726
ID,CHD,CrdPrv,6.2,1964726
ID,CHECKUP,AgeAdjPrv,72.6,1964726
ID,CHECKUP,CrdPrv,74.2,1964726
ID,CHOLSCREEN,AgeAdjPrv,79.8,1964726
ID,CHOLSCREEN,CrdPrv,81.1,1964726
ID,COGNITION,AgeAdjPrv,16.4,1964726
ID,COGNITION,CrdPrv,16.0,1964726
ID,COLON_SCREEN,AgeAdjPrv,56.5,1964726
ID,COLON_SCREEN,CrdPrv,61.7,1964726
ID,COPD,AgeAdjPrv,5.9,1964726
ID,COPD,CrdPrv,6.6,1964726
ID,CSMOKING,AgeAdjPrv,12.5,1964726
ID,CSMOKING,CrdPrv,12.1,1964726
ID,DENTAL,AgeAdjPrv,65.9,1964726
ID,DENTAL,CrdPrv,66.5,1964726
ID,DEPRESSION,AgeAdjPrv,24.3,1964726
ID,DEPRESSION,CrdPrv,23.7,1964726
ID,DIABETES,AgeAdjPrv,9.1,1964726
ID,DIABETES,CrdPrv,10.2,1964726
ID,DISABILITY,AgeAdjPrv,33.5,1964726
ID,DISABILITY,CrdPrv,34.8,1964726
ID,EMOTIONSPT,AgeAdjPrv,20.1,1964726
ID,EMOTIONSPT,CrdPrv,19.6,1964726
ID,FOODINSECU,AgeAdjPrv,13.4,1964726
ID,FOODINSECU,CrdPrv,12.8,1964726
ID,FOODSTAMP,AgeAdjPrv,9.3,1964726
ID,FOODSTAMP,CrdPrv,8.8,1964726
ID,GHLTH,AgeAdjPrv,17.3,1964726
ID,GHLTH,CrdPrv,17.8,1964726
ID,HEARING,AgeAdjPrv,8.4,1964726
ID,HEARING,CrdPrv,9.3,1964726
ID,HIGHCHOL,AgeAdjPrv,29.0,1964726
ID,HIGHCHOL,CrdPrv,33.2,1964726
ID,HOUSINSECU,AgeAdjPrv,11.2,1964726
ID,HOUSINSECU,CrdPrv,10.3,1964726
ID,INDEPLIVE,AgeAdjPrv,8.1,1964726
ID,INDEPLIVE,CrdPrv,8.2,1964726
ID,LACKTRPT,AgeAdjPrv,7.8,1964726
ID,LACKTRPT,CrdPrv,7.5,1964726
ID,LONELINESS,AgeAdjPrv,29.7,1964726
ID,LONELINESS,CrdPrv,29.2,1964726
ID,LPA,AgeAdjPrv,21.7,1964726
ID,LPA,CrdPrv,22.3,1964726
ID,MAMMOUSE,AgeAdjPrv,68.1,1964726
ID,MAMMOUSE,CrdPrv,69.0,1964726
ID,MHLTH,AgeAdjPrv,16.9,1964726
ID,MHLTH,CrdPrv,16.2,1964726
ID,MOBILITY,AgeAdjPrv,13.1,1964726
ID,MOBILITY,CrdPrv,14.5,1964726
ID,OBESITY,AgeAdjPrv,32.5,1964726
ID,OBESITY,CrdPrv,32.2,1964726
ID,PHLTH,AgeAdjPrv,13.2,1964726
ID,PHLTH,CrdPrv,13.6,1964726
ID,SELFCARE,AgeAdjPrv,3.3,1964726
ID,SELFCARE,CrdPrv,3.5,1964726
ID,SHUTUTILITY,AgeAdjPrv,7.2,1964726
ID,SHUTUTILITY,CrdPrv,6.7,1964726
ID,SLEEP,AgeAdjPrv,33.5,1964726
ID,SLEEP,CrdPrv,32.7,1964726
ID,STROKE,AgeAdjPrv,2.9,1964726
ID,STROKE,CrdPrv,3.3,1964726
ID,TEETHLOST,AgeAdjPrv,16.6,1964726
ID,TEETHLOST,CrdPrv,16.2,1964726
ID,VISION,AgeAdjPrv,4.7,1964726
ID,VISION,CrdPrv,4.9,1964726
IL,ACCESS2,AgeAdjPrv,10.2,12549689
IL,ACCESS2,CrdPrv,9.9,12549689
IL,ARTHRITIS,AgeAdjPrv,21.3,12549689
IL,ARTHRITIS,CrdPrv,24.2,12549689
IL,BINGE,AgeAdjPrv,19.1,12549689
IL,BINGE,CrdPrv,17.8,12549689
IL,BPHIGH,AgeAdjPrv,29.9,12549689
IL,BPHIGH,CrdPrv,33.0,12549689
IL,BPMED,AgeAdjPrv,56.8,12549689
IL,BPMED,CrdPrv,75.7,12549689
IL,CANCER,AgeAdjPrv,6.4,12549689
IL,CANCER,CrdPrv,7.6,12549689
IL,CASTHMA,AgeAdjPrv,9.9,12549689
IL,CASTHMA,CrdPrv,9.9,12549689
IL,CHD,AgeAdjPrv,4.9,12549689
IL,CHD,CrdPrv,5.9,12549689
IL,CHECKUP,AgeAdjPrv,76.1,12549689
IL,CHECKUP,CrdPrv,77.8,12549689
IL,CHOLSCREEN,AgeAdjPrv,86.2,12549689
IL,CHOLSCREEN,CrdPrv,87.4,12549689
IL,COGNITION,AgeAdjPrv,13.0,12549689
IL,COGNITION,CrdPrv,12.6,12549689
IL,COLON_SCREEN,AgeAdjPrv,55.4,12549689
IL,COLON_SCREEN,CrdPrv,60.2,12549689
IL,COPD,AgeAdjPrv,5.6,12549689
IL,COPD,CrdPrv,6.3,12549689
IL,CSMOKING,AgeAdjPrv,12.3,12549689
IL,CSMOKING,CrdPrv,12.1,12549689
IL,DENTAL,AgeAdjPrv,63.0,12549689
IL,DENTAL,CrdPrv,63.4,12549689
IL,DEPRESSION,AgeAdjPrv,20.3,12549689
IL,DEPRESSION,CrdPrv,19.8,12549689
IL,DIABETES,AgeAdjPrv,10.2,12549689
IL,DIABETES,CrdPrv,11.6,12549689
IL,DISABILITY,AgeAdjPrv,26.4,12549689
IL,DISABILITY,CrdPrv,27.6,12549689
IL,EMOTIONSPT,AgeAdjPrv,26.0,12549689
IL,EMOTIONSPT,CrdPrv,25.4,12549689
IL,FOODINSECU,AgeAdjPrv,16.5,12549689
IL,FOODINSECU,CrdPrv,15.9,12549689
IL,FOODSTAMP,AgeAdjPrv,14.3,12549689
IL,FOODSTAMP,CrdPrv,13.8,12549689
IL,GHLTH,AgeAdjPrv,17.9,12549689
IL,GHLTH,CrdPrv,18.6,12549689
IL,HEARING,AgeAdjPrv,5.4,12549689
IL,HEARING,CrdPrv,6.2,12549689
IL,HIGHCHOL,AgeAdjPrv,31.3,12549689
IL,HIGHCHOL,CrdPrv,35.4,12549689
IL,HOUSINSECU,AgeAdjPrv,14.0,12549689
IL,HOUSINSECU,CrdPrv,13.1,12549689
IL,INDEPLIVE,AgeAdjPrv,7.5,12549689
IL,INDEPLIVE,CrdPrv,7.6,12549689
IL,LACKTRPT,AgeAdjPrv,8.4,12549689
IL,LACKTRPT,CrdPrv,8.0,12549689
IL,LONELINESS,AgeAdjPrv,34.3,12549689
IL,LONELINESS,CrdPrv,33.5,12549689
IL,LPA,AgeAdjPrv,22.3,12549689
IL,LPA,CrdPrv,23.0,12549689
IL,MAMMOUSE,AgeAdjPrv,73.0,12549689
IL,MAMMOUSE,CrdPrv,73.5,12549689
IL,MHLTH,AgeAdjPrv,16.3,12549689
IL,MHLTH,CrdPrv,15.5,12549689
IL,MOBILITY,AgeAdjPrv,11.3,12549689
IL,MOBILITY,CrdPrv,12.8,12549689
IL,OBESITY,AgeAdjPrv,34.2,12549689
IL,OBESITY,CrdPrv,34.1,12549689
IL,PHLTH,AgeAdjPrv,11.6,12549689
IL,PHLTH,CrdPrv,12.2,12549689
IL,SELFCARE,AgeAdjPrv,3.3,12549689
IL,SELFCARE,CrdPrv,3.5,12549689
IL,SHUTUTILITY,AgeAdjPrv,8.3,12549689
IL,SHUTUTILITY,CrdPrv,7.8,12549689
IL,SLEEP,AgeAdjPrv,36.2,12549689
IL,SLEEP,CrdPrv,35.4,12549689
IL,STROKE,AgeAdjPrv,2.8,12549689
IL,STROKE,CrdPrv,3.3,12549689
IL,TEETHLOST,AgeAdjPrv,10.6,12549689
IL,TEETHLOST,CrdPrv,10.3,12549689
IL,VISION,AgeAdjPrv,4.6,12549689
IL,VISION,CrdPrv,4.8,12549689
IN,ACCESS2,AgeAdjPrv,9.2,6862199
IN,ACCESS2,CrdPrv,8.9,6862199
IN,ARTHRITIS,AgeAdjPrv,25.3,6862199
IN,ARTHRITIS,CrdPrv,28.3,6862199
IN,BINGE,AgeAdjPrv,17.8,6862199
IN,BINGE,CrdPrv,16.6,6862199
IN,BPHIGH,AgeAdjPrv,34.9,6862199
IN,BPHIGH,CrdPrv,37.8,6862199
IN,BPMED,AgeAdjPrv,60.2,6862199
IN,BPMED,CrdPrv,77.4,6862199
IN,CANCER,AgeAdjPrv,7.1,6862199
IN,CANCER,CrdPrv,8.3,6862199
IN,CASTHMA,AgeAdjPrv,11.3,6862199
IN,CASTHMA,CrdPrv,11.2,6862199
IN,CHD,AgeAdjPrv,5.8,6862199
IN,CHD,CrdPrv,6.8,6862199
IN,CHECKUP,AgeAdjPrv,78.2,6862199
IN,CHECKUP,CrdPrv,79.7,6862199
IN,CHOLSCREEN,AgeAdjPrv,84.6,6862199
IN,CHOLSCREEN,CrdPrv,85.8,6862199
IN,COGNITION,AgeAdjPrv,15.5,6862199
IN,COGNITION,CrdPrv,15.0,6862199
IN,COLON_SCREEN,AgeAdjPrv,61.1,6862199
IN,COLON_SCREEN,CrdPrv,66.3,6862199
IN,COPD,AgeAdjPrv,7.2,6862199
IN,COPD,CrdPrv,8.1,6862199
IN,CSMOKING,AgeAdjPrv,16.1,6862199
IN,CSMOKING,CrdPrv,15.7,6862199
IN,DENTAL,AgeAdjPrv,60.5,6862199
IN,DENTAL,CrdPrv,61.2,6862199
IN,DEPRESSION,AgeAdjPrv,25.6,6862199
IN,DEPRESSION,CrdPrv,25.0,6862199
IN,DIABETES,AgeAdjPrv,11.5,6862199
IN,DIABETES,CrdPrv,13.0,6862199
IN,DISABILITY,AgeAdjPrv,29.9,6862199
IN,DISABILITY,CrdPrv,31.1,6862199
IN,EMOTIONSPT,AgeAdjPrv,23.7,6862199
IN,EMOTIONSPT,CrdPrv,23.2,6862199
IN,FOODINSECU,AgeAdjPrv,15.3,6862199
IN,FOODINSECU,CrdPrv,14.7,6862199
IN,FOODSTAMP,AgeAdjPrv,9.1,6862199
IN,FOODSTAMP,CrdPrv,8.7,6862199
IN,GHLTH,AgeAdjPrv,19.9,6862199
IN,GHLTH,CrdPrv,20.6,6862199
IN,HEARING,AgeAdjPrv,6.3,6862199
IN,HEARING,CrdPrv,7.1,6862199
IN,HIGHCHOL,AgeAdjPrv,33.4,6862199
IN,HIGHCHOL,CrdPrv,37.8,6862199
IN,HOUSINSECU,AgeAdjPrv,12.1,6862199
IN,HOUSINSECU,CrdPrv,11.3,6862199
IN,INDEPLIVE,AgeAdjPrv,8.0,6862199
IN,INDEPLIVE,CrdPrv,8.1,6862199
IN,LACKTRPT,AgeAdjPrv,8.1,6862199
IN,LACKTRPT,CrdPrv,7.7,6862199
IN,LONELINESS,AgeAdjPrv,33.4,6862199
IN,LONELINESS,CrdPrv,32.8,6862199
IN,LPA,AgeAdjPrv,24.2,6862199
IN,LPA,CrdPrv,24.9,6862199
IN,MAMMOUSE,AgeAdjPrv,75.8,6862199
IN,MAMMOUSE,CrdPrv,76.4,6862199
IN,MHLTH,AgeAdjPrv,18.4,6862199
IN,MHLTH,CrdPrv,17.6,6862199
IN,MOBILITY,AgeAdjPrv,12.7,6862199
IN,MOBILITY,CrdPrv,14.2,6862199
IN,OBESITY,AgeAdjPrv,38.6,6862199
IN,OBESITY,CrdPrv,38.4,6862199
IN,PHLTH,AgeAdjPrv,13.2,6862199
IN,PHLTH,CrdPrv,13.8,6862199
IN,SELFCARE,AgeAdjPrv,3.5,6862199
IN,SELFCARE,CrdPrv,3.7,6862199
IN,SHUTUTILITY,AgeAdjPrv,9.0,6862199
IN,SHUTUTILITY,CrdPrv,8.4,6862199
IN,SLEEP,AgeAdjPrv,38.0,6862199
IN,SLEEP,CrdPrv,37.1,6862199
IN,STROKE,AgeAdjPrv,3.0,6862199
IN,STROKE,CrdPrv,3.5,6862199
IN,TEETHLOST,AgeAdjPrv,15.5,6862199
IN,TEETHLOST,CrdPrv,15.4,6862199
IN,VISION,AgeAdjPrv,4.7,6862199
IN,VISION,CrdPrv,5.0,6862199
KS,ACCESS2,AgeAdjPrv,10.3,2940546
KS,ACCESS2,CrdPrv,10.0,2940546
KS,ARTHRITIS,AgeAdjPrv,22.8,2940546
KS,ARTHRITIS,CrdPrv,25.5,2940546
KS,BINGE,AgeAdjPrv,17.4,2940546
KS,BINGE,CrdPrv,16.2,2940546
KS,BPHIGH,AgeAdjPrv,31.7,2940546
KS,BPHIGH,CrdPrv,34.4,2940546
KS,BPMED,AgeAdjPrv,59.8,2940546
KS,BPMED,CrdPrv,77.6,2940546
KS,CANCER,AgeAdjPrv,6.9,2940546
KS,CANCER,CrdPrv,8.1,2940546
KS,CASTHMA,AgeAdjPrv,10.0,2940546
KS,CASTHMA,CrdPrv,9.9,2940546
KS,CHD,AgeAdjPrv,5.5,2940546
KS,CHD,CrdPrv,6.4,2940546
KS,CHECKUP,AgeAdjPrv,75.1,2940546
KS,CHECKUP,CrdPrv,76.6,2940546
KS,CHOLSCREEN,AgeAdjPrv,83.1,2940546
KS,CHOLSCREEN,CrdPrv,84.1,2940546
KS,COGNITION,AgeAdjPrv,14.8,2940546
KS,COGNITION,CrdPrv,14.4,2940546
KS,COLON_SCREEN,AgeAdjPrv,58.0,2940546
KS,COLON_SCREEN,CrdPrv,63.4,2940546
KS,COPD,AgeAdjPrv,6.0,2940546
KS,COPD,CrdPrv,6.7,2940546
KS,CSMOKING,AgeAdjPrv,14.6,2940546
KS,CSMOKING,CrdPrv,14.0,2940546
KS,DENTAL,AgeAdjPrv,64.2,2940546
KS,DENTAL,CrdPrv,64.9,2940546
KS,DEPRESSION,AgeAdjPrv,21.3,2940546
KS,DEPRESSION,CrdPrv,20.8,2940546
KS,DIABETES,AgeAdjPrv,10.1,2940546
KS,DIABETES,CrdPrv,11.4,2940546
KS,DISABILITY,AgeAdjPrv,29.1,2940546
KS,DISABILITY,CrdPrv,30.4,2940546
KS,EMOTIONSPT,AgeAdjPrv,21.6,2940546
KS,EMOTIONSPT,CrdPrv,21.2,2940546
KS,FOODINSECU,AgeAdjPrv,13.6,2940546
KS,FOODINSECU,CrdPrv,13.1,2940546
KS,FOODSTAMP,AgeAdjPrv,7.9,2940546
KS,FOODSTAMP,CrdPrv,7.5,2940546
KS,GHLTH,AgeAdjPrv,17.5,2940546
KS,GHLTH,CrdPrv,18.1,2940546
KS,HEARING,AgeAdjPrv,6.6,2940546
KS,HEARING,CrdPrv,7.4,2940546
KS,HIGHCHOL,AgeAdjPrv,32.5,2940546
KS,HIGHCHOL,CrdPrv,36.7,2940546
KS,HOUSINSECU,AgeAdjPrv,12.2,2940546
KS,HOUSINSECU,CrdPrv,11.3,2940546
KS,INDEPLIVE,AgeAdjPrv,7.6,2940546
KS,INDEPLIVE,CrdPrv,7.7,2940546
KS,LACKTRPT,AgeAdjPrv,7.5,2940546
KS,LACKTRPT,CrdPrv,7.2,2940546
KS,LONELINESS,AgeAdjPrv,31.5,2940546
KS,LONELINESS,CrdPrv,30.9,2940546
KS,LPA,AgeAdjPrv,25.0,2940546
KS,LPA,CrdPrv,25.7,2940546
KS,MAMMOUSE,AgeAdjPrv,73.8,2940546
KS,MAMMOUSE,CrdPrv,74.6,2940546
KS,MHLTH,AgeAdjPrv,16.7,2940546
KS,MHLTH,CrdPrv,16.0,2940546
KS,MOBILITY,AgeAdjPrv,12.1,2940546
KS,MOBILITY,CrdPrv,13.4,2940546
KS,OBESITY,AgeAdjPrv,37.0,2940546
KS,OBESITY,CrdPrv,36.6,2940546
KS,PHLTH,AgeAdjPrv,11.8,2940546
KS,PHLTH,CrdPrv,12.3,2940546
KS,SELFCARE,AgeAdjPrv,3.3,2940546
KS,SELFCARE,CrdPrv,3.5,2940546
KS,SHUTUTILITY,AgeAdjPrv,9.0,2940546
KS,SHUTUTILITY,CrdPrv,8.3,2940546
KS,SLEEP,AgeAdjPrv,35.3,2940546
KS,SLEEP,CrdPrv,34.3,2940546
KS,STROKE,AgeAdjPrv,2.8,2940546
KS,STROKE,CrdPrv,3.3,2940546
KS,TEETHLOST,AgeAdjPrv,11.5,2940546
KS,TEETHLOST,CrdPrv,11.3,2940546
KS,VISION,AgeAdjPrv,4.4,2940546
KS,VISION,CrdPrv,4.6,2940546
KY,COLON_SCREEN,AgeAdjPrv,60.7,4526154
KY,COLON_SCREEN,CrdPrv,65.8,4526154
KY,DENTAL,AgeAdjPrv,57.4,4526154
KY,DENTAL,CrdPrv,58.1,4526154
KY,MAMMOUSE,AgeAdjPrv,72.2,4526154
KY,MAMMOUSE,CrdPrv,72.7,4526154
KY,SLEEP,AgeAdjPrv,40.6,4526154
KY,SLEEP,CrdPrv,39.6,4526154
KY,TEETHLOST,AgeAdjPrv,19.4,4526154
KY,TEETHLOST,CrdPrv,18.9,4526154
LA,ACCESS2,AgeAdjPrv,9.2,4573749
LA,ACCESS2,CrdPrv,8.9,4573749
LA,ARTHRITIS,AgeAdjPrv,26.5,4573749
LA,ARTHRITIS,CrdPrv,29.7,4573749
LA,BINGE,AgeAdjPrv,18.2,4573749
LA,BINGE,CrdPrv,16.9,4573749
LA,BPHIGH,AgeAdjPrv,39.5,4573749
LA,BPHIGH,CrdPrv,42.6,4573749
LA,BPMED,AgeAdjPrv,63.4,4573749
LA,BPMED,CrdPrv,78.8,4573749
LA,CANCER,AgeAdjPrv,6.4,4573749
LA,CANCER,CrdPrv,7.5,4573749
LA,CASTHMA,AgeAdjPrv,10.4,4573749
LA,CASTHMA,CrdPrv,10.3,4573749
LA,CHD,AgeAdjPrv,6.4,4573749
LA,CHD,CrdPrv,7.5,4573749
LA,CHECKUP,AgeAdjPrv,80.4,4573749
LA,CHECKUP,CrdPrv,81.8,4573749
LA,CHOLSCREEN,AgeAdjPrv,85.1,4573749
LA,CHOLSCREEN,CrdPrv,86.4,4573749
LA,COGNITION,AgeAdjPrv,19.0,4573749
LA,COGNITION,CrdPrv,18.4,4573749
LA,COLON_SCREEN,AgeAdjPrv,60.9,4573749
LA,COLON_SCREEN,CrdPrv,66.3,4573749
LA,COPD,AgeAdjPrv,7.5,4573749
LA,COPD,CrdPrv,8.5,4573749
LA,CSMOKING,AgeAdjPrv,17.6,4573749
LA,CSMOKING,CrdPrv,17.3,4573749
LA,DENTAL,AgeAdjPrv,56.6,4573749
LA,DENTAL,CrdPrv,57.2,4573749
LA,DEPRESSION,AgeAdjPrv,27.2,4573749
LA,DEPRESSION,CrdPrv,26.6,4573749
LA,DIABETES,AgeAdjPrv,13.4,4573749
LA,DIABETES,CrdPrv,15.2,4573749
LA,DISABILITY,AgeAdjPrv,36.7,4573749
LA,DISABILITY,CrdPrv,38.0,4573749
LA,EMOTIONSPT,AgeAdjPrv,29.2,4573749
LA,EMOTIONSPT,CrdPrv,28.6,4573749
LA,FOODINSECU,AgeAdjPrv,23.2,4573749
LA,FOODINSECU,CrdPrv,22.5,4573749
LA,FOODSTAMP,AgeAdjPrv,19.6,4573749
LA,FOODSTAMP,CrdPrv,19.0,4573749
LA,GHLTH,AgeAdjPrv,23.6,4573749
LA,GHLTH,CrdPrv,24.4,4573749
LA,HEARING,AgeAdjPrv,7.1,4573749
LA,HEARING,CrdPrv,8.0,4573749
LA,HIGHCHOL,AgeAdjPrv,33.9,4573749
LA,HIGHCHOL,CrdPrv,38.4,4573749
LA,HOUSINSECU,AgeAdjPrv,18.0,4573749
LA,HOUSINSECU,CrdPrv,16.8,4573749
LA,INDEPLIVE,AgeAdjPrv,10.1,4573749
LA,INDEPLIVE,CrdPrv,10.3,4573749
LA,LACKTRPT,AgeAdjPrv,11.8,4573749
LA,LACKTRPT,CrdPrv,11.3,4573749
LA,LONELINESS,AgeAdjPrv,37.4,4573749
LA,LONELINESS,CrdPrv,36.6,4573749
LA,LPA,AgeAdjPrv,29.5,4573749
LA,LPA,CrdPrv,30.4,4573749
LA,MAMMOUSE,AgeAdjPrv,78.7,4573749
LA,MAMMOUSE,CrdPrv,79.3,4573749
LA,MHLTH,AgeAdjPrv,20.2,4573749
LA,MHLTH,CrdPrv,19.3,4573749
LA,MOBILITY,AgeAdjPrv,15.8,4573749
LA,MOBILITY,CrdPrv,17.6,4573749
LA,OBESITY,AgeAdjPrv,40.1,4573749
LA,OBESITY,CrdPrv,40.0,4573749
LA,PHLTH,AgeAdjPrv,14.5,4573749
LA,PHLTH,CrdPrv,15.2,4573749
LA,SELFCARE,AgeAdjPrv,4.7,4573749
LA,SELFCARE,CrdPrv,5.1,4573749
LA,SHUTUTILITY,AgeAdjPrv,13.3,4573749
LA,SHUTUTILITY,CrdPrv,12.4,4573749
LA,SLEEP,AgeAdjPrv,40.9,4573749
LA,SLEEP,CrdPrv,40.1,4573749
LA,STROKE,AgeAdjPrv,3.8,4573749
LA,STROKE,CrdPrv,4.3,4573749
LA,TEETHLOST,AgeAdjPrv,18.4,4573749
LA,TEETHLOST,CrdPrv,18.0,4573749
LA,VISION,AgeAdjPrv,6.4,4573749
LA,VISION,CrdPrv,6.7,4573749
MA,ACCESS2,AgeAdjPrv,5.4,7001399
MA,ACCESS2,CrdPrv,5.2,7001399
MA,ARTHRITIS,AgeAdjPrv,22.2,7001399
MA,ARTHRITIS,CrdPrv,25.4,7001399
MA,BINGE,AgeAdjPrv,18.3,7001399
MA,BINGE,CrdPrv,17.0,7001399
MA,BPHIGH,AgeAdjPrv,27.9,7001399
MA,BPHIGH,CrdPrv,30.9,7001399
MA,BPMED,AgeAdjPrv,55.6,7001399
MA,BPMED,CrdPrv,75.4,7001399
MA,CANCER,AgeAdjPrv,7.1,7001399
MA,CANCER,CrdPrv,8.5,7001399
MA,CASTHMA,AgeAdjPrv,11.7,7001399
MA,CASTHMA,CrdPrv,11.6,7001399
MA,CHD,AgeAdjPrv,4.9,7001399
MA,CHD,CrdPrv,5.8,7001399
MA,CHECKUP,AgeAdjPrv,79.4,7001399
MA,CHECKUP,CrdPrv,80.9,7001399
MA,CHOLSCREEN,AgeAdjPrv,88.7,7001399
MA,CHOLSCREEN,CrdPrv,89.7,7001399
MA,COGNITION,AgeAdjPrv,14.1,7001399
MA,COGNITION,CrdPrv,13.7,7001399
MA,COLON_SCREEN,AgeAdjPrv,63.1,7001399
MA,COLON_SCREEN,CrdPrv,68.4,7001399
MA,COPD,AgeAdjPrv,5.1,7001399
MA,COPD,CrdPrv,5.9,7001399
MA,CSMOKING,AgeAdjPrv,11.6,7001399
MA,CSMOKING,CrdPrv,11.3,7001399
MA,DENTAL,AgeAdjPrv,69.2,7001399
MA,DENTAL,CrdPrv,69.8,7001399
MA,DEPRESSION,AgeAdjPrv,24.4,7001399
MA,DEPRESSION,CrdPrv,23.8,7001399
MA,DIABETES,AgeAdjPrv,8.6,7001399
MA,DIABETES,CrdPrv,9.8,7001399
MA,DISABILITY,AgeAdjPrv,26.0,7001399
MA,DISABILITY,CrdPrv,27.3,7001399
MA,EMOTIONSPT,AgeAdjPrv,24.1,7001399
MA,EMOTIONSPT,CrdPrv,23.4,7001399
MA,FOODINSECU,AgeAdjPrv,13.0,7001399
MA,FOODINSECU,CrdPrv,12.4,7001399
MA,FOODSTAMP,AgeAdjPrv,14.7,7001399
MA,FOODSTAMP,CrdPrv,14.1,7001399
MA,GHLTH,AgeAdjPrv,15.6,7001399
MA,GHLTH,CrdPrv,16.3,7001399
MA,HEARING,AgeAdjPrv,5.2,7001399
MA,HEARING,CrdPrv,6.0,7001399
MA,HIGHCHOL,AgeAdjPrv,31.3,7001399
MA,HIGHCHOL,CrdPrv,35.4,7001399
MA,HOUSINSECU,AgeAdjPrv,12.0,7001399
MA,HOUSINSECU,CrdPrv,11.1,7001399
MA,INDEPLIVE,AgeAdjPrv,7.1,7001399
MA,INDEPLIVE,CrdPrv,7.2,7001399
MA,LACKTRPT,AgeAdjPrv,7.9,7001399
MA,LACKTRPT,CrdPrv,7.6,7001399
MA,LONELINESS,AgeAdjPrv,35.0,7001399
MA,LONELINESS,CrdPrv,34.2,7001399
MA,LPA,AgeAdjPrv,21.1,7001399
MA,LPA,CrdPrv,21.7,7001399
MA,MAMMOUSE,AgeAdjPrv,83.4,7001399
MA,MAMMOUSE,CrdPrv,83.7,7001399
MA,MHLTH,AgeAdjPrv,17.1,7001399
MA,MHLTH,CrdPrv,16.2,7001399
MA,MOBILITY,AgeAdjPrv,10.2,7001399
MA,MOBILITY,CrdPrv,11.6,7001399
MA,OBESITY,AgeAdjPrv,27.9,7001399
MA,OBESITY,CrdPrv,27.7,7001399
MA,PHLTH,AgeAdjPrv,11.6,7001399
MA,PHLTH,CrdPrv,12.3,7001399
MA,SELFCARE,AgeAdjPrv,2.9,7001399
MA,SELFCARE,CrdPrv,3.1,7001399
MA,SHUTUTILITY,AgeAdjPrv,7.7,7001399
MA,SHUTUTILITY,CrdPrv,7.0,7001399
MA,SLEEP,AgeAdjPrv,34.5,7001399
MA,SLEEP,CrdPrv,33.6,7001399
MA,STROKE,AgeAdjPrv,2.6,7001399
MA,STROKE,CrdPrv,3.0,7001399
MA,TEETHLOST,AgeAdjPrv,12.0,7001399
MA,TEETHLOST,CrdPrv,11.9,7001399
MA,VISION,AgeAdjPrv,3.9,7001399
MA,VISION,CrdPrv,4.1,7001399
MD,ACCESS2,AgeAdjPrv,9.1,6180253
MD,ACCESS2,CrdPrv,8.7,6180253
MD,ARTHRITIS,AgeAdjPrv,22.6,6180253
MD,ARTHRITIS,CrdPrv,25.8,6180253
MD,BINGE,AgeAdjPrv,15.3,6180253
MD,BINGE,CrdPrv,14.1,6180253
MD,BPHIGH,AgeAdjPrv,33.4,6180253
MD,BPHIGH,CrdPrv,36.8,6180253
MD,BPMED,AgeAdjPrv,58.5,6180253
MD,BPMED,CrdPrv,76.6,6180253
MD,CANCER,AgeAdjPrv,6.4,6180253
MD,CANCER,CrdPrv,7.6,6180253
MD,CASTHMA,AgeAdjPrv,10.6,6180253
MD,CASTHMA,CrdPrv,10.5,6180253
MD,CHD,AgeAdjPrv,4.9,6180253
MD,CHD,CrdPrv,5.8,6180253
MD,CHECKUP,AgeAdjPrv,77.5,6180253
MD,CHECKUP,CrdPrv,79.2,6180253
MD,CHOLSCREEN,AgeAdjPrv,88.4,6180253
MD,CHOLSCREEN,CrdPrv,89.6,6180253
MD,COGNITION,AgeAdjPrv,12.6,6180253
MD,COGNITION,CrdPrv,12.2,6180253
MD,COLON_SCREEN,AgeAdjPrv,63.6,6180253
MD,COLON_SCREEN,CrdPrv,68.2,6180253
MD,COPD,AgeAdjPrv,5.1,6180253
MD,COPD,CrdPrv,5.9,6180253
MD,CSMOKING,AgeAdjPrv,11.0,6180253
MD,CSMOKING,CrdPrv,10.9,6180253
MD,DENTAL,AgeAdjPrv,63.9,6180253
MD,DENTAL,CrdPrv,64.4,6180253
MD,DEPRESSION,AgeAdjPrv,19.9,6180253
MD,DEPRESSION,CrdPrv,19.4,6180253
MD,DIABETES,AgeAdjPrv,10.9,6180253
MD,DIABETES,CrdPrv,12.4,6180253
MD,DISABILITY,AgeAdjPrv,25.2,6180253
MD,DISABILITY,CrdPrv,26.4,6180253
MD,EMOTIONSPT,AgeAdjPrv,24.7,6180253
MD,EMOTIONSPT,CrdPrv,24.2,6180253
MD,FOODINSECU,AgeAdjPrv,15.8,6180253
MD,FOODINSECU,CrdPrv,15.3,6180253
MD,FOODSTAMP,AgeAdjPrv,12.2,6180253
MD,FOODSTAMP,CrdPrv,11.8,6180253
MD,GHLTH,AgeAdjPrv,17.1,6180253
MD,GHLTH,CrdPrv,17.9,6180253
MD,HEARING,AgeAdjPrv,4.9,6180253
MD,HEARING,CrdPrv,5.6,6180253
MD,HIGHCHOL,AgeAdjPrv,33.8,6180253
MD,HIGHCHOL,CrdPrv,38.1,6180253
MD,HOUSINSECU,AgeAdjPrv,14.3,6180253
MD,HOUSINSECU,CrdPrv,13.5,6180253
MD,INDEPLIVE,AgeAdjPrv,6.8,6180253
MD,INDEPLIVE,CrdPrv,6.9,6180253
MD,LACKTRPT,AgeAdjPrv,8.2,6180253
MD,LACKTRPT,CrdPrv,7.8,6180253
MD,LONELINESS,AgeAdjPrv,35.2,6180253
MD,LONELINESS,CrdPrv,34.2,6180253
MD,LPA,AgeAdjPrv,22.7,6180253
MD,LPA,CrdPrv,23.5,6180253
MD,MAMMOUSE,AgeAdjPrv,80.3,6180253
MD,MAMMOUSE,CrdPrv,80.7,6180253
MD,MHLTH,AgeAdjPrv,15.7,6180253
MD,MHLTH,CrdPrv,14.9,6180253
MD,MOBILITY,AgeAdjPrv,10.9,6180253
MD,MOBILITY,CrdPrv,12.4,6180253
MD,OBESITY,AgeAdjPrv,35.0,6180253
MD,OBESITY,CrdPrv,35.1,6180253
MD,PHLTH,AgeAdjPrv,11.3,6180253
MD,PHLTH,CrdPrv,12.0,6180253
MD,SELFCARE,AgeAdjPrv,3.2,6180253
MD,SELFCARE,CrdPrv,3.5,6180253
MD,SHUTUTILITY,AgeAdjPrv,8.9,6180253
MD,SHUTUTILITY,CrdPrv,8.4,6180253
MD,SLEEP,AgeAdjPrv,38.3,6180253
MD,SLEEP,CrdPrv,37.7,6180253
MD,STROKE,AgeAdjPrv,2.9,6180253
MD,STROKE,CrdPrv,3.4,6180253
MD,TEETHLOST,AgeAdjPrv,10.1,6180253
MD,TEETHLOST,CrdPrv,9.8,6180253
MD,VISION,AgeAdjPrv,4.3,6180253
MD,VISION,CrdPrv,4.5,6180253
ME,ACCESS2,AgeAdjPrv,8.3,1395722
ME,ACCESS2,CrdPrv,7.8,1395722
ME,ARTHRITIS,AgeAdjPrv,25.8,1395722
ME,ARTHRITIS,CrdPrv,32.0,1395722
ME,BINGE,AgeAdjPrv,18.0,1395722
ME,BINGE,CrdPrv,15.5,1395722
ME,BPHIGH,AgeAdjPrv,29.7,1395722
ME,BPHIGH,CrdPrv,35.7,1395722
ME,BPMED,AgeAdjPrv,54.0,1395722
ME,BPMED,CrdPrv,76.4,1395722
ME,CANCER,AgeAdjPrv,7.4,1395722
ME,CANCER,CrdPrv,9.9,1395722
ME,CASTHMA,AgeAdjPrv,12.8,1395722
ME,CASTHMA,CrdPrv,12.6,1395722
ME,CHD,AgeAdjPrv,5.6,1395722
ME,CHD,CrdPrv,7.6,1395722
ME,CHECKUP,AgeAdjPrv,78.3,1395722
ME,CHECKUP,CrdPrv,81.2,1395722
ME,CHOLSCREEN,AgeAdjPrv,84.3,1395722
ME,CHOLSCREEN,CrdPrv,87.1,1395722
ME,COGNITION,AgeAdjPrv,16.6,1395722
ME,COGNITION,CrdPrv,15.5,1395722
ME,COLON_SCREEN,AgeAdjPrv,63.5,1395722
ME,COLON_SCREEN,CrdPrv,70.5,1395722
ME,COPD,AgeAdjPrv,6.7,1395722
ME,COPD,CrdPrv,8.4,1395722
ME,CSMOKING,AgeAdjPrv,14.9,1395722
ME,CSMOKING,CrdPrv,14.4,1395722
ME,DENTAL,AgeAdjPrv,63.1,1395722
ME,DENTAL,CrdPrv,63.8,1395722
ME,DEPRESSION,AgeAdjPrv,28.4,1395722
ME,DEPRESSION,CrdPrv,26.9,1395722
ME,DIABETES,AgeAdjPrv,8.8,1395722
ME,DIABETES,CrdPrv,11.2,1395722
ME,DISABILITY,AgeAdjPrv,29.7,1395722
ME,DISABILITY,CrdPrv,32.2,1395722
ME,EMOTIONSPT,AgeAdjPrv,23.7,1395722
ME,EMOTIONSPT,CrdPrv,22.7,1395722
ME,FOODINSECU,AgeAdjPrv,11.5,1395722
ME,FOODINSECU,CrdPrv,10.7,1395722
ME,FOODSTAMP,AgeAdjPrv,15.3,1395722
ME,FOODSTAMP,CrdPrv,14.3,1395722
ME,GHLTH,AgeAdjPrv,17.3,1395722
ME,GHLTH,CrdPrv,18.8,1395722
ME,HEARING,AgeAdjPrv,6.6,1395722
ME,HEARING,CrdPrv,8.4,1395722
ME,HIGHCHOL,AgeAdjPrv,30.7,1395722
ME,HIGHCHOL,CrdPrv,37.4,1395722
ME,HOUSINSECU,AgeAdjPrv,11.2,1395722
ME,HOUSINSECU,CrdPrv,9.8,1395722
ME,INDEPLIVE,AgeAdjPrv,7.9,1395722
ME,INDEPLIVE,CrdPrv,8.1,1395722
ME,LACKTRPT,AgeAdjPrv,8.5,1395722
ME,LACKTRPT,CrdPrv,7.8,1395722
ME,LONELINESS,AgeAdjPrv,33.7,1395722
ME,LONELINESS,CrdPrv,32.0,1395722
ME,LPA,AgeAdjPrv,21.5,1395722
ME,LPA,CrdPrv,23.1,1395722
ME,MAMMOUSE,AgeAdjPrv,79.9,1395722
ME,MAMMOUSE,CrdPrv,80.3,1395722
ME,MHLTH,AgeAdjPrv,19.6,1395722
ME,MHLTH,CrdPrv,17.7,1395722
ME,MOBILITY,AgeAdjPrv,11.1,1395722
ME,MOBILITY,CrdPrv,14.0,1395722
ME,OBESITY,AgeAdjPrv,32.8,1395722
ME,OBESITY,CrdPrv,32.8,1395722
ME,PHLTH,AgeAdjPrv,13.0,1395722
ME,PHLTH,CrdPrv,14.3,1395722
ME,SELFCARE,AgeAdjPrv,3.0,1395722
ME,SELFCARE,CrdPrv,3.5,1395722
ME,SHUTUTILITY,AgeAdjPrv,8.4,1395722
ME,SHUTUTILITY,CrdPrv,7.4,1395722
ME,SLEEP,AgeAdjPrv,34.0,1395722
ME,SLEEP,CrdPrv,32.8,1395722
ME,STROKE,AgeAdjPrv,2.8,1395722
ME,STROKE,CrdPrv,3.6,1395722
ME,TEETHLOST,AgeAdjPrv,15.2,1395722
ME,TEETHLOST,CrdPrv,14.9,1395722
ME,VISION,AgeAdjPrv,4.0,1395722
ME,VISION,CrdPrv,4.4,1395722
MI,ACCESS2,AgeAdjPrv,7.2,10037261
MI,ACCESS2,CrdPrv,6.9,10037261
MI,ARTHRITIS,AgeAdjPrv,25.1,10037261
MI,ARTHRITIS,CrdPrv,29.1,10037261
MI,BINGE,AgeAdjPrv,17.5,10037261
MI,BINGE,CrdPrv,15.9,10037261
MI,BPHIGH,AgeAdjPrv,32.7,10037261
MI,BPHIGH,CrdPrv,36.7,10037261
MI,BPMED,AgeAdjPrv,58.7,10037261
MI,BPMED,CrdPrv,77.6,10037261
MI,CANCER,AgeAdjPrv,7.3,10037261
MI,CANCER,CrdPrv,8.9,10037261
MI,CASTHMA,AgeAdjPrv,11.6,10037261
MI,CASTHMA,CrdPrv,11.5,10037261
MI,CHD,AgeAdjPrv,5.7,10037261
MI,CHD,CrdPrv,7.0,10037261
MI,CHECKUP,AgeAdjPrv,78.4,10037261
MI,CHECKUP,CrdPrv,80.3,10037261
MI,CHOLSCREEN,AgeAdjPrv,85.9,10037261
MI,CHOLSCREEN,CrdPrv,87.4,10037261
MI,COGNITION,AgeAdjPrv,14.9,10037261
MI,COGNITION,CrdPrv,14.3,10037261
MI,COLON_SCREEN,AgeAdjPrv,63.4,10037261
MI,COLON_SCREEN,CrdPrv,69.0,10037261
MI,COPD,AgeAdjPrv,7.0,10037261
MI,COPD,CrdPrv,8.1,10037261
MI,CSMOKING,AgeAdjPrv,15.1,10037261
MI,CSMOKING,CrdPrv,14.6,10037261
MI,DENTAL,AgeAdjPrv,67.2,10037261
MI,DENTAL,CrdPrv,67.9,10037261
MI,DEPRESSION,AgeAdjPrv,26.5,10037261
MI,DEPRESSION,CrdPrv,25.7,10037261
MI,DIABETES,AgeAdjPrv,10.1,10037261
MI,DIABETES,CrdPrv,12.0,10037261
MI,DISABILITY,AgeAdjPrv,29.4,10037261
MI,DISABILITY,CrdPrv,31.1,10037261
MI,EMOTIONSPT,AgeAdjPrv,23.8,10037261
MI,EMOTIONSPT,CrdPrv,23.2,10037261
MI,FOODINSECU,AgeAdjPrv,16.3,10037261
MI,FOODINSECU,CrdPrv,15.5,10037261
MI,FOODSTAMP,AgeAdjPrv,15.2,10037261
MI,FOODSTAMP,CrdPrv,14.4,10037261
MI,GHLTH,AgeAdjPrv,18.4,10037261
MI,GHLTH,CrdPrv,19.4,10037261
MI,HEARING,AgeAdjPrv,6.2,10037261
MI,HEARING,CrdPrv,7.3,10037261
MI,HIGHCHOL,AgeAdjPrv,30.5,10037261
MI,HIGHCHOL,CrdPrv,35.4,10037261
MI,HOUSINSECU,AgeAdjPrv,13.1,10037261
MI,HOUSINSECU,CrdPrv,12.0,10037261
MI,INDEPLIVE,AgeAdjPrv,8.5,10037261
MI,INDEPLIVE,CrdPrv,8.6,10037261
MI,LACKTRPT,AgeAdjPrv,8.8,10037261
MI,LACKTRPT,CrdPrv,8.3,10037261
MI,LONELINESS,AgeAdjPrv,33.4,10037261
MI,LONELINESS,CrdPrv,32.4,10037261
MI,LPA,AgeAdjPrv,23.9,10037261
MI,LPA,CrdPrv,24.9,10037261
MI,MAMMOUSE,AgeAdjPrv,76.3,10037261
MI,MAMMOUSE,CrdPrv,76.9,10037261
MI,MHLTH,AgeAdjPrv,18.8,10037261
MI,MHLTH,CrdPrv,17.6,10037261
MI,MOBILITY,AgeAdjPrv,12.0,10037261
MI,MOBILITY,CrdPrv,14.0,10037261
MI,OBESITY,AgeAdjPrv,36.4,10037261
MI,OBESITY,CrdPrv,36.3,10037261
MI,PHLTH,AgeAdjPrv,13.2,10037261
MI,PHLTH,CrdPrv,14.0,10037261
MI,SELFCARE,AgeAdjPrv,3.5,10037261
MI,SELFCARE,CrdPrv,3.8,10037261
MI,SHUTUTILITY,AgeAdjPrv,9.6,10037261
MI,SHUTUTILITY,CrdPrv,8.8,10037261
MI,SLEEP,AgeAdjPrv,35.8,10037261
MI,SLEEP,CrdPrv,34.7,10037261
MI,STROKE,AgeAdjPrv,3.1,10037261
MI,STROKE,CrdPrv,3.7,10037261
MI,TEETHLOST,AgeAdjPrv,10.5,10037261
MI,TEETHLOST,CrdPrv,10.2,10037261
MI,VISION,AgeAdjPrv,4.6,10037261
MI,VISION,CrdPrv,4.9,10037261
MN,ACCESS2,AgeAdjPrv,7.8,5737915
MN,ACCESS2,CrdPrv,7.5,5737915
MN,ARTHRITIS,AgeAdjPrv,19.3,5737915
MN,ARTHRITIS,CrdPrv,22.3,5737915
MN,BINGE,AgeAdjPrv,19.3,5737915
MN,BINGE,CrdPrv,17.8,5737915
MN,BPHIGH,AgeAdjPrv,27.8,5737915
MN,BPHIGH,CrdPrv,31.0,5737915
MN,BPMED,AgeAdjPrv,56.6,5737915
MN,BPMED,CrdPrv,76.1,5737915
MN,CANCER,AgeAdjPrv,7.1,5737915
MN,CANCER,CrdPrv,8.5,5737915
MN,CASTHMA,AgeAdjPrv,9.9,5737915
MN,CASTHMA,CrdPrv,9.9,5737915
MN,CHD,AgeAdjPrv,4.9,5737915
MN,CHD,CrdPrv,5.9,5737915
MN,CHECKUP,AgeAdjPrv,72.8,5737915
MN,CHECKUP,CrdPrv,74.8,5737915
MN,CHOLSCREEN,AgeAdjPrv,83.7,5737915
MN,CHOLSCREEN,CrdPrv,85.3,5737915
MN,COGNITION,AgeAdjPrv,13.3,5737915
MN,COGNITION,CrdPrv,12.8,5737915
MN,COLON_SCREEN,AgeAdjPrv,63.5,5737915
MN,COLON_SCREEN,CrdPrv,68.7,5737915
MN,COPD,AgeAdjPrv,4.7,5737915
MN,COPD,CrdPrv,5.4,5737915
MN,CSMOKING,AgeAdjPrv,13.3,5737915
MN,CSMOKING,CrdPrv,13.1,5737915
MN,DENTAL,AgeAdjPrv,67.0,5737915
MN,DENTAL,CrdPrv,67.5,5737915
MN,DEPRESSION,AgeAdjPrv,25.1,5737915
MN,DEPRESSION,CrdPrv,24.4,5737915
MN,DIABETES,AgeAdjPrv,8.7,5737915
MN,DIABETES,CrdPrv,10.1,5737915
MN,DISABILITY,AgeAdjPrv,26.1,5737915
MN,DISABILITY,CrdPrv,27.4,5737915
MN,EMOTIONSPT,AgeAdjPrv,22.1,5737915
MN,EMOTIONSPT,CrdPrv,21.5,5737915
MN,FOODINSECU,AgeAdjPrv,11.9,5737915
MN,FOODINSECU,CrdPrv,11.4,5737915
MN,FOODSTAMP,AgeAdjPrv,8.3,5737915
MN,FOODSTAMP,CrdPrv,7.9,5737915
MN,GHLTH,AgeAdjPrv,15.3,5737915
MN,GHLTH,CrdPrv,16.0,5737915
MN,HEARING,AgeAdjPrv,5.9,5737915
MN,HEARING,CrdPrv,6.8,5737915
MN,HIGHCHOL,AgeAdjPrv,29.0,5737915
MN,HIGHCHOL,CrdPrv,33.4,5737915
MN,HOUSINSECU,AgeAdjPrv,10.1,5737915
MN,HOUSINSECU,CrdPrv,9.3,5737915
MN,INDEPLIVE,AgeAdjPrv,6.8,5737915
MN,INDEPLIVE,CrdPrv,7.0,5737915
MN,LACKTRPT,AgeAdjPrv,7.4,5737915
MN,LACKTRPT,CrdPrv,7.1,5737915
MN,LONELINESS,AgeAdjPrv,32.1,5737915
MN,LONELINESS,CrdPrv,31.2,5737915
MN,LPA,AgeAdjPrv,21.6,5737915
MN,LPA,CrdPrv,22.4,5737915
MN,MAMMOUSE,AgeAdjPrv,78.1,5737915
MN,MAMMOUSE,CrdPrv,78.5,5737915
MN,MHLTH,AgeAdjPrv,15.9,5737915
MN,MHLTH,CrdPrv,15.1,5737915
MN,MOBILITY,AgeAdjPrv,9.9,5737915
MN,MOBILITY,CrdPrv,11.4,5737915
MN,OBESITY,AgeAdjPrv,33.6,5737915
MN,OBESITY,CrdPrv,33.5,5737915
MN,PHLTH,AgeAdjPrv,10.7,5737915
MN,PHLTH,CrdPrv,11.3,5737915
MN,SELFCARE,AgeAdjPrv,2.9,5737915
MN,SELFCARE,CrdPrv,3.1,5737915
MN,SHUTUTILITY,AgeAdjPrv,6.2,5737915
MN,SHUTUTILITY,CrdPrv,5.7,5737915
MN,SLEEP,AgeAdjPrv,30.0,5737915
MN,SLEEP,CrdPrv,29.2,5737915
MN,STROKE,AgeAdjPrv,2.6,5737915
MN,STROKE,CrdPrv,3.1,5737915
MN,TEETHLOST,AgeAdjPrv,9.1,5737915
MN,TEETHLOST,CrdPrv,8.9,5737915
MN,VISION,AgeAdjPrv,3.7,5737915
MN,VISION,CrdPrv,4.0,5737915
MO,ACCESS2,AgeAdjPrv,9.0,6196156
MO,ACCESS2,CrdPrv,8.7,6196156
MO,ARTHRITIS,AgeAdjPrv,25.2,6196156
MO,ARTHRITIS,CrdPrv,28.8,6196156
MO,BINGE,AgeAdjPrv,17.8,6196156
MO,BINGE,CrdPrv,16.3,6196156
MO,BPHIGH,AgeAdjPrv,33.0,6196156
MO,BPHIGH,CrdPrv,36.5,6196156
MO,BPMED,AgeAdjPrv,58.8,6196156
MO,BPMED,CrdPrv,77.2,6196156
MO,CANCER,AgeAdjPrv,7.2,6196156
MO,CANCER,CrdPrv,8.6,6196156
MO,CASTHMA,AgeAdjPrv,10.7,6196156
MO,CASTHMA,CrdPrv,10.6,6196156
MO,CHD,AgeAdjPrv,5.6,6196156
MO,CHD,CrdPrv,6.8,6196156
MO,CHECKUP,AgeAdjPrv,76.5,6196156
MO,CHECKUP,CrdPrv,78.4,6196156
MO,CHOLSCREEN,AgeAdjPrv,82.8,6196156
MO,CHOLSCREEN,CrdPrv,84.4,6196156
MO,COGNITION,AgeAdjPrv,17.8,6196156
MO,COGNITION,CrdPrv,17.2,6196156
MO,COLON_SCREEN,AgeAdjPrv,58.4,6196156
MO,COLON_SCREEN,CrdPrv,64.0,6196156
MO,COPD,AgeAdjPrv,7.0,6196156
MO,COPD,CrdPrv,8.0,6196156
MO,CSMOKING,AgeAdjPrv,16.4,6196156
MO,CSMOKING,CrdPrv,16.0,6196156
MO,DENTAL,AgeAdjPrv,59.8,6196156
MO,DENTAL,CrdPrv,60.4,6196156
MO,DEPRESSION,AgeAdjPrv,25.1,6196156
MO,DEPRESSION,CrdPrv,24.4,6196156
MO,DIABETES,AgeAdjPrv,10.4,6196156
MO,DIABETES,CrdPrv,12.1,6196156
MO,DISABILITY,AgeAdjPrv,34.5,6196156
MO,DISABILITY,CrdPrv,36.2,6196156
MO,EMOTIONSPT,AgeAdjPrv,20.6,6196156
MO,EMOTIONSPT,CrdPrv,20.1,6196156
MO,FOODINSECU,AgeAdjPrv,14.4,6196156
MO,FOODINSECU,CrdPrv,13.7,6196156
MO,FOODSTAMP,AgeAdjPrv,11.3,6196156
MO,FOODSTAMP,CrdPrv,10.8,6196156
MO,GHLTH,AgeAdjPrv,19.6,6196156
MO,GHLTH,CrdPrv,20.6,6196156
MO,HEARING,AgeAdjPrv,7.2,6196156
MO,HEARING,CrdPrv,8.3,6196156
MO,HIGHCHOL,AgeAdjPrv,32.5,6196156
MO,HIGHCHOL,CrdPrv,37.5,6196156
MO,HOUSINSECU,AgeAdjPrv,13.2,6196156
MO,HOUSINSECU,CrdPrv,12.1,6196156
MO,INDEPLIVE,AgeAdjPrv,9.0,6196156
MO,INDEPLIVE,CrdPrv,9.2,6196156
MO,LACKTRPT,AgeAdjPrv,8.8,6196156
MO,LACKTRPT,CrdPrv,8.3,6196156
MO,LONELINESS,AgeAdjPrv,32.5,6196156
MO,LONELINESS,CrdPrv,31.6,6196156
MO,LPA,AgeAdjPrv,27.8,6196156
MO,LPA,CrdPrv,28.8,6196156
MO,MAMMOUSE,AgeAdjPrv,74.1,6196156
MO,MAMMOUSE,CrdPrv,74.7,6196156
MO,MHLTH,AgeAdjPrv,18.5,6196156
MO,MHLTH,CrdPrv,17.5,6196156
MO,MOBILITY,AgeAdjPrv,13.8,6196156
MO,MOBILITY,CrdPrv,15.8,6196156
MO,OBESITY,AgeAdjPrv,36.8,6196156
MO,OBESITY,CrdPrv,36.6,6196156
MO,PHLTH,AgeAdjPrv,13.4,6196156
MO,PHLTH,CrdPrv,14.2,6196156
MO,SELFCARE,AgeAdjPrv,3.6,6196156
MO,SELFCARE,CrdPrv,3.9,6196156
MO,SHUTUTILITY,AgeAdjPrv,9.7,6196156
MO,SHUTUTILITY,CrdPrv,9.0,6196156
MO,SLEEP,AgeAdjPrv,37.6,6196156
MO,SLEEP,CrdPrv,36.5,6196156
MO,STROKE,AgeAdjPrv,3.1,6196156
MO,STROKE,CrdPrv,3.6,6196156
MO,TEETHLOST,AgeAdjPrv,16.0,6196156
MO,TEETHLOST,CrdPrv,15.8,6196156
MO,VISION,AgeAdjPrv,4.8,6196156
MO,VISION,CrdPrv,5.1,6196156
MS,ACCESS2,AgeAdjPrv,11.9,2939690
MS,ACCESS2,CrdPrv,11.5,2939690
MS,ARTHRITIS,AgeAdjPrv,26.5,2939690
MS,ARTHRITIS,CrdPrv,29.9,2939690
MS,BINGE,AgeAdjPrv,14.7,2939690
MS,BINGE,CrdPrv,13.6,2939690
MS,BPHIGH,AgeAdjPrv,41.7,2939690
MS,BPHIGH,CrdPrv,44.9,2939690
MS,BPMED,AgeAdjPrv,64.9,2939690
MS,BPMED,CrdPrv,79.7,2939690
MS,CANCER,AgeAdjPrv,6.4,2939690
MS,CANCER,CrdPrv,7.6,2939690
MS,CASTHMA,AgeAdjPrv,10.0,2939690
MS,CASTHMA,CrdPrv,10.0,2939690
MS,CHD,AgeAdjPrv,6.3,2939690
MS,CHD,CrdPrv,7.5,2939690
MS,CHECKUP,AgeAdjPrv,80.1,2939690
MS,CHECKUP,CrdPrv,81.6,2939690
MS,CHOLSCREEN,AgeAdjPrv,84.9,2939690
MS,CHOLSCREEN,CrdPrv,86.2,2939690
MS,COGNITION,AgeAdjPrv,18.1,2939690
MS,COGNITION,CrdPrv,17.5,2939690
MS,COLON_SCREEN,AgeAdjPrv,56.4,2939690
MS,COLON_SCREEN,CrdPrv,61.8,2939690
MS,COPD,AgeAdjPrv,7.5,2939690
MS,COPD,CrdPrv,8.6,2939690
MS,CSMOKING,AgeAdjPrv,17.4,2939690
MS,CSMOKING,CrdPrv,16.9,2939690
MS,DENTAL,AgeAdjPrv,9.0,2939690
MS,DENTAL,CrdPrv,9.3,2939690
MS,DEPRESSION,AgeAdjPrv,20.1,2939690
MS,DEPRESSION,CrdPrv,19.5,2939690
MS,DIABETES,AgeAdjPrv,13.6,2939690
MS,DIABETES,CrdPrv,15.5,2939690
MS,DISABILITY,AgeAdjPrv,36.6,2939690
MS,DISABILITY,CrdPrv,38.1,2939690
MS,EMOTIONSPT,AgeAdjPrv,29.6,2939690
MS,EMOTIONSPT,CrdPrv,28.9,2939690
MS,FOODINSECU,AgeAdjPrv,23.3,2939690
MS,FOODINSECU,CrdPrv,22.4,2939690
MS,FOODSTAMP,AgeAdjPrv,14.3,2939690
MS,FOODSTAMP,CrdPrv,13.6,2939690
MS,GHLTH,AgeAdjPrv,23.5,2939690
MS,GHLTH,CrdPrv,24.4,2939690
MS,HEARING,AgeAdjPrv,7.1,2939690
MS,HEARING,CrdPrv,8.1,2939690
MS,HIGHCHOL,AgeAdjPrv,34.1,2939690
MS,HIGHCHOL,CrdPrv,38.8,2939690
MS,HOUSINSECU,AgeAdjPrv,18.2,2939690
MS,HOUSINSECU,CrdPrv,16.8,2939690
MS,INDEPLIVE,AgeAdjPrv,10.2,2939690
MS,INDEPLIVE,CrdPrv,10.4,2939690
MS,LACKTRPT,AgeAdjPrv,12.5,2939690
MS,LACKTRPT,CrdPrv,11.9,2939690
MS,LONELINESS,AgeAdjPrv,37.2,2939690
MS,LONELINESS,CrdPrv,36.4,2939690
MS,LPA,AgeAdjPrv,33.1,2939690
MS,LPA,CrdPrv,34.0,2939690
MS,MAMMOUSE,AgeAdjPrv,73.5,2939690
MS,MAMMOUSE,CrdPrv,74.0,2939690
MS,MHLTH,AgeAdjPrv,18.2,2939690
MS,MHLTH,CrdPrv,17.3,2939690
MS,MOBILITY,AgeAdjPrv,16.7,2939690
MS,MOBILITY,CrdPrv,18.8,2939690
MS,OBESITY,AgeAdjPrv,40.7,2939690
MS,OBESITY,CrdPrv,40.4,2939690
MS,PHLTH,AgeAdjPrv,14.1,2939690
MS,PHLTH,CrdPrv,14.8,2939690
MS,SELFCARE,AgeAdjPrv,4.9,2939690
MS,SELFCARE,CrdPrv,5.3,2939690
MS,SHUTUTILITY,AgeAdjPrv,12.2,2939690
MS,SHUTUTILITY,CrdPrv,11.3,2939690
MS,SLEEP,AgeAdjPrv,39.4,2939690
MS,SLEEP,CrdPrv,38.4,2939690
MS,STROKE,AgeAdjPrv,3.9,2939690
MS,STROKE,CrdPrv,4.5,2939690
MS,TEETHLOST,AgeAdjPrv,18.9,2939690
MS,TEETHLOST,CrdPrv,18.5,2939690
MS,VISION,AgeAdjPrv,6.7,2939690
MS,VISION,CrdPrv,7.0,2939690
MT,ACCESS2,AgeAdjPrv,9.6,1132812
MT,ACCESS2,CrdPrv,9.3,1132812
MT,ARTHRITIS,AgeAdjPrv,24.2,1132812
MT,ARTHRITIS,CrdPrv,28.4,1132812
MT,BINGE,AgeAdjPrv,22.5,1132812
MT,BINGE,CrdPrv,20.3,1132812
MT,BPHIGH,AgeAdjPrv,27.9,1132812
MT,BPHIGH,CrdPrv,32.0,1132812
MT,BPMED,AgeAdjPrv,51.9,1132812
MT,BPMED,CrdPrv,73.4,1132812
MT,CANCER,AgeAdjPrv,7.5,1132812
MT,CANCER,CrdPrv,9.3,1132812
MT,CASTHMA,AgeAdjPrv,11.3,1132812
MT,CASTHMA,CrdPrv,11.1,1132812
MT,CHD,AgeAdjPrv,5.2,1132812
MT,CHD,CrdPrv,6.6,1132812
MT,CHECKUP,AgeAdjPrv,69.7,1132812
MT,CHECKUP,CrdPrv,72.4,1132812
MT,CHOLSCREEN,AgeAdjPrv,80.2,1132812
MT,CHOLSCREEN,CrdPrv,82.5,1132812
MT,COGNITION,AgeAdjPrv,15.1,1132812
MT,COGNITION,CrdPrv,14.3,1132812
MT,COLON_SCREEN,AgeAdjPrv,57.2,1132812
MT,COLON_SCREEN,CrdPrv,63.8,1132812
MT,COPD,AgeAdjPrv,6.0,1132812
MT,COPD,CrdPrv,7.0,1132812
MT,CSMOKING,AgeAdjPrv,14.2,1132812
MT,CSMOKING,CrdPrv,13.7,1132812
MT,DENTAL,AgeAdjPrv,62.6,1132812
MT,DENTAL,CrdPrv,63.2,1132812
MT,DEPRESSION,AgeAdjPrv,25.9,1132812
MT,DEPRESSION,CrdPrv,24.9,1132812
MT,DIABETES,AgeAdjPrv,8.3,1132812
MT,DIABETES,CrdPrv,10.0,1132812
MT,DISABILITY,AgeAdjPrv,29.2,1132812
MT,DISABILITY,CrdPrv,31.0,1132812
MT,EMOTIONSPT,AgeAdjPrv,22.0,1132812
MT,EMOTIONSPT,CrdPrv,21.3,1132812
MT,FOODINSECU,AgeAdjPrv,12.5,1132812
MT,FOODINSECU,CrdPrv,11.8,1132812
MT,FOODSTAMP,AgeAdjPrv,8.9,1132812
MT,FOODSTAMP,CrdPrv,8.4,1132812
MT,GHLTH,AgeAdjPrv,17.4,1132812
MT,GHLTH,CrdPrv,18.4,1132812
MT,HEARING,AgeAdjPrv,7.2,1132812
MT,HEARING,CrdPrv,8.6,1132812
MT,HIGHCHOL,AgeAdjPrv,27.6,1132812
MT,HIGHCHOL,CrdPrv,32.8,1132812
MT,HOUSINSECU,AgeAdjPrv,10.2,1132812
MT,HOUSINSECU,CrdPrv,9.2,1132812
MT,INDEPLIVE,AgeAdjPrv,7.9,1132812
MT,INDEPLIVE,CrdPrv,8.0,1132812
MT,LACKTRPT,AgeAdjPrv,8.1,1132812
MT,LACKTRPT,CrdPrv,7.5,1132812
MT,LONELINESS,AgeAdjPrv,31.7,1132812
MT,LONELINESS,CrdPrv,30.7,1132812
MT,LPA,AgeAdjPrv,19.7,1132812
MT,LPA,CrdPrv,20.7,1132812
MT,MAMMOUSE,AgeAdjPrv,73.8,1132812
MT,MAMMOUSE,CrdPrv,74.8,1132812
MT,MHLTH,AgeAdjPrv,18.5,1132812
MT,MHLTH,CrdPrv,17.3,1132812
MT,MOBILITY,AgeAdjPrv,11.0,1132812
MT,MOBILITY,CrdPrv,13.0,1132812
MT,OBESITY,AgeAdjPrv,31.7,1132812
MT,OBESITY,CrdPrv,31.5,1132812
MT,PHLTH,AgeAdjPrv,13.2,1132812
MT,PHLTH,CrdPrv,14.0,1132812
MT,SELFCARE,AgeAdjPrv,3.2,1132812
MT,SELFCARE,CrdPrv,3.5,1132812
MT,SHUTUTILITY,AgeAdjPrv,7.3,1132812
MT,SHUTUTILITY,CrdPrv,6.6,1132812
MT,SLEEP,AgeAdjPrv,32.5,1132812
MT,SLEEP,CrdPrv,31.4,1132812
MT,STROKE,AgeAdjPrv,2.9,1132812
MT,STROKE,CrdPrv,3.5,1132812
MT,TEETHLOST,AgeAdjPrv,12.6,1132812
MT,TEETHLOST,CrdPrv,12.3,1132812
MT,VISION,AgeAdjPrv,4.3,1132812
MT,VISION,CrdPrv,4.6,1132812
NC,ACCESS2,AgeAdjPrv,10.8,10835491
NC,ACCESS2,CrdPrv,10.4,10835491
NC,ARTHRITIS,AgeAdjPrv,23.8,10835491
NC,ARTHRITIS,CrdPrv,26.9,10835491
NC,BINGE,AgeAdjPrv,15.8,10835491
NC,BINGE,CrdPrv,14.7,10835491
NC,BPHIGH,AgeAdjPrv,33.7,10835491
NC,BPHIGH,CrdPrv,36.7,10835491
NC,BPMED,AgeAdjPrv,59.1,10835491
NC,BPMED,CrdPrv,76.6,10835491
NC,CANCER,AgeAdjPrv,6.7,10835491
NC,CANCER,CrdPrv,7.9,10835491
NC,CASTHMA,AgeAdjPrv,10.8,10835491
NC,CASTHMA,CrdPrv,10.8,10835491
NC,CHD,AgeAdjPrv,5.5,10835491
NC,CHD,CrdPrv,6.5,10835491
NC,CHECKUP,AgeAdjPrv,78.5,10835491
NC,CHECKUP,CrdPrv,80.0,10835491
NC,CHOLSCREEN,AgeAdjPrv,86.3,10835491
NC,CHOLSCREEN,CrdPrv,87.5,10835491
NC,COGNITION,AgeAdjPrv,15.3,10835491
NC,COGNITION,CrdPrv,14.9,10835491
NC,COLON_SCREEN,AgeAdjPrv,61.0,10835491
NC,COLON_SCREEN,CrdPrv,65.6,10835491
NC,COPD,AgeAdjPrv,6.2,10835491
NC,COPD,CrdPrv,7.1,10835491
NC,CSMOKING,AgeAdjPrv,13.8,10835491
NC,CSMOKING,CrdPrv,13.5,10835491
NC,DENTAL,AgeAdjPrv,62.8,10835491
NC,DENTAL,CrdPrv,63.5,10835491
NC,DEPRESSION,AgeAdjPrv,24.8,10835491
NC,DEPRESSION,CrdPrv,24.2,10835491
NC,DIABETES,AgeAdjPrv,10.5,10835491
NC,DIABETES,CrdPrv,12.0,10835491
NC,DISABILITY,AgeAdjPrv,30.7,10835491
NC,DISABILITY,CrdPrv,32.0,10835491
NC,EMOTIONSPT,AgeAdjPrv,23.1,10835491
NC,EMOTIONSPT,CrdPrv,22.6,10835491
NC,FOODINSECU,AgeAdjPrv,15.9,10835491
NC,FOODINSECU,CrdPrv,15.2,10835491
NC,FOODSTAMP,AgeAdjPrv,12.9,10835491
NC,FOODSTAMP,CrdPrv,12.4,10835491
NC,GHLTH,AgeAdjPrv,18.2,10835491
NC,GHLTH,CrdPrv,19.0,10835491
NC,HEARING,AgeAdjPrv,6.4,10835491
NC,HEARING,CrdPrv,7.3,10835491
NC,HIGHCHOL,AgeAdjPrv,31.4,10835491
NC,HIGHCHOL,CrdPrv,35.6,10835491
NC,HOUSINSECU,AgeAdjPrv,13.1,10835491
NC,HOUSINSECU,CrdPrv,12.2,10835491
NC,INDEPLIVE,AgeAdjPrv,8.1,10835491
NC,INDEPLIVE,CrdPrv,8.2,10835491
NC,LACKTRPT,AgeAdjPrv,8.8,10835491
NC,LACKTRPT,CrdPrv,8.4,10835491
NC,LONELINESS,AgeAdjPrv,33.3,10835491
NC,LONELINESS,CrdPrv,32.5,10835491
NC,LPA,AgeAdjPrv,23.1,10835491
NC,LPA,CrdPrv,23.8,10835491
NC,MAMMOUSE,AgeAdjPrv,78.4,10835491
NC,MAMMOUSE,CrdPrv,78.7,10835491
NC,MHLTH,AgeAdjPrv,17.3,10835491
NC,MHLTH,CrdPrv,16.5,10835491
NC,MOBILITY,AgeAdjPrv,12.6,10835491
NC,MOBILITY,CrdPrv,14.2,10835491
NC,OBESITY,AgeAdjPrv,35.2,10835491
NC,OBESITY,CrdPrv,35.1,10835491
NC,PHLTH,AgeAdjPrv,12.0,10835491
NC,PHLTH,CrdPrv,12.6,10835491
NC,SELFCARE,AgeAdjPrv,3.7,10835491
NC,SELFCARE,CrdPrv,4.0,10835491
NC,SHUTUTILITY,AgeAdjPrv,8.8,10835491
NC,SHUTUTILITY,CrdPrv,8.2,10835491
NC,SLEEP,AgeAdjPrv,35.1,10835491
NC,SLEEP,CrdPrv,34.3,10835491
NC,STROKE,AgeAdjPrv,3.2,10835491
NC,STROKE,CrdPrv,3.6,10835491
NC,TEETHLOST,AgeAdjPrv,14.2,10835491
NC,TEETHLOST,CrdPrv,13.9,10835491
NC,VISION,AgeAdjPrv,5.1,10835491
NC,VISION,CrdPrv,5.3,10835491
ND,ACCESS2,AgeAdjPrv,7.4,783926
ND,ACCESS2,CrdPrv,7.3,783926
ND,ARTHRITIS,AgeAdjPrv,23.5,783926
ND,ARTHRITIS,CrdPrv,25.3,783926
ND,BINGE,AgeAdjPrv,22.3,783926
ND,BINGE,CrdPrv,21.3,783926
ND,BPHIGH,AgeAdjPrv,30.1,783926
ND,BPHIGH,CrdPrv,31.8,783926
ND,BPMED,AgeAdjPrv,58.8,783926
ND,BPMED,CrdPrv,76.2,783926
ND,CANCER,AgeAdjPrv,7.2,783926
ND,CANCER,CrdPrv,8.1,783926
ND,CASTHMA,AgeAdjPrv,10.2,783926
ND,CASTHMA,CrdPrv,10.1,783926
ND,CHD,AgeAdjPrv,5.4,783926
ND,CHD,CrdPrv,6.1,783926
ND,CHECKUP,AgeAdjPrv,73.3,783926
ND,CHECKUP,CrdPrv,74.4,783926
ND,CHOLSCREEN,AgeAdjPrv,82.2,783926
ND,CHOLSCREEN,CrdPrv,82.7,783926
ND,COGNITION,AgeAdjPrv,12.8,783926
ND,COGNITION,CrdPrv,12.6,783926
ND,COLON_SCREEN,AgeAdjPrv,59.1,783926
ND,COLON_SCREEN,CrdPrv,64.8,783926
ND,COPD,AgeAdjPrv,5.4,783926
ND,COPD,CrdPrv,5.9,783926
ND,CSMOKING,AgeAdjPrv,13.9,783926
ND,CSMOKING,CrdPrv,13.2,783926
ND,DENTAL,AgeAdjPrv,63.9,783926
ND,DENTAL,CrdPrv,64.4,783926
ND,DEPRESSION,AgeAdjPrv,21.7,783926
ND,DEPRESSION,CrdPrv,21.3,783926
ND,DIABETES,AgeAdjPrv,9.1,783926
ND,DIABETES,CrdPrv,9.8,783926
ND,DISABILITY,AgeAdjPrv,26.6,783926
ND,DISABILITY,CrdPrv,27.7,783926
ND,EMOTIONSPT,AgeAdjPrv,21.0,783926
ND,EMOTIONSPT,CrdPrv,20.6,783926
ND,FOODINSECU,AgeAdjPrv,11.3,783926
ND,FOODINSECU,CrdPrv,10.8,783926
ND,FOODSTAMP,AgeAdjPrv,7.2,783926
ND,FOODSTAMP,CrdPrv,6.8,783926
ND,GHLTH,AgeAdjPrv,15.8,783926
ND,GHLTH,CrdPrv,16.1,783926
ND,HEARING,AgeAdjPrv,7.0,783926
ND,HEARING,CrdPrv,7.8,783926
ND,HIGHCHOL,AgeAdjPrv,30.5,783926
ND,HIGHCHOL,CrdPrv,33.8,783926
ND,HOUSINSECU,AgeAdjPrv,9.6,783926
ND,HOUSINSECU,CrdPrv,8.9,783926
ND,INDEPLIVE,AgeAdjPrv,7.0,783926
ND,INDEPLIVE,CrdPrv,7.1,783926
ND,LACKTRPT,AgeAdjPrv,6.7,783926
ND,LACKTRPT,CrdPrv,6.5,783926
ND,LONELINESS,AgeAdjPrv,29.7,783926
ND,LONELINESS,CrdPrv,29.6,783926
ND,LPA,AgeAdjPrv,21.6,783926
ND,LPA,CrdPrv,21.9,783926
ND,MAMMOUSE,AgeAdjPrv,77.4,783926
ND,MAMMOUSE,CrdPrv,77.9,783926
ND,MHLTH,AgeAdjPrv,14.7,783926
ND,MHLTH,CrdPrv,14.2,783926
ND,MOBILITY,AgeAdjPrv,10.3,783926
ND,MOBILITY,CrdPrv,11.2,783926
ND,OBESITY,AgeAdjPrv,37.4,783926
ND,OBESITY,CrdPrv,36.6,783926
ND,PHLTH,AgeAdjPrv,11.1,783926
ND,PHLTH,CrdPrv,11.4,783926
ND,SELFCARE,AgeAdjPrv,3.0,783926
ND,SELFCARE,CrdPrv,3.1,783926
ND,SHUTUTILITY,AgeAdjPrv,6.3,783926
ND,SHUTUTILITY,CrdPrv,5.8,783926
ND,SLEEP,AgeAdjPrv,33.7,783926
ND,SLEEP,CrdPrv,32.7,783926
ND,STROKE,AgeAdjPrv,2.7,783926
ND,STROKE,CrdPrv,3.1,783926
ND,TEETHLOST,AgeAdjPrv,11.2,783926
ND,TEETHLOST,CrdPrv,10.9,783926
ND,VISION,AgeAdjPrv,4.0,783926
ND,VISION,CrdPrv,4.2,783926
NE,ACCESS2,AgeAdjPrv,10.2,1978379
NE,ACCESS2,CrdPrv,9.9,1978379
NE,ARTHRITIS,AgeAdjPrv,21.4,1978379
NE,ARTHRITIS,CrdPrv,23.9,1978379
NE,BINGE,AgeAdjPrv,21.0,1978379
NE,BINGE,CrdPrv,19.7,1978379
NE,BPHIGH,AgeAdjPrv,29.9,1978379
NE,BPHIGH,CrdPrv,32.6,1978379
NE,BPMED,AgeAdjPrv,59.2,1978379
NE,BPMED,CrdPrv,77.5,1978379
NE,CANCER,AgeAdjPrv,7.1,1978379
NE,CANCER,CrdPrv,8.3,1978379
NE,CASTHMA,AgeAdjPrv,9.0,1978379
NE,CASTHMA,CrdPrv,9.0,1978379
NE,CHD,AgeAdjPrv,5.2,1978379
NE,CHD,CrdPrv,6.1,1978379
NE,CHECKUP,AgeAdjPrv,74.3,1978379
NE,CHECKUP,CrdPrv,75.9,1978379
NE,CHOLSCREEN,AgeAdjPrv,82.5,1978379
NE,CHOLSCREEN,CrdPrv,83.7,1978379
NE,COGNITION,AgeAdjPrv,12.4,1978379
NE,COGNITION,CrdPrv,12.1,1978379
NE,COLON_SCREEN,AgeAdjPrv,57.0,1978379
NE,COLON_SCREEN,CrdPrv,62.3,1978379
NE,COPD,AgeAdjPrv,5.4,1978379
NE,COPD,CrdPrv,6.1,1978379
NE,CSMOKING,AgeAdjPrv,13.6,1978379
NE,CSMOKING,CrdPrv,13.2,1978379
NE,DENTAL,AgeAdjPrv,63.9,1978379
NE,DENTAL,CrdPrv,64.3,1978379
NE,DEPRESSION,AgeAdjPrv,18.7,1978379
NE,DEPRESSION,CrdPrv,18.2,1978379
NE,DIABETES,AgeAdjPrv,9.5,1978379
NE,DIABETES,CrdPrv,10.7,1978379
NE,DISABILITY,AgeAdjPrv,26.2,1978379
NE,DISABILITY,CrdPrv,27.4,1978379
NE,EMOTIONSPT,AgeAdjPrv,21.0,1978379
NE,EMOTIONSPT,CrdPrv,20.5,1978379
NE,FOODINSECU,AgeAdjPrv,12.9,1978379
NE,FOODINSECU,CrdPrv,12.3,1978379
NE,FOODSTAMP,AgeAdjPrv,9.0,1978379
NE,FOODSTAMP,CrdPrv,8.5,1978379
NE,GHLTH,AgeAdjPrv,15.6,1978379
NE,GHLTH,CrdPrv,16.1,1978379
NE,HEARING,AgeAdjPrv,6.4,1978379
NE,HEARING,CrdPrv,7.3,1978379
NE,HIGHCHOL,AgeAdjPrv,29.1,1978379
NE,HIGHCHOL,CrdPrv,33.0,1978379
NE,HOUSINSECU,AgeAdjPrv,10.3,1978379
NE,HOUSINSECU,CrdPrv,9.5,1978379
NE,INDEPLIVE,AgeAdjPrv,6.8,1978379
NE,INDEPLIVE,CrdPrv,6.9,1978379
NE,LACKTRPT,AgeAdjPrv,7.0,1978379
NE,LACKTRPT,CrdPrv,6.7,1978379
NE,LONELINESS,AgeAdjPrv,29.8,1978379
NE,LONELINESS,CrdPrv,29.3,1978379
NE,LPA,AgeAdjPrv,23.7,1978379
NE,LPA,CrdPrv,24.4,1978379
NE,MAMMOUSE,AgeAdjPrv,74.1,1978379
NE,MAMMOUSE,CrdPrv,75.0,1978379
NE,MHLTH,AgeAdjPrv,14.8,1978379
NE,MHLTH,CrdPrv,14.1,1978379
NE,MOBILITY,AgeAdjPrv,10.7,1978379
NE,MOBILITY,CrdPrv,12.0,1978379
NE,OBESITY,AgeAdjPrv,38.1,1978379
NE,OBESITY,CrdPrv,37.7,1978379
NE,PHLTH,AgeAdjPrv,11.0,1978379
NE,PHLTH,CrdPrv,11.6,1978379
NE,SELFCARE,AgeAdjPrv,3.0,1978379
NE,SELFCARE,CrdPrv,3.2,1978379
NE,SHUTUTILITY,AgeAdjPrv,7.0,1978379
NE,SHUTUTILITY,CrdPrv,6.4,1978379
NE,SLEEP,AgeAdjPrv,32.1,1978379
NE,SLEEP,CrdPrv,31.3,1978379
NE,STROKE,AgeAdjPrv,2.8,1978379
NE,STROKE,CrdPrv,3.1,1978379
NE,TEETHLOST,AgeAdjPrv,12.7,1978379
NE,TEETHLOST,CrdPrv,12.4,1978379
NE,VISION,AgeAdjPrv,4.2,1978379
NE,VISION,CrdPrv,4.4,1978379
NH,ACCESS2,AgeAdjPrv,7.2,1402054
NH,ACCESS2,CrdPrv,6.8,1402054
NH,ARTHRITIS,AgeAdjPrv,22.8,1402054
NH,ARTHRITIS,CrdPrv,27.6,1402054
NH,BINGE,AgeAdjPrv,17.7,1402054
NH,BINGE,CrdPrv,15.7,1402054
NH,BPHIGH,AgeAdjPrv,28.2,1402054
NH,BPHIGH,CrdPrv,33.0,1402054
NH,BPMED,AgeAdjPrv,55.2,1402054
NH,BPMED,CrdPrv,76.8,1402054
NH,CANCER,AgeAdjPrv,7.7,1402054
NH,CANCER,CrdPrv,9.8,1402054
NH,CASTHMA,AgeAdjPrv,10.6,1402054
NH,CASTHMA,CrdPrv,10.5,1402054
NH,CHD,AgeAdjPrv,4.7,1402054
NH,CHD,CrdPrv,6.0,1402054
NH,CHECKUP,AgeAdjPrv,75.0,1402054
NH,CHECKUP,CrdPrv,77.8,1402054
NH,CHOLSCREEN,AgeAdjPrv,86.2,1402054
NH,CHOLSCREEN,CrdPrv,88.3,1402054
NH,COGNITION,AgeAdjPrv,12.7,1402054
NH,COGNITION,CrdPrv,12.0,1402054
NH,COLON_SCREEN,AgeAdjPrv,63.0,1402054
NH,COLON_SCREEN,CrdPrv,69.5,1402054
NH,COPD,AgeAdjPrv,5.1,1402054
NH,COPD,CrdPrv,6.2,1402054
NH,CSMOKING,AgeAdjPrv,11.0,1402054
NH,CSMOKING,CrdPrv,10.8,1402054
NH,DENTAL,AgeAdjPrv,67.9,1402054
NH,DENTAL,CrdPrv,68.8,1402054
NH,DEPRESSION,AgeAdjPrv,23.7,1402054
NH,DEPRESSION,CrdPrv,22.7,1402054
NH,DIABETES,AgeAdjPrv,7.6,1402054
NH,DIABETES,CrdPrv,9.4,1402054
NH,DISABILITY,AgeAdjPrv,24.3,1402054
NH,DISABILITY,CrdPrv,26.1,1402054
NH,EMOTIONSPT,AgeAdjPrv,22.5,1402054
NH,EMOTIONSPT,CrdPrv,21.7,1402054
NH,FOODINSECU,AgeAdjPrv,10.1,1402054
NH,FOODINSECU,CrdPrv,9.5,1402054
NH,FOODSTAMP,AgeAdjPrv,6.9,1402054
NH,FOODSTAMP,CrdPrv,6.5,1402054
NH,GHLTH,AgeAdjPrv,13.5,1402054
NH,GHLTH,CrdPrv,14.5,1402054
NH,HEARING,AgeAdjPrv,6.0,1402054
NH,HEARING,CrdPrv,7.2,1402054
NH,HIGHCHOL,AgeAdjPrv,29.7,1402054
NH,HIGHCHOL,CrdPrv,35.2,1402054
NH,HOUSINSECU,AgeAdjPrv,9.0,1402054
NH,HOUSINSECU,CrdPrv,8.1,1402054
NH,INDEPLIVE,AgeAdjPrv,6.4,1402054
NH,INDEPLIVE,CrdPrv,6.6,1402054
NH,LACKTRPT,AgeAdjPrv,6.1,1402054
NH,LACKTRPT,CrdPrv,5.6,1402054
NH,LONELINESS,AgeAdjPrv,32.0,1402054
NH,LONELINESS,CrdPrv,30.6,1402054
NH,LPA,AgeAdjPrv,19.6,1402054
NH,LPA,CrdPrv,20.7,1402054
NH,MAMMOUSE,AgeAdjPrv,78.3,1402054
NH,MAMMOUSE,CrdPrv,78.8,1402054
NH,MHLTH,AgeAdjPrv,16.6,1402054
NH,MHLTH,CrdPrv,15.3,1402054
NH,MOBILITY,AgeAdjPrv,9.3,1402054
NH,MOBILITY,CrdPrv,11.3,1402054
NH,OBESITY,AgeAdjPrv,31.7,1402054
NH,OBESITY,CrdPrv,31.8,1402054
NH,PHLTH,AgeAdjPrv,10.8,1402054
NH,PHLTH,CrdPrv,11.7,1402054
NH,SELFCARE,AgeAdjPrv,2.6,1402054
NH,SELFCARE,CrdPrv,2.9,1402054
NH,SHUTUTILITY,AgeAdjPrv,6.0,1402054
NH,SHUTUTILITY,CrdPrv,5.4,1402054
NH,SLEEP,AgeAdjPrv,34.0,1402054
NH,SLEEP,CrdPrv,32.9,1402054
NH,STROKE,AgeAdjPrv,2.5,1402054
NH,STROKE,CrdPrv,3.1,1402054
NH,TEETHLOST,AgeAdjPrv,9.4,1402054
NH,TEETHLOST,CrdPrv,8.9,1402054
NH,VISION,AgeAdjPrv,3.4,1402054
NH,VISION,CrdPrv,3.8,1402054
NJ,ACCESS2,AgeAdjPrv,11.8,9290841
NJ,ACCESS2,CrdPrv,11.3,9290841
NJ,ARTHRITIS,AgeAdjPrv,19.0,9290841
NJ,ARTHRITIS,CrdPrv,22.3,9290841
NJ,BINGE,AgeAdjPrv,16.9,9290841
NJ,BINGE,CrdPrv,15.5,9290841
NJ,BPHIGH,AgeAdjPrv,29.3,9290841
NJ,BPHIGH,CrdPrv,32.9,9290841
NJ,BPMED,AgeAdjPrv,58.0,9290841
NJ,BPMED,CrdPrv,77.2,9290841
NJ,CANCER,AgeAdjPrv,6.1,9290841
NJ,CANCER,CrdPrv,7.5,9290841
NJ,CASTHMA,AgeAdjPrv,8.9,9290841
NJ,CASTHMA,CrdPrv,8.9,9290841
NJ,CHD,AgeAdjPrv,4.7,9290841
NJ,CHD,CrdPrv,5.6,9290841
NJ,CHECKUP,AgeAdjPrv,76.1,9290841
NJ,CHECKUP,CrdPrv,78.0,9290841
NJ,CHOLSCREEN,AgeAdjPrv,87.7,9290841
NJ,CHOLSCREEN,CrdPrv,89.1,9290841
NJ,COGNITION,AgeAdjPrv,12.0,9290841
NJ,COGNITION,CrdPrv,11.6,9290841
NJ,COLON_SCREEN,AgeAdjPrv,58.8,9290841
NJ,COLON_SCREEN,CrdPrv,63.4,9290841
NJ,COPD,AgeAdjPrv,4.4,9290841
NJ,COPD,CrdPrv,5.1,9290841
NJ,CSMOKING,AgeAdjPrv,11.0,9290841
NJ,CSMOKING,CrdPrv,10.9,9290841
NJ,DENTAL,AgeAdjPrv,65.3,9290841
NJ,DENTAL,CrdPrv,65.9,9290841
NJ,DEPRESSION,AgeAdjPrv,15.7,9290841
NJ,DEPRESSION,CrdPrv,15.1,9290841
NJ,DIABETES,AgeAdjPrv,9.4,9290841
NJ,DIABETES,CrdPrv,10.9,9290841
NJ,DISABILITY,AgeAdjPrv,23.6,9290841
NJ,DISABILITY,CrdPrv,24.8,9290841
NJ,EMOTIONSPT,AgeAdjPrv,24.6,9290841
NJ,EMOTIONSPT,CrdPrv,24.0,9290841
NJ,FOODINSECU,AgeAdjPrv,14.9,9290841
NJ,FOODINSECU,CrdPrv,14.4,9290841
NJ,FOODSTAMP,AgeAdjPrv,8.7,9290841
NJ,FOODSTAMP,CrdPrv,8.4,9290841
NJ,GHLTH,AgeAdjPrv,16.3,9290841
NJ,GHLTH,CrdPrv,17.1,9290841
NJ,HEARING,AgeAdjPrv,4.9,9290841
NJ,HEARING,CrdPrv,5.7,9290841
NJ,HIGHCHOL,AgeAdjPrv,34.6,9290841
NJ,HIGHCHOL,CrdPrv,39.3,9290841
NJ,HOUSINSECU,AgeAdjPrv,13.2,9290841
NJ,HOUSINSECU,CrdPrv,12.3,9290841
NJ,INDEPLIVE,AgeAdjPrv,6.5,9290841
NJ,INDEPLIVE,CrdPrv,6.6,9290841
NJ,LACKTRPT,AgeAdjPrv,7.8,9290841
NJ,LACKTRPT,CrdPrv,7.4,9290841
NJ,LONELINESS,AgeAdjPrv,33.5,9290841
NJ,LONELINESS,CrdPrv,32.5,9290841
NJ,LPA,AgeAdjPrv,24.0,9290841
NJ,LPA,CrdPrv,24.8,9290841
NJ,MAMMOUSE,AgeAdjPrv,75.2,9290841
NJ,MAMMOUSE,CrdPrv,75.7,9290841
NJ,MHLTH,AgeAdjPrv,15.6,9290841
NJ,MHLTH,CrdPrv,14.7,9290841
NJ,MOBILITY,AgeAdjPrv,9.8,9290841
NJ,MOBILITY,CrdPrv,11.3,9290841
NJ,OBESITY,AgeAdjPrv,28.8,9290841
NJ,OBESITY,CrdPrv,28.9,9290841
NJ,PHLTH,AgeAdjPrv,11.4,9290841
NJ,PHLTH,CrdPrv,12.2,9290841
NJ,SELFCARE,AgeAdjPrv,3.0,9290841
NJ,SELFCARE,CrdPrv,3.3,9290841
NJ,SHUTUTILITY,AgeAdjPrv,7.5,9290841
NJ,SHUTUTILITY,CrdPrv,7.0,9290841
NJ,SLEEP,AgeAdjPrv,38.4,9290841
NJ,SLEEP,CrdPrv,37.6,9290841
NJ,STROKE,AgeAdjPrv,2.6,9290841
NJ,STROKE,CrdPrv,3.1,9290841
NJ,TEETHLOST,AgeAdjPrv,9.9,9290841
NJ,TEETHLOST,CrdPrv,9.7,9290841
NJ,VISION,AgeAdjPrv,4.4,9290841
NJ,VISION,CrdPrv,4.7,9290841
NM,ACCESS2,AgeAdjPrv,16.1,2114371
NM,ACCESS2,CrdPrv,15.6,2114371
NM,ARTHRITIS,AgeAdjPrv,22.0,2114371
NM,ARTHRITIS,CrdPrv,25.6,2114371
NM,BINGE,AgeAdjPrv,15.0,2114371
NM,BINGE,CrdPrv,13.7,2114371
NM,BPHIGH,AgeAdjPrv,30.7,2114371
NM,BPHIGH,CrdPrv,34.3,2114371
NM,BPMED,AgeAdjPrv,52.8,2114371
NM,BPMED,CrdPrv,73.3,2114371
NM,CANCER,AgeAdjPrv,5.9,2114371
NM,CANCER,CrdPrv,7.4,2114371
NM,CASTHMA,AgeAdjPrv,10.0,2114371
NM,CASTHMA,CrdPrv,9.9,2114371
NM,CHD,AgeAdjPrv,5.9,2114371
NM,CHD,CrdPrv,7.2,2114371
NM,CHECKUP,AgeAdjPrv,66.3,2114371
NM,CHECKUP,CrdPrv,68.9,2114371
NM,CHOLSCREEN,AgeAdjPrv,81.7,2114371
NM,CHOLSCREEN,CrdPrv,83.3,2114371
NM,COGNITION,AgeAdjPrv,16.2,2114371
NM,COGNITION,CrdPrv,15.6,2114371
NM,COLON_SCREEN,AgeAdjPrv,51.4,2114371
NM,COLON_SCREEN,CrdPrv,57.4,2114371
NM,COPD,AgeAdjPrv,5.7,2114371
NM,COPD,CrdPrv,6.6,2114371
NM,CSMOKING,AgeAdjPrv,13.9,2114371
NM,CSMOKING,CrdPrv,13.5,2114371
NM,DENTAL,AgeAdjPrv,60.4,2114371
NM,DENTAL,CrdPrv,61.2,2114371
NM,DEPRESSION,AgeAdjPrv,23.9,2114371
NM,DEPRESSION,CrdPrv,23.2,2114371
NM,DIABETES,AgeAdjPrv,11.5,2114371
NM,DIABETES,CrdPrv,13.2,2114371
NM,DISABILITY,AgeAdjPrv,32.5,2114371
NM,DISABILITY,CrdPrv,34.1,2114371
NM,EMOTIONSPT,AgeAdjPrv,25.2,2114371
NM,EMOTIONSPT,CrdPrv,24.6,2114371
NM,FOODINSECU,AgeAdjPrv,22.2,2114371
NM,FOODINSECU,CrdPrv,21.1,2114371
NM,FOODSTAMP,AgeAdjPrv,18.0,2114371
NM,FOODSTAMP,CrdPrv,17.1,2114371
NM,GHLTH,AgeAdjPrv,23.2,2114371
NM,GHLTH,CrdPrv,24.1,2114371
NM,HEARING,AgeAdjPrv,7.2,2114371
NM,HEARING,CrdPrv,8.5,2114371
NM,HIGHCHOL,AgeAdjPrv,30.1,2114371
NM,HIGHCHOL,CrdPrv,35.0,2114371
NM,HOUSINSECU,AgeAdjPrv,18.2,2114371
NM,HOUSINSECU,CrdPrv,16.6,2114371
NM,INDEPLIVE,AgeAdjPrv,9.2,2114371
NM,INDEPLIVE,CrdPrv,9.4,2114371
NM,LACKTRPT,AgeAdjPrv,11.7,2114371
NM,LACKTRPT,CrdPrv,11.1,2114371
NM,LONELINESS,AgeAdjPrv,35.0,2114371
NM,LONELINESS,CrdPrv,34.2,2114371
NM,LPA,AgeAdjPrv,24.9,2114371
NM,LPA,CrdPrv,25.7,2114371
NM,MAMMOUSE,AgeAdjPrv,69.4,2114371
NM,MAMMOUSE,CrdPrv,70.2,2114371
NM,MHLTH,AgeAdjPrv,17.1,2114371
NM,MHLTH,CrdPrv,16.2,2114371
NM,MOBILITY,AgeAdjPrv,13.6,2114371
NM,MOBILITY,CrdPrv,15.6,2114371
NM,OBESITY,AgeAdjPrv,34.7,2114371
NM,OBESITY,CrdPrv,34.2,2114371
NM,PHLTH,AgeAdjPrv,14.7,2114371
NM,PHLTH,CrdPrv,15.5,2114371
NM,SELFCARE,AgeAdjPrv,4.4,2114371
NM,SELFCARE,CrdPrv,4.7,2114371
NM,SHUTUTILITY,AgeAdjPrv,12.4,2114371
NM,SHUTUTILITY,CrdPrv,11.3,2114371
NM,SLEEP,AgeAdjPrv,33.9,2114371
NM,SLEEP,CrdPrv,32.8,2114371
NM,STROKE,AgeAdjPrv,3.2,2114371
NM,STROKE,CrdPrv,3.8,2114371
NM,TEETHLOST,AgeAdjPrv,14.5,2114371
NM,TEETHLOST,CrdPrv,14.3,2114371
NM,VISION,AgeAdjPrv,6.8,2114371
NM,VISION,CrdPrv,7.2,2114371
NV,ACCESS2,AgeAdjPrv,14.9,3194176
NV,ACCESS2,CrdPrv,14.5,3194176
NV,ARTHRITIS,AgeAdjPrv,22.0,3194176
NV,ARTHRITIS,CrdPrv,24.8,3194176
NV,BINGE,AgeAdjPrv,16.8,3194176
NV,BINGE,CrdPrv,15.7,3194176
NV,BPHIGH,AgeAdjPrv,31.0,3194176
NV,BPHIGH,CrdPrv,34.0,3194176
NV,BPMED,AgeAdjPrv,53.1,3194176
NV,BPMED,CrdPrv,72.2,3194176
NV,CANCER,AgeAdjPrv,6.4,3194176
NV,CANCER,CrdPrv,7.4,3194176
NV,CASTHMA,AgeAdjPrv,10.2,3194176
NV,CASTHMA,CrdPrv,10.2,3194176
NV,CHD,AgeAdjPrv,5.5,3194176
NV,CHD,CrdPrv,6.4,3194176
NV,CHECKUP,AgeAdjPrv,72.1,3194176
NV,CHECKUP,CrdPrv,73.8,3194176
NV,CHOLSCREEN,AgeAdjPrv,83.3,3194176
NV,CHOLSCREEN,CrdPrv,84.9,3194176
NV,COGNITION,AgeAdjPrv,16.2,3194176
NV,COGNITION,CrdPrv,15.7,3194176
NV,COLON_SCREEN,AgeAdjPrv,53.6,3194176
NV,COLON_SCREEN,CrdPrv,58.5,3194176
NV,COPD,AgeAdjPrv,6.3,3194176
NV,COPD,CrdPrv,7.1,3194176
NV,CSMOKING,AgeAdjPrv,14.6,3194176
NV,CSMOKING,CrdPrv,14.6,3194176
NV,DENTAL,AgeAdjPrv,57.6,3194176
NV,DENTAL,CrdPrv,58.1,3194176
NV,DEPRESSION,AgeAdjPrv,20.9,3194176
NV,DEPRESSION,CrdPrv,20.5,3194176
NV,DIABETES,AgeAdjPrv,10.6,3194176
NV,DIABETES,CrdPrv,12.0,3194176
NV,DISABILITY,AgeAdjPrv,32.7,3194176
NV,DISABILITY,CrdPrv,33.7,3194176
NV,EMOTIONSPT,AgeAdjPrv,27.8,3194176
NV,EMOTIONSPT,CrdPrv,27.3,3194176
NV,FOODINSECU,AgeAdjPrv,18.6,3194176
NV,FOODINSECU,CrdPrv,18.0,3194176
NV,FOODSTAMP,AgeAdjPrv,15.5,3194176
NV,FOODSTAMP,CrdPrv,15.1,3194176
NV,GHLTH,AgeAdjPrv,21.5,3194176
NV,GHLTH,CrdPrv,22.3,3194176
NV,HEARING,AgeAdjPrv,6.6,3194176
NV,HEARING,CrdPrv,7.3,3194176
NV,HIGHCHOL,AgeAdjPrv,33.6,3194176
NV,HIGHCHOL,CrdPrv,38.1,3194176
NV,HOUSINSECU,AgeAdjPrv,16.5,3194176
NV,HOUSINSECU,CrdPrv,15.7,3194176
NV,INDEPLIVE,AgeAdjPrv,8.5,3194176
NV,INDEPLIVE,CrdPrv,8.6,3194176
NV,LACKTRPT,AgeAdjPrv,10.4,3194176
NV,LACKTRPT,CrdPrv,9.9,3194176
NV,LONELINESS,AgeAdjPrv,37.7,3194176
NV,LONELINESS,CrdPrv,36.8,3194176
NV,LPA,AgeAdjPrv,25.5,3194176
NV,LPA,CrdPrv,26.2,3194176
NV,MAMMOUSE,AgeAdjPrv,68.5,3194176
NV,MAMMOUSE,CrdPrv,69.1,3194176
NV,MHLTH,AgeAdjPrv,19.2,3194176
NV,MHLTH,CrdPrv,18.4,3194176
NV,MOBILITY,AgeAdjPrv,13.7,3194176
NV,MOBILITY,CrdPrv,15.3,3194176
NV,OBESITY,AgeAdjPrv,31.2,3194176
NV,OBESITY,CrdPrv,31.4,3194176
NV,PHLTH,AgeAdjPrv,14.2,3194176
NV,PHLTH,CrdPrv,14.9,3194176
NV,SELFCARE,AgeAdjPrv,3.8,3194176
NV,SELFCARE,CrdPrv,4.1,3194176
NV,SHUTUTILITY,AgeAdjPrv,10.2,3194176
NV,SHUTUTILITY,CrdPrv,9.7,3194176
NV,SLEEP,AgeAdjPrv,40.5,3194176
NV,SLEEP,CrdPrv,39.8,3194176
NV,STROKE,AgeAdjPrv,3.1,3194176
NV,STROKE,CrdPrv,3.4,3194176
NV,TEETHLOST,AgeAdjPrv,11.8,3194176
NV,TEETHLOST,CrdPrv,11.6,3194176
NV,VISION,AgeAdjPrv,5.7,3194176
NV,VISION,CrdPrv,5.9,3194176
NY,ACCESS2,AgeAdjPrv,8.2,19571216
NY,ACCESS2,CrdPrv,8.0,19571216
NY,ARTHRITIS,AgeAdjPrv,20.8,19571216
NY,ARTHRITIS,CrdPrv,24.0,19571216
NY,BINGE,AgeAdjPrv,17.7,19571216
NY,BINGE,CrdPrv,16.3,19571216
NY,BPHIGH,AgeAdjPrv,29.2,19571216
NY,BPHIGH,CrdPrv,32.6,19571216
NY,BPMED,AgeAdjPrv,57.8,19571216
NY,BPMED,CrdPrv,77.2,19571216
NY,CANCER,AgeAdjPrv,6.4,19571216
NY,CANCER,CrdPrv,7.7,19571216
NY,CASTHMA,AgeAdjPrv,10.4,19571216
NY,CASTHMA,CrdPrv,10.3,19571216
NY,CHD,AgeAdjPrv,5.0,19571216
NY,CHD,CrdPrv,6.1,19571216
NY,CHECKUP,AgeAdjPrv,79.2,19571216
NY,CHECKUP,CrdPrv,80.8,19571216
NY,CHOLSCREEN,AgeAdjPrv,88.0,19571216
NY,CHOLSCREEN,CrdPrv,89.2,19571216
NY,COGNITION,AgeAdjPrv,12.6,19571216
NY,COGNITION,CrdPrv,12.2,19571216
NY,COLON_SCREEN,AgeAdjPrv,61.4,19571216
NY,COLON_SCREEN,CrdPrv,66.7,19571216
NY,COPD,AgeAdjPrv,5.2,19571216
NY,COPD,CrdPrv,6.0,19571216
NY,CSMOKING,AgeAdjPrv,11.6,19571216
NY,CSMOKING,CrdPrv,11.3,19571216
NY,DENTAL,AgeAdjPrv,63.0,19571216
NY,DENTAL,CrdPrv,63.4,19571216
NY,DEPRESSION,AgeAdjPrv,18.0,19571216
NY,DEPRESSION,CrdPrv,17.4,19571216
NY,DIABETES,AgeAdjPrv,10.0,19571216
NY,DIABETES,CrdPrv,11.5,19571216
NY,DISABILITY,AgeAdjPrv,25.8,19571216
NY,DISABILITY,CrdPrv,27.3,19571216
NY,EMOTIONSPT,AgeAdjPrv,27.0,19571216
NY,EMOTIONSPT,CrdPrv,26.4,19571216
NY,FOODINSECU,AgeAdjPrv,17.9,19571216
NY,FOODINSECU,CrdPrv,17.3,19571216
NY,FOODSTAMP,AgeAdjPrv,14.7,19571216
NY,FOODSTAMP,CrdPrv,14.2,19571216
NY,GHLTH,AgeAdjPrv,17.4,19571216
NY,GHLTH,CrdPrv,18.2,19571216
NY,HEARING,AgeAdjPrv,4.8,19571216
NY,HEARING,CrdPrv,5.6,19571216
NY,HIGHCHOL,AgeAdjPrv,33.3,19571216
NY,HIGHCHOL,CrdPrv,37.7,19571216
NY,HOUSINSECU,AgeAdjPrv,15.7,19571216
NY,HOUSINSECU,CrdPrv,14.6,19571216
NY,INDEPLIVE,AgeAdjPrv,7.5,19571216
NY,INDEPLIVE,CrdPrv,7.7,19571216
NY,LACKTRPT,AgeAdjPrv,9.1,19571216
NY,LACKTRPT,CrdPrv,8.6,19571216
NY,LONELINESS,AgeAdjPrv,35.1,19571216
NY,LONELINESS,CrdPrv,34.2,19571216
NY,LPA,AgeAdjPrv,25.1,19571216
NY,LPA,CrdPrv,26.0,19571216
NY,MAMMOUSE,AgeAdjPrv,78.5,19571216
NY,MAMMOUSE,CrdPrv,78.9,19571216
NY,MHLTH,AgeAdjPrv,15.9,19571216
NY,MHLTH,CrdPrv,15.0,19571216
NY,MOBILITY,AgeAdjPrv,11.8,19571216
NY,MOBILITY,CrdPrv,13.5,19571216
NY,OBESITY,AgeAdjPrv,29.0,19571216
NY,OBESITY,CrdPrv,28.9,19571216
NY,PHLTH,AgeAdjPrv,12.1,19571216
NY,PHLTH,CrdPrv,12.9,19571216
NY,SELFCARE,AgeAdjPrv,3.5,19571216
NY,SELFCARE,CrdPrv,3.8,19571216
NY,SHUTUTILITY,AgeAdjPrv,8.9,19571216
NY,SHUTUTILITY,CrdPrv,8.2,19571216
NY,SLEEP,AgeAdjPrv,38.9,19571216
NY,SLEEP,CrdPrv,38.0,19571216
NY,STROKE,AgeAdjPrv,2.9,19571216
NY,STROKE,CrdPrv,3.4,19571216
NY,TEETHLOST,AgeAdjPrv,13.0,19571216
NY,TEETHLOST,CrdPrv,12.8,19571216
NY,VISION,AgeAdjPrv,4.9,19571216
NY,VISION,CrdPrv,5.2,19571216
OH,ACCESS2,AgeAdjPrv,8.3,11785935
OH,ACCESS2,CrdPrv,8.0,11785935
OH,ARTHRITIS,AgeAdjPrv,25.8,11785935
OH,ARTHRITIS,CrdPrv,29.8,11785935
OH,BINGE,AgeAdjPrv,18.2,11785935
OH,BINGE,CrdPrv,16.6,11785935
OH,BPHIGH,AgeAdjPrv,33.4,11785935
OH,BPHIGH,CrdPrv,37.2,11785935
OH,BPMED,AgeAdjPrv,61.2,11785935
OH,BPMED,CrdPrv,79.2,11785935
OH,CANCER,AgeAdjPrv,7.2,11785935
OH,CANCER,CrdPrv,8.7,11785935
OH,CASTHMA,AgeAdjPrv,11.2,11785935
OH,CASTHMA,CrdPrv,11.1,11785935
OH,CHD,AgeAdjPrv,5.8,11785935
OH,CHD,CrdPrv,7.1,11785935
OH,CHECKUP,AgeAdjPrv,78.0,11785935
OH,CHECKUP,CrdPrv,79.9,11785935
OH,CHOLSCREEN,AgeAdjPrv,84.4,11785935
OH,CHOLSCREEN,CrdPrv,86.1,11785935
OH,COGNITION,AgeAdjPrv,14.4,11785935
OH,COGNITION,CrdPrv,13.9,11785935
OH,COLON_SCREEN,AgeAdjPrv,59.6,11785935
OH,COLON_SCREEN,CrdPrv,65.2,11785935
OH,COPD,AgeAdjPrv,6.9,11785935
OH,COPD,CrdPrv,8.0,11785935
OH,CSMOKING,AgeAdjPrv,15.8,11785935
OH,CSMOKING,CrdPrv,15.4,11785935
OH,DENTAL,AgeAdjPrv,62.1,11785935
OH,DENTAL,CrdPrv,62.9,11785935
OH,DEPRESSION,AgeAdjPrv,26.2,11785935
OH,DEPRESSION,CrdPrv,25.4,11785935
OH,DIABETES,AgeAdjPrv,11.3,11785935
OH,DIABETES,CrdPrv,13.2,11785935
OH,DISABILITY,AgeAdjPrv,27.9,11785935
OH,DISABILITY,CrdPrv,29.4,11785935
OH,EMOTIONSPT,AgeAdjPrv,21.9,11785935
OH,EMOTIONSPT,CrdPrv,21.3,11785935
OH,FOODINSECU,AgeAdjPrv,14.7,11785935
OH,FOODINSECU,CrdPrv,14.0,11785935
OH,FOODSTAMP,AgeAdjPrv,12.2,11785935
OH,FOODSTAMP,CrdPrv,11.7,11785935
OH,GHLTH,AgeAdjPrv,18.5,11785935
OH,GHLTH,CrdPrv,19.4,11785935
OH,HEARING,AgeAdjPrv,5.8,11785935
OH,HEARING,CrdPrv,6.8,11785935
OH,HIGHCHOL,AgeAdjPrv,31.7,11785935
OH,HIGHCHOL,CrdPrv,36.7,11785935
OH,HOUSINSECU,AgeAdjPrv,12.3,11785935
OH,HOUSINSECU,CrdPrv,11.3,11785935
OH,INDEPLIVE,AgeAdjPrv,8.0,11785935
OH,INDEPLIVE,CrdPrv,8.1,11785935
OH,LACKTRPT,AgeAdjPrv,8.1,11785935
OH,LACKTRPT,CrdPrv,7.7,11785935
OH,LONELINESS,AgeAdjPrv,36.0,11785935
OH,LONELINESS,CrdPrv,35.0,11785935
OH,LPA,AgeAdjPrv,25.8,11785935
OH,LPA,CrdPrv,26.9,11785935
OH,MAMMOUSE,AgeAdjPrv,75.5,11785935
OH,MAMMOUSE,CrdPrv,76.1,11785935
OH,MHLTH,AgeAdjPrv,18.6,11785935
OH,MHLTH,CrdPrv,17.5,11785935
OH,MOBILITY,AgeAdjPrv,12.0,11785935
OH,MOBILITY,CrdPrv,13.9,11785935
OH,OBESITY,AgeAdjPrv,37.2,11785935
OH,OBESITY,CrdPrv,37.1,11785935
OH,PHLTH,AgeAdjPrv,13.0,11785935
OH,PHLTH,CrdPrv,13.8,11785935
OH,SELFCARE,AgeAdjPrv,3.4,11785935
OH,SELFCARE,CrdPrv,3.8,11785935
OH,SHUTUTILITY,AgeAdjPrv,9.0,11785935
OH,SHUTUTILITY,CrdPrv,8.3,11785935
OH,SLEEP,AgeAdjPrv,38.9,11785935
OH,SLEEP,CrdPrv,37.9,11785935
OH,STROKE,AgeAdjPrv,3.1,11785935
OH,STROKE,CrdPrv,3.6,11785935
OH,TEETHLOST,AgeAdjPrv,15.6,11785935
OH,TEETHLOST,CrdPrv,15.3,11785935
OH,VISION,AgeAdjPrv,4.5,11785935
OH,VISION,CrdPrv,4.8,11785935
OK,ACCESS2,AgeAdjPrv,11.6,4053824
OK,ACCESS2,CrdPrv,11.3,4053824
OK,ARTHRITIS,AgeAdjPrv,25.4,4053824
OK,ARTHRITIS,CrdPrv,27.8,4053824
OK,BINGE,AgeAdjPrv,14.9,4053824
OK,BINGE,CrdPrv,14.0,4053824
OK,BPHIGH,AgeAdjPrv,36.0,4053824
OK,BPHIGH,CrdPrv,38.5,4053824
OK,BPMED,AgeAdjPrv,59.7,4053824
OK,BPMED,CrdPrv,76.3,4053824
OK,CANCER,AgeAdjPrv,6.8,4053824
OK,CANCER,CrdPrv,7.8,4053824
OK,CASTHMA,AgeAdjPrv,11.6,4053824
OK,CASTHMA,CrdPrv,11.5,4053824
OK,CHD,AgeAdjPrv,6.4,4053824
OK,CHD,CrdPrv,7.3,4053824
OK,CHECKUP,AgeAdjPrv,76.8,4053824
OK,CHECKUP,CrdPrv,77.9,4053824
OK,CHOLSCREEN,AgeAdjPrv,83.3,4053824
OK,CHOLSCREEN,CrdPrv,84.3,4053824
OK,COGNITION,AgeAdjPrv,17.7,4053824
OK,COGNITION,CrdPrv,17.3,4053824
OK,COLON_SCREEN,AgeAdjPrv,54.9,4053824
OK,COLON_SCREEN,CrdPrv,59.7,4053824
OK,COPD,AgeAdjPrv,7.2,4053824
OK,COPD,CrdPrv,8.0,4053824
OK,CSMOKING,AgeAdjPrv,16.8,4053824
OK,CSMOKING,CrdPrv,16.3,4053824
OK,DENTAL,AgeAdjPrv,56.6,4053824
OK,DENTAL,CrdPrv,57.1,4053824
OK,DEPRESSION,AgeAdjPrv,26.0,4053824
OK,DEPRESSION,CrdPrv,25.5,4053824
OK,DIABETES,AgeAdjPrv,11.6,4053824
OK,DIABETES,CrdPrv,12.8,4053824
OK,DISABILITY,AgeAdjPrv,37.7,4053824
OK,DISABILITY,CrdPrv,38.9,4053824
OK,EMOTIONSPT,AgeAdjPrv,25.7,4053824
OK,EMOTIONSPT,CrdPrv,25.2,4053824
OK,FOODINSECU,AgeAdjPrv,19.1,4053824
OK,FOODINSECU,CrdPrv,18.5,4053824
OK,FOODSTAMP,AgeAdjPrv,15.7,4053824
OK,FOODSTAMP,CrdPrv,15.2,4053824
OK,GHLTH,AgeAdjPrv,20.6,4053824
OK,GHLTH,CrdPrv,21.2,4053824
OK,HEARING,AgeAdjPrv,8.2,4053824
OK,HEARING,CrdPrv,9.1,4053824
OK,HIGHCHOL,AgeAdjPrv,33.6,4053824
OK,HIGHCHOL,CrdPrv,37.7,4053824
OK,HOUSINSECU,AgeAdjPrv,15.1,4053824
OK,HOUSINSECU,CrdPrv,14.1,4053824
OK,INDEPLIVE,AgeAdjPrv,9.5,4053824
OK,INDEPLIVE,CrdPrv,9.6,4053824
OK,LACKTRPT,AgeAdjPrv,10.0,4053824
OK,LACKTRPT,CrdPrv,9.6,4053824
OK,LONELINESS,AgeAdjPrv,33.6,4053824
OK,LONELINESS,CrdPrv,33.1,4053824
OK,LPA,AgeAdjPrv,30.6,4053824
OK,LPA,CrdPrv,31.2,4053824
OK,MAMMOUSE,AgeAdjPrv,69.6,4053824
OK,MAMMOUSE,CrdPrv,70.4,4053824
OK,MHLTH,AgeAdjPrv,18.6,4053824
OK,MHLTH,CrdPrv,18.0,4053824
OK,MOBILITY,AgeAdjPrv,15.6,4053824
OK,MOBILITY,CrdPrv,17.1,4053824
OK,OBESITY,AgeAdjPrv,39.3,4053824
OK,OBESITY,CrdPrv,38.9,4053824
OK,PHLTH,AgeAdjPrv,13.8,4053824
OK,PHLTH,CrdPrv,14.3,4053824
OK,SELFCARE,AgeAdjPrv,4.0,4053824
OK,SELFCARE,CrdPrv,4.3,4053824
OK,SHUTUTILITY,AgeAdjPrv,11.1,4053824
OK,SHUTUTILITY,CrdPrv,10.3,4053824
OK,SLEEP,AgeAdjPrv,37.6,4053824
OK,SLEEP,CrdPrv,36.8,4053824
OK,STROKE,AgeAdjPrv,3.3,4053824
OK,STROKE,CrdPrv,3.7,4053824
OK,TEETHLOST,AgeAdjPrv,16.8,4053824
OK,TEETHLOST,CrdPrv,16.5,4053824
OK,VISION,AgeAdjPrv,5.8,4053824
OK,VISION,CrdPrv,6.0,4053824
OR,ACCESS2,AgeAdjPrv,8.8,4233358
OR,ACCESS2,CrdPrv,8.5,4233358
OR,ARTHRITIS,AgeAdjPrv,23.7,4233358
OR,ARTHRITIS,CrdPrv,27.4,4233358
OR,BINGE,AgeAdjPrv,16.8,4233358
OR,BINGE,CrdPrv,15.4,4233358
OR,BPHIGH,AgeAdjPrv,29.1,4233358
OR,BPHIGH,CrdPrv,32.7,4233358
OR,BPMED,AgeAdjPrv,50.7,4233358
OR,BPMED,CrdPrv,71.4,4233358
OR,CANCER,AgeAdjPrv,7.3,4233358
OR,CANCER,CrdPrv,8.9,4233358
OR,CASTHMA,AgeAdjPrv,11.9,4233358
OR,CASTHMA,CrdPrv,11.9,4233358
OR,CHD,AgeAdjPrv,5.3,4233358
OR,CHD,CrdPrv,6.5,4233358
OR,CHECKUP,AgeAdjPrv,70.4,4233358
OR,CHECKUP,CrdPrv,72.6,4233358
OR,CHOLSCREEN,AgeAdjPrv,82.0,4233358
OR,CHOLSCREEN,CrdPrv,83.9,4233358
OR,COGNITION,AgeAdjPrv,15.2,4233358
OR,COGNITION,CrdPrv,14.6,4233358
OR,COLON_SCREEN,AgeAdjPrv,58.0,4233358
OR,COLON_SCREEN,CrdPrv,63.4,4233358
OR,COPD,AgeAdjPrv,5.8,4233358
OR,COPD,CrdPrv,6.8,4233358
OR,CSMOKING,AgeAdjPrv,12.3,4233358
OR,CSMOKING,CrdPrv,12.0,4233358
OR,DENTAL,AgeAdjPrv,64.0,4233358
OR,DENTAL,CrdPrv,64.6,4233358
OR,DEPRESSION,AgeAdjPrv,27.9,4233358
OR,DEPRESSION,CrdPrv,27.1,4233358
OR,DIABETES,AgeAdjPrv,9.6,4233358
OR,DIABETES,CrdPrv,11.2,4233358
OR,DISABILITY,AgeAdjPrv,28.6,4233358
OR,DISABILITY,CrdPrv,30.0,4233358
OR,GHLTH,AgeAdjPrv,18.2,4233358
OR,GHLTH,CrdPrv,19.1,4233358
OR,HEARING,AgeAdjPrv,6.1,4233358
OR,HEARING,CrdPrv,7.1,4233358
OR,HIGHCHOL,AgeAdjPrv,29.7,4233358
OR,HIGHCHOL,CrdPrv,34.4,4233358
OR,INDEPLIVE,AgeAdjPrv,7.8,4233358
OR,INDEPLIVE,CrdPrv,7.9,4233358
OR,LPA,AgeAdjPrv,19.3,4233358
OR,LPA,CrdPrv,20.1,4233358
OR,MAMMOUSE,AgeAdjPrv,76.9,4233358
OR,MAMMOUSE,CrdPrv,77.6,4233358
OR,MHLTH,AgeAdjPrv,18.6,4233358
OR,MHLTH,CrdPrv,17.5,4233358
OR,MOBILITY,AgeAdjPrv,11.3,4233358
OR,MOBILITY,CrdPrv,13.0,4233358
OR,OBESITY,AgeAdjPrv,33.7,4233358
OR,OBESITY,CrdPrv,33.7,4233358
OR,PHLTH,AgeAdjPrv,13.1,4233358
OR,PHLTH,CrdPrv,13.8,4233358
OR,SELFCARE,AgeAdjPrv,3.2,4233358
OR,SELFCARE,CrdPrv,3.4,4233358
OR,SLEEP,AgeAdjPrv,31.6,4233358
OR,SLEEP,CrdPrv,30.7,4233358
OR,STROKE,AgeAdjPrv,2.8,4233358
OR,STROKE,CrdPrv,3.3,4233358
OR,TEETHLOST,AgeAdjPrv,12.9,4233358
OR,TEETHLOST,CrdPrv,12.5,4233358
OR,VISION,AgeAdjPrv,4.4,4233358
OR,VISION,CrdPrv,4.6,4233358
PA,COLON_SCREEN,AgeAdjPrv,61.5,12961683
PA,COLON_SCREEN,CrdPrv,67.5,12961683
PA,DENTAL,AgeAdjPrv,63.5,12961683
PA,DENTAL,CrdPrv,64.4,12961683
PA,MAMMOUSE,AgeAdjPrv,77.1,12961683
PA,MAMMOUSE,CrdPrv,77.7,12961683
PA,SLEEP,AgeAdjPrv,39.2,12961683
PA,SLEEP,CrdPrv,38.0,12961683
PA,TEETHLOST,AgeAdjPrv,14.8,12961683
PA,TEETHLOST,CrdPrv,14.5,12961683
RI,ACCESS2,AgeAdjPrv,8.6,1095962
RI,ACCESS2,CrdPrv,8.3,1095962
RI,ARTHRITIS,AgeAdjPrv,21.9,1095962
RI,ARTHRITIS,CrdPrv,25.3,1095962
RI,BINGE,AgeAdjPrv,18.3,1095962
RI,BINGE,CrdPrv,16.7,1095962
RI,BPHIGH,AgeAdjPrv,30.3,1095962
RI,BPHIGH,CrdPrv,33.7,1095962
RI,BPMED,AgeAdjPrv,58.0,1095962
RI,BPMED,CrdPrv,77.4,1095962
RI,CANCER,AgeAdjPrv,6.9,1095962
RI,CANCER,CrdPrv,8.3,1095962
RI,CASTHMA,AgeAdjPrv,11.9,1095962
RI,CASTHMA,CrdPrv,11.9,1095962
RI,CHD,AgeAdjPrv,5.2,1095962
RI,CHD,CrdPrv,6.3,1095962
RI,CHECKUP,AgeAdjPrv,82.7,1095962
RI,CHECKUP,CrdPrv,84.1,1095962
RI,CHOLSCREEN,AgeAdjPrv,88.0,1095962
RI,CHOLSCREEN,CrdPrv,89.1,1095962
RI,COGNITION,AgeAdjPrv,14.3,1095962
RI,COGNITION,CrdPrv,13.9,1095962
RI,COLON_SCREEN,AgeAdjPrv,67.8,1095962
RI,COLON_SCREEN,CrdPrv,73.1,1095962
RI,COPD,AgeAdjPrv,5.7,1095962
RI,COPD,CrdPrv,6.6,1095962
RI,CSMOKING,AgeAdjPrv,12.0,1095962
RI,CSMOKING,CrdPrv,11.6,1095962
RI,DENTAL,AgeAdjPrv,70.3,1095962
RI,DENTAL,CrdPrv,71.2,1095962
RI,DEPRESSION,AgeAdjPrv,23.9,1095962
RI,DEPRESSION,CrdPrv,23.2,1095962
RI,DIABETES,AgeAdjPrv,9.7,1095962
RI,DIABETES,CrdPrv,11.1,1095962
RI,DISABILITY,AgeAdjPrv,26.5,1095962
RI,DISABILITY,CrdPrv,28.0,1095962
RI,EMOTIONSPT,AgeAdjPrv,22.7,1095962
RI,EMOTIONSPT,CrdPrv,22.1,1095962
RI,FOODINSECU,AgeAdjPrv,15.9,1095962
RI,FOODINSECU,CrdPrv,15.2,1095962
RI,FOODSTAMP,AgeAdjPrv,13.9,1095962
RI,FOODSTAMP,CrdPrv,13.3,1095962
RI,GHLTH,AgeAdjPrv,16.6,1095962
RI,GHLTH,CrdPrv,17.4,1095962
RI,HEARING,AgeAdjPrv,5.6,1095962
RI,HEARING,CrdPrv,6.5,1095962
RI,HIGHCHOL,AgeAdjPrv,29.8,1095962
RI,HIGHCHOL,CrdPrv,34.1,1095962
RI,HOUSINSECU,AgeAdjPrv,14.2,1095962
RI,HOUSINSECU,CrdPrv,13.2,1095962
RI,INDEPLIVE,AgeAdjPrv,7.7,1095962
RI,INDEPLIVE,CrdPrv,7.9,1095962
RI,LACKTRPT,AgeAdjPrv,8.3,1095962
RI,LACKTRPT,CrdPrv,7.9,1095962
RI,LONELINESS,AgeAdjPrv,35.9,1095962
RI,LONELINESS,CrdPrv,35.1,1095962
RI,LPA,AgeAdjPrv,24.7,1095962
RI,LPA,CrdPrv,25.5,1095962
RI,MAMMOUSE,AgeAdjPrv,82.2,1095962
RI,MAMMOUSE,CrdPrv,82.3,1095962
RI,MHLTH,AgeAdjPrv,17.6,1095962
RI,MHLTH,CrdPrv,16.7,1095962
RI,MOBILITY,AgeAdjPrv,10.8,1095962
RI,MOBILITY,CrdPrv,12.4,1095962
RI,OBESITY,AgeAdjPrv,32.1,1095962
RI,OBESITY,CrdPrv,31.8,1095962
RI,PHLTH,AgeAdjPrv,12.5,1095962
RI,PHLTH,CrdPrv,13.2,1095962
RI,SELFCARE,AgeAdjPrv,3.2,1095962
RI,SELFCARE,CrdPrv,3.5,1095962
RI,SHUTUTILITY,AgeAdjPrv,8.7,1095962
RI,SHUTUTILITY,CrdPrv,8.0,1095962
RI,SLEEP,AgeAdjPrv,36.1,1095962
RI,SLEEP,CrdPrv,35.1,1095962
RI,STROKE,AgeAdjPrv,2.7,1095962
RI,STROKE,CrdPrv,3.2,1095962
RI,TEETHLOST,AgeAdjPrv,14.5,1095962
RI,TEETHLOST,CrdPrv,14.3,1095962
RI,VISION,AgeAdjPrv,4.4,1095962
RI,VISION,CrdPrv,4.7,1095962
SC,ACCESS2,AgeAdjPrv,12.3,5373555
SC,ACCESS2,CrdPrv,11.8,5373555
SC,ARTHRITIS,AgeAdjPrv,24.4,5373555
SC,ARTHRITIS,CrdPrv,28.4,5373555
SC,BINGE,AgeAdjPrv,17.3,5373555
SC,BINGE,CrdPrv,15.7,5373555
SC,BPHIGH,AgeAdjPrv,34.5,5373555
SC,BPHIGH,CrdPrv,38.5,5373555
SC,BPMED,AgeAdjPrv,62.9,5373555
SC,BPMED,CrdPrv,80.2,5373555
SC,CANCER,AgeAdjPrv,7.0,5373555
SC,CANCER,CrdPrv,8.5,5373555
SC,CASTHMA,AgeAdjPrv,9.7,5373555
SC,CASTHMA,CrdPrv,9.6,5373555
SC,CHD,AgeAdjPrv,5.5,5373555
SC,CHD,CrdPrv,6.8,5373555
SC,CHECKUP,AgeAdjPrv,78.7,5373555
SC,CHECKUP,CrdPrv,80.6,5373555
SC,CHOLSCREEN,AgeAdjPrv,85.2,5373555
SC,CHOLSCREEN,CrdPrv,86.9,5373555
SC,COGNITION,AgeAdjPrv,15.0,5373555
SC,COGNITION,CrdPrv,14.3,5373555
SC,COLON_SCREEN,AgeAdjPrv,63.6,5373555
SC,COLON_SCREEN,CrdPrv,69.3,5373555
SC,COPD,AgeAdjPrv,6.4,5373555
SC,COPD,CrdPrv,7.5,5373555
SC,CSMOKING,AgeAdjPrv,13.7,5373555
SC,CSMOKING,CrdPrv,13.3,5373555
SC,DENTAL,AgeAdjPrv,62.4,5373555
SC,DENTAL,CrdPrv,63.1,5373555
SC,DEPRESSION,AgeAdjPrv,23.1,5373555
SC,DEPRESSION,CrdPrv,22.4,5373555
SC,DIABETES,AgeAdjPrv,11.8,5373555
SC,DIABETES,CrdPrv,13.9,5373555
SC,DISABILITY,AgeAdjPrv,29.9,5373555
SC,DISABILITY,CrdPrv,31.5,5373555
SC,EMOTIONSPT,AgeAdjPrv,24.4,5373555
SC,EMOTIONSPT,CrdPrv,23.7,5373555
SC,FOODINSECU,AgeAdjPrv,18.3,5373555
SC,FOODINSECU,CrdPrv,17.4,5373555
SC,FOODSTAMP,AgeAdjPrv,11.1,5373555
SC,FOODSTAMP,CrdPrv,10.5,5373555
SC,GHLTH,AgeAdjPrv,19.2,5373555
SC,GHLTH,CrdPrv,20.1,5373555
SC,HEARING,AgeAdjPrv,5.9,5373555
SC,HEARING,CrdPrv,7.0,5373555
SC,HIGHCHOL,AgeAdjPrv,32.9,5373555
SC,HIGHCHOL,CrdPrv,38.1,5373555
SC,HOUSINSECU,AgeAdjPrv,14.6,5373555
SC,HOUSINSECU,CrdPrv,13.3,5373555
SC,INDEPLIVE,AgeAdjPrv,8.6,5373555
SC,INDEPLIVE,CrdPrv,8.7,5373555
SC,LACKTRPT,AgeAdjPrv,9.1,5373555
SC,LACKTRPT,CrdPrv,8.6,5373555
SC,LONELINESS,AgeAdjPrv,32.7,5373555
SC,LONELINESS,CrdPrv,31.7,5373555
SC,LPA,AgeAdjPrv,24.8,5373555
SC,LPA,CrdPrv,25.8,5373555
SC,MAMMOUSE,AgeAdjPrv,77.1,5373555
SC,MAMMOUSE,CrdPrv,77.6,5373555
SC,MHLTH,AgeAdjPrv,17.5,5373555
SC,MHLTH,CrdPrv,16.4,5373555
SC,MOBILITY,AgeAdjPrv,13.3,5373555
SC,MOBILITY,CrdPrv,15.4,5373555
SC,OBESITY,AgeAdjPrv,36.0,5373555
SC,OBESITY,CrdPrv,35.8,5373555
SC,PHLTH,AgeAdjPrv,13.1,5373555
SC,PHLTH,CrdPrv,14.0,5373555
SC,SELFCARE,AgeAdjPrv,3.9,5373555
SC,SELFCARE,CrdPrv,4.3,5373555
SC,SHUTUTILITY,AgeAdjPrv,9.8,5373555
SC,SHUTUTILITY,CrdPrv,8.9,5373555
SC,SLEEP,AgeAdjPrv,36.8,5373555
SC,SLEEP,CrdPrv,35.8,5373555
SC,STROKE,AgeAdjPrv,3.3,5373555
SC,STROKE,CrdPrv,3.9,5373555
SC,TEETHLOST,AgeAdjPrv,14.2,5373555
SC,TEETHLOST,CrdPrv,14.0,5373555
SC,VISION,AgeAdjPrv,5.2,5373555
SC,VISION,CrdPrv,5.6,5373555
SD,ACCESS2,AgeAdjPrv,9.2,919318
SD,ACCESS2,CrdPrv,8.9,919318
SD,ARTHRITIS,AgeAdjPrv,22.5,919318
SD,ARTHRITIS,CrdPrv,25.8,919318
SD,BINGE,AgeAdjPrv,20.5,919318
SD,BINGE,CrdPrv,18.8,919318
SD,BPHIGH,AgeAdjPrv,29.9,919318
SD,BPHIGH,CrdPrv,33.3,919318
SD,BPMED,AgeAdjPrv,56.4,919318
SD,BPMED,CrdPrv,75.9,919318
SD,CANCER,AgeAdjPrv,7.6,919318
SD,CANCER,CrdPrv,9.1,919318
SD,CASTHMA,AgeAdjPrv,10.2,919318
SD,CASTHMA,CrdPrv,10.2,919318
SD,CHD,AgeAdjPrv,5.6,919318
SD,CHD,CrdPrv,6.8,919318
SD,CHECKUP,AgeAdjPrv,74.5,919318
SD,CHECKUP,CrdPrv,76.5,919318
SD,CHOLSCREEN,AgeAdjPrv,83.2,919318
SD,CHOLSCREEN,CrdPrv,84.7,919318
SD,COGNITION,AgeAdjPrv,14.2,919318
SD,COGNITION,CrdPrv,13.7,919318
SD,COLON_SCREEN,AgeAdjPrv,59.2,919318
SD,COLON_SCREEN,CrdPrv,65.4,919318
SD,COPD,AgeAdjPrv,5.9,919318
SD,COPD,CrdPrv,6.8,919318
SD,CSMOKING,AgeAdjPrv,15.9,919318
SD,CSMOKING,CrdPrv,15.4,919318
SD,DENTAL,AgeAdjPrv,68.4,919318
SD,DENTAL,CrdPrv,69.0,919318
SD,DEPRESSION,AgeAdjPrv,21.9,919318
SD,DEPRESSION,CrdPrv,21.2,919318
SD,DIABETES,AgeAdjPrv,10.2,919318
SD,DIABETES,CrdPrv,11.7,919318
SD,DISABILITY,AgeAdjPrv,28.7,919318
SD,DISABILITY,CrdPrv,30.2,919318
SD,GHLTH,AgeAdjPrv,16.7,919318
SD,GHLTH,CrdPrv,17.4,919318
SD,HEARING,AgeAdjPrv,7.2,919318
SD,HEARING,CrdPrv,8.2,919318
SD,HIGHCHOL,AgeAdjPrv,29.4,919318
SD,HIGHCHOL,CrdPrv,34.0,919318
SD,INDEPLIVE,AgeAdjPrv,7.7,919318
SD,INDEPLIVE,CrdPrv,7.9,919318
SD,LPA,AgeAdjPrv,23.4,919318
SD,LPA,CrdPrv,24.2,919318
SD,MAMMOUSE,AgeAdjPrv,76.1,919318
SD,MAMMOUSE,CrdPrv,76.5,919318
SD,MHLTH,AgeAdjPrv,16.3,919318
SD,MHLTH,CrdPrv,15.4,919318
SD,MOBILITY,AgeAdjPrv,11.4,919318
SD,MOBILITY,CrdPrv,13.0,919318
SD,OBESITY,AgeAdjPrv,36.3,919318
SD,OBESITY,CrdPrv,36.0,919318
SD,PHLTH,AgeAdjPrv,11.8,919318
SD,PHLTH,CrdPrv,12.4,919318
SD,SELFCARE,AgeAdjPrv,3.3,919318
SD,SELFCARE,CrdPrv,3.6,919318
SD,SLEEP,AgeAdjPrv,30.7,919318
SD,SLEEP,CrdPrv,29.7,919318
SD,STROKE,AgeAdjPrv,3.0,919318
SD,STROKE,CrdPrv,3.5,919318
SD,TEETHLOST,AgeAdjPrv,13.1,919318
SD,TEETHLOST,CrdPrv,12.9,919318
SD,VISION,AgeAdjPrv,4.6,919318
SD,VISION,CrdPrv,4.8,919318
TN,ACCESS2,AgeAdjPrv,11.9,7126489
TN,ACCESS2,CrdPrv,11.6,7126489
TN,ARTHRITIS,AgeAdjPrv,27.3,7126489
TN,ARTHRITIS,CrdPrv,30.5,7126489
TN,BINGE,AgeAdjPrv,15.7,7126489
TN,BINGE,CrdPrv,14.6,7126489
TN,BPHIGH,AgeAdjPrv,36.3,7126489
TN,BPHIGH,CrdPrv,39.5,7126489
TN,BPMED,AgeAdjPrv,59.0,7126489
TN,BPMED,CrdPrv,76.1,7126489
TN,CANCER,AgeAdjPrv,7.0,7126489
TN,CANCER,CrdPrv,8.2,7126489
TN,CASTHMA,AgeAdjPrv,11.0,7126489
TN,CASTHMA,CrdPrv,11.0,7126489
TN,CHD,AgeAdjPrv,5.9,7126489
TN,CHD,CrdPrv,7.0,7126489
TN,CHECKUP,AgeAdjPrv,76.6,7126489
TN,CHECKUP,CrdPrv,78.1,7126489
TN,CHOLSCREEN,AgeAdjPrv,85.3,7126489
TN,CHOLSCREEN,CrdPrv,86.6,7126489
TN,COGNITION,AgeAdjPrv,18.0,7126489
TN,COGNITION,CrdPrv,17.4,7126489
TN,COLON_SCREEN,AgeAdjPrv,58.4,7126489
TN,COLON_SCREEN,CrdPrv,63.2,7126489
TN,COPD,AgeAdjPrv,7.5,7126489
TN,COPD,CrdPrv,8.6,7126489
TN,CSMOKING,AgeAdjPrv,17.5,7126489
TN,CSMOKING,CrdPrv,17.2,7126489
TN,DENTAL,AgeAdjPrv,57.7,7126489
TN,DENTAL,CrdPrv,58.2,7126489
TN,DEPRESSION,AgeAdjPrv,29.0,7126489
TN,DEPRESSION,CrdPrv,28.3,7126489
TN,DIABETES,AgeAdjPrv,11.9,7126489
TN,DIABETES,CrdPrv,13.6,7126489
TN,DISABILITY,AgeAdjPrv,34.4,7126489
TN,DISABILITY,CrdPrv,35.8,7126489
TN,GHLTH,AgeAdjPrv,21.5,7126489
TN,GHLTH,CrdPrv,22.4,7126489
TN,HEARING,AgeAdjPrv,6.7,7126489
TN,HEARING,CrdPrv,7.6,7126489
TN,HIGHCHOL,AgeAdjPrv,33.9,7126489
TN,HIGHCHOL,CrdPrv,38.3,7126489
TN,INDEPLIVE,AgeAdjPrv,9.3,7126489
TN,INDEPLIVE,CrdPrv,9.5,7126489
TN,LPA,AgeAdjPrv,25.7,7126489
TN,LPA,CrdPrv,26.5,7126489
TN,MAMMOUSE,AgeAdjPrv,74.8,7126489
TN,MAMMOUSE,CrdPrv,75.2,7126489
TN,MHLTH,AgeAdjPrv,20.2,7126489
TN,MHLTH,CrdPrv,19.3,7126489
TN,MOBILITY,AgeAdjPrv,14.5,7126489
TN,MOBILITY,CrdPrv,16.3,7126489
TN,OBESITY,AgeAdjPrv,37.6,7126489
TN,OBESITY,CrdPrv,37.6,7126489
TN,PHLTH,AgeAdjPrv,14.1,7126489
TN,PHLTH,CrdPrv,14.9,7126489
TN,SELFCARE,AgeAdjPrv,3.8,7126489
TN,SELFCARE,CrdPrv,4.1,7126489
TN,SLEEP,AgeAdjPrv,39.1,7126489
TN,SLEEP,CrdPrv,38.3,7126489
TN,STROKE,AgeAdjPrv,3.2,7126489
TN,STROKE,CrdPrv,3.7,7126489
TN,TEETHLOST,AgeAdjPrv,14.8,7126489
TN,TEETHLOST,CrdPrv,14.6,7126489
TN,VISION,AgeAdjPrv,5.2,7126489
TN,VISION,CrdPrv,5.5,7126489
TX,ACCESS2,AgeAdjPrv,19.5,30503258
TX,ACCESS2,CrdPrv,19.2,30503258
TX,ARTHRITIS,AgeAdjPrv,20.8,30503258
TX,ARTHRITIS,CrdPrv,21.5,30503258
TX,BINGE,AgeAdjPrv,17.3,30503258
TX,BINGE,CrdPrv,17.0,30503258
TX,BPHIGH,AgeAdjPrv,32.4,30503258
TX,BPHIGH,CrdPrv,33.1,30503258
TX,BPMED,AgeAdjPrv,58.4,30503258
TX,BPMED,CrdPrv,74.1,30503258
TX,CANCER,AgeAdjPrv,5.8,30503258
TX,CANCER,CrdPrv,6.0,30503258
TX,CASTHMA,AgeAdjPrv,9.5,30503258
TX,CASTHMA,CrdPrv,9.5,30503258
TX,CHD,AgeAdjPrv,5.4,30503258
TX,CHD,CrdPrv,5.6,30503258
TX,CHECKUP,AgeAdjPrv,73.3,30503258
TX,CHECKUP,CrdPrv,73.7,30503258
TX,CHOLSCREEN,AgeAdjPrv,84.4,30503258
TX,CHOLSCREEN,CrdPrv,84.6,30503258
TX,COGNITION,AgeAdjPrv,15.2,30503258
TX,COGNITION,CrdPrv,15.2,30503258
TX,COLON_SCREEN,AgeAdjPrv,54.7,30503258
TX,COLON_SCREEN,CrdPrv,57.8,30503258
TX,COPD,AgeAdjPrv,5.4,30503258
TX,COPD,CrdPrv,5.7,30503258
TX,CSMOKING,AgeAdjPrv,12.6,30503258
TX,CSMOKING,CrdPrv,12.5,30503258
TX,DENTAL,AgeAdjPrv,54.2,30503258
TX,DENTAL,CrdPrv,54.5,30503258
TX,DEPRESSION,AgeAdjPrv,21.2,30503258
TX,DEPRESSION,CrdPrv,21.2,30503258
TX,DIABETES,AgeAdjPrv,12.3,30503258
TX,DIABETES,CrdPrv,12.8,30503258
TX,DISABILITY,AgeAdjPrv,30.7,30503258
TX,DISABILITY,CrdPrv,30.9,30503258
TX,GHLTH,AgeAdjPrv,21.7,30503258
TX,GHLTH,CrdPrv,21.9,30503258
TX,HEARING,AgeAdjPrv,6.2,30503258
TX,HEARING,CrdPrv,6.3,30503258
TX,HIGHCHOL,AgeAdjPrv,32.7,30503258
TX,HIGHCHOL,CrdPrv,35.1,30503258
TX,INDEPLIVE,AgeAdjPrv,8.2,30503258
TX,INDEPLIVE,CrdPrv,8.3,30503258
TX,LPA,AgeAdjPrv,27.9,30503258
TX,LPA,CrdPrv,27.9,30503258
TX,MAMMOUSE,AgeAdjPrv,73.8,30503258
TX,MAMMOUSE,CrdPrv,74.1,30503258
TX,MHLTH,AgeAdjPrv,17.1,30503258
TX,MHLTH,CrdPrv,16.9,30503258
TX,MOBILITY,AgeAdjPrv,13.7,30503258
TX,MOBILITY,CrdPrv,14.0,30503258
TX,OBESITY,AgeAdjPrv,35.7,30503258
TX,OBESITY,CrdPrv,35.7,30503258
TX,PHLTH,AgeAdjPrv,13.0,30503258
TX,PHLTH,CrdPrv,13.2,30503258
TX,SELFCARE,AgeAdjPrv,4.0,30503258
TX,SELFCARE,CrdPrv,4.1,30503258
TX,SLEEP,AgeAdjPrv,38.6,30503258
TX,SLEEP,CrdPrv,38.3,30503258
TX,STROKE,AgeAdjPrv,3.1,30503258
TX,STROKE,CrdPrv,3.2,30503258
TX,TEETHLOST,AgeAdjPrv,12.8,30503258
TX,TEETHLOST,CrdPrv,12.5,30503258
TX,VISION,AgeAdjPrv,6.1,30503258
TX,VISION,CrdPrv,6.1,30503258
UT,ACCESS2,AgeAdjPrv,10.4,3417734
UT,ACCESS2,CrdPrv,10.4,3417734
UT,ARTHRITIS,AgeAdjPrv,22.5,3417734
UT,ARTHRITIS,CrdPrv,21.6,3417734
UT,BINGE,AgeAdjPrv,12.1,3417734
UT,BINGE,CrdPrv,12.3,3417734
UT,BPHIGH,AgeAdjPrv,28.3,3417734
UT,BPHIGH,CrdPrv,27.3,3417734
UT,BPMED,AgeAdjPrv,49.6,3417734
UT,BPMED,CrdPrv,65.5,3417734
UT,CANCER,AgeAdjPrv,7.5,3417734
UT,CANCER,CrdPrv,7.2,3417734
UT,CASTHMA,AgeAdjPrv,10.7,3417734
UT,CASTHMA,CrdPrv,10.8,3417734
UT,CHD,AgeAdjPrv,4.9,3417734
UT,CHD,CrdPrv,4.6,3417734
UT,CHECKUP,AgeAdjPrv,71.0,3417734
UT,CHECKUP,CrdPrv,70.4,3417734
UT,CHOLSCREEN,AgeAdjPrv,81.6,3417734
UT,CHOLSCREEN,CrdPrv,80.4,3417734
UT,COGNITION,AgeAdjPrv,14.9,3417734
UT,COGNITION,CrdPrv,15.2,3417734
UT,COLON_SCREEN,AgeAdjPrv,60.6,3417734
UT,COLON_SCREEN,CrdPrv,63.0,3417734
UT,COPD,AgeAdjPrv,4.7,3417734
UT,COPD,CrdPrv,4.6,3417734
UT,CSMOKING,AgeAdjPrv,8.3,3417734
UT,CSMOKING,CrdPrv,8.1,3417734
UT,DENTAL,AgeAdjPrv,70.4,3417734
UT,DENTAL,CrdPrv,70.4,3417734
UT,DEPRESSION,AgeAdjPrv,26.9,3417734
UT,DEPRESSION,CrdPrv,27.3,3417734
UT,DIABETES,AgeAdjPrv,8.8,3417734
UT,DIABETES,CrdPrv,8.5,3417734
UT,DISABILITY,AgeAdjPrv,28.6,3417734
UT,DISABILITY,CrdPrv,28.3,3417734
UT,EMOTIONSPT,AgeAdjPrv,20.5,3417734
UT,EMOTIONSPT,CrdPrv,20.6,3417734
UT,FOODINSECU,AgeAdjPrv,12.4,3417734
UT,FOODINSECU,CrdPrv,12.3,3417734
UT,FOODSTAMP,AgeAdjPrv,6.2,3417734
UT,FOODSTAMP,CrdPrv,6.1,3417734
UT,GHLTH,AgeAdjPrv,15.7,3417734
UT,GHLTH,CrdPrv,15.4,3417734
UT,HEARING,AgeAdjPrv,6.7,3417734
UT,HEARING,CrdPrv,6.4,3417734
UT,HIGHCHOL,AgeAdjPrv,29.3,3417734
UT,HIGHCHOL,CrdPrv,30.4,3417734
UT,HOUSINSECU,AgeAdjPrv,10.1,3417734
UT,HOUSINSECU,CrdPrv,10.0,3417734
UT,INDEPLIVE,AgeAdjPrv,6.8,3417734
UT,INDEPLIVE,CrdPrv,6.8,3417734
UT,LACKTRPT,AgeAdjPrv,6.7,3417734
UT,LACKTRPT,CrdPrv,6.9,3417734
UT,LONELINESS,AgeAdjPrv,33.4,3417734
UT,LONELINESS,CrdPrv,34.2,3417734
UT,LPA,AgeAdjPrv,18.0,3417734
UT,LPA,CrdPrv,17.6,3417734
UT,MAMMOUSE,AgeAdjPrv,71.6,3417734
UT,MAMMOUSE,CrdPrv,72.0,3417734
UT,MHLTH,AgeAdjPrv,17.0,3417734
UT,MHLTH,CrdPrv,17.3,3417734
UT,MOBILITY,AgeAdjPrv,10.7,3417734
UT,MOBILITY,CrdPrv,10.3,3417734
UT,OBESITY,AgeAdjPrv,31.6,3417734
UT,OBESITY,CrdPrv,31.0,3417734
UT,PHLTH,AgeAdjPrv,12.4,3417734
UT,PHLTH,CrdPrv,12.1,3417734
UT,SELFCARE,AgeAdjPrv,2.9,3417734
UT,SELFCARE,CrdPrv,2.7,3417734
UT,SHUTUTILITY,AgeAdjPrv,6.7,3417734
UT,SHUTUTILITY,CrdPrv,6.5,3417734
UT,SLEEP,AgeAdjPrv,34.0,3417734
UT,SLEEP,CrdPrv,33.7,3417734
UT,STROKE,AgeAdjPrv,2.7,3417734
UT,STROKE,CrdPrv,2.5,3417734
UT,TEETHLOST,AgeAdjPrv,10.3,3417734
UT,TEETHLOST,CrdPrv,9.8,3417734
UT,VISION,AgeAdjPrv,4.1,3417734
UT,VISION,CrdPrv,4.0,3417734
VA,ACCESS2,AgeAdjPrv,9.0,8715698
VA,ACCESS2,CrdPrv,8.7,8715698
VA,ARTHRITIS,AgeAdjPrv,23.3,8715698
VA,ARTHRITIS,CrdPrv,26.2,8715698
VA,BINGE,AgeAdjPrv,15.5,8715698
VA,BINGE,CrdPrv,14.5,8715698
VA,BPHIGH,AgeAdjPrv,32.5,8715698
VA,BPHIGH,CrdPrv,35.4,8715698
VA,BPMED,AgeAdjPrv,59.3,8715698
VA,BPMED,CrdPrv,76.8,8715698
VA,CANCER,AgeAdjPrv,6.6,8715698
VA,CANCER,CrdPrv,7.7,8715698
VA,CASTHMA,AgeAdjPrv,10.5,8715698
VA,CASTHMA,CrdPrv,10.4,8715698
VA,CHD,AgeAdjPrv,5.2,8715698
VA,CHD,CrdPrv,6.1,8715698
VA,CHECKUP,AgeAdjPrv,77.7,8715698
VA,CHECKUP,CrdPrv,79.2,8715698
VA,CHOLSCREEN,AgeAdjPrv,86.3,8715698
VA,CHOLSCREEN,CrdPrv,87.5,8715698
VA,COGNITION,AgeAdjPrv,14.4,8715698
VA,COGNITION,CrdPrv,13.9,8715698
VA,COLON_SCREEN,AgeAdjPrv,62.8,8715698
VA,COLON_SCREEN,CrdPrv,67.3,8715698
VA,COPD,AgeAdjPrv,5.5,8715698
VA,COPD,CrdPrv,6.2,8715698
VA,CSMOKING,AgeAdjPrv,12.5,8715698
VA,CSMOKING,CrdPrv,12.2,8715698
VA,DENTAL,AgeAdjPrv,67.5,8715698
VA,DENTAL,CrdPrv,68.0,8715698
VA,DEPRESSION,AgeAdjPrv,22.3,8715698
VA,DEPRESSION,CrdPrv,21.7,8715698
VA,DIABETES,AgeAdjPrv,11.0,8715698
VA,DIABETES,CrdPrv,12.4,8715698
VA,DISABILITY,AgeAdjPrv,28.8,8715698
VA,DISABILITY,CrdPrv,29.9,8715698
VA,EMOTIONSPT,AgeAdjPrv,22.0,8715698
VA,EMOTIONSPT,CrdPrv,21.6,8715698
VA,FOODINSECU,AgeAdjPrv,13.5,8715698
VA,FOODINSECU,CrdPrv,13.1,8715698
VA,FOODSTAMP,AgeAdjPrv,11.1,8715698
VA,FOODSTAMP,CrdPrv,10.7,8715698
VA,GHLTH,AgeAdjPrv,17.4,8715698
VA,GHLTH,CrdPrv,18.1,8715698
VA,HEARING,AgeAdjPrv,5.6,8715698
VA,HEARING,CrdPrv,6.4,8715698
VA,HIGHCHOL,AgeAdjPrv,33.8,8715698
VA,HIGHCHOL,CrdPrv,37.9,8715698
VA,HOUSINSECU,AgeAdjPrv,11.7,8715698
VA,HOUSINSECU,CrdPrv,10.9,8715698
VA,INDEPLIVE,AgeAdjPrv,7.5,8715698
VA,INDEPLIVE,CrdPrv,7.7,8715698
VA,LACKTRPT,AgeAdjPrv,7.7,8715698
VA,LACKTRPT,CrdPrv,7.4,8715698
VA,LONELINESS,AgeAdjPrv,34.6,8715698
VA,LONELINESS,CrdPrv,33.8,8715698
VA,LPA,AgeAdjPrv,23.0,8715698
VA,LPA,CrdPrv,23.7,8715698
VA,MAMMOUSE,AgeAdjPrv,78.3,8715698
VA,MAMMOUSE,CrdPrv,78.6,8715698
VA,MHLTH,AgeAdjPrv,16.6,8715698
VA,MHLTH,CrdPrv,15.9,8715698
VA,MOBILITY,AgeAdjPrv,12.0,8715698
VA,MOBILITY,CrdPrv,13.5,8715698
VA,OBESITY,AgeAdjPrv,34.6,8715698
VA,OBESITY,CrdPrv,34.5,8715698
VA,PHLTH,AgeAdjPrv,12.2,8715698
VA,PHLTH,CrdPrv,12.8,8715698
VA,SELFCARE,AgeAdjPrv,3.2,8715698
VA,SELFCARE,CrdPrv,3.4,8715698
VA,SHUTUTILITY,AgeAdjPrv,7.6,8715698
VA,SHUTUTILITY,CrdPrv,7.1,8715698
VA,SLEEP,AgeAdjPrv,36.7,8715698
VA,SLEEP,CrdPrv,36.0,8715698
VA,STROKE,AgeAdjPrv,2.9,8715698
VA,STROKE,CrdPrv,3.3,8715698
VA,TEETHLOST,AgeAdjPrv,11.3,8715698
VA,TEETHLOST,CrdPrv,11.1,8715698
VA,VISION,AgeAdjPrv,4.4,8715698
VA,VISION,CrdPrv,4.7,8715698
VT,ACCESS2,AgeAdjPrv,6.4,647464
VT,ACCESS2,CrdPrv,6.0,647464
VT,ARTHRITIS,AgeAdjPrv,22.9,647464
VT,ARTHRITIS,CrdPrv,27.8,647464
VT,BINGE,AgeAdjPrv,18.8,647464
VT,BINGE,CrdPrv,16.6,647464
VT,BPHIGH,AgeAdjPrv,26.6,647464
VT,BPHIGH,CrdPrv,31.4,647464
VT,BPMED,AgeAdjPrv,54.3,647464
VT,BPMED,CrdPrv,76.7,647464
VT,CANCER,AgeAdjPrv,7.7,647464
VT,CANCER,CrdPrv,9.9,647464
VT,CASTHMA,AgeAdjPrv,11.2,647464
VT,CASTHMA,CrdPrv,11.1,647464
VT,CHD,AgeAdjPrv,4.8,647464
VT,CHD,CrdPrv,6.3,647464
VT,CHECKUP,AgeAdjPrv,73.0,647464
VT,CHECKUP,CrdPrv,76.1,647464
VT,CHOLSCREEN,AgeAdjPrv,83.5,647464
VT,CHOLSCREEN,CrdPrv,85.9,647464
VT,COGNITION,AgeAdjPrv,13.3,647464
VT,COGNITION,CrdPrv,12.5,647464
VT,COLON_SCREEN,AgeAdjPrv,62.3,647464
VT,COLON_SCREEN,CrdPrv,69.2,647464
VT,COPD,AgeAdjPrv,5.3,647464
VT,COPD,CrdPrv,6.5,647464
VT,CSMOKING,AgeAdjPrv,11.7,647464
VT,CSMOKING,CrdPrv,11.2,647464
VT,DENTAL,AgeAdjPrv,68.0,647464
VT,DENTAL,CrdPrv,69.2,647464
VT,DEPRESSION,AgeAdjPrv,27.8,647464
VT,DEPRESSION,CrdPrv,26.5,647464
VT,DIABETES,AgeAdjPrv,7.0,647464
VT,DIABETES,CrdPrv,8.8,647464
VT,DISABILITY,AgeAdjPrv,24.4,647464
VT,DISABILITY,CrdPrv,26.4,647464
VT,GHLTH,AgeAdjPrv,13.5,647464
VT,GHLTH,CrdPrv,14.5,647464
VT,HEARING,AgeAdjPrv,6.2,647464
VT,HEARING,CrdPrv,7.7,647464
VT,HIGHCHOL,AgeAdjPrv,26.7,647464
VT,HIGHCHOL,CrdPrv,32.1,647464
VT,INDEPLIVE,AgeAdjPrv,6.6,647464
VT,INDEPLIVE,CrdPrv,6.8,647464
VT,LPA,AgeAdjPrv,17.8,647464
VT,LPA,CrdPrv,18.9,647464
VT,MAMMOUSE,AgeAdjPrv,75.5,647464
VT,MAMMOUSE,CrdPrv,76.1,647464
VT,MHLTH,AgeAdjPrv,17.4,647464
VT,MHLTH,CrdPrv,15.9,647464
VT,MOBILITY,AgeAdjPrv,9.0,647464
VT,MOBILITY,CrdPrv,11.0,647464
VT,OBESITY,AgeAdjPrv,28.9,647464
VT,OBESITY,CrdPrv,28.7,647464
VT,PHLTH,AgeAdjPrv,11.6,647464
VT,PHLTH,CrdPrv,12.5,647464
VT,SELFCARE,AgeAdjPrv,2.8,647464
VT,SELFCARE,CrdPrv,3.1,647464
VT,SLEEP,AgeAdjPrv,30.0,647464
VT,SLEEP,CrdPrv,28.6,647464
VT,STROKE,AgeAdjPrv,2.6,647464
VT,STROKE,CrdPrv,3.3,647464
VT,TEETHLOST,AgeAdjPrv,10.4,647464
VT,TEETHLOST,CrdPrv,10.1,647464
VT,VISION,AgeAdjPrv,3.6,647464
VT,VISION,CrdPrv,4.0,647464
WA,ACCESS2,AgeAdjPrv,8.6,7812880
WA,ACCESS2,CrdPrv,8.5,7812880
WA,ARTHRITIS,AgeAdjPrv,22.0,7812880
WA,ARTHRITIS,CrdPrv,24.4,7812880
WA,BINGE,AgeAdjPrv,17.5,7812880
WA,BINGE,CrdPrv,16.6,7812880
WA,BPHIGH,AgeAdjPrv,28.2,7812880
WA,BPHIGH,CrdPrv,30.5,7812880
WA,BPMED,AgeAdjPrv,51.4,7812880
WA,BPMED,CrdPrv,70.7,7812880
WA,CANCER,AgeAdjPrv,7.0,7812880
WA,CANCER,CrdPrv,7.9,7812880
WA,CASTHMA,AgeAdjPrv,10.7,7812880
WA,CASTHMA,CrdPrv,10.7,7812880
WA,CHD,AgeAdjPrv,4.7,7812880
WA,CHD,CrdPrv,5.4,7812880
WA,CHECKUP,AgeAdjPrv,69.2,7812880
WA,CHECKUP,CrdPrv,70.6,7812880
WA,CHOLSCREEN,AgeAdjPrv,82.7,7812880
WA,CHOLSCREEN,CrdPrv,83.9,7812880
WA,COGNITION,AgeAdjPrv,14.0,7812880
WA,COGNITION,CrdPrv,13.6,7812880
WA,COLON_SCREEN,AgeAdjPrv,61.3,7812880
WA,COLON_SCREEN,CrdPrv,66.1,7812880
WA,COPD,AgeAdjPrv,4.6,7812880
WA,COPD,CrdPrv,5.1,7812880
WA,CSMOKING,AgeAdjPrv,10.3,7812880
WA,CSMOKING,CrdPrv,10.1,7812880
WA,DENTAL,AgeAdjPrv,66.6,7812880
WA,DENTAL,CrdPrv,66.9,7812880
WA,DEPRESSION,AgeAdjPrv,25.5,7812880
WA,DEPRESSION,CrdPrv,25.1,7812880
WA,DIABETES,AgeAdjPrv,8.6,7812880
WA,DIABETES,CrdPrv,9.5,7812880
WA,DISABILITY,AgeAdjPrv,26.3,7812880
WA,DISABILITY,CrdPrv,27.2,7812880
WA,GHLTH,AgeAdjPrv,15.9,7812880
WA,GHLTH,CrdPrv,16.4,7812880
WA,HEARING,AgeAdjPrv,5.8,7812880
WA,HEARING,CrdPrv,6.4,7812880
WA,HIGHCHOL,AgeAdjPrv,31.2,7812880
WA,HIGHCHOL,CrdPrv,34.9,7812880
WA,INDEPLIVE,AgeAdjPrv,6.8,7812880
WA,INDEPLIVE,CrdPrv,6.8,7812880
WA,LPA,AgeAdjPrv,17.5,7812880
WA,LPA,CrdPrv,18.0,7812880
WA,MAMMOUSE,AgeAdjPrv,73.7,7812880
WA,MAMMOUSE,CrdPrv,74.2,7812880
WA,MHLTH,AgeAdjPrv,17.0,7812880
WA,MHLTH,CrdPrv,16.4,7812880
WA,MOBILITY,AgeAdjPrv,9.9,7812880
WA,MOBILITY,CrdPrv,10.9,7812880
WA,OBESITY,AgeAdjPrv,30.7,7812880
WA,OBESITY,CrdPrv,30.8,7812880
WA,PHLTH,AgeAdjPrv,12.0,7812880
WA,PHLTH,CrdPrv,12.5,7812880
WA,SELFCARE,AgeAdjPrv,3.0,7812880
WA,SELFCARE,CrdPrv,3.1,7812880
WA,SLEEP,AgeAdjPrv,32.4,7812880
WA,SLEEP,CrdPrv,31.8,7812880
WA,STROKE,AgeAdjPrv,2.6,7812880
WA,STROKE,CrdPrv,2.9,7812880
WA,TEETHLOST,AgeAdjPrv,9.3,7812880
WA,TEETHLOST,CrdPrv,9.1,7812880
WA,VISION,AgeAdjPrv,4.0,7812880
WA,VISION,CrdPrv,4.1,7812880
WI,ACCESS2,AgeAdjPrv,8.4,5910955
WI,ACCESS2,CrdPrv,8.0,5910955
WI,ARTHRITIS,AgeAdjPrv,22.7,5910955
WI,ARTHRITIS,CrdPrv,26.6,5910955
WI,BINGE,AgeAdjPrv,20.9,5910955
WI,BINGE,CrdPrv,19.0,5910955
WI,BPHIGH,AgeAdjPrv,29.5,5910955
WI,BPHIGH,CrdPrv,33.4,5910955
WI,BPMED,AgeAdjPrv,58.1,5910955
WI,BPMED,CrdPrv,77.8,5910955
WI,CANCER,AgeAdjPrv,7.0,5910955
WI,CANCER,CrdPrv,8.6,5910955
WI,CASTHMA,AgeAdjPrv,10.9,5910955
WI,CASTHMA,CrdPrv,10.8,5910955
WI,CHD,AgeAdjPrv,5.4,5910955
WI,CHD,CrdPrv,6.6,5910955
WI,CHECKUP,AgeAdjPrv,75.4,5910955
WI,CHECKUP,CrdPrv,77.6,5910955
WI,CHOLSCREEN,AgeAdjPrv,84.1,5910955
WI,CHOLSCREEN,CrdPrv,85.9,5910955
WI,COGNITION,AgeAdjPrv,13.4,5910955
WI,COGNITION,CrdPrv,12.9,5910955
WI,COLON_SCREEN,AgeAdjPrv,63.5,5910955
WI,COLON_SCREEN,CrdPrv,69.4,5910955
WI,COPD,AgeAdjPrv,5.5,5910955
WI,COPD,CrdPrv,6.5,5910955
WI,CSMOKING,AgeAdjPrv,14.0,5910955
WI,CSMOKING,CrdPrv,13.6,5910955
WI,DENTAL,AgeAdjPrv,66.4,5910955
WI,DENTAL,CrdPrv,67.1,5910955
WI,DEPRESSION,AgeAdjPrv,24.0,5910955
WI,DEPRESSION,CrdPrv,23.2,5910955
WI,DIABETES,AgeAdjPrv,9.7,5910955
WI,DIABETES,CrdPrv,11.4,5910955
WI,DISABILITY,AgeAdjPrv,27.8,5910955
WI,DISABILITY,CrdPrv,29.4,5910955
WI,EMOTIONSPT,AgeAdjPrv,20.8,5910955
WI,EMOTIONSPT,CrdPrv,20.2,5910955
WI,FOODINSECU,AgeAdjPrv,12.8,5910955
WI,FOODINSECU,CrdPrv,12.2,5910955
WI,FOODSTAMP,AgeAdjPrv,13.2,5910955
WI,FOODSTAMP,CrdPrv,12.6,5910955
WI,GHLTH,AgeAdjPrv,16.9,5910955
WI,GHLTH,CrdPrv,17.8,5910955
WI,HEARING,AgeAdjPrv,5.9,5910955
WI,HEARING,CrdPrv,6.9,5910955
WI,HIGHCHOL,AgeAdjPrv,29.5,5910955
WI,HIGHCHOL,CrdPrv,34.4,5910955
WI,HOUSINSECU,AgeAdjPrv,10.7,5910955
WI,HOUSINSECU,CrdPrv,9.7,5910955
WI,INDEPLIVE,AgeAdjPrv,7.8,5910955
WI,INDEPLIVE,CrdPrv,7.9,5910955
WI,LACKTRPT,AgeAdjPrv,7.2,5910955
WI,LACKTRPT,CrdPrv,6.8,5910955
WI,LONELINESS,AgeAdjPrv,31.6,5910955
WI,LONELINESS,CrdPrv,30.7,5910955
WI,LPA,AgeAdjPrv,25.7,5910955
WI,LPA,CrdPrv,26.7,5910955
WI,MAMMOUSE,AgeAdjPrv,79.9,5910955
WI,MAMMOUSE,CrdPrv,80.3,5910955
WI,MHLTH,AgeAdjPrv,16.5,5910955
WI,MHLTH,CrdPrv,15.5,5910955
WI,MOBILITY,AgeAdjPrv,11.5,5910955
WI,MOBILITY,CrdPrv,13.4,5910955
WI,OBESITY,AgeAdjPrv,37.9,5910955
WI,OBESITY,CrdPrv,37.8,5910955
WI,PHLTH,AgeAdjPrv,12.2,5910955
WI,PHLTH,CrdPrv,13.0,5910955
WI,SELFCARE,AgeAdjPrv,3.2,5910955
WI,SELFCARE,CrdPrv,3.6,5910955
WI,SHUTUTILITY,AgeAdjPrv,6.1,5910955
WI,SHUTUTILITY,CrdPrv,5.5,5910955
WI,SLEEP,AgeAdjPrv,33.7,5910955
WI,SLEEP,CrdPrv,32.6,5910955
WI,STROKE,AgeAdjPrv,2.8,5910955
WI,STROKE,CrdPrv,3.4,5910955
WI,TEETHLOST,AgeAdjPrv,10.1,5910955
WI,TEETHLOST,CrdPrv,9.9,5910955
WI,VISION,AgeAdjPrv,4.2,5910955
WI,VISION,CrdPrv,4.5,5910955
WV,ACCESS2,AgeAdjPrv,8.9,1770071
WV,ACCESS2,CrdPrv,8.5,1770071
WV,ARTHRITIS,AgeAdjPrv,31.8,1770071
WV,ARTHRITIS,CrdPrv,37.7,1770071
WV,BINGE,AgeAdjPrv,16.1,1770071
WV,BINGE,CrdPrv,14.1,1770071
WV,BPHIGH,AgeAdjPrv,38.4,1770071
WV,BPHIGH,CrdPrv,44.0,1770071
WV,BPMED,AgeAdjPrv,60.9,1770071
WV,BPMED,CrdPrv,79.5,1770071
WV,CANCER,AgeAdjPrv,7.4,1770071
WV,CANCER,CrdPrv,9.6,1770071
WV,CASTHMA,AgeAdjPrv,12.3,1770071
WV,CASTHMA,CrdPrv,12.2,1770071
WV,CHD,AgeAdjPrv,6.7,1770071
WV,CHD,CrdPrv,8.7,1770071
WV,CHECKUP,AgeAdjPrv,78.4,1770071
WV,CHECKUP,CrdPrv,81.0,1770071
WV,CHOLSCREEN,AgeAdjPrv,84.4,1770071
WV,CHOLSCREEN,CrdPrv,86.8,1770071
WV,COGNITION,AgeAdjPrv,19.7,1770071
WV,COGNITION,CrdPrv,18.6,1770071
WV,COLON_SCREEN,AgeAdjPrv,60.6,1770071
WV,COLON_SCREEN,CrdPrv,66.5,1770071
WV,COPD,AgeAdjPrv,8.8,1770071
WV,COPD,CrdPrv,10.6,1770071
WV,CSMOKING,AgeAdjPrv,20.0,1770071
WV,CSMOKING,CrdPrv,19.4,1770071
WV,DENTAL,AgeAdjPrv,54.6,1770071
WV,DENTAL,CrdPrv,55.5,1770071
WV,DEPRESSION,AgeAdjPrv,32.0,1770071
WV,DEPRESSION,CrdPrv,30.5,1770071
WV,DIABETES,AgeAdjPrv,12.9,1770071
WV,DIABETES,CrdPrv,15.9,1770071
WV,DISABILITY,AgeAdjPrv,36.8,1770071
WV,DISABILITY,CrdPrv,39.2,1770071
WV,EMOTIONSPT,AgeAdjPrv,23.9,1770071
WV,EMOTIONSPT,CrdPrv,23.0,1770071
WV,FOODINSECU,AgeAdjPrv,17.2,1770071
WV,FOODINSECU,CrdPrv,16.2,1770071
WV,FOODSTAMP,AgeAdjPrv,18.9,1770071
WV,FOODSTAMP,CrdPrv,17.8,1770071
WV,GHLTH,AgeAdjPrv,23.8,1770071
WV,GHLTH,CrdPrv,25.5,1770071
WV,HEARING,AgeAdjPrv,7.2,1770071
WV,HEARING,CrdPrv,9.0,1770071
WV,HIGHCHOL,AgeAdjPrv,36.2,1770071
WV,HIGHCHOL,CrdPrv,42.8,1770071
WV,HOUSINSECU,AgeAdjPrv,13.9,1770071
WV,HOUSINSECU,CrdPrv,12.4,1770071
WV,INDEPLIVE,AgeAdjPrv,10.6,1770071
WV,INDEPLIVE,CrdPrv,10.9,1770071
WV,LACKTRPT,AgeAdjPrv,9.6,1770071
WV,LACKTRPT,CrdPrv,8.9,1770071
WV,LONELINESS,AgeAdjPrv,35.2,1770071
WV,LONELINESS,CrdPrv,33.8,1770071
WV,LPA,AgeAdjPrv,31.1,1770071
WV,LPA,CrdPrv,32.8,1770071
WV,MAMMOUSE,AgeAdjPrv,75.4,1770071
WV,MAMMOUSE,CrdPrv,76.1,1770071
WV,MHLTH,AgeAdjPrv,22.9,1770071
WV,MHLTH,CrdPrv,21.1,1770071
WV,MOBILITY,AgeAdjPrv,15.5,1770071
WV,MOBILITY,CrdPrv,18.7,1770071
WV,OBESITY,AgeAdjPrv,40.8,1770071
WV,OBESITY,CrdPrv,40.7,1770071
WV,PHLTH,AgeAdjPrv,16.0,1770071
WV,PHLTH,CrdPrv,17.3,1770071
WV,SELFCARE,AgeAdjPrv,4.0,1770071
WV,SELFCARE,CrdPrv,4.6,1770071
WV,SHUTUTILITY,AgeAdjPrv,12.3,1770071
WV,SHUTUTILITY,CrdPrv,11.0,1770071
WV,SLEEP,AgeAdjPrv,42.0,1770071
WV,SLEEP,CrdPrv,40.7,1770071
WV,STROKE,AgeAdjPrv,3.3,1770071
WV,STROKE,CrdPrv,4.2,1770071
WV,TEETHLOST,AgeAdjPrv,20.1,1770071
WV,TEETHLOST,CrdPrv,19.5,1770071
WV,VISION,AgeAdjPrv,5.2,1770071
WV,VISION,CrdPrv,5.7,1770071
WY,ACCESS2,AgeAdjPrv,12.0,584057
WY,ACCESS2,CrdPrv,11.6,584057
WY,ARTHRITIS,AgeAdjPrv,21.8,584057
WY,ARTHRITIS,CrdPrv,25.4,584057
WY,BINGE,AgeAdjPrv,16.9,584057
WY,BINGE,CrdPrv,15.4,584057
WY,BPHIGH,AgeAdjPrv,28.1,584057
WY,BPHIGH,CrdPrv,31.8,584057
WY,BPMED,AgeAdjPrv,52.0,584057
WY,BPMED,CrdPrv,73.0,584057
WY,CANCER,AgeAdjPrv,7.4,584057
WY,CANCER,CrdPrv,8.9,584057
WY,CASTHMA,AgeAdjPrv,10.3,584057
WY,CASTHMA,CrdPrv,10.2,584057
WY,CHD,AgeAdjPrv,5.3,584057
WY,CHD,CrdPrv,6.5,584057
WY,CHECKUP,AgeAdjPrv,67.1,584057
WY,CHECKUP,CrdPrv,69.7,584057
WY,CHOLSCREEN,AgeAdjPrv,80.1,584057
WY,CHOLSCREEN,CrdPrv,82.2,584057
WY,COGNITION,AgeAdjPrv,14.8,584057
WY,COGNITION,CrdPrv,14.2,584057
WY,COLON_SCREEN,AgeAdjPrv,53.2,584057
WY,COLON_SCREEN,CrdPrv,59.3,584057
WY,COPD,AgeAdjPrv,6.1,584057
WY,COPD,CrdPrv,7.1,584057
WY,CSMOKING,AgeAdjPrv,14.4,584057
WY,CSMOKING,CrdPrv,14.0,584057
WY,DENTAL,AgeAdjPrv,61.6,584057
WY,DENTAL,CrdPrv,62.6,584057
WY,DEPRESSION,AgeAdjPrv,22.4,584057
WY,DEPRESSION,CrdPrv,21.6,584057
WY,DIABETES,AgeAdjPrv,9.3,584057
WY,DIABETES,CrdPrv,10.9,584057
WY,DISABILITY,AgeAdjPrv,29.2,584057
WY,DISABILITY,CrdPrv,30.7,584057
WY,GHLTH,AgeAdjPrv,17.5,584057
WY,GHLTH,CrdPrv,18.3,584057
WY,HEARING,AgeAdjPrv,6.9,584057
WY,HEARING,CrdPrv,8.0,584057
WY,HIGHCHOL,AgeAdjPrv,28.9,584057
WY,HIGHCHOL,CrdPrv,33.8,584057
WY,INDEPLIVE,AgeAdjPrv,7.7,584057
WY,INDEPLIVE,CrdPrv,7.8,584057
WY,LPA,AgeAdjPrv,24.7,584057
WY,LPA,CrdPrv,25.6,584057
WY,MAMMOUSE,AgeAdjPrv,66.7,584057
WY,MAMMOUSE,CrdPrv,67.8,584057
WY,MHLTH,AgeAdjPrv,16.8,584057
WY,MHLTH,CrdPrv,15.8,584057
WY,MOBILITY,AgeAdjPrv,11.5,584057
WY,MOBILITY,CrdPrv,13.3,584057
WY,OBESITY,AgeAdjPrv,33.9,584057
WY,OBESITY,CrdPrv,33.8,584057
WY,PHLTH,AgeAdjPrv,12.6,584057
WY,PHLTH,CrdPrv,13.3,584057
WY,SELFCARE,AgeAdjPrv,3.2,584057
WY,SELFCARE,CrdPrv,3.5,584057
WY,SLEEP,AgeAdjPrv,33.6,584057
WY,SLEEP,CrdPrv,32.6,584057
WY,STROKE,AgeAdjPrv,2.8,584057
WY,STROKE,CrdPrv,3.3,584057
WY,TEETHLOST,AgeAdjPrv,13.2,584057
WY,TEETHLOST,CrdPrv,12.9,584057
WY,VISION,AgeAdjPrv,4.3,584057
WY,VISION,CrdPrv,4.6,584057
