"jurisdiction","survweekend","totresuptodate","numres","numresc19postest","numresc19posutd","numresc19hosppos","numresc19hosputd","pct_totresuptodate","faccount","numresfluvacc","numresflupostest","numresfluposvacc","numresfluhosppos","numresfluhospvacc","pct_numresfluvacc","numresrsvvacc","numresrsvpostest","numresrsvposvacc","numresrsvhosppos","numresrsvhospvacc","pct_numresrsvvacc"
"AK","2024-10-06T00:00:00.000","141","755","1","0","0","0","18.7","20",,,,,,,,,,,,
"AK","2024-10-13T00:00:00.000","212","755","0","0","0","0","28.1","20",,,,,,,,,,,,
"AK","2024-10-20T00:00:00.000","253","760","0","0","0","0","33.3","20",,,,,,,,,,,,
"AK","2024-10-27T00:00:00.000","309","755","0","0","0","0","40.9","20",,,,,,,,,,,,
"AK","2024-11-03T00:00:00.000","348","761","0","0","0","0","45.7","20",,,,,,,,,,,,
"AK","2024-11-10T00:00:00.000","386","754","0","0","0","0","51.2","20",,,,,,,,,,,,
"AK","2024-11-17T00:00:00.000","430","762","3","3","0","0","56.4","20",,,,,,,,,,,,
"AK","2024-11-24T00:00:00.000","448","760","0","0","0","0","58.9","20",,,,,,,,,,,,
"AK","2024-12-01T00:00:00.000","448","748","0","0","0","0","59.9","20",,,,,,,,,,,,
"AK","2024-12-08T00:00:00.000","449","753","0","0","0","0","59.6","20",,,,,,,,,,,,
"AK","2024-12-15T00:00:00.000","447","749","3","1","1","1","59.7","20",,,,,,,,,,,,
"AK","2024-12-22T00:00:00.000","452","744","0","0","0","0","60.8","20",,,,,,,,,,,,
"AK","2024-12-29T00:00:00.000","454","750","0","0","0","0","60.5","20",,,,,,,,,,,,
"AK","2025-01-05T00:00:00.000","454","750","1","0","0","0","60.5","20",,,,,,,,,,,,
"AK","2025-01-12T00:00:00.000","457","758","0","0","0","0","60.3","20","539","8","8","1","1","71.1","338","1","0","0","0","44.6"
"AK","2025-01-19T00:00:00.000","459","763","0","0","0","0","60.2","20","539","3","3","1","1","70.6","340","0","0","0","0","44.6"
"AK","2025-01-26T00:00:00.000","459","755","0","0","0","0","60.8","20","482","1","0","0","0","63.8","324","1","0","0","0","42.9"
"AK","2025-02-02T00:00:00.000","454","755","0","0","0","0","60.1","20","537","5","0","1","0","71.1","345","1","0","0","0","45.7"
"AK","2025-02-09T00:00:00.000","456","758","0","0","0","0","60.2","20","540","1","0","0","0","71.2","344","0","0","0","0","45.4"
"AK","2025-02-16T00:00:00.000","460","757","4","3","0","0","60.8","20","541","1","0","0","0","71.5","344","0","0","0","0","45.4"
"AK","2025-02-23T00:00:00.000","454","757","4","1","0","0","60.0","20","545","0","0","0","0","72.0","340","0","0","0","0","44.9"
"AK","2025-03-02T00:00:00.000","453","755","0","0","0","0","60.0","20","536","0","0","0","0","71.0","340","0","0","0","0","45.0"
"AK","2025-03-09T00:00:00.000","455","758","2","0","0","0","60.0","20","540","0","0","0","0","71.2","341","0","0","0","0","45.0"
"AK","2025-03-16T00:00:00.000","452","757","0","0","0","0","59.7","20","535","0","0","0","0","70.7","341","1","0","0","0","45.0"
"AK","2025-03-23T00:00:00.000","441","760","0","0","0","0","58.0","20","537","0","0","0","0","70.7","341","1","0","0","0","44.9"
"AK","2025-03-30T00:00:00.000","437","768","0","0","0","0","56.9","20","534","0","0","0","0","69.5","338","0","0","0","0","44.0"
"AK","2025-04-06T00:00:00.000","413","763","0","0","0","0","54.1","20","530","0","0","0","0","69.5","339","1","0","0","0","44.4"
"AK","2025-04-13T00:00:00.000","411","768","0","0","0","0","53.5","20","525","0","0","0","0","68.4","343","0","0","0","0","44.7"
"AK","2025-04-20T00:00:00.000","393","770","0","0","0","0","51.0","20","527","1","0","1","0","68.4","348","0","0","0","0","45.2"
"AK","2025-04-27T00:00:00.000","396","772","0","0","0","0","51.3","20","522","0","0","0","0","67.6","346","0","0","0","0","44.8"
"AK","2025-05-04T00:00:00.000","390","770","0","0","0","0","50.6","20","512","1","0","1","0","66.5","335","2","1","0","0","43.5"
"AK","2025-05-11T00:00:00.000","392","772","0","0","0","0","50.8","20","506","0","0","0","0","65.5","330","2","1","0","0","42.7"
"AK","2025-05-18T00:00:00.000","390","768","1","0","0","0","50.8","20","503","0","0","0","0","65.5","329","2","1","0","0","42.8"
"AK","2025-05-25T00:00:00.000","380","765","0","0","0","0","49.7","20","509","0","0","0","0","66.5","336","0","0","0","0","43.9"
"AK","2025-06-01T00:00:00.000","368","761","0","0","0","0","48.4","20","508","0","0","0","0","66.8","335","0","0","0","0","44.0"
"AK","2025-06-08T00:00:00.000","365","760","4","0","0","0","48.0","20","510","0","0","0","0","67.1","337","0","0","0","0","44.3"
"AK","2025-06-15T00:00:00.000","364","761","3","0","0","0","47.8","20","505","0","0","0","0","66.4","332","0","0","0","0","43.6"
"AK","2025-06-22T00:00:00.000","356","762","9","2","1","0","46.7","20","510","0","0","0","0","66.9","386","0","0","0","0","50.7"
"AK","2025-06-29T00:00:00.000","355","754","1","0","0","0","47.1","20","452","0","0","0","0","59.9","339","0","0","0","0","45.0"
"AK","2025-07-06T00:00:00.000","354","752","1","0","0","0","47.1","20","0","0","0","0","0","0.0","343","0","0","0","0","45.6"
"AK","2025-07-13T00:00:00.000","355","759","0","0","0","0","46.8","20","0","0","0","0","0","0.0","337","0","0","0","0","44.4"
"AK","2025-07-20T00:00:00.000","352","761","3","3","0","0","46.3","20","0","0","0","0","0","0.0","333","0","0","0","0","43.8"
"AK","2025-07-27T00:00:00.000","350","766","2","2","0","0","45.7","20","0","0","0","0","0","0.0","334","0","0","0","0","43.6"
"AK","2025-08-03T00:00:00.000","350","769","2","1","0","0","45.5","20","117","0","0","0","0","15.2","331","0","0","0","0","43.0"
"AK","2025-08-10T00:00:00.000","354","776","0","0","0","0","45.6","20","101","0","0","0","0","13.0","330","0","0","0","0","42.5"
"AK","2025-08-17T00:00:00.000","355","777","2","0","0","0","45.7","20","108","0","0","0","0","13.9","326","0","0","0","0","42.0"
"AK","2025-08-24T00:00:00.000","351","768","0","0","0","0","45.7","20","110","0","0","0","0","14.3","321","0","0","0","0","41.8"
"AK","2025-08-31T00:00:00.000","340","779","16","12","1","1","43.6","20","84","0","0","0","0","10.8","324","0","0","0","0","41.6"
"AK","2025-09-07T00:00:00.000","321","772","1","0","0","0","41.6","20","121","0","0","0","0","15.7","317","0","0","0","0","41.1"
"AK","2025-09-14T00:00:00.000","336","774","2","0","0","0","43.4","20","136","0","0","0","0","17.6","316","0","0","0","0","40.8"
"AK","2025-09-21T00:00:00.000","345","774","7","1","0","0","44.6","20","147","0","0","0","0","19.0","317","0","0","0","0","41.0"
"AK","2025-09-28T00:00:00.000","347","770","6","0","0","0","45.1","20","161","0","0","0","0","20.9","317","0","0","0","0","41.2"
"AK","2025-10-05T00:00:00.000","333","763","2","0","1","0","43.6","20","176","0","0","0","0","23.1","305","0","0","0","0","40.0"
"AK","2025-10-12T00:00:00.000","308","756","3","1","0","0","40.7","20","240","0","0","0","0","31.7","311","0","0","0","0","41.1"
"AK","2025-10-19T00:00:00.000","299","702","1","0","0","0","42.6","19","277","0","0","0","0","39.5","297","0","0","0","0","42.3"
"AK","2025-10-26T00:00:00.000","351","764","0","0","0","0","45.9","20","362","0","0","0","0","47.4","322","2","0","0","0","42.1"
"AK","2025-11-02T00:00:00.000","372","747","0","0","0","0","49.8","19","373","0","0","0","0","49.9","296","3","2","0","0","39.6"
"AK","2025-11-09T00:00:00.000","366","754","4","1","1","0","48.5","19","383","0","0","0","0","50.8","296","0","0","0","0","39.3"
"AK","2025-11-16T00:00:00.000","365","746","3","0","0","0","48.9","19","382","0","0","0","0","51.2","289","0","0","0","0","38.7"
"AK","2025-11-23T00:00:00.000","370","744","1","0","0","0","49.7","19","386","0","0","0","0","51.9","292","0","0","0","0","39.2"
"AK","2025-11-30T00:00:00.000","369","737","1","1","0","0","50.1","19","406","0","0","0","0","55.1","290","0","0","0","0","39.3"
"AK","2025-12-07T00:00:00.000","373","729","0","0","0","0","51.2","19","407","0","0","0","0","55.8","290","0","0","0","0","39.8"
"AK","2025-12-14T00:00:00.000","378","724","0","0","0","0","52.2","19","405","0","0","0","0","55.9","291","0","0","0","0","40.2"
"AK","2025-12-21T00:00:00.000","382","732","4","1","0","0","52.2","19","407","7","0","0","0","55.6","298","1","1","0","0","40.7"
"AK","2025-12-28T00:00:00.000","382","739","7","5","0","0","51.7","19","412","7","2","0","0","55.8","302","0","0","0","0","40.9"
"AK","2026-01-04T00:00:00.000","381","736","15","4","1","0","51.8","19","412","14","12","0","0","56.0","306","0","0","0","0","41.6"
"AK","2026-01-11T00:00:00.000","383","733","12","8","0","0","52.3","19","412","0","0","1","1","56.2","302","0","0","0","0","41.2"
"AK","2026-01-18T00:00:00.000","361","711","5","2","0","0","50.8","18","391","0","0","0","0","55.0","283","0","0","0","0","39.8"
"AK","2026-01-25T00:00:00.000","343","698","0","0","0","0","49.1","18","388","0","0","0","0","55.6","282","0","0","0","0","40.4"
"AK","2026-02-01T00:00:00.000","339","709","0","0","0","0","47.8","18","390","0","0","0","0","55.0","287","0","0","0","0","40.5"
"AK","2026-02-08T00:00:00.000","333","713","0","0","0","0","46.7","18","395","0","0","0","0","55.4","313","0","0","0","0","43.9"
"AK","2026-02-15T00:00:00.000","324","646","0","0","0","0","50.2","17","361","0","0","0","0","55.9","300","0","0","0","0","46.4"
"AK","2026-02-22T00:00:00.000","304","599","0","0","0","0","50.8","16","322","0","0","0","0","53.8","280","1","1","0","0","46.7"
"AK","2026-03-01T00:00:00.000","304","599","0","0","0","0","50.8","16","321","0","0","0","0","53.6","277","0","0","0","0","46.2"
"AK","2026-03-08T00:00:00.000","309","599","0","0","0","0","51.6","16","315","0","0","0","0","52.6","283","0","0","0","0","47.2"
"AK","2026-03-15T00:00:00.000","304","600","0","0","0","0","50.7","16","328","0","0","0","0","54.7","289","0","0","0","0","48.2"
"AK","2026-03-22T00:00:00.000","298","588","0","0","0","0","50.7","15","319","0","0","0","0","54.3","287","0","0","0","0","48.8"
"AK","2026-03-29T00:00:00.000","118","215","0","0","0","0","54.9","5","154","0","0","0","0","71.6","127","0","0","0","0","59.1"
"AL","2024-10-06T00:00:00.000","2117","20538","49","0","2","0","10.3","211",,,,,,,,,,,,
"AL","2024-10-13T00:00:00.000","2585","20480","61","0","7","0","12.6","208",,,,,,,,,,,,
"AL","2024-10-20T00:00:00.000","3153","17445","37","0","2","0","18.1","181",,,,,,,,,,,,
"AL","2024-10-27T00:00:00.000","4359","17545","10","0","2","0","24.8","182",,,,,,,,,,,,
"AL","2024-11-03T00:00:00.000","4571","20855","16","4","1","0","21.9","211",,,,,,,,,,,,
"AL","2024-11-10T00:00:00.000","4932","20685","27","5","0","0","23.8","211",,,,,,,,,,,,
"AL","2024-11-17T00:00:00.000","5220","20454","15","0","2","0","25.5","210",,,,,,,,,,,,
"AL","2024-11-24T00:00:00.000","5601","20456","74","8","3","1","27.4","210",,,,,,,,,,,,
"AL","2024-12-01T00:00:00.000","5645","20366","50","5","3","0","27.7","210",,,,,,,,,,,,
"AL","2024-12-08T00:00:00.000","5816","20537","43","10","2","0","28.3","210",,,,,,,,,,,,
"AL","2024-12-15T00:00:00.000","6055","20607","96","19","8","1","29.4","210",,,,,,,,,,,,
"AL","2024-12-22T00:00:00.000","6439","20250","79","26","4","0","31.8","208",,,,,,,,,,,,
"AL","2024-12-29T00:00:00.000","6441","20258","50","5","5","1","31.8","209",,,,,,,,,,,,
"AL","2025-01-05T00:00:00.000","6669","20158","89","22","5","2","33.1","209",,,,,,,,,,,,
"AL","2025-01-12T00:00:00.000","6461","17326","101","19","13","2","37.3","181","10899","58","33","8","5","62.9","3002","14","2","3","0","17.3"
"AL","2025-01-19T00:00:00.000","6460","17192","139","24","8","0","37.6","180","10663","95","40","13","5","62.0","3097","6","0","1","0","18.0"
"AL","2025-01-26T00:00:00.000","6692","20095","58","11","4","1","33.3","207","10821","106","52","20","11","53.8","3156","5","1","2","0","15.7"
"AL","2025-02-02T00:00:00.000","7038","20697","92","13","9","2","34.0","210","11008","131","98","18","14","53.2","3285","8","1","4","0","15.9"
"AL","2025-02-09T00:00:00.000","6804","20083","98","11","6","0","33.9","205","10736","84","34","11","4","53.5","3035","7","0","1","0","15.1"
"AL","2025-02-16T00:00:00.000","6635","20025","82","11","5","0","33.1","203","10443","46","26","9","5","52.1","3126","2","0","0","0","15.6"
"AL","2025-02-23T00:00:00.000","6686","20080","27","11","6","1","33.3","203","10339","26","13","9","3","51.5","3145","0","0","0","0","15.7"
"AL","2025-03-02T00:00:00.000","6788","20297","96","29","3","1","33.4","204","10649","25","8","5","2","52.5","3193","0","0","2","1","15.7"
"AL","2025-03-09T00:00:00.000","6714","20002","63","10","3","0","33.6","204","10629","34","18","10","7","53.1","3209","1","0","0","0","16.0"
"AL","2025-03-16T00:00:00.000","6721","20098","76","15","9","1","33.4","203","10607","17","6","2","2","52.8","3202","5","0","0","0","15.9"
"AL","2025-03-23T00:00:00.000","6684","19909","55","2","8","0","33.6","203","10428","13","4","2","1","52.4","3165","3","0","1","0","15.9"
"AL","2025-03-30T00:00:00.000","6415","19681","65","13","11","1","32.6","200","10235","14","3","2","1","52.0","3260","4","2","2","1","16.6"
"AL","2025-04-06T00:00:00.000","6611","20466","43","19","0","0","32.3","207","10752","20","13","5","1","52.5","3218","0","0","0","0","15.7"
"AL","2025-04-13T00:00:00.000","6410","20269","31","10","1","0","31.6","205","10682","13","5","5","1","52.7","3271","0","0","0","0","16.1"
"AL","2025-04-20T00:00:00.000","6162","20006","11","1","2","0","30.8","203","10404","0","0","1","0","52.0","3184","2","0","1","0","15.9"
"AL","2025-04-27T00:00:00.000","6029","20028","16","1","0","0","30.1","202","10336","1","0","0","0","51.6","3061","0","0","0","0","15.3"
"AL","2025-05-04T00:00:00.000","6000","19776","0","0","2","0","30.3","202","10209","3","1","0","0","51.6","3016","0","0","0","0","15.3"
"AL","2025-05-11T00:00:00.000","5856","19542","3","0","0","0","30.0","201","9950","5","1","0","0","50.9","2958","2","0","1","0","15.1"
"AL","2025-05-18T00:00:00.000","5950","19758","9","4","0","0","30.1","203","10002","0","0","0","0","50.6","2974","0","0","0","0","15.1"
"AL","2025-05-25T00:00:00.000","5891","19836","15","1","1","0","29.7","202","9852","1","1","1","1","49.7","2952","0","0","0","0","14.9"
"AL","2025-06-01T00:00:00.000","5944","19686","19","0","1","0","30.2","202","9800","1","1","1","1","49.8","2942","0","0","0","0","14.9"
"AL","2025-06-08T00:00:00.000","5811","19851","12","3","0","0","29.3","202","9644","0","0","0","0","48.6","3004","0","0","0","0","15.1"
"AL","2025-06-15T00:00:00.000","5735","19768","12","4","0","0","29.0","201","9627","0","0","0","0","48.7","3010","0","0","0","0","15.2"
"AL","2025-06-22T00:00:00.000","5572","19558","8","2","0","0","28.5","200","9401","0","0","0","0","48.1","2940","0","0","0","0","15.0"
"AL","2025-06-29T00:00:00.000","5471","19325","37","17","0","0","28.3","197","9258","1","1","1","1","47.9","2928","0","0","0","0","15.2"
"AL","2025-07-06T00:00:00.000","5235","16810","27","2","2","0","31.1","174","0","1","0","1","0","0.0","3448","1","0","1","0","20.5"
"AL","2025-07-13T00:00:00.000","5626","19675","35","15","0","0","28.6","199","0","0","0","0","0","0.0","3271","0","0","0","0","16.6"
"AL","2025-07-20T00:00:00.000","5492","19549","7","2","0","0","28.1","198","0","0","0","0","0","0.0","2931","0","0","0","0","15.0"
"AL","2025-07-27T00:00:00.000","5384","19449","113","1","0","0","27.7","196","0","4","0","1","0","0.0","3043","12","0","0","0","15.6"
"AL","2025-08-03T00:00:00.000","5381","19381","11","0","0","0","27.8","197","2400","0","0","0","0","12.4","2756","0","0","0","0","14.2"
"AL","2025-08-10T00:00:00.000","5566","19480","22","7","2","0","28.6","198","2503","0","0","0","0","12.8","2656","0","0","0","0","13.6"
"AL","2025-08-17T00:00:00.000","5549","19741","50","9","2","0","28.1","201","2657","0","0","0","0","13.5","2700","0","0","0","0","13.7"
"AL","2025-08-24T00:00:00.000","4999","16133","63","16","5","1","31.0","168","2496","0","0","0","0","15.5","2715","0","0","0","0","16.8"
"AL","2025-08-31T00:00:00.000","5516","19510","90","10","6","0","28.3","198","2279","5","0","1","0","11.7","2775","0","0","0","0","14.2"
"AL","2025-09-07T00:00:00.000","5321","19254","114","37","6","1","27.6","196","2424","0","0","0","0","12.6","2830","0","0","0","0","14.7"
"AL","2025-09-14T00:00:00.000","5264","19169","112","38","6","1","27.5","194","2377","0","0","0","0","12.4","2666","0","0","0","0","13.9"
"AL","2025-09-21T00:00:00.000","5039","19266","72","6","1","1","26.2","195","2828","0","0","0","0","14.7","2618","0","0","0","0","13.6"
"AL","2025-09-28T00:00:00.000","4921","19344","39","5","8","0","25.4","196","2979","0","0","0","0","15.4","2682","0","0","0","0","13.9"
"AL","2025-10-05T00:00:00.000","4749","19694","23","6","2","0","24.1","199","4391","0","0","0","0","22.3","2811","0","0","0","0","14.3"
"AL","2025-10-12T00:00:00.000","4786","19357","45","3","2","0","24.7","195","6354","1","0","0","0","32.8","2844","0","0","0","0","14.7"
"AL","2025-10-19T00:00:00.000","4763","19512","41","3","1","0","24.4","196","7169","0","0","0","0","36.7","2960","0","0","0","0","15.2"
"AL","2025-10-26T00:00:00.000","4876","19374","8","4","1","0","25.2","193","7898","0","0","0","0","40.8","2857","0","0","0","0","14.7"
"AL","2025-11-02T00:00:00.000","5022","19271","15","0","2","0","26.1","193","8540","0","0","0","0","44.3","2994","0","0","0","0","15.5"
"AL","2025-11-09T00:00:00.000","5009","19417","27","2","1","0","25.8","194","8781","0","0","0","0","45.2","2982","2","1","0","0","15.4"
"AL","2025-11-16T00:00:00.000","4915","19334","20","2","0","0","25.4","194","8878","1","1","0","0","45.9","3011","1","0","0","0","15.6"
"AL","2025-11-23T00:00:00.000","4944","19254","6","0","2","0","25.7","193","9066","2","0","0","0","47.1","3123","4","4","0","0","16.2"
"AL","2025-11-30T00:00:00.000","4836","18971","8","1","1","0","25.5","191","8798","3","0","0","0","46.4","3022","2","2","0","0","15.9"
"AL","2025-12-07T00:00:00.000","4930","19040","27","14","0","0","25.9","192","8895","3","3","1","1","46.7","3155","3","2","1","1","16.6"
"AL","2025-12-14T00:00:00.000","5088","19340","23","3","0","0","26.3","194","9227","12","9","2","2","47.7","3154","2","1","2","1","16.3"
"AL","2025-12-21T00:00:00.000","5160","19246","26","5","2","0","26.8","193","8951","32","12","4","1","46.5","3180","1","1","1","1","16.5"
"AL","2025-12-28T00:00:00.000","4537","18831","77","8","1","0","24.1","189","9014","44","25","1","1","47.9","2991","7","2","0","0","15.9"
"AL","2026-01-04T00:00:00.000","5361","18915","69","16","0","0","28.3","191","8984","16","8","5","2","47.5","3065","0","0","1","1","16.2"
"AL","2026-01-11T00:00:00.000","5136","18781","67","14","1","1","27.3","190","9004","36","16","6","1","47.9","3021","3","0","1","0","16.1"
"AL","2026-01-18T00:00:00.000","5014","18627","74","21","5","0","26.9","187","8926","25","12","3","1","47.9","2942","0","0","0","0","15.8"
"AL","2026-01-25T00:00:00.000","5067","18890","32","3","1","0","26.8","190","8998","2","2","2","2","47.6","3115","0","0","0","0","16.5"
"AL","2026-02-01T00:00:00.000","5050","18978","17","1","2","0","26.6","190","9039","16","9","4","2","47.6","3135","0","0","0","0","16.5"
"AL","2026-02-08T00:00:00.000","5135","18873","39","9","3","1","27.2","189","8896","22","9","7","4","47.1","3064","4","0","1","0","16.2"
"AL","2026-02-15T00:00:00.000","5043","18962","36","10","3","0","26.6","189","8885","84","41","11","10","46.9","3086","9","0","2","0","16.3"
"AL","2026-02-22T00:00:00.000","4951","18735","23","0","4","0","26.4","187","8689","41","19","3","1","46.4","3079","13","0","2","0","16.4"
"AL","2026-03-01T00:00:00.000","5030","18845","16","1","4","0","26.7","188","8864","29","17","1","1","47.0","3116","8","1","1","0","16.5"
"AL","2026-03-08T00:00:00.000","4904","18216","12","0","1","0","26.9","180","8534","10","5","4","2","46.8","2991","3","0","0","0","16.4"
"AL","2026-03-15T00:00:00.000","4736","17673","7","0","0","0","26.8","175","8127","3","0","2","1","46.0","2907","0","0","3","0","16.4"
"AL","2026-03-22T00:00:00.000","4354","16043","1","0","0","0","27.1","161","7362","2","1","0","0","45.9","2662","1","0","1","0","16.6"
"AL","2026-03-29T00:00:00.000","2581","9959","1","0","0","0","25.9","101","4109","1","0","0","0","41.3","1693","0","0","0","0","17.0"
"AR","2024-10-06T00:00:00.000","822","16321","25","0","1","0","5.0","212",,,,,,,,,,,,
"AR","2024-10-13T00:00:00.000","1005","16509","19","0","1","0","6.1","214",,,,,,,,,,,,
"AR","2024-10-20T00:00:00.000","1372","15895","38","0","4","0","8.6","208",,,,,,,,,,,,
"AR","2024-10-27T00:00:00.000","1784","15978","84","1","6","0","11.2","208",,,,,,,,,,,,
"AR","2024-11-03T00:00:00.000","2416","16255","68","2","3","0","14.9","212",,,,,,,,,,,,
"AR","2024-11-10T00:00:00.000","3095","16336","84","9","3","0","18.9","212",,,,,,,,,,,,
"AR","2024-11-17T00:00:00.000","3381","16357","34","6","4","1","20.7","212",,,,,,,,,,,,
"AR","2024-11-24T00:00:00.000","3648","16566","58","7","5","0","22.0","214",,,,,,,,,,,,
"AR","2024-12-01T00:00:00.000","3968","16329","51","19","4","1","24.3","212",,,,,,,,,,,,
"AR","2024-12-08T00:00:00.000","4088","16200","57","12","5","2","25.2","211",,,,,,,,,,,,
"AR","2024-12-15T00:00:00.000","4358","16114","146","28","5","0","27.0","211",,,,,,,,,,,,
"AR","2024-12-22T00:00:00.000","4772","16157","161","21","7","0","29.5","209",,,,,,,,,,,,
"AR","2024-12-29T00:00:00.000","4674","16059","157","16","6","1","29.1","210",,,,,,,,,,,,
"AR","2025-01-05T00:00:00.000","4901","16454","124","38","7","1","29.8","214",,,,,,,,,,,,
"AR","2025-01-12T00:00:00.000","5182","15392","102","24","7","0","33.7","203","11181","26","15","3","2","72.6","1113","5","0","3","0","7.2"
"AR","2025-01-19T00:00:00.000","5328","15565","98","16","7","1","34.2","204","11293","29","18","8","2","72.6","1172","4","0","3","0","7.5"
"AR","2025-01-26T00:00:00.000","5519","15858","144","33","5","1","34.8","206","11239","56","38","14","5","70.9","1324","5","0","4","0","8.3"
"AR","2025-02-02T00:00:00.000","5736","15867","119","34","13","3","36.2","206","11192","70","39","15","11","70.5","1389","4","0","6","0","8.8"
"AR","2025-02-09T00:00:00.000","5818","15845","72","19","7","2","36.7","205","10949","79","54","15","11","69.1","1425","6","0","3","0","9.0"
"AR","2025-02-16T00:00:00.000","5928","15902","57","16","8","2","37.3","206","10979","52","37","20","14","69.0","1470","6","0","3","0","9.2"
"AR","2025-02-23T00:00:00.000","6022","15999","57","23","7","2","37.6","207","11001","52","35","9","6","68.8","1572","2","0","1","0","9.8"
"AR","2025-03-02T00:00:00.000","6046","15810","42","15","9","4","38.2","205","10804","52","25","13","8","68.3","1554","2","0","1","0","9.8"
"AR","2025-03-09T00:00:00.000","6138","16001","41","13","3","0","38.4","207","11019","25","11","7","3","68.9","1530","9","0","4","1","9.6"
"AR","2025-03-16T00:00:00.000","6382","16266","36","13","7","0","39.2","208","11075","31","21","10","5","68.1","1743","4","0","1","0","10.7"
"AR","2025-03-23T00:00:00.000","6307","16092","43","11","4","1","39.2","206","11011","34","23","3","2","68.4","1783","4","0","1","0","11.1"
"AR","2025-03-30T00:00:00.000","6026","15851","29","20","3","2","38.0","205","10578","30","20","5","4","66.7","1812","3","0","1","1","11.4"
"AR","2025-04-06T00:00:00.000","6020","15897","39","11","1","0","37.9","206","10889","17","7","3","0","68.5","1861","2","0","0","0","11.7"
"AR","2025-04-13T00:00:00.000","6148","16019","56","5","4","0","38.4","207","10873","5","0","0","0","67.9","1881","5","0","2","0","11.7"
"AR","2025-04-20T00:00:00.000","5733","15755","50","6","4","0","36.4","205","10669","0","0","0","0","67.7","1859","4","0","3","0","11.8"
"AR","2025-04-27T00:00:00.000","5734","15817","21","0","2","0","36.3","206","10684","3","0","1","1","67.5","1970","1","0","0","0","12.5"
"AR","2025-05-04T00:00:00.000","5516","15691","33","6","1","0","35.2","204","10519","5","4","1","0","67.0","1927","1","0","1","0","12.3"
"AR","2025-05-11T00:00:00.000","5439","15915","3","0","0","0","34.2","207","10684","0","0","0","0","67.1","2047","0","0","0","0","12.9"
"AR","2025-05-18T00:00:00.000","5272","15758","3","2","0","0","33.5","205","10567","1","0","0","0","67.1","2051","0","0","0","0","13.0"
"AR","2025-05-25T00:00:00.000","5208","15832","4","0","0","0","32.9","205","10625","0","0","0","0","67.1","2036","0","0","0","0","12.9"
"AR","2025-06-01T00:00:00.000","4988","15808","2","0","0","0","31.6","205","10503","6","6","1","1","66.4","2063","0","0","0","0","13.1"
"AR","2025-06-08T00:00:00.000","4977","15761","2","0","0","0","31.6","205","10461","1","1","0","0","66.4","2081","0","0","0","0","13.2"
"AR","2025-06-15T00:00:00.000","4678","15846","6","0","0","0","29.5","206","10416","2","2","1","1","65.7","2120","0","0","0","0","13.4"
"AR","2025-06-22T00:00:00.000","4841","16083","1","0","0","0","30.1","209","10475","0","0","0","0","65.1","2184","0","0","0","0","13.6"
"AR","2025-06-29T00:00:00.000","4765","15893","3","1","0","0","30.0","206","10303","0","0","0","0","64.8","2082","0","0","0","0","13.1"
"AR","2025-07-06T00:00:00.000","4644","15137","7","3","0","0","30.7","199","0","0","0","0","0","0.0","2286","0","0","0","0","15.1"
"AR","2025-07-13T00:00:00.000","4878","16221","5","1","0","0","30.1","210","0","0","0","0","0","0.0","2249","0","0","0","0","13.9"
"AR","2025-07-20T00:00:00.000","4795","15938","12","0","1","0","30.1","206","0","0","0","0","0","0.0","2174","1","0","1","0","13.6"
"AR","2025-07-27T00:00:00.000","4636","15937","2","0","2","0","29.1","206","0","0","0","0","0","0.0","2215","0","0","0","0","13.9"
"AR","2025-08-03T00:00:00.000","4228","15515","3","0","0","0","27.3","203","1597","0","0","0","0","10.3","1874","0","0","0","0","12.1"
"AR","2025-08-10T00:00:00.000","4423","16171","4","4","0","0","27.4","208","1822","0","0","1","0","11.3","1963","0","0","0","0","12.1"
"AR","2025-08-17T00:00:00.000","4275","15944","16","7","1","0","26.8","205","1601","0","0","1","0","10.0","1928","0","0","0","0","12.1"
"AR","2025-08-24T00:00:00.000","4275","15425","31","2","4","1","27.7","202","1655","0","0","0","0","10.7","2021","0","0","0","0","13.1"
"AR","2025-08-31T00:00:00.000","4179","16053","7","1","0","0","26.0","206","1414","2","0","1","0","8.8","2016","0","0","0","0","12.6"
"AR","2025-09-07T00:00:00.000","4331","16060","34","9","2","0","27.0","207","1284","0","0","0","0","8.0","2071","0","0","0","0","12.9"
"AR","2025-09-14T00:00:00.000","4176","16284","58","9","3","0","25.6","209","1385","0","0","0","0","8.5","2035","0","0","0","0","12.5"
"AR","2025-09-21T00:00:00.000","4008","16159","43","4","3","0","24.8","208","1258","2","0","0","0","7.8","2001","0","0","0","0","12.4"
"AR","2025-09-28T00:00:00.000","3953","16192","39","2","2","0","24.4","209","1498","6","0","2","0","9.3","2024","0","0","0","0","12.5"
"AR","2025-10-05T00:00:00.000","3805","16107","44","3","1","0","23.6","208","1470","1","0","0","0","9.1","2020","1","0","1","0","12.5"
"AR","2025-10-12T00:00:00.000","3369","15678","50","8","3","0","21.5","202","2717","1","0","0","0","17.3","1995","0","0","0","0","12.7"
"AR","2025-10-19T00:00:00.000","3329","15751","11","2","0","0","21.1","203","4126","1","0","0","0","26.2","1986","1","1","1","1","12.6"
"AR","2025-10-26T00:00:00.000","3508","15879","16","4","1","1","22.1","204","5544","3","0","0","0","34.9","2035","1","0","1","0","12.8"
"AR","2025-11-02T00:00:00.000","3634","15821","11","1","1","0","23.0","204","6305","2","1","0","0","39.9","2063","0","0","1","0","13.0"
"AR","2025-11-09T00:00:00.000","3638","15840","13","0","2","0","23.0","204","7567","1","0","0","0","47.8","2113","0","0","0","0","13.3"
"AR","2025-11-16T00:00:00.000","3648","15805","38","5","1","0","23.1","203","7986","0","0","0","0","50.5","2077","0","0","0","0","13.1"
"AR","2025-11-23T00:00:00.000","4135","16003","40","15","0","0","25.8","205","8566","0","0","0","0","53.5","2060","0","0","0","0","12.9"
"AR","2025-11-30T00:00:00.000","4008","15513","21","6","3","0","25.8","200","8277","1","0","0","0","53.4","2054","0","0","0","0","13.2"
"AR","2025-12-07T00:00:00.000","4173","15811","17","0","1","0","26.4","204","8563","1","1","0","0","54.2","2102","0","0","0","0","13.3"
"AR","2025-12-14T00:00:00.000","4224","15592","17","3","3","0","27.1","201","8387","10","9","3","3","53.8","2026","0","0","0","0","13.0"
"AR","2025-12-21T00:00:00.000","4353","15723","50","16","0","0","27.7","202","10560","15","13","1","1","67.2","2103","0","0","0","0","13.4"
"AR","2025-12-28T00:00:00.000","4245","15604","87","21","3","0","27.2","200","10386","30","19","5","3","66.6","2028","0","0","0","0","13.0"
"AR","2026-01-04T00:00:00.000","4619","15537","109","28","4","3","29.7","201","10328","12","6","3","0","66.5","2081","2","0","2","0","13.4"
"AR","2026-01-11T00:00:00.000","4313","15423","93","8","1","1","28.0","200","10473","26","17","1","0","67.9","2028","3","0","2","0","13.1"
"AR","2026-01-18T00:00:00.000","4472","15566","33","5","2","0","28.7","200","10284","11","9","2","2","66.1","2120","0","0","1","0","13.6"
"AR","2026-01-25T00:00:00.000","4120","15725","32","0","0","0","26.2","201","10503","56","40","7","5","66.8","2140","1","0","0","0","13.6"
"AR","2026-02-01T00:00:00.000","4107","15593","57","4","0","0","26.3","199","10340","62","51","16","12","66.3","2108","0","0","1","0","13.5"
"AR","2026-02-08T00:00:00.000","4094","15645","37","6","3","0","26.2","199","10381","51","39","8","5","66.4","2135","2","1","1","0","13.6"
"AR","2026-02-15T00:00:00.000","4123","15545","62","23","2","2","26.5","198","10285","30","12","8","4","66.2","2187","2","0","1","0","14.1"
"AR","2026-02-22T00:00:00.000","3989","15443","54","9","1","0","25.8","196","10230","30","11","12","6","66.2","2078","1","0","0","0","13.5"
"AR","2026-03-01T00:00:00.000","4220","15658","52","6","2","0","27.0","198","10236","12","11","2","2","65.4","2196","5","0","3","0","14.0"
"AR","2026-03-08T00:00:00.000","4127","15641","69","11","1","1","26.4","198","10238","12","10","2","2","65.5","2172","0","0","0","0","13.9"
"AR","2026-03-15T00:00:00.000","4100","15272","68","3","2","0","26.8","193","9948","7","3","0","0","65.1","2078","3","2","0","0","13.6"
"AR","2026-03-22T00:00:00.000","4032","15208","50","9","1","0","26.5","191","9915","3","1","1","0","65.2","2086","10","4","5","1","13.7"
"AR","2026-03-29T00:00:00.000","2117","9322","9","0","0","0","22.7","114","5930","0","0","0","0","63.6","970","0","0","0","0","10.4"
"AZ","2024-10-06T00:00:00.000","1221","11385","46","3","5","0","10.7","130",,,,,,,,,,,,
"AZ","2024-10-13T00:00:00.000","1798","11339","38","4","7","0","15.9","130",,,,,,,,,,,,
"AZ","2024-10-20T00:00:00.000","1971","11225","37","5","5","1","17.6","130",,,,,,,,,,,,
"AZ","2024-10-27T00:00:00.000","2552","11604","28","4","6","0","22.0","132",,,,,,,,,,,,
"AZ","2024-11-03T00:00:00.000","2605","11359","68","4","8","0","22.9","130",,,,,,,,,,,,
"AZ","2024-11-10T00:00:00.000","2768","11184","81","4","2","2","24.7","129",,,,,,,,,,,,
"AZ","2024-11-17T00:00:00.000","2816","11128","71","14","4","0","25.3","129",,,,,,,,,,,,
"AZ","2024-11-24T00:00:00.000","2957","11310","47","20","3","0","26.1","129",,,,,,,,,,,,
"AZ","2024-12-01T00:00:00.000","2902","11119","32","5","4","0","26.1","127",,,,,,,,,,,,
"AZ","2024-12-08T00:00:00.000","3004","11286","67","10","6","0","26.6","128",,,,,,,,,,,,
"AZ","2024-12-15T00:00:00.000","3034","11266","34","2","1","0","26.9","128",,,,,,,,,,,,
"AZ","2024-12-22T00:00:00.000","3108","11435","30","3","5","0","27.2","129",,,,,,,,,,,,
"AZ","2024-12-29T00:00:00.000","3111","11362","38","2","0","0","27.4","130",,,,,,,,,,,,
"AZ","2025-01-05T00:00:00.000","3174","11520","34","7","1","0","27.6","130",,,,,,,,,,,,
"AZ","2025-01-12T00:00:00.000","3110","11420","22","6","2","0","27.2","127","3802","10","3","2","0","33.3","933","2","0","0","0","8.2"
"AZ","2025-01-19T00:00:00.000","3165","11694","25","0","1","0","27.1","128","4028","8","2","0","0","34.4","1002","1","0","0","0","8.6"
"AZ","2025-01-26T00:00:00.000","3208","11715","6","0","1","0","27.4","128","3780","11","3","5","2","32.3","1052","3","0","0","0","9.0"
"AZ","2025-02-02T00:00:00.000","3319","11771","7","1","1","0","28.2","128","4195","6","1","3","0","35.6","1133","1","0","0","0","9.6"
"AZ","2025-02-09T00:00:00.000","3328","11529","8","5","0","0","28.9","126","4209","5","2","1","0","36.5","1066","1","1","0","0","9.2"
"AZ","2025-02-16T00:00:00.000","3335","11600","6","2","1","0","28.8","127","4310","4","0","1","0","37.2","1039","2","0","0","0","9.0"
"AZ","2025-02-23T00:00:00.000","3342","11679","3","0","2","0","28.6","127","4232","5","0","2","0","36.2","1045","1","0","0","0","8.9"
"AZ","2025-03-02T00:00:00.000","3316","11555","9","1","1","0","28.7","126","4293","7","2","4","3","37.2","1062","1","0","0","0","9.2"
"AZ","2025-03-09T00:00:00.000","3312","11570","18","3","0","0","28.6","127","4215","0","0","0","0","36.4","1075","1","0","0","0","9.3"
"AZ","2025-03-16T00:00:00.000","3347","11656","42","17","4","1","28.7","128","4239","2","0","0","0","36.4","1065","1","0","0","0","9.1"
"AZ","2025-03-23T00:00:00.000","3289","11460","11","2","2","0","28.7","127","4321","1","1","1","1","37.7","1146","0","0","2","0","10.0"
"AZ","2025-03-30T00:00:00.000","3312","11604","27","3","3","0","28.5","128","4240","3","1","3","1","36.5","1146","4","2","3","2","9.9"
"AZ","2025-04-06T00:00:00.000","3133","11573","5","3","1","0","27.1","128","4281","2","2","3","2","37.0","1079","1","0","0","0","9.3"
"AZ","2025-04-13T00:00:00.000","3112","11594","7","0","0","0","26.8","128","4391","0","0","0","0","37.9","1115","1","0","0","0","9.6"
"AZ","2025-04-20T00:00:00.000","3075","11533","9","0","2","0","26.7","128","4332","3","2","0","0","37.6","1249","1","0","0","0","10.8"
"AZ","2025-04-27T00:00:00.000","3149","11587","1","1","0","0","27.2","128","4346","0","0","0","0","37.5","1211","0","0","0","0","10.5"
"AZ","2025-05-04T00:00:00.000","3112","11522","6","2","1","0","27.0","127","4177","0","0","0","0","36.3","1218","0","0","0","0","10.6"
"AZ","2025-05-11T00:00:00.000","3016","11359","8","0","1","0","26.6","126","4195","2","1","1","1","36.9","1211","0","0","0","0","10.7"
"AZ","2025-05-18T00:00:00.000","2978","11464","1","0","1","0","26.0","127","4244","0","0","0","0","37.0","1250","0","0","0","0","10.9"
"AZ","2025-05-25T00:00:00.000","3041","11396","37","0","2","0","26.7","126","4220","0","0","0","0","37.0","1242","0","0","0","0","10.9"
"AZ","2025-06-01T00:00:00.000","2994","11392","20","0","3","1","26.3","128","4223","0","0","0","0","37.1","1230","0","0","0","0","10.8"
"AZ","2025-06-08T00:00:00.000","2990","11224","5","0","1","0","26.6","126","4045","0","0","0","0","36.0","1212","0","0","0","0","10.8"
"AZ","2025-06-15T00:00:00.000","3018","11286","3","0","2","0","26.7","126","4124","1","0","0","0","36.5","1303","0","0","0","0","11.5"
"AZ","2025-06-22T00:00:00.000","3001","11227","1","1","0","0","26.7","126","4100","0","0","0","0","36.5","1237","0","0","0","0","11.0"
"AZ","2025-06-29T00:00:00.000","2982","11351","1","0","0","0","26.3","127","3445","0","0","0","0","30.3","1208","0","0","0","0","10.6"
"AZ","2025-07-06T00:00:00.000","3000","11516","9","2","0","0","26.1","129","0","0","0","0","0","0.0","1548","0","0","0","0","13.4"
"AZ","2025-07-13T00:00:00.000","2954","11387","42","3","1","0","25.9","127","0","0","0","0","0","0.0","1262","0","0","0","0","11.1"
"AZ","2025-07-20T00:00:00.000","2942","11683","17","0","2","0","25.2","130","0","0","0","0","0","0.0","1353","0","0","0","0","11.6"
"AZ","2025-07-27T00:00:00.000","2829","11725","3","1","1","0","24.1","130","0","0","0","0","0","0.0","1226","0","0","0","0","10.5"
"AZ","2025-08-03T00:00:00.000","2784","11355","6","0","0","0","24.5","126","954","0","0","0","0","8.4","1168","0","0","0","0","10.3"
"AZ","2025-08-10T00:00:00.000","2777","11557","2","0","2","0","24.0","128","844","0","0","0","0","7.3","1192","0","0","0","0","10.3"
"AZ","2025-08-17T00:00:00.000","2708","11624","7","0","0","0","23.3","130","955","0","0","0","0","8.2","1203","0","0","0","0","10.3"
"AZ","2025-08-24T00:00:00.000","2667","11563","6","0","0","0","23.1","128","912","0","0","0","0","7.9","1192","0","0","0","0","10.3"
"AZ","2025-08-31T00:00:00.000","2695","11593","10","1","1","0","23.2","127","869","0","0","0","0","7.5","1152","0","0","0","0","9.9"
"AZ","2025-09-07T00:00:00.000","2701","11670","8","1","0","0","23.1","128","933","0","0","0","0","8.0","1262","0","0","0","0","10.8"
"AZ","2025-09-14T00:00:00.000","2645","11524","7","0","0","0","23.0","127","1098","0","0","0","0","9.5","1200","0","0","0","0","10.4"
"AZ","2025-09-21T00:00:00.000","2674","11571","19","4","0","0","23.1","128","1133","0","0","0","0","9.8","1231","0","0","0","0","10.6"
"AZ","2025-09-28T00:00:00.000","2683","11549","1","0","0","0","23.2","125","1196","0","0","0","0","10.4","1335","0","0","0","0","11.6"
"AZ","2025-10-05T00:00:00.000","2538","11643","8","0","0","0","21.8","125","1738","0","0","0","0","14.9","1195","0","0","0","0","10.3"
"AZ","2025-10-12T00:00:00.000","2641","11472","14","0","0","0","23.0","127","1951","0","0","0","0","17.0","1270","0","0","0","0","11.1"
"AZ","2025-10-19T00:00:00.000","2504","11263","22","4","1","1","22.2","125","2301","0","0","0","0","20.4","1287","0","0","0","0","11.4"
"AZ","2025-10-26T00:00:00.000","2676","11591","17","7","0","0","23.1","125","2536","0","0","0","0","21.9","1383","0","0","0","0","11.9"
"AZ","2025-11-02T00:00:00.000","2717","11718","14","4","0","0","23.2","126","2764","0","0","0","0","23.6","1467","0","0","0","0","12.5"
"AZ","2025-11-09T00:00:00.000","2779","11751","10","2","1","0","23.6","126","2830","0","0","0","0","24.1","1434","0","0","0","0","12.2"
"AZ","2025-11-16T00:00:00.000","2630","11622","26","9","0","0","22.6","126","2873","0","0","0","0","24.7","1451","0","0","0","0","12.5"
"AZ","2025-11-23T00:00:00.000","2631","11544","30","3","0","0","22.8","123","2949","1","0","0","0","25.5","1473","0","0","0","0","12.8"
"AZ","2025-11-30T00:00:00.000","2639","11405","4","0","0","0","23.1","122","2995","0","0","0","0","26.3","1478","0","0","0","0","13.0"
"AZ","2025-12-07T00:00:00.000","2729","11491","4","0","0","0","23.7","123","2940","0","0","0","0","25.6","1475","0","0","0","0","12.8"
"AZ","2025-12-14T00:00:00.000","2709","11696","2","1","0","0","23.2","122","2896","1","0","1","0","24.8","1486","0","0","0","0","12.7"
"AZ","2025-12-21T00:00:00.000","2803","11761","7","0","1","0","23.8","123","2917","5","0","2","0","24.8","1494","0","0","0","0","12.7"
"AZ","2025-12-28T00:00:00.000","2720","11427","18","1","2","0","23.8","121","2962","3","1","1","0","25.9","1510","0","0","0","0","13.2"
"AZ","2026-01-04T00:00:00.000","2753","11567","9","0","3","0","23.8","122","2857","2","1","0","0","24.7","1476","0","0","0","0","12.8"
"AZ","2026-01-11T00:00:00.000","2709","11600","4","0","2","0","23.4","122","2934","2","0","0","0","25.3","1491","0","0","0","0","12.9"
"AZ","2026-01-18T00:00:00.000","2729","11763","14","2","2","0","23.2","122","2940","0","0","0","0","25.0","1492","0","0","0","0","12.7"
"AZ","2026-01-25T00:00:00.000","2666","11349","16","3","0","0","23.5","118","2906","1","0","0","0","25.6","1486","0","0","0","0","13.1"
"AZ","2026-02-01T00:00:00.000","2747","11856","1","0","2","0","23.2","122","3038","2","0","1","0","25.6","1504","0","0","0","0","12.7"
"AZ","2026-02-08T00:00:00.000","2595","11742","2","0","0","0","22.1","121","2921","0","0","2","0","24.9","1474","0","0","0","0","12.6"
"AZ","2026-02-15T00:00:00.000","2768","11842","1","0","1","0","23.4","122","2891","1","1","1","0","24.4","1455","0","0","0","0","12.3"
"AZ","2026-02-22T00:00:00.000","2721","11891","0","0","0","0","22.9","122","2918","13","5","2","0","24.5","1406","0","0","0","0","11.8"
"AZ","2026-03-01T00:00:00.000","2740","11907","1","0","0","0","23.0","122","2932","10","0","4","1","24.6","1602","0","0","0","0","13.5"
"AZ","2026-03-08T00:00:00.000","2708","11549","2","0","0","0","23.4","119","2959","1","1","0","0","25.6","1475","1","0","0","0","12.8"
"AZ","2026-03-15T00:00:00.000","2753","11660","4","0","1","0","23.6","120","2795","16","10","5","4","24.0","1456","0","0","0","0","12.5"
"AZ","2026-03-22T00:00:00.000","2154","8933","2","0","0","0","24.1","96","2742","0","0","0","0","30.7","1198","1","0","0","0","13.4"
"AZ","2026-03-29T00:00:00.000","1061","4843","0","0","0","0","21.9","53","1827","0","0","0","0","37.7","637","0","0","0","0","13.2"
"CA","2024-10-06T00:00:00.000","22978","100634","396","50","22","2","22.8","1152",,,,,,,,,,,,
"CA","2024-10-13T00:00:00.000","27563","100388","329","19","25","0","27.5","1151",,,,,,,,,,,,
"CA","2024-10-20T00:00:00.000","31731","100389","212","30","15","2","31.6","1147",,,,,,,,,,,,
"CA","2024-10-27T00:00:00.000","35776","100171","166","21","13","0","35.7","1146",,,,,,,,,,,,
"CA","2024-11-03T00:00:00.000","38483","99160","185","14","17","3","38.8","1140",,,,,,,,,,,,
"CA","2024-11-10T00:00:00.000","40530","99319","289","62","11","2","40.8","1138",,,,,,,,,,,,
"CA","2024-11-17T00:00:00.000","42259","99068","378","135","14","2","42.7","1133",,,,,,,,,,,,
"CA","2024-11-24T00:00:00.000","43493","98993","415","102","23","2","43.9","1133",,,,,,,,,,,,
"CA","2024-12-01T00:00:00.000","44318","98814","430","133","21","5","44.8","1133",,,,,,,,,,,,
"CA","2024-12-08T00:00:00.000","45337","98904","284","62","19","2","45.8","1131",,,,,,,,,,,,
"CA","2024-12-15T00:00:00.000","46060","98983","252","80","30","2","46.5","1131",,,,,,,,,,,,
"CA","2024-12-22T00:00:00.000","46724","99029","273","92","22","3","47.2","1131",,,,,,,,,,,,
"CA","2024-12-29T00:00:00.000","46840","97838","311","74","25","6","47.9","1123",,,,,,,,,,,,
"CA","2025-01-05T00:00:00.000","47265","98518","298","66","27","8","48.0","1130",,,,,,,,,,,,
"CA","2025-01-12T00:00:00.000","46931","98947","295","69","22","6","47.4","1120","60100","166","66","40","19","60.7","18292","49","5","9","2","18.5"
"CA","2025-01-19T00:00:00.000","47671","99446","364","62","19","7","47.9","1120","61428","342","145","80","35","61.8","18852","73","3","15","0","19.0"
"CA","2025-01-26T00:00:00.000","47965","99397","570","170","28","5","48.3","1120","54189","503","239","133","55","54.5","17545","95","9","19","2","17.7"
"CA","2025-02-02T00:00:00.000","48109","99429","443","117","31","1","48.4","1123","62230","461","200","72","37","62.6","19511","90","20","14","1","19.6"
"CA","2025-02-09T00:00:00.000","48542","99307","398","106","23","4","48.9","1121","62896","311","141","69","28","63.3","19984","56","8","17","2","20.1"
"CA","2025-02-16T00:00:00.000","48691","98902","270","67","17","6","49.2","1118","62689","168","90","36","16","63.4","20342","49","5","12","2","20.6"
"CA","2025-02-23T00:00:00.000","49213","99353","142","49","13","5","49.5","1121","63640","171","78","35","13","64.1","20843","46","2","9","2","21.0"
"CA","2025-03-02T00:00:00.000","49389","99275","178","53","12","3","49.7","1118","63545","147","58","39","17","64.0","21302","59","4","13","1","21.5"
"CA","2025-03-09T00:00:00.000","49213","98981","201","80","18","5","49.7","1116","63463","102","32","25","8","64.1","21703","36","4","9","2","21.9"
"CA","2025-03-16T00:00:00.000","48864","98581","223","95","17","5","49.6","1113","63291","52","21","15","5","64.2","21423","18","1","3","0","21.7"
"CA","2025-03-23T00:00:00.000","48515","97925","173","68","17","5","49.5","1108","63371","48","24","11","7","64.7","21825","16","1","6","1","22.3"
"CA","2025-03-30T00:00:00.000","48230","98248","148","59","21","5","49.1","1109","63536","21","9","10","5","64.7","21876","21","0","4","0","22.3"
"CA","2025-04-06T00:00:00.000","47164","97700","210","90","13","4","48.3","1107","63023","18","9","7","2","64.5","22065","12","0","4","0","22.6"
"CA","2025-04-13T00:00:00.000","46675","97815","245","85","12","4","47.7","1109","63103","26","13","6","5","64.5","22382","7","0","1","0","22.9"
"CA","2025-04-20T00:00:00.000","45763","97569","109","57","8","0","46.9","1106","62861","17","8","2","2","64.4","22323","12","1","2","0","22.9"
"CA","2025-04-27T00:00:00.000","45104","97851","144","40","8","2","46.1","1096","62427","8","2","6","4","63.8","22373","4","0","0","0","22.9"
"CA","2025-05-04T00:00:00.000","45096","97162","196","89","10","4","46.4","1100","62841","8","5","3","0","64.7","22557","18","0","1","0","23.2"
"CA","2025-05-11T00:00:00.000","44988","97090","225","40","6","2","46.3","1102","62482","27","12","5","1","64.4","22867","8","0","15","0","23.6"
"CA","2025-05-18T00:00:00.000","45105","96891","154","49","5","3","46.6","1098","62363","8","2","5","2","64.4","22915","13","1","1","0","23.7"
"CA","2025-05-25T00:00:00.000","44758","96804","236","73","18","5","46.2","1096","62225","6","6","4","4","64.3","23147","4","0","0","0","23.9"
"CA","2025-06-01T00:00:00.000","44677","96738","241","79","12","1","46.2","1095","61933","4","1","1","0","64.0","23327","1","0","0","0","24.1"
"CA","2025-06-08T00:00:00.000","44425","96903","166","56","15","6","45.8","1096","61198","7","3","1","1","63.2","23328","1","1","0","0","24.1"
"CA","2025-06-15T00:00:00.000","44085","96353","166","41","9","3","45.8","1091","60806","7","3","3","1","63.1","23157","3","0","0","0","24.0"
"CA","2025-06-22T00:00:00.000","43655","96008","177","48","8","1","45.5","1086","60488","7","1","2","1","63.0","23226","0","0","0","0","24.2"
"CA","2025-06-29T00:00:00.000","43416","95914","225","73","15","2","45.3","1082","59606","11","1","1","0","62.1","23681","0","0","0","0","24.7"
"CA","2025-07-06T00:00:00.000","44202","96460","230","53","57","5","45.8","1094","0","3","0","0","0","0.0","24199","2","0","0","0","25.1"
"CA","2025-07-13T00:00:00.000","43759","96460","257","67","13","0","45.4","1093","0","6","0","2","0","0.0","24074","0","0","0","0","25.0"
"CA","2025-07-20T00:00:00.000","43482","96554","299","93","18","3","45.0","1090","0","2","0","0","0","0.0","23922","0","0","0","0","24.8"
"CA","2025-07-27T00:00:00.000","43690","96923","238","59","10","2","45.1","1093","0","2","0","1","0","0.0","24141","0","0","1","0","24.9"
"CA","2025-08-03T00:00:00.000","43377","96901","335","88","23","6","44.8","1092","17958","19","11","2","0","18.5","23995","18","2","0","0","24.8"
"CA","2025-08-10T00:00:00.000","42923","97044","416","68","26","5","44.2","1095","17164","4","1","2","1","17.7","24034","1","0","1","0","24.8"
"CA","2025-08-17T00:00:00.000","42642","96554","526","120","31","7","44.2","1093","17166","11","0","1","0","17.8","24064","5","0","0","0","24.9"
"CA","2025-08-24T00:00:00.000","41850","96140","679","157","30","5","43.5","1085","16661","7","2","3","1","17.3","23877","1","0","75","0","24.8"
"CA","2025-08-31T00:00:00.000","40675","95631","696","96","44","8","42.5","1077","16392","16","0","1","0","17.1","23726","2","0","2","0","24.8"
"CA","2025-09-07T00:00:00.000","40086","96583","621","127","56","9","41.5","1093","16607","8","0","1","0","17.2","24062","38","0","0","0","24.9"
"CA","2025-09-14T00:00:00.000","39171","96728","704","134","25","5","40.5","1090","18936","5","0","1","0","19.6","24147","5","0","0","0","25.0"
"CA","2025-09-21T00:00:00.000","38437","96122","565","119","22","3","40.0","1083","22256","5","0","2","1","23.2","23812","1","0","32","0","24.8"
"CA","2025-09-28T00:00:00.000","38038","96163","449","64","33","3","39.6","1079","27606","6","0","3","0","28.7","24046","0","0","0","0","25.0"
"CA","2025-10-05T00:00:00.000","37567","96555","279","38","14","0","38.9","1084","33910","6","0","1","0","35.1","24395","0","0","0","0","25.3"
"CA","2025-10-12T00:00:00.000","37313","95741","282","36","15","1","39.0","1078","39275","4","0","1","0","41.0","24514","0","0","0","0","25.6"
"CA","2025-10-19T00:00:00.000","38201","95156","260","46","15","3","40.1","1070","43584","3","1","0","0","45.8","24725","0","0","0","0","26.0"
"CA","2025-10-26T00:00:00.000","38835","95497","201","31","18","1","40.7","1070","47504","2","1","2","1","49.7","25062","0","0","0","0","26.2"
"CA","2025-11-02T00:00:00.000","39685","95209","161","24","13","1","41.7","1065","49637","2","1","0","0","52.1","25161","0","0","0","0","26.4"
"CA","2025-11-09T00:00:00.000","40199","95576","113","12","7","1","42.1","1069","51294","21","1","0","0","53.7","25339","1","0","0","0","26.5"
"CA","2025-11-16T00:00:00.000","41243","94938","106","11","4","1","43.4","1064","52426","1","0","1","0","55.2","25729","1","0","0","0","27.1"
"CA","2025-11-23T00:00:00.000","41894","95356","78","9","8","4","43.9","1066","53374","3","2","1","1","56.0","25921","2","1","2","1","27.2"
"CA","2025-11-30T00:00:00.000","41910","94082","65","21","4","2","44.5","1053","53060","6","3","3","2","56.4","25907","0","0","0","0","27.5"
"CA","2025-12-07T00:00:00.000","42377","94440","65","18","4","1","44.9","1061","54391","9","3","6","2","57.6","26305","0","0","0","0","27.9"
"CA","2025-12-14T00:00:00.000","42986","95068","104","31","5","2","45.2","1061","54797","10","7","10","6","57.6","26323","3","1","0","0","27.7"
"CA","2025-12-21T00:00:00.000","43518","95058","112","31","10","1","45.8","1061","55511","13","4","18","4","58.4","26502","3","0","1","1","27.9"
"CA","2025-12-28T00:00:00.000","43406","94378","92","25","14","3","46.0","1057","54862","43","17","29","2","58.1","26490","1","0","1","0","28.1"
"CA","2026-01-04T00:00:00.000","43341","94815","41","9","3","0","45.7","1058","55550","37","18","16","7","58.6","26655","9","0","2","0","28.1"
"CA","2026-01-11T00:00:00.000","43101","94690","50","5","2","0","45.5","1052","55890","71","36","24","11","59.0","26493","25","5","5","0","28.0"
"CA","2026-01-18T00:00:00.000","43363","94731","63","16","5","2","45.8","1050","55642","102","48","18","11","58.7","26678","26","5","8","2","28.2"
"CA","2026-01-25T00:00:00.000","43726","96033","94","25","10","3","45.5","1048","55534","132","52","47","14","57.8","26741","22","4","5","0","27.8"
"CA","2026-02-01T00:00:00.000","43971","94722","108","30","10","1","46.4","1047","55779","163","83","48","27","58.9","26775","34","3","11","1","28.3"
"CA","2026-02-08T00:00:00.000","43721","94129","111","27","7","3","46.4","1042","55553","240","91","77","23","59.0","26863","44","3","18","2","28.5"
"CA","2026-02-15T00:00:00.000","43450","93097","107","23","7","2","46.7","1031","54991","155","62","43","15","59.1","26903","20","5","8","1","28.9"
"CA","2026-02-22T00:00:00.000","43561","92383","34","5","5","1","47.2","1022","55502","112","47","28","10","60.1","27135","23","4","9","1","29.4"
"CA","2026-03-01T00:00:00.000","43668","92719","38","11","4","1","47.1","1024","55690","79","46","32","17","60.1","27329","21","6","6","3","29.5"
"CA","2026-03-08T00:00:00.000","43192","91916","18","5","4","2","47.0","1013","55342","57","23","9","6","60.2","26947","22","5","4","1","29.3"
"CA","2026-03-15T00:00:00.000","42180","89794","31","0","4","1","47.0","993","54315","37","17","8","6","60.5","26722","29","6","4","0","29.8"
"CA","2026-03-22T00:00:00.000","38043","79968","37","22","1","1","47.6","887","49784","35","3","12","9","62.3","24532","30","7","8","1","30.7"
"CA","2026-03-29T00:00:00.000","22856","47973","16","9","0","0","47.6","516","30344","10","3","3","1","63.3","14612","8","1","4","0","30.5"
"CO","2024-10-06T00:00:00.000","2689","14999","101","10","4","0","17.9","205",,,,,,,,,,,,
"CO","2024-10-13T00:00:00.000","2544","14907","124","19","9","0","17.1","204",,,,,,,,,,,,
"CO","2024-10-20T00:00:00.000","3034","14957","106","8","7","0","20.3","204",,,,,,,,,,,,
"CO","2024-10-27T00:00:00.000","3725","15047","101","7","10","2","24.8","205",,,,,,,,,,,,
"CO","2024-11-03T00:00:00.000","4347","15045","112","20","7","1","28.9","203",,,,,,,,,,,,
"CO","2024-11-10T00:00:00.000","4906","14954","95","13","9","1","32.8","203",,,,,,,,,,,,
"CO","2024-11-17T00:00:00.000","5604","15085","184","37","5","0","37.1","205",,,,,,,,,,,,
"CO","2024-11-24T00:00:00.000","6035","14987","104","24","3","0","40.3","204",,,,,,,,,,,,
"CO","2024-12-01T00:00:00.000","6280","14920","114","26","2","0","42.1","204",,,,,,,,,,,,
"CO","2024-12-08T00:00:00.000","6550","14985","128","35","3","0","43.7","205",,,,,,,,,,,,
"CO","2024-12-15T00:00:00.000","6730","14906","167","30","6","1","45.1","204",,,,,,,,,,,,
"CO","2024-12-22T00:00:00.000","6740","14874","73","25","6","3","45.3","203",,,,,,,,,,,,
"CO","2024-12-29T00:00:00.000","6782","14884","46","4","6","0","45.6","205",,,,,,,,,,,,
"CO","2025-01-05T00:00:00.000","6756","14792","74","13","3","0","45.7","203",,,,,,,,,,,,
"CO","2025-01-12T00:00:00.000","7033","15003","101","38","5","1","46.9","204","9580","16","9","5","0","63.9","4077","1","1","0","0","27.2"
"CO","2025-01-19T00:00:00.000","7029","15027","78","11","10","2","46.8","203","9860","34","11","8","3","65.6","4181","2","0","2","0","27.8"
"CO","2025-01-26T00:00:00.000","7178","14998","62","13","12","3","47.9","201","8930","26","12","9","2","59.5","3716","3","0","2","0","24.8"
"CO","2025-02-02T00:00:00.000","7219","15108","31","9","7","2","47.8","203","9985","22","9","7","0","66.1","4227","4","0","3","0","28.0"
"CO","2025-02-09T00:00:00.000","7402","15247","31","10","2","2","48.5","205","10049","75","36","12","9","65.9","4292","5","1","1","0","28.1"
"CO","2025-02-16T00:00:00.000","7388","15127","24","6","0","0","48.8","203","9936","68","24","7","5","65.7","4302","7","0","4","0","28.4"
"CO","2025-02-23T00:00:00.000","7447","15250","43","4","2","0","48.8","204","10068","29","9","10","4","66.0","4287","8","2","1","0","28.1"
"CO","2025-03-02T00:00:00.000","7480","15241","51","5","2","2","49.1","204","10061","34","7","86","2","66.0","4395","12","2","1","0","28.8"
"CO","2025-03-09T00:00:00.000","7369","15160","8","4","0","0","48.6","204","9983","28","4","2","0","65.9","4442","11","0","4","0","29.3"
"CO","2025-03-16T00:00:00.000","7564","15388","10","2","3","1","49.2","204","10163","30","9","4","1","66.0","4483","18","0","4","0","29.1"
"CO","2025-03-23T00:00:00.000","7419","15353","6","1","1","1","48.3","204","10060","14","3","2","1","65.5","4422","9","2","2","0","28.8"
"CO","2025-03-30T00:00:00.000","7116","15140","22","11","1","0","47.0","203","10114","14","8","5","2","66.8","4393","4","0","3","0","29.0"
"CO","2025-04-06T00:00:00.000","6870","15157","21","16","1","0","45.3","204","9970","31","20","4","3","65.8","4388","7","0","6","0","29.0"
"CO","2025-04-13T00:00:00.000","6794","15225","11","5","0","0","44.6","204","10004","16","4","2","2","65.7","4455","7","3","2","0","29.3"
"CO","2025-04-20T00:00:00.000","6625","15158","4","0","0","0","43.7","203","9928","22","8","2","1","65.5","4399","5","0","2","0","29.0"
"CO","2025-04-27T00:00:00.000","6401","15171","9","3","1","0","42.2","204","9945","29","15","2","1","65.6","4505","3","0","1","0","29.7"
"CO","2025-05-04T00:00:00.000","6619","15382","19","6","1","1","43.0","205","10082","10","1","2","1","65.5","4544","9","0","0","0","29.5"
"CO","2025-05-11T00:00:00.000","6400","15245","15","11","2","0","42.0","206","10129","10","1","0","0","66.4","4484","5","3","0","0","29.4"
"CO","2025-05-18T00:00:00.000","6433","15416","23","6","1","0","41.7","206","10092","9","0","0","0","65.5","4505","4","2","0","0","29.2"
"CO","2025-05-25T00:00:00.000","6038","15035","8","4","1","1","40.2","202","9912","9","0","0","0","65.9","4354","1","0","0","0","29.0"
"CO","2025-06-01T00:00:00.000","6163","15005","7","2","2","1","41.1","201","9980","10","0","1","0","66.5","4455","1","0","0","0","29.7"
"CO","2025-06-08T00:00:00.000","6232","15015","66","0","0","0","41.5","202","10001","43","0","0","0","66.6","4450","36","0","0","0","29.6"
"CO","2025-06-15T00:00:00.000","6244","15018","1","0","0","0","41.6","201","9946","9","1","0","0","66.2","4403","1","0","9","0","29.3"
"CO","2025-06-22T00:00:00.000","6205","15026","2","1","0","0","41.3","200","9895","9","1","1","1","65.9","4337","1","0","0","0","28.9"
"CO","2025-06-29T00:00:00.000","6107","14908","1","0","0","0","41.0","199","9057","9","1","1","1","60.8","4325","1","0","0","0","29.0"
"CO","2025-07-06T00:00:00.000","6158","15130","17","0","0","0","40.7","201","0","8","0","0","0","0.0","4503","1","0","0","0","29.8"
"CO","2025-07-13T00:00:00.000","6055","15091","7","0","0","0","40.1","201","0","8","0","0","0","0.0","4469","1","0","0","0","29.6"
"CO","2025-07-20T00:00:00.000","6069","15184","34","19","2","0","40.0","201","0","11","0","0","0","0.0","4456","0","0","0","0","29.3"
"CO","2025-07-27T00:00:00.000","6069","15416","34","21","2","0","39.4","202","0","11","0","0","0","0.0","4366","0","0","0","0","28.3"
"CO","2025-08-03T00:00:00.000","6010","15262","24","13","0","0","39.4","201","2556","0","0","0","0","16.7","4381","0","0","0","0","28.7"
"CO","2025-08-10T00:00:00.000","6018","15201","27","15","0","0","39.6","202","2739","0","0","0","0","18.0","4338","0","0","0","0","28.5"
"CO","2025-08-17T00:00:00.000","5979","15314","39","17","2","0","39.0","203","2628","0","0","0","0","17.2","4365","0","0","0","0","28.5"
"CO","2025-08-24T00:00:00.000","6042","15332","55","19","2","0","39.4","202","2587","0","0","0","0","16.9","4355","0","0","0","0","28.4"
"CO","2025-08-31T00:00:00.000","5573","14864","44","18","2","0","37.5","196","2571","0","0","0","0","17.3","4120","0","0","0","0","27.7"
"CO","2025-09-07T00:00:00.000","5724","15184","45","16","1","0","37.7","200","2486","0","0","0","0","16.4","4139","0","0","0","0","27.3"
"CO","2025-09-14T00:00:00.000","5679","15054","68","20","2","0","37.7","198","2440","1","0","0","0","16.2","4009","0","0","0","0","26.6"
"CO","2025-09-21T00:00:00.000","5345","14649","62","18","4","0","36.5","195","2495","0","0","0","0","17.0","4055","0","0","0","0","27.7"
"CO","2025-09-28T00:00:00.000","5379","14928","82","16","3","0","36.0","197","2469","0","0","0","0","16.5","4179","0","0","0","0","28.0"
"CO","2025-10-05T00:00:00.000","5114","15052","55","18","1","0","34.0","196","2800","1","0","0","0","18.6","4201","0","0","0","0","27.9"
"CO","2025-10-12T00:00:00.000","5074","14722","63","4","0","0","34.5","193","3263","0","0","0","0","22.2","4147","0","0","0","0","28.2"
"CO","2025-10-19T00:00:00.000","5077","14814","100","14","9","0","34.3","194","3908","0","0","0","0","26.4","4164","0","0","0","0","28.1"
"CO","2025-10-26T00:00:00.000","5285","14959","57","18","2","1","35.3","194","4345","1","0","0","0","29.0","4196","0","0","0","0","28.1"
"CO","2025-11-02T00:00:00.000","5314","14874","45","14","1","0","35.7","192","5096","1","0","0","0","34.3","4194","0","0","0","0","28.2"
"CO","2025-11-09T00:00:00.000","5654","14917","50","20","2","0","37.9","194","5550","0","0","0","0","37.2","4326","0","0","0","0","29.0"
"CO","2025-11-16T00:00:00.000","5885","14893","75","24","2","0","39.5","193","6226","0","0","0","0","41.8","4370","0","0","0","0","29.3"
"CO","2025-11-23T00:00:00.000","5936","14640","57","21","2","0","40.5","190","6817","7","4","1","1","46.6","4421","0","0","0","0","30.2"
"CO","2025-11-30T00:00:00.000","5794","14319","39","16","3","0","40.5","188","6742","1","0","0","0","47.1","4431","0","0","0","0","30.9"
"CO","2025-12-07T00:00:00.000","6013","14583","83","30","3","1","41.2","190","6941","22","15","3","1","47.6","4536","0","0","0","0","31.1"
"CO","2025-12-14T00:00:00.000","6099","14782","55","21","7","0","41.3","192","7196","6","2","5","2","48.7","4569","0","0","0","0","30.9"
"CO","2025-12-21T00:00:00.000","6018","14837","85","16","2","0","40.6","192","7410","29","20","3","3","49.9","4654","0","0","0","0","31.4"
"CO","2025-12-28T00:00:00.000","6158","14844","83","29","5","0","41.5","192","7550","49","11","12","6","50.9","4562","21","0","0","0","30.7"
"CO","2026-01-04T00:00:00.000","6051","14608","89","24","2","0","41.4","190","7374","23","12","3","0","50.5","4308","5","0","0","0","29.5"
"CO","2026-01-11T00:00:00.000","6176","14810","84","20","1","0","41.7","190","7531","62","11","7","0","50.9","4392","6","0","1","0","29.7"
"CO","2026-01-18T00:00:00.000","6262","15000","123","25","1","0","41.7","190","7594","30","5","2","0","50.6","4405","1","0","0","0","29.4"
"CO","2026-01-25T00:00:00.000","6295","14757","71","27","2","2","42.7","189","7461","29","14","1","0","50.6","4392","0","0","0","0","29.8"
"CO","2026-02-01T00:00:00.000","6449","14830","85","16","3","1","43.5","189","7501","6","3","5","0","50.6","4390","0","0","0","0","29.6"
"CO","2026-02-08T00:00:00.000","6471","14689","54","16","1","0","44.1","188","7590","3","1","0","0","51.7","4429","0","0","0","0","30.2"
"CO","2026-02-15T00:00:00.000","6379","14586","42","7","2","0","43.7","187","7725","8","5","0","0","53.0","4524","7","0","2","0","31.0"
"CO","2026-02-22T00:00:00.000","6535","14773","38","8","1","0","44.2","186","7580","0","0","0","0","51.3","4583","14","0","4","0","31.0"
"CO","2026-03-01T00:00:00.000","6343","14432","51","12","7","4","44.0","186","7444","2","1","0","0","51.6","4493","3","0","1","0","31.1"
"CO","2026-03-08T00:00:00.000","6250","14307","38","13","3","0","43.7","186","7665","5","1","4","2","53.6","4559","13","0","5","0","31.9"
"CO","2026-03-15T00:00:00.000","6284","14023","47","17","3","1","44.8","181","7421","3","2","0","0","52.9","4402","2","0","0","0","31.4"
"CO","2026-03-22T00:00:00.000","5181","11278","6","2","0","0","45.9","149","6476","2","2","0","0","57.4","3684","3","0","0","0","32.7"
"CO","2026-03-29T00:00:00.000","3033","6640","5","1","0","0","45.7","86","4376","0","0","0","0","65.9","2302","0","0","0","0","34.7"
"CT","2024-10-06T00:00:00.000","1659","18730","96","5","13","2","8.9","185",,,,,,,,,,,,
"CT","2024-10-13T00:00:00.000","2019","18730","88","4","7","0","10.8","184",,,,,,,,,,,,
"CT","2024-10-20T00:00:00.000","3084","18775","159","4","10","0","16.4","184",,,,,,,,,,,,
"CT","2024-10-27T00:00:00.000","4246","18802","147","14","8","1","22.6","184",,,,,,,,,,,,
"CT","2024-11-03T00:00:00.000","4856","18713","136","18","9","0","25.9","183",,,,,,,,,,,,
"CT","2024-11-10T00:00:00.000","5695","18721","58","15","2","0","30.4","184",,,,,,,,,,,,
"CT","2024-11-17T00:00:00.000","6394","18672","76","4","9","0","34.2","183",,,,,,,,,,,,
"CT","2024-11-24T00:00:00.000","6900","18658","65","10","6","1","37.0","183",,,,,,,,,,,,
"CT","2024-12-01T00:00:00.000","7034","18493","105","17","10","2","38.0","182",,,,,,,,,,,,
"CT","2024-12-08T00:00:00.000","7309","18336","137","29","5","0","39.9","180",,,,,,,,,,,,
"CT","2024-12-15T00:00:00.000","7588","18289","145","17","9","2","41.5","178",,,,,,,,,,,,
"CT","2024-12-22T00:00:00.000","8040","18202","201","61","9","2","44.2","178",,,,,,,,,,,,
"CT","2024-12-29T00:00:00.000","8359","18221","242","75","8","0","45.9","179",,,,,,,,,,,,
"CT","2025-01-05T00:00:00.000","8336","18121","270","74","20","6","46.0","179",,,,,,,,,,,,
"CT","2025-01-12T00:00:00.000","8373","18014","209","33","17","2","46.5","175","12541","76","34","16","5","69.6","3252","24","0","6","1","18.1"
"CT","2025-01-19T00:00:00.000","8610","18075","200","44","13","1","47.6","176","12527","62","37","14","8","69.3","3397","10","1","4","0","18.8"
"CT","2025-01-26T00:00:00.000","8655","18243","122","38","9","1","47.4","175","12598","75","57","20","11","69.1","3499","13","1","4","0","19.2"
"CT","2025-02-02T00:00:00.000","8751","18110","93","25","6","1","48.3","176","12904","78","54","23","13","71.3","3561","16","0","6","1","19.7"
"CT","2025-02-09T00:00:00.000","8973","18165","94","33","12","2","49.4","176","12792","90","44","22","13","70.4","3737","19","3","5","1","20.6"
"CT","2025-02-16T00:00:00.000","8973","18111","96","37","5","2","49.5","177","12877","168","97","23","16","71.1","3881","50","1","7","0","21.4"
"CT","2025-02-23T00:00:00.000","8834","17973","64","26","4","1","49.2","174","12869","89","57","13","5","71.6","3858","9","0","3","0","21.5"
"CT","2025-03-02T00:00:00.000","8918","17889","34","13","4","0","49.9","174","12682","38","24","12","8","70.9","3923","9","0","2","0","21.9"
"CT","2025-03-09T00:00:00.000","9109","18050","33","16","1","1","50.5","175","12832","30","20","6","5","71.1","3969","20","2","3","0","22.0"
"CT","2025-03-16T00:00:00.000","9128","18059","29","18","3","1","50.5","175","12862","41","31","6","4","71.2","3996","12","0","3","0","22.1"
"CT","2025-03-23T00:00:00.000","9210","17988","25","4","2","0","51.2","174","12860","19","14","7","5","71.5","4035","11","2","2","0","22.4"
"CT","2025-03-30T00:00:00.000","9226","17990","33","12","3","1","51.3","175","12862","3","2","0","0","71.5","4035","10","0","1","0","22.4"
"CT","2025-04-06T00:00:00.000","9055","17935","23","5","7","0","50.5","174","12789","5","4","0","0","71.3","3971","6","0","2","0","22.1"
"CT","2025-04-13T00:00:00.000","8741","17794","19","2","5","0","49.1","174","12751","0","0","0","0","71.7","3953","1","0","0","0","22.2"
"CT","2025-04-20T00:00:00.000","8218","17506","61","21","5","1","46.9","170","12447","0","0","0","0","71.1","3912","1","0","0","0","22.3"
"CT","2025-04-27T00:00:00.000","7887","17618","31","12","9","1","44.8","171","12473","0","0","0","0","70.8","3924","2","0","0","0","22.3"
"CT","2025-05-04T00:00:00.000","7623","17619","17","3","7","0","43.3","173","12477","1","0","1","0","70.8","4081","4","0","0","0","23.2"
"CT","2025-05-11T00:00:00.000","7580","17807","13","1","4","0","42.6","174","12418","1","1","1","0","69.7","4007","3","0","1","1","22.5"
"CT","2025-05-18T00:00:00.000","7634","17630","37","2","2","0","43.3","172","12373","0","0","0","0","70.2","3911","3","0","0","0","22.2"
"CT","2025-05-25T00:00:00.000","7676","17697","10","1","0","0","43.4","172","12326","0","0","0","0","69.7","3894","5","1","1","0","22.0"
"CT","2025-06-01T00:00:00.000","7632","17338","15","5","5","0","44.0","170","11897","0","0","0","0","68.6","3839","3","1","0","0","22.1"
"CT","2025-06-08T00:00:00.000","7577","17455","9","1","2","0","43.4","171","11994","0","0","0","0","68.7","3901","0","0","0","0","22.3"
"CT","2025-06-15T00:00:00.000","7654","17521","7","2","1","0","43.7","171","12016","0","0","0","0","68.6","3897","0","0","0","0","22.2"
"CT","2025-06-22T00:00:00.000","7464","17285","4","1","1","0","43.2","169","11839","0","0","0","0","68.5","3917","0","0","0","0","22.7"
"CT","2025-06-29T00:00:00.000","7230","17310","4","0","1","0","41.8","169","11706","0","0","0","0","67.6","3910","0","0","0","0","22.6"
"CT","2025-07-06T00:00:00.000","7206","17409","4","3","0","0","41.4","169","0","0","0","0","0","0.0","4257","0","0","0","0","24.5"
"CT","2025-07-13T00:00:00.000","7099","17635","11","4","4","1","40.3","170","0","0","0","0","0","0.0","4013","0","0","0","0","22.8"
"CT","2025-07-20T00:00:00.000","7103","17622","4","0","2","0","40.3","170","0","1","0","2","0","0.0","4061","0","0","0","0","23.0"
"CT","2025-07-27T00:00:00.000","7154","17527","1","0","1","0","40.8","169","0","3","0","1","0","0.0","3987","0","0","0","0","22.7"
"CT","2025-08-03T00:00:00.000","7049","17623","8","0","2","0","40.0","171","2154","0","0","0","0","12.2","3939","0","0","0","0","22.4"
"CT","2025-08-10T00:00:00.000","6825","17637","21","8","6","1","38.7","170","2554","0","0","0","0","14.5","3913","0","0","0","0","22.2"
"CT","2025-08-17T00:00:00.000","6732","17789","52","10","3","0","37.8","171","2619","0","0","0","0","14.7","3810","0","0","0","0","21.4"
"CT","2025-08-24T00:00:00.000","6698","17419","75","18","1","0","38.5","168","1580","0","0","0","0","9.1","3939","1","0","1","0","22.6"
"CT","2025-08-31T00:00:00.000","6479","17312","47","10","4","0","37.4","167","1557","0","0","0","0","9.0","3811","0","0","0","0","22.0"
"CT","2025-09-07T00:00:00.000","6393","17475","77","19","6","2","36.6","169","1493","0","0","0","0","8.5","3947","0","0","0","0","22.6"
"CT","2025-09-14T00:00:00.000","5998","17388","55","13","3","0","34.5","166","1234","0","0","0","0","7.1","3836","1","1","1","1","22.1"
"CT","2025-09-21T00:00:00.000","6099","17585","139","12","4","0","34.7","169","1142","1","0","0","0","6.5","3919","0","0","0","0","22.3"
"CT","2025-09-28T00:00:00.000","5754","17343","132","31","6","1","33.2","168","1433","0","0","0","0","8.3","3996","0","0","0","0","23.0"
"CT","2025-10-05T00:00:00.000","5272","16994","45","4","2","0","31.0","166","2195","0","0","0","0","12.9","4062","0","0","0","0","23.9"
"CT","2025-10-12T00:00:00.000","4900","16676","20","3","1","0","29.4","163","3639","0","0","0","0","21.8","4161","0","0","0","0","25.0"
"CT","2025-10-19T00:00:00.000","4710","16640","19","0","2","0","28.3","163","5771","0","0","1","0","34.7","4232","0","0","0","0","25.4"
"CT","2025-10-26T00:00:00.000","5190","16591","15","0","2","0","31.3","163","7772","2","0","0","0","46.8","4222","0","0","0","0","25.4"
"CT","2025-11-02T00:00:00.000","5715","16896","20","0","0","0","33.8","165","9365","3","0","1","0","55.4","4248","1","0","0","0","25.1"
"CT","2025-11-09T00:00:00.000","5768","17425","46","2","5","0","33.1","165","9890","1","0","1","0","56.8","4163","3","0","0","0","23.9"
"CT","2025-11-16T00:00:00.000","5969","16507","82","4","2","0","36.2","164","10266","2","0","0","0","62.2","4173","0","0","0","0","25.3"
"CT","2025-11-23T00:00:00.000","6571","16661","47","12","3","0","39.4","163","10691","8","2","0","0","64.2","4173","0","0","0","0","25.0"
"CT","2025-11-30T00:00:00.000","6528","16469","42","12","4","1","39.6","163","10953","8","2","1","0","66.5","4197","0","0","0","0","25.5"
"CT","2025-12-07T00:00:00.000","6933","16602","100","32","4","1","41.8","163","11006","25","15","3","0","66.3","4292","1","0","0","0","25.9"
"CT","2025-12-14T00:00:00.000","7148","16423","127","27","8","1","43.5","161","11163","34","22","13","4","68.0","4405","0","0","0","0","26.8"
"CT","2025-12-21T00:00:00.000","7145","16427","177","47","4","1","43.5","161","11237","90","54","19","11","68.4","4317","5","0","0","0","26.3"
"CT","2025-12-28T00:00:00.000","6931","15782","108","32","4","2","43.9","156","10780","145","100","24","15","68.3","4392","11","2","1","0","27.8"
"CT","2026-01-04T00:00:00.000","7104","15913","99","35","8","0","44.6","158","10971","150","95","29","15","68.9","4186","22","3","1","1","26.3"
"CT","2026-01-11T00:00:00.000","7116","15957","91","33","7","3","44.6","157","11025","118","75","19","11","69.1","4205","12","2","2","0","26.4"
"CT","2026-01-18T00:00:00.000","7162","16020","78","25","6","2","44.7","157","11096","61","36","10","9","69.3","4164","5","0","6","0","26.0"
"CT","2026-01-25T00:00:00.000","6974","16052","33","13","8","0","43.4","157","11120","44","33","3","1","69.3","4160","10","1","1","0","25.9"
"CT","2026-02-01T00:00:00.000","7105","16108","32","9","8","1","44.1","156","11318","8","4","2","2","70.3","4237","6","1","2","1","26.3"
"CT","2026-02-08T00:00:00.000","7470","16338","44","18","1","0","45.7","158","11444","3","1","1","0","70.0","4216","16","2","9","0","25.8"
"CT","2026-02-15T00:00:00.000","7174","15855","57","15","1","1","45.2","153","11081","5","3","0","0","69.9","4234","27","3","3","1","26.7"
"CT","2026-02-22T00:00:00.000","7275","15988","40","9","2","1","45.5","156","11234","5","1","1","0","70.3","4258","35","6","4","0","26.6"
"CT","2026-03-01T00:00:00.000","7272","16144","35","12","1","0","45.0","158","11389","1","1","0","0","70.5","4311","35","5","3","2","26.7"
"CT","2026-03-08T00:00:00.000","7029","15739","17","4","0","0","44.7","153","10923","1","1","1","1","69.4","4265","43","8","3","0","27.1"
"CT","2026-03-15T00:00:00.000","7148","15820","21","9","1","1","45.2","153","11017","2","1","1","1","69.6","4225","39","4","3","0","26.7"
"CT","2026-03-22T00:00:00.000","6627","14289","28","2","2","1","46.4","141","9974","0","0","0","0","69.8","3707","19","0","1","0","25.9"
"CT","2026-03-29T00:00:00.000","4378","8755","3","0","0","0","50.0","89","6133","0","0","0","0","70.1","2083","4","1","1","0","23.8"
"DC","2024-10-06T00:00:00.000","1296","2032","2","0","0","0","63.8","17",,,,,,,,,,,,
"DC","2024-10-13T00:00:00.000","1306","2038","0","0","0","0","64.1","17",,,,,,,,,,,,
"DC","2024-10-20T00:00:00.000","1223","2028","0","0","0","0","60.3","17",,,,,,,,,,,,
"DC","2024-10-27T00:00:00.000","1197","2030","0","0","0","0","59.0","17",,,,,,,,,,,,
"DC","2024-11-03T00:00:00.000","1030","2034","0","0","0","0","50.6","17",,,,,,,,,,,,
"DC","2024-11-10T00:00:00.000","917","2041","0","0","0","0","44.9","17",,,,,,,,,,,,
"DC","2024-11-17T00:00:00.000","1085","2037","13","7","0","0","53.3","17",,,,,,,,,,,,
"DC","2024-11-24T00:00:00.000","993","1939","2","2","0","0","51.2","16",,,,,,,,,,,,
"DC","2024-12-01T00:00:00.000","1148","2018","0","0","0","0","56.9","17",,,,,,,,,,,,
"DC","2024-12-08T00:00:00.000","1216","1990","0","0","0","0","61.1","17",,,,,,,,,,,,
"DC","2024-12-15T00:00:00.000","1226","2020","0","0","0","0","60.7","17",,,,,,,,,,,,
"DC","2024-12-22T00:00:00.000","1113","2031","0","0","0","0","54.8","17",,,,,,,,,,,,
"DC","2024-12-29T00:00:00.000","1109","2006","0","0","0","0","55.3","17",,,,,,,,,,,,
"DC","2025-01-05T00:00:00.000","1058","2030","0","0","0","0","52.1","17",,,,,,,,,,,,
"DC","2025-01-12T00:00:00.000","1093","2021","2","2","0","0","54.1","17","1481","0","0","0","0","73.3","244","0","0","0","0","12.1"
"DC","2025-01-19T00:00:00.000","1102","2037","2","2","0","0","54.1","17","1498","0","0","0","0","73.5","245","0","0","0","0","12.0"
"DC","2025-01-26T00:00:00.000","1070","1931","0","0","0","0","55.4","16","1422","0","0","0","0","73.6","198","0","0","0","0","10.3"
"DC","2025-02-02T00:00:00.000","1124","1935","0","0","0","0","58.1","16","1423","0","0","0","0","73.5","192","0","0","0","0","9.9"
"DC","2025-02-09T00:00:00.000","1122","1948","0","0","0","0","57.6","16","1413","6","4","0","0","72.5","192","0","0","0","0","9.9"
"DC","2025-02-16T00:00:00.000","1056","1939","0","0","0","0","54.5","16","1419","0","0","0","0","73.2","199","1","0","0","0","10.3"
"DC","2025-02-23T00:00:00.000","1073","1935","4","0","1","0","55.5","16","1407","2","2","0","0","72.7","201","0","0","0","0","10.4"
"DC","2025-03-02T00:00:00.000","1062","1937","1","1","0","0","54.8","16","1402","0","0","0","0","72.4","198","0","0","0","0","10.2"
"DC","2025-03-09T00:00:00.000","1050","1940","1","0","0","0","54.1","16","1427","1","0","1","0","73.6","305","0","0","0","0","15.7"
"DC","2025-03-16T00:00:00.000","1053","1949","0","0","0","0","54.0","16","1440","0","0","0","0","73.9","295","0","0","0","0","15.1"
"DC","2025-03-23T00:00:00.000","999","1965","0","0","0","0","50.8","16","1466","0","0","0","0","74.6","322","0","0","0","0","16.4"
"DC","2025-03-30T00:00:00.000","996","1964","0","0","0","0","50.7","16","1463","0","0","0","0","74.5","319","0","0","0","0","16.2"
"DC","2025-04-06T00:00:00.000","994","1956","1","1","0","0","50.8","16","1468","0","0","0","0","75.1","324","0","0","0","0","16.6"
"DC","2025-04-13T00:00:00.000","977","1943","0","0","0","0","50.3","16","1456","0","0","0","0","74.9","325","0","0","0","0","16.7"
"DC","2025-04-20T00:00:00.000","975","1932","0","0","0","0","50.5","16","1451","0","0","0","0","75.1","323","0","0","0","0","16.7"
"DC","2025-04-27T00:00:00.000","929","1874","0","0","0","0","49.6","15","1374","0","0","0","0","73.3","265","0","0","0","0","14.1"
"DC","2025-05-04T00:00:00.000","980","1943","0","0","0","0","50.4","16","1447","0","0","0","0","74.5","320","0","0","0","0","16.5"
"DC","2025-05-11T00:00:00.000","1026","1953","0","0","0","0","52.5","16","1422","0","0","0","0","72.8","326","0","0","0","0","16.7"
"DC","2025-05-18T00:00:00.000","1031","1954","0","0","0","0","52.8","16","1425","0","0","0","0","72.9","319","0","0","0","0","16.3"
"DC","2025-05-25T00:00:00.000","1040","1948","0","0","0","0","53.4","16","1425","0","0","0","0","73.2","315","0","0","0","0","16.2"
"DC","2025-06-01T00:00:00.000","1021","1937","0","0","0","0","52.7","16","1425","0","0","0","0","73.6","315","0","0","0","0","16.3"
"DC","2025-06-08T00:00:00.000","1017","1953","0","0","0","0","52.1","16","1414","0","0","0","0","72.4","317","0","0","0","0","16.2"
"DC","2025-06-15T00:00:00.000","918","1752","0","0","0","0","52.4","15","1286","0","0","0","0","73.4","212","0","0","0","0","12.1"
"DC","2025-06-22T00:00:00.000","889","1735","0","0","0","0","51.2","15","1257","0","0","0","0","72.4","207","0","0","0","0","11.9"
"DC","2025-06-29T00:00:00.000","892","1730","0","0","0","0","51.6","15","1266","0","0","0","0","73.2","199","0","0","0","0","11.5"
"DC","2025-07-06T00:00:00.000","1044","1840","0","0","0","0","56.7","16","0","0","0","0","0","0.0","296","0","0","0","0","16.1"
"DC","2025-07-13T00:00:00.000","1218","2075","0","0","0","0","58.7","17","0","0","0","0","0","0.0","352","0","0","0","0","17.0"
"DC","2025-07-20T00:00:00.000","1151","2040","0","0","0","0","56.4","17","0","0","0","0","0","0.0","354","0","0","0","0","17.4"
"DC","2025-07-27T00:00:00.000","1158","2037","6","6","0","0","56.8","17","0","0","0","0","0","0.0","361","0","0","0","0","17.7"
"DC","2025-08-03T00:00:00.000","1150","2039","1","0","0","0","56.4","17","286","0","0","0","0","14.0","357","0","0","0","0","17.5"
"DC","2025-08-10T00:00:00.000","1231","2042","0","0","0","0","60.3","17","257","0","0","0","0","12.6","360","0","0","0","0","17.6"
"DC","2025-08-17T00:00:00.000","1117","2026","3","0","1","0","55.1","17","257","0","0","0","0","12.7","310","0","0","0","0","15.3"
"DC","2025-08-24T00:00:00.000","1195","2017","21","8","1","0","59.2","17","257","0","0","0","0","12.7","354","0","0","0","0","17.6"
"DC","2025-08-31T00:00:00.000","1213","2022","1","0","0","0","60.0","17","287","0","0","0","0","14.2","356","0","0","0","0","17.6"
"DC","2025-09-07T00:00:00.000","1162","2023","3","1","0","0","57.4","17","267","0","0","0","0","13.2","377","0","0","0","0","18.6"
"DC","2025-09-14T00:00:00.000","1154","2055","0","0","0","0","56.2","17","335","0","0","0","0","16.3","353","0","0","0","0","17.2"
"DC","2025-09-21T00:00:00.000","1079","2026","1","0","0","0","53.3","17","335","0","0","0","0","16.5","352","0","0","0","0","17.4"
"DC","2025-09-28T00:00:00.000","1144","2017","0","0","0","0","56.7","17","406","0","0","0","0","20.1","353","0","0","0","0","17.5"
"DC","2025-10-05T00:00:00.000","994","1914","0","0","0","0","51.9","16","423","0","0","0","0","22.1","285","0","0","0","0","14.9"
"DC","2025-10-12T00:00:00.000","1015","2025","0","0","0","0","50.1","17","598","0","0","0","0","29.5","349","0","0","0","0","17.2"
"DC","2025-10-19T00:00:00.000","1108","2025","1","0","0","0","54.7","17","738","0","0","0","0","36.4","356","0","0","0","0","17.6"
"DC","2025-10-26T00:00:00.000","1053","2010","0","0","0","0","52.4","17","788","0","0","0","0","39.2","354","0","0","0","0","17.6"
"DC","2025-11-02T00:00:00.000","1183","2009","4","0","0","0","58.9","17","998","0","0","0","0","49.7","358","0","0","0","0","17.8"
"DC","2025-11-09T00:00:00.000","1226","1965","0","0","0","0","62.4","16","743","0","0","0","0","37.8","342","0","0","0","0","17.4"
"DC","2025-11-16T00:00:00.000","1150","1948","0","0","0","0","59.0","16","776","0","0","0","0","39.8","341","0","0","0","0","17.5"
"DC","2025-11-23T00:00:00.000","1141","1936","0","0","0","0","58.9","15","809","0","0","0","0","41.8","340","0","0","0","0","17.6"
"DC","2025-11-30T00:00:00.000","1158","1930","0","0","0","0","60.0","15","808","0","0","0","0","41.9","344","0","0","0","0","17.8"
"DC","2025-12-07T00:00:00.000","1159","1920","0","0","0","0","60.4","15","811","0","0","0","0","42.2","343","0","0","0","0","17.9"
"DC","2025-12-14T00:00:00.000","1166","1951","0","0","0","0","59.8","15","829","0","0","0","0","42.5","338","0","0","0","0","17.3"
"DC","2025-12-21T00:00:00.000","1157","1936","0","0","0","0","59.8","15","827","0","0","0","0","42.7","338","0","0","0","0","17.5"
"DC","2025-12-28T00:00:00.000","1156","1909","0","0","0","0","60.6","15","812","0","0","0","0","42.5","326","0","0","0","0","17.1"
"DC","2026-01-04T00:00:00.000","1153","1907","0","0","0","0","60.5","15","828","1","0","0","0","43.4","330","0","0","0","0","17.3"
"DC","2026-01-11T00:00:00.000","1173","1919","2","1","0","0","61.1","15","818","1","1","0","0","42.6","330","0","0","0","0","17.2"
"DC","2026-01-18T00:00:00.000","1201","1932","1","0","1","0","62.2","15","845","0","0","0","0","43.7","340","0","0","0","0","17.6"
"DC","2026-01-25T00:00:00.000","1246","1941","0","0","0","0","64.2","15","849","1","0","1","0","43.7","340","1","0","1","0","17.5"
"DC","2026-02-01T00:00:00.000","1192","1941","0","0","0","0","61.4","15","836","0","0","0","0","43.1","332","0","0","0","0","17.1"
"DC","2026-02-08T00:00:00.000","1179","1884","0","0","0","0","62.6","15","806","0","0","0","0","42.8","299","0","0","0","0","15.9"
"DC","2026-02-15T00:00:00.000","1236","1982","0","0","0","0","62.4","16","883","0","0","0","0","44.6","353","0","0","0","0","17.8"
"DC","2026-02-22T00:00:00.000","1180","1935","0","0","0","0","61.0","15","817","0","0","0","0","42.2","324","0","0","0","0","16.7"
"DC","2026-03-01T00:00:00.000","1231","1987","0","0","0","0","62.0","16","875","0","0","0","0","44.0","338","0","0","0","0","17.0"
"DC","2026-03-08T00:00:00.000","1103","1801","0","0","0","0","61.2","15","704","0","0","0","0","39.1","226","0","0","0","0","12.5"
"DC","2026-03-15T00:00:00.000","992","1807","0","0","0","0","54.9","15","705","0","0","0","0","39.0","239","0","0","0","0","13.2"
"DC","2026-03-22T00:00:00.000","530","884","0","0","0","0","60.0","8","450","0","0","0","0","50.9","74","0","0","0","0","8.4"
"DC","2026-03-29T00:00:00.000","248","500","0","0","0","0","49.6","4","341","0","0","0","0","68.2","99","0","0","0","0","19.8"
"DE","2024-10-06T00:00:00.000","653","4244","31","5","1","0","15.4","45",,,,,,,,,,,,
"DE","2024-10-13T00:00:00.000","757","4192","21","0","1","0","18.1","45",,,,,,,,,,,,
"DE","2024-10-20T00:00:00.000","1029","4023","5","0","1","0","25.6","44",,,,,,,,,,,,
"DE","2024-10-27T00:00:00.000","1136","4023","11","3","1","0","28.2","44",,,,,,,,,,,,
"DE","2024-11-03T00:00:00.000","1392","4148","13","0","1","0","33.6","45",,,,,,,,,,,,
"DE","2024-11-10T00:00:00.000","1604","4138","14","0","0","0","38.8","45",,,,,,,,,,,,
"DE","2024-11-17T00:00:00.000","1800","4176","2","0","0","0","43.1","45",,,,,,,,,,,,
"DE","2024-11-24T00:00:00.000","1905","4172","16","0","3","0","45.7","45",,,,,,,,,,,,
"DE","2024-12-01T00:00:00.000","1975","4170","16","1","3","0","47.4","45",,,,,,,,,,,,
"DE","2024-12-08T00:00:00.000","1981","4168","15","4","4","3","47.5","45",,,,,,,,,,,,
"DE","2024-12-15T00:00:00.000","2050","4099","12","6","0","0","50.0","44",,,,,,,,,,,,
"DE","2024-12-22T00:00:00.000","2084","4051","3","1","0","0","51.4","44",,,,,,,,,,,,
"DE","2024-12-29T00:00:00.000","2129","4007","11","1","0","0","53.1","43",,,,,,,,,,,,
"DE","2025-01-05T00:00:00.000","2132","4004","13","4","1","0","53.2","44",,,,,,,,,,,,
"DE","2025-01-12T00:00:00.000","2155","4040","26","8","5","1","53.3","44","3008","18","14","3","3","74.5","1298","0","0","1","0","32.1"
"DE","2025-01-19T00:00:00.000","2203","4071","46","10","10","2","54.1","44","3025","22","15","8","6","74.3","1277","2","1","0","0","31.4"
"DE","2025-01-26T00:00:00.000","2244","3978","25","10","3","0","56.4","43","2897","8","3","2","1","72.8","1228","0","0","0","0","30.9"
"DE","2025-02-02T00:00:00.000","2314","4101","37","16","4","2","56.4","44","3064","18","10","4","4","74.7","1334","6","1","4","3","32.5"
"DE","2025-02-09T00:00:00.000","2203","4093","15","5","1","0","53.8","44","2915","14","7","4","1","71.2","1239","8","1","4","1","30.3"
"DE","2025-02-16T00:00:00.000","2307","4105","22","5","1","0","56.2","44","3007","13","7","3","1","73.3","1315","0","0","1","1","32.0"
"DE","2025-02-23T00:00:00.000","2311","4115","19","8","1","0","56.2","44","2995","13","12","0","0","72.8","1360","4","1","1","0","33.0"
"DE","2025-03-02T00:00:00.000","2345","4145","18","4","2","0","56.6","44","3052","2","2","0","0","73.6","1414","0","0","0","0","34.1"
"DE","2025-03-09T00:00:00.000","2359","4063","6","2","1","1","58.1","43","2984","2","2","2","2","73.4","1428","1","0","0","0","35.1"
"DE","2025-03-16T00:00:00.000","2349","4041","15","6","3","0","58.1","43","2991","0","0","2","1","74.0","1439","0","0","0","0","35.6"
"DE","2025-03-23T00:00:00.000","2415","4025","12","6","0","0","60.0","43","3002","0","0","1","1","74.6","1448","0","0","0","0","36.0"
"DE","2025-03-30T00:00:00.000","2384","4001","3","0","2","0","59.6","43","2973","3","3","3","3","74.3","1455","0","0","0","0","36.4"
"DE","2025-04-06T00:00:00.000","2359","3986","5","3","1","0","59.2","43","2979","1","0","1","0","74.7","1436","1","0","0","0","36.0"
"DE","2025-04-13T00:00:00.000","2387","3962","5","2","0","0","60.2","43","2944","0","0","0","0","74.3","1497","0","0","0","0","37.8"
"DE","2025-04-20T00:00:00.000","2368","3977","10","2","3","1","59.5","43","2907","0","0","0","0","73.1","1506","0","0","0","0","37.9"
"DE","2025-04-27T00:00:00.000","2322","3952","5","2","0","0","58.8","43","2815","0","0","0","0","71.2","1486","0","0","0","0","37.6"
"DE","2025-05-04T00:00:00.000","2217","3974","5","0","1","0","55.8","43","2828","0","0","0","0","71.2","1469","0","0","0","0","37.0"
"DE","2025-05-11T00:00:00.000","2167","3967","0","0","0","0","54.6","43","2836","0","0","0","0","71.5","1495","0","0","0","0","37.7"
"DE","2025-05-18T00:00:00.000","2114","3950","0","0","0","0","53.5","43","2829","0","0","0","0","71.6","1461","0","0","0","0","37.0"
"DE","2025-05-25T00:00:00.000","2050","3982","1","0","1","0","51.5","43","2830","0","0","0","0","71.1","1494","8","5","0","0","37.5"
"DE","2025-06-01T00:00:00.000","1987","3961","0","0","0","0","50.2","43","2849","0","0","0","0","71.9","1514","4","2","0","0","38.2"
"DE","2025-06-08T00:00:00.000","1999","3950","1","0","1","0","50.6","43","2816","0","0","0","0","71.3","1512","2","0","0","0","38.3"
"DE","2025-06-15T00:00:00.000","2008","3969","0","0","0","0","50.6","43","2823","0","0","0","0","71.1","1510","0","0","0","0","38.0"
"DE","2025-06-22T00:00:00.000","1987","3948","1","0","1","0","50.3","43","2820","0","0","0","0","71.4","1510","0","0","0","0","38.2"
"DE","2025-06-29T00:00:00.000","1995","3949","5","3","1","1","50.5","43","2815","0","0","0","0","71.3","1508","0","0","0","0","38.2"
"DE","2025-07-06T00:00:00.000","2016","3969","0","0","0","0","50.8","43","0","0","0","0","0","0.0","1460","0","0","0","0","36.8"
"DE","2025-07-13T00:00:00.000","1958","4006","0","0","0","0","48.9","43","0","0","0","0","0","0.0","1457","0","0","0","0","36.4"
"DE","2025-07-20T00:00:00.000","1955","3884","1","0","0","0","50.3","42","0","0","0","0","0","0.0","1467","0","0","0","0","37.8"
"DE","2025-07-27T00:00:00.000","1739","3749","1","0","0","0","46.4","41","0","0","0","0","0","0.0","1483","0","0","0","0","39.6"
"DE","2025-08-03T00:00:00.000","1843","3902","17","1","1","0","47.2","42","569","0","0","0","0","14.6","1480","0","0","0","0","37.9"
"DE","2025-08-10T00:00:00.000","1851","3883","7","0","0","0","47.7","42","653","0","0","0","0","16.8","1487","0","0","0","0","38.3"
"DE","2025-08-17T00:00:00.000","1858","3912","2","0","0","0","47.5","42","724","0","0","0","0","18.5","1445","0","0","0","0","36.9"
"DE","2025-08-24T00:00:00.000","1793","3977","20","1","5","0","45.1","43","702","0","0","0","0","17.7","1441","0","0","0","0","36.2"
"DE","2025-08-31T00:00:00.000","1820","4078","16","5","1","0","44.6","44","514","0","0","0","0","12.6","1480","0","0","0","0","36.3"
"DE","2025-09-07T00:00:00.000","1799","4083","20","11","2","2","44.1","44","572","0","0","0","0","14.0","1452","0","0","0","0","35.6"
"DE","2025-09-14T00:00:00.000","1682","3991","17","2","0","0","42.1","43","507","0","0","0","0","12.7","1424","0","0","0","0","35.7"
"DE","2025-09-21T00:00:00.000","1562","4097","10","0","0","0","38.1","44","639","0","0","0","0","15.6","1411","0","0","0","0","34.4"
"DE","2025-09-28T00:00:00.000","1569","3929","22","1","0","0","39.9","42","738","0","0","0","0","18.8","1386","0","0","0","0","35.3"
"DE","2025-10-05T00:00:00.000","1539","3942","6","4","0","0","39.0","42","1131","0","0","0","0","28.7","1479","0","0","0","0","37.5"
"DE","2025-10-12T00:00:00.000","1586","4070","30","0","0","0","39.0","43","1710","0","0","0","0","42.0","1419","0","0","0","0","34.9"
"DE","2025-10-19T00:00:00.000","1571","3966","4","2","0","0","39.6","42","2201","0","0","0","0","55.5","1562","0","0","0","0","39.4"
"DE","2025-10-26T00:00:00.000","1616","3957","1","0","1","0","40.8","42","2367","0","0","0","0","59.8","1504","0","0","0","0","38.0"
"DE","2025-11-02T00:00:00.000","1642","3961","3","1","0","0","41.5","42","2525","0","0","0","0","63.7","1570","0","0","0","0","39.6"
"DE","2025-11-09T00:00:00.000","1556","3959","21","4","0","0","39.3","42","2591","0","0","0","0","65.4","1584","0","0","0","0","40.0"
"DE","2025-11-16T00:00:00.000","1642","3932","11","2","2","0","41.8","42","2697","0","0","0","0","68.6","1502","1","0","0","0","38.2"
"DE","2025-11-23T00:00:00.000","1831","4042","16","2","1","0","45.3","43","2717","0","0","0","0","67.2","1525","0","0","0","0","37.7"
"DE","2025-11-30T00:00:00.000","1816","3947","12","1","0","0","46.0","42","2628","0","0","0","0","66.6","1593","1","0","0","0","40.4"
"DE","2025-12-07T00:00:00.000","1834","3965","2","0","0","0","46.3","42","2525","2","1","1","1","63.7","1566","4","0","0","0","39.5"
"DE","2025-12-14T00:00:00.000","1945","3902","2","0","1","0","49.8","41","2633","2","2","0","0","67.5","1596","4","0","0","0","40.9"
"DE","2025-12-21T00:00:00.000","1902","3862","6","0","1","0","49.2","41","2658","10","6","1","0","68.8","1606","3","1","0","0","41.6"
"DE","2025-12-28T00:00:00.000","1884","3828","7","5","1","1","49.2","41","2665","29","15","5","3","69.6","1619","3","0","1","0","42.3"
"DE","2026-01-04T00:00:00.000","1869","3953","6","3","3","2","47.3","42","2680","38","26","11","6","67.8","1681","0","0","1","0","42.5"
"DE","2026-01-11T00:00:00.000","1895","3866","12","8","5","1","49.0","41","2623","25","16","8","6","67.8","1669","1","0","0","0","43.2"
"DE","2026-01-18T00:00:00.000","1973","3865","11","9","0","0","51.0","41","2605","19","3","2","1","67.4","1675","0","0","0","0","43.3"
"DE","2026-01-25T00:00:00.000","2015","3902","2","2","0","0","51.6","41","2744","5","1","0","0","70.3","1565","7","0","1","0","40.1"
"DE","2026-02-01T00:00:00.000","1996","3992","2","2","0","0","50.0","42","2841","1","0","0","0","71.2","1567","4","1","0","0","39.3"
"DE","2026-02-08T00:00:00.000","1996","3902","6","1","3","1","51.2","41","2701","7","5","2","1","69.2","1706","2","2","1","1","43.7"
"DE","2026-02-15T00:00:00.000","2025","3928","16","7","1","0","51.6","41","2682","3","2","1","1","68.3","1634","0","0","0","0","41.6"
"DE","2026-02-22T00:00:00.000","1979","3800","12","8","0","0","52.1","40","2649","1","0","1","0","69.7","1656","1","0","1","0","43.6"
"DE","2026-03-01T00:00:00.000","2065","3927","9","3","2","0","52.6","41","2657","0","0","0","0","67.7","1660","2","1","1","1","42.3"
"DE","2026-03-08T00:00:00.000","2113","3946","2","1","0","0","53.5","41","2767","0","0","0","0","70.1","1669","0","0","0","0","42.3"
"DE","2026-03-15T00:00:00.000","2062","3861","5","3","0","0","53.4","40","2668","0","0","0","0","69.1","1648","1","0","0","0","42.7"
"DE","2026-03-22T00:00:00.000","1770","3472","0","0","0","0","51.0","36","2440","0","0","0","0","70.3","1495","0","0","0","0","43.1"
"DE","2026-03-29T00:00:00.000","815","1742","0","0","0","0","46.8","17","1203","2","2","0","0","69.1","675","1","1","1","1","38.7"
"FL","2024-10-06T00:00:00.000","12495","72688","87","10","14","1","17.2","660",,,,,,,,,,,,
"FL","2024-10-13T00:00:00.000","12800","73041","78","2","10","0","17.5","663",,,,,,,,,,,,
"FL","2024-10-20T00:00:00.000","13463","72675","85","3","9","0","18.5","658",,,,,,,,,,,,
"FL","2024-10-27T00:00:00.000","15199","72361","43","1","7","1","21.0","655",,,,,,,,,,,,
"FL","2024-11-03T00:00:00.000","16282","73577","46","8","5","1","22.1","664",,,,,,,,,,,,
"FL","2024-11-10T00:00:00.000","16885","73613","13","2","2","1","22.9","667",,,,,,,,,,,,
"FL","2024-11-17T00:00:00.000","17894","73070","27","1","2","1","24.5","664",,,,,,,,,,,,
"FL","2024-11-24T00:00:00.000","18569","73385","30","5","1","0","25.3","664",,,,,,,,,,,,
"FL","2024-12-01T00:00:00.000","18411","72695","44","3","3","0","25.3","661",,,,,,,,,,,,
"FL","2024-12-08T00:00:00.000","18740","72752","51","14","4","0","25.8","661",,,,,,,,,,,,
"FL","2024-12-15T00:00:00.000","19116","72945","60","2","8","0","26.2","663",,,,,,,,,,,,
"FL","2024-12-22T00:00:00.000","19654","73570","85","3","8","0","26.7","666",,,,,,,,,,,,
"FL","2024-12-29T00:00:00.000","19760","72521","105","5","9","0","27.2","662",,,,,,,,,,,,
"FL","2025-01-05T00:00:00.000","19981","72447","65","5","16","1","27.6","659",,,,,,,,,,,,
"FL","2025-01-12T00:00:00.000","20262","71934","37","6","6","3","28.2","653","36676","69","22","19","4","51.0","5490","15","0","5","0","7.6"
"FL","2025-01-19T00:00:00.000","20419","72490","109","17","6","2","28.2","651","36570","145","49","37","14","50.4","5662","29","1","6","1","7.8"
"FL","2025-01-26T00:00:00.000","20856","73807","129","20","9","3","28.3","661","37148","115","43","25","12","50.3","5867","29","1","3","0","7.9"
"FL","2025-02-02T00:00:00.000","21143","74378","100","14","6","1","28.4","664","37566","168","67","33","11","50.5","5938","11","1","4","0","8.0"
"FL","2025-02-09T00:00:00.000","21203","74683","78","4","11","4","28.4","666","37869","104","38","28","8","50.7","5966","7","1","3","0","8.0"
"FL","2025-02-16T00:00:00.000","21778","74746","60","3","11","1","29.1","666","37531","54","22","13","1","50.2","6431","9","0","7","0","8.6"
"FL","2025-02-23T00:00:00.000","21761","74878","41","5","2","1","29.1","665","37858","30","14","18","8","50.6","6506","10","0","1","0","8.7"
"FL","2025-03-02T00:00:00.000","21884","74448","44","10","6","2","29.4","660","37619","47","23","11","1","50.5","6423","6","0","0","0","8.6"
"FL","2025-03-09T00:00:00.000","21749","74263","42","8","4","1","29.3","663","37679","49","25","8","2","50.7","6994","5","0","0","0","9.4"
"FL","2025-03-16T00:00:00.000","21761","74117","47","20","9","3","29.4","663","37298","25","10","5","2","50.3","6825","4","0","1","0","9.2"
"FL","2025-03-23T00:00:00.000","21546","74442","53","11","8","0","28.9","665","37699","12","3","2","0","50.6","6987","3","0","1","0","9.4"
"FL","2025-03-30T00:00:00.000","21198","73920","37","6","6","2","28.7","660","37145","24","16","5","3","50.3","7011","0","0","0","0","9.5"
"FL","2025-04-06T00:00:00.000","20555","74095","49","14","4","1","27.7","664","37156","16","9","9","3","50.1","7112","3","1","1","0","9.6"
"FL","2025-04-13T00:00:00.000","20691","74149","33","5","3","0","27.9","665","37237","8","3","1","1","50.2","6938","2","0","2","0","9.4"
"FL","2025-04-20T00:00:00.000","20320","73766","49","5","11","3","27.5","664","36529","5","4","4","1","49.5","6746","0","0","1","0","9.1"
"FL","2025-04-27T00:00:00.000","20048","72612","47","7","2","0","27.6","653","36287","19","15","1","1","50.0","6580","1","0","2","0","9.1"
"FL","2025-05-04T00:00:00.000","20006","73501","30","3","4","0","27.2","664","36521","3","2","0","0","49.7","6765","2","0","2","0","9.2"
"FL","2025-05-11T00:00:00.000","19803","73414","71","13","9","1","27.0","665","36584","14","12","2","1","49.8","6784","6","0","0","0","9.2"
"FL","2025-05-18T00:00:00.000","19423","73354","50","1","1","0","26.5","663","36470","8","6","0","0","49.7","6678","2","0","0","0","9.1"
"FL","2025-05-25T00:00:00.000","19095","74749","58","4","4","0","25.5","662","36148","0","0","0","0","48.4","6895","10","1","1","0","9.2"
"FL","2025-06-01T00:00:00.000","18875","72894","45","2","1","0","25.9","660","35865","5","5","2","1","49.2","6674","1","0","1","0","9.2"
"FL","2025-06-08T00:00:00.000","18992","73384","99","21","6","0","25.9","665","35803","13","8","1","0","48.8","6947","1","0","1","0","9.5"
"FL","2025-06-15T00:00:00.000","19020","72846","110","6","5","0","26.1","659","35448","3","2","1","1","48.7","6918","1","0","0","0","9.5"
"FL","2025-06-22T00:00:00.000","18802","73309","98","6","7","1","25.6","662","35472","1","0","1","1","48.4","7041","0","0","0","0","9.6"
"FL","2025-06-29T00:00:00.000","18737","72844","129","14","11","2","25.7","661","35366","0","0","0","0","48.6","7161","1","0","0","0","9.8"
"FL","2025-07-06T00:00:00.000","18402","71984","231","25","20","2","25.6","652","0","2","0","1","0","0.0","9878","0","0","0","0","13.7"
"FL","2025-07-13T00:00:00.000","18541","72542","286","34","8","0","25.6","657","0","1","0","0","0","0.0","9591","0","0","0","0","13.2"
"FL","2025-07-20T00:00:00.000","18015","72569","259","27","11","1","24.8","659","0","2","0","1","0","0.0","9498","0","0","0","0","13.1"
"FL","2025-07-27T00:00:00.000","17776","72434","261","17","16","2","24.5","656","0","5","0","1","0","0.0","9126","7","0","2","0","12.6"
"FL","2025-08-03T00:00:00.000","17720","73204","241","28","15","3","24.2","663","8775","2","0","0","0","12.0","8431","0","0","0","0","11.5"
"FL","2025-08-10T00:00:00.000","17652","72966","216","52","16","2","24.2","664","8398","1","0","1","0","11.5","8345","1","1","0","0","11.4"
"FL","2025-08-17T00:00:00.000","17307","72795","231","47","13","0","23.8","663","7930","1","0","2","0","10.9","8219","0","0","0","0","11.3"
"FL","2025-08-24T00:00:00.000","17444","72271","237","32","15","1","24.1","659","7546","0","0","0","0","10.4","8159","0","0","0","0","11.3"
"FL","2025-08-31T00:00:00.000","17363","72644","224","34","18","1","23.9","661","7311","1","0","0","0","10.1","8008","2","0","1","0","11.0"
"FL","2025-09-07T00:00:00.000","16688","73292","238","20","12","0","22.8","668","7748","4","4","0","0","10.6","8003","0","0","0","0","10.9"
"FL","2025-09-14T00:00:00.000","16360","73288","179","12","12","1","22.3","667","9203","4","0","1","0","12.6","7712","0","0","0","0","10.5"
"FL","2025-09-21T00:00:00.000","15944","73277","187","14","11","2","21.8","665","11759","1","1","9","0","16.0","7886","3","0","1","0","10.8"
"FL","2025-09-28T00:00:00.000","15796","72741","149","5","9","0","21.7","660","16650","1","0","1","0","22.9","7775","2","0","1","0","10.7"
"FL","2025-10-05T00:00:00.000","15226","72616","52","3","4","0","21.0","658","21413","2","0","1","0","29.5","7720","0","0","0","0","10.6"
"FL","2025-10-12T00:00:00.000","15027","71609","35","0","1","0","21.0","649","25200","4","0","0","0","35.2","7947","0","0","0","0","11.1"
"FL","2025-10-19T00:00:00.000","15629","71705","20","0","4","0","21.8","649","28611","2","1","3","0","39.9","8049","0","0","0","0","11.2"
"FL","2025-10-26T00:00:00.000","16095","71074","19","2","4","1","22.6","642","29393","1","1","0","0","41.4","7768","0","0","0","0","10.9"
"FL","2025-11-02T00:00:00.000","16003","71226","9","2","0","0","22.5","645","30215","2","0","1","0","42.4","8096","4","0","1","0","11.4"
"FL","2025-11-09T00:00:00.000","15753","71445","9","3","1","0","22.0","646","31123","1","0","0","0","43.6","8171","4","0","1","0","11.4"
"FL","2025-11-16T00:00:00.000","15859","71064","12","0","1","0","22.3","643","31852","0","0","0","0","44.8","8081","1","0","0","0","11.4"
"FL","2025-11-23T00:00:00.000","16142","70893","19","0","0","0","22.8","642","32221","10","5","3","1","45.5","8195","2","1","1","1","11.6"
"FL","2025-11-30T00:00:00.000","16200","70135","32","1","1","0","23.1","637","31872","5","0","0","0","45.4","8081","9","0","0","0","11.5"
"FL","2025-12-07T00:00:00.000","16285","70857","9","1","0","0","23.0","642","32570","5","4","2","2","46.0","8132","4","0","0","0","11.5"
"FL","2025-12-14T00:00:00.000","16715","71278","11","1","1","1","23.5","635","32524","38","11","5","4","45.6","8201","10","0","6","0","11.5"
"FL","2025-12-21T00:00:00.000","16197","70318","7","0","2","0","23.0","635","32048","37","12","3","0","45.6","8269","7","1","2","0","11.8"
"FL","2025-12-28T00:00:00.000","15961","69210","19","6","6","1","23.1","626","31826","17","8","9","5","46.0","8255","7","1","3","1","11.9"
"FL","2026-01-04T00:00:00.000","16594","68885","13","2","1","0","24.1","623","31869","24","8","4","2","46.3","8309","8","0","0","0","12.1"
"FL","2026-01-11T00:00:00.000","16167","69066","28","3","5","1","23.4","624","32064","51","16","11","7","46.4","7970","23","0","3","0","11.5"
"FL","2026-01-18T00:00:00.000","16426","69594","36","2","9","0","23.6","625","32537","48","19","16","5","46.8","7993","17","0","2","0","11.5"
"FL","2026-01-25T00:00:00.000","16337","70125","34","1","2","0","23.3","626","32619","30","13","10","2","46.5","8086","11","0","1","0","11.5"
"FL","2026-02-01T00:00:00.000","16423","70379","27","3","2","1","23.3","626","32417","62","22","7","2","46.1","8208","15","1","5","0","11.7"
"FL","2026-02-08T00:00:00.000","16130","69975","43","5","1","0","23.1","624","32773","80","34","18","7","46.8","8028","13","0","7","1","11.5"
"FL","2026-02-15T00:00:00.000","16294","69954","26","1","1","0","23.3","623","32702","167","53","31","7","46.7","8104","22","2","4","1","11.6"
"FL","2026-02-22T00:00:00.000","15957","68604","37","1","5","0","23.3","611","31671","76","30","15","2","46.2","7933","10","1","1","0","11.6"
"FL","2026-03-01T00:00:00.000","16302","69115","20","1","4","1","23.6","615","31870","43","17","13","2","46.1","8074","6","0","4","0","11.7"
"FL","2026-03-08T00:00:00.000","15721","68407","30","1","3","0","23.0","608","31306","28","11","7","4","45.8","8017","7","1","5","0","11.7"
"FL","2026-03-15T00:00:00.000","15225","66841","26","1","1","0","22.8","594","30595","24","11","3","1","45.8","8062","14","0","2","0","12.1"
"FL","2026-03-22T00:00:00.000","14551","62273","26","7","2","1","23.4","553","29077","12","2","4","1","46.7","7639","3","0","2","0","12.3"
"FL","2026-03-29T00:00:00.000","10747","43126","36","0","4","0","24.9","377","20472","2","0","1","0","47.5","5379","1","0","0","0","12.5"
"GA","2024-10-06T00:00:00.000","3958","25754","97","3","5","0","15.4","291",,,,,,,,,,,,
"GA","2024-10-13T00:00:00.000","4512","30967","102","3","1","0","14.6","347",,,,,,,,,,,,
"GA","2024-10-20T00:00:00.000","4942","26932","29","0","3","0","18.3","290",,,,,,,,,,,,
"GA","2024-10-27T00:00:00.000","5724","25851","66","2","0","0","22.1","289",,,,,,,,,,,,
"GA","2024-11-03T00:00:00.000","7271","30891","71","5","5","1","23.5","347",,,,,,,,,,,,
"GA","2024-11-10T00:00:00.000","8346","31006","65","12","4","0","26.9","348",,,,,,,,,,,,
"GA","2024-11-17T00:00:00.000","8800","30915","28","0","2","0","28.5","346",,,,,,,,,,,,
"GA","2024-11-24T00:00:00.000","9168","30929","40","1","1","0","29.6","346",,,,,,,,,,,,
"GA","2024-12-01T00:00:00.000","9528","30804","49","11","2","0","30.9","346",,,,,,,,,,,,
"GA","2024-12-08T00:00:00.000","9879","30628","35","5","2","0","32.3","345",,,,,,,,,,,,
"GA","2024-12-15T00:00:00.000","9945","30493","69","7","0","0","32.6","344",,,,,,,,,,,,
"GA","2024-12-22T00:00:00.000","10233","30650","108","16","9","0","33.4","345",,,,,,,,,,,,
"GA","2024-12-29T00:00:00.000","10320","30327","75","21","12","0","34.0","342",,,,,,,,,,,,
"GA","2025-01-05T00:00:00.000","9765","25449","127","50","8","1","38.4","288",,,,,,,,,,,,
"GA","2025-01-12T00:00:00.000","10420","30562","125","33","12","2","34.1","345","19567","48","22","14","6","64.0","4799","27","5","11","1","15.7"
"GA","2025-01-19T00:00:00.000","9893","25669","123","20","8","1","38.5","288","17373","63","33","13","3","67.7","4355","10","2","3","0","17.0"
"GA","2025-01-26T00:00:00.000","11345","30782","174","51","10","0","36.9","344","19464","91","52","23","10","63.2","5272","12","0","7","0","17.1"
"GA","2025-02-02T00:00:00.000","11509","30913","185","20","11","1","37.2","344","19710","123","63","38","20","63.8","5377","13","0","5","0","17.4"
"GA","2025-02-09T00:00:00.000","11846","30830","205","40","16","8","38.4","343","19608","146","94","35","20","63.6","5453","16","1","8","1","17.7"
"GA","2025-02-16T00:00:00.000","12006","30942","170","38","5","0","38.8","344","19616","55","30","11","5","63.4","5784","6","1","2","0","18.7"
"GA","2025-02-23T00:00:00.000","12017","30594","112","29","7","1","39.3","342","19472","23","11","5","3","63.6","5887","6","0","4","0","19.2"
"GA","2025-03-02T00:00:00.000","12041","30666","108","45","5","1","39.3","343","19689","55","31","8","1","64.2","6086","3","1","1","0","19.8"
"GA","2025-03-09T00:00:00.000","12153","30578","152","45","8","1","39.7","343","19747","58","35","14","7","64.6","6183","4","0","1","0","20.2"
"GA","2025-03-16T00:00:00.000","12247","30644","126","50","10","3","40.0","344","19783","35","20","7","3","64.6","6254","1","0","1","0","20.4"
"GA","2025-03-23T00:00:00.000","12049","30558","120","41","9","2","39.4","343","19649","13","6","8","5","64.3","6373","0","0","0","0","20.9"
"GA","2025-03-30T00:00:00.000","12038","30491","124","24","2","0","39.5","342","19588","35","26","6","1","64.2","6392","0","0","0","0","21.0"
"GA","2025-04-06T00:00:00.000","11816","30447","97","17","2","0","38.8","342","19588","4","3","2","0","64.3","6470","0","0","0","0","21.3"
"GA","2025-04-13T00:00:00.000","11449","30701","63","12","8","1","37.3","345","19307","10","6","1","1","62.9","6574","7","0","0","0","21.4"
"GA","2025-04-20T00:00:00.000","10960","30637","41","1","5","0","35.8","344","19344","9","3","2","1","63.1","6473","1","0","3","1","21.1"
"GA","2025-04-27T00:00:00.000","9778","25383","87","5","9","2","38.5","286","17053","0","0","0","0","67.2","5679","0","0","0","0","22.4"
"GA","2025-05-04T00:00:00.000","10356","30682","55","13","6","2","33.8","345","19399","1","0","0","0","63.2","6620","0","0","0","0","21.6"
"GA","2025-05-11T00:00:00.000","10027","30796","30","1","3","0","32.6","346","19240","0","0","0","0","62.5","6546","0","0","0","0","21.3"
"GA","2025-05-18T00:00:00.000","9931","30773","31","2","2","0","32.3","346","19266","2","1","1","1","62.6","6654","0","0","0","0","21.6"
"GA","2025-05-25T00:00:00.000","9744","30831","42","1","7","0","31.6","347","19198","1","0","2","0","62.3","6652","1","0","1","0","21.6"
"GA","2025-06-01T00:00:00.000","9430","30823","32","13","3","1","30.6","347","19340","0","0","0","0","62.7","6671","0","0","0","0","21.6"
"GA","2025-06-08T00:00:00.000","9367","30803","84","13","2","1","30.4","347","19306","2","0","1","0","62.7","6610","1","0","1","0","21.5"
"GA","2025-06-15T00:00:00.000","8952","26083","22","6","1","0","34.3","294","17135","9","7","1","1","65.7","6042","0","0","0","0","23.2"
"GA","2025-06-22T00:00:00.000","9439","30831","15","2","1","0","30.6","346","19030","0","0","1","1","61.7","6703","0","0","0","0","21.7"
"GA","2025-06-29T00:00:00.000","9467","30816","12","1","0","0","30.7","346","18977","1","0","1","0","61.6","6737","0","0","0","0","21.9"
"GA","2025-07-06T00:00:00.000","8905","26325","120","3","2","0","33.8","298","0","4","0","2","0","0.0","6117","0","0","0","0","23.2"
"GA","2025-07-13T00:00:00.000","8856","26360","115","0","0","0","33.6","299","0","32","0","0","0","0.0","6526","0","0","0","0","24.8"
"GA","2025-07-20T00:00:00.000","8737","26323","131","1","1","0","33.2","298","0","0","0","0","0","0.0","6683","0","0","0","0","25.4"
"GA","2025-07-27T00:00:00.000","8651","26438","161","6","2","0","32.7","298","0","1","0","0","0","0.0","6290","1","0","0","0","23.8"
"GA","2025-08-03T00:00:00.000","8839","30854","144","11","2","0","28.6","343","4938","2","0","0","0","16.0","6876","0","0","0","0","22.3"
"GA","2025-08-10T00:00:00.000","8521","30455","165","24","4","0","28.0","338","4486","0","0","0","0","14.7","6775","0","0","0","0","22.2"
"GA","2025-08-17T00:00:00.000","8442","30435","164","14","3","0","27.7","338","4611","1","0","1","0","15.2","6675","0","0","0","0","21.9"
"GA","2025-08-24T00:00:00.000","8573","30484","180","12","8","1","28.1","337","4925","0","0","0","0","16.2","6730","1","0","0","0","22.1"
"GA","2025-08-31T00:00:00.000","8270","30313","257","30","16","1","27.3","333","4654","1","1","1","1","15.4","6584","0","0","0","0","21.7"
"GA","2025-09-07T00:00:00.000","8007","30367","263","36","32","3","26.4","336","2638","3","0","0","0","8.7","6548","3","0","0","0","21.6"
"GA","2025-09-14T00:00:00.000","7878","30213","165","11","4","0","26.1","335","2872","1","0","0","0","9.5","6457","0","0","0","0","21.4"
"GA","2025-09-21T00:00:00.000","7612","30200","120","6","3","1","25.2","334","3110","1","0","0","0","10.3","6533","0","0","1","0","21.6"
"GA","2025-09-28T00:00:00.000","7450","30214","117","1","2","0","24.7","334","4163","1","0","0","0","13.8","6642","0","0","0","0","22.0"
"GA","2025-10-05T00:00:00.000","7029","30214","148","8","9","1","23.3","334","6502","1","0","0","0","21.5","6751","0","0","0","0","22.3"
"GA","2025-10-12T00:00:00.000","7418","30347","100","0","2","0","24.4","335","8741","2","2","0","0","28.8","6684","0","0","0","0","22.0"
"GA","2025-10-19T00:00:00.000","6666","30148","52","0","1","0","22.1","332","10020","0","0","0","0","33.2","6581","0","0","0","0","21.8"
"GA","2025-10-26T00:00:00.000","7032","30010","39","0","3","0","23.4","331","11234","3","3","1","0","37.4","6538","0","0","0","0","21.8"
"GA","2025-11-02T00:00:00.000","7471","30843","45","0","0","0","24.2","330","11969","2","1","0","0","38.8","6528","0","0","0","0","21.2"
"GA","2025-11-09T00:00:00.000","7800","30059","39","5","1","0","25.9","331","12673","7","5","2","2","42.2","6633","2","2","0","0","22.1"
"GA","2025-11-16T00:00:00.000","8025","30077","78","15","4","0","26.7","331","13069","0","0","0","0","43.5","6627","0","0","0","0","22.0"
"GA","2025-11-23T00:00:00.000","8329","29735","86","10","5","0","28.0","326","13281","0","0","0","0","44.7","6624","1","0","0","0","22.3"
"GA","2025-11-30T00:00:00.000","8406","29449","92","12","6","0","28.5","323","13276","1","1","1","1","45.1","6720","0","0","0","0","22.8"
"GA","2025-12-07T00:00:00.000","8619","30066","20","5","1","0","28.7","331","14217","9","8","1","1","47.3","6794","3","0","1","0","22.6"
"GA","2025-12-14T00:00:00.000","8176","24641","73","6","1","0","33.2","272","12210","15","5","1","0","49.6","6004","1","0","0","0","24.4"
"GA","2025-12-21T00:00:00.000","8739","29623","47","5","1","0","29.5","325","14142","36","17","4","0","47.7","6627","1","1","0","0","22.4"
"GA","2025-12-28T00:00:00.000","8811","29236","110","6","6","0","30.1","320","13894","46","11","12","8","47.5","6619","14","14","3","3","22.6"
"GA","2026-01-04T00:00:00.000","8180","24119","116","11","13","0","33.9","266","11866","108","51","28","8","49.2","5912","0","0","0","0","24.5"
"GA","2026-01-11T00:00:00.000","8579","29144","71","8","5","0","29.4","320","14126","93","34","17","6","48.5","6544","3","0","1","0","22.5"
"GA","2026-01-18T00:00:00.000","8724","29753","108","6","2","0","29.3","325","14383","36","18","18","8","48.3","6621","4","2","0","0","22.3"
"GA","2026-01-25T00:00:00.000","8695","29580","122","4","8","0","29.4","322","14271","36","10","9","3","48.2","6509","6","2","0","0","22.0"
"GA","2026-02-01T00:00:00.000","8887","29962","100","12","0","0","29.7","324","14505","27","17","3","1","48.4","6748","4","1","1","0","22.5"
"GA","2026-02-08T00:00:00.000","8863","30055","44","6","5","0","29.5","327","14940","29","16","3","1","49.7","6659","3","0","3","1","22.2"
"GA","2026-02-15T00:00:00.000","8763","29463","87","2","5","1","29.7","320","14706","18","5","6","3","49.9","6703","6","0","1","0","22.8"
"GA","2026-02-22T00:00:00.000","8542","29311","103","21","4","0","29.1","317","14648","27","8","5","2","50.0","6593","13","2","4","0","22.5"
"GA","2026-03-01T00:00:00.000","8533","28878","69","4","6","0","29.5","316","14443","13","10","2","2","50.0","6590","4","1","1","0","22.8"
"GA","2026-03-08T00:00:00.000","8390","28726","64","16","6","1","29.2","314","14239","5","3","0","0","49.6","6481","2","0","1","0","22.6"
"GA","2026-03-15T00:00:00.000","8488","27809","70","14","2","0","30.5","302","13804","16","11","3","3","49.6","6498","4","1","7","1","23.4"
"GA","2026-03-22T00:00:00.000","7236","20613","21","9","2","0","35.1","225","10723","10","4","2","2","52.0","5435","0","0","0","0","26.4"
"GA","2026-03-29T00:00:00.000","5831","15233","13","3","1","1","38.3","164","7284","1","1","1","1","47.8","4395","0","0","1","0","28.9"
"GU","2024-10-06T00:00:00.000","6","18","0","0","0","0","33.3","1",,,,,,,,,,,,
"GU","2024-10-13T00:00:00.000","7","17","0","0","0","0","41.2","1",,,,,,,,,,,,
"GU","2024-10-20T00:00:00.000","7","17","0","0","0","0","41.2","1",,,,,,,,,,,,
"GU","2024-10-27T00:00:00.000","6","17","0","0","0","0","35.3","1",,,,,,,,,,,,
"GU","2024-11-03T00:00:00.000","6","18","0","0","0","0","33.3","1",,,,,,,,,,,,
"GU","2024-11-10T00:00:00.000","5","19","0","0","0","0","26.3","1",,,,,,,,,,,,
"GU","2024-11-17T00:00:00.000","6","17","0","0","0","0","35.3","1",,,,,,,,,,,,
"GU","2024-11-24T00:00:00.000","4","17","0","0","0","0","23.5","1",,,,,,,,,,,,
"GU","2024-12-01T00:00:00.000","5","14","0","0","0","0","35.7","1",,,,,,,,,,,,
"GU","2024-12-08T00:00:00.000","5","15","0","0","0","0","33.3","1",,,,,,,,,,,,
"GU","2024-12-15T00:00:00.000","5","14","0","0","0","0","35.7","1",,,,,,,,,,,,
"GU","2024-12-22T00:00:00.000","5","15","0","0","0","0","33.3","1",,,,,,,,,,,,
"GU","2024-12-29T00:00:00.000","5","17","0","0","0","0","29.4","1",,,,,,,,,,,,
"GU","2025-01-05T00:00:00.000","5","20","0","0","0","0","25.0","1",,,,,,,,,,,,
"GU","2025-01-12T00:00:00.000","5","20","0","0","0","0","25.0","1","19","0","0","0","0","95.0","0","0","0","0","0","0.0"
"GU","2025-01-19T00:00:00.000","5","20","0","0","0","0","25.0","1","19","0","0","0","0","95.0","0","0","0","0","0","0.0"
"GU","2025-01-26T00:00:00.000","5","19","0","0","0","0","26.3","1","18","0","0","0","0","94.7","0","0","0","0","0","0.0"
"GU","2025-02-02T00:00:00.000","6","20","0","0","0","0","30.0","1","18","0","0","0","0","90.0","0","0","0","0","0","0.0"
"GU","2025-02-09T00:00:00.000","5","19","0","0","0","0","26.3","1","17","0","0","0","0","89.5","0","0","0","0","0","0.0"
"GU","2025-02-16T00:00:00.000","5","19","0","0","0","0","26.3","1","17","0","0","0","0","89.5","0","0","0","0","0","0.0"
"GU","2025-02-23T00:00:00.000","4","17","0","0","0","0","23.5","1","16","0","0","0","0","94.1","0","0","0","0","0","0.0"
"GU","2025-03-02T00:00:00.000","3","20","0","0","0","0","15.0","1","17","0","0","0","0","85.0","0","0","0","0","0","0.0"
"GU","2025-03-09T00:00:00.000","3","17","0","0","0","0","17.6","1","15","0","0","0","0","88.2","0","0","0","0","0","0.0"
"GU","2025-03-16T00:00:00.000","2","18","0","0","0","0","11.1","1","17","0","0","0","0","94.4","0","0","0","0","0","0.0"
"GU","2025-03-23T00:00:00.000","2","19","0","0","0","0","10.5","1","18","0","0","0","0","94.7","0","0","0","0","0","0.0"
"GU","2025-03-30T00:00:00.000","3","20","0","0","0","0","15.0","1","19","0","0","0","0","95.0","0","0","0","0","0","0.0"
"GU","2025-04-06T00:00:00.000","3","19","0","0","0","0","15.8","1","18","0","0","0","0","94.7","0","0","0","0","0","0.0"
"GU","2025-04-13T00:00:00.000","3","18","0","0","0","0","16.7","1","16","0","0","0","0","88.9","0","0","0","0","0","0.0"
"GU","2025-04-20T00:00:00.000","3","20","0","0","0","0","15.0","1","18","0","0","0","0","90.0","0","0","0","0","0","0.0"
"GU","2025-04-27T00:00:00.000","7","19","0","0","0","0","36.8","1","17","0","0","0","0","89.5","0","0","0","0","0","0.0"
"GU","2025-05-04T00:00:00.000","9","18","0","0","0","0","50.0","1","17","0","0","0","0","94.4","0","0","0","0","0","0.0"
"GU","2025-05-11T00:00:00.000","9","18","0","0","0","0","50.0","1","17","0","0","0","0","94.4","0","0","0","0","0","0.0"
"GU","2025-05-18T00:00:00.000","9","17","0","0","0","0","52.9","1","16","0","0","0","0","94.1","0","0","0","0","0","0.0"
"GU","2025-05-25T00:00:00.000","9","18","0","0","0","0","50.0","1","17","0","0","0","0","94.4","0","0","0","0","0","0.0"
"GU","2025-06-01T00:00:00.000","9","20","0","0","0","0","45.0","1","19","0","0","0","0","95.0","0","0","0","0","0","0.0"
"GU","2025-06-08T00:00:00.000","9","18","0","0","0","0","50.0","1","17","0","0","0","0","94.4","0","0","0","0","0","0.0"
"GU","2025-06-15T00:00:00.000","7","16","0","0","0","0","43.8","1","15","0","0","0","0","93.8","0","0","0","0","0","0.0"
"GU","2025-06-22T00:00:00.000","6","18","0","0","0","0","33.3","1","17","0","0","0","0","94.4","0","0","0","0","0","0.0"
"GU","2025-06-29T00:00:00.000","7","18","0","0","0","0","38.9","1","16","0","0","0","0","88.9","0","0","0","0","0","0.0"
"GU","2025-07-06T00:00:00.000","7","20","0","0","0","0","35.0","1","0","0","0","0","0","0.0","0","0","0","0","0","0.0"
"GU","2025-07-13T00:00:00.000","7","19","0","0","0","0","36.8","1","0","0","0","0","0","0.0","0","0","0","0","0","0.0"
"GU","2025-07-20T00:00:00.000","7","18","0","0","0","0","38.9","1","0","0","0","0","0","0.0","0","0","0","0","0","0.0"
"GU","2025-07-27T00:00:00.000","7","20","0","0","0","0","35.0","1","0","0","0","0","0","0.0","0","0","0","0","0","0.0"
"GU","2025-08-03T00:00:00.000","7","19","0","0","0","0","36.8","1","0","0","0","0","0","0.0","0","0","0","0","0","0.0"
"GU","2025-08-10T00:00:00.000","7","20","0","0","0","0","35.0","1","0","0","0","0","0","0.0","0","0","0","0","0","0.0"
"GU","2025-08-17T00:00:00.000","7","19","0","0","0","0","36.8","1","0","0","0","0","0","0.0","0","0","0","0","0","0.0"
"GU","2025-08-24T00:00:00.000","7","19","0","0","0","0","36.8","1","0","0","0","0","0","0.0","0","0","0","0","0","0.0"
"GU","2025-08-31T00:00:00.000","6","17","0","0","0","0","35.3","1","0","0","0","0","0","0.0","0","0","0","0","0","0.0"
"GU","2025-09-07T00:00:00.000","7","19","0","0","0","0","36.8","1","0","0","0","0","0","0.0","0","0","0","0","0","0.0"
"GU","2025-09-14T00:00:00.000","7","20","0","0","0","0","35.0","1","0","0","0","0","0","0.0","0","0","0","0","0","0.0"
"GU","2025-09-21T00:00:00.000","8","18","0","0","0","0","44.4","1","0","0","0","0","0","0.0","0","0","0","0","0","0.0"
"GU","2025-09-28T00:00:00.000","7","19","0","0","0","0","36.8","1","0","0","0","0","0","0.0","0","0","0","0","0","0.0"
"GU","2025-10-05T00:00:00.000","7","19","0","0","0","0","36.8","1","0","0","0","0","0","0.0","0","0","0","0","0","0.0"
"GU","2025-10-12T00:00:00.000","7","19","0","0","0","0","36.8","1","0","0","0","0","0","0.0","0","0","0","0","0","0.0"
"GU","2025-10-19T00:00:00.000","5","19","0","0","0","0","26.3","1","1","0","0","0","0","5.3","0","0","0","0","0","0.0"
"GU","2025-10-26T00:00:00.000","4","20","0","0","0","0","20.0","1","18","0","0","0","0","90.0","0","0","0","0","0","0.0"
"GU","2025-11-02T00:00:00.000","4","19","0","0","0","0","21.1","1","17","0","0","0","0","89.5","0","0","0","0","0","0.0"
"GU","2025-11-09T00:00:00.000","4","19","0","0","0","0","21.1","1","17","0","0","0","0","89.5","0","0","0","0","0","0.0"
"GU","2025-11-16T00:00:00.000","3","19","0","0","0","0","15.8","1","17","0","0","0","0","89.5","0","0","0","0","0","0.0"
"GU","2025-11-23T00:00:00.000","2","17","0","0","0","0","11.8","1","16","0","0","0","0","94.1","0","0","0","0","0","0.0"
"GU","2025-11-30T00:00:00.000","3","20","0","0","0","0","15.0","1","18","0","0","0","0","90.0","0","0","0","0","0","0.0"
"GU","2025-12-07T00:00:00.000","2","20","0","0","0","0","10.0","1","18","0","0","0","0","90.0","0","0","0","0","0","0.0"
"GU","2025-12-14T00:00:00.000","2","19","0","0","0","0","10.5","1","17","0","0","0","0","89.5","0","0","0","0","0","0.0"
"GU","2025-12-28T00:00:00.000","2","19","0","0","0","0","10.5","1","17","0","0","0","0","89.5","0","0","0","0","0","0.0"
"GU","2026-01-04T00:00:00.000","2","18","0","0","0","0","11.1","1","16","0","0","0","0","88.9","0","0","0","0","0","0.0"
"GU","2026-01-11T00:00:00.000","1","18","0","0","0","0","5.6","1","16","0","0","0","0","88.9","0","0","0","0","0","0.0"
"GU","2026-01-18T00:00:00.000","3","17","0","0","0","0","17.6","1","16","0","0","0","0","94.1","0","0","0","0","0","0.0"
"GU","2026-01-25T00:00:00.000","3","19","0","0","0","0","15.8","1","17","0","0","0","0","89.5","0","0","0","0","0","0.0"
"GU","2026-02-01T00:00:00.000","3","20","0","0","0","0","15.0","1","18","0","0","0","0","90.0","0","0","0","0","0","0.0"
"GU","2026-02-08T00:00:00.000","3","18","0","0","0","0","16.7","1","18","0","0","0","0","100.0","0","0","0","0","0","0.0"
"GU","2026-02-15T00:00:00.000","3","16","0","0","0","0","18.8","1","16","0","0","0","0","100.0","0","0","0","0","0","0.0"
"GU","2026-02-22T00:00:00.000","3","17","0","0","0","0","17.6","1","17","0","0","0","0","100.0","0","0","0","0","0","0.0"
"GU","2026-03-01T00:00:00.000","2","16","0","0","0","0","12.5","1","16","0","0","0","0","100.0","0","0","0","0","0","0.0"
"GU","2026-03-08T00:00:00.000","2","16","0","0","0","0","12.5","1","16","0","0","0","0","100.0","0","0","0","0","0","0.0"
"GU","2026-03-22T00:00:00.000","2","15","0","0","0","0","13.3","1","15","0","0","0","0","100.0","0","0","0","0","0","0.0"
"GU","2026-03-29T00:00:00.000","2","15","0","0","0","0","13.3","1","15","0","0","0","0","100.0","0","0","0","0","0","0.0"
"HI","2024-10-06T00:00:00.000","353","3335","52","1","1","0","10.6","39",,,,,,,,,,,,
"HI","2024-10-13T00:00:00.000","535","3069","15","0","2","0","17.4","38",,,,,,,,,,,,
"HI","2024-10-20T00:00:00.000","644","3013","20","0","2","0","21.4","37",,,,,,,,,,,,
"HI","2024-10-27T00:00:00.000","885","2940","17","5","0","0","30.1","36",,,,,,,,,,,,
"HI","2024-11-03T00:00:00.000","1185","3246","15","7","0","0","36.5","38",,,,,,,,,,,,
"HI","2024-11-10T00:00:00.000","1310","3210","1","0","0","0","40.8","38",,,,,,,,,,,,
"HI","2024-11-17T00:00:00.000","1372","3041","1","0","0","0","45.1","37",,,,,,,,,,,,
"HI","2024-11-24T00:00:00.000","1458","3219","1","0","0","0","45.3","38",,,,,,,,,,,,
"HI","2024-12-01T00:00:00.000","1513","3140","0","0","0","0","48.2","37",,,,,,,,,,,,
"HI","2024-12-08T00:00:00.000","1555","3085","1","1","0","0","50.4","36",,,,,,,,,,,,
"HI","2024-12-15T00:00:00.000","1557","3083","3","1","1","1","50.5","36",,,,,,,,,,,,
"HI","2024-12-22T00:00:00.000","1578","3098","3","2","0","0","50.9","36",,,,,,,,,,,,
"HI","2024-12-29T00:00:00.000","1624","3171","1","1","0","0","51.2","37",,,,,,,,,,,,
"HI","2025-01-05T00:00:00.000","1764","3075","8","5","0","0","57.4","38",,,,,,,,,,,,
"HI","2025-01-12T00:00:00.000","1503","2566","3","1","0","0","58.6","31","1684","7","6","1","1","65.6","516","3","0","0","0","20.1"
"HI","2025-01-19T00:00:00.000","1490","2530","9","4","3","2","58.9","31","1789","11","6","1","1","70.7","531","8","0","1","0","21.0"
"HI","2025-01-26T00:00:00.000","1476","2494","1","0","0","0","59.2","30","1757","9","6","2","2","70.4","544","11","0","2","0","21.8"
"HI","2025-02-02T00:00:00.000","1482","2527","2","2","0","0","58.6","30","1790","7","5","0","0","70.8","616","12","0","0","0","24.4"
"HI","2025-02-09T00:00:00.000","1550","2587","3","3","0","0","59.9","31","1842","4","1","0","0","71.2","691","6","0","0","0","26.7"
"HI","2025-02-16T00:00:00.000","1583","2620","0","0","0","0","60.4","32","1902","7","4","2","2","72.6","732","6","0","2","0","27.9"
"HI","2025-02-23T00:00:00.000","1582","2601","10","3","2","0","60.8","32","1874","12","6","3","3","72.0","732","5","0","0","0","28.1"
"HI","2025-03-02T00:00:00.000","1556","2559","16","9","2","2","60.8","31","1855","5","3","1","1","72.5","712","1","0","0","0","27.8"
"HI","2025-03-09T00:00:00.000","1586","2528","12","9","0","0","62.7","31","1860","5","3","0","0","73.6","716","1","0","0","0","28.3"
"HI","2025-03-16T00:00:00.000","1555","2625","1","0","1","0","59.2","32","1810","6","4","0","0","69.0","746","5","0","1","0","28.4"
"HI","2025-03-23T00:00:00.000","1653","2640","3","1","0","0","62.6","32","1923","4","2","0","0","72.8","754","7","1","1","1","28.6"
"HI","2025-03-30T00:00:00.000","1628","2666","23","7","2","1","61.1","32","1924","0","0","0","0","72.2","756","2","0","0","0","28.4"
"HI","2025-04-06T00:00:00.000","1594","2682","31","18","1","0","59.4","33","1935","2","1","0","0","72.1","767","0","0","0","0","28.6"
"HI","2025-04-13T00:00:00.000","1457","2708","20","14","1","0","53.8","33","1918","1","1","0","0","70.8","780","0","0","0","0","28.8"
"HI","2025-04-20T00:00:00.000","1387","2605","8","5","1","1","53.2","32","1838","2","0","0","0","70.6","707","0","0","0","0","27.1"
"HI","2025-04-27T00:00:00.000","1303","2591","8","8","1","1","50.3","32","1823","2","0","0","0","70.4","699","0","0","0","0","27.0"
"HI","2025-05-04T00:00:00.000","1216","2637","18","18","1","1","46.1","33","1868","0","0","0","0","70.8","702","0","0","0","0","26.6"
"HI","2025-05-11T00:00:00.000","1259","2678","18","10","2","1","47.0","33","1904","4","1","1","0","71.1","776","1","0","0","0","29.0"
"HI","2025-05-18T00:00:00.000","1228","2643","14","4","0","0","46.5","33","1865","4","0","2","0","70.6","819","0","0","0","0","31.0"
"HI","2025-05-25T00:00:00.000","1171","2578","13","1","0","0","45.4","32","1794","8","2","2","0","69.6","758","0","0","0","0","29.4"
"HI","2025-06-01T00:00:00.000","1130","2517","7","2","1","0","44.9","31","1730","11","5","2","2","68.7","713","0","0","0","0","28.3"
"HI","2025-06-08T00:00:00.000","1100","2516","12","2","2","0","43.7","31","1685","4","1","0","0","67.0","689","0","0","0","0","27.4"
"HI","2025-06-15T00:00:00.000","1134","2467","5","3","1","1","46.0","30","1666","2","2","0","0","67.5","684","0","0","0","0","27.7"
"HI","2025-06-22T00:00:00.000","1237","2600","7","1","1","0","47.6","32","1780","0","0","0","0","68.5","785","0","0","0","0","30.2"
"HI","2025-06-29T00:00:00.000","1270","2605","6","3","1","1","48.8","32","1748","0","0","0","0","67.1","764","0","0","0","0","29.3"
"HI","2025-07-06T00:00:00.000","1290","2600","13","8","0","0","49.6","32","0","0","0","0","0","0.0","787","0","0","0","0","30.3"
"HI","2025-07-13T00:00:00.000","1288","2613","7","4","1","0","49.3","32","0","0","0","0","0","0.0","788","0","0","0","0","30.2"
"HI","2025-07-20T00:00:00.000","1267","2564","4","2","0","0","49.4","31","0","0","0","0","0","0.0","770","0","0","0","0","30.0"
"HI","2025-07-27T00:00:00.000","1250","2576","15","8","1","0","48.5","31","0","5","0","0","0","0.0","766","0","0","0","0","29.7"
"HI","2025-08-03T00:00:00.000","1212","2587","33","19","1","1","46.8","31","454","7","0","0","0","17.5","759","0","0","0","0","29.3"
"HI","2025-08-10T00:00:00.000","1268","2585","47","24","0","0","49.1","31","454","0","0","1","0","17.6","780","1","0","0","0","30.2"
"HI","2025-08-17T00:00:00.000","1283","2558","43","20","1","0","50.2","31","494","1","0","0","0","19.3","765","0","0","0","0","29.9"
"HI","2025-08-24T00:00:00.000","1274","2567","25","9","0","0","49.6","31","486","0","0","0","0","18.9","762","0","0","0","0","29.7"
"HI","2025-08-31T00:00:00.000","1329","2786","46","8","1","0","47.7","33","550","0","0","0","0","19.7","813","3","0","0","0","29.2"
"HI","2025-09-07T00:00:00.000","1327","2794","32","5","0","0","47.5","33","552","0","0","0","0","19.8","831","0","0","0","0","29.7"
"HI","2025-09-14T00:00:00.000","1316","2768","17","6","0","0","47.5","32","357","0","0","0","0","12.9","834","0","0","0","0","30.1"
"HI","2025-09-21T00:00:00.000","1315","2825","19","0","1","0","46.5","33","446","0","0","0","0","15.8","843","1","0","0","0","29.8"
"HI","2025-09-28T00:00:00.000","1284","2818","36","14","1","0","45.6","33","632","0","0","0","0","22.4","897","0","0","0","0","31.8"
"HI","2025-10-05T00:00:00.000","1123","2480","9","2","1","0","45.3","30","697","0","0","0","0","28.1","737","0","0","0","0","29.7"
"HI","2025-10-12T00:00:00.000","1023","2387","0","0","0","0","42.9","29","898","0","0","0","0","37.6","685","0","0","0","0","28.7"
"HI","2025-10-19T00:00:00.000","979","2563","1","0","0","0","38.2","30","820","0","0","0","0","32.0","737","3","0","0","0","28.8"
"HI","2025-10-26T00:00:00.000","1155","2584","1","0","0","0","44.7","30","1185","0","0","0","0","45.9","751","4","0","0","0","29.1"
"HI","2025-11-02T00:00:00.000","1038","2156","2","0","0","0","48.1","28","1274","0","0","0","0","59.1","690","2","0","1","0","32.0"
"HI","2025-11-09T00:00:00.000","1064","2109","5","0","0","0","50.5","27","1311","0","0","0","0","62.2","662","0","0","0","0","31.4"
"HI","2025-11-16T00:00:00.000","1121","2334","18","0","0","0","48.0","28","1501","1","1","0","0","64.3","671","0","0","0","0","28.7"
"HI","2025-11-23T00:00:00.000","1219","2444","3","0","0","0","49.9","29","1591","6","5","0","0","65.1","715","1","0","0","0","29.3"
"HI","2025-11-30T00:00:00.000","1208","2425","2","0","0","0","49.8","29","1533","0","0","0","0","63.2","730","0","0","0","0","30.1"
"HI","2025-12-07T00:00:00.000","1135","2366","0","0","0","0","48.0","28","1491","0","0","0","0","63.0","699","0","0","0","0","29.5"
"HI","2025-12-14T00:00:00.000","1167","2382","5","2","0","0","49.0","28","1477","0","0","1","0","62.0","680","0","0","0","0","28.5"
"HI","2025-12-21T00:00:00.000","1168","2371","9","4","1","0","49.3","28","1495","0","0","0","0","63.1","687","3","2","0","0","29.0"
"HI","2025-12-28T00:00:00.000","1169","2360","0","0","0","0","49.5","28","1503","3","0","1","0","63.7","710","5","2","1","0","30.1"
"HI","2026-01-04T00:00:00.000","1161","2301","1","0","0","0","50.5","28","1495","25","2","0","0","65.0","709","1","1","2","0","30.8"
"HI","2026-01-11T00:00:00.000","1105","2214","2","0","0","0","49.9","27","1433","29","9","5","1","64.7","679","2","0","1","0","30.7"
"HI","2026-01-18T00:00:00.000","1092","2285","12","7","0","0","47.8","28","1441","15","10","2","0","63.1","677","2","0","0","0","29.6"
"HI","2026-01-25T00:00:00.000","1047","2144","19","4","0","0","48.8","26","1358","2","2","0","0","63.3","618","1","0","0","0","28.8"
"HI","2026-02-01T00:00:00.000","1107","2240","16","2","0","0","49.4","27","1452","0","0","1","0","64.8","675","2","0","1","0","30.1"
"HI","2026-02-08T00:00:00.000","1149","2307","0","0","0","0","49.8","28","1534","1","0","0","0","66.5","710","6","0","1","0","30.8"
"HI","2026-02-15T00:00:00.000","1078","2192","0","0","1","0","49.2","26","1431","2","1","0","0","65.3","650","5","0","0","0","29.7"
"HI","2026-02-22T00:00:00.000","1236","2373","0","0","2","0","52.1","28","1587","9","0","0","0","66.9","746","4","0","0","0","31.4"
"HI","2026-03-01T00:00:00.000","1051","2083","0","0","0","0","50.5","25","1408","1","0","0","0","67.6","667","0","0","0","0","32.0"
"HI","2026-03-08T00:00:00.000","1166","2217","0","0","0","0","52.6","26","1507","3","2","0","0","68.0","670","4","0","2","0","30.2"
"HI","2026-03-15T00:00:00.000","1081","2067","0","0","0","0","52.3","24","1383","0","0","0","0","66.9","590","3","0","0","0","28.5"
"HI","2026-03-22T00:00:00.000","1014","1984","0","0","0","0","51.1","25","1316","0","0","0","0","66.3","616","0","0","1","0","31.0"
"HI","2026-03-29T00:00:00.000","486","855","0","0","0","0","56.8","11","601","0","0","0","0","70.3","332","0","0","0","0","38.8"
"IA","2024-10-06T00:00:00.000","3482","19157","215","8","9","0","18.2","372",,,,,,,,,,,,
"IA","2024-10-13T00:00:00.000","4296","19205","212","4","11","0","22.4","372",,,,,,,,,,,,
"IA","2024-10-20T00:00:00.000","5527","18936","96","9","3","1","29.2","368",,,,,,,,,,,,
"IA","2024-10-27T00:00:00.000","6807","18831","57","8","3","0","36.1","364",,,,,,,,,,,,
"IA","2024-11-03T00:00:00.000","8089","18828","142","10","1","0","43.0","365",,,,,,,,,,,,
"IA","2024-11-10T00:00:00.000","8938","18837","76","18","1","0","47.4","366",,,,,,,,,,,,
"IA","2024-11-17T00:00:00.000","9413","18933","55","3","5","1","49.7","366",,,,,,,,,,,,
"IA","2024-11-24T00:00:00.000","9520","18630","54","5","5","0","51.1","361",,,,,,,,,,,,
"IA","2024-12-01T00:00:00.000","9835","18775","38","13","1","0","52.4","365",,,,,,,,,,,,
"IA","2024-12-08T00:00:00.000","9964","18684","77","23","10","1","53.3","364",,,,,,,,,,,,
"IA","2024-12-15T00:00:00.000","10292","18591","99","24","9","1","55.4","360",,,,,,,,,,,,
"IA","2024-12-22T00:00:00.000","10318","18618","127","41","11","1","55.4","359",,,,,,,,,,,,
"IA","2024-12-29T00:00:00.000","10372","18300","124","60","7","2","56.7","355",,,,,,,,,,,,
"IA","2025-01-05T00:00:00.000","10598","18732","210","99","11","9","56.6","363",,,,,,,,,,,,
"IA","2025-01-12T00:00:00.000","10562","18469","284","108","17","2","57.2","356","13600","91","40","13","9","73.6","6588","4","3","2","1","35.7"
"IA","2025-01-19T00:00:00.000","10855","18804","165","71","15","2","57.7","357","13853","30","19","9","4","73.7","6808","3","1","0","0","36.2"
"IA","2025-01-26T00:00:00.000","10764","18538","173","64","6","3","58.1","354","13612","64","40","14","12","73.4","6727","8","4","1","0","36.3"
"IA","2025-02-02T00:00:00.000","10697","18524","163","76","13","8","57.7","353","13601","122","76","31","19","73.4","6714","19","3","6","0","36.2"
"IA","2025-02-09T00:00:00.000","10818","18414","110","51","7","4","58.7","351","13477","111","60","35","19","73.2","6807","10","1","6","0","37.0"
"IA","2025-02-16T00:00:00.000","10728","18272","105","43","2","0","58.7","349","13468","98","55","16","11","73.7","6845","22","2","1","0","37.5"
"IA","2025-02-23T00:00:00.000","10602","18425","121","57","3","0","57.5","351","13489","123","76","13","8","73.2","6970","6","2","2","0","37.8"
"IA","2025-03-02T00:00:00.000","10879","18526","81","50","9","3","58.7","353","13714","94","44","21","8","74.0","6990","4","1","1","1","37.7"
"IA","2025-03-09T00:00:00.000","10799","18446","91","51","2","1","58.5","352","13620","75","53","10","9","73.8","6970","8","3","1","1","37.8"
"IA","2025-03-16T00:00:00.000","10691","18388","79","38","3","1","58.1","352","13627","36","32","7","5","74.1","7040","3","0","5","1","38.3"
"IA","2025-03-23T00:00:00.000","10608","18338","41","15","1","1","57.8","351","13533","12","9","2","2","73.8","7019","7","1","1","0","38.3"
"IA","2025-03-30T00:00:00.000","10515","18038","28","7","0","0","58.3","346","13338","18","12","8","5","73.9","6826","3","0","3","0","37.8"
"IA","2025-04-06T00:00:00.000","10010","18185","30","10","4","1","55.0","349","13344","4","1","0","0","73.4","7022","5","2","1","0","38.6"
"IA","2025-04-13T00:00:00.000","9584","18006","37","10","2","0","53.2","347","13003","9","7","8","1","72.2","7061","15","1","1","0","39.2"
"IA","2025-04-20T00:00:00.000","9318","18211","57","32","3","2","51.2","350","13385","2","0","2","0","73.5","7138","5","0","1","0","39.2"
"IA","2025-04-27T00:00:00.000","9038","18253","64","46","2","1","49.5","351","13314","0","0","0","0","72.9","7179","5","1","3","1","39.3"
"IA","2025-05-04T00:00:00.000","8771","18278","46","22","2","0","48.0","353","13368","3","3","1","1","73.1","7314","5","1","4","0","40.0"
"IA","2025-05-11T00:00:00.000","8613","18433","61","10","3","0","46.7","356","13430","1","1","1","1","72.9","7285","2","0","2","0","39.5"
"IA","2025-05-18T00:00:00.000","8439","18370","38","23","2","0","45.9","354","13400","1","1","0","0","72.9","7246","0","0","0","0","39.4"
"IA","2025-05-25T00:00:00.000","8202","18279","44","23","3","2","44.9","350","13234","2","1","2","0","72.4","7204","1","0","0","0","39.4"
"IA","2025-06-01T00:00:00.000","8035","18170","27","5","0","0","44.2","348","13223","1","0","0","0","72.8","7126","0","0","0","0","39.2"
"IA","2025-06-08T00:00:00.000","8128","18524","17","8","1","0","43.9","353","13309","0","0","0","0","71.8","7263","0","0","0","0","39.2"
"IA","2025-06-15T00:00:00.000","8066","18144","26","0","0","0","44.5","347","13090","0","0","0","0","72.1","7124","0","0","0","0","39.3"
"IA","2025-06-22T00:00:00.000","8228","18246","6","2","0","0","45.1","348","13056","0","0","0","0","71.6","7158","0","0","0","0","39.2"
"IA","2025-06-29T00:00:00.000","8098","18210","17","5","1","1","44.5","348","12716","0","0","0","0","69.8","7216","0","0","0","0","39.6"
"IA","2025-07-06T00:00:00.000","8067","18266","40","0","2","2","44.2","352","0","1","0","0","0","0.0","7454","0","0","0","0","40.8"
"IA","2025-07-13T00:00:00.000","8039","18442","4","1","0","0","43.6","354","0","1","0","0","0","0.0","7460","0","0","0","0","40.5"
"IA","2025-07-20T00:00:00.000","8043","18568","31","14","1","1","43.3","354","0","1","0","0","0","0.0","7518","0","0","0","0","40.5"
"IA","2025-07-27T00:00:00.000","7820","18180","24","5","0","0","43.0","351","0","8","0","1","0","0.0","7236","0","0","0","0","39.8"
"IA","2025-08-03T00:00:00.000","7910","18452","36","3","1","0","42.9","352","2656","2","0","1","0","14.4","7316","0","0","0","0","39.6"
"IA","2025-08-10T00:00:00.000","7931","18547","46","1","2","0","42.8","354","2614","0","0","0","0","14.1","7218","0","0","0","0","38.9"
"IA","2025-08-17T00:00:00.000","7795","18580","30","0","1","0","42.0","353","2399","1","0","1","0","12.9","7363","0","0","0","0","39.6"
"IA","2025-08-24T00:00:00.000","7744","18318","85","22","0","0","42.3","350","2221","1","0","0","0","12.1","7201","0","0","0","0","39.3"
"IA","2025-08-31T00:00:00.000","7646","18361","63","19","3","0","41.6","348","2284","0","0","0","0","12.4","7187","0","0","0","0","39.1"
"IA","2025-09-07T00:00:00.000","7551","18299","59","9","7","0","41.3","349","2031","0","0","0","0","11.1","7286","0","0","0","0","39.8"
"IA","2025-09-14T00:00:00.000","7560","18079","55","9","2","1","41.8","345","2198","0","0","0","0","12.2","7182","0","0","0","0","39.7"
"IA","2025-09-21T00:00:00.000","7645","18060","86","13","8","0","42.3","344","2918","0","0","0","0","16.2","7306","0","0","0","0","40.5"
"IA","2025-09-28T00:00:00.000","7552","18004","64","7","3","0","41.9","343","4226","1","1","1","1","23.5","7222","0","0","0","0","40.1"
"IA","2025-10-05T00:00:00.000","7188","17854","34","3","5","0","40.3","342","5026","0","0","0","0","28.2","7367","0","0","0","0","41.3"
"IA","2025-10-12T00:00:00.000","7265","17741","39","7","3","0","41.0","340","6662","0","0","0","0","37.6","7187","0","0","0","0","40.5"
"IA","2025-10-19T00:00:00.000","7651","17654","170","15","5","0","43.3","340","8553","0","0","0","0","48.4","7228","0","0","0","0","40.9"
"IA","2025-10-26T00:00:00.000","8087","17567","12","2","1","0","46.0","337","9824","1","0","1","0","55.9","7277","0","0","0","0","41.4"
"IA","2025-11-02T00:00:00.000","8591","17534","27","2","4","0","49.0","335","11089","0","0","0","0","63.2","7476","0","0","0","0","42.6"
"IA","2025-11-09T00:00:00.000","8688","17500","16","6","4","1","49.6","334","11512","0","0","0","0","65.8","7561","0","0","0","0","43.2"
"IA","2025-11-16T00:00:00.000","8818","17324","27","2","1","0","50.9","331","11628","1","1","0","0","67.1","7477","0","0","0","0","43.2"
"IA","2025-11-23T00:00:00.000","9026","17413","39","2","2","0","51.8","331","12001","4","4","0","0","68.9","7564","0","0","0","0","43.4"
"IA","2025-11-30T00:00:00.000","9074","17305","33","7","1","0","52.4","330","12007","2","2","0","0","69.4","7536","0","0","0","0","43.5"
"IA","2025-12-07T00:00:00.000","8900","17252","43","22","2","0","51.6","330","11943","0","0","0","0","69.2","7592","0","0","0","0","44.0"
"IA","2025-12-14T00:00:00.000","8691","17086","26","8","2","1","50.9","327","11921","4","3","1","1","69.8","7568","0","0","0","0","44.3"
"IA","2025-12-21T00:00:00.000","8873","17268","63","15","2","0","51.4","329","11946","14","7","2","1","69.2","7640","0","0","0","0","44.2"
"IA","2025-12-28T00:00:00.000","8782","16978","104","42","5","2","51.7","323","11895","32","23","5","5","70.1","7615","0","0","0","0","44.9"
"IA","2026-01-04T00:00:00.000","8757","16902","142","51","7","2","51.8","323","11732","102","69","16","12","69.4","7469","5","1","0","0","44.2"
"IA","2026-01-11T00:00:00.000","8557","16634","161","37","9","2","51.4","318","11753","101","74","30","22","70.7","7296","3","0","0","0","43.9"
"IA","2026-01-18T00:00:00.000","8509","16656","117","38","3","0","51.1","318","11677","43","29","4","3","70.1","7274","5","0","0","0","43.7"
"IA","2026-01-25T00:00:00.000","8618","16754","104","33","7","2","51.4","317","11695","27","20","2","2","69.8","7434","10","0","1","0","44.4"
"IA","2026-02-01T00:00:00.000","8776","16748","67","29","9","1","52.4","317","11741","65","38","6","3","70.1","7438","2","0","0","0","44.4"
"IA","2026-02-08T00:00:00.000","8816","16745","87","34","2","0","52.6","314","11788","37","24","4","2","70.4","7446","3","1","3","0","44.5"
"IA","2026-02-15T00:00:00.000","8715","16536","126","54","14","5","52.7","311","11682","66","43","11","6","70.6","7397","5","0","2","0","44.7"
"IA","2026-02-22T00:00:00.000","8267","15930","66","21","2","0","51.9","302","11188","31","9","9","1","70.2","7111","5","0","1","0","44.6"
"IA","2026-03-01T00:00:00.000","8080","15845","35","12","6","2","51.0","301","11223","3","2","1","1","70.8","7126","8","0","0","0","45.0"
"IA","2026-03-08T00:00:00.000","8019","15516","25","12","5","1","51.7","295","10960","12","5","3","1","70.6","7032","8","2","2","0","45.3"
"IA","2026-03-15T00:00:00.000","7853","14939","6","1","0","0","52.6","283","10567","4","4","2","2","70.7","6771","4","0","1","0","45.3"
"IA","2026-03-22T00:00:00.000","7200","13646","10","1","1","0","52.8","258","9738","3","3","1","1","71.4","6188","2","0","1","0","45.3"
"IA","2026-03-29T00:00:00.000","3746","7023","1","0","0","0","53.3","144","5198","0","0","0","0","74.0","3273","0","0","0","0","46.6"
"ID","2024-10-06T00:00:00.000","924","4303","20","0","3","0","21.5","78",,,,,,,,,,,,
"ID","2024-10-13T00:00:00.000","948","4180","26","0","0","0","22.7","78",,,,,,,,,,,,
"ID","2024-10-20T00:00:00.000","1131","4319","5","0","1","0","26.2","78",,,,,,,,,,,,
"ID","2024-10-27T00:00:00.000","1454","4320","16","0","0","0","33.7","77",,,,,,,,,,,,
"ID","2024-11-03T00:00:00.000","1598","4346","1","0","1","0","36.8","78",,,,,,,,,,,,
"ID","2024-11-10T00:00:00.000","1663","4306","9","7","1","0","38.6","78",,,,,,,,,,,,
"ID","2024-11-17T00:00:00.000","1684","4256","9","1","2","0","39.6","77",,,,,,,,,,,,
"ID","2024-11-24T00:00:00.000","1799","4311","30","19","5","0","41.7","78",,,,,,,,,,,,
"ID","2024-12-01T00:00:00.000","1810","4350","15","1","2","1","41.6","78",,,,,,,,,,,,
"ID","2024-12-08T00:00:00.000","1805","4300","39","4","3","0","42.0","78",,,,,,,,,,,,
"ID","2024-12-15T00:00:00.000","1817","4296","54","13","1","0","42.3","78",,,,,,,,,,,,
"ID","2024-12-22T00:00:00.000","1831","4306","57","13","0","0","42.5","78",,,,,,,,,,,,
"ID","2024-12-29T00:00:00.000","1828","4213","59","19","1","0","43.4","77",,,,,,,,,,,,
"ID","2025-01-05T00:00:00.000","1849","4280","86","18","3","0","43.2","79",,,,,,,,,,,,
"ID","2025-01-12T00:00:00.000","1800","4273","17","5","0","0","42.1","78","2517","11","9","0","0","58.9","965","0","0","0","0","22.6"
"ID","2025-01-19T00:00:00.000","1806","4318","2","1","1","0","41.8","78","2574","8","5","4","3","59.6","988","3","0","1","0","22.9"
"ID","2025-01-26T00:00:00.000","1747","4194","22","0","0","0","41.7","75","2497","12","9","1","1","59.5","958","3","2","0","0","22.8"
"ID","2025-02-02T00:00:00.000","1806","4318","29","2","0","0","41.8","77","2570","14","7","3","2","59.5","994","14","3","1","0","23.0"
"ID","2025-02-09T00:00:00.000","1756","4368","31","2","0","0","40.2","77","2603","18","10","3","2","59.6","1029","7","0","2","0","23.6"
"ID","2025-02-16T00:00:00.000","1822","4387","12","3","1","1","41.5","77","2612","21","11","5","4","59.5","1053","1","0","0","0","24.0"
"ID","2025-02-23T00:00:00.000","1806","4333","11","2","0","0","41.7","76","2721","17","7","4","1","62.8","1069","0","0","0","0","24.7"
"ID","2025-03-02T00:00:00.000","1720","4302","13","6","0","0","40.0","76","2582","7","5","1","1","60.0","1041","1","0","0","0","24.2"
"ID","2025-03-09T00:00:00.000","1752","4246","15","8","2","0","41.3","75","2614","4","3","1","1","61.6","1070","4","0","0","0","25.2"
"ID","2025-03-16T00:00:00.000","1698","4288","6","5","0","0","39.6","76","2625","4","3","1","1","61.2","1073","1","0","1","0","25.0"
"ID","2025-03-23T00:00:00.000","1792","4375","14","9","2","0","41.0","77","2651","24","3","4","1","60.6","1111","3","1","1","1","25.4"
"ID","2025-03-30T00:00:00.000","1662","4179","19","12","3","0","39.8","74","2541","16","5","2","1","60.8","1016","1","0","0","0","24.3"
"ID","2025-04-06T00:00:00.000","1597","4306","12","3","0","0","37.1","75","2583","1","1","1","1","60.0","1048","0","0","0","0","24.3"
"ID","2025-04-13T00:00:00.000","1531","4288","15","0","4","1","35.7","76","2604","0","0","0","0","60.7","1085","2","0","1","0","25.3"
"ID","2025-04-20T00:00:00.000","1594","4219","11","4","0","0","37.8","75","2612","1","1","0","0","61.9","1050","0","0","0","0","24.9"
"ID","2025-04-27T00:00:00.000","1602","4224","9","0","0","0","37.9","74","2584","0","0","0","0","61.2","1037","0","0","0","0","24.6"
"ID","2025-05-04T00:00:00.000","1558","4280","1","1","0","0","36.4","75","2578","0","0","1","0","60.2","1103","0","0","0","0","25.8"
"ID","2025-05-11T00:00:00.000","1518","4233","1","0","2","0","35.9","74","2506","0","0","1","0","59.2","1052","0","0","0","0","24.9"
"ID","2025-05-18T00:00:00.000","1510","4249","6","0","2","0","35.5","74","2531","0","0","0","0","59.6","1075","0","0","0","0","25.3"
"ID","2025-05-25T00:00:00.000","1461","4289","5","2","1","0","34.1","75","2547","0","0","0","0","59.4","1090","0","0","0","0","25.4"
"ID","2025-06-01T00:00:00.000","1485","4223","0","0","0","0","35.2","74","2515","0","0","0","0","59.6","1044","0","0","0","0","24.7"
"ID","2025-06-08T00:00:00.000","1475","4293","2","0","0","0","34.4","75","2505","0","0","0","0","58.4","1136","0","0","0","0","26.5"
"ID","2025-06-15T00:00:00.000","1414","4257","0","0","0","0","33.2","74","2470","2","2","1","0","58.0","1080","0","0","0","0","25.4"
"ID","2025-06-22T00:00:00.000","1413","4275","0","0","0","0","33.1","74","2512","2","1","1","0","58.8","1055","0","0","0","0","24.7"
"ID","2025-06-29T00:00:00.000","1408","4202","0","0","0","0","33.5","72","2324","0","0","0","0","55.3","1065","0","0","0","0","25.3"
"ID","2025-07-06T00:00:00.000","1397","4243","4","1","0","0","32.9","74","0","0","0","0","0","0.0","1112","0","0","0","0","26.2"
"ID","2025-07-13T00:00:00.000","1384","4264","0","0","0","0","32.5","74","0","0","0","0","0","0.0","1070","0","0","0","0","25.1"
"ID","2025-07-20T00:00:00.000","1376","4227","3","0","0","0","32.6","73","0","0","0","0","0","0.0","972","0","0","0","0","23.0"
"ID","2025-07-27T00:00:00.000","1335","4199","3","3","0","0","31.8","72","0","0","0","0","0","0.0","1001","0","0","0","0","23.8"
"ID","2025-08-03T00:00:00.000","1384","4262","3","0","0","0","32.5","73","438","0","0","0","0","10.3","1030","0","0","0","0","24.2"
"ID","2025-08-10T00:00:00.000","1433","4301","0","0","0","0","33.3","74","463","0","0","0","0","10.8","1022","0","0","0","0","23.8"
"ID","2025-08-17T00:00:00.000","1355","4310","2","0","1","0","31.4","74","389","0","0","0","0","9.0","1057","0","0","0","0","24.5"
"ID","2025-08-24T00:00:00.000","1324","4241","6","0","1","0","31.2","73","350","0","0","0","0","8.3","981","0","0","0","0","23.1"
"ID","2025-08-31T00:00:00.000","1353","4385","9","1","1","1","30.9","75","348","0","0","0","0","7.9","1013","0","0","0","0","23.1"
"ID","2025-09-07T00:00:00.000","1236","4277","20","4","1","0","28.9","74","336","0","0","0","0","7.9","961","0","0","0","0","22.5"
"ID","2025-09-14T00:00:00.000","1205","4300","37","0","3","0","28.0","74","341","0","0","0","0","7.9","956","0","0","0","0","22.2"
"ID","2025-09-21T00:00:00.000","1226","4386","37","1","1","0","28.0","75","372","0","0","0","0","8.5","976","0","0","0","0","22.3"
"ID","2025-09-28T00:00:00.000","1192","4320","30","0","0","0","27.6","75","548","0","0","0","0","12.7","993","0","0","0","0","23.0"
"ID","2025-10-05T00:00:00.000","1115","4362","12","0","1","0","25.6","76","777","0","0","0","0","17.8","919","0","0","0","0","21.1"
"ID","2025-10-12T00:00:00.000","1147","4242","8","0","1","0","27.0","75","919","0","0","0","0","21.7","973","0","0","0","0","22.9"
"ID","2025-10-19T00:00:00.000","1209","4311","10","2","0","0","28.0","75","1181","0","0","0","0","27.4","1034","0","0","0","0","24.0"
"ID","2025-10-26T00:00:00.000","1196","4292","20","2","1","1","27.9","74","1312","0","0","0","0","30.6","975","0","0","0","0","22.7"
"ID","2025-11-02T00:00:00.000","1298","4382","18","0","0","0","29.6","75","1513","0","0","0","0","34.5","1036","0","0","0","0","23.6"
"ID","2025-11-09T00:00:00.000","1340","4376","17","2","0","0","30.6","75","1589","0","0","0","0","36.3","1063","0","0","0","0","24.3"
"ID","2025-11-16T00:00:00.000","1400","4392","17","1","0","0","31.9","75","1841","1","0","0","0","41.9","1073","0","0","0","0","24.4"
"ID","2025-11-23T00:00:00.000","1434","4410","5","0","0","0","32.5","75","1889","12","7","2","1","42.8","1099","1","1","0","0","24.9"
"ID","2025-11-30T00:00:00.000","1452","4393","3","0","0","0","33.1","75","1954","12","5","1","1","44.5","1082","0","0","0","0","24.6"
"ID","2025-12-07T00:00:00.000","1505","4390","2","0","0","0","34.3","74","1839","6","3","1","1","41.9","1146","0","0","0","0","26.1"
"ID","2025-12-14T00:00:00.000","1502","4398","1","0","2","0","34.2","74","1816","3","2","0","0","41.3","1112","0","0","0","0","25.3"
"ID","2025-12-21T00:00:00.000","1507","4438","17","0","1","0","34.0","74","1877","5","0","0","0","42.3","1112","0","0","0","0","25.1"
"ID","2025-12-28T00:00:00.000","1561","4447","6","1","0","0","35.1","72","1845","1","0","0","0","41.5","1116","0","0","0","0","25.1"
"ID","2026-01-04T00:00:00.000","1493","4368","7","1","0","0","34.2","73","1811","14","3","3","1","41.5","1059","0","0","0","0","24.2"
"ID","2026-01-11T00:00:00.000","1436","4357","12","0","1","0","33.0","73","1852","32","4","7","0","42.5","1073","0","0","0","0","24.6"
"ID","2026-01-18T00:00:00.000","1477","4499","15","0","1","0","32.8","74","1863","27","4","6","3","41.4","1106","0","0","0","0","24.6"
"ID","2026-01-25T00:00:00.000","1468","4498","8","1","0","0","32.6","74","1887","17","12","6","4","42.0","1116","1","0","0","0","24.8"
"ID","2026-02-01T00:00:00.000","1475","4445","6","1","0","0","33.2","73","1885","12","4","4","2","42.4","1128","0","0","0","0","25.4"
"ID","2026-02-08T00:00:00.000","1483","4401","5","1","0","0","33.7","73","1876","9","3","1","1","42.6","1160","0","0","0","0","26.4"
"ID","2026-02-15T00:00:00.000","1508","4417","20","9","3","0","34.1","73","1794","0","0","0","0","40.6","1200","0","0","0","0","27.2"
"ID","2026-02-22T00:00:00.000","1474","4127","12","6","0","0","35.7","69","1776","4","2","1","0","43.0","1078","0","0","0","0","26.1"
"ID","2026-03-01T00:00:00.000","1574","4419","20","7","1","0","35.6","73","1889","16","10","2","0","42.7","1135","0","0","0","0","25.7"
"ID","2026-03-08T00:00:00.000","1542","4357","4","0","1","0","35.4","72","1836","2","0","1","0","42.1","1105","0","0","0","0","25.4"
"ID","2026-03-15T00:00:00.000","1539","4301","15","0","1","0","35.8","71","1855","2","1","1","1","43.1","1102","0","0","0","0","25.6"
"ID","2026-03-22T00:00:00.000","1370","3801","3","0","0","0","36.0","63","1803","16","6","4","1","47.4","1020","0","0","0","0","26.8"
"ID","2026-03-29T00:00:00.000","777","1966","9","2","0","0","39.5","32","1175","5","5","1","1","59.8","623","0","0","0","0","31.7"
"IL","2024-10-06T00:00:00.000","9782","60366","325","11","30","0","16.2","648",,,,,,,,,,,,
"IL","2024-10-13T00:00:00.000","10039","60896","296","21","17","0","16.5","652",,,,,,,,,,,,
"IL","2024-10-20T00:00:00.000","11839","61501","378","32","14","0","19.3","654",,,,,,,,,,,,
"IL","2024-10-27T00:00:00.000","13612","61552","346","15","19","0","22.1","654",,,,,,,,,,,,
"IL","2024-11-03T00:00:00.000","16159","61748","252","46","22","4","26.2","653",,,,,,,,,,,,
"IL","2024-11-10T00:00:00.000","18452","61098","179","20","10","1","30.2","646",,,,,,,,,,,,
"IL","2024-11-17T00:00:00.000","20116","61175","189","24","6","1","32.9","644",,,,,,,,,,,,
"IL","2024-11-24T00:00:00.000","22178","61215","260","80","12","1","36.2","642",,,,,,,,,,,,
"IL","2024-12-01T00:00:00.000","22919","61231","278","38","13","1","37.4","645",,,,,,,,,,,,
"IL","2024-12-08T00:00:00.000","24170","61313","347","47","15","1","39.4","646",,,,,,,,,,,,
"IL","2024-12-15T00:00:00.000","25309","61418","309","72","11","2","41.2","646",,,,,,,,,,,,
"IL","2024-12-22T00:00:00.000","25913","61499","361","88","22","4","42.1","645",,,,,,,,,,,,
"IL","2024-12-29T00:00:00.000","26722","61489","479","111","35","5","43.5","646",,,,,,,,,,,,
"IL","2025-01-05T00:00:00.000","26888","61602","494","116","41","10","43.6","647",,,,,,,,,,,,
"IL","2025-01-12T00:00:00.000","27123","61257","472","147","42","9","44.3","641","37696","222","130","56","30","61.5","11693","40","5","9","1","19.1"
"IL","2025-01-19T00:00:00.000","27305","61583","341","86","25","6","44.3","640","38048","203","128","52","27","61.8","11821","50","8","3","0","19.2"
"IL","2025-01-26T00:00:00.000","27733","61713","306","91","22","2","44.9","640","38066","154","78","34","22","61.7","11956","52","9","18","3","19.4"
"IL","2025-02-02T00:00:00.000","27902","61878","395","106","29","6","45.1","640","36990","273","147","48","21","59.8","12439","56","11","7","0","20.1"
"IL","2025-02-09T00:00:00.000","28463","61645","383","130","29","5","46.2","638","37175","373","185","85","40","60.3","12575","71","17","15","3","20.4"
"IL","2025-02-16T00:00:00.000","28346","61333","334","116","34","5","46.2","634","36918","367","179","77","35","60.2","12682","66","10","8","1","20.7"
"IL","2025-02-23T00:00:00.000","28524","61507","256","107","15","5","46.4","636","37044","215","105","57","26","60.2","12886","28","0","6","0","21.0"
"IL","2025-03-02T00:00:00.000","28584","61622","163","38","20","6","46.4","640","37120","200","119","47","22","60.2","12903","33","4","7","1","20.9"
"IL","2025-03-09T00:00:00.000","28918","61128","203","86","23","4","47.3","634","37048","155","53","37","21","60.6","13026","29","6","9","2","21.3"
"IL","2025-03-16T00:00:00.000","28898","61007","240","90","19","9","47.4","633","36783","114","56","22","15","60.3","13442","25","2","3","1","22.0"
"IL","2025-03-23T00:00:00.000","28437","60941","192","46","23","5","46.7","631","38608","52","27","17","7","63.4","13429","35","2","5","0","22.0"
"IL","2025-03-30T00:00:00.000","28463","61035","131","46","9","3","46.6","632","38755","23","11","3","1","63.5","13475","10","1","1","0","22.1"
"IL","2025-04-06T00:00:00.000","27994","60483","106","33","14","3","46.3","629","37856","24","7","5","1","62.6","13429","6","0","1","0","22.2"
"IL","2025-04-13T00:00:00.000","28164","60521","79","19","4","0","46.5","628","38186","34","13","5","2","63.1","13576","9","0","3","0","22.4"
"IL","2025-04-20T00:00:00.000","27772","60600","97","32","13","4","45.8","630","38242","13","9","5","3","63.1","13643","3","0","2","0","22.5"
"IL","2025-04-27T00:00:00.000","27257","60598","108","25","11","4","45.0","629","38199","28","5","3","2","63.0","13636","3","2","1","0","22.5"
"IL","2025-05-04T00:00:00.000","26947","61626","33","15","4","1","43.7","630","38115","1","1","1","1","61.8","13743","0","0","1","0","22.3"
"IL","2025-05-11T00:00:00.000","26330","60688","34","6","7","1","43.4","631","37869","0","0","0","0","62.4","13656","2","0","1","0","22.5"
"IL","2025-05-18T00:00:00.000","26280","60603","14","4","3","0","43.4","630","37621","0","0","0","0","62.1","13448","3","2","1","0","22.2"
"IL","2025-05-25T00:00:00.000","25854","61557","61","4","0","0","42.0","628","37455","5","2","2","2","60.8","13628","0","0","0","0","22.1"
"IL","2025-06-01T00:00:00.000","25591","60053","23","5","4","0","42.6","627","37627","0","0","1","1","62.7","13589","0","0","0","0","22.6"
"IL","2025-06-08T00:00:00.000","25167","60229","23","5","4","0","41.8","627","37858","0","0","0","0","62.9","13651","0","0","0","0","22.7"
"IL","2025-06-15T00:00:00.000","24849","60125","55","6","4","2","41.3","626","37431","1","0","0","0","62.3","13670","1","0","1","0","22.7"
"IL","2025-06-22T00:00:00.000","24857","59991","28","7","3","1","41.4","624","37258","1","0","0","0","62.1","13820","0","0","0","0","23.0"
"IL","2025-06-29T00:00:00.000","25113","59977","11","4","1","0","41.9","625","37421","1","0","1","0","62.4","13700","0","0","0","0","22.8"
"IL","2025-07-06T00:00:00.000","24752","60328","12","0","0","0","41.0","628","0","0","0","0","0","0.0","14802","0","0","0","0","24.5"
"IL","2025-07-13T00:00:00.000","24452","60057","26","0","3","0","40.7","625","0","0","0","0","0","0.0","14701","0","0","0","0","24.5"
"IL","2025-07-20T00:00:00.000","24782","60208","27","3","2","0","41.2","625","0","0","0","0","0","0.0","14840","2","0","0","0","24.6"
"IL","2025-07-27T00:00:00.000","24246","59877","79","6","1","0","40.5","620","0","0","0","0","0","0.0","14071","0","0","0","0","23.5"
"IL","2025-08-03T00:00:00.000","24332","60287","50","12","4","0","40.4","625","6967","3","0","3","0","11.6","13914","0","0","0","0","23.1"
"IL","2025-08-10T00:00:00.000","24009","59990","96","7","5","1","40.0","623","6966","0","0","0","0","11.6","13726","0","0","0","0","22.9"
"IL","2025-08-17T00:00:00.000","23739","60227","136","31","7","3","39.4","623","6770","124","0","1","0","11.2","14034","0","0","0","0","23.3"
"IL","2025-08-24T00:00:00.000","23165","59822","144","35","5","1","38.7","618","6561","0","0","1","0","11.0","13772","0","0","0","0","23.0"
"IL","2025-08-31T00:00:00.000","22722","59983","169","24","11","2","37.9","617","6224","0","0","0","0","10.4","13828","0","0","1","0","23.1"
"IL","2025-09-07T00:00:00.000","22649","60222","223","38","11","1","37.6","622","6489","0","0","0","0","10.8","14024","0","0","0","0","23.3"
"IL","2025-09-14T00:00:00.000","22435","60350","244","84","15","5","37.2","620","6209","0","0","0","0","10.3","13832","1","0","0","0","22.9"
"IL","2025-09-21T00:00:00.000","21770","60012","232","38","13","2","36.3","617","7552","0","0","0","0","12.6","13647","0","0","0","0","22.7"
"IL","2025-09-28T00:00:00.000","20702","59869","260","43","9","1","34.6","618","9508","0","0","0","0","15.9","13783","0","0","0","0","23.0"
"IL","2025-10-05T00:00:00.000","20887","59156","133","18","6","2","35.3","612","14251","1","1","0","0","24.1","13525","0","0","0","0","22.9"
"IL","2025-10-12T00:00:00.000","20192","59022","100","18","8","0","34.2","609","20415","1","0","0","0","34.6","13353","1","0","0","0","22.6"
"IL","2025-10-19T00:00:00.000","20389","58914","57","11","7","1","34.6","607","24452","0","0","0","0","41.5","13283","2","0","0","0","22.5"
"IL","2025-10-26T00:00:00.000","21218","58855","46","3","2","0","36.1","606","27545","2","0","0","0","46.8","13393","1","1","1","0","22.8"
"IL","2025-11-02T00:00:00.000","21741","58750","71","1","5","1","37.0","607","29860","5","2","1","0","50.8","13476","2","1","0","0","22.9"
"IL","2025-11-09T00:00:00.000","22551","59158","71","21","5","0","38.1","610","31579","9","7","0","0","53.4","13849","5","0","0","0","23.4"
"IL","2025-11-16T00:00:00.000","22749","59091","131","23","14","6","38.5","606","32522","7","2","2","1","55.0","13763","0","0","0","0","23.3"
"IL","2025-11-23T00:00:00.000","23241","58803","146","19","6","2","39.5","606","32910","13","3","2","1","56.0","13787","5","1","1","0","23.4"
"IL","2025-11-30T00:00:00.000","23494","58314","129","22","16","3","40.3","600","33517","21","11","2","1","57.5","13732","5","0","1","0","23.5"
"IL","2025-12-07T00:00:00.000","24244","58703","222","21","25","5","41.3","603","34257","32","18","10","7","58.4","13750","4","0","0","0","23.4"
"IL","2025-12-14T00:00:00.000","24671","58671","280","46","32","3","42.0","604","34210","34","21","4","1","58.3","13997","10","1","0","0","23.9"
"IL","2025-12-21T00:00:00.000","25170","58965","307","47","23","6","42.7","605","35116","56","23","16","5","59.6","13932","8","1","1","0","23.6"
"IL","2025-12-28T00:00:00.000","25028","58206","392","74","23","1","43.0","600","34579","128","71","25","10","59.4","14004","11","2","3","0","24.1"
"IL","2026-01-04T00:00:00.000","24739","57907","411","112","23","4","42.7","599","34731","220","113","54","18","60.0","14038","16","3","5","0","24.2"
"IL","2026-01-11T00:00:00.000","25132","58150","541","129","32","7","43.2","596","34889","225","94","27","15","60.0","14230","11","3","7","0","24.5"
"IL","2026-01-18T00:00:00.000","25270","58726","480","130","34","9","43.0","597","35428","118","60","31","18","60.3","14351","10","2","5","0","24.4"
"IL","2026-01-25T00:00:00.000","25056","58741","347","85","16","4","42.7","594","35325","138","84","25","8","60.1","14366","17","3","7","0","24.5"
"IL","2026-02-01T00:00:00.000","25195","59202","259","54","23","6","42.6","597","35588","105","56","16","9","60.1","14418","12","2","1","0","24.4"
"IL","2026-02-08T00:00:00.000","25214","58413","215","59","17","2","43.2","593","35445","123","66","24","16","60.7","14481","12","0","6","0","24.8"
"IL","2026-02-15T00:00:00.000","25293","57881","172","46","12","3","43.7","587","35380","71","29","11","5","61.1","14560","33","19","5","3","25.2"
"IL","2026-02-22T00:00:00.000","25259","57387","153","39","10","1","44.0","578","34990","75","42","10","7","61.0","14263","28","2","5","1","24.9"
"IL","2026-03-01T00:00:00.000","24675","56538","148","28","16","5","43.6","571","34365","56","32","27","6","60.8","14531","30","1","6","0","25.7"
"IL","2026-03-08T00:00:00.000","24540","55608","95","28","6","2","44.1","562","33854","35","20","7","5","60.9","14243","25","3","12","1","25.6"
"IL","2026-03-15T00:00:00.000","23961","54121","114","20","13","2","44.3","545","33236","19","11","6","4","61.4","13994","40","5","13","1","25.9"
"IL","2026-03-22T00:00:00.000","22751","51518","148","21","8","1","44.2","519","31703","9","5","4","0","61.5","13243","32","6","8","2","25.7"
"IL","2026-03-29T00:00:00.000","14199","31500","72","17","1","0","45.1","311","19108","4","3","0","0","60.7","7877","10","1","2","1","25.0"
"IN","2024-10-06T00:00:00.000","3652","36728","185","2","8","0","9.9","499",,,,,,,,,,,,
"IN","2024-10-13T00:00:00.000","4521","36969","152","9","10","1","12.2","502",,,,,,,,,,,,
"IN","2024-10-20T00:00:00.000","5628","36897","172","15","9","0","15.3","500",,,,,,,,,,,,
"IN","2024-10-27T00:00:00.000","6559","36404","282","24","13","0","18.0","495",,,,,,,,,,,,
"IN","2024-11-03T00:00:00.000","8198","36759","168","12","13","0","22.3","500",,,,,,,,,,,,
"IN","2024-11-10T00:00:00.000","9425","36645","188","14","9","2","25.7","498",,,,,,,,,,,,
"IN","2024-11-17T00:00:00.000","9968","36587","150","9","1","0","27.2","498",,,,,,,,,,,,
"IN","2024-11-24T00:00:00.000","11163","36460","140","6","2","0","30.6","497",,,,,,,,,,,,
"IN","2024-12-01T00:00:00.000","11784","36330","148","29","6","3","32.4","496",,,,,,,,,,,,
"IN","2024-12-08T00:00:00.000","12832","36521","212","26","6","2","35.1","498",,,,,,,,,,,,
"IN","2024-12-15T00:00:00.000","13136","36468","241","45","7","1","36.0","498",,,,,,,,,,,,
"IN","2024-12-22T00:00:00.000","13348","36668","378","79","18","7","36.4","499",,,,,,,,,,,,
"IN","2024-12-29T00:00:00.000","13358","36296","356","89","13","3","36.8","497",,,,,,,,,,,,
"IN","2025-01-05T00:00:00.000","14380","36413","451","124","16","4","39.5","500",,,,,,,,,,,,
"IN","2025-01-12T00:00:00.000","14738","36588","282","94","16","3","40.3","498","21958","35","27","7","1","60.0","7486","3","0","2","0","20.5"
"IN","2025-01-19T00:00:00.000","14890","36996","301","56","16","2","40.2","499","22517","85","51","22","10","60.9","7655","6","0","3","0","20.7"
"IN","2025-01-26T00:00:00.000","14999","36749","196","66","11","3","40.8","496","22157","113","78","29","22","60.3","7740","12","3","3","0","21.1"
"IN","2025-02-02T00:00:00.000","15557","36990","153","30","13","1","42.1","499","21686","161","102","27","17","58.6","7789","24","3","1","0","21.1"
"IN","2025-02-09T00:00:00.000","15603","36874","101","20","8","1","42.3","498","21712","220","120","22","7","58.9","7876","13","1","4","0","21.4"
"IN","2025-02-16T00:00:00.000","15107","36917","111","21","5","0","40.9","499","22443","338","166","26","11","60.8","8031","20","1","2","0","21.8"
"IN","2025-02-23T00:00:00.000","15081","36976","105","27","11","3","40.8","498","22553","352","214","36","18","61.0","8080","16","3","2","0","21.9"
"IN","2025-03-02T00:00:00.000","15239","36928","85","38","7","3","41.3","497","23535","207","122","37","20","63.7","8453","10","2","0","0","22.9"
"IN","2025-03-09T00:00:00.000","15401","37034","72","32","12","2","41.6","499","23590","137","69","26","15","63.7","8455","9","1","2","0","22.8"
"IN","2025-03-16T00:00:00.000","15410","36889","90","26","10","2","41.8","497","23500","89","36","4","3","63.7","8504","4","1","1","0","23.1"
"IN","2025-03-23T00:00:00.000","15272","36624","106","14","12","0","41.7","497","23297","18","11","3","0","63.6","8305","4","0","1","0","22.7"
"IN","2025-03-30T00:00:00.000","15210","36502","91","13","7","2","41.7","496","22813","25","18","4","4","62.5","8442","8","0","2","0","23.1"
"IN","2025-04-06T00:00:00.000","14974","36621","138","27","3","2","40.9","498","22996","24","11","4","1","62.8","8401","0","0","0","0","22.9"
"IN","2025-04-13T00:00:00.000","15050","36581","57","13","4","1","41.1","497","23180","4","4","0","0","63.4","8455","5","0","0","0","23.1"
"IN","2025-04-20T00:00:00.000","14860","36556","47","11","6","2","40.6","498","22949","5","3","0","0","62.8","8528","7","0","0","0","23.3"
"IN","2025-04-27T00:00:00.000","14348","36306","38","10","3","1","39.5","494","22782","4","2","2","1","62.7","8485","5","0","0","0","23.4"
"IN","2025-05-04T00:00:00.000","14179","36663","48","19","2","1","38.7","500","22754","2","1","0","0","62.1","8680","0","0","0","0","23.7"
"IN","2025-05-11T00:00:00.000","14259","36557","20","11","1","0","39.0","499","22515","1","0","0","0","61.6","8570","1","0","1","0","23.4"
"IN","2025-05-18T00:00:00.000","13894","36383","7","4","1","0","38.2","497","22547","4","1","0","0","62.0","8618","0","0","0","0","23.7"
"IN","2025-05-25T00:00:00.000","13949","36574","13","6","0","0","38.1","498","22670","1","1","0","0","62.0","8709","0","0","0","0","23.8"
"IN","2025-06-01T00:00:00.000","13867","36521","28","3","0","0","38.0","498","22417","0","0","0","0","61.4","8549","0","0","0","0","23.4"
"IN","2025-06-08T00:00:00.000","13692","36522","41","6","0","0","37.5","497","22215","0","0","0","0","60.8","8698","0","0","0","0","23.8"
"IN","2025-06-15T00:00:00.000","13595","36746","6","0","0","0","37.0","499","22337","0","0","0","0","60.8","8628","0","0","0","0","23.5"
"IN","2025-06-22T00:00:00.000","13396","36902","20","13","10","9","36.3","498","22118","10","10","9","9","59.9","8668","10","10","9","9","23.5"
"IN","2025-06-29T00:00:00.000","13194","36854","2","0","0","0","35.8","498","21832","0","0","0","0","59.2","8640","0","0","0","0","23.4"
"IN","2025-07-06T00:00:00.000","13056","36910","22","3","2","1","35.4","499","0","0","0","0","0","0.0","9282","0","0","0","0","25.1"
"IN","2025-07-13T00:00:00.000","12794","36468","21","5","0","0","35.1","496","0","0","0","0","0","0.0","8856","0","0","0","0","24.3"
"IN","2025-07-20T00:00:00.000","12811","36237","13","3","1","0","35.4","494","0","0","0","0","0","0.0","8866","0","0","0","0","24.5"
"IN","2025-07-27T00:00:00.000","12720","36480","24","7","0","0","34.9","495","0","0","0","0","0","0.0","8819","0","0","0","0","24.2"
"IN","2025-08-03T00:00:00.000","12471","36452","31","9","1","1","34.2","493","2924","0","0","0","0","8.0","8598","0","0","0","0","23.6"
"IN","2025-08-10T00:00:00.000","12450","36437","42","11","1","0","34.2","492","3046","0","0","0","0","8.4","8534","0","0","0","0","23.4"
"IN","2025-08-17T00:00:00.000","12304","36406","58","12","4","1","33.8","491","2829","0","0","0","0","7.8","8464","0","0","0","0","23.2"
"IN","2025-08-24T00:00:00.000","12135","36532","46","3","1","1","33.2","492","2836","0","0","0","0","7.8","8540","0","0","0","0","23.4"
"IN","2025-08-31T00:00:00.000","11996","36443","109","19","9","2","32.9","490","2772","0","0","0","0","7.6","8518","0","0","0","0","23.4"
"IN","2025-09-07T00:00:00.000","11722","36444","95","8","5","0","32.2","492","3161","0","0","0","0","8.7","8502","0","0","0","0","23.3"
"IN","2025-09-14T00:00:00.000","11609","36540","66","8","3","0","31.8","490","3260","0","0","0","0","8.9","8371","0","0","0","0","22.9"
"IN","2025-09-21T00:00:00.000","11350","36533","66","7","1","0","31.1","486","4184","0","0","0","0","11.5","8346","0","0","0","0","22.8"
"IN","2025-09-28T00:00:00.000","11089","36863","60","6","2","0","30.1","487","6206","0","0","0","0","16.8","8426","0","0","0","0","22.9"
"IN","2025-10-05T00:00:00.000","10654","36724","48","13","5","0","29.0","489","7554","0","0","0","0","20.6","8555","0","0","0","0","23.3"
"IN","2025-10-12T00:00:00.000","10332","36686","30","2","2","0","28.2","490","11076","0","0","0","0","30.2","8484","0","0","0","0","23.1"
"IN","2025-10-19T00:00:00.000","10358","36860","35","2","4","0","28.1","489","13967","0","0","0","0","37.9","8740","0","0","0","0","23.7"
"IN","2025-10-26T00:00:00.000","10573","36819","23","4","2","0","28.7","489","16049","0","0","0","0","43.6","8819","0","0","0","0","24.0"
"IN","2025-11-02T00:00:00.000","10976","36579","67","12","1","0","30.0","486","17518","0","0","0","0","47.9","8743","0","0","0","0","23.9"
"IN","2025-11-09T00:00:00.000","11510","36359","60","12","0","0","31.7","484","18545","0","0","0","0","51.0","8714","0","0","0","0","24.0"
"IN","2025-11-16T00:00:00.000","11903","36445","73","3","4","0","32.7","486","19317","0","0","1","0","53.0","8937","0","0","0","0","24.5"
"IN","2025-11-23T00:00:00.000","11983","36238","109","21","5","1","33.1","484","19679","0","0","2","2","54.3","8964","1","0","1","0","24.7"
"IN","2025-11-30T00:00:00.000","11976","35761","74","8","2","0","33.5","479","19777","2","0","0","0","55.3","8945","5","0","1","0","25.0"
"IN","2025-12-07T00:00:00.000","12338","36153","116","23","9","1","34.1","485","20225","6","3","4","3","55.9","9047","1","0","0","0","25.0"
"IN","2025-12-14T00:00:00.000","12496","36010","113","9","8","1","34.7","480","20355","47","13","7","2","56.5","9023","12","0","1","0","25.1"
"IN","2025-12-21T00:00:00.000","12500","35777","223","48","12","2","34.9","479","20217","26","16","3","2","56.5","8921","12","0","1","0","24.9"
"IN","2025-12-28T00:00:00.000","12719","35532","198","38","6","2","35.8","477","20375","29","17","4","3","57.3","8976","1","0","0","0","25.3"
"IN","2026-01-04T00:00:00.000","12593","35748","273","51","18","10","35.2","480","20480","68","29","11","3","57.3","8857","10","0","0","0","24.8"
"IN","2026-01-11T00:00:00.000","12651","35792","317","62","9","2","35.3","476","20540","68","34","6","4","57.4","9005","2","0","1","0","25.2"
"IN","2026-01-18T00:00:00.000","12962","36035","196","47","16","1","36.0","479","20730","71","35","25","7","57.5","8986","2","0","3","0","24.9"
"IN","2026-01-25T00:00:00.000","13072","35977","233","82","16","6","36.3","476","20627","72","45","9","7","57.3","9089","3","0","3","0","25.3"
"IN","2026-02-01T00:00:00.000","13052","36083","108","28","8","3","36.2","477","20923","53","35","9","8","58.0","9193","3","0","0","0","25.5"
"IN","2026-02-08T00:00:00.000","12846","35780","144","28","7","2","35.9","471","20819","37","20","12","7","58.2","9137","2","1","2","1","25.5"
"IN","2026-02-15T00:00:00.000","12776","35797","138","26","7","3","35.7","472","20979","20","11","3","1","58.6","9261","13","0","4","0","25.9"
"IN","2026-02-22T00:00:00.000","12627","35710","100","27","8","4","35.4","470","20716","32","18","5","4","58.0","9284","12","3","3","1","26.0"
"IN","2026-03-01T00:00:00.000","12705","35602","140","38","7","4","35.7","470","20926","36","24","6","5","58.8","9158","7","0","6","0","25.7"
"IN","2026-03-08T00:00:00.000","12417","35098","97","33","4","0","35.4","464","20613","5","1","2","0","58.7","9236","6","0","3","0","26.3"
"IN","2026-03-15T00:00:00.000","12425","34837","35","11","3","1","35.7","462","20487","6","3","1","1","58.8","9213","10","1","2","0","26.4"
"IN","2026-03-22T00:00:00.000","9568","25869","25","6","2","0","37.0","347","15595","7","4","1","1","60.3","6509","8","1","1","0","25.2"
"IN","2026-03-29T00:00:00.000","6161","16527","32","5","2","1","37.3","213","9987","5","3","4","3","60.4","4482","5","1","0","0","27.1"
"KS","2024-10-06T00:00:00.000","2916","14987","73","1","7","1","19.5","295",,,,,,,,,,,,
"KS","2024-10-13T00:00:00.000","3455","14852","88","2","4","0","23.3","294",,,,,,,,,,,,
"KS","2024-10-20T00:00:00.000","4331","14741","48","1","5","0","29.4","294",,,,,,,,,,,,
"KS","2024-10-27T00:00:00.000","5119","14701","65","6","8","5","34.8","290",,,,,,,,,,,,
"KS","2024-11-03T00:00:00.000","5954","14872","43","2","3","0","40.0","291",,,,,,,,,,,,
"KS","2024-11-10T00:00:00.000","6359","14864","25","3","1","1","42.8","291",,,,,,,,,,,,
"KS","2024-11-17T00:00:00.000","6605","14829","29","11","2","2","44.5","290",,,,,,,,,,,,
"KS","2024-11-24T00:00:00.000","6785","14734","60","29","2","1","46.0","289",,,,,,,,,,,,
"KS","2024-12-01T00:00:00.000","6884","14743","47","22","3","2","46.7","290",,,,,,,,,,,,
"KS","2024-12-08T00:00:00.000","7072","14737","51","17","5","2","48.0","289",,,,,,,,,,,,
"KS","2024-12-15T00:00:00.000","7284","14742","142","39","5","3","49.4","289",,,,,,,,,,,,
"KS","2024-12-22T00:00:00.000","7256","14577","164","55","8","1","49.8","286",,,,,,,,,,,,
"KS","2024-12-29T00:00:00.000","7245","14534","153","76","6","3","49.8","287",,,,,,,,,,,,
"KS","2025-01-05T00:00:00.000","7342","14632","144","69","8","4","50.2","288",,,,,,,,,,,,
"KS","2025-01-12T00:00:00.000","7429","14448","92","32","8","2","51.4","284","9664","30","14","10","3","66.9","3687","12","2","3","1","25.5"
"KS","2025-01-19T00:00:00.000","7485","14569","58","25","4","2","51.4","284","9831","29","17","6","5","67.5","3762","5","0","0","0","25.8"
"KS","2025-01-26T00:00:00.000","7439","14525","40","14","3","1","51.2","284","9754","42","31","7","3","67.2","3794","3","1","1","1","26.1"
"KS","2025-02-02T00:00:00.000","7448","14690","38","13","1","0","50.7","286","9860","65","24","14","5","67.1","3778","4","2","1","1","25.7"
"KS","2025-02-09T00:00:00.000","7532","14593","25","6","5","2","51.6","285","9847","76","45","15","9","67.5","3821","6","1","0","0","26.2"
"KS","2025-02-16T00:00:00.000","7477","14644","43","14","2","1","51.1","286","9868","137","72","24","13","67.4","3829","7","0","1","0","26.1"
"KS","2025-02-23T00:00:00.000","7591","14691","59","10","4","2","51.7","287","9959","114","59","17","8","67.8","4006","19","2","2","0","27.3"
"KS","2025-03-02T00:00:00.000","7507","14615","71","20","6","0","51.4","285","9897","67","45","10","6","67.7","3873","14","3","3","0","26.5"
"KS","2025-03-09T00:00:00.000","7553","14626","46","14","2","0","51.6","286","9862","63","48","8","5","67.4","3880","7","0","3","0","26.5"
"KS","2025-03-16T00:00:00.000","7469","14533","32","19","1","0","51.4","284","9751","53","40","9","7","67.1","3935","10","1","4","0","27.1"
"KS","2025-03-23T00:00:00.000","7389","14576","9","4","2","1","50.7","283","9689","38","16","3","3","66.5","3886","5","0","2","0","26.7"
"KS","2025-03-30T00:00:00.000","7173","14529","37","11","5","0","49.4","282","9825","27","23","10","7","67.6","3904","4","0","1","0","26.9"
"KS","2025-04-06T00:00:00.000","7037","14596","41","23","0","0","48.2","284","9766","6","5","6","4","66.9","3872","6","0","1","0","26.5"
"KS","2025-04-13T00:00:00.000","6736","14525","30","16","1","1","46.4","283","9720","1","1","2","2","66.9","3937","5","0","0","0","27.1"
"KS","2025-04-20T00:00:00.000","6314","14378","27","18","2","0","43.9","282","9509","3","0","3","0","66.1","3919","3","0","1","0","27.3"
"KS","2025-04-27T00:00:00.000","6101","14630","13","2","3","0","41.7","285","9689","1","1","0","0","66.2","4048","1","1","0","0","27.7"
"KS","2025-05-04T00:00:00.000","6013","14523","7","1","3","0","41.4","284","9728","0","0","0","0","67.0","4093","0","0","0","0","28.2"
"KS","2025-05-11T00:00:00.000","5789","14471","1","0","0","0","40.0","283","9668","0","0","0","0","66.8","4160","0","0","0","0","28.7"
"KS","2025-05-18T00:00:00.000","5900","14558","1","0","0","0","40.5","283","9651","4","2","0","0","66.3","4150","0","0","0","0","28.5"
"KS","2025-05-25T00:00:00.000","5826","14488","8","0","1","0","40.2","283","9573","5","1","2","0","66.1","4125","0","0","0","0","28.5"
"KS","2025-06-01T00:00:00.000","5566","14463","8","0","0","0","38.5","282","9604","3","3","1","1","66.4","4125","1","1","1","1","28.5"
"KS","2025-06-08T00:00:00.000","5459","14111","6","0","3","0","38.7","279","9449","0","0","0","0","67.0","4026","1","1","1","1","28.5"
"KS","2025-06-15T00:00:00.000","5655","14442","0","0","0","0","39.2","282","9596","0","0","0","0","66.4","4081","0","0","0","0","28.3"
"KS","2025-06-22T00:00:00.000","5661","14550","0","0","0","0","38.9","283","9615","0","0","0","0","66.1","4146","0","0","0","0","28.5"
"KS","2025-06-29T00:00:00.000","5489","14195","4","3","0","0","38.7","278","9207","0","0","0","0","64.9","4154","0","0","0","0","29.3"
"KS","2025-07-06T00:00:00.000","5321","14391","17","1","0","0","37.0","283","0","0","0","0","0","0.0","4242","0","0","0","0","29.5"
"KS","2025-07-13T00:00:00.000","5440","14536","17","1","2","0","37.4","285","0","0","0","0","0","0.0","4388","0","0","0","0","30.2"
"KS","2025-07-20T00:00:00.000","5271","14322","11","0","0","0","36.8","282","0","0","0","0","0","0.0","4388","0","0","0","0","30.6"
"KS","2025-07-27T00:00:00.000","5389","14535","0","0","0","0","37.1","284","0","0","0","0","0","0.0","4460","0","0","0","0","30.7"
"KS","2025-08-03T00:00:00.000","5215","14621","3","0","2","0","35.7","285","1789","0","0","0","0","12.2","4344","0","0","0","0","29.7"
"KS","2025-08-10T00:00:00.000","5215","14470","9","1","0","0","36.0","282","1863","0","0","0","0","12.9","4380","0","0","0","0","30.3"
"KS","2025-08-17T00:00:00.000","5277","14689","5","0","0","0","35.9","286","1766","0","0","0","0","12.0","4354","0","0","0","0","29.6"
"KS","2025-08-24T00:00:00.000","5070","14080","23","4","2","0","36.0","277","1517","0","0","0","0","10.8","4111","0","0","0","0","29.2"
"KS","2025-08-31T00:00:00.000","4923","14015","22","5","1","0","35.1","275","1397","0","0","0","0","10.0","4310","0","0","0","0","30.8"
"KS","2025-09-07T00:00:00.000","4922","14250","54","7","3","1","34.5","280","1357","0","0","0","0","9.5","4280","0","0","0","0","30.0"
"KS","2025-09-14T00:00:00.000","4643","14172","65","14","3","1","32.8","279","1428","1","0","0","0","10.1","4285","0","0","0","0","30.2"
"KS","2025-09-21T00:00:00.000","4629","14190","49","6","3","0","32.6","278","1736","0","0","0","0","12.2","4277","0","0","0","0","30.1"
"KS","2025-09-28T00:00:00.000","4462","14192","39","7","0","0","31.4","278","2005","1","0","0","0","14.1","4338","0","0","0","0","30.6"
"KS","2025-10-05T00:00:00.000","4310","14204","34","6","2","1","30.3","277","2975","1","0","0","0","20.9","4327","0","0","0","0","30.5"
"KS","2025-10-12T00:00:00.000","4375","14176","16","0","0","0","30.9","277","4169","0","0","0","0","29.4","4298","0","0","0","0","30.3"
"KS","2025-10-19T00:00:00.000","4373","14008","13","0","1","0","31.2","273","5490","0","0","0","0","39.2","4275","0","0","0","0","30.5"
"KS","2025-10-26T00:00:00.000","4751","14129","11","0","1","0","33.6","275","6359","3","0","0","0","45.0","4442","0","0","1","0","31.4"
"KS","2025-11-02T00:00:00.000","4780","14027","9","0","1","0","34.1","272","6938","0","0","0","0","49.5","4309","0","0","0","0","30.7"
"KS","2025-11-09T00:00:00.000","5239","14204","1","0","0","0","36.9","275","7466","0","0","0","0","52.6","4425","0","0","0","0","31.2"
"KS","2025-11-16T00:00:00.000","5159","13894","12","3","2","0","37.1","271","7398","0","0","0","0","53.2","4345","0","0","0","0","31.3"
"KS","2025-11-23T00:00:00.000","5393","13972","17","9","0","0","38.6","272","7579","0","0","0","0","54.2","4387","0","0","0","0","31.4"
"KS","2025-11-30T00:00:00.000","5566","13947","10","1","1","0","39.9","271","7638","1","1","0","0","54.8","4426","0","0","0","0","31.7"
"KS","2025-12-07T00:00:00.000","5464","13726","42","18","3","0","39.8","271","7594","0","0","0","0","55.3","4341","0","0","0","0","31.6"
"KS","2025-12-14T00:00:00.000","5584","13710","65","18","7","1","40.7","269","7699","0","0","0","0","56.2","4348","1","0","0","0","31.7"
"KS","2025-12-21T00:00:00.000","5516","13623","77","30","9","0","40.5","268","7529","8","5","1","1","55.3","4325","0","0","0","0","31.7"
"KS","2025-12-28T00:00:00.000","5426","13249","91","37","2","2","41.0","264","7455","9","7","1","1","56.3","4195","0","0","0","0","31.7"
"KS","2026-01-04T00:00:00.000","5535","13411","96","39","3","0","41.3","265","7487","26","16","4","2","55.8","4378","0","0","0","0","32.6"
"KS","2026-01-11T00:00:00.000","5298","13152","89","16","5","4","40.3","262","7298","22","15","3","2","55.5","4296","1","0","0","0","32.7"
"KS","2026-01-18T00:00:00.000","5443","13390","96","38","5","2","40.6","263","7393","59","32","5","2","55.2","4340","0","0","0","0","32.4"
"KS","2026-01-25T00:00:00.000","5354","13382","42","14","2","0","40.0","262","7399","71","38","13","4","55.3","4387","1","0","0","0","32.8"
"KS","2026-02-01T00:00:00.000","5455","13500","41","6","4","0","40.4","264","7520","67","39","12","6","55.7","4366","2","1","0","0","32.3"
"KS","2026-02-08T00:00:00.000","5555","13428","40","16","6","1","41.4","264","7551","32","18","14","8","56.2","4366","1","0","0","0","32.5"
"KS","2026-02-15T00:00:00.000","5481","13183","20","7","0","0","41.6","260","7346","37","21","6","4","55.7","4264","2","1","0","0","32.3"
"KS","2026-02-22T00:00:00.000","5282","12780","25","8","2","1","41.3","251","7133","42","22","11","5","55.8","4139","3","0","1","0","32.4"
"KS","2026-03-01T00:00:00.000","5277","12940","25","11","2","0","40.8","252","7152","14","3","7","3","55.3","4168","6","1","2","1","32.2"
"KS","2026-03-08T00:00:00.000","5193","12876","34","3","0","0","40.3","251","7020","18","14","5","3","54.5","4145","3","0","2","0","32.2"
"KS","2026-03-15T00:00:00.000","4799","12136","40","18","1","1","39.5","238","6686","2","2","0","0","55.1","3732","3","0","1","0","30.8"
"KS","2026-03-22T00:00:00.000","4466","10991","23","2","2","1","40.6","218","6261","7","3","4","1","57.0","3553","2","0","1","0","32.3"
"KS","2026-03-29T00:00:00.000","2867","7330","6","1","0","0","39.1","153","3973","2","0","0","0","54.2","2267","1","0","0","0","30.9"
"KY","2024-10-06T00:00:00.000","2989","21500","118","11","10","0","13.9","259",,,,,,,,,,,,
"KY","2024-10-13T00:00:00.000","3687","21613","47","2","9","1","17.1","260",,,,,,,,,,,,
"KY","2024-10-20T00:00:00.000","4431","21563","102","18","12","3","20.5","259",,,,,,,,,,,,
"KY","2024-10-27T00:00:00.000","5254","21487","97","9","17","1","24.5","258",,,,,,,,,,,,
"KY","2024-11-03T00:00:00.000","6030","21365","53","4","4","0","28.2","257",,,,,,,,,,,,
"KY","2024-11-10T00:00:00.000","6318","21506","89","2","5","0","29.4","259",,,,,,,,,,,,
"KY","2024-11-17T00:00:00.000","7310","21527","36","8","5","0","34.0","259",,,,,,,,,,,,
"KY","2024-11-24T00:00:00.000","7834","21375","16","0","1","0","36.7","258",,,,,,,,,,,,
"KY","2024-12-01T00:00:00.000","8259","21449","45","15","1","0","38.5","259",,,,,,,,,,,,
"KY","2024-12-08T00:00:00.000","8498","21425","58","22","9","1","39.7","259",,,,,,,,,,,,
"KY","2024-12-15T00:00:00.000","8750","22582","202","55","10","1","38.7","259",,,,,,,,,,,,
"KY","2024-12-22T00:00:00.000","8869","21564","217","20","9","2","41.1","258",,,,,,,,,,,,
"KY","2024-12-29T00:00:00.000","8854","21269","159","30","15","3","41.6","256",,,,,,,,,,,,
"KY","2025-01-05T00:00:00.000","8954","21511","166","46","16","5","41.6","259",,,,,,,,,,,,
"KY","2025-01-12T00:00:00.000","8928","21589","154","26","16","3","41.4","259","13998","106","58","22","9","64.8","5380","2","0","2","0","24.9"
"KY","2025-01-19T00:00:00.000","9101","21710","109","36","14","4","41.9","259","14118","86","53","9","5","65.0","5411","4","0","0","0","24.9"
"KY","2025-01-26T00:00:00.000","9059","21507","99","33","10","7","42.1","256","13500","102","49","26","12","62.8","5362","9","0","1","0","24.9"
"KY","2025-02-02T00:00:00.000","9032","21464","83","12","12","4","42.1","256","13876","99","24","22","3","64.6","5492","9","0","1","0","25.6"
"KY","2025-02-09T00:00:00.000","9059","21519","74","16","10","4","42.1","257","14007","139","49","27","11","65.1","5643","7","1","1","0","26.2"
"KY","2025-02-16T00:00:00.000","9112","21450","64","22","6","2","42.5","256","13795","133","47","27","11","64.3","5764","6","1","3","1","26.9"
"KY","2025-02-23T00:00:00.000","9161","21385","111","53","1","1","42.8","255","13883","94","37","18","5","64.9","5784","6","0","4","0","27.0"
"KY","2025-03-02T00:00:00.000","9268","21731","51","10","3","0","42.6","258","14319","103","48","18","11","65.9","6015","6","0","2","0","27.7"
"KY","2025-03-09T00:00:00.000","9317","21610","46","16","6","2","43.1","257","14196","77","31","12","8","65.7","5902","6","1","2","1","27.3"
"KY","2025-03-16T00:00:00.000","9339","21717","86","25","8","4","43.0","258","14276","63","35","20","11","65.7","5986","46","0","1","0","27.6"
"KY","2025-03-23T00:00:00.000","9173","21538","51","9","1","1","42.6","255","14027","31","15","8","2","65.1","5933","7","1","3","0","27.5"
"KY","2025-03-30T00:00:00.000","9235","21783","51","15","5","0","42.4","258","14229","16","8","4","3","65.3","6292","2","1","1","0","28.9"
"KY","2025-04-06T00:00:00.000","8771","21676","58","15","6","1","40.5","257","14230","21","12","4","3","65.6","6198","1","0","1","0","28.6"
"KY","2025-04-13T00:00:00.000","8571","21748","16","2","2","0","39.4","258","14280","5","4","1","0","65.7","6310","1","0","1","1","29.0"
"KY","2025-04-20T00:00:00.000","8422","21504","27","7","2","1","39.2","255","14058","3","1","0","0","65.4","6288","2","0","1","0","29.2"
"KY","2025-04-27T00:00:00.000","8561","21915","22","3","1","0","39.1","258","14387","1","1","0","0","65.6","6421","4","1","1","1","29.3"
"KY","2025-05-04T00:00:00.000","7959","21890","15","5","3","0","36.4","259","14160","0","0","0","0","64.7","6343","12","6","0","0","29.0"
"KY","2025-05-11T00:00:00.000","7853","21923","7","2","0","0","35.8","258","14213","0","0","0","0","64.8","6363","3","2","1","0","29.0"
"KY","2025-05-18T00:00:00.000","7731","21787","2","1","0","0","35.5","258","14036","1","0","0","0","64.4","6353","13","1","0","0","29.2"
"KY","2025-05-25T00:00:00.000","7527","21721","2","0","0","0","34.7","256","13824","0","0","0","0","63.6","6244","3","0","0","0","28.7"
"KY","2025-06-01T00:00:00.000","7444","21484","1","0","0","0","34.6","256","13839","0","0","0","0","64.4","6202","0","0","0","0","28.9"
"KY","2025-06-08T00:00:00.000","7358","21572","4","0","1","0","34.1","256","13894","0","0","0","0","64.4","6144","1","0","0","0","28.5"
"KY","2025-06-15T00:00:00.000","7328","21545","0","0","0","0","34.0","256","13802","0","0","0","0","64.1","6164","5","3","3","3","28.6"
"KY","2025-06-22T00:00:00.000","7264","21585","2","0","0","0","33.7","256","13790","0","0","0","0","63.9","6201","1","0","1","1","28.7"
"KY","2025-06-29T00:00:00.000","6896","21795","3","0","2","0","31.6","257","11923","0","0","0","0","54.7","6216","0","0","0","0","28.5"
"KY","2025-07-06T00:00:00.000","6995","21941","29","2","1","0","31.9","260","0","0","0","0","0","0.0","6610","0","0","0","0","30.1"
"KY","2025-07-13T00:00:00.000","7027","21836","2","0","0","0","32.2","259","0","0","0","0","0","0.0","6629","0","0","0","0","30.4"
"KY","2025-07-20T00:00:00.000","7182","21868","28","0","0","0","32.8","258","0","0","0","0","0","0.0","6381","0","0","0","0","29.2"
"KY","2025-07-27T00:00:00.000","7090","21837","3","0","1","0","32.5","259","0","0","0","0","0","0.0","6095","0","0","0","0","27.9"
"KY","2025-08-03T00:00:00.000","7134","21923","29","6","5","1","32.5","259","3637","0","0","0","0","16.6","6253","0","0","0","0","28.5"
"KY","2025-08-10T00:00:00.000","7048","21863","55","8","1","0","32.2","258","3727","1","0","0","0","17.0","6176","0","0","0","0","28.2"
"KY","2025-08-17T00:00:00.000","7035","21979","39","5","2","0","32.0","258","3476","0","0","0","0","15.8","6199","0","0","0","0","28.2"
"KY","2025-08-24T00:00:00.000","6867","21906","49","7","4","0","31.3","256","3623","0","0","0","0","16.5","6200","0","0","0","0","28.3"
"KY","2025-08-31T00:00:00.000","6954","21882","62","9","3","1","31.8","255","3563","0","0","0","0","16.3","6078","0","0","0","0","27.8"
"KY","2025-09-07T00:00:00.000","6684","21933","79","14","2","0","30.5","259","3091","2","0","1","0","14.1","6218","0","0","0","0","28.3"
"KY","2025-09-14T00:00:00.000","6442","21962","89","10","10","0","29.3","258","2892","0","0","0","0","13.2","6169","0","0","0","0","28.1"
"KY","2025-09-21T00:00:00.000","6321","21912","69","1","6","1","28.8","257","3265","1","0","0","0","14.9","6088","0","0","0","0","27.8"
"KY","2025-09-28T00:00:00.000","6270","21972","49","6","4","0","28.5","258","4183","0","0","0","0","19.0","6199","0","0","0","0","28.2"
"KY","2025-10-05T00:00:00.000","6072","21881","55","5","0","0","27.8","258","5866","2","0","0","0","26.8","6191","0","0","0","0","28.3"
"KY","2025-10-12T00:00:00.000","5890","21439","16","5","2","0","27.5","255","7663","0","0","0","0","35.7","5911","0","0","0","0","27.6"
"KY","2025-10-19T00:00:00.000","6149","21572","26","1","4","0","28.5","254","10099","2","2","0","0","46.8","6098","2","0","0","0","28.3"
"KY","2025-10-26T00:00:00.000","6470","21745","38","3","0","0","29.8","254","11746","1","1","1","0","54.0","6184","0","0","0","0","28.4"
"KY","2025-11-02T00:00:00.000","6506","21530","75","5","2","0","30.2","253","12537","2","1","2","1","58.2","6263","0","0","0","0","29.1"
"KY","2025-11-09T00:00:00.000","6730","21603","45","5","1","1","31.2","253","13375","1","1","0","0","61.9","6384","0","0","0","0","29.6"
"KY","2025-11-16T00:00:00.000","6958","21700","33","8","1","1","32.1","254","13822","2","1","0","0","63.7","6461","0","0","0","0","29.8"
"KY","2025-11-23T00:00:00.000","7023","21758","78","22","0","0","32.3","255","14014","3","1","1","0","64.4","6515","0","0","0","0","29.9"
"KY","2025-11-30T00:00:00.000","6992","21500","53","12","6","1","32.5","253","13930","7","3","1","1","64.8","6287","0","0","0","0","29.2"
"KY","2025-12-07T00:00:00.000","7172","21733","45","17","2","0","33.0","255","14120","19","16","0","0","65.0","6388","1","1","0","0","29.4"
"KY","2025-12-14T00:00:00.000","7209","21807","85","32","1","0","33.1","256","14211","6","1","5","1","65.2","6479","1","0","0","0","29.7"
"KY","2025-12-21T00:00:00.000","7236","21824","113","12","8","3","33.2","255","14249","53","23","12","6","65.3","6482","2","1","0","0","29.7"
"KY","2025-12-28T00:00:00.000","7117","21315","196","33","12","2","33.4","253","13916","49","26","10","5","65.3","6301","2","1","1","0","29.6"
"KY","2026-01-04T00:00:00.000","7105","21744","155","36","12","1","32.7","255","14182","66","44","16","14","65.2","6433","6","1","1","0","29.6"
"KY","2026-01-11T00:00:00.000","7103","21908","113","18","12","1","32.4","254","14220","91","52","31","17","64.9","6430","4","0","2","0","29.4"
"KY","2026-01-18T00:00:00.000","7146","22011","63","9","5","0","32.5","254","14219","71","46","17","11","64.6","6458","1","0","0","0","29.3"
"KY","2026-01-25T00:00:00.000","7171","22012","72","8","9","1","32.6","254","14205","29","11","6","5","64.5","6418","6","1","0","0","29.2"
"KY","2026-02-01T00:00:00.000","7075","21874","89","11","11","1","32.3","253","14235","38","22","9","6","65.1","6362","4","1","3","1","29.1"
"KY","2026-02-08T00:00:00.000","6981","21802","79","11","4","1","32.0","253","14135","40","21","15","8","64.8","6199","8","1","3","0","28.4"
"KY","2026-02-15T00:00:00.000","6969","21946","72","6","5","0","31.8","253","14295","18","11","8","5","65.1","6325","15","3","1","0","28.8"
"KY","2026-02-22T00:00:00.000","6872","21724","42","10","3","0","31.6","250","14045","25","16","3","2","64.7","6350","9","1","0","0","29.2"
"KY","2026-03-01T00:00:00.000","6928","21491","46","9","3","0","32.2","247","13848","24","15","4","3","64.4","6136","9","2","2","0","28.6"
"KY","2026-03-08T00:00:00.000","6956","21347","44","5","5","1","32.6","246","13726","10","5","2","2","64.3","6197","11","2","1","0","29.0"
"KY","2026-03-15T00:00:00.000","6863","20915","37","5","2","0","32.8","240","13354","31","4","2","0","63.8","6050","5","0","1","0","28.9"
"KY","2026-03-22T00:00:00.000","6583","19998","16","2","5","0","32.9","226","12764","10","5","2","0","63.8","5751","3","2","1","1","28.8"
"KY","2026-03-29T00:00:00.000","3191","8254","21","2","1","0","38.7","93","5427","0","0","0","0","65.7","2961","0","0","0","0","35.9"
"LA","2024-10-06T00:00:00.000","3621","23281","48","3","7","2","15.6","249",,,,,,,,,,,,
"LA","2024-10-13T00:00:00.000","3760","23870","15","0","6","0","15.8","255",,,,,,,,,,,,
"LA","2024-10-20T00:00:00.000","4487","23666","5","0","0","0","19.0","253",,,,,,,,,,,,
"LA","2024-10-27T00:00:00.000","5288","23523","46","0","6","0","22.5","251",,,,,,,,,,,,
"LA","2024-11-03T00:00:00.000","5952","23664","30","6","4","1","25.2","252",,,,,,,,,,,,
"LA","2024-11-10T00:00:00.000","6301","23718","14","3","2","0","26.6","254",,,,,,,,,,,,
"LA","2024-11-17T00:00:00.000","6721","23385","26","9","1","0","28.7","249",,,,,,,,,,,,
"LA","2024-11-24T00:00:00.000","7217","23600","17","6","1","0","30.6","252",,,,,,,,,,,,
"LA","2024-12-01T00:00:00.000","7495","23452","13","4","4","0","32.0","251",,,,,,,,,,,,
"LA","2024-12-08T00:00:00.000","7818","23217","44","8","1","0","33.7","248",,,,,,,,,,,,
"LA","2024-12-15T00:00:00.000","8179","23291","64","12","6","0","35.1","248",,,,,,,,,,,,
"LA","2024-12-22T00:00:00.000","8306","23386","78","15","2","1","35.5","251",,,,,,,,,,,,
"LA","2024-12-29T00:00:00.000","8183","22698","91","12","5","2","36.1","244",,,,,,,,,,,,
"LA","2025-01-05T00:00:00.000","8573","23384","72","16","6","0","36.7","254",,,,,,,,,,,,
"LA","2025-01-12T00:00:00.000","8812","23558","28","12","4","2","37.4","255","15688","49","17","13","7","66.6","2067","14","0","9","0","8.8"
"LA","2025-01-19T00:00:00.000","8938","23651","53","22","4","2","37.8","255","15729","74","43","25","11","66.5","2122","6","1","1","0","9.0"
"LA","2025-01-26T00:00:00.000","8883","23563","57","16","1","0","37.7","254","15728","47","23","13","9","66.7","2185","10","1","3","1","9.3"
"LA","2025-02-02T00:00:00.000","9102","23723","64","16","4","0","38.4","256","15718","111","53","19","9","66.3","2154","32","1","4","1","9.1"
"LA","2025-02-09T00:00:00.000","9057","23519","77","10","8","1","38.5","253","15466","61","37","18","9","65.8","2220","11","0","4","0","9.4"
"LA","2025-02-16T00:00:00.000","9105","23434","38","7","11","3","38.9","251","15411","19","10","9","6","65.8","2149","8","0","2","0","9.2"
"LA","2025-02-23T00:00:00.000","9080","23604","23","1","2","0","38.5","252","15519","15","6","2","1","65.7","2125","9","1","6","1","9.0"
"LA","2025-03-02T00:00:00.000","9021","23571","39","5","5","0","38.3","252","15520","31","9","5","1","65.8","2158","2","0","1","0","9.2"
"LA","2025-03-09T00:00:00.000","9017","23484","63","19","8","0","38.4","251","15415","34","12","6","3","65.6","2103","3","0","3","0","9.0"
"LA","2025-03-16T00:00:00.000","9035","23608","59","18","5","2","38.3","252","15451","41","28","10","7","65.4","2275","4","0","2","0","9.6"
"LA","2025-03-23T00:00:00.000","9080","23536","53","14","7","1","38.6","252","15600","36","27","6","4","66.3","2369","0","0","0","0","10.1"
"LA","2025-03-30T00:00:00.000","8933","23487","47","13","3","0","38.0","250","15522","9","8","2","2","66.1","2436","1","0","1","0","10.4"
"LA","2025-04-06T00:00:00.000","8789","23201","59","15","8","3","37.9","249","15263","9","4","3","2","65.8","2536","1","0","1","0","10.9"
"LA","2025-04-13T00:00:00.000","8890","23184","41","8","6","0","38.3","249","15437","8","4","1","0","66.6","2529","0","0","0","0","10.9"
"LA","2025-04-20T00:00:00.000","8847","23592","39","11","1","0","37.5","252","15533","3","0","0","0","65.8","2525","0","0","0","0","10.7"
"LA","2025-04-27T00:00:00.000","8693","23393","12","5","2","1","37.2","251","15307","1","0","0","0","65.4","2452","1","0","1","0","10.5"
"LA","2025-05-04T00:00:00.000","8430","23309","8","1","1","0","36.2","251","15143","1","0","1","1","65.0","2716","2","0","1","0","11.7"
"LA","2025-05-11T00:00:00.000","8294","23377","9","1","7","0","35.5","252","15366","0","0","0","0","65.7","2533","0","0","0","0","10.8"
"LA","2025-05-18T00:00:00.000","8552","23509","7","0","1","0","36.4","254","15463","0","0","0","0","65.8","2580","0","0","0","0","11.0"
"LA","2025-05-25T00:00:00.000","8579","23547","6","0","3","1","36.4","254","15477","1","1","1","1","65.7","2488","1","0","2","0","10.6"
"LA","2025-06-01T00:00:00.000","8575","23644","9","2","1","1","36.3","255","15278","4","1","1","0","64.6","2538","0","0","0","0","10.7"
"LA","2025-06-08T00:00:00.000","8405","23261","1","0","0","0","36.1","250","15001","1","0","0","0","64.5","2509","0","0","0","0","10.8"
"LA","2025-06-15T00:00:00.000","8473","23400","5","0","1","0","36.2","252","14990","0","0","0","0","64.1","2365","1","0","0","0","10.1"
"LA","2025-06-22T00:00:00.000","8444","23416","12","2","3","1","36.1","252","15014","0","0","0","0","64.1","2372","0","0","0","0","10.1"
"LA","2025-06-29T00:00:00.000","8413","23141","10","2","0","0","36.4","250","14578","0","0","0","0","63.0","2486","0","0","0","0","10.7"
"LA","2025-07-06T00:00:00.000","8486","23256","81","2","1","0","36.5","250","0","1","0","3","0","0.0","3151","1","0","0","0","13.5"
"LA","2025-07-13T00:00:00.000","8379","23048","60","6","3","1","36.4","248","0","0","0","1","0","0.0","2710","1","0","0","0","11.8"
"LA","2025-07-20T00:00:00.000","8066","23219","55","6","5","1","34.7","250","0","10","0","1","0","0.0","2811","76","0","1","0","12.1"
"LA","2025-07-27T00:00:00.000","8119","23200","125","37","6","3","35.0","249","0","0","0","0","0","0.0","2873","2","0","2","0","12.4"
"LA","2025-08-03T00:00:00.000","7886","23193","81","26","4","0","34.0","250","3248","0","0","0","0","14.0","2612","0","0","0","0","11.3"
"LA","2025-08-10T00:00:00.000","7763","23260","59","11","4","1","33.4","249","3306","0","0","0","0","14.2","2609","0","0","0","0","11.2"
"LA","2025-08-17T00:00:00.000","7407","23055","85","6","11","0","32.1","248","3567","24","0","0","0","15.5","2522","0","0","0","0","10.9"
"LA","2025-08-24T00:00:00.000","7450","23117","68","12","8","0","32.2","247","3738","0","0","0","0","16.2","2526","0","0","0","0","10.9"
"LA","2025-08-31T00:00:00.000","7251","22968","90","8","8","0","31.6","246","3285","0","0","0","0","14.3","2487","1","0","1","0","10.8"
"LA","2025-09-07T00:00:00.000","7205","23478","173","19","12","1","30.7","252","3041","0","0","0","0","13.0","2659","0","0","0","0","11.3"
"LA","2025-09-14T00:00:00.000","7054","23451","85","11","2","0","30.1","252","3517","1","0","0","0","15.0","2678","1","0","0","0","11.4"
"LA","2025-09-21T00:00:00.000","6922","23487","64","12","2","0","29.5","252","4076","0","0","0","0","17.4","2693","2","0","0","0","11.5"
"LA","2025-09-28T00:00:00.000","6873","23177","49","5","2","0","29.7","248","5706","0","0","0","0","24.6","2731","0","0","0","0","11.8"
"LA","2025-10-05T00:00:00.000","6700","23322","13","5","2","0","28.7","249","7439","0","0","0","0","31.9","2925","0","0","0","0","12.5"
"LA","2025-10-12T00:00:00.000","6820","23492","6","2","0","0","29.0","251","9347","0","0","0","0","39.8","3112","1","0","0","0","13.2"
"LA","2025-10-19T00:00:00.000","6716","22980","21","1","1","0","29.2","245","10971","1","1","0","0","47.7","2902","0","0","0","0","12.6"
"LA","2025-10-26T00:00:00.000","6814","22970","29","1","4","0","29.7","245","11820","0","0","0","0","51.5","2939","1","0","0","0","12.8"
"LA","2025-11-02T00:00:00.000","6843","23072","50","5","5","0","29.7","247","13165","1","1","0","0","57.1","2941","0","0","0","0","12.7"
"LA","2025-11-09T00:00:00.000","6945","22948","16","1","2","0","30.3","245","13586","2","2","2","2","59.2","2866","0","0","0","0","12.5"
"LA","2025-11-16T00:00:00.000","6811","23087","27","0","0","0","29.5","246","13697","1","1","1","1","59.3","2997","0","0","0","0","13.0"
"LA","2025-11-23T00:00:00.000","7062","23216","19","0","1","0","30.4","245","13958","4","1","2","1","60.1","2945","0","0","0","0","12.7"
"LA","2025-11-30T00:00:00.000","7039","22858","18","2","1","0","30.8","240","13899","9","5","7","2","60.8","2943","0","0","0","0","12.9"
"LA","2025-12-07T00:00:00.000","7028","22957","8","0","3","0","30.6","243","14159","31","5","4","0","61.7","2962","1","0","1","0","12.9"
"LA","2025-12-14T00:00:00.000","7105","22934","24","1","0","0","31.0","242","14021","10","6","5","2","61.1","2979","1","0","1","0","13.0"
"LA","2025-12-21T00:00:00.000","7385","23155","13","0","1","1","31.9","243","14252","26","6","5","2","61.6","3031","1","0","0","0","13.1"
"LA","2025-12-28T00:00:00.000","7156","22880","10","1","2","0","31.3","242","14275","57","25","21","8","62.4","2988","0","0","2","0","13.1"
"LA","2026-01-04T00:00:00.000","7369","23931","20","2","8","2","30.8","242","14287","45","14","16","11","59.7","3031","1","0","1","0","12.7"
"LA","2026-01-11T00:00:00.000","7391","22812","18","1","3","0","32.4","241","14101","88","42","18","10","61.8","2903","0","0","0","0","12.7"
"LA","2026-01-18T00:00:00.000","7313","22462","17","1","0","0","32.6","237","14085","33","22","10","6","62.7","2826","0","0","0","0","12.6"
"LA","2026-01-25T00:00:00.000","7459","22643","8","1","2","0","32.9","238","14270","9","2","5","1","63.0","2852","10","0","4","0","12.6"
"LA","2026-02-01T00:00:00.000","7468","22359","43","17","4","0","33.4","236","13876","20","10","14","5","62.1","2793","5","0","1","0","12.5"
"LA","2026-02-08T00:00:00.000","7287","22124","26","8","2","0","32.9","232","14023","32","16","10","6","63.4","2753","3","0","0","0","12.4"
"LA","2026-02-15T00:00:00.000","7399","22279","49","6","4","0","33.2","233","13995","61","18","16","4","62.8","2720","1","0","2","0","12.2"
"LA","2026-02-22T00:00:00.000","7087","21419","40","4","2","1","33.1","226","13522","53","36","15","12","63.1","2685","0","0","2","0","12.5"
"LA","2026-03-01T00:00:00.000","7045","21226","6","0","2","0","33.2","224","13604","11","7","4","3","64.1","2713","2","0","0","0","12.8"
"LA","2026-03-08T00:00:00.000","6984","21297","8","1","3","0","32.8","225","13499","15","3","5","2","63.4","2685","0","0","0","0","12.6"
"LA","2026-03-15T00:00:00.000","6982","20935","1","0","1","0","33.4","219","13331","0","0","0","0","63.7","2808","0","0","1","1","13.4"
"LA","2026-03-22T00:00:00.000","6613","20084","16","2","3","0","32.9","209","12719","13","9","7","5","63.3","2699","0","0","0","0","13.4"
"LA","2026-03-29T00:00:00.000","4496","14434","5","0","2","0","31.1","149","9237","1","0","0","0","64.0","1989","0","0","0","0","13.8"
"MA","2024-10-06T00:00:00.000","4211","32552","294","26","26","2","12.9","328",,,,,,,,,,,,
"MA","2024-10-13T00:00:00.000","4587","32609","280","18","18","0","14.1","328",,,,,,,,,,,,
"MA","2024-10-20T00:00:00.000","6429","32753","313","34","20","1","19.6","329",,,,,,,,,,,,
"MA","2024-10-27T00:00:00.000","7183","32067","290","33","17","2","22.4","322",,,,,,,,,,,,
"MA","2024-11-03T00:00:00.000","8779","32271","285","56","15","0","27.2","324",,,,,,,,,,,,
"MA","2024-11-10T00:00:00.000","10805","32516","258","36","21","1","33.2","325",,,,,,,,,,,,
"MA","2024-11-17T00:00:00.000","12538","32246","261","51","16","2","38.9","324",,,,,,,,,,,,
"MA","2024-11-24T00:00:00.000","13607","32016","266","86","13","5","42.5","323",,,,,,,,,,,,
"MA","2024-12-01T00:00:00.000","14046","31886","308","88","11","3","44.1","321",,,,,,,,,,,,
"MA","2024-12-08T00:00:00.000","14673","32131","258","53","19","0","45.7","324",,,,,,,,,,,,
"MA","2024-12-15T00:00:00.000","15254","32111","197","52","12","4","47.5","323",,,,,,,,,,,,
"MA","2024-12-22T00:00:00.000","15734","32196","222","67","15","2","48.9","323",,,,,,,,,,,,
"MA","2024-12-29T00:00:00.000","15760","31611","281","98","15","3","49.9","321",,,,,,,,,,,,
"MA","2025-01-05T00:00:00.000","16346","31934","290","97","15","4","51.2","323",,,,,,,,,,,,
"MA","2025-01-12T00:00:00.000","16607","32101","278","104","20","5","51.7","322","22507","100","68","18","10","70.1","6186","29","4","8","2","19.3"
"MA","2025-01-19T00:00:00.000","16793","32100","233","109","15","2","52.3","322","22636","100","72","18","7","70.5","6334","21","4","14","1","19.7"
"MA","2025-01-26T00:00:00.000","16963","32092","257","114","18","3","52.9","321","22516","155","96","32","22","70.2","6329","15","0","7","1","19.7"
"MA","2025-02-02T00:00:00.000","17305","32345","195","79","14","2","53.5","322","22969","228","132","40","25","71.0","6621","16","2","4","0","20.5"
"MA","2025-02-09T00:00:00.000","17416","32395","133","53","16","6","53.8","322","23027","251","132","58","28","71.1","6716","23","2","7","0","20.7"
"MA","2025-02-16T00:00:00.000","17989","32834","119","45","13","4","54.8","324","23129","246","127","51","29","70.4","6886","19","1","4","1","21.0"
"MA","2025-02-23T00:00:00.000","17862","32687","89","26","8","2","54.6","323","23197","182","103","43","28","71.0","6965","12","1","2","0","21.3"
"MA","2025-03-02T00:00:00.000","18020","32803","90","37","9","6","54.9","324","23004","214","120","47","25","70.1","6921","11","0","0","0","21.1"
"MA","2025-03-09T00:00:00.000","17762","32392","60","19","1","0","54.8","321","22978","116","81","28","18","70.9","7084","13","0","2","0","21.9"
"MA","2025-03-16T00:00:00.000","17704","33630","50","13","9","3","52.6","320","23030","82","53","16","10","68.5","7175","6","1","1","1","21.3"
"MA","2025-03-23T00:00:00.000","17860","32337","56","14","7","3","55.2","322","23266","48","33","10","8","71.9","7338","8","2","1","0","22.7"
"MA","2025-03-30T00:00:00.000","17648","32013","55","14","5","1","55.1","319","22942","34","20","13","7","71.7","7339","20","2","2","0","22.9"
"MA","2025-04-06T00:00:00.000","17506","32271","104","43","4","2","54.2","321","23220","10","6","3","2","72.0","7543","5","0","2","0","23.4"
"MA","2025-04-13T00:00:00.000","17105","32541","79","24","6","1","52.6","322","23228","84","9","0","0","71.4","7745","11","0","0","0","23.8"
"MA","2025-04-20T00:00:00.000","16680","32103","67","30","3","1","52.0","318","22821","0","0","0","0","71.1","7774","3","0","6","0","24.2"
"MA","2025-04-27T00:00:00.000","16086","32097","55","13","8","1","50.1","319","22725","1","0","0","0","70.8","7710","1","0","5","0","24.0"
"MA","2025-05-04T00:00:00.000","15560","32327","86","21","6","1","48.1","320","23097","5","4","1","0","71.4","7811","10","0","2","0","24.2"
"MA","2025-05-11T00:00:00.000","15467","32522","42","6","3","1","47.6","324","23011","0","0","0","0","70.8","7959","2","0","0","0","24.5"
"MA","2025-05-18T00:00:00.000","15158","32154","44","12","2","0","47.1","321","22757","1","1","1","0","70.8","7903","1","0","0","0","24.6"
"MA","2025-05-25T00:00:00.000","15061","32295","58","17","3","1","46.6","322","22899","0","0","0","0","70.9","7984","2","0","0","0","24.7"
"MA","2025-06-01T00:00:00.000","14961","32163","79","34","4","0","46.5","321","22786","1","0","0","0","70.8","8075","2","0","0","0","25.1"
"MA","2025-06-08T00:00:00.000","14982","32288","72","22","8","2","46.4","320","22744","0","0","0","0","70.4","8075","2","0","0","0","25.0"
"MA","2025-06-15T00:00:00.000","15076","32182","38","6","1","0","46.8","320","22596","1","0","0","0","70.2","8008","4","0","0","0","24.9"
"MA","2025-06-22T00:00:00.000","14990","32157","28","5","3","0","46.6","319","22605","0","0","0","0","70.3","8042","0","0","0","0","25.0"
"MA","2025-06-29T00:00:00.000","14818","31897","37","10","1","0","46.5","317","22134","1","1","1","1","69.4","7894","0","0","0","0","24.7"
"MA","2025-07-06T00:00:00.000","14850","32161","169","7","8","1","46.2","320","0","1","0","1","0","0.0","8691","1","0","1","0","27.0"
"MA","2025-07-13T00:00:00.000","14267","32204","44","5","2","0","44.3","319","0","0","0","0","0","0.0","8746","0","0","0","0","27.2"
"MA","2025-07-20T00:00:00.000","14238","32660","78","14","3","1","43.6","320","0","1","0","0","0","0.0","9068","1","0","0","0","27.8"
"MA","2025-07-27T00:00:00.000","14172","32285","71","4","2","2","43.9","318","0","2","0","0","0","0.0","8839","0","0","0","0","27.4"
"MA","2025-08-03T00:00:00.000","13945","31894","68","23","7","3","43.7","316","5177","3","0","0","0","16.2","8434","0","0","0","0","26.4"
"MA","2025-08-10T00:00:00.000","14001","32012","91","27","2","0","43.7","316","4928","1","1","1","1","15.4","8510","0","0","0","0","26.6"
"MA","2025-08-17T00:00:00.000","13665","31988","99","17","5","0","42.7","316","5511","0","0","1","1","17.2","8612","0","0","0","0","26.9"
"MA","2025-08-24T00:00:00.000","13452","31821","151","48","5","2","42.3","314","5236","0","0","0","0","16.5","8410","0","0","0","0","26.4"
"MA","2025-08-31T00:00:00.000","13264","31797","267","60","11","2","41.7","313","5009","4","0","0","0","15.8","8389","0","0","0","0","26.4"
"MA","2025-09-07T00:00:00.000","12965","31810","147","24","11","4","40.8","315","4600","0","0","0","0","14.5","8287","0","0","0","0","26.1"
"MA","2025-09-14T00:00:00.000","12403","31876","193","32","12","2","38.9","314","4275","0","0","0","0","13.4","8192","0","0","0","0","25.7"
"MA","2025-09-21T00:00:00.000","12083","31540","202","28","6","0","38.3","312","4176","1","1","0","0","13.2","8221","0","0","0","0","26.1"
"MA","2025-09-28T00:00:00.000","11460","31236","168","24","8","1","36.7","310","5141","9","0","0","0","16.5","8119","0","0","0","0","26.0"
"MA","2025-10-05T00:00:00.000","9846","30002","108","9","5","0","32.8","298","7470","1","0","1","0","24.9","7752","0","0","0","0","25.8"
"MA","2025-10-12T00:00:00.000","9675","29988","67","13","7","0","32.3","298","10267","0","0","0","0","34.2","7833","0","0","0","0","26.1"
"MA","2025-10-19T00:00:00.000","9370","29982","66","17","4","1","31.3","298","13013","0","0","0","0","43.4","7741","0","0","0","0","25.8"
"MA","2025-10-26T00:00:00.000","10002","29857","47","5","8","1","33.5","296","14899","0","0","0","0","49.9","7691","0","0","0","0","25.8"
"MA","2025-11-02T00:00:00.000","10639","29968","66","12","5","2","35.5","296","16202","2","0","0","0","54.1","7764","0","0","0","0","25.9"
"MA","2025-11-09T00:00:00.000","11055","29946","74","23","3","0","36.9","296","17137","7","0","2","0","57.2","8059","0","0","0","0","26.9"
"MA","2025-11-16T00:00:00.000","11779","29953","101","20","5","0","39.3","296","17632","0","0","0","0","58.9","7967","0","0","0","0","26.6"
"MA","2025-11-23T00:00:00.000","11836","29723","120","29","10","2","39.8","290","18270","0","0","1","0","61.5","7919","0","0","0","0","26.6"
"MA","2025-11-30T00:00:00.000","12348","29735","91","16","6","1","41.5","290","18730","1","1","2","1","63.0","8009","0","0","0","0","26.9"
"MA","2025-12-07T00:00:00.000","12794","29733","126","33","10","0","43.0","290","18880","33","22","9","6","63.5","8054","6","3","2","1","27.1"
"MA","2025-12-14T00:00:00.000","13012","29761","165","32","7","1","43.7","289","18749","51","37","13","9","63.0","8133","2","0","1","0","27.3"
"MA","2025-12-21T00:00:00.000","12795","29731","162","37","10","2","43.0","289","19028","115","63","23","14","64.0","8051","6","3","0","0","27.1"
"MA","2025-12-28T00:00:00.000","13042","29575","145","54","14","2","44.1","290","19307","153","84","37","18","65.3","8150","9","0","1","0","27.6"
"MA","2026-01-04T00:00:00.000","13281","29711","177","58","11","3","44.7","291","19777","197","125","35","13","66.6","8164","16","3","5","0","27.5"
"MA","2026-01-11T00:00:00.000","12952","29258","191","54","10","4","44.3","285","19329","163","109","31","20","66.1","8210","17","2","5","0","28.1"
"MA","2026-01-18T00:00:00.000","13283","29561","126","26","12","1","44.9","286","19658","141","85","25","14","66.5","8251","24","0","4","0","27.9"
"MA","2026-01-25T00:00:00.000","13180","29373","71","17","6","1","44.9","284","19271","53","29","8","2","65.6","8283","23","1","8","0","28.2"
"MA","2026-02-01T00:00:00.000","13443","29453","135","35","16","2","45.6","284","19615","94","68","16","11","66.6","8424","15","1","10","0","28.6"
"MA","2026-02-08T00:00:00.000","13380","29178","85","19","9","3","45.9","282","19653","80","47","6","3","67.4","8321","16","3","3","0","28.5"
"MA","2026-02-15T00:00:00.000","13393","28864","99","21","15","3","46.4","280","19455","45","20","7","2","67.4","8165","11","4","5","1","28.3"
"MA","2026-02-22T00:00:00.000","13473","28851","99","21","6","3","46.7","280","19479","26","17","7","2","67.5","8205","8","0","2","0","28.4"
"MA","2026-03-01T00:00:00.000","13670","28626","84","14","11","2","47.8","280","19779","33","20","7","5","69.1","8302","20","2","7","0","29.0"
"MA","2026-03-08T00:00:00.000","13627","28514","67","17","6","1","47.8","275","19547","26","20","5","1","68.6","8296","15","2","4","0","29.1"
"MA","2026-03-15T00:00:00.000","12371","26283","49","15","6","1","47.1","252","17841","11","8","1","0","67.9","7883","17","4","4","2","30.0"
"MA","2026-03-22T00:00:00.000","11329","24331","37","9","4","1","46.6","232","16588","5","2","1","0","68.2","7599","13","3","8","0","31.2"
"MA","2026-03-29T00:00:00.000","4832","10471","21","3","1","0","46.1","99","7095","1","1","0","0","67.8","3325","4","1","2","0","31.8"
"MD","2024-10-06T00:00:00.000","3361","22538","56","0","10","2","14.9","212",,,,,,,,,,,,
"MD","2024-10-13T00:00:00.000","3644","22988","34","2","4","0","15.9","215",,,,,,,,,,,,
"MD","2024-10-20T00:00:00.000","4852","22562","58","15","6","1","21.5","212",,,,,,,,,,,,
"MD","2024-10-27T00:00:00.000","5695","22841","87","11","5","1","24.9","214",,,,,,,,,,,,
"MD","2024-11-03T00:00:00.000","6481","23109","215","23","14","2","28.0","216",,,,,,,,,,,,
"MD","2024-11-10T00:00:00.000","7177","23129","142","17","6","0","31.0","216",,,,,,,,,,,,
"MD","2024-11-17T00:00:00.000","7804","23116","89","16","6","1","33.8","216",,,,,,,,,,,,
"MD","2024-11-24T00:00:00.000","8416","23028","59","7","4","1","36.5","215",,,,,,,,,,,,
"MD","2024-12-01T00:00:00.000","8586","22836","47","4","3","2","37.6","215",,,,,,,,,,,,
"MD","2024-12-08T00:00:00.000","8834","22887","87","23","6","2","38.6","216",,,,,,,,,,,,
"MD","2024-12-15T00:00:00.000","8944","22784","179","31","4","1","39.3","214",,,,,,,,,,,,
"MD","2024-12-22T00:00:00.000","9077","22806","152","50","8","2","39.8","214",,,,,,,,,,,,
"MD","2024-12-29T00:00:00.000","8852","22489","206","37","8","1","39.4","213",,,,,,,,,,,,
"MD","2025-01-05T00:00:00.000","8932","22495","105","29","8","1","39.7","213",,,,,,,,,,,,
"MD","2025-01-12T00:00:00.000","8856","22456","99","20","9","3","39.4","212","15235","35","18","10","6","67.8","4841","9","0","8","0","21.6"
"MD","2025-01-19T00:00:00.000","8999","22198","138","42","11","4","40.5","209","15330","28","17","6","2","69.1","5024","22","0","4","0","22.6"
"MD","2025-01-26T00:00:00.000","9054","22506","136","27","3","1","40.2","211","15336","37","19","12","5","68.1","5089","21","4","5","2","22.6"
"MD","2025-02-02T00:00:00.000","9256","22514","91","20","2","0","41.1","210","15114","30","14","8","4","67.1","5234","41","6","9","0","23.2"
"MD","2025-02-09T00:00:00.000","9404","22431","66","22","7","2","41.9","210","15165","62","36","15","6","67.6","5352","16","1","3","0","23.9"
"MD","2025-02-16T00:00:00.000","9523","22473","84","19","8","4","42.4","210","15084","117","63","12","7","67.1","5564","13","1","1","0","24.8"
"MD","2025-02-23T00:00:00.000","9584","22416","96","30","14","3","42.8","209","15004","110","49","24","9","66.9","5597","6","1","2","0","25.0"
"MD","2025-03-02T00:00:00.000","9666","22731","127","19","6","0","42.5","211","15189","40","23","15","4","66.8","5800","7","2","3","1","25.5"
"MD","2025-03-09T00:00:00.000","9683","22753","51","22","4","1","42.6","212","15332","43","27","6","1","67.4","5773","2","0","0","0","25.4"
"MD","2025-03-16T00:00:00.000","9540","22418","55","18","5","2","42.6","210","15229","32","24","7","5","67.9","5626","2","0","0","0","25.1"
"MD","2025-03-23T00:00:00.000","9490","22535","44","14","4","2","42.1","211","15058","33","22","8","6","66.8","5751","6","0","1","0","25.5"
"MD","2025-03-30T00:00:00.000","9610","22378","46","18","7","0","42.9","209","15193","16","12","1","0","67.9","5781","1","0","0","0","25.8"
"MD","2025-04-06T00:00:00.000","9407","22408","53","17","6","1","42.0","211","15139","8","4","0","0","67.6","5760","1","0","0","0","25.7"
"MD","2025-04-13T00:00:00.000","9174","22230","42","7","5","1","41.3","210","15085","7","3","1","0","67.9","5825","12","1","3","0","26.2"
"MD","2025-04-20T00:00:00.000","9091","22161","43","6","7","1","41.0","209","15065","1","1","0","0","68.0","5708","9","1","0","0","25.8"
"MD","2025-04-27T00:00:00.000","9164","22154","48","9","7","1","41.4","210","15167","3","3","1","1","68.5","5775","11","1","1","0","26.1"
"MD","2025-05-04T00:00:00.000","8595","22197","42","11","2","0","38.7","211","14847","0","0","1","1","66.9","5916","1","1","0","0","26.7"
"MD","2025-05-11T00:00:00.000","8444","22050","3","1","1","0","38.3","209","14883","0","0","0","0","67.5","5958","1","1","0","0","27.0"
"MD","2025-05-18T00:00:00.000","8132","22178","7","1","1","1","36.7","210","14716","1","1","0","0","66.4","5942","0","0","0","0","26.8"
"MD","2025-05-25T00:00:00.000","8515","22262","11","5","1","0","38.2","210","15090","0","0","0","0","67.8","5930","0","0","0","0","26.6"
"MD","2025-06-01T00:00:00.000","8011","21964","10","0","1","0","36.5","209","14773","0","0","0","0","67.3","5933","0","0","0","0","27.0"
"MD","2025-06-08T00:00:00.000","7932","21867","9","0","0","0","36.3","208","14591","0","0","0","0","66.7","5735","0","0","0","0","26.2"
"MD","2025-06-15T00:00:00.000","7875","21526","29","3","2","0","36.6","206","14454","0","0","0","0","67.1","5725","1","0","0","0","26.6"
"MD","2025-06-22T00:00:00.000","7894","21785","38","12","0","0","36.2","207","14395","0","0","0","0","66.1","5847","0","0","0","0","26.8"
"MD","2025-06-29T00:00:00.000","8032","22171","22","7","3","1","36.2","209","14663","0","0","0","0","66.1","5956","0","0","0","0","26.9"
"MD","2025-07-06T00:00:00.000","8131","21901","64","1","0","0","37.1","208","0","0","0","0","0","0.0","6088","0","0","0","0","27.8"
"MD","2025-07-13T00:00:00.000","8203","22116","62","1","1","0","37.1","210","0","0","0","0","0","0.0","6238","0","0","0","0","28.2"
"MD","2025-07-20T00:00:00.000","8120","21984","14","6","2","0","36.9","208","0","0","0","0","0","0.0","6085","0","0","0","0","27.7"
"MD","2025-07-27T00:00:00.000","7951","21638","16","5","2","0","36.7","205","0","0","0","0","0","0.0","5891","0","0","0","0","27.2"
"MD","2025-08-03T00:00:00.000","8220","22166","29","2","1","0","37.1","209","3838","0","0","0","0","17.3","5915","0","0","0","0","26.7"
"MD","2025-08-10T00:00:00.000","7884","21854","37","8","3","0","36.1","207","3474","2","0","0","0","15.9","5829","0","0","0","0","26.7"
"MD","2025-08-17T00:00:00.000","7728","22044","60","15","3","2","35.1","207","3545","6","0","1","0","16.1","5818","0","0","0","0","26.4"
"MD","2025-08-24T00:00:00.000","7873","22043","83","22","7","2","35.7","207","3392","0","0","0","0","15.4","5739","1","0","0","0","26.0"
"MD","2025-08-31T00:00:00.000","7532","21727","79","14","2","0","34.7","204","3114","0","0","0","0","14.3","5677","1","0","0","0","26.1"
"MD","2025-09-07T00:00:00.000","7632","21867","59","5","7","0","34.9","206","3096","0","0","0","0","14.2","5789","1","0","0","0","26.5"
"MD","2025-09-14T00:00:00.000","7665","22073","102","8","6","0","34.7","207","3950","0","0","0","0","17.9","5827","1","0","0","0","26.4"
"MD","2025-09-21T00:00:00.000","7012","21930","98","12","6","2","32.0","207","4596","0","0","0","0","21.0","5821","2","1","0","0","26.5"
"MD","2025-09-28T00:00:00.000","6886","23258","74","15","7","0","29.6","204","5203","3","0","0","0","22.4","5740","0","0","0","0","24.7"
"MD","2025-10-05T00:00:00.000","6709","21660","92","9","8","0","31.0","204","6772","1","0","0","0","31.3","5709","0","0","0","0","26.4"
"MD","2025-10-12T00:00:00.000","6449","21542","46","2","7","1","29.9","203","9291","0","0","0","0","43.1","5570","0","0","0","0","25.9"
"MD","2025-10-19T00:00:00.000","6887","21681","22","2","6","0","31.8","203","11413","0","0","0","0","52.6","5627","0","0","0","0","26.0"
"MD","2025-10-26T00:00:00.000","7021","21677","12","2","2","0","32.4","202","12117","0","0","0","0","55.9","5600","0","0","0","0","25.8"
"MD","2025-11-02T00:00:00.000","7331","21331","7","1","2","0","34.4","200","12852","0","0","0","0","60.3","5627","0","0","0","0","26.4"
"MD","2025-11-09T00:00:00.000","7341","20995","26","3","2","0","35.0","196","12937","0","0","0","0","61.6","5631","0","0","0","0","26.8"
"MD","2025-11-16T00:00:00.000","7408","21139","34","0","2","0","35.0","197","13435","1","1","0","0","63.6","5683","0","0","0","0","26.9"
"MD","2025-11-23T00:00:00.000","7631","21193","36","4","5","0","36.0","197","13707","9","0","2","0","64.7","5728","0","0","0","0","27.0"
"MD","2025-11-30T00:00:00.000","7698","20994","151","27","0","0","36.7","196","13516","83","42","1","1","64.4","5715","0","0","0","0","27.2"
"MD","2025-12-07T00:00:00.000","7511","20758","29","7","2","0","36.2","195","13478","18","10","7","1","64.9","5640","1","0","0","0","27.2"
"MD","2025-12-14T00:00:00.000","7592","20619","44","7","4","2","36.8","194","13695","17","10","5","2","66.4","5653","1","0","0","0","27.4"
"MD","2025-12-21T00:00:00.000","7679","20921","99","20","1","0","36.7","195","13926","23","13","10","8","66.6","5611","5","0","1","0","26.8"
"MD","2025-12-28T00:00:00.000","7586","20588","39","8","5","1","36.8","194","13526","74","50","23","14","65.7","5560","11","2","3","0","27.0"
"MD","2026-01-04T00:00:00.000","7312","20398","54","8","2","1","35.8","194","13709","86","44","27","13","67.2","5626","6","0","0","0","27.6"
"MD","2026-01-11T00:00:00.000","7476","20628","122","43","6","1","36.2","193","13739","82","56","22","14","66.6","5577","7","0","3","1","27.0"
"MD","2026-01-18T00:00:00.000","7133","20233","41","7","2","0","35.3","189","13436","55","33","11","8","66.4","5618","4","1","0","0","27.8"
"MD","2026-01-25T00:00:00.000","7341","20654","21","3","3","1","35.5","191","13808","31","24","5","3","66.9","5525","7","2","1","0","26.8"
"MD","2026-02-01T00:00:00.000","7316","20689","46","7","3","1","35.4","191","13668","22","8","7","1","66.1","5662","15","4","1","1","27.4"
"MD","2026-02-08T00:00:00.000","7681","20620","45","13","2","0","37.3","191","13526","18","4","5","0","65.6","5552","17","7","2","0","26.9"
"MD","2026-02-15T00:00:00.000","7554","20656","42","6","0","0","36.6","190","13441","12","4","4","2","65.1","5563","8","0","3","1","26.9"
"MD","2026-02-22T00:00:00.000","7392","20166","38","1","3","0","36.7","186","13189","16","8","3","3","65.4","5456","7","1","3","0","27.1"
"MD","2026-03-01T00:00:00.000","7394","20110","60","11","5","0","36.8","185","13278","10","8","1","0","66.0","5645","2","1","1","0","28.1"
"MD","2026-03-08T00:00:00.000","7514","19960","105","24","15","1","37.6","185","13306","10","5","1","0","66.7","5660","4","0","1","0","28.4"
"MD","2026-03-15T00:00:00.000","7377","18886","56","9","6","0","39.1","177","12557","1","0","0","0","66.5","5477","3","1","1","0","29.0"
"MD","2026-03-22T00:00:00.000","6948","17549","52","13","3","0","39.6","163","11870","1","0","0","0","67.6","5174","4","1","3","0","29.5"
"MD","2026-03-29T00:00:00.000","4323","10390","15","6","1","0","41.6","95","7018","0","0","0","0","67.5","3049","0","0","0","0","29.3"
"ME","2024-10-06T00:00:00.000","799","5053","44","0","1","0","15.8","75",,,,,,,,,,,,
"ME","2024-10-13T00:00:00.000","786","4758","20","2","3","0","16.5","72",,,,,,,,,,,,
"ME","2024-10-20T00:00:00.000","800","4776","39","0","5","0","16.8","72",,,,,,,,,,,,
"ME","2024-10-27T00:00:00.000","1082","4683","63","5","5","0","23.1","71",,,,,,,,,,,,
"ME","2024-11-03T00:00:00.000","1360","4671","56","3","5","2","29.1","71",,,,,,,,,,,,
"ME","2024-11-10T00:00:00.000","1608","4732","36","4","1","1","34.0","72",,,,,,,,,,,,
"ME","2024-11-17T00:00:00.000","1622","4654","24","2","1","0","34.9","71",,,,,,,,,,,,
"ME","2024-11-24T00:00:00.000","1796","4653","36","11","1","0","38.6","71",,,,,,,,,,,,
"ME","2024-12-01T00:00:00.000","2060","4703","29","15","2","1","43.8","72",,,,,,,,,,,,
"ME","2024-12-08T00:00:00.000","2161","4730","85","40","1","0","45.7","72",,,,,,,,,,,,
"ME","2024-12-15T00:00:00.000","2126","4697","47","13","1","0","45.3","72",,,,,,,,,,,,
"ME","2024-12-22T00:00:00.000","2163","4662","41","19","4","2","46.4","71",,,,,,,,,,,,
"ME","2024-12-29T00:00:00.000","2188","4552","64","26","3","1","48.1","70",,,,,,,,,,,,
"ME","2025-01-05T00:00:00.000","2238","4672","93","30","3","1","47.9","71",,,,,,,,,,,,
"ME","2025-01-12T00:00:00.000","2327","4742","82","21","3","0","49.1","72","3464","17","14","2","2","73.0","1094","0","0","0","0","23.1"
"ME","2025-01-19T00:00:00.000","2272","4641","65","19","5","1","49.0","70","3352","3","3","2","1","72.2","1096","0","0","1","0","23.6"
"ME","2025-01-26T00:00:00.000","2433","4836","35","3","1","0","50.3","72","3399","5","3","5","3","70.3","1153","1","0","0","0","23.8"
"ME","2025-02-02T00:00:00.000","2332","4699","63","10","3","1","49.6","71","3431","23","16","3","3","73.0","1111","0","0","0","0","23.6"
"ME","2025-02-09T00:00:00.000","2433","4687","17","6","0","0","51.9","71","3434","23","6","6","1","73.3","1106","0","0","0","0","23.6"
"ME","2025-02-16T00:00:00.000","2470","4756","15","7","0","0","51.9","72","3491","23","16","2","1","73.4","1131","0","0","0","0","23.8"
"ME","2025-02-23T00:00:00.000","2446","4672","21","3","0","0","52.4","71","3456","24","12","6","3","74.0","1150","2","0","1","0","24.6"
"ME","2025-03-02T00:00:00.000","2415","4678","10","0","0","0","51.6","71","3435","26","21","3","2","73.4","1129","1","0","0","0","24.1"
"ME","2025-03-09T00:00:00.000","2432","4606","0","0","0","0","52.8","70","3414","13","12","1","1","74.1","1175","1","0","0","0","25.5"
"ME","2025-03-16T00:00:00.000","2487","4663","1","0","0","0","53.3","71","3503","18","8","2","1","75.1","1182","1","0","1","0","25.3"
"ME","2025-03-23T00:00:00.000","2484","4611","0","0","0","0","53.9","70","3438","18","12","4","2","74.6","1297","2","0","0","0","28.1"
"ME","2025-03-30T00:00:00.000","2378","4546","6","0","1","0","52.3","69","3337","4","4","2","2","73.4","1256","0","0","0","0","27.6"
"ME","2025-04-06T00:00:00.000","2368","4531","9","1","0","0","52.3","70","3406","4","3","2","2","75.2","1254","4","0","1","0","27.7"
"ME","2025-04-13T00:00:00.000","2351","4499","6","1","0","0","52.3","70","3416","21","14","4","3","75.9","1358","3","1","1","0","30.2"
"ME","2025-04-20T00:00:00.000","2205","4529","0","0","0","0","48.7","70","3368","4","4","1","1","74.4","1300","0","0","0","0","28.7"
"ME","2025-04-27T00:00:00.000","2198","4585","1","1","0","0","47.9","71","3404","3","3","0","0","74.2","1411","0","0","0","0","30.8"
"ME","2025-05-04T00:00:00.000","2284","4643","9","6","0","0","49.2","72","3351","1","0","0","0","72.2","1385","0","0","0","0","29.8"
"ME","2025-05-11T00:00:00.000","2191","4569","15","0","0","0","48.0","70","3318","0","0","0","0","72.6","1315","6","0","3","0","28.8"
"ME","2025-05-18T00:00:00.000","2187","4637","10","0","2","0","47.2","71","3367","0","0","0","0","72.6","1361","2","0","0","0","29.4"
"ME","2025-05-25T00:00:00.000","2128","4564","2","1","0","0","46.6","70","3311","1","1","0","0","72.5","1301","3","0","0","0","28.5"
"ME","2025-06-01T00:00:00.000","2124","4622","0","0","0","0","46.0","71","3318","1","1","0","0","71.8","1376","0","0","0","0","29.8"
"ME","2025-06-08T00:00:00.000","2096","4579","0","0","0","0","45.8","70","3286","0","0","0","0","71.8","1336","0","0","0","0","29.2"
"ME","2025-06-15T00:00:00.000","2029","4578","8","0","0","0","44.3","70","3259","0","0","0","0","71.2","1350","0","0","0","0","29.5"
"ME","2025-06-22T00:00:00.000","2096","4611","0","0","0","0","45.5","71","3351","0","0","0","0","72.7","1380","0","0","0","0","29.9"
"ME","2025-06-29T00:00:00.000","2062","4579","0","0","0","0","45.0","70","3243","0","0","0","0","70.8","1367","0","0","0","0","29.9"
"ME","2025-07-06T00:00:00.000","2095","4610","1","0","1","0","45.4","70","0","0","0","0","0","0.0","1458","0","0","0","0","31.6"
"ME","2025-07-13T00:00:00.000","1980","4564","5","1","0","0","43.4","69","0","0","0","0","0","0.0","1399","0","0","0","0","30.7"
"ME","2025-07-20T00:00:00.000","2054","4626","2","1","0","0","44.4","70","0","0","0","0","0","0.0","1384","0","0","0","0","29.9"
"ME","2025-07-27T00:00:00.000","1984","4583","3","0","0","0","43.3","69","0","0","0","0","0","0.0","1394","0","0","0","0","30.4"
"ME","2025-08-03T00:00:00.000","1966","4543","0","0","0","0","43.3","69","379","0","0","0","0","8.3","1395","0","0","0","0","30.7"
"ME","2025-08-10T00:00:00.000","1979","4548","2","0","0","0","43.5","69","388","0","0","0","0","8.5","1414","3","0","1","0","31.1"
"ME","2025-08-17T00:00:00.000","1801","4608","18","4","0","0","39.1","70","114","0","0","0","0","2.5","1375","0","0","0","0","29.8"
"ME","2025-08-24T00:00:00.000","1829","4588","13","1","0","0","39.9","69","207","0","0","0","0","4.5","1403","1","0","0","0","30.6"
"ME","2025-08-31T00:00:00.000","1860","4547","17","3","1","0","40.9","69","309","0","0","0","0","6.8","1387","1","0","1","0","30.5"
"ME","2025-09-07T00:00:00.000","1811","4522","14","2","0","0","40.0","68","291","0","0","0","0","6.4","1360","2","0","24","0","30.1"
"ME","2025-09-14T00:00:00.000","1746","4545","25","1","1","0","38.4","69","241","0","0","0","0","5.3","1374","0","0","0","0","30.2"
"ME","2025-09-21T00:00:00.000","1718","4578","23","4","0","0","37.5","69","211","0","0","0","0","4.6","1362","0","0","0","0","29.8"
"ME","2025-09-28T00:00:00.000","1649","4520","42","0","0","0","36.5","68","400","0","0","0","0","8.8","1269","0","0","0","0","28.1"
"ME","2025-10-05T00:00:00.000","1413","4484","11","0","1","0","31.5","68","999","0","0","0","0","22.3","1258","0","0","0","0","28.1"
"ME","2025-10-12T00:00:00.000","1529","4647","25","8","2","1","32.9","70","1699","1","1","0","0","36.6","1367","0","0","0","0","29.4"
"ME","2025-10-19T00:00:00.000","1543","4455","34","3","1","0","34.6","67","2164","0","0","0","0","48.6","1309","9","0","0","0","29.4"
"ME","2025-10-26T00:00:00.000","1541","4529","27","6","1","0","34.0","68","2483","9","0","0","0","54.8","1336","0","0","0","0","29.5"
"ME","2025-11-02T00:00:00.000","1618","4538","27","5","1","0","35.7","68","2668","0","0","0","0","58.8","1406","0","0","0","0","31.0"
"ME","2025-11-09T00:00:00.000","1706","4561","54","23","1","0","37.4","68","2781","0","0","0","0","61.0","1411","0","0","0","0","30.9"
"ME","2025-11-16T00:00:00.000","1856","4541","26","1","1","0","40.9","68","2847","0","0","0","0","62.7","1376","0","0","0","0","30.3"
"ME","2025-11-23T00:00:00.000","1950","4568","24","4","0","0","42.7","68","3023","3","3","2","2","66.2","1439","0","0","0","0","31.5"
"ME","2025-11-30T00:00:00.000","2014","4504","22","10","1","1","44.7","67","3035","0","0","0","0","67.4","1425","0","0","0","0","31.6"
"ME","2025-12-07T00:00:00.000","2031","4473","37","2","2","0","45.4","68","3104","0","0","0","0","69.4","1453","0","0","0","0","32.5"
"ME","2025-12-14T00:00:00.000","2090","4483","48","13","4","0","46.6","68","3220","2","2","1","1","71.8","1470","0","0","0","0","32.8"
"ME","2025-12-21T00:00:00.000","2097","4508","58","27","1","0","46.5","68","3220","39","29","1","0","71.4","1480","0","0","0","0","32.8"
"ME","2025-12-28T00:00:00.000","2108","5827","15","9","1","0","36.2","69","3246","29","24","3","2","55.7","1511","2","1","1","0","25.9"
"ME","2026-01-04T00:00:00.000","2109","4559","28","14","4","2","46.3","69","3193","40","30","8","2","70.0","1514","3","1","0","0","33.2"
"ME","2026-01-11T00:00:00.000","2063","4514","33","8","2","1","45.7","68","3155","31","24","5","4","69.9","1460","0","0","0","0","32.3"
"ME","2026-01-18T00:00:00.000","1933","4336","38","7","3","0","44.6","67","3026","11","4","2","2","69.8","1400","1","0","1","0","32.3"
"ME","2026-01-25T00:00:00.000","1986","4416","36","10","1","0","45.0","66","3085","11","6","0","0","69.9","1400","0","0","0","0","31.7"
"ME","2026-02-01T00:00:00.000","1965","4400","64","17","2","1","44.7","66","3144","9","8","0","0","71.5","1426","0","0","0","0","32.4"
"ME","2026-02-08T00:00:00.000","2022","4560","49","6","7","0","44.3","68","3231","2","1","1","1","70.9","1430","0","0","0","0","31.4"
"ME","2026-02-15T00:00:00.000","2019","4510","29","2","1","0","44.8","67","3166","9","3","0","0","70.2","1449","0","0","0","0","32.1"
"ME","2026-02-22T00:00:00.000","2050","4411","9","5","2","1","46.5","66","3064","21","11","1","0","69.5","1423","0","0","0","0","32.3"
"ME","2026-03-01T00:00:00.000","1962","4441","48","29","3","0","44.2","66","3121","4","0","1","0","70.3","1454","0","0","0","0","32.7"
"ME","2026-03-08T00:00:00.000","2018","4255","32","5","4","1","47.4","63","3015","1","1","1","1","70.9","1413","0","0","1","0","33.2"
"ME","2026-03-15T00:00:00.000","2058","4285","22","2","0","0","48.0","63","3005","19","12","2","1","70.1","1400","2","0","0","0","32.7"
"ME","2026-03-22T00:00:00.000","1874","3856","3","0","0","0","48.6","57","2730","10","8","0","0","70.8","1304","1","0","0","0","33.8"
"ME","2026-03-29T00:00:00.000","968","1898","14","6","1","1","51.0","29","1340","0","0","0","0","70.6","617","0","0","0","0","32.5"
"MI","2024-10-06T00:00:00.000","5154","34115","300","16","16","4","15.1","405",,,,,,,,,,,,
"MI","2024-10-13T00:00:00.000","6149","34409","171","15","12","0","17.9","408",,,,,,,,,,,,
"MI","2024-10-20T00:00:00.000","7635","34365","167","25","13","1","22.2","407",,,,,,,,,,,,
"MI","2024-10-27T00:00:00.000","9002","33890","198","18","8","2","26.6","403",,,,,,,,,,,,
"MI","2024-11-03T00:00:00.000","10006","34392","153","28","10","5","29.1","406",,,,,,,,,,,,
"MI","2024-11-10T00:00:00.000","10913","34774","138","18","3","0","31.4","408",,,,,,,,,,,,
"MI","2024-11-17T00:00:00.000","11678","34871","138","12","15","6","33.5","408",,,,,,,,,,,,
"MI","2024-11-24T00:00:00.000","12397","34665","120","13","11","0","35.8","406",,,,,,,,,,,,
"MI","2024-12-01T00:00:00.000","13048","34467","124","25","10","3","37.9","406",,,,,,,,,,,,
"MI","2024-12-08T00:00:00.000","13493","34320","130","36","11","3","39.3","405",,,,,,,,,,,,
"MI","2024-12-15T00:00:00.000","13740","34706","230","56","14","5","39.6","407",,,,,,,,,,,,
"MI","2024-12-22T00:00:00.000","14062","34516","312","93","16","0","40.7","403",,,,,,,,,,,,
"MI","2024-12-29T00:00:00.000","13969","34153","338","85","17","3","40.9","401",,,,,,,,,,,,
"MI","2025-01-05T00:00:00.000","14367","35028","457","125","20","4","41.0","410",,,,,,,,,,,,
"MI","2025-01-12T00:00:00.000","14376","34566","430","133","25","9","41.6","405","20482","63","26","11","7","59.3","5773","12","0","10","0","16.7"
"MI","2025-01-19T00:00:00.000","14555","34892","335","76","25","12","41.7","404","20588","41","18","11","6","59.0","5825","30","0","1","0","16.7"
"MI","2025-01-26T00:00:00.000","14761","35035","258","65","16","3","42.1","404","20958","51","26","15","5","59.8","6018","23","3","10","2","17.2"
"MI","2025-02-02T00:00:00.000","15036","35155","222","66","9","3","42.8","406","21053","90","48","20","9","59.9","6358","27","10","6","1","18.1"
"MI","2025-02-09T00:00:00.000","15124","35365","190","71","17","3","42.8","405","20981","158","83","17","8","59.3","6524","26","4","1","0","18.4"
"MI","2025-02-16T00:00:00.000","15183","35458","176","73","15","3","42.8","407","21234","207","99","27","14","59.9","6712","21","2","4","1","18.9"
"MI","2025-02-23T00:00:00.000","15251","35354","143","55","13","5","43.1","406","21242","226","95","44","24","60.1","6766","26","3","4","1","19.1"
"MI","2025-03-02T00:00:00.000","15307","35330","63","27","7","5","43.3","406","21318","154","63","28","12","60.3","6966","21","4","7","3","19.7"
"MI","2025-03-09T00:00:00.000","15256","34832","66","24","10","4","43.8","403","21075","239","69","27","15","60.5","6909","6","0","2","0","19.8"
"MI","2025-03-16T00:00:00.000","15353","34810","90","23","7","3","44.1","403","21125","107","45","16","8","60.7","7128","19","0","4","0","20.5"
"MI","2025-03-23T00:00:00.000","15314","34972","108","27","7","0","43.8","403","20654","58","17","6","2","59.1","7102","20","0","3","0","20.3"
"MI","2025-03-30T00:00:00.000","14708","34289","95","20","9","0","42.9","397","20264","48","24","9","2","59.1","6893","19","0","0","0","20.1"
"MI","2025-04-06T00:00:00.000","14746","34911","99","24","3","1","42.2","404","20461","19","11","3","3","58.6","6968","5","1","0","0","20.0"
"MI","2025-04-13T00:00:00.000","13897","34935","81","14","6","2","39.8","403","20381","11","8","4","2","58.3","7038","8","0","2","0","20.1"
"MI","2025-04-20T00:00:00.000","13488","34948","69","8","5","1","38.6","405","20206","4","3","2","1","57.8","7027","0","0","2","0","20.1"
"MI","2025-04-27T00:00:00.000","13316","34848","45","7","1","0","38.2","402","20362","7","4","1","1","58.4","7155","3","1","2","0","20.5"
"MI","2025-05-04T00:00:00.000","13113","35412","24","7","4","1","37.0","407","20563","0","0","0","0","58.1","7227","4","0","3","0","20.4"
"MI","2025-05-11T00:00:00.000","12767","35515","21","3","1","0","35.9","408","20510","0","0","0","0","57.8","7273","0","0","0","0","20.5"
"MI","2025-05-18T00:00:00.000","12274","35283","32","10","1","0","34.8","409","20326","3","1","1","0","57.6","7249","0","0","0","0","20.5"
"MI","2025-05-25T00:00:00.000","11853","34983","26","14","2","0","33.9","403","19994","0","0","0","0","57.2","7075","0","0","0","0","20.2"
"MI","2025-06-01T00:00:00.000","11607","34873","11","3","1","0","33.3","404","19951","0","0","0","0","57.2","7049","1","0","0","0","20.2"
"MI","2025-06-08T00:00:00.000","11781","35288","48","12","2","0","33.4","407","20041","0","0","0","0","56.8","7194","0","0","0","0","20.4"
"MI","2025-06-15T00:00:00.000","11704","35389","23","2","5","0","33.1","407","19964","0","0","0","0","56.4","7149","0","0","0","0","20.2"
"MI","2025-06-22T00:00:00.000","11781","35391","18","4","2","0","33.3","406","19707","1","1","0","0","55.7","7112","0","0","0","0","20.1"
"MI","2025-06-29T00:00:00.000","11842","35387","5","1","1","0","33.5","404","19528","0","0","0","0","55.2","7105","1","0","1","0","20.1"
"MI","2025-07-06T00:00:00.000","11571","35069","10","0","0","0","33.0","404","0","2","0","2","0","0.0","7794","0","0","0","0","22.2"
"MI","2025-07-13T00:00:00.000","11289","34901","19","5","1","0","32.3","403","0","0","0","0","0","0.0","7669","0","0","0","0","22.0"
"MI","2025-07-20T00:00:00.000","11140","35009","35","3","2","1","31.8","403","0","0","0","0","0","0.0","7678","0","0","0","0","21.9"
"MI","2025-07-27T00:00:00.000","11243","35146","8","3","0","0","32.0","404","0","0","0","0","0","0.0","7713","0","0","0","0","21.9"
"MI","2025-08-03T00:00:00.000","11076","34641","38","5","3","1","32.0","400","5379","0","0","1","0","15.5","7231","0","0","1","0","20.9"
"MI","2025-08-10T00:00:00.000","11185","34905","89","28","5","0","32.0","403","5202","0","0","0","0","14.9","7280","0","0","0","0","20.9"
"MI","2025-08-17T00:00:00.000","11030","34717","24","7","0","0","31.8","401","5308","1","0","0","0","15.3","7284","0","0","0","0","21.0"
"MI","2025-08-24T00:00:00.000","10876","34504","26","2","0","0","31.5","398","4882","2","0","1","0","14.1","7193","0","0","0","0","20.8"
"MI","2025-08-31T00:00:00.000","10758","34391","72","11","4","3","31.3","397","4448","0","0","0","0","12.9","7177","0","0","0","0","20.9"
"MI","2025-09-07T00:00:00.000","10683","34190","111","17","4","1","31.2","397","4540","0","0","0","0","13.3","7310","0","0","0","0","21.4"
"MI","2025-09-14T00:00:00.000","10582","34555","101","19","4","1","30.6","401","5113","0","0","0","0","14.8","7402","0","0","0","0","21.4"
"MI","2025-09-21T00:00:00.000","10183","34457","139","33","7","1","29.6","399","5344","8","0","0","0","15.5","7380","0","0","0","0","21.4"
"MI","2025-09-28T00:00:00.000","10211","34593","118","27","7","0","29.5","398","5957","0","0","0","0","17.2","7341","0","0","0","0","21.2"
"MI","2025-10-05T00:00:00.000","9995","34862","93","25","1","0","28.7","398","7539","1","0","0","0","21.6","7737","0","0","0","0","22.2"
"MI","2025-10-12T00:00:00.000","9859","34788","36","5","2","0","28.3","399","9705","1","0","0","0","27.9","7568","0","0","0","0","21.8"
"MI","2025-10-19T00:00:00.000","10148","34435","38","13","2","0","29.5","395","11317","0","0","0","0","32.9","7463","0","0","0","0","21.7"
"MI","2025-10-26T00:00:00.000","10369","34506","23","4","3","0","30.0","396","12880","0","0","0","0","37.3","7692","0","0","0","0","22.3"
"MI","2025-11-02T00:00:00.000","10725","34789","46","2","4","0","30.8","397","14248","0","0","1","0","41.0","7747","0","0","0","0","22.3"
"MI","2025-11-09T00:00:00.000","10832","34379","63","1","4","0","31.5","393","14783","0","0","0","0","43.0","7632","0","0","0","0","22.2"
"MI","2025-11-16T00:00:00.000","11431","34587","37","1","1","0","33.0","394","15599","1","1","1","0","45.1","7697","1","0","0","0","22.3"
"MI","2025-11-23T00:00:00.000","11696","34134","37","3","6","1","34.3","391","15665","16","0","0","0","45.9","7587","0","0","0","0","22.2"
"MI","2025-11-30T00:00:00.000","11866","33925","130","34","1","0","35.0","389","15864","1","0","0","0","46.8","7759","0","0","0","0","22.9"
"MI","2025-12-07T00:00:00.000","12171","34034","109","21","3","0","35.8","389","15845","9","1","1","1","46.6","7656","0","0","0","0","22.5"
"MI","2025-12-14T00:00:00.000","12375","34190","130","14","7","0","36.2","389","16105","3","0","0","0","47.1","7575","1","0","0","0","22.2"
"MI","2025-12-21T00:00:00.000","12585","34226","137","29","7","0","36.8","390","16273","32","23","9","7","47.5","7619","3","0","0","0","22.3"
"MI","2025-12-28T00:00:00.000","12699","33749","263","71","13","1","37.6","386","15979","38","21","6","3","47.3","7651","11","1","0","0","22.7"
"MI","2026-01-04T00:00:00.000","12744","33706","212","73","12","2","37.8","385","16088","68","24","12","6","47.7","7694","9","0","3","0","22.8"
"MI","2026-01-11T00:00:00.000","12818","33882","276","56","13","1","37.8","385","16370","105","59","21","13","48.3","7556","5","0","1","0","22.3"
"MI","2026-01-18T00:00:00.000","12776","33827","217","41","10","1","37.8","381","16071","65","28","14","4","47.5","7496","3","0","0","0","22.2"
"MI","2026-01-25T00:00:00.000","12842","33723","176","32","6","0","38.1","379","16061","29","14","7","3","47.6","7550","7","0","0","0","22.4"
"MI","2026-02-01T00:00:00.000","12970","34255","162","27","5","2","37.9","384","16331","18","2","5","3","47.7","7703","4","0","1","1","22.5"
"MI","2026-02-08T00:00:00.000","12780","33706","163","61","7","3","37.9","380","16186","23","7","3","1","48.0","7656","3","0","1","0","22.7"
"MI","2026-02-15T00:00:00.000","12823","33740","116","29","8","1","38.0","381","16379","35","10","3","1","48.5","7648","4","1","1","0","22.7"
"MI","2026-02-22T00:00:00.000","12693","33162","174","54","13","2","38.3","377","15798","18","8","1","1","47.6","7578","4","2","2","0","22.9"
"MI","2026-03-01T00:00:00.000","12766","32745","120","19","7","2","39.0","373","15748","23","4","1","0","48.1","7510","13","7","5","2","22.9"
"MI","2026-03-08T00:00:00.000","12466","31956","70","15","2","0","39.0","365","15197","21","4","0","0","47.6","7383","7","1","1","0","23.1"
"MI","2026-03-15T00:00:00.000","12216","31206","98","16","1","1","39.1","352","14853","14","1","2","0","47.6","7004","12","3","2","0","22.4"
"MI","2026-03-22T00:00:00.000","11434","29179","45","4","2","0","39.2","334","13729","16","4","2","0","47.1","6647","13","1","4","2","22.8"
"MI","2026-03-29T00:00:00.000","7442","18324","4","1","0","0","40.6","202","7472","1","1","0","0","40.8","4125","8","1","1","0","22.5"
"MN","2024-10-06T00:00:00.000","4012","18941","212","11","15","1","21.2","317",,,,,,,,,,,,
"MN","2024-10-13T00:00:00.000","5203","18986","177","8","8","0","27.4","316",,,,,,,,,,,,
"MN","2024-10-20T00:00:00.000","6417","19103","128","12","7","2","33.6","316",,,,,,,,,,,,
"MN","2024-10-27T00:00:00.000","8130","18905","146","26","11","1","43.0","314",,,,,,,,,,,,
"MN","2024-11-03T00:00:00.000","9191","19029","115","24","14","1","48.3","317",,,,,,,,,,,,
"MN","2024-11-10T00:00:00.000","9722","18804","92","44","7","2","51.7","314",,,,,,,,,,,,
"MN","2024-11-17T00:00:00.000","9979","19035","101","37","2","0","52.4","317",,,,,,,,,,,,
"MN","2024-11-24T00:00:00.000","10196","18990","59","27","4","1","53.7","316",,,,,,,,,,,,
"MN","2024-12-01T00:00:00.000","10420","18983","79","32","4","2","54.9","317",,,,,,,,,,,,
"MN","2024-12-08T00:00:00.000","10631","19005","175","79","8","5","55.9","317",,,,,,,,,,,,
"MN","2024-12-15T00:00:00.000","10837","18990","203","127","7","1","57.1","316",,,,,,,,,,,,
"MN","2024-12-22T00:00:00.000","11038","19050","177","97","11","4","57.9","316",,,,,,,,,,,,
"MN","2024-12-29T00:00:00.000","11124","18990","254","116","17","4","58.6","317",,,,,,,,,,,,
"MN","2025-01-05T00:00:00.000","11187","19065","274","129","13","2","58.7","320",,,,,,,,,,,,
"MN","2025-01-12T00:00:00.000","11210","18981","222","116","21","9","59.1","317","13648","100","53","25","15","71.9","6658","16","2","1","0","35.1"
"MN","2025-01-19T00:00:00.000","11229","19133","194","92","12","6","58.7","315","13776","90","55","26","13","72.0","6788","12","2","7","1","35.5"
"MN","2025-01-26T00:00:00.000","11296","19145","165","93","6","3","59.0","313","13749","143","112","26","20","71.8","6784","8","0","1","0","35.4"
"MN","2025-02-02T00:00:00.000","11273","19156","105","49","8","1","58.8","313","13780","73","39","14","7","71.9","6739","16","3","1","0","35.2"
"MN","2025-02-09T00:00:00.000","11314","18993","92","41","5","2","59.6","311","13806","112","67","31","19","72.7","6943","13","2","0","0","36.6"
"MN","2025-02-16T00:00:00.000","11521","19333","124","71","10","4","59.6","314","13924","77","45","6","3","72.0","6900","12","1","0","0","35.7"
"MN","2025-02-23T00:00:00.000","11332","19142","66","33","11","4","59.2","313","13804","29","24","10","7","72.1","6875","13","2","3","0","35.9"
"MN","2025-03-02T00:00:00.000","11469","19162","56","26","5","2","59.9","314","14035","39","20","8","6","73.2","7020","16","1","3","0","36.6"
"MN","2025-03-09T00:00:00.000","11727","19212","96","52","6","5","61.0","316","14168","11","4","1","1","73.7","7113","12","1","6","1","37.0"
"MN","2025-03-16T00:00:00.000","11524","19171","105","66","5","3","60.1","315","14177","18","15","2","1","74.0","7198","29","7","8","1","37.5"
"MN","2025-03-23T00:00:00.000","11545","19031","73","35","7","1","60.7","312","14026","23","15","4","3","73.7","7176","17","2","0","0","37.7"
"MN","2025-03-30T00:00:00.000","10931","18698","68","41","6","5","58.5","310","13781","14","9","2","1","73.7","7133","16","5","2","1","38.1"
"MN","2025-04-06T00:00:00.000","10509","18771","82","42","6","3","56.0","311","13781","6","3","1","1","73.4","7323","22","5","10","3","39.0"
"MN","2025-04-13T00:00:00.000","10101","18525","46","26","7","4","54.5","308","13710","7","6","0","0","74.0","7509","15","1","7","0","40.5"
"MN","2025-04-20T00:00:00.000","9534","18622","52","27","3","2","51.2","310","13633","4","4","0","0","73.2","7466","7","1","1","0","40.1"
"MN","2025-04-27T00:00:00.000","9519","18606","49","18","2","1","51.2","309","13561","2","1","0","0","72.9","7720","3","0","1","0","41.5"
"MN","2025-05-04T00:00:00.000","9071","18692","34","8","1","1","48.5","311","13708","0","0","0","0","73.3","7673","4","2","1","0","41.0"
"MN","2025-05-11T00:00:00.000","8950","18508","30","18","3","3","48.4","307","13677","0","0","0","0","73.9","7809","1","0","0","0","42.2"
"MN","2025-05-18T00:00:00.000","8698","18525","24","14","1","0","47.0","309","13610","0","0","0","0","73.5","7749","0","0","0","0","41.8"
"MN","2025-05-25T00:00:00.000","8957","18662","20","10","0","0","48.0","308","13599","0","0","0","0","72.9","7676","1","0","0","0","41.1"
"MN","2025-06-01T00:00:00.000","8922","18514","45","6","1","0","48.2","308","13471","0","0","0","0","72.8","7696","1","0","0","0","41.6"
"MN","2025-06-08T00:00:00.000","8781","18295","15","3","1","0","48.0","307","13219","2","2","1","1","72.3","7560","4","0","0","0","41.3"
"MN","2025-06-15T00:00:00.000","8751","18276","13","3","0","0","47.9","307","13239","3","2","1","1","72.4","7638","0","0","0","0","41.8"
"MN","2025-06-22T00:00:00.000","8752","18201","28","3","1","0","48.1","302","13082","0","0","0","0","71.9","7680","1","0","0","0","42.2"
"MN","2025-06-29T00:00:00.000","8809","18196","19","2","0","0","48.4","301","12988","2","2","0","0","71.4","7655","0","0","0","0","42.1"
"MN","2025-07-06T00:00:00.000","8694","18301","27","5","0","0","47.5","307","0","0","0","1","0","0.0","7882","0","0","0","0","43.1"
"MN","2025-07-13T00:00:00.000","8686","18414","22","5","2","2","47.2","307","0","0","0","0","0","0.0","7796","0","0","0","0","42.3"
"MN","2025-07-20T00:00:00.000","8682","18434","33","10","0","0","47.1","307","0","0","0","0","0","0.0","7835","0","0","0","0","42.5"
"MN","2025-07-27T00:00:00.000","8726","18505","37","3","1","0","47.2","308","0","0","0","0","0","0.0","7885","0","0","0","0","42.6"
"MN","2025-08-03T00:00:00.000","8622","18310","63","6","6","1","47.1","305","2989","1","0","0","0","16.3","7725","0","0","0","0","42.2"
"MN","2025-08-10T00:00:00.000","8517","18002","41","10","4","0","47.3","302","2781","0","0","0","0","15.4","7640","0","0","0","0","42.4"
"MN","2025-08-17T00:00:00.000","8436","17926","51","4","3","0","47.1","301","2300","1","0","0","0","12.8","7604","0","0","0","0","42.4"
"MN","2025-08-24T00:00:00.000","8349","17802","42","7","4","1","46.9","300","2298","0","0","0","0","12.9","7545","0","0","0","0","42.4"
"MN","2025-08-31T00:00:00.000","8082","17567","79","35","3","1","46.0","295","2009","0","0","1","0","11.4","7511","0","0","0","0","42.8"
"MN","2025-09-07T00:00:00.000","8015","17742","78","35","7","1","45.2","298","2024","0","0","0","0","11.4","7403","0","0","0","0","41.7"
"MN","2025-09-14T00:00:00.000","7761","17804","138","49","4","1","43.6","298","1726","0","0","0","0","9.7","7471","0","0","0","0","42.0"
"MN","2025-09-21T00:00:00.000","7614","17838","116","37","8","1","42.7","297","1862","2","0","1","0","10.4","7480","0","0","0","0","41.9"
"MN","2025-09-28T00:00:00.000","7513","17787","75","25","4","0","42.2","296","2303","0","0","0","0","12.9","7465","0","0","0","0","42.0"
"MN","2025-10-05T00:00:00.000","7103","17888","47","8","3","0","39.7","295","4110","0","0","0","0","23.0","7400","0","0","0","0","41.4"
"MN","2025-10-12T00:00:00.000","7088","17787","48","10","5","1","39.8","294","5771","0","0","0","0","32.4","7397","0","0","0","0","41.6"
"MN","2025-10-19T00:00:00.000","7186","17886","38","14","4","0","40.2","295","7370","0","0","0","0","41.2","7640","0","0","0","0","42.7"
"MN","2025-10-26T00:00:00.000","7804","17830","40","7","5","1","43.8","294","9083","0","0","0","0","50.9","7696","0","0","0","0","43.2"
"MN","2025-11-02T00:00:00.000","8095","17690","24","5","3","0","45.8","292","9974","0","0","0","0","56.4","7680","1","0","1","0","43.4"
"MN","2025-11-09T00:00:00.000","8502","17781","25","7","1","0","47.8","295","10943","0","0","0","0","61.5","7726","0","0","0","0","43.5"
"MN","2025-11-16T00:00:00.000","8804","17969","40","18","2","0","49.0","295","11378","0","0","0","0","63.3","7803","1","0","0","0","43.4"
"MN","2025-11-23T00:00:00.000","8908","17794","37","5","3","1","50.1","292","11476","5","3","1","1","64.5","7873","0","0","0","0","44.2"
"MN","2025-11-30T00:00:00.000","8968","17862","31","10","4","1","50.2","294","11626","5","1","2","0","65.1","7848","0","0","0","0","43.9"
"MN","2025-12-07T00:00:00.000","9364","18089","105","33","6","0","51.8","296","11764","9","5","4","2","65.0","7998","0","0","0","0","44.2"
"MN","2025-12-14T00:00:00.000","9387","18011","123","51","6","2","52.1","295","11926","51","20","11","4","66.2","7994","0","0","0","0","44.4"
"MN","2025-12-21T00:00:00.000","9410","17840","103","36","9","1","52.7","293","11780","50","15","9","3","66.0","7853","1","1","0","0","44.0"
"MN","2025-12-28T00:00:00.000","9384","17707","77","22","3","1","53.0","295","11839","91","52","16","10","66.9","7938","1","0","1","0","44.8"
"MN","2026-01-04T00:00:00.000","9463","17642","154","52","11","3","53.6","293","11828","114","57","20","12","67.0","7794","3","1","1","0","44.2"
"MN","2026-01-11T00:00:00.000","9450","17488","145","38","9","1","54.0","287","11918","124","77","25","15","68.1","7806","9","3","3","0","44.6"
"MN","2026-01-18T00:00:00.000","9588","17663","70","34","4","2","54.3","290","11929","52","31","11","7","67.5","7905","5","5","1","0","44.8"
"MN","2026-01-25T00:00:00.000","9431","17416","82","36","2","0","54.2","285","11741","18","7","4","2","67.4","7870","3","1","0","0","45.2"
"MN","2026-02-01T00:00:00.000","9430","17558","138","51","5","1","53.7","287","11754","48","38","4","3","66.9","7925","11","1","4","0","45.1"
"MN","2026-02-08T00:00:00.000","9453","17632","112","43","6","2","53.6","288","11848","34","25","11","6","67.2","7994","18","2","3","2","45.3"
"MN","2026-02-15T00:00:00.000","9259","17345","88","31","4","2","53.4","282","11638","20","15","6","3","67.1","7850","25","7","3","2","45.3"
"MN","2026-02-22T00:00:00.000","9270","17187","77","35","6","2","53.9","279","11607","17","9","4","2","67.5","7890","2","0","2","0","45.9"
"MN","2026-03-01T00:00:00.000","9268","17103","70","31","1","1","54.2","277","11562","17","10","3","2","67.6","7838","2","0","1","0","45.8"
"MN","2026-03-08T00:00:00.000","9238","16918","68","31","6","2","54.6","274","11405","3","0","1","0","67.4","7732","1","1","0","0","45.7"
"MN","2026-03-15T00:00:00.000","8907","16410","27","9","4","2","54.3","266","11173","6","5","1","0","68.1","7518","6","3","1","1","45.8"
"MN","2026-03-22T00:00:00.000","8327","15390","30","8","1","0","54.1","246","10533","8","6","1","0","68.4","7189","6","2","2","0","46.7"
"MN","2026-03-29T00:00:00.000","4004","7705","19","15","0","0","52.0","126","4972","1","0","0","0","64.5","3599","4","0","2","0","46.7"
"MO","2024-10-06T00:00:00.000","4366","34551","319","4","18","0","12.6","469",,,,,,,,,,,,
"MO","2024-10-13T00:00:00.000","4978","34574","149","4","7","1","14.4","471",,,,,,,,,,,,
"MO","2024-10-20T00:00:00.000","6196","34099","151","2","11","0","18.2","463",,,,,,,,,,,,
"MO","2024-10-27T00:00:00.000","7308","33687","132","12","8","1","21.7","459",,,,,,,,,,,,
"MO","2024-11-03T00:00:00.000","8223","34011","133","3","7","0","24.2","462",,,,,,,,,,,,
"MO","2024-11-10T00:00:00.000","9381","34272","104","4","12","0","27.4","463",,,,,,,,,,,,
"MO","2024-11-17T00:00:00.000","9712","33826","148","18","7","0","28.7","459",,,,,,,,,,,,
"MO","2024-11-24T00:00:00.000","10681","34108","133","56","14","6","31.3","463",,,,,,,,,,,,
"MO","2024-12-01T00:00:00.000","11068","33928","118","35","7","1","32.6","462",,,,,,,,,,,,
"MO","2024-12-08T00:00:00.000","11119","33904","188","27","15","0","32.8","462",,,,,,,,,,,,
"MO","2024-12-15T00:00:00.000","11912","33981","315","72","10","3","35.1","462",,,,,,,,,,,,
"MO","2024-12-22T00:00:00.000","12519","34173","233","40","15","3","36.6","464",,,,,,,,,,,,
"MO","2024-12-29T00:00:00.000","12471","33907","317","63","15","5","36.8","461",,,,,,,,,,,,
"MO","2025-01-05T00:00:00.000","12484","33835","385","72","24","7","36.9","461",,,,,,,,,,,,
"MO","2025-01-12T00:00:00.000","12294","33045","364","92","31","6","37.2","453","20687","45","19","26","10","62.6","4648","27","0","2","0","14.1"
"MO","2025-01-19T00:00:00.000","12330","33155","223","71","50","1","37.2","450","20386","88","66","28","16","61.5","4815","10","2","5","0","14.5"
"MO","2025-01-26T00:00:00.000","12420","33676","159","62","8","1","36.9","455","20316","71","36","20","15","60.3","4828","15","3","6","1","14.3"
"MO","2025-02-02T00:00:00.000","12758","34072","84","18","17","3","37.4","459","20797","82","50","34","21","61.0","5231","12","1","4","0","15.4"
"MO","2025-02-09T00:00:00.000","12672","33925","93","24","9","3","37.4","456","20831","119","76","39","19","61.4","5253","8","0","2","0","15.5"
"MO","2025-02-16T00:00:00.000","12660","34057","131","63","8","3","37.2","459","20928","127","81","51","25","61.4","5329","6","1","3","0","15.6"
"MO","2025-02-23T00:00:00.000","12776","33780","98","41","10","1","37.8","455","20859","138","86","51","28","61.7","5372","15","3","6","1","15.9"
"MO","2025-03-02T00:00:00.000","12732","33601","96","36","9","0","37.9","453","20464","84","46","26","13","60.9","5506","7","2","3","1","16.4"
"MO","2025-03-09T00:00:00.000","12837","33932","70","22","9","1","37.8","457","20547","91","35","16","10","60.6","5665","32","26","5","0","16.7"
"MO","2025-03-16T00:00:00.000","12533","33628","109","33","5","2","37.3","454","20459","101","6","6","4","60.8","5695","6","0","1","0","16.9"
"MO","2025-03-23T00:00:00.000","12660","33498","61","11","3","0","37.8","452","20179","13","11","45","1","60.2","5566","7","0","5","0","16.6"
"MO","2025-03-30T00:00:00.000","12309","33314","16","3","3","0","36.9","450","20191","7","3","2","1","60.6","5608","3","1","1","0","16.8"
"MO","2025-04-06T00:00:00.000","12019","33392","22","11","3","2","36.0","451","20429","9","3","4","0","61.2","5670","8","3","2","0","17.0"
"MO","2025-04-13T00:00:00.000","11731","33528","15","3","1","0","35.0","452","20430","2","2","1","0","60.9","5680","3","1","0","0","16.9"
"MO","2025-04-20T00:00:00.000","11493","33652","17","1","3","0","34.2","455","20257","4","2","2","1","60.2","5627","1","0","0","0","16.7"
"MO","2025-04-27T00:00:00.000","11378","33454","35","5","0","0","34.0","450","20272","1","1","0","0","60.6","5714","2","0","2","0","17.1"
"MO","2025-05-04T00:00:00.000","11060","33644","20","4","1","0","32.9","454","20300","5","0","3","0","60.3","5828","2","0","4","0","17.3"
"MO","2025-05-11T00:00:00.000","11012","33556","15","9","1","0","32.8","455","20248","1","0","2","0","60.3","5814","3","0","1","0","17.3"
"MO","2025-05-18T00:00:00.000","10882","33695","12","0","0","0","32.3","455","20231","2","0","0","0","60.0","6024","0","0","0","0","17.9"
"MO","2025-05-25T00:00:00.000","10987","34005","5","0","0","0","32.3","458","20335","0","0","1","1","59.8","6061","3","1","2","1","17.8"
"MO","2025-06-01T00:00:00.000","10564","33511","17","0","0","0","31.5","454","20078","1","0","0","0","59.9","5980","0","0","0","0","17.8"
"MO","2025-06-08T00:00:00.000","10351","33155","3","0","2","0","31.2","449","19483","1","0","0","0","58.8","5844","0","0","0","0","17.6"
"MO","2025-06-15T00:00:00.000","10395","33426","18","2","3","0","31.1","451","19584","0","0","0","0","58.6","5817","1","0","0","0","17.4"
"MO","2025-06-22T00:00:00.000","10411","33578","1","0","0","0","31.0","452","19695","0","0","0","0","58.7","5943","1","0","0","0","17.7"
"MO","2025-06-29T00:00:00.000","10221","33094","2","0","1","0","30.9","445","19203","0","0","0","0","58.0","5710","0","0","0","0","17.3"
"MO","2025-07-06T00:00:00.000","10677","32835","53","2","1","0","32.5","445","0","7","0","1","0","0.0","6626","1","0","0","0","20.2"
"MO","2025-07-13T00:00:00.000","10359","32892","16","4","0","0","31.5","444","0","1","0","3","0","0.0","6558","0","0","0","0","19.9"
"MO","2025-07-20T00:00:00.000","10280","32945","8","2","0","0","31.2","443","0","0","0","0","0","0.0","6329","0","0","0","0","19.2"
"MO","2025-07-27T00:00:00.000","10157","33062","5","0","0","0","30.7","443","0","0","0","0","0","0.0","6190","0","0","0","0","18.7"
"MO","2025-08-03T00:00:00.000","9889","32928","39","4","0","0","30.0","440","4209","1","0","0","0","12.8","5703","0","0","0","0","17.3"
"MO","2025-08-10T00:00:00.000","9988","33310","44","9","5","0","30.0","444","4535","0","0","0","0","13.6","5981","0","0","0","0","18.0"
"MO","2025-08-17T00:00:00.000","9814","32971","47","6","3","0","29.8","440","3854","1","0","1","0","11.7","5708","0","0","0","0","17.3"
"MO","2025-08-24T00:00:00.000","9444","32384","52","6","2","0","29.2","435","3998","0","0","0","0","12.3","5803","0","0","0","0","17.9"
"MO","2025-08-31T00:00:00.000","9469","32932","46","6","3","0","28.8","436","3785","25","0","0","0","11.5","5876","0","0","0","0","17.8"
"MO","2025-09-07T00:00:00.000","9317","32840","50","15","5","0","28.4","438","3714","0","0","0","0","11.3","5881","0","0","0","0","17.9"
"MO","2025-09-14T00:00:00.000","8946","32828","133","11","4","1","27.3","438","3695","2","0","0","0","11.3","5678","0","0","0","0","17.3"
"MO","2025-09-21T00:00:00.000","8810","32863","116","6","6","0","26.8","437","3605","1","0","2","0","11.0","5683","0","0","0","0","17.3"
"MO","2025-09-28T00:00:00.000","8604","32608","65","7","9","0","26.4","433","3871","1","0","1","0","11.9","5683","0","0","0","0","17.4"
"MO","2025-10-05T00:00:00.000","8289","32449","103","15","4","0","25.5","433","5359","1","0","1","0","16.5","5642","0","0","0","0","17.4"
"MO","2025-10-12T00:00:00.000","7997","32319","44","5","1","0","24.7","430","7576","2","0","2","0","23.4","5547","0","0","0","0","17.2"
"MO","2025-10-19T00:00:00.000","8332","32192","10","0","0","0","25.9","429","10606","2","0","2","0","32.9","5687","0","0","0","0","17.7"
"MO","2025-10-26T00:00:00.000","8273","31500","7","0","3","1","26.3","420","12909","0","0","0","0","41.0","5697","77","0","47","0","18.1"
"MO","2025-11-02T00:00:00.000","8502","31733","26","2","1","0","26.8","424","14822","3","1","0","0","46.7","5815","0","0","0","0","18.3"
"MO","2025-11-09T00:00:00.000","8713","31333","31","3","2","0","27.8","418","15890","0","0","0","0","50.7","5721","0","0","0","0","18.3"
"MO","2025-11-16T00:00:00.000","9091","31738","152","6","3","0","28.6","423","16813","0","0","0","0","53.0","5649","0","0","0","0","17.8"
"MO","2025-11-23T00:00:00.000","9010","31383","111","12","2","0","28.7","420","16684","0","0","0","0","53.2","5593","1","0","0","0","17.8"
"MO","2025-11-30T00:00:00.000","8944","30984","62","8","10","0","28.9","416","16437","4","3","3","0","53.0","5703","1","0","2","0","18.4"
"MO","2025-12-07T00:00:00.000","9180","31057","94","9","9","0","29.6","417","16662","2","2","1","1","53.6","5668","2","0","0","0","18.3"
"MO","2025-12-14T00:00:00.000","9287","31258","185","31","7","2","29.7","416","16817","11","8","9","7","53.8","5702","1","0","0","0","18.2"
"MO","2025-12-21T00:00:00.000","9512","31104","199","34","9","1","30.6","415","17296","18","16","5","2","55.6","5678","0","0","0","0","18.3"
"MO","2025-12-28T00:00:00.000","9504","31093","141","12","5","0","30.6","416","17340","42","27","13","5","55.8","5696","1","0","1","0","18.3"
"MO","2026-01-04T00:00:00.000","9504","30982","155","49","13","3","30.7","414","17176","34","24","14","8","55.4","5593","0","0","0","0","18.1"
"MO","2026-01-11T00:00:00.000","9622","30999","198","34","16","1","31.0","414","17097","54","32","8","4","55.2","5649","20","0","2","0","18.2"
"MO","2026-01-18T00:00:00.000","9597","31267","158","15","14","2","30.7","413","17609","43","34","11","1","56.3","5693","6","0","8","0","18.2"
"MO","2026-01-25T00:00:00.000","9482","31239","198","24","16","2","30.4","414","17520","40","16","6","3","56.1","5834","3","0","1","0","18.7"
"MO","2026-02-01T00:00:00.000","9682","31281","164","42","9","3","31.0","413","17543","18","9","9","1","56.1","5660","5","2","8","3","18.1"
"MO","2026-02-08T00:00:00.000","9867","31010","137","27","4","0","31.8","411","17442","35","14","16","6","56.2","5486","8","1","5","1","17.7"
"MO","2026-02-15T00:00:00.000","9394","30559","113","17","1","0","30.7","406","17223","36","14","14","3","56.4","5405","6","2","6","0","17.7"
"MO","2026-02-22T00:00:00.000","9366","30566","120","35","5","0","30.6","404","17205","40","20","19","13","56.3","5379","11","0","3","0","17.6"
"MO","2026-03-01T00:00:00.000","9155","30019","68","13","5","0","30.5","398","16981","44","26","10","6","56.6","5332","12","1","2","1","17.8"
"MO","2026-03-08T00:00:00.000","8782","29231","126","25","3","0","30.0","388","16517","36","20","5","5","56.5","5413","8","0","3","0","18.5"
"MO","2026-03-15T00:00:00.000","8362","27337","59","5","1","0","30.6","362","15149","8","4","2","2","55.4","5093","4","1","1","0","18.6"
"MO","2026-03-22T00:00:00.000","7936","25729","13","3","1","0","30.8","338","14529","6","4","0","0","56.5","4914","3","0","4","1","19.1"
"MO","2026-03-29T00:00:00.000","5752","19269","27","1","3","0","29.9","249","10758","0","0","1","1","55.8","3558","5","0","1","0","18.5"
"MS","2024-10-06T00:00:00.000","1905","14318","24","0","4","0","13.3","189",,,,,,,,,,,,
"MS","2024-10-13T00:00:00.000","2178","14249","12","1","3","1","15.3","188",,,,,,,,,,,,
"MS","2024-10-20T00:00:00.000","2439","14400","55","7","2","0","16.9","190",,,,,,,,,,,,
"MS","2024-10-27T00:00:00.000","3083","14226","54","9","3","0","21.7","189",,,,,,,,,,,,
"MS","2024-11-03T00:00:00.000","3481","14200","32","6","4","0","24.5","187",,,,,,,,,,,,
"MS","2024-11-10T00:00:00.000","4060","14421","18","5","2","1","28.2","190",,,,,,,,,,,,
"MS","2024-11-17T00:00:00.000","4277","14131","33","3","2","0","30.3","186",,,,,,,,,,,,
"MS","2024-11-24T00:00:00.000","4327","14149","21","2","1","0","30.6","187",,,,,,,,,,,,
"MS","2024-12-01T00:00:00.000","4561","14262","9","0","1","0","32.0","188",,,,,,,,,,,,
"MS","2024-12-08T00:00:00.000","4562","14107","31","10","2","1","32.3","187",,,,,,,,,,,,
"MS","2024-12-15T00:00:00.000","4659","14096","18","0","2","0","33.1","188",,,,,,,,,,,,
"MS","2024-12-22T00:00:00.000","4818","14210","52","7","5","2","33.9","189",,,,,,,,,,,,
"MS","2024-12-29T00:00:00.000","4933","14158","71","3","9","0","34.8","188",,,,,,,,,,,,
"MS","2025-01-05T00:00:00.000","5044","14145","77","3","5","0","35.7","189",,,,,,,,,,,,
"MS","2025-01-12T00:00:00.000","4904","13637","36","1","2","0","36.0","183","8976","45","21","9","3","65.8","950","1","0","0","0","7.0"
"MS","2025-01-19T00:00:00.000","4914","13819","38","7","5","0","35.6","183","9080","47","29","10","5","65.7","1064","5","1","0","0","7.7"
"MS","2025-01-26T00:00:00.000","4910","13822","32","13","3","1","35.5","183","9082","44","23","7","2","65.7","1069","5","0","2","0","7.7"
"MS","2025-02-02T00:00:00.000","5012","13979","27","9","4","2","35.9","184","9336","66","34","16","10","66.8","1198","9","0","1","0","8.6"
"MS","2025-02-09T00:00:00.000","5069","13869","35","7","4","0","36.5","183","9308","56","26","8","3","67.1","1226","21","0","2","0","8.8"
"MS","2025-02-16T00:00:00.000","5151","14283","45","15","4","1","36.1","187","9541","28","15","5","3","66.8","1325","1","0","0","0","9.3"
"MS","2025-02-23T00:00:00.000","5180","13968","71","12","3","0","37.1","183","9326","8","5","3","2","66.8","1292","1","0","0","0","9.2"
"MS","2025-03-02T00:00:00.000","5134","13670","80","7","3","0","37.6","181","9186","63","49","13","9","67.2","1219","1","0","0","0","8.9"
"MS","2025-03-09T00:00:00.000","5158","13793","69","4","9","0","37.4","183","9328","45","26","7","5","67.6","1243","3","0","0","0","9.0"
"MS","2025-03-16T00:00:00.000","5076","13793","27","6","6","1","36.8","182","9203","17","6","4","2","66.7","1312","2","0","2","0","9.5"
"MS","2025-03-23T00:00:00.000","5084","14024","8","1","1","0","36.3","185","9420","20","0","1","0","67.2","1412","1","0","0","0","10.1"
"MS","2025-03-30T00:00:00.000","5055","13811","42","1","2","0","36.6","182","9166","22","9","1","0","66.4","1373","0","0","0","0","9.9"
"MS","2025-04-06T00:00:00.000","5027","13859","38","8","4","0","36.3","183","9176","5","0","0","0","66.2","1374","0","0","0","0","9.9"
"MS","2025-04-13T00:00:00.000","5028","13872","11","5","2","0","36.2","184","9168","3","1","2","2","66.1","1343","0","0","0","0","9.7"
"MS","2025-04-20T00:00:00.000","4749","13985","17","1","1","1","34.0","185","9269","3","2","1","1","66.3","1314","0","0","0","0","9.4"
"MS","2025-04-27T00:00:00.000","4637","13583","10","3","0","0","34.1","180","8926","1","0","1","1","65.7","1256","0","0","0","0","9.2"
"MS","2025-05-04T00:00:00.000","4618","14087","32","4","3","1","32.8","186","9103","1","0","1","0","64.6","1320","0","0","0","0","9.4"
"MS","2025-05-11T00:00:00.000","4610","13856","5","2","1","0","33.3","184","8998","0","0","0","0","64.9","1301","0","0","0","0","9.4"
"MS","2025-05-18T00:00:00.000","4500","13877","25","10","3","0","32.4","184","8927","0","0","0","0","64.3","1301","0","0","0","0","9.4"
"MS","2025-05-25T00:00:00.000","4602","13957","32","0","0","0","33.0","185","9007","0","0","0","0","64.5","1281","0","0","0","0","9.2"
"MS","2025-06-01T00:00:00.000","4488","14103","38","20","2","0","31.8","186","8928","0","0","0","0","63.3","1376","0","0","0","0","9.8"
"MS","2025-06-08T00:00:00.000","4466","13893","32","9","2","0","32.1","184","8805","0","0","0","0","63.4","1343","0","0","0","0","9.7"
"MS","2025-06-15T00:00:00.000","4421","13968","8","1","1","0","31.7","185","8834","0","0","0","0","63.2","1363","0","0","0","0","9.8"
"MS","2025-06-22T00:00:00.000","4491","13997","26","1","1","0","32.1","185","8823","0","0","0","0","63.0","1395","0","0","0","0","10.0"
"MS","2025-06-29T00:00:00.000","4412","13830","3","1","0","0","31.9","184","8852","0","0","0","0","64.0","1363","1","0","0","0","9.9"
"MS","2025-07-06T00:00:00.000","4454","14054","61","6","1","0","31.7","186","0","0","0","0","0","0.0","2106","0","0","0","0","15.0"
"MS","2025-07-13T00:00:00.000","4278","14026","74","1","1","0","30.5","185","0","0","0","0","0","0.0","1708","1","0","0","0","12.2"
"MS","2025-07-20T00:00:00.000","4226","13984","47","1","1","0","30.2","184","0","2","0","1","0","0.0","1651","0","0","0","0","11.8"
"MS","2025-07-27T00:00:00.000","4166","14000","11","0","0","0","29.8","184","0","0","0","0","0","0.0","1846","0","0","0","0","13.2"
"MS","2025-08-03T00:00:00.000","4150","14180","9","2","2","0","29.3","186","2224","0","0","0","0","15.7","1547","0","0","0","0","10.9"
"MS","2025-08-10T00:00:00.000","4064","14017","20","0","0","0","29.0","184","2142","0","0","0","0","15.3","1546","0","0","0","0","11.0"
"MS","2025-08-17T00:00:00.000","4067","14089","46","15","3","0","28.9","185","2241","0","0","1","0","15.9","1541","0","0","0","0","10.9"
"MS","2025-08-24T00:00:00.000","3963","14109","62","4","3","0","28.1","185","2140","0","0","1","0","15.2","1551","0","0","0","0","11.0"
"MS","2025-08-31T00:00:00.000","3820","13982","32","2","2","1","27.3","182","1937","0","0","0","0","13.9","1479","0","0","0","0","10.6"
"MS","2025-09-07T00:00:00.000","3882","14072","55","3","2","0","27.6","184","1956","0","0","0","0","13.9","1502","0","0","0","0","10.7"
"MS","2025-09-14T00:00:00.000","3709","14056","81","2","2","0","26.4","184","2101","1","0","1","0","14.9","1565","0","0","0","0","11.1"
"MS","2025-09-21T00:00:00.000","3685","14175","63","7","4","0","26.0","185","2189","0","0","0","0","15.4","1569","0","0","0","0","11.1"
"MS","2025-09-28T00:00:00.000","3633","14056","44","4","2","0","25.8","184","2676","0","0","0","0","19.0","1484","0","0","0","0","10.6"
"MS","2025-10-05T00:00:00.000","3123","13902","51","11","3","0","22.5","183","3494","0","0","0","0","25.1","1478","0","0","0","0","10.6"
"MS","2025-10-12T00:00:00.000","3170","13929","14","2","2","0","22.8","183","4976","4","0","3","0","35.7","1463","0","0","1","0","10.5"
"MS","2025-10-19T00:00:00.000","3203","13872","21","2","1","0","23.1","183","6050","1","1","0","0","43.6","1437","0","0","0","0","10.4"
"MS","2025-10-26T00:00:00.000","3075","13844","22","5","1","1","22.2","183","7107","0","0","0","0","51.3","1502","0","0","0","0","10.8"
"MS","2025-11-02T00:00:00.000","3124","13947","12","0","0","0","22.4","185","7877","1","0","0","0","56.5","1479","0","0","0","0","10.6"
"MS","2025-11-09T00:00:00.000","3295","13845","12","2","1","0","23.8","184","7960","1","1","0","0","57.5","1490","0","0","0","0","10.8"
"MS","2025-11-16T00:00:00.000","3387","14001","28","1","1","0","24.2","185","8565","0","0","0","0","61.2","1458","1","0","0","0","10.4"
"MS","2025-11-23T00:00:00.000","3462","13893","35","2","1","0","24.9","184","8615","0","0","0","0","62.0","1521","0","0","0","0","10.9"
"MS","2025-11-30T00:00:00.000","3481","14110","18","2","3","0","24.7","186","8900","0","0","0","0","63.1","1476","0","0","0","0","10.5"
"MS","2025-12-07T00:00:00.000","3597","13957","17","0","0","0","25.8","186","8791","4","0","1","1","63.0","1541","1","0","0","0","11.0"
"MS","2025-12-14T00:00:00.000","3764","13784","52","5","3","0","27.3","184","8638","13","9","3","1","62.7","1528","1","0","0","0","11.1"
"MS","2025-12-21T00:00:00.000","3615","13717","108","4","8","0","26.4","182","8709","6","3","4","2","63.5","1426","7","0","3","0","10.4"
"MS","2025-12-28T00:00:00.000","3591","13729","68","7","4","0","26.2","183","8656","21","14","2","0","63.0","1461","12","0","1","0","10.6"
"MS","2026-01-04T00:00:00.000","3552","13608","110","9","4","1","26.1","182","8678","47","26","8","2","63.8","1429","5","0","0","0","10.5"
"MS","2026-01-11T00:00:00.000","3604","13570","86","7","4","1","26.6","181","8693","24","6","3","2","64.1","1508","2","0","1","0","11.1"
"MS","2026-01-18T00:00:00.000","3555","13371","99","21","5","2","26.6","179","8622","12","8","1","1","64.5","1454","0","0","0","0","10.9"
"MS","2026-01-25T00:00:00.000","3488","13478","82","12","0","0","25.9","179","8542","13","9","1","0","63.4","1457","1","0","0","0","10.8"
"MS","2026-02-01T00:00:00.000","3417","13337","59","6","4","2","25.6","179","8531","36","20","3","0","64.0","1445","1","0","2","0","10.8"
"MS","2026-02-08T00:00:00.000","3440","13374","83","2","4","2","25.7","178","8496","48","14","10","4","63.5","1415","3","0","0","0","10.6"
"MS","2026-02-15T00:00:00.000","3330","13294","84","4","1","0","25.0","176","8335","69","18","6","3","62.7","1431","2","0","1","0","10.8"
"MS","2026-02-22T00:00:00.000","3336","13425","78","11","2","0","24.8","176","8482","69","45","9","6","63.2","1489","1","0","0","0","11.1"
"MS","2026-03-01T00:00:00.000","3375","13187","74","5","0","0","25.6","175","8343","22","7","5","3","63.3","1437","3","0","1","0","10.9"
"MS","2026-03-08T00:00:00.000","3262","13354","30","1","1","1","24.4","175","8380","25","7","8","3","62.8","1415","6","0","4","0","10.6"
"MS","2026-03-15T00:00:00.000","3294","13195","3","0","0","0","25.0","174","8311","10","1","2","0","63.0","1389","1","0","0","0","10.5"
"MS","2026-03-22T00:00:00.000","3305","12132","1","0","0","0","27.2","160","7754","0","0","0","0","63.9","1441","0","0","1","0","11.9"
"MS","2026-03-29T00:00:00.000","2001","7603","1","0","0","0","26.3","107","5070","0","0","0","0","66.7","894","0","0","1","1","11.8"
"MT","2024-10-06T00:00:00.000","439","3054","17","0","1","0","14.4","54",,,,,,,,,,,,
"MT","2024-10-13T00:00:00.000","744","3075","50","10","1","0","24.2","55",,,,,,,,,,,,
"MT","2024-10-20T00:00:00.000","966","3084","34","3","0","0","31.3","55",,,,,,,,,,,,
"MT","2024-10-27T00:00:00.000","1162","3028","22","2","0","0","38.4","54",,,,,,,,,,,,
"MT","2024-11-03T00:00:00.000","1162","2886","12","2","2","0","40.3","52",,,,,,,,,,,,
"MT","2024-11-10T00:00:00.000","1276","3067","2","2","1","0","41.6","55",,,,,,,,,,,,
"MT","2024-11-17T00:00:00.000","1253","2958","1","0","0","0","42.4","53",,,,,,,,,,,,
"MT","2024-11-24T00:00:00.000","1362","3035","8","4","1","0","44.9","54",,,,,,,,,,,,
"MT","2024-12-01T00:00:00.000","1383","2949","16","7","0","0","46.9","53",,,,,,,,,,,,
"MT","2024-12-08T00:00:00.000","1318","3016","18","11","3","1","43.7","54",,,,,,,,,,,,
"MT","2024-12-15T00:00:00.000","1390","3025","16","5","1","0","46.0","54",,,,,,,,,,,,
"MT","2024-12-22T00:00:00.000","1403","3028","30","4","2","1","46.3","54",,,,,,,,,,,,
"MT","2024-12-29T00:00:00.000","1328","2893","52","25","2","0","45.9","53",,,,,,,,,,,,
"MT","2025-01-05T00:00:00.000","1353","2946","59","35","6","3","45.9","56",,,,,,,,,,,,
"MT","2025-01-12T00:00:00.000","1420","2930","19","10","2","2","48.5","54","1800","0","0","0","0","61.4","867","0","0","0","0","29.6"
"MT","2025-01-19T00:00:00.000","1421","2913","27","15","0","0","48.8","54","1938","0","0","0","0","66.5","879","0","0","0","0","30.2"
"MT","2025-01-26T00:00:00.000","1447","2933","18","10","0","0","49.3","54","1936","2","1","0","0","66.0","888","8","1","1","1","30.3"
"MT","2025-02-02T00:00:00.000","1408","2982","16","6","1","0","47.2","55","1913","3","1","1","0","64.2","840","1","0","0","0","28.2"
"MT","2025-02-09T00:00:00.000","1410","2966","20","8","0","0","47.5","55","1900","6","3","1","1","64.1","816","0","0","0","0","27.5"
"MT","2025-02-16T00:00:00.000","1452","2972","15","5","0","0","48.9","55","1973","21","16","1","1","66.4","830","0","0","0","0","27.9"
"MT","2025-02-23T00:00:00.000","1564","3137","7","4","0","0","49.9","56","2075","11","10","1","1","66.1","985","1","0","1","0","31.4"
"MT","2025-03-02T00:00:00.000","1577","3159","14","7","0","0","49.9","56","2096","35","6","3","0","66.4","973","6","0","2","0","30.8"
"MT","2025-03-09T00:00:00.000","1593","3141","9","5","1","0","50.7","56","2096","2","1","1","0","66.7","1008","1","0","0","0","32.1"
"MT","2025-03-16T00:00:00.000","1542","3150","1","1","0","0","49.0","56","2035","4","3","1","1","64.6","1050","1","0","0","0","33.3"
"MT","2025-03-23T00:00:00.000","1564","3156","2","1","1","0","49.6","56","2098","0","0","1","1","66.5","1040","5","0","0","0","33.0"
"MT","2025-03-30T00:00:00.000","1513","3129","12","6","1","0","48.4","56","2083","8","4","3","2","66.6","1016","16","1","0","0","32.5"
"MT","2025-04-06T00:00:00.000","1464","3127","11","4","0","0","46.8","56","2125","1","1","1","1","68.0","993","3","0","0","0","31.8"
"MT","2025-04-13T00:00:00.000","1407","3133","3","0","0","0","44.9","56","2084","0","0","0","0","66.5","1016","1","0","0","0","32.4"
"MT","2025-04-20T00:00:00.000","1300","3144","1","0","0","0","41.3","56","2068","0","0","0","0","65.8","1026","1","0","0","0","32.6"
"MT","2025-04-27T00:00:00.000","1261","3133","4","1","0","0","40.2","56","2072","2","1","1","0","66.1","1052","2","0","0","0","33.6"
"MT","2025-05-04T00:00:00.000","1267","3118","5","0","1","0","40.6","56","2047","0","0","0","0","65.7","1018","0","0","0","0","32.6"
"MT","2025-05-11T00:00:00.000","1272","3128","3","0","0","0","40.7","56","2053","0","0","0","0","65.6","978","0","0","0","0","31.3"
"MT","2025-05-18T00:00:00.000","1302","3137","0","0","0","0","41.5","56","2062","0","0","0","0","65.7","1086","0","0","0","0","34.6"
"MT","2025-05-25T00:00:00.000","1201","3131","0","0","0","0","38.4","56","1995","0","0","0","0","63.7","1071","0","0","0","0","34.2"
"MT","2025-06-01T00:00:00.000","1224","3127","3","0","0","0","39.1","56","2019","0","0","0","0","64.6","1060","0","0","0","0","33.9"
"MT","2025-06-08T00:00:00.000","1223","3152","0","0","0","0","38.8","56","2047","0","0","0","0","64.9","1100","1","0","0","0","34.9"
"MT","2025-06-15T00:00:00.000","1212","3144","0","0","0","0","38.5","56","2058","0","0","0","0","65.5","1120","0","0","0","0","35.6"
"MT","2025-06-22T00:00:00.000","1180","3154","0","0","0","0","37.4","56","2056","0","0","0","0","65.2","1144","0","0","0","0","36.3"
"MT","2025-06-29T00:00:00.000","1173","3103","0","0","0","0","37.8","55","1904","0","0","0","0","61.4","1094","0","0","0","0","35.3"
"MT","2025-07-06T00:00:00.000","1186","3244","13","0","0","0","36.6","58","0","0","0","0","0","0.0","1216","0","0","0","0","37.5"
"MT","2025-07-13T00:00:00.000","1194","3174","0","0","0","0","37.6","57","0","0","0","0","0","0.0","1194","0","0","0","0","37.6"
"MT","2025-07-20T00:00:00.000","1223","3275","0","0","0","0","37.3","58","0","0","0","0","0","0.0","1194","0","0","0","0","36.5"
"MT","2025-07-27T00:00:00.000","1211","3264","0","0","0","0","37.1","57","0","0","0","0","0","0.0","1241","0","0","0","0","38.0"
"MT","2025-08-03T00:00:00.000","1235","3211","0","0","0","0","38.5","57","506","0","0","0","0","15.8","1164","0","0","6","1","36.3"
"MT","2025-08-10T00:00:00.000","1230","3299","7","0","0","0","37.3","58","517","0","0","0","0","15.7","1196","0","0","0","0","36.3"
"MT","2025-08-17T00:00:00.000","1238","3264","12","0","1","0","37.9","56","563","0","0","0","0","17.2","1076","0","0","0","0","33.0"
"MT","2025-08-24T00:00:00.000","1208","3253","5","3","0","0","37.1","56","522","0","0","0","0","16.0","1156","0","0","0","0","35.5"
"MT","2025-08-31T00:00:00.000","1230","3247","31","16","1","0","37.9","56","520","0","0","0","0","16.0","1218","0","0","0","0","37.5"
"MT","2025-09-07T00:00:00.000","1148","3183","42","6","0","0","36.1","55","321","0","0","0","0","10.1","1138","0","0","0","0","35.8"
"MT","2025-09-14T00:00:00.000","1211","3219","59","11","4","0","37.6","56","357","0","0","0","0","11.1","1117","0","0","0","0","34.7"
"MT","2025-09-21T00:00:00.000","1185","3225","11","7","0","0","36.7","56","256","0","0","0","0","7.9","986","0","0","0","0","30.6"
"MT","2025-09-28T00:00:00.000","1029","3203","36","13","0","0","32.1","55","240","0","0","0","0","7.5","982","0","0","0","0","30.7"
"MT","2025-10-05T00:00:00.000","973","3102","14","3","0","0","31.4","53","342","0","0","0","0","11.0","1067","0","0","0","0","34.4"
"MT","2025-10-12T00:00:00.000","1009","3175","15","0","0","0","31.8","53","579","0","0","0","0","18.2","1069","0","0","0","0","33.7"
"MT","2025-10-19T00:00:00.000","1085","3060","34","0","0","0","35.5","53","886","5","5","2","2","29.0","961","0","0","0","0","31.4"
"MT","2025-10-26T00:00:00.000","1257","3062","2","1","0","0","41.1","53","1088","3","3","2","2","35.5","999","0","0","0","0","32.6"
"MT","2025-11-02T00:00:00.000","1312","2975","18","2","1","0","44.1","52","1239","0","0","0","0","41.6","1010","0","0","0","0","33.9"
"MT","2025-11-09T00:00:00.000","1325","3132","29","8","1","0","42.3","53","1507","0","0","0","0","48.1","1105","0","0","0","0","35.3"
"MT","2025-11-16T00:00:00.000","1358","3143","5","2","1","0","43.2","53","1630","0","0","0","0","51.9","1124","0","0","0","0","35.8"
"MT","2025-11-23T00:00:00.000","1307","3002","6","2","0","0","43.5","52","1619","0","0","0","0","53.9","1041","0","0","0","0","34.7"
"MT","2025-11-30T00:00:00.000","1324","2992","1","0","0","0","44.3","53","1539","0","0","0","0","51.4","1015","0","0","0","0","33.9"
"MT","2025-12-07T00:00:00.000","1284","2935","26","9","0","0","43.7","51","1508","1","0","1","0","51.4","1028","0","0","0","0","35.0"
"MT","2025-12-14T00:00:00.000","1324","3001","18","4","0","0","44.1","52","1598","0","0","0","0","53.2","1030","0","0","0","0","34.3"
"MT","2025-12-21T00:00:00.000","1418","3136","13","8","1","1","45.2","53","1681","0","0","0","0","53.6","1134","0","0","0","0","36.2"
"MT","2025-12-28T00:00:00.000","1393","3054","16","5","0","0","45.6","52","1639","9","5","1","1","53.7","1133","0","0","0","0","37.1"
"MT","2026-01-04T00:00:00.000","1404","3093","21","8","0","0","45.4","53","1671","20","13","2","0","54.0","1146","0","0","0","0","37.1"
"MT","2026-01-11T00:00:00.000","1313","2913","37","0","1","0","45.1","51","1564","6","4","3","0","53.7","1046","0","0","0","0","35.9"
"MT","2026-01-18T00:00:00.000","1326","2937","21","0","1","0","45.1","52","1618","2","0","1","0","55.1","1065","0","0","0","0","36.3"
"MT","2026-01-25T00:00:00.000","1279","2883","29","3","3","0","44.4","51","1583","11","3","0","0","54.9","1077","0","0","0","0","37.4"
"MT","2026-02-01T00:00:00.000","1324","2987","10","4","0","0","44.3","53","1620","0","0","0","0","54.2","1069","1","1","0","0","35.8"
"MT","2026-02-08T00:00:00.000","1283","2927","12","3","1","0","43.8","52","1523","6","4","0","0","52.0","1025","0","0","0","0","35.0"
"MT","2026-02-15T00:00:00.000","1310","2916","13","1","0","0","44.9","51","1522","6","5","2","2","52.2","1014","0","0","0","0","34.8"
"MT","2026-02-22T00:00:00.000","1315","2927","16","1","1","0","44.9","51","1542","12","6","3","0","52.7","1034","0","0","0","0","35.3"
"MT","2026-03-01T00:00:00.000","1345","2950","50","16","2","1","45.6","52","1564","4","0","0","0","53.0","1057","0","0","0","0","35.8"
"MT","2026-03-08T00:00:00.000","1340","2909","23","7","1","1","46.1","51","1528","2","1","1","0","52.5","1056","0","0","0","0","36.3"
"MT","2026-03-15T00:00:00.000","1354","2851","31","0","0","0","47.5","49","1485","3","2","0","0","52.1","1051","1","0","0","0","36.9"
"MT","2026-03-22T00:00:00.000","1275","2722","8","3","1","0","46.8","45","1371","3","3","0","0","50.4","981","0","0","0","0","36.0"
"MT","2026-03-29T00:00:00.000","823","1772","2","1","0","0","46.4","29","821","0","0","1","1","46.3","674","0","0","0","0","38.0"
"NC","2024-10-06T00:00:00.000","4879","34175","149","16","10","1","14.3","377",,,,,,,,,,,,
"NC","2024-10-13T00:00:00.000","5256","35478","127","9","13","2","14.8","391",,,,,,,,,,,,
"NC","2024-10-20T00:00:00.000","6374","34301","129","9","3","0","18.6","377",,,,,,,,,,,,
"NC","2024-10-27T00:00:00.000","7974","34194","238","21","9","3","23.3","377",,,,,,,,,,,,
"NC","2024-11-03T00:00:00.000","9352","35716","170","17","7","2","26.2","395",,,,,,,,,,,,
"NC","2024-11-10T00:00:00.000","10295","35337","94","6","10","0","29.1","391",,,,,,,,,,,,
"NC","2024-11-17T00:00:00.000","11541","35624","91","12","9","4","32.4","393",,,,,,,,,,,,
"NC","2024-11-24T00:00:00.000","12540","35358","86","20","6","3","35.5","392",,,,,,,,,,,,
"NC","2024-12-01T00:00:00.000","12936","35439","88","43","3","2","36.5","395",,,,,,,,,,,,
"NC","2024-12-08T00:00:00.000","13397","35317","154","31","5","2","37.9","393",,,,,,,,,,,,
"NC","2024-12-15T00:00:00.000","13783","35083","151","32","12","5","39.3","390",,,,,,,,,,,,
"NC","2024-12-22T00:00:00.000","14039","35318","157","36","10","3","39.8","392",,,,,,,,,,,,
"NC","2024-12-29T00:00:00.000","13773","34947","146","36","15","4","39.4","391",,,,,,,,,,,,
"NC","2025-01-05T00:00:00.000","13872","34247","276","79","22","4","40.5","381",,,,,,,,,,,,
"NC","2025-01-12T00:00:00.000","14221","35513","222","56","15","1","40.0","395","21480","86","48","27","11","60.5","5620","24","1","4","0","15.8"
"NC","2025-01-19T00:00:00.000","13953","34624","223","70","15","1","40.3","381","20901","142","67","24","12","60.4","5524","19","0","7","0","16.0"
"NC","2025-01-26T00:00:00.000","14603","36070","254","50","19","3","40.5","396","21946","185","77","41","18","60.8","6072","37","4","16","1","16.8"
"NC","2025-02-02T00:00:00.000","15053","36666","224","51","16","2","41.1","402","22295","278","130","44","11","60.8","6471","36","7","11","0","17.6"
"NC","2025-02-09T00:00:00.000","15054","36456","172","35","13","1","41.3","401","22130","228","110","55","20","60.7","6578","42","10","49","1","18.0"
"NC","2025-02-16T00:00:00.000","14864","36305","98","15","10","0","40.9","401","22002","178","82","32","14","60.6","6613","37","7","5","1","18.2"
"NC","2025-02-23T00:00:00.000","14857","36202","96","43","9","3","41.0","399","22246","145","78","21","6","61.4","6692","38","6","5","0","18.5"
"NC","2025-03-02T00:00:00.000","14892","36417","104","21","9","0","40.9","401","22288","164","71","30","11","61.2","6833","15","5","5","0","18.8"
"NC","2025-03-09T00:00:00.000","14811","36286","155","28","28","4","40.8","401","22124","102","52","14","3","61.0","6780","7","2","2","1","18.7"
"NC","2025-03-16T00:00:00.000","14581","35930","117","24","14","2","40.6","398","21780","40","17","6","3","60.6","6719","3","0","1","0","18.7"
"NC","2025-03-23T00:00:00.000","14551","36234","204","61","20","3","40.2","400","21939","30","16","5","1","60.5","6835","7","0","1","0","18.9"
"NC","2025-03-30T00:00:00.000","14355","36298","148","44","13","2","39.5","402","22018","27","14","7","4","60.7","6827","4","0","4","0","18.8"
"NC","2025-04-06T00:00:00.000","14072","36229","128","35","6","2","38.8","403","22079","20","9","4","2","60.9","6778","4","1","2","0","18.7"
"NC","2025-04-13T00:00:00.000","13866","36298","116","25","12","1","38.2","404","22048","2","0","0","0","60.7","6820","13","1","2","0","18.8"
"NC","2025-04-20T00:00:00.000","13337","36292","156","33","6","0","36.7","404","21897","1","0","1","1","60.3","6850","4","1","0","0","18.9"
"NC","2025-04-27T00:00:00.000","12878","34978","73","17","1","0","36.8","389","21266","0","0","0","0","60.8","6610","3","0","1","0","18.9"
"NC","2025-05-04T00:00:00.000","12721","36438","33","6","1","0","34.9","407","21893","2","1","0","0","60.1","6866","2","0","0","0","18.8"
"NC","2025-05-11T00:00:00.000","11744","36346","35","10","7","1","32.3","406","21398","0","0","0","0","58.9","6921","4","0","1","0","19.0"
"NC","2025-05-18T00:00:00.000","11758","35969","14","1","0","0","32.7","401","21359","1","0","1","0","59.4","6884","1","0","0","0","19.1"
"NC","2025-05-25T00:00:00.000","11651","36050","17","5","2","0","32.3","402","21220","0","0","0","0","58.9","6902","2","0","1","0","19.1"
"NC","2025-06-01T00:00:00.000","11922","35942","17","3","0","0","33.2","403","21106","2","0","0","0","58.7","6965","0","0","0","0","19.4"
"NC","2025-06-08T00:00:00.000","12063","36137","14","4","2","1","33.4","404","21123","0","0","0","0","58.5","7022","1","0","0","0","19.4"
"NC","2025-06-15T00:00:00.000","12034","34770","16","2","2","1","34.6","389","20466","1","0","1","0","58.9","6557","1","0","0","0","18.9"
"NC","2025-06-22T00:00:00.000","12196","35930","8","2","2","0","33.9","402","20990","0","0","0","0","58.4","6933","0","0","0","0","19.3"
"NC","2025-06-29T00:00:00.000","12098","36004","13","0","0","0","33.6","402","20745","0","0","0","0","57.6","6988","1","0","1","0","19.4"
"NC","2025-07-06T00:00:00.000","12132","34992","24","2","1","0","34.7","390","0","0","0","2","0","0.0","7008","0","0","0","0","20.0"
"NC","2025-07-13T00:00:00.000","11914","34926","85","8","0","0","34.1","391","0","1","0","1","0","0.0","7000","0","0","0","0","20.0"
"NC","2025-07-20T00:00:00.000","11753","34913","106","9","9","0","33.7","390","0","48","0","0","0","0.0","6933","0","0","0","0","19.9"
"NC","2025-07-27T00:00:00.000","11559","34837","93","7","5","1","33.2","388","0","0","0","0","0","0.0","6916","0","0","0","0","19.9"
"NC","2025-08-03T00:00:00.000","11678","36062","9","0","3","0","32.4","401","6300","0","0","0","0","17.5","7194","0","0","0","0","19.9"
"NC","2025-08-10T00:00:00.000","11673","36199","51","4","3","1","32.2","401","5715","0","0","0","0","15.8","7305","0","0","0","0","20.2"
"NC","2025-08-17T00:00:00.000","11398","36089","84","5","2","0","31.6","400","5596","9","0","0","0","15.5","7103","1","0","0","0","19.7"
"NC","2025-08-24T00:00:00.000","11283","36209","107","4","3","1","31.2","400","5319","0","0","0","0","14.7","7010","0","0","0","0","19.4"
"NC","2025-08-31T00:00:00.000","11245","36066","178","49","7","0","31.2","399","5206","0","0","0","0","14.4","7081","0","0","0","0","19.6"
"NC","2025-09-07T00:00:00.000","11025","36167","173","36","12","1","30.5","401","4668","0","0","0","0","12.9","6963","1","1","0","0","19.3"
"NC","2025-09-14T00:00:00.000","10785","36159","144","18","8","2","29.8","400","4362","0","0","0","0","12.1","6971","2","1","3","3","19.3"
"NC","2025-09-21T00:00:00.000","10514","36278","188","37","13","1","29.0","400","4854","0","0","0","0","13.4","7094","0","0","0","0","19.6"
"NC","2025-09-28T00:00:00.000","10133","36270","123","19","4","1","27.9","400","5887","0","0","0","0","16.2","6928","0","0","0","0","19.1"
"NC","2025-10-05T00:00:00.000","9810","35981","113","12","9","0","27.3","397","8892","1","0","0","0","24.7","6701","0","0","0","0","18.6"
"NC","2025-10-12T00:00:00.000","9879","35737","39","2","4","0","27.6","393","12075","0","0","0","0","33.8","6935","0","0","0","0","19.4"
"NC","2025-10-19T00:00:00.000","9930","35709","28","0","5","0","27.8","391","14413","2","1","0","0","40.4","6856","0","0","0","0","19.2"
"NC","2025-10-26T00:00:00.000","10300","35730","21","4","3","0","28.8","392","16699","2","1","0","0","46.7","7047","7","0","0","0","19.7"
"NC","2025-11-02T00:00:00.000","10436","35740","43","1","3","0","29.2","392","17911","3","2","2","2","50.1","7058","0","0","0","0","19.7"
"NC","2025-11-09T00:00:00.000","11028","35689","94","28","7","1","30.9","392","19130","2","1","0","0","53.6","6957","0","0","0","0","19.5"
"NC","2025-11-16T00:00:00.000","10964","35547","42","6","2","0","30.8","391","19474","3","1","1","0","54.8","7247","1","1","0","0","20.4"
"NC","2025-11-23T00:00:00.000","11265","35276","33","2","5","1","31.9","386","19441","3","2","1","1","55.1","7237","0","0","0","0","20.5"
"NC","2025-11-30T00:00:00.000","11176","35338","29","7","2","0","31.6","387","19735","6","3","2","2","55.8","7315","0","0","1","1","20.7"
"NC","2025-12-07T00:00:00.000","11686","35185","46","11","4","1","33.2","387","19918","26","11","5","2","56.6","7275","6","0","0","0","20.7"
"NC","2025-12-14T00:00:00.000","11583","33808","31","1","1","0","34.3","370","19360","33","17","6","3","57.3","7027","0","0","0","0","20.8"
"NC","2025-12-21T00:00:00.000","11810","35351","135","6","6","1","33.4","389","20104","142","83","20","8","56.9","7503","9","4","2","1","21.2"
"NC","2025-12-28T00:00:00.000","11811","35019","115","20","10","1","33.7","386","20051","176","86","32","12","57.3","7545","7","2","2","2","21.5"
"NC","2026-01-04T00:00:00.000","11570","33468","57","9","2","0","34.6","370","19172","191","78","26","13","57.3","7159","8","0","3","0","21.4"
"NC","2026-01-11T00:00:00.000","11552","34734","84","20","2","0","33.3","382","19800","170","90","17","10","57.0","7383","9","1","0","0","21.3"
"NC","2026-01-18T00:00:00.000","11592","34805","70","13","11","0","33.3","379","19881","69","42","14","10","57.1","7418","13","1","3","0","21.3"
"NC","2026-01-25T00:00:00.000","11751","34815","60","7","1","0","33.8","377","19667","40","14","11","1","56.5","7337","6","0","2","0","21.1"
"NC","2026-02-01T00:00:00.000","11775","35117","59","14","1","0","33.5","380","19930","75","42","26","10","56.8","7322","0","0","2","0","20.9"
"NC","2026-02-08T00:00:00.000","11776","35085","59","4","4","0","33.6","379","19860","56","31","3","1","56.6","7387","8","2","1","0","21.1"
"NC","2026-02-15T00:00:00.000","11589","34480","110","20","5","1","33.6","373","19276","33","17","3","2","55.9","7391","11","0","1","0","21.4"
"NC","2026-02-22T00:00:00.000","11708","34453","112","35","2","0","34.0","372","19290","28","10","9","1","56.0","7167","18","1","1","0","20.8"
"NC","2026-03-01T00:00:00.000","11607","34281","115","29","9","3","33.9","371","19144","7","7","2","1","55.8","7081","35","1","2","0","20.7"
"NC","2026-03-08T00:00:00.000","11619","33893","72","16","9","2","34.3","367","18775","4","3","1","1","55.4","7080","21","2","1","1","20.9"
"NC","2026-03-15T00:00:00.000","11232","32509","72","23","6","1","34.6","352","18125","2","2","0","0","55.8","6830","10","3","3","2","21.0"
"NC","2026-03-22T00:00:00.000","9948","28079","46","8","0","0","35.4","304","15859","2","1","1","0","56.5","5980","3","0","2","0","21.3"
"NC","2026-03-29T00:00:00.000","6519","17540","79","15","0","0","37.2","186","9813","0","0","0","0","55.9","3912","4","1","2","2","22.3"
"ND","2024-10-06T00:00:00.000","588","4461","25","1","2","0","13.2","70",,,,,,,,,,,,
"ND","2024-10-13T00:00:00.000","749","4409","2","0","0","0","17.0","69",,,,,,,,,,,,
"ND","2024-10-20T00:00:00.000","1260","4302","24","7","1","0","29.3","68",,,,,,,,,,,,
"ND","2024-10-27T00:00:00.000","1777","4428","21","2","3","0","40.1","70",,,,,,,,,,,,
"ND","2024-11-03T00:00:00.000","2149","4373","17","2","0","0","49.1","69",,,,,,,,,,,,
"ND","2024-11-10T00:00:00.000","2355","4433","38","8","2","0","53.1","70",,,,,,,,,,,,
"ND","2024-11-17T00:00:00.000","2511","4445","25","9","2","0","56.5","70",,,,,,,,,,,,
"ND","2024-11-24T00:00:00.000","2576","4393","16","8","2","1","58.6","69",,,,,,,,,,,,
"ND","2024-12-01T00:00:00.000","2591","4446","44","15","3","1","58.3","70",,,,,,,,,,,,
"ND","2024-12-08T00:00:00.000","2608","4377","26","9","3","2","59.6","69",,,,,,,,,,,,
"ND","2024-12-15T00:00:00.000","2624","4439","26","8","1","1","59.1","70",,,,,,,,,,,,
"ND","2024-12-22T00:00:00.000","2615","4364","51","26","3","2","59.9","69",,,,,,,,,,,,
"ND","2024-12-29T00:00:00.000","2616","4358","47","22","7","4","60.0","69",,,,,,,,,,,,
"ND","2025-01-05T00:00:00.000","2604","4354","88","58","7","6","59.8","69",,,,,,,,,,,,
"ND","2025-01-12T00:00:00.000","2481","4201","37","20","3","2","59.1","66","3385","30","14","3","2","80.6","2089","1","1","0","0","49.7"
"ND","2025-01-19T00:00:00.000","2516","4291","20","12","3","2","58.6","67","3452","11","7","3","3","80.4","2122","0","0","0","0","49.5"
"ND","2025-01-26T00:00:00.000","2523","4348","10","1","1","0","58.0","68","3518","15","10","2","2","80.9","2130","2","0","1","0","49.0"
"ND","2025-02-02T00:00:00.000","2519","4365","10","4","3","0","57.7","68","3524","32","24","9","3","80.7","2133","3","0","1","0","48.9"
"ND","2025-02-09T00:00:00.000","2513","4320","6","2","1","0","58.2","67","3432","20","15","5","4","79.4","2111","0","0","0","0","48.9"
"ND","2025-02-16T00:00:00.000","2532","4344","14","6","1","0","58.3","68","3503","27","16","8","7","80.6","2128","0","0","0","0","49.0"
"ND","2025-02-23T00:00:00.000","2547","4374","8","6","2","1","58.2","68","3524","8","4","2","1","80.6","2103","0","0","0","0","48.1"
"ND","2025-03-02T00:00:00.000","2544","4400","19","13","4","3","57.8","69","3568","1","1","0","0","81.1","2107","2","1","1","0","47.9"
"ND","2025-03-09T00:00:00.000","2559","4402","14","5","0","0","58.1","69","3572","4","3","0","0","81.1","2156","0","0","1","0","49.0"
"ND","2025-03-16T00:00:00.000","2541","4370","9","3","0","0","58.1","68","3535","8","6","0","0","80.9","2158","3","0","0","0","49.4"
"ND","2025-03-23T00:00:00.000","2505","4361","2","1","0","0","57.4","68","3524","1","1","0","0","80.8","2121","5","2","2","0","48.6"
"ND","2025-03-30T00:00:00.000","2463","4414","1","1","0","0","55.8","69","3544","3","3","0","0","80.3","2125","3","2","1","0","48.1"
"ND","2025-04-06T00:00:00.000","2370","4362","5","1","1","0","54.3","68","3502","0","0","1","1","80.3","2130","1","0","0","0","48.8"
"ND","2025-04-13T00:00:00.000","2365","4427","8","6","1","1","53.4","70","3544","1","0","2","1","80.1","2156","0","0","0","0","48.7"
"ND","2025-04-20T00:00:00.000","2270","4336","0","0","0","0","52.4","68","3466","1","1","1","1","79.9","2121","1","0","0","0","48.9"
"ND","2025-04-27T00:00:00.000","2112","4280","1","1","0","0","49.3","67","3421","1","0","0","0","79.9","2075","3","2","0","0","48.5"
"ND","2025-05-04T00:00:00.000","2127","4397","1","1","0","0","48.4","69","3502","0","0","0","0","79.6","2126","2","0","0","0","48.4"
"ND","2025-05-11T00:00:00.000","2158","4396","8","3","0","0","49.1","69","3500","0","0","0","0","79.6","2138","0","0","0","0","48.6"
"ND","2025-05-18T00:00:00.000","2146","4420","5","0","0","0","48.6","69","3502","0","0","0","0","79.2","2145","0","0","0","0","48.5"
"ND","2025-05-25T00:00:00.000","2094","4391","4","1","0","0","47.7","68","3482","0","0","0","0","79.3","2133","0","0","0","0","48.6"
"ND","2025-06-01T00:00:00.000","2083","4390","7","3","2","1","47.4","68","3471","0","0","0","0","79.1","2152","0","0","0","0","49.0"
"ND","2025-06-08T00:00:00.000","2168","4387","4","0","2","1","49.4","68","3482","0","0","0","0","79.4","2152","0","0","0","0","49.1"
"ND","2025-06-15T00:00:00.000","2199","4365","7","0","1","0","50.4","68","3429","0","0","0","0","78.6","2141","0","0","0","0","49.0"
"ND","2025-06-22T00:00:00.000","2147","4327","0","0","0","0","49.6","67","3401","0","0","0","0","78.6","2109","0","0","0","0","48.7"
"ND","2025-06-29T00:00:00.000","2125","4337","0","0","0","0","49.0","67","3385","0","0","0","0","78.0","2120","0","0","0","0","48.9"
"ND","2025-07-06T00:00:00.000","2179","4363","0","0","0","0","49.9","68","0","0","0","0","0","0.0","2139","0","0","0","0","49.0"
"ND","2025-07-13T00:00:00.000","2113","4308","0","0","0","0","49.0","67","0","0","0","0","0","0.0","2111","0","0","0","0","49.0"
"ND","2025-07-20T00:00:00.000","2163","4365","8","7","0","0","49.6","68","0","0","0","0","0","0.0","2130","0","0","0","0","48.8"
"ND","2025-07-27T00:00:00.000","2164","4398","0","0","0","0","49.2","68","0","0","0","0","0","0.0","2162","0","0","0","0","49.2"
"ND","2025-08-03T00:00:00.000","2153","4365","0","0","0","0","49.3","67","724","0","0","0","0","16.6","2163","0","0","0","0","49.6"
"ND","2025-08-10T00:00:00.000","2147","4351","8","0","0","0","49.3","67","710","0","0","0","0","16.3","2161","0","0","0","0","49.7"
"ND","2025-08-17T00:00:00.000","2121","4443","2","0","0","0","47.7","69","685","0","0","0","0","15.4","2210","0","0","0","0","49.7"
"ND","2025-08-24T00:00:00.000","2121","4434","13","1","0","0","47.8","69","685","0","0","0","0","15.4","2220","0","0","0","0","50.1"
"ND","2025-08-31T00:00:00.000","2116","4448","26","4","1","0","47.6","69","689","0","0","0","0","15.5","2235","0","0","0","0","50.2"
"ND","2025-09-07T00:00:00.000","2102","4417","19","0","0","0","47.6","69","464","0","0","0","0","10.5","2225","0","0","0","0","50.4"
"ND","2025-09-14T00:00:00.000","2019","4424","9","5","0","0","45.6","69","489","2","0","1","0","11.1","2159","0","0","0","0","48.8"
"ND","2025-09-21T00:00:00.000","2029","4437","12","3","0","0","45.7","69","369","1","0","1","0","8.3","2205","0","0","0","0","49.7"
"ND","2025-09-28T00:00:00.000","2001","4411","23","5","0","0","45.4","68","728","0","0","0","0","16.5","2212","0","0","0","0","50.1"
"ND","2025-10-05T00:00:00.000","1789","4281","12","6","1","1","41.8","66","1476","0","0","0","0","34.5","2095","0","0","0","0","48.9"
"ND","2025-10-12T00:00:00.000","1687","4278","10","3","1","0","39.4","66","2153","0","0","0","0","50.3","2101","0","0","0","0","49.1"
"ND","2025-10-19T00:00:00.000","1725","4278","5","0","1","0","40.3","66","2455","0","0","0","0","57.4","2108","0","0","0","0","49.3"
"ND","2025-10-26T00:00:00.000","1889","4282","7","4","1","0","44.1","66","2878","1","1","1","1","67.2","2171","0","0","0","0","50.7"
"ND","2025-11-02T00:00:00.000","1975","4264","0","0","0","0","46.3","65","3083","0","0","0","0","72.3","2184","0","0","0","0","51.2"
"ND","2025-11-09T00:00:00.000","1986","4208","0","0","0","0","47.2","64","3182","0","0","0","0","75.6","2183","0","0","0","0","51.9"
"ND","2025-11-16T00:00:00.000","2100","4258","0","0","0","0","49.3","65","3237","0","0","0","0","76.0","2222","0","0","0","0","52.2"
"ND","2025-11-23T00:00:00.000","2073","4263","0","0","0","0","48.6","65","3236","0","0","0","0","75.9","2228","0","0","0","0","52.3"
"ND","2025-11-30T00:00:00.000","2101","4227","1","0","0","0","49.7","64","3223","0","0","0","0","76.2","2223","0","0","0","0","52.6"
"ND","2025-12-07T00:00:00.000","2109","4215","1","0","0","0","50.0","64","3203","0","0","0","0","76.0","2214","0","0","0","0","52.5"
"ND","2025-12-14T00:00:00.000","2117","4236","3","0","1","0","50.0","64","3117","2","2","1","1","73.6","2228","0","0","0","0","52.6"
"ND","2025-12-21T00:00:00.000","2121","4236","0","0","0","0","50.1","64","3202","1","0","0","0","75.6","2240","0","0","0","0","52.9"
"ND","2025-12-28T00:00:00.000","2123","4233","9","4","1","0","50.2","64","3194","6","5","2","1","75.5","2215","0","0","0","0","52.3"
"ND","2026-01-04T00:00:00.000","2078","4168","6","3","1","1","49.9","63","3155","14","10","7","5","75.7","2192","0","0","0","0","52.6"
"ND","2026-01-11T00:00:00.000","2062","4165","34","17","2","0","49.5","63","3153","20","9","1","0","75.7","2175","0","0","0","0","52.2"
"ND","2026-01-18T00:00:00.000","2112","4231","47","17","1","0","49.9","64","3218","10","7","1","1","76.1","2219","0","0","0","0","52.4"
"ND","2026-01-25T00:00:00.000","2094","4223","45","20","2","0","49.6","64","3197","16","13","1","0","75.7","2234","0","0","0","0","52.9"
"ND","2026-02-01T00:00:00.000","2219","4322","25","10","0","0","51.3","66","3289","4","2","2","1","76.1","2278","0","0","0","0","52.7"
"ND","2026-02-08T00:00:00.000","2168","4273","10","3","2","0","50.7","65","3237","10","9","5","5","75.8","2278","1","0","0","0","53.3"
"ND","2026-02-15T00:00:00.000","2165","4284","5","1","1","1","50.5","65","3277","14","13","4","4","76.5","2250","0","0","0","0","52.5"
"ND","2026-02-22T00:00:00.000","2162","4314","36","9","1","0","50.1","65","3327","5","5","0","0","77.1","2279","1","0","1","0","52.8"
"ND","2026-03-01T00:00:00.000","2144","4254","32","12","2","1","50.4","63","3275","2","2","1","1","77.0","2261","0","0","0","0","53.1"
"ND","2026-03-08T00:00:00.000","2121","4211","17","11","2","0","50.4","62","3212","0","0","0","0","76.3","2253","0","0","0","0","53.5"
"ND","2026-03-15T00:00:00.000","2134","4254","7","4","0","0","50.2","63","3249","0","0","0","0","76.4","2260","1","0","0","0","53.1"
"ND","2026-03-22T00:00:00.000","1941","3870","3","3","1","1","50.2","56","2953","1","0","1","0","76.3","2068","0","0","0","0","53.4"
"ND","2026-03-29T00:00:00.000","1560","2980","2","1","1","1","52.3","41","2255","0","0","0","0","75.7","1579","1","0","0","0","53.0"
"NE","2024-10-06T00:00:00.000","1735","9831","77","5","3","0","17.6","173",,,,,,,,,,,,
"NE","2024-10-13T00:00:00.000","2302","9830","44","4","4","0","23.4","174",,,,,,,,,,,,
"NE","2024-10-20T00:00:00.000","2837","9825","70","5","5","0","28.9","174",,,,,,,,,,,,
"NE","2024-10-27T00:00:00.000","3342","9801","79","3","2","0","34.1","174",,,,,,,,,,,,
"NE","2024-11-03T00:00:00.000","3807","9823","30","2","1","0","38.8","173",,,,,,,,,,,,
"NE","2024-11-10T00:00:00.000","4065","9897","24","5","1","1","41.1","174",,,,,,,,,,,,
"NE","2024-11-17T00:00:00.000","4327","9874","17","3","1","1","43.8","174",,,,,,,,,,,,
"NE","2024-11-24T00:00:00.000","4442","9778","33","8","1","0","45.4","173",,,,,,,,,,,,
"NE","2024-12-01T00:00:00.000","4523","9700","17","5","1","0","46.6","172",,,,,,,,,,,,
"NE","2024-12-08T00:00:00.000","4611","9610","46","18","2","0","48.0","172",,,,,,,,,,,,
"NE","2024-12-15T00:00:00.000","4784","9560","62","18","6","0","50.0","171",,,,,,,,,,,,
"NE","2024-12-22T00:00:00.000","4771","9552","54","33","1","1","49.9","171",,,,,,,,,,,,
"NE","2024-12-29T00:00:00.000","4789","9456","88","33","6","3","50.6","169",,,,,,,,,,,,
"NE","2025-01-05T00:00:00.000","4782","9535","126","62","1","0","50.2","170",,,,,,,,,,,,
"NE","2025-01-12T00:00:00.000","4812","9319","103","55","4","3","51.6","165","6870","15","6","6","2","73.7","2384","0","0","0","0","25.6"
"NE","2025-01-19T00:00:00.000","4871","9246","60","24","4","2","52.7","163","6757","8","4","5","3","73.1","2409","2","0","1","0","26.1"
"NE","2025-01-26T00:00:00.000","4919","9279","27","17","1","0","53.0","164","6825","11","8","4","4","73.6","2502","3","0","0","0","27.0"
"NE","2025-02-02T00:00:00.000","4974","9540","30","15","1","1","52.1","168","6942","77","55","21","17","72.8","2581","2","1","1","0","27.1"
"NE","2025-02-09T00:00:00.000","4841","9320","50","14","6","4","51.9","165","6833","63","36","21","13","73.3","2615","12","0","2","0","28.1"
"NE","2025-02-16T00:00:00.000","4837","9388","66","20","1","0","51.5","166","6895","75","40","16","10","73.4","2667","5","0","2","0","28.4"
"NE","2025-02-23T00:00:00.000","4785","9332","44","10","3","0","51.3","165","6809","75","41","20","11","73.0","2568","5","0","2","0","27.5"
"NE","2025-03-02T00:00:00.000","4821","9299","28","12","1","0","51.8","162","6872","42","24","15","9","73.9","2691","10","1","4","0","28.9"
"NE","2025-03-09T00:00:00.000","4873","9355","21","13","0","0","52.1","164","6985","22","16","6","5","74.7","2723","4","1","1","0","29.1"
"NE","2025-03-16T00:00:00.000","4849","9303","30","12","2","0","52.1","163","6934","24","19","7","1","74.5","2714","6","0","1","0","29.2"
"NE","2025-03-23T00:00:00.000","4672","9122","52","19","1","0","51.2","162","6698","7","4","0","0","73.4","2701","6","0","4","0","29.6"
"NE","2025-03-30T00:00:00.000","4800","9433","32","15","2","0","50.9","165","6969","4","1","3","3","73.9","2815","6","0","1","0","29.8"
"NE","2025-04-06T00:00:00.000","4379","9234","38","26","0","0","47.4","162","6742","0","0","0","0","73.0","2755","10","1","3","0","29.8"
"NE","2025-04-13T00:00:00.000","4124","9238","26","12","2","0","44.6","162","6704","12","0","0","0","72.6","2723","5","0","3","0","29.5"
"NE","2025-04-20T00:00:00.000","3899","9295","27","14","3","2","41.9","164","6720","3","2","0","0","72.3","2765","2","0","0","0","29.7"
"NE","2025-04-27T00:00:00.000","3665","9057","18","8","0","0","40.5","159","6496","0","0","1","1","71.7","2635","8","0","0","0","29.1"
"NE","2025-05-04T00:00:00.000","3717","9399","16","6","0","0","39.5","164","6725","0","0","0","0","71.6","2875","1","0","0","0","30.6"
"NE","2025-05-11T00:00:00.000","3630","9412","20","5","2","1","38.6","162","6709","6","0","4","0","71.3","2813","1","0","1","0","29.9"
"NE","2025-05-18T00:00:00.000","3512","9162","16","0","4","0","38.3","160","6534","0","0","0","0","71.3","2752","1","0","1","0","30.0"
"NE","2025-05-25T00:00:00.000","3403","9241","30","7","2","0","36.8","161","6508","0","0","0","0","70.4","2769","0","0","0","0","30.0"
"NE","2025-06-01T00:00:00.000","3379","9169","2","0","0","0","36.9","162","6438","0","0","0","0","70.2","2753","0","0","0","0","30.0"
"NE","2025-06-08T00:00:00.000","3306","9142","6","1","0","0","36.2","162","6335","0","0","0","0","69.3","2729","0","0","0","0","29.9"
"NE","2025-06-15T00:00:00.000","3349","9146","29","1","3","0","36.6","162","6466","0","0","0","0","70.7","2761","0","0","0","0","30.2"
"NE","2025-06-22T00:00:00.000","3359","9166","3","0","0","0","36.6","160","6405","0","0","0","0","69.9","2703","0","0","0","0","29.5"
"NE","2025-06-29T00:00:00.000","3373","9338","7","1","0","0","36.1","163","6158","1","0","1","0","65.9","2800","0","0","0","0","30.0"
"NE","2025-07-06T00:00:00.000","3320","9362","6","0","1","0","35.5","161","0","0","0","0","0","0.0","2781","0","0","0","0","29.7"
"NE","2025-07-13T00:00:00.000","3171","9151","2","0","1","0","34.7","160","0","1","0","1","0","0.0","2858","0","0","0","0","31.2"
"NE","2025-07-20T00:00:00.000","3168","9409","7","0","0","0","33.7","165","0","0","0","0","0","0.0","2817","0","0","0","0","29.9"
"NE","2025-07-27T00:00:00.000","3131","9323","16","2","0","0","33.6","162","0","0","0","0","0","0.0","2848","0","0","0","0","30.5"
"NE","2025-08-03T00:00:00.000","3029","9121","18","6","0","0","33.2","158","1139","0","0","0","0","12.5","2696","0","0","0","0","29.6"
"NE","2025-08-10T00:00:00.000","3014","9264","20","4","1","0","32.5","162","1251","0","0","0","0","13.5","2776","0","0","0","0","30.0"
"NE","2025-08-17T00:00:00.000","3017","9206","52","13","3","0","32.8","160","1057","0","0","0","0","11.5","2725","0","0","1","0","29.6"
"NE","2025-08-24T00:00:00.000","2911","9139","37","7","1","0","31.9","161","874","0","0","0","0","9.6","2728","0","0","0","0","29.9"
"NE","2025-08-31T00:00:00.000","2969","9362","54","15","2","0","31.7","162","894","0","0","0","0","9.5","2759","0","0","0","0","29.5"
"NE","2025-09-07T00:00:00.000","2802","9184","45","4","2","0","30.5","160","890","0","0","0","0","9.7","2747","0","0","0","0","29.9"
"NE","2025-09-14T00:00:00.000","2509","8749","56","5","2","0","28.7","152","809","0","0","0","0","9.2","2615","0","0","0","0","29.9"
"NE","2025-09-21T00:00:00.000","2761","9358","16","1","1","0","29.5","162","1004","0","0","0","0","10.7","2808","0","0","0","0","30.0"
"NE","2025-09-28T00:00:00.000","2641","9195","49","4","2","0","28.7","158","1112","3","0","0","0","12.1","2769","0","0","0","0","30.1"
"NE","2025-10-05T00:00:00.000","2482","9173","40","0","7","0","27.1","157","1826","0","0","0","0","19.9","2708","0","0","0","0","29.5"
"NE","2025-10-12T00:00:00.000","2690","9261","28","0","1","0","29.0","159","2945","0","0","0","0","31.8","2775","0","0","0","0","30.0"
"NE","2025-10-19T00:00:00.000","2777","9118","24","1","1","0","30.5","157","3620","0","0","0","0","39.7","2737","0","0","0","0","30.0"
"NE","2025-10-26T00:00:00.000","3001","9225","25","4","1","0","32.5","158","4541","0","0","0","0","49.2","2842","0","0","0","0","30.8"
"NE","2025-11-02T00:00:00.000","3138","9220","21","2","1","0","34.0","159","5479","0","0","0","0","59.4","2868","0","0","0","0","31.1"
"NE","2025-11-09T00:00:00.000","3418","9038","17","1","0","0","37.8","156","5591","1","0","1","0","61.9","2819","0","0","0","0","31.2"
"NE","2025-11-16T00:00:00.000","3382","9121","11","2","2","0","37.1","160","5858","0","0","0","0","64.2","2942","0","0","0","0","32.3"
"NE","2025-11-23T00:00:00.000","3458","8848","24","5","2","1","39.1","153","5821","0","0","0","0","65.8","2799","0","0","0","0","31.6"
"NE","2025-11-30T00:00:00.000","3563","9022","37","3","3","1","39.5","157","6062","1","0","1","0","67.2","2985","0","0","0","0","33.1"
"NE","2025-12-07T00:00:00.000","3693","9134","29","6","1","0","40.4","159","6287","6","5","0","0","68.8","3019","1","1","0","0","33.1"
"NE","2025-12-14T00:00:00.000","3552","8941","47","4","1","0","39.7","155","6037","4","2","1","1","67.5","2961","0","0","0","0","33.1"
"NE","2025-12-21T00:00:00.000","3538","8719","59","12","3","1","40.6","155","5974","18","5","3","0","68.5","2956","0","0","0","0","33.9"
"NE","2025-12-28T00:00:00.000","3547","8923","56","11","2","0","39.8","157","6215","17","10","4","1","69.7","2989","0","0","0","0","33.5"
"NE","2026-01-04T00:00:00.000","3548","8680","65","18","6","2","40.9","152","6002","26","13","11","8","69.1","2815","2","1","2","1","32.4"
"NE","2026-01-11T00:00:00.000","3615","8850","40","6","2","0","40.8","153","6053","54","42","8","5","68.4","2826","5","0","0","0","31.9"
"NE","2026-01-18T00:00:00.000","3624","8772","41","14","2","1","41.3","150","6052","32","20","11","9","69.0","2824","3","1","0","0","32.2"
"NE","2026-01-25T00:00:00.000","3783","8962","31","6","1","1","42.2","155","6228","26","8","4","1","69.5","2935","0","0","0","0","32.7"
"NE","2026-02-01T00:00:00.000","3770","8936","43","16","5","1","42.2","153","6199","13","9","8","6","69.4","2893","2","1","1","1","32.4"
"NE","2026-02-08T00:00:00.000","3642","8719","50","14","1","0","41.8","149","5977","13","6","4","4","68.6","2860","1","1","0","0","32.8"
"NE","2026-02-15T00:00:00.000","3572","8772","35","7","1","0","40.7","149","5985","25","13","10","4","68.2","2902","2","1","1","0","33.1"
"NE","2026-02-22T00:00:00.000","3435","8558","46","18","2","1","40.1","145","5808","19","11","6","2","67.9","2825","4","0","1","0","33.0"
"NE","2026-03-01T00:00:00.000","3506","8770","33","6","2","2","40.0","148","5917","11","7","3","1","67.5","2943","2","0","1","0","33.6"
"NE","2026-03-08T00:00:00.000","3430","8376","23","3","2","0","41.0","142","5583","6","3","0","0","66.7","2751","5","0","2","0","32.8"
"NE","2026-03-15T00:00:00.000","3216","8157","14","0","3","0","39.4","136","5310","0","0","0","0","65.1","2550","9","1","2","0","31.3"
"NE","2026-03-22T00:00:00.000","3011","7775","4","1","0","0","38.7","132","5340","0","0","0","0","68.7","2644","3","0","2","1","34.0"
"NE","2026-03-29T00:00:00.000","2176","5191","5","0","0","0","41.9","86","3654","0","0","0","0","70.4","1794","0","0","0","0","34.6"
"NH","2024-10-06T00:00:00.000","1503","5800","89","1","4","0","25.9","70",,,,,,,,,,,,
"NH","2024-10-13T00:00:00.000","1762","5790","65","3","8","0","30.4","70",,,,,,,,,,,,
"NH","2024-10-20T00:00:00.000","1965","5849","30","0","2","0","33.6","71",,,,,,,,,,,,
"NH","2024-10-27T00:00:00.000","2345","5843","50","0","4","0","40.1","71",,,,,,,,,,,,
"NH","2024-11-03T00:00:00.000","2679","5857","65","22","4","2","45.7","71",,,,,,,,,,,,
"NH","2024-11-10T00:00:00.000","2895","5940","92","18","6","1","48.7","72",,,,,,,,,,,,
"NH","2024-11-17T00:00:00.000","3067","5911","82","36","1","0","51.9","72",,,,,,,,,,,,
"NH","2024-11-24T00:00:00.000","2967","5599","50","34","0","0","53.0","69",,,,,,,,,,,,
"NH","2024-12-01T00:00:00.000","3270","5777","32","21","1","1","56.6","71",,,,,,,,,,,,
"NH","2024-12-08T00:00:00.000","3297","5792","30","21","2","1","56.9","71",,,,,,,,,,,,
"NH","2024-12-15T00:00:00.000","3373","5795","33","15","0","0","58.2","71",,,,,,,,,,,,
"NH","2024-12-22T00:00:00.000","3449","5812","47","19","5","2","59.3","71",,,,,,,,,,,,
"NH","2024-12-29T00:00:00.000","3403","5761","77","28","4","1","59.1","71",,,,,,,,,,,,
"NH","2025-01-05T00:00:00.000","3457","5745","117","56","4","2","60.2","71",,,,,,,,,,,,
"NH","2025-01-12T00:00:00.000","3300","5490","86","24","4","2","60.1","67","4131","21","12","1","0","75.2","1707","4","0","1","0","31.1"
"NH","2025-01-19T00:00:00.000","3404","5662","42","10","4","3","60.1","68","4211","12","5","3","2","74.4","1766","6","0","1","0","31.2"
"NH","2025-01-26T00:00:00.000","3365","5577","43","22","1","0","60.3","67","4103","5","2","0","0","73.6","1811","7","1","2","0","32.5"
"NH","2025-02-02T00:00:00.000","3345","5573","82","50","2","1","60.0","67","4144","6","5","2","1","74.4","1831","0","0","0","0","32.9"
"NH","2025-02-09T00:00:00.000","3395","5557","58","41","1","1","61.1","67","4140","34","18","2","2","74.5","1899","3","1","1","0","34.2"
"NH","2025-02-16T00:00:00.000","3446","5674","25","15","3","3","60.7","68","4225","48","33","6","4","74.5","1963","1","0","0","0","34.6"
"NH","2025-02-23T00:00:00.000","3442","5706","16","3","1","0","60.3","68","4222","35","23","11","7","74.0","1968","0","0","0","0","34.5"
"NH","2025-03-02T00:00:00.000","3375","5776","25","10","7","2","58.4","69","4239","31","18","5","1","73.4","1963","0","0","0","0","34.0"
"NH","2025-03-09T00:00:00.000","3393","5666","25","12","2","0","59.9","68","4184","21","13","5","1","73.8","1956","1","0","1","0","34.5"
"NH","2025-03-16T00:00:00.000","3375","5669","11","7","0","0","59.5","68","4166","27","18","9","3","73.5","1947","0","0","0","0","34.3"
"NH","2025-03-23T00:00:00.000","3383","5659","6","3","0","0","59.8","68","4218","42","28","2","1","74.5","1954","3","2","1","0","34.5"
"NH","2025-03-30T00:00:00.000","3324","5663","21","9","1","0","58.7","68","4219","5","5","1","1","74.5","1986","1","0","0","0","35.1"
"NH","2025-04-06T00:00:00.000","3209","5627","15","5","0","0","57.0","68","4176","20","14","1","1","74.2","1960","0","0","0","0","34.8"
"NH","2025-04-13T00:00:00.000","2952","5611","4","2","0","0","52.6","68","4202","6","4","1","1","74.9","1970","1","0","0","0","35.1"
"NH","2025-04-20T00:00:00.000","2921","5598","1","1","0","0","52.2","68","4198","0","0","2","1","75.0","1965","1","0","0","0","35.1"
"NH","2025-04-27T00:00:00.000","2827","5591","0","0","0","0","50.6","68","4181","2","1","3","2","74.8","1962","4","0","0","0","35.1"
"NH","2025-05-04T00:00:00.000","2791","5564","0","0","0","0","50.2","68","4112","1","1","0","0","73.9","1937","4","0","0","0","34.8"
"NH","2025-05-11T00:00:00.000","2738","5568","3","2","1","0","49.2","68","4141","0","0","0","0","74.4","1941","4","0","0","0","34.9"
"NH","2025-05-18T00:00:00.000","2594","5455","17","11","0","0","47.6","67","3993","2","2","0","0","73.2","1929","0","0","0","0","35.4"
"NH","2025-05-25T00:00:00.000","2570","5636","2","2","1","1","45.6","68","4078","2","1","0","0","72.4","1950","2","0","1","0","34.6"
"NH","2025-06-01T00:00:00.000","2583","5628","0","0","1","0","45.9","68","4101","2","2","0","0","72.9","1897","0","0","0","0","33.7"
"NH","2025-06-08T00:00:00.000","2538","5623","0","0","0","0","45.1","68","4037","0","0","0","0","71.8","1898","0","0","0","0","33.8"
"NH","2025-06-15T00:00:00.000","2607","5640","2","0","0","0","46.2","68","4051","0","0","0","0","71.8","1914","0","0","0","0","33.9"
"NH","2025-06-22T00:00:00.000","2595","5632","1","0","1","0","46.1","68","4058","0","0","0","0","72.1","1912","0","0","0","0","33.9"
"NH","2025-06-29T00:00:00.000","2582","5672","30","2","2","0","45.5","68","4073","0","0","0","0","71.8","1900","0","0","0","0","33.5"
"NH","2025-07-06T00:00:00.000","2651","5791","30","4","0","0","45.8","69","0","0","0","0","0","0.0","1987","0","0","0","0","34.3"
"NH","2025-07-13T00:00:00.000","2585","5668","9","4","0","0","45.6","68","0","0","0","0","0","0.0","1947","0","0","0","0","34.4"
"NH","2025-07-20T00:00:00.000","2567","5668","3","0","0","0","45.3","68","0","0","0","0","0","0.0","1844","0","0","0","0","32.5"
"NH","2025-07-27T00:00:00.000","2586","5685","0","0","0","0","45.5","68","0","0","0","0","0","0.0","1791","0","0","0","0","31.5"
"NH","2025-08-03T00:00:00.000","2586","5673","5","3","1","0","45.6","68","730","0","0","0","0","12.9","1862","0","0","0","0","32.8"
"NH","2025-08-10T00:00:00.000","2563","5678","26","0","1","0","45.1","68","854","0","0","0","0","15.0","1891","0","0","0","0","33.3"
"NH","2025-08-17T00:00:00.000","2561","5704","46","0","0","0","44.9","68","836","0","0","0","0","14.7","1944","0","0","0","0","34.1"
"NH","2025-08-24T00:00:00.000","2572","5744","12","1","2","0","44.8","68","1098","0","0","0","0","19.1","1911","0","0","0","0","33.3"
"NH","2025-08-31T00:00:00.000","2511","5730","7","1","0","0","43.8","68","715","0","0","0","0","12.5","1951","0","0","0","0","34.0"
"NH","2025-09-07T00:00:00.000","2542","5724","17","5","3","0","44.4","68","715","0","0","0","0","12.5","1986","0","0","0","0","34.7"
"NH","2025-09-14T00:00:00.000","2530","5691","20","4","1","0","44.5","68","562","0","0","0","0","9.9","1968","0","0","0","0","34.6"
"NH","2025-09-21T00:00:00.000","2401","5689","40","12","4","1","42.2","68","630","0","0","0","0","11.1","1921","0","0","0","0","33.8"
"NH","2025-09-28T00:00:00.000","2314","5620","57","20","1","1","41.2","67","887","0","0","0","0","15.8","1846","0","0","0","0","32.8"
"NH","2025-10-05T00:00:00.000","2393","5743","28","9","2","1","41.7","68","1572","0","0","0","0","27.4","1940","0","0","0","0","33.8"
"NH","2025-10-12T00:00:00.000","2386","5814","17","8","3","1","41.0","69","2253","0","0","0","0","38.8","2009","0","0","0","0","34.6"
"NH","2025-10-19T00:00:00.000","2353","5782","28","14","2","1","40.7","68","3268","0","0","0","0","56.5","2030","0","0","0","0","35.1"
"NH","2025-10-26T00:00:00.000","2481","5784","16","8","0","0","42.9","68","3740","0","0","0","0","64.7","2038","0","0","0","0","35.2"
"NH","2025-11-02T00:00:00.000","2543","5746","47","23","2","2","44.3","68","3960","0","0","0","0","68.9","1983","0","0","0","0","34.5"
"NH","2025-11-09T00:00:00.000","2640","5768","36","15","0","0","45.8","68","4085","0","0","0","0","70.8","2023","0","0","0","0","35.1"
"NH","2025-11-16T00:00:00.000","2500","5753","39","10","0","0","43.5","68","4147","0","0","0","0","72.1","2029","0","0","0","0","35.3"
"NH","2025-11-23T00:00:00.000","2532","5651","34","17","1","1","44.8","67","4057","0","0","1","1","71.8","1994","0","0","0","0","35.3"
"NH","2025-11-30T00:00:00.000","2483","5537","53","13","6","2","44.8","65","4005","0","0","0","0","72.3","1977","0","0","0","0","35.7"
"NH","2025-12-07T00:00:00.000","2541","5665","37","14","2","0","44.9","67","4106","0","0","0","0","72.5","2104","0","0","0","0","37.1"
"NH","2025-12-14T00:00:00.000","2654","5640","33","1","3","0","47.1","66","4111","3","3","1","0","72.9","2110","0","0","0","0","37.4"
"NH","2025-12-21T00:00:00.000","2712","5679","42","6","3","1","47.8","67","4053","25","16","3","1","71.4","2119","3","3","0","0","37.3"
"NH","2025-12-28T00:00:00.000","2648","5537","24","8","1","0","47.8","64","3959","51","42","5","3","71.5","2101","5","4","1","1","37.9"
"NH","2026-01-04T00:00:00.000","2642","5394","41","23","2","0","49.0","63","3862","55","45","5","4","71.6","1973","1","1","0","0","36.6"
"NH","2026-01-11T00:00:00.000","2541","5342","30","14","2","0","47.6","63","3922","42","33","6","3","73.4","1957","0","0","0","0","36.6"
"NH","2026-01-18T00:00:00.000","2486","5352","21","7","2","0","46.4","63","3913","36","11","5","2","73.1","1938","7","0","1","0","36.2"
"NH","2026-01-25T00:00:00.000","2457","5297","28","11","4","1","46.4","61","3897","38","27","3","2","73.6","1963","10","0","2","0","37.1"
"NH","2026-02-01T00:00:00.000","2452","5312","40","4","0","0","46.2","61","3898","12","3","4","4","73.4","1946","12","0","1","0","36.6"
"NH","2026-02-08T00:00:00.000","2433","5276","9","2","1","0","46.1","61","3863","10","8","0","0","73.2","1949","5","0","1","0","36.9"
"NH","2026-02-15T00:00:00.000","2469","5338","27","11","1","0","46.3","61","3838","6","6","0","0","71.9","1959","1","0","0","0","36.7"
"NH","2026-02-22T00:00:00.000","2545","5407","24","2","2","1","47.1","63","3962","2","0","0","0","73.3","2001","3","1","0","0","37.0"
"NH","2026-03-01T00:00:00.000","2666","5337","36","21","1","1","50.0","62","3790","4","4","0","0","71.0","1969","3","0","1","0","36.9"
"NH","2026-03-08T00:00:00.000","2629","5147","13","6","0","0","51.1","61","3760","23","20","0","0","73.1","2023","3","0","2","0","39.3"
"NH","2026-03-15T00:00:00.000","2769","5325","11","5","1","0","52.0","62","3810","11","9","0","0","71.5","2047","6","0","2","0","38.4"
"NH","2026-03-22T00:00:00.000","2721","5305","9","3","0","0","51.3","62","3769","4","4","1","1","71.0","2060","1","0","1","0","38.8"
"NH","2026-03-29T00:00:00.000","1093","2110","30","5","0","0","51.8","24","1573","0","0","0","0","74.5","842","0","0","0","0","39.9"
"NJ","2024-10-06T00:00:00.000","4960","40537","129","20","9","0","12.2","339",,,,,,,,,,,,
"NJ","2024-10-13T00:00:00.000","5357","40516","121","16","6","0","13.2","339",,,,,,,,,,,,
"NJ","2024-10-20T00:00:00.000","6068","39923","133","19","6","0","15.2","334",,,,,,,,,,,,
"NJ","2024-10-27T00:00:00.000","7539","40444","191","1","10","0","18.6","338",,,,,,,,,,,,
"NJ","2024-11-03T00:00:00.000","8436","40254","238","4","13","0","21.0","336",,,,,,,,,,,,
"NJ","2024-11-10T00:00:00.000","9642","40482","143","6","11","0","23.8","337",,,,,,,,,,,,
"NJ","2024-11-17T00:00:00.000","10340","40344","86","5","6","1","25.6","335",,,,,,,,,,,,
"NJ","2024-11-24T00:00:00.000","11166","40199","72","12","8","1","27.8","335",,,,,,,,,,,,
"NJ","2024-12-01T00:00:00.000","12034","40287","105","19","4","0","29.9","334",,,,,,,,,,,,
"NJ","2024-12-08T00:00:00.000","12603","40352","147","20","13","2","31.2","335",,,,,,,,,,,,
"NJ","2024-12-15T00:00:00.000","13059","40253","134","28","9","0","32.4","335",,,,,,,,,,,,
"NJ","2024-12-22T00:00:00.000","13219","40353","183","31","8","1","32.8","334",,,,,,,,,,,,
"NJ","2024-12-29T00:00:00.000","13130","39901","188","32","12","2","32.9","334",,,,,,,,,,,,
"NJ","2025-01-05T00:00:00.000","13315","40032","221","38","21","5","33.3","337",,,,,,,,,,,,
"NJ","2025-01-12T00:00:00.000","13768","41105","218","36","20","1","33.5","340","27744","53","28","17","6","67.5","7176","23","4","10","1","17.5"
"NJ","2025-01-19T00:00:00.000","13941","41210","165","22","15","2","33.8","337","27583","57","25","25","12","66.9","6968","20","0","4","0","16.9"
"NJ","2025-01-26T00:00:00.000","14234","42238","208","36","14","0","33.7","336","27860","147","82","23","11","66.0","7078","26","7","4","0","16.8"
"NJ","2025-02-02T00:00:00.000","14544","41549","142","24","15","1","35.0","339","27859","162","82","36","20","67.1","7477","43","6","12","1","18.0"
"NJ","2025-02-09T00:00:00.000","14582","41592","185","38","15","1","35.1","338","28331","143","91","40","24","68.1","7517","19","3","15","2","18.1"
"NJ","2025-02-16T00:00:00.000","14592","41554","94","20","20","4","35.1","337","28276","169","113","28","15","68.0","7456","11","1","3","0","17.9"
"NJ","2025-02-23T00:00:00.000","14581","41590","112","16","18","2","35.1","337","28550","116","67","22","14","68.6","7497","6","0","1","0","18.0"
"NJ","2025-03-02T00:00:00.000","14680","41289","108","19","16","2","35.6","334","28083","62","28","12","5","68.0","7638","10","0","3","0","18.5"
"NJ","2025-03-09T00:00:00.000","14624","41031","125","18","11","1","35.6","333","27804","51","28","9","5","67.8","7777","17","0","4","1","19.0"
"NJ","2025-03-16T00:00:00.000","14893","40924","112","20","13","2","36.4","336","27980","34","15","4","4","68.4","7851","62","0","3","0","19.2"
"NJ","2025-03-23T00:00:00.000","14943","40827","159","23","15","1","36.6","333","27706","119","5","3","1","67.9","7656","30","0","0","0","18.8"
"NJ","2025-03-30T00:00:00.000","14986","40575","178","20","20","3","36.9","332","27621","107","5","2","0","68.1","7975","24","0","2","0","19.7"
"NJ","2025-04-06T00:00:00.000","15167","40751","154","13","4","0","37.2","335","27779","108","4","2","1","68.2","7967","23","0","1","0","19.6"
"NJ","2025-04-13T00:00:00.000","15302","41151","116","25","11","3","37.2","336","28024","1","1","0","0","68.1","8058","3","0","1","0","19.6"
"NJ","2025-04-20T00:00:00.000","15302","40726","112","26","16","2","37.6","335","27275","2","2","0","0","67.0","7724","1","1","1","1","19.0"
"NJ","2025-04-27T00:00:00.000","15526","40808","120","23","16","3","38.0","335","26916","0","0","0","0","66.0","7790","2","0","1","0","19.1"
"NJ","2025-05-04T00:00:00.000","15230","40716","96","26","10","0","37.4","334","27147","1","1","0","0","66.7","7750","3","0","0","0","19.0"
"NJ","2025-05-11T00:00:00.000","14906","41127","98","23","6","2","36.2","337","26358","0","0","2","2","64.1","7825","2","0","1","0","19.0"
"NJ","2025-05-18T00:00:00.000","14368","40619","68","12","0","0","35.4","334","26557","0","0","0","0","65.4","7961","0","0","0","0","19.6"
"NJ","2025-05-25T00:00:00.000","14165","40232","51","8","3","0","35.2","332","26683","0","0","0","0","66.3","7858","0","0","0","0","19.5"
"NJ","2025-06-01T00:00:00.000","14413","40700","49","10","8","1","35.4","335","27031","101","1","0","0","66.4","8103","25","0","0","0","19.9"
"NJ","2025-06-08T00:00:00.000","14330","40794","42","5","2","0","35.1","335","26886","101","1","0","0","65.9","8053","29","0","0","0","19.7"
"NJ","2025-06-15T00:00:00.000","14399","41094","45","6","3","1","35.0","338","27014","105","1","0","0","65.7","8055","17","0","0","0","19.6"
"NJ","2025-06-22T00:00:00.000","13902","40574","40","2","2","0","34.3","335","26919","104","5","0","0","66.3","8057","17","0","1","0","19.9"
"NJ","2025-06-29T00:00:00.000","13599","40450","26","3","0","0","33.6","333","26206","106","1","3","0","64.8","7900","16","0","0","0","19.5"
"NJ","2025-07-06T00:00:00.000","13904","40931","130","1","1","0","34.0","336","0","5","0","0","0","0.0","9079","0","0","0","0","22.2"
"NJ","2025-07-13T00:00:00.000","13633","40836","38","7","2","0","33.4","336","0","0","0","0","0","0.0","9077","0","0","0","0","22.2"
"NJ","2025-07-20T00:00:00.000","13748","40680","45","15","4","1","33.8","333","0","0","0","0","0","0.0","8585","1","1","0","0","21.1"
"NJ","2025-07-27T00:00:00.000","13578","40952","9","1","31","0","33.2","332","0","1","0","1","0","0.0","8353","102","1","0","0","20.4"
"NJ","2025-08-03T00:00:00.000","13353","40371","19","4","4","0","33.1","331","7706","0","0","0","0","19.1","7706","1","0","0","0","19.1"
"NJ","2025-08-10T00:00:00.000","13370","40924","53","19","2","0","32.7","334","6992","9","0","0","0","17.1","7621","0","0","0","0","18.6"
"NJ","2025-08-17T00:00:00.000","12956","40536","59","10","4","1","32.0","332","7044","0","0","0","0","17.4","7266","0","0","0","0","17.9"
"NJ","2025-08-24T00:00:00.000","13015","41306","61","9","0","0","31.5","336","6219","2","0","0","0","15.1","7564","0","0","0","0","18.3"
"NJ","2025-08-31T00:00:00.000","12881","40665","94","24","6","1","31.7","330","5464","0","0","0","0","13.4","7413","0","0","0","0","18.2"
"NJ","2025-09-07T00:00:00.000","12418","40896","110","15","9","1","30.4","334","4882","0","0","0","0","11.9","7535","0","0","0","0","18.4"
"NJ","2025-09-14T00:00:00.000","11900","40837","191","25","8","2","29.1","334","5632","0","0","2","0","13.8","7597","0","0","0","0","18.6"
"NJ","2025-09-21T00:00:00.000","11583","40845","177","35","6","0","28.4","334","7033","0","0","0","0","17.2","7677","0","0","0","0","18.8"
"NJ","2025-09-28T00:00:00.000","10331","40837","117","12","8","0","25.3","333","8267","0","0","0","0","20.2","7769","0","0","0","0","19.0"
"NJ","2025-10-05T00:00:00.000","9475","42364","167","16","9","0","22.4","335","11872","7","0","0","0","28.0","7839","0","0","0","0","18.5"
"NJ","2025-10-12T00:00:00.000","9009","40966","142","9","9","0","22.0","336","15413","0","0","0","0","37.6","7846","0","0","0","0","19.2"
"NJ","2025-10-19T00:00:00.000","8872","41055","99","5","6","0","21.6","334","18496","0","0","0","0","45.1","7941","0","0","0","0","19.3"
"NJ","2025-10-26T00:00:00.000","9027","41221","86","12","4","0","21.9","334","20941","0","0","0","0","50.8","7859","0","0","0","0","19.1"
"NJ","2025-11-02T00:00:00.000","9134","40837","91","9","4","1","22.4","332","22941","1","0","1","0","56.2","8116","0","0","0","0","19.9"
"NJ","2025-11-09T00:00:00.000","9468","40901","117","4","6","0","23.1","333","24303","2","0","2","0","59.4","8343","0","0","0","0","20.4"
"NJ","2025-11-16T00:00:00.000","10087","40982","119","2","6","0","24.6","334","25409","0","0","0","0","62.0","8417","0","0","0","0","20.5"
"NJ","2025-11-23T00:00:00.000","10237","40807","70","4","6","0","25.1","332","25570","0","0","0","0","62.7","8475","0","0","0","0","20.8"
"NJ","2025-11-30T00:00:00.000","10600","40024","126","6","4","0","26.5","327","25637","4","0","2","0","64.1","8270","0","0","0","0","20.7"
"NJ","2025-12-07T00:00:00.000","10402","40518","101","7","5","1","25.7","331","25749","12","4","2","2","63.5","8632","1","0","2","0","21.3"
"NJ","2025-12-14T00:00:00.000","10802","40635","74","5","11","1","26.6","329","25719","46","13","6","1","63.3","8564","1","0","0","0","21.1"
"NJ","2025-12-21T00:00:00.000","11001","40305","162","20","11","0","27.3","326","25750","100","46","27","12","63.9","8548","8","1","2","0","21.2"
"NJ","2025-12-28T00:00:00.000","10832","39780","191","30","8","4","27.2","324","25944","88","53","27","10","65.2","8609","7","2","0","0","21.6"
"NJ","2026-01-04T00:00:00.000","10935","40201","141","26","9","3","27.2","326","26092","205","126","44","26","64.9","8679","12","1","4","0","21.6"
"NJ","2026-01-11T00:00:00.000","10779","40114","150","9","11","0","26.9","324","26499","171","82","23","10","66.1","8611","10","1","2","0","21.5"
"NJ","2026-01-18T00:00:00.000","11057","40270","163","5","17","0","27.5","323","26277","132","53","18","10","65.3","8469","18","1","3","0","21.0"
"NJ","2026-01-25T00:00:00.000","10898","40095","185","6","12","1","27.2","318","26333","96","25","9","3","65.7","8483","16","0","3","0","21.2"
"NJ","2026-02-01T00:00:00.000","10909","40194","100","1","4","0","27.1","320","26593","69","20","5","3","66.2","8607","17","2","6","1","21.4"
"NJ","2026-02-08T00:00:00.000","11073","39872","143","9","8","0","27.8","318","26460","49","4","1","1","66.4","8601","17","1","4","0","21.6"
"NJ","2026-02-15T00:00:00.000","10984","38893","138","18","10","1","28.2","309","25662","42","5","1","0","66.0","8550","29","3","5","1","22.0"
"NJ","2026-02-22T00:00:00.000","10729","38833","152","21","9","1","27.6","309","25443","46","7","3","2","65.5","8483","22","3","4","2","21.8"
"NJ","2026-03-01T00:00:00.000","10908","38884","121","30","10","2","28.1","309","25733","6","5","0","0","66.2","8531","17","3","8","1","21.9"
"NJ","2026-03-08T00:00:00.000","10933","37804","72","9","10","2","28.9","301","24875","16","11","1","1","65.8","8339","18","2","8","1","22.1"
"NJ","2026-03-15T00:00:00.000","10506","36832","39","3","4","1","28.5","292","24017","7","2","2","1","65.2","7954","17","1","8","2","21.6"
"NJ","2026-03-22T00:00:00.000","9038","32222","55","4","5","1","28.0","264","21349","2","0","0","0","66.3","6951","11","0","0","0","21.6"
"NJ","2026-03-29T00:00:00.000","6806","22520","4","1","0","0","30.2","186","15216","0","0","0","0","67.6","5216","3","0","3","0","23.2"
"NM","2024-10-06T00:00:00.000","1089","5452","23","2","3","0","20.0","65",,,,,,,,,,,,
"NM","2024-10-13T00:00:00.000","1253","5516","25","1","2","0","22.7","66",,,,,,,,,,,,
"NM","2024-10-20T00:00:00.000","1333","5664","21","4","3","1","23.5","67",,,,,,,,,,,,
"NM","2024-10-27T00:00:00.000","1448","5537","12","1","0","0","26.2","66",,,,,,,,,,,,
"NM","2024-11-03T00:00:00.000","1341","5518","6","1","1","0","24.3","66",,,,,,,,,,,,
"NM","2024-11-10T00:00:00.000","1465","5578","11","3","3","1","26.3","66",,,,,,,,,,,,
"NM","2024-11-17T00:00:00.000","1440","5499","50","3","4","0","26.2","66",,,,,,,,,,,,
"NM","2024-11-24T00:00:00.000","1727","5453","92","12","1","0","31.7","65",,,,,,,,,,,,
"NM","2024-12-01T00:00:00.000","1803","5436","62","11","4","0","33.2","65",,,,,,,,,,,,
"NM","2024-12-08T00:00:00.000","1826","5380","72","23","2","0","33.9","64",,,,,,,,,,,,
"NM","2024-12-15T00:00:00.000","1931","5373","112","11","3","1","35.9","64",,,,,,,,,,,,
"NM","2024-12-22T00:00:00.000","1837","5415","121","4","6","0","33.9","64",,,,,,,,,,,,
"NM","2024-12-29T00:00:00.000","1816","5352","60","11","2","1","33.9","64",,,,,,,,,,,,
"NM","2025-01-05T00:00:00.000","1908","5444","15","3","3","1","35.0","65",,,,,,,,,,,,
"NM","2025-01-12T00:00:00.000","2040","5483","7","3","1","0","37.2","66","3036","6","4","0","0","55.4","883","1","1","0","0","16.1"
"NM","2025-01-19T00:00:00.000","2043","5557","6","2","1","0","36.8","66","3095","11","7","4","3","55.7","860","1","1","0","0","15.5"
"NM","2025-01-26T00:00:00.000","2018","5552","6","1","0","0","36.3","66","3228","10","9","2","2","58.1","885","1","1","0","0","15.9"
"NM","2025-02-02T00:00:00.000","2067","5590","3","1","1","0","37.0","66","3314","6","4","1","1","59.3","818","0","0","0","0","14.6"
"NM","2025-02-09T00:00:00.000","1954","5469","11","1","2","0","35.7","66","3246","6","1","2","0","59.4","825","5","0","0","0","15.1"
"NM","2025-02-16T00:00:00.000","2042","5581","9","6","1","0","36.6","66","3323","14","4","3","1","59.5","916","2","0","1","1","16.4"
"NM","2025-02-23T00:00:00.000","2101","5533","14","2","1","0","38.0","65","3255","7","4","3","0","58.8","851","2","0","0","0","15.4"
"NM","2025-03-02T00:00:00.000","2182","5607","2","0","0","0","38.9","66","3353","8","8","1","0","59.8","919","0","0","0","0","16.4"
"NM","2025-03-09T00:00:00.000","2217","5528","3","0","0","0","40.1","66","3408","2","2","3","2","61.6","929","0","0","0","0","16.8"
"NM","2025-03-16T00:00:00.000","2167","5496","2","1","0","0","39.4","66","3390","4","4","1","0","61.7","965","0","0","0","0","17.6"
"NM","2025-03-23T00:00:00.000","2210","5536","1","1","0","0","39.9","66","3460","1","0","0","0","62.5","971","1","0","0","0","17.5"
"NM","2025-03-30T00:00:00.000","2178","5520","3","2","1","0","39.5","65","3281","1","0","1","0","59.4","940","1","1","0","0","17.0"
"NM","2025-04-06T00:00:00.000","2064","5537","1","0","0","0","37.3","66","3173","0","0","0","0","57.3","951","0","0","0","0","17.2"
"NM","2025-04-13T00:00:00.000","2114","5560","0","0","0","0","38.0","66","3192","1","0","0","0","57.4","993","0","0","0","0","17.9"
"NM","2025-04-20T00:00:00.000","2106","5565","30","1","0","0","37.8","66","3226","2","2","1","1","58.0","1007","0","0","0","0","18.1"
"NM","2025-04-27T00:00:00.000","2037","5589","0","0","0","0","36.4","66","3153","0","0","0","0","56.4","1000","0","0","0","0","17.9"
"NM","2025-05-04T00:00:00.000","1919","5534","0","0","0","0","34.7","66","3216","0","0","0","0","58.1","988","0","0","0","0","17.9"
"NM","2025-05-11T00:00:00.000","1786","5436","1","0","0","0","32.9","65","3178","0","0","0","0","58.5","934","0","0","0","0","17.2"
"NM","2025-05-18T00:00:00.000","1705","5448","0","0","0","0","31.3","65","3114","0","0","0","0","57.2","950","0","0","0","0","17.4"
"NM","2025-05-25T00:00:00.000","1807","5459","0","0","0","0","33.1","65","3054","1","0","0","0","55.9","941","0","0","0","0","17.2"
"NM","2025-06-01T00:00:00.000","1809","5454","0","0","0","0","33.2","65","3039","0","0","0","0","55.7","975","0","0","0","0","17.9"
"NM","2025-06-08T00:00:00.000","1806","5471","3","1","0","0","33.0","65","3020","0","0","0","0","55.2","958","0","0","0","0","17.5"
"NM","2025-06-15T00:00:00.000","1820","5486","10","0","1","0","33.2","65","3115","0","0","0","0","56.8","1006","0","0","0","0","18.3"
"NM","2025-06-22T00:00:00.000","1808","5498","3","0","0","0","32.9","65","3105","0","0","0","0","56.5","1023","0","0","0","0","18.6"
"NM","2025-06-29T00:00:00.000","1772","5400","1","0","0","0","32.8","64","3057","0","0","0","0","56.6","955","0","0","0","0","17.7"
"NM","2025-07-06T00:00:00.000","1770","5530","0","0","0","0","32.0","65","0","0","0","0","0","0.0","1121","0","0","1","0","20.3"
"NM","2025-07-13T00:00:00.000","1708","5467","9","0","1","0","31.2","65","0","0","0","0","0","0.0","1072","0","0","0","0","19.6"
"NM","2025-07-20T00:00:00.000","1676","5466","26","0","0","0","30.7","65","0","0","0","0","0","0.0","1143","0","0","0","0","20.9"
"NM","2025-07-27T00:00:00.000","1659","5475","9","2","3","2","30.3","65","0","0","0","0","0","0.0","1124","0","0","0","0","20.5"
"NM","2025-08-03T00:00:00.000","1730","5570","33","28","0","0","31.1","66","939","0","0","0","0","16.9","1116","0","0","0","0","20.0"
"NM","2025-08-10T00:00:00.000","1751","5565","7","0","0","0","31.5","66","982","0","0","0","0","17.6","1077","0","0","0","0","19.4"
"NM","2025-08-17T00:00:00.000","1771","5607","14","1","1","0","31.6","66","867","0","0","0","0","15.5","1051","0","0","0","0","18.7"
"NM","2025-08-24T00:00:00.000","1726","5689","35","1","1","0","30.3","67","657","0","0","0","0","11.5","1033","0","0","0","0","18.2"
"NM","2025-08-31T00:00:00.000","1676","5544","24","4","5","1","30.2","65","826","1","0","1","0","14.9","1008","0","0","0","0","18.2"
"NM","2025-09-07T00:00:00.000","1634","5735","4","1","0","0","28.5","67","812","0","0","0","0","14.2","1026","0","0","0","0","17.9"
"NM","2025-09-14T00:00:00.000","1553","5645","20","3","0","0","27.5","66","802","1","0","0","0","14.2","1007","0","0","0","0","17.8"
"NM","2025-09-21T00:00:00.000","1603","5656","17","6","0","0","28.3","66","1037","0","0","0","0","18.3","1026","0","0","0","0","18.1"
"NM","2025-09-28T00:00:00.000","1492","5591","14","4","1","0","26.7","65","1135","0","0","0","0","20.3","1042","0","0","0","0","18.6"
"NM","2025-10-05T00:00:00.000","1490","5627","34","15","0","0","26.5","65","1495","0","0","0","0","26.6","1067","0","0","0","0","19.0"
"NM","2025-10-12T00:00:00.000","1703","5582","12","0","1","0","30.5","65","2076","0","0","0","0","37.2","1041","0","0","0","0","18.6"
"NM","2025-10-19T00:00:00.000","1681","5663","34","2","3","0","29.7","65","2208","0","0","0","0","39.0","982","0","0","0","0","17.3"
"NM","2025-10-26T00:00:00.000","1684","5716","16","0","0","0","29.5","65","2605","0","0","0","0","45.6","919","0","0","0","0","16.1"
"NM","2025-11-02T00:00:00.000","1839","5694","0","0","0","0","32.3","65","3030","0","0","0","0","53.2","925","0","0","0","0","16.2"
"NM","2025-11-09T00:00:00.000","1905","5673","2","1","0","0","33.6","65","3142","1","1","0","0","55.4","946","0","0","0","0","16.7"
"NM","2025-11-16T00:00:00.000","1651","5638","5","0","0","0","29.3","65","3159","0","0","0","0","56.0","907","0","0","0","0","16.1"
"NM","2025-11-23T00:00:00.000","1704","5642","4","0","0","0","30.2","65","3175","0","0","0","0","56.3","887","0","0","0","0","15.7"
"NM","2025-11-30T00:00:00.000","1743","5657","12","1","0","0","30.8","65","3237","0","0","0","0","57.2","865","0","0","0","0","15.3"
"NM","2025-12-07T00:00:00.000","1799","5547","43","9","2","0","32.4","64","3178","0","0","0","0","57.3","882","0","0","0","0","15.9"
"NM","2025-12-14T00:00:00.000","1730","5249","37","6","1","0","33.0","62","2730","0","0","0","0","52.0","851","0","0","0","0","16.2"
"NM","2025-12-21T00:00:00.000","1658","5145","39","2","0","0","32.2","62","2782","3","2","1","0","54.1","898","0","0","0","0","17.5"
"NM","2025-12-28T00:00:00.000","1667","5049","26","4","2","1","33.0","61","2948","6","2","0","0","58.4","965","0","0","0","0","19.1"
"NM","2026-01-04T00:00:00.000","1628","4940","56","8","3","0","33.0","60","2842","17","3","5","0","57.5","856","0","0","0","0","17.3"
"NM","2026-01-11T00:00:00.000","1672","5215","35","2","0","0","32.1","61","2905","16","4","3","0","55.7","704","2","0","1","0","13.5"
"NM","2026-01-18T00:00:00.000","1604","4907","17","1","1","0","32.7","59","2645","4","4","0","0","53.9","780","6","0","2","0","15.9"
"NM","2026-01-25T00:00:00.000","1639","4972","5","1","0","0","33.0","59","2738","15","1","2","0","55.1","734","1","0","1","0","14.8"
"NM","2026-02-01T00:00:00.000","1615","4844","4","1","0","0","33.3","58","2632","2","0","0","0","54.3","813","0","0","0","0","16.8"
"NM","2026-02-08T00:00:00.000","1641","4789","4","0","0","0","34.3","58","2645","5","2","1","1","55.2","761","0","0","0","0","15.9"
"NM","2026-02-15T00:00:00.000","1583","4883","1","0","1","0","32.4","58","2706","5","1","1","1","55.4","793","1","0","1","0","16.2"
"NM","2026-02-22T00:00:00.000","1753","4825","1","0","0","0","36.3","58","2637","1","0","0","0","54.7","810","0","0","0","0","16.8"
"NM","2026-03-01T00:00:00.000","1602","4681","6","0","1","0","34.2","56","2536","2","1","1","0","54.2","844","0","0","0","0","18.0"
"NM","2026-03-08T00:00:00.000","1666","4360","9","0","0","0","38.2","51","2433","7","4","3","2","55.8","833","1","0","1","0","19.1"
"NM","2026-03-15T00:00:00.000","1612","4185","5","0","1","0","38.5","48","2374","1","0","0","0","56.7","765","0","0","0","0","18.3"
"NM","2026-03-22T00:00:00.000","1412","3389","5","1","0","0","41.7","39","1895","1","0","0","0","55.9","644","1","0","0","0","19.0"
"NM","2026-03-29T00:00:00.000","587","1130","0","0","0","0","51.9","12","729","1","0","0","0","64.5","386","0","0","0","0","34.2"
"NV","2024-10-06T00:00:00.000","956","5966","37","0","4","0","16.0","64",,,,,,,,,,,,
"NV","2024-10-13T00:00:00.000","1189","5920","51","3","3","0","20.1","64",,,,,,,,,,,,
"NV","2024-10-20T00:00:00.000","1344","5979","32","1","2","0","22.5","64",,,,,,,,,,,,
"NV","2024-10-27T00:00:00.000","1433","6002","13","0","0","0","23.9","64",,,,,,,,,,,,
"NV","2024-11-03T00:00:00.000","1620","5954","17","0","0","0","27.2","64",,,,,,,,,,,,
"NV","2024-11-10T00:00:00.000","1707","5963","38","4","2","0","28.6","64",,,,,,,,,,,,
"NV","2024-11-17T00:00:00.000","1773","6009","25","4","1","0","29.5","64",,,,,,,,,,,,
"NV","2024-11-24T00:00:00.000","1861","5992","34","13","1","0","31.1","64",,,,,,,,,,,,
"NV","2024-12-01T00:00:00.000","1891","6031","71","10","2","1","31.4","63",,,,,,,,,,,,
"NV","2024-12-08T00:00:00.000","1896","6072","20","2","0","0","31.2","64",,,,,,,,,,,,
"NV","2024-12-15T00:00:00.000","1887","6082","17","11","2","0","31.0","64",,,,,,,,,,,,
"NV","2024-12-22T00:00:00.000","1925","6086","15","6","1","1","31.6","64",,,,,,,,,,,,
"NV","2024-12-29T00:00:00.000","1871","5839","8","3","0","0","32.0","63",,,,,,,,,,,,
"NV","2025-01-05T00:00:00.000","1902","6058","7","1","0","0","31.4","65",,,,,,,,,,,,
"NV","2025-01-12T00:00:00.000","1919","6101","8","0","0","0","31.5","65","2626","8","3","3","2","43.0","460","3","1","2","1","7.5"
"NV","2025-01-19T00:00:00.000","1932","6172","14","6","1","0","31.3","65","2723","8","2","3","2","44.1","513","2","0","0","0","8.3"
"NV","2025-01-26T00:00:00.000","1950","6175","5","1","1","0","31.6","65","2720","4","0","1","0","44.0","522","2","0","0","0","8.5"
"NV","2025-02-02T00:00:00.000","1983","6173","2","1","1","0","32.1","65","2818","11","3","4","1","45.7","529","4","1","0","0","8.6"
"NV","2025-02-09T00:00:00.000","1960","6138","0","0","1","0","31.9","65","2817","5","1","1","1","45.9","542","0","0","0","0","8.8"
"NV","2025-02-16T00:00:00.000","1921","6089","2","0","0","0","31.5","65","2862","6","2","2","0","47.0","738","0","0","0","0","12.1"
"NV","2025-02-23T00:00:00.000","1986","6146","1","1","0","0","32.3","65","2958","3","1","2","1","48.1","677","6","0","0","0","11.0"
"NV","2025-03-02T00:00:00.000","2010","6171","5","1","0","0","32.6","65","2948","25","17","0","0","47.8","658","18","0","1","0","10.7"
"NV","2025-03-09T00:00:00.000","2013","6180","4","0","2","0","32.6","65","2992","0","0","0","0","48.4","732","10","0","0","0","11.8"
"NV","2025-03-16T00:00:00.000","1973","6209","6","3","0","0","31.8","65","3081","0","0","0","0","49.6","773","6","0","0","0","12.4"
"NV","2025-03-23T00:00:00.000","2050","6214","14","2","1","1","33.0","65","3087","1","0","0","0","49.7","800","17","0","0","0","12.9"
"NV","2025-03-30T00:00:00.000","1995","6155","8","3","0","0","32.4","64","3011","1","0","1","0","48.9","827","1","0","0","0","13.4"
"NV","2025-04-06T00:00:00.000","2050","6192","0","0","0","0","33.1","64","3093","0","0","0","0","50.0","853","1","0","1","0","13.8"
"NV","2025-04-13T00:00:00.000","2044","6236","1","0","0","0","32.8","65","3153","0","0","0","0","50.6","876","0","0","0","0","14.0"
"NV","2025-04-20T00:00:00.000","2025","6156","0","0","0","0","32.9","64","3120","1","0","0","0","50.7","738","0","0","0","0","12.0"
"NV","2025-04-27T00:00:00.000","2032","6233","0","0","0","0","32.6","65","3127","2","2","0","0","50.2","837","0","0","0","0","13.4"
"NV","2025-05-04T00:00:00.000","1928","6227","3","1","1","0","31.0","65","3074","0","0","0","0","49.4","855","0","0","0","0","13.7"
"NV","2025-05-11T00:00:00.000","1913","6236","12","2","1","0","30.7","65","3037","0","0","0","0","48.7","867","0","0","0","0","13.9"
"NV","2025-05-18T00:00:00.000","1811","6270","43","4","3","0","28.9","65","3111","0","0","0","0","49.6","868","0","0","0","0","13.8"
"NV","2025-05-25T00:00:00.000","1790","6282","42","3","1","0","28.5","65","3106","0","0","0","0","49.4","846","1","0","1","0","13.5"
"NV","2025-06-01T00:00:00.000","1752","6321","16","3","3","0","27.7","65","3105","1","0","1","0","49.1","853","1","0","1","0","13.5"
"NV","2025-06-08T00:00:00.000","1842","6288","9","1","0","0","29.3","65","3060","0","0","0","0","48.7","932","0","0","0","0","14.8"
"NV","2025-06-15T00:00:00.000","1831","6286","16","3","0","0","29.1","65","3095","0","0","0","0","49.2","789","0","0","0","0","12.6"
"NV","2025-06-22T00:00:00.000","1852","6331","4","0","0","0","29.3","65","3087","0","0","0","0","48.8","769","0","0","0","0","12.1"
"NV","2025-06-29T00:00:00.000","1771","6032","6","1","2","0","29.4","64","2847","0","0","0","0","47.2","766","0","0","0","0","12.7"
"NV","2025-07-06T00:00:00.000","1957","6263","18","3","0","0","31.2","65","0","0","0","0","0","0.0","1117","0","0","0","0","17.8"
"NV","2025-07-13T00:00:00.000","1788","6229","6","0","0","0","28.7","65","0","0","0","0","0","0.0","879","0","0","0","0","14.1"
"NV","2025-07-20T00:00:00.000","1806","6252","1","0","0","0","28.9","65","0","0","0","0","0","0.0","914","0","0","0","0","14.6"
"NV","2025-07-27T00:00:00.000","1863","6329","12","3","1","0","29.4","65","0","0","0","0","0","0.0","897","0","0","0","0","14.2"
"NV","2025-08-03T00:00:00.000","1931","6289","17","1","0","0","30.7","65","1016","0","0","0","0","16.2","901","0","0","0","0","14.3"
"NV","2025-08-10T00:00:00.000","2026","6203","21","6","4","1","32.7","64","1078","0","0","0","0","17.4","919","0","0","0","0","14.8"
"NV","2025-08-17T00:00:00.000","1959","6192","17","1","0","0","31.6","64","1006","0","0","0","0","16.2","902","0","0","0","0","14.6"
"NV","2025-08-24T00:00:00.000","1950","6106","31","1","2","0","31.9","63","988","0","0","0","0","16.2","858","0","0","0","0","14.1"
"NV","2025-08-31T00:00:00.000","1923","6218","27","4","0","0","30.9","64","984","0","0","0","0","15.8","874","0","0","0","0","14.1"
"NV","2025-09-07T00:00:00.000","1874","6174","7","0","3","0","30.4","64","910","0","0","0","0","14.7","848","0","0","0","0","13.7"
"NV","2025-09-14T00:00:00.000","1922","6198","8","0","1","0","31.0","64","1063","0","0","1","0","17.2","855","0","0","0","0","13.8"
"NV","2025-09-21T00:00:00.000","1789","6213","10","0","0","0","28.8","64","926","0","0","0","0","14.9","897","0","0","0","0","14.4"
"NV","2025-09-28T00:00:00.000","1896","6083","12","1","0","0","31.2","64","1346","2","0","0","0","22.1","880","0","0","0","0","14.5"
"NV","2025-10-05T00:00:00.000","1761","5972","6","0","2","0","29.5","62","1534","0","0","0","0","25.7","875","0","0","0","0","14.7"
"NV","2025-10-12T00:00:00.000","1766","5960","13","0","0","0","29.6","62","1600","0","0","9","9","26.8","942","0","0","9","0","15.8"
"NV","2025-10-19T00:00:00.000","1794","5862","24","3","1","0","30.6","61","1868","8","0","0","0","31.9","871","0","0","0","0","14.9"
"NV","2025-10-26T00:00:00.000","1764","5863","0","0","0","0","30.1","60","2029","0","0","0","0","34.6","902","0","0","0","0","15.4"
"NV","2025-11-02T00:00:00.000","1815","5845","1","0","0","0","31.1","60","2206","0","0","1","0","37.7","885","0","0","0","0","15.1"
"NV","2025-11-09T00:00:00.000","1840","5819","1","0","0","0","31.6","60","2260","0","0","0","0","38.8","847","1","0","1","0","14.6"
"NV","2025-11-16T00:00:00.000","1835","5867","1","0","0","0","31.3","60","2292","0","0","0","0","39.1","907","0","0","0","0","15.5"
"NV","2025-11-23T00:00:00.000","1760","5786","1","1","0","0","30.4","59","2371","0","0","0","0","41.0","904","2","0","1","0","15.6"
"NV","2025-11-30T00:00:00.000","1769","5775","0","0","0","0","30.6","59","2292","0","0","0","0","39.7","907","1","0","1","0","15.7"
"NV","2025-12-07T00:00:00.000","1785","5711","1","0","0","0","31.3","59","2390","0","0","0","0","41.8","910","0","0","0","0","15.9"
"NV","2025-12-14T00:00:00.000","1867","5826","0","0","0","0","32.0","60","2524","0","0","0","0","43.3","910","0","0","0","0","15.6"
"NV","2025-12-21T00:00:00.000","1801","5943","2","1","0","0","30.3","61","2611","1","0","2","0","43.9","941","0","0","0","0","15.8"
"NV","2025-12-28T00:00:00.000","1841","5809","15","5","0","0","31.7","60","2531","2","2","0","0","43.6","926","0","0","0","0","15.9"
"NV","2026-01-04T00:00:00.000","1582","5458","15","6","0","0","29.0","58","2542","13","9","2","2","46.6","899","0","0","0","0","16.5"
"NV","2026-01-11T00:00:00.000","1762","5728","27","7","0","0","30.8","59","2537","8","3","1","0","44.3","923","0","0","0","0","16.1"
"NV","2026-01-18T00:00:00.000","1777","5905","4","2","0","0","30.1","59","2582","28","16","4","2","43.7","934","0","0","0","0","15.8"
"NV","2026-01-25T00:00:00.000","1755","5696","1","0","0","0","30.8","58","2633","6","4","1","1","46.2","898","1","0","1","0","15.8"
"NV","2026-02-01T00:00:00.000","1771","5939","0","0","0","0","29.8","61","2679","15","9","4","3","45.1","946","0","0","0","0","15.9"
"NV","2026-02-08T00:00:00.000","1713","5723","10","0","0","0","29.9","59","2559","5","0","1","0","44.7","926","0","0","0","0","16.2"
"NV","2026-02-15T00:00:00.000","1765","5898","0","0","0","0","29.9","61","2662","0","0","0","0","45.1","968","0","0","1","0","16.4"
"NV","2026-02-22T00:00:00.000","1648","5617","0","0","0","0","29.3","58","2655","0","0","0","0","47.3","991","1","0","0","0","17.6"
"NV","2026-03-01T00:00:00.000","1664","5806","0","0","0","0","28.7","59","2692","0","0","0","0","46.4","969","1","0","0","0","16.7"
"NV","2026-03-08T00:00:00.000","1671","5651","0","0","0","0","29.6","57","2635","1","0","1","0","46.6","1000","0","0","0","0","17.7"
"NV","2026-03-15T00:00:00.000","1573","5337","1","0","1","0","29.5","56","2641","1","0","0","0","49.5","999","0","0","0","0","18.7"
"NV","2026-03-22T00:00:00.000","1456","4907","2","0","0","0","29.7","50","2470","2","0","2","0","50.3","883","0","0","0","0","18.0"
"NV","2026-03-29T00:00:00.000","953","3471","0","0","0","0","27.5","35","1653","0","0","0","0","47.6","612","0","0","0","0","17.6"
"NY","2024-10-06T00:00:00.000","17136","96870","373","56","20","3","17.7","586",,,,,,,,,,,,
"NY","2024-10-13T00:00:00.000","19811","97516","292","40","22","0","20.3","587",,,,,,,,,,,,
"NY","2024-10-20T00:00:00.000","22815","97554","320","45","26","1","23.4","586",,,,,,,,,,,,
"NY","2024-10-27T00:00:00.000","26226","97061","429","62","23","5","27.0","584",,,,,,,,,,,,
"NY","2024-11-03T00:00:00.000","29515","98031","424","84","27","5","30.1","589",,,,,,,,,,,,
"NY","2024-11-10T00:00:00.000","31950","97851","247","41","21","1","32.7","588",,,,,,,,,,,,
"NY","2024-11-17T00:00:00.000","34078","97379","170","31","14","4","35.0","585",,,,,,,,,,,,
"NY","2024-11-24T00:00:00.000","35835","97481","235","41","9","0","36.8","586",,,,,,,,,,,,
"NY","2024-12-01T00:00:00.000","37012","97180","236","58","16","8","38.1","586",,,,,,,,,,,,
"NY","2024-12-08T00:00:00.000","38975","97082","304","72","18","4","40.1","585",,,,,,,,,,,,
"NY","2024-12-15T00:00:00.000","40221","97345","232","64","21","6","41.3","585",,,,,,,,,,,,
"NY","2024-12-22T00:00:00.000","40261","97110","345","93","18","4","41.5","582",,,,,,,,,,,,
"NY","2024-12-29T00:00:00.000","40031","95779","366","128","15","4","41.8","578",,,,,,,,,,,,
"NY","2025-01-05T00:00:00.000","42908","96936","429","145","26","5","44.3","586",,,,,,,,,,,,
"NY","2025-01-12T00:00:00.000","43457","97684","538","160","21","7","44.5","584","61022","239","116","27","14","62.5","18806","86","9","12","3","19.3"
"NY","2025-01-19T00:00:00.000","44135","97968","437","130","34","9","45.1","583","62214","284","148","29","17","63.5","19000","63","9","4","1","19.4"
"NY","2025-01-26T00:00:00.000","43901","97773","337","101","32","10","44.9","581","62044","319","161","40","20","63.5","19394","59","7","3","0","19.8"
"NY","2025-02-02T00:00:00.000","44103","97825","459","104","25","5","45.1","580","63270","404","212","39","20","64.7","19495","51","11","5","1","19.9"
"NY","2025-02-09T00:00:00.000","45215","97824","354","71","17","6","46.2","579","63514","297","191","33","15","64.9","20149","41","7","6","0","20.6"
"NY","2025-02-16T00:00:00.000","46249","97786","397","115","34","13","47.3","578","63281","281","177","52","37","64.7","20373","53","11","11","2","20.8"
"NY","2025-02-23T00:00:00.000","46231","97899","431","124","22","6","47.2","580","63991","231","154","29","13","65.4","20698","49","12","5","1","21.1"
"NY","2025-03-02T00:00:00.000","46425","97802","402","109","20","3","47.5","579","64222","186","112","20","11","65.7","21177","46","6","7","1","21.7"
"NY","2025-03-09T00:00:00.000","46882","97694","326","90","13","5","48.0","579","64002","139","87","13","9","65.5","21335","38","3","6","0","21.8"
"NY","2025-03-16T00:00:00.000","46709","97950","279","80","14","5","47.7","580","63841","156","90","11","3","65.2","21569","27","5","7","0","22.0"
"NY","2025-03-23T00:00:00.000","46696","97767","232","60","13","1","47.8","580","64324","129","79","25","16","65.8","21739","21","3","1","0","22.2"
"NY","2025-03-30T00:00:00.000","45580","97101","246","78","16","3","46.9","573","63661","69","31","11","7","65.6","21691","16","2","3","0","22.3"
"NY","2025-04-06T00:00:00.000","45076","97442","389","114","18","3","46.3","577","64160","48","33","5","4","65.8","22004","19","5","5","0","22.6"
"NY","2025-04-13T00:00:00.000","44019","97376","260","72","17","5","45.2","577","63594","54","41","4","2","65.3","21753","10","0","3","0","22.3"
"NY","2025-04-20T00:00:00.000","42676","96694","192","59","12","2","44.1","576","63179","59","36","5","2","65.3","21706","16","5","3","0","22.4"
"NY","2025-04-27T00:00:00.000","41834","95904","214","59","12","5","43.6","572","62932","35","19","4","3","65.6","21604","4","2","2","2","22.5"
"NY","2025-05-04T00:00:00.000","41909","96686","172","43","15","3","43.3","575","63389","8","2","1","0","65.6","22103","1","0","1","0","22.9"
"NY","2025-05-11T00:00:00.000","41702","96682","151","45","10","2","43.1","578","63357","11","10","3","3","65.5","21827","4","0","0","0","22.6"
"NY","2025-05-18T00:00:00.000","41508","96855","123","32","12","4","42.9","579","62794","1","0","0","0","64.8","22150","4","0","1","0","22.9"
"NY","2025-05-25T00:00:00.000","40981","96564","93","34","9","1","42.4","574","62667","1","1","1","1","64.9","21642","3","1","1","0","22.4"
"NY","2025-06-01T00:00:00.000","41270","96168","163","57","5","1","42.9","574","62432","2","0","0","0","64.9","22001","1","0","0","0","22.9"
"NY","2025-06-08T00:00:00.000","40818","96458","90","28","11","0","42.3","575","62601","3","2","0","0","64.9","22117","6","4","1","0","22.9"
"NY","2025-06-15T00:00:00.000","40804","95913","65","27","8","1","42.5","574","62005","2","0","0","0","64.6","21542","11","1","2","0","22.5"
"NY","2025-06-22T00:00:00.000","40694","95745","70","16","6","1","42.5","574","61203","0","0","0","0","63.9","21766","0","0","1","0","22.7"
"NY","2025-06-29T00:00:00.000","40285","94901","69","18","9","2","42.4","566","59725","0","0","0","0","62.9","21396","0","0","0","0","22.5"
"NY","2025-07-06T00:00:00.000","40586","95896","91","13","5","1","42.3","571","0","1","0","0","0","0.0","23551","6","0","0","0","24.6"
"NY","2025-07-13T00:00:00.000","40755","95929","86","15","10","1","42.5","572","0","0","0","0","0","0.0","22627","1","0","0","0","23.6"
"NY","2025-07-20T00:00:00.000","40189","95861","64","23","7","0","41.9","569","0","0","0","0","0","0.0","22122","0","0","0","0","23.1"
"NY","2025-07-27T00:00:00.000","40463","96203","54","20","4","0","42.1","571","0","0","0","0","0","0.0","21845","0","0","0","0","22.7"
"NY","2025-08-03T00:00:00.000","39692","95852","168","47","8","1","41.4","568","14606","0","0","0","0","15.2","21640","0","0","0","0","22.6"
"NY","2025-08-10T00:00:00.000","39745","95669","157","36","5","0","41.5","567","13411","0","0","0","0","14.0","21868","0","0","0","0","22.9"
"NY","2025-08-17T00:00:00.000","39366","95351","138","30","13","2","41.3","566","12703","1","0","0","0","13.3","21861","0","0","0","0","22.9"
"NY","2025-08-24T00:00:00.000","38800","95181","169","33","5","1","40.8","564","12327","2","0","0","0","13.0","21736","1","1","0","0","22.8"
"NY","2025-08-31T00:00:00.000","38689","95430","136","40","7","0","40.5","566","11724","0","0","0","0","12.3","21661","0","0","0","0","22.7"
"NY","2025-09-07T00:00:00.000","38060","95013","156","47","5","1","40.1","564","11770","12","1","0","0","12.4","21659","0","0","0","0","22.8"
"NY","2025-09-14T00:00:00.000","37362","95340","249","50","10","3","39.2","566","12624","0","0","0","0","13.2","21662","0","0","0","0","22.7"
"NY","2025-09-21T00:00:00.000","36335","95248","275","76","18","8","38.1","564","15772","21","21","0","0","16.6","21485","0","0","0","0","22.6"
"NY","2025-09-28T00:00:00.000","35259","95171","222","56","14","2","37.0","563","19033","30","25","0","0","20.0","21551","0","0","0","0","22.6"
"NY","2025-10-05T00:00:00.000","34116","94667","231","38","9","3","36.0","559","23277","21","21","0","0","24.6","21768","0","0","0","0","23.0"
"NY","2025-10-12T00:00:00.000","32832","93580","255","51","14","3","35.1","554","30057","21","21","0","0","32.1","21247","0","0","0","0","22.7"
"NY","2025-10-19T00:00:00.000","33077","93122","152","28","10","2","35.5","549","38645","23","22","0","0","41.5","21083","0","0","0","0","22.6"
"NY","2025-10-26T00:00:00.000","33487","93582","95","11","9","0","35.8","551","43268","21","21","0","0","46.2","20967","2","2","0","0","22.4"
"NY","2025-11-02T00:00:00.000","34688","94005","157","28","11","6","36.9","554","46776","1","0","2","2","49.8","21169","2","2","2","2","22.5"
"NY","2025-11-09T00:00:00.000","35976","94280","165","34","8","2","38.2","556","49504","4","2","0","0","52.5","21319","1","0","0","0","22.6"
"NY","2025-11-16T00:00:00.000","34313","93648","246","25","18","1","36.6","551","54121","2","1","0","0","57.8","20917","1","0","0","0","22.3"
"NY","2025-11-23T00:00:00.000","34901","93848","145","19","10","1","37.2","553","55271","30","20","2","1","58.9","21200","2","1","2","0","22.6"
"NY","2025-11-30T00:00:00.000","35466","93140","128","24","5","3","38.1","550","55351","24","16","3","2","59.4","21134","4","2","1","0","22.7"
"NY","2025-12-07T00:00:00.000","35872","93344","112","14","4","1","38.4","551","55733","75","49","9","6","59.7","21582","5","0","3","1","23.1"
"NY","2025-12-14T00:00:00.000","36356","93691","356","83","9","2","38.8","553","56278","109","70","12","7","60.1","21643","183","3","2","0","23.1"
"NY","2025-12-21T00:00:00.000","35499","93042","265","73","11","3","38.2","547","55530","270","156","36","21","59.7","21894","8","3","2","2","23.5"
"NY","2025-12-28T00:00:00.000","35534","92966","261","73","17","2","38.2","550","55588","335","191","39","21","59.8","21755","21","4","2","0","23.4"
"NY","2026-01-04T00:00:00.000","35233","91875","276","73","16","4","38.3","542","55699","434","232","63","39","60.6","21394","27","9","2","2","23.3"
"NY","2026-01-11T00:00:00.000","35595","91543","198","52","21","1","38.9","537","55271","405","228","61","32","60.4","21494","245","8","6","0","23.5"
"NY","2026-01-18T00:00:00.000","35664","92168","180","49","11","1","38.7","539","55657","207","124","36","12","60.4","21530","57","7","6","2","23.4"
"NY","2026-01-25T00:00:00.000","35496","91560","249","89","12","2","38.8","532","54737","123","58","20","11","59.8","21636","66","10","12","2","23.6"
"NY","2026-02-01T00:00:00.000","35353","91255","174","61","10","3","38.7","532","54506","87","43","7","3","59.7","21310","40","7","3","0","23.4"
"NY","2026-02-08T00:00:00.000","34677","84481","195","48","13","4","41.0","492","55103","47","23","10","4","65.2","21241","50","3","4","0","25.1"
"NY","2026-02-15T00:00:00.000","34016","83099","110","33","9","1","40.9","486","54015","37","22","2","2","65.0","21084","69","6","9","0","25.4"
"NY","2026-02-22T00:00:00.000","33525","81710","121","28","6","0","41.0","479","53507","14","3","2","0","65.5","20650","55","8","10","0","25.3"
"NY","2026-03-01T00:00:00.000","33741","82426","178","55","11","2","40.9","483","54066","20","11","5","1","65.6","20794","46","12","3","2","25.2"
"NY","2026-03-08T00:00:00.000","33233","81778","214","61","8","2","40.6","477","53355","26","17","3","0","65.2","20911","57","9","2","0","25.6"
"NY","2026-03-15T00:00:00.000","32309","86432","132","48","9","1","37.4","501","51942","14","3","4","0","60.1","20236","54","5","8","0","23.4"
"NY","2026-03-22T00:00:00.000","30485","82087","97","25","1","0","37.1","480","49147","2","1","1","0","59.9","19123","47","3","9","0","23.3"
"NY","2026-03-29T00:00:00.000","20590","49852","134","46","7","4","41.3","291","32427","1","0","0","0","65.0","12792","30","4","5","2","25.7"
"OH","2024-10-06T00:00:00.000","7305","66826","398","11","25","0","10.9","889",,,,,,,,,,,,
"OH","2024-10-13T00:00:00.000","8857","66345","316","8","23","1","13.3","885",,,,,,,,,,,,
"OH","2024-10-20T00:00:00.000","11395","66748","272","4","15","1","17.1","889",,,,,,,,,,,,
"OH","2024-10-27T00:00:00.000","14037","66934","311","28","10","0","21.0","892",,,,,,,,,,,,
"OH","2024-11-03T00:00:00.000","16671","67035","321","37","22","4","24.9","893",,,,,,,,,,,,
"OH","2024-11-10T00:00:00.000","18422","67127","293","29","17","2","27.4","894",,,,,,,,,,,,
"OH","2024-11-17T00:00:00.000","19888","67047","223","32","9","1","29.7","894",,,,,,,,,,,,
"OH","2024-11-24T00:00:00.000","20667","66997","285","40","9","1","30.8","892",,,,,,,,,,,,
"OH","2024-12-01T00:00:00.000","21606","66838","234","34","12","3","32.3","894",,,,,,,,,,,,
"OH","2024-12-08T00:00:00.000","22175","66672","293","77","16","1","33.3","891",,,,,,,,,,,,
"OH","2024-12-15T00:00:00.000","22656","66915","398","99","24","6","33.9","891",,,,,,,,,,,,
"OH","2024-12-22T00:00:00.000","23301","66979","518","103","25","6","34.8","890",,,,,,,,,,,,
"OH","2024-12-29T00:00:00.000","23493","66496","541","126","32","5","35.3","890",,,,,,,,,,,,
"OH","2025-01-05T00:00:00.000","24183","66655","710","217","34","4","36.3","894",,,,,,,,,,,,
"OH","2025-01-12T00:00:00.000","24351","66506","562","153","41","7","36.6","885","37474","40","23","24","13","56.3","12013","16","1","9","1","18.1"
"OH","2025-01-19T00:00:00.000","24143","66630","557","119","23","2","36.2","882","37613","93","35","28","8","56.5","12412","39","2","12","0","18.6"
"OH","2025-01-26T00:00:00.000","24610","67001","530","127","38","9","36.7","882","36812","144","67","43","17","54.9","12340","31","3","10","3","18.4"
"OH","2025-02-02T00:00:00.000","24572","66730","384","84","33","6","36.8","879","37424","227","105","57","26","56.1","12539","38","4","8","0","18.8"
"OH","2025-02-09T00:00:00.000","24777","66902","281","94","24","5","37.0","882","37550","274","129","76","33","56.1","12984","28","3","8","2","19.4"
"OH","2025-02-16T00:00:00.000","24721","67064","306","72","16","2","36.9","883","37715","364","172","73","30","56.2","13194","28","1","6","1","19.7"
"OH","2025-02-23T00:00:00.000","24791","66888","265","62","30","11","37.1","880","37496","298","156","78","32","56.1","13305","21","0","9","0","19.9"
"OH","2025-03-02T00:00:00.000","24712","66753","244","67","12","2","37.0","875","37124","295","147","63","30","55.6","13417","19","4","7","0","20.1"
"OH","2025-03-09T00:00:00.000","24773","66679","149","49","11","2","37.2","877","37217","133","71","32","16","55.8","13485","10","1","5","0","20.2"
"OH","2025-03-16T00:00:00.000","24737","66502","147","26","15","5","37.2","875","37309","96","37","24","9","56.1","13670","12","2","1","0","20.6"
"OH","2025-03-23T00:00:00.000","24918","66345","133","39","14","2","37.6","876","37357","123","58","20","9","56.3","13925","4","0","0","0","21.0"
"OH","2025-03-30T00:00:00.000","24537","66172","125","26","9","1","37.1","874","37426","38","15","7","4","56.6","14087","1","0","1","0","21.3"
"OH","2025-04-06T00:00:00.000","24239","66119","131","14","8","1","36.7","875","37374","17","12","3","3","56.5","13913","2","0","2","0","21.0"
"OH","2025-04-13T00:00:00.000","23751","66101","76","7","5","1","35.9","875","37016","5","1","1","0","56.0","13829","8","0","0","0","20.9"
"OH","2025-04-20T00:00:00.000","23333","66103","121","8","9","0","35.3","876","37071","8","2","4","0","56.1","14210","4","0","2","0","21.5"
"OH","2025-04-27T00:00:00.000","22382","66127","107","13","7","1","33.8","876","36800","7","5","2","0","55.7","14012","1","0","1","0","21.2"
"OH","2025-05-04T00:00:00.000","21892","66299","39","11","5","1","33.0","877","36708","20","2","1","0","55.4","14028","0","0","0","0","21.2"
"OH","2025-05-11T00:00:00.000","21064","65592","39","4","5","0","32.1","871","36350","6","2","4","2","55.4","14083","1","0","1","0","21.5"
"OH","2025-05-18T00:00:00.000","20765","65447","45","5","2","0","31.7","869","35899","17","1","0","0","54.9","13902","1","0","0","0","21.2"
"OH","2025-05-25T00:00:00.000","20561","65407","13","1","1","0","31.4","867","35782","2","0","0","0","54.7","13977","1","0","2","0","21.4"
"OH","2025-06-01T00:00:00.000","20269","64901","13","2","1","0","31.2","867","35349","1","0","2","0","54.5","13906","1","1","0","0","21.4"
"OH","2025-06-08T00:00:00.000","20271","64836","45","9","5","0","31.3","865","35212","3","1","1","0","54.3","13580","0","0","0","0","20.9"
"OH","2025-06-15T00:00:00.000","20573","65319","15","2","1","0","31.5","866","35244","0","0","0","0","54.0","13477","2","1","0","0","20.6"
"OH","2025-06-22T00:00:00.000","20281","65637","33","1","1","0","30.9","869","34232","0","0","0","0","52.2","13399","0","0","0","0","20.4"
"OH","2025-06-29T00:00:00.000","20282","65010","25","1","1","0","31.2","858","34494","0","0","0","0","53.1","13449","2","2","0","0","20.7"
"OH","2025-07-06T00:00:00.000","20410","65356","148","1","0","0","31.2","863","0","21","0","0","0","0.0","14544","0","0","0","0","22.3"
"OH","2025-07-13T00:00:00.000","19869","65448","115","2","2","0","30.4","865","0","0","0","0","0","0.0","13919","0","0","0","0","21.3"
"OH","2025-07-20T00:00:00.000","19601","65702","123","4","3","0","29.8","867","0","1","0","2","0","0.0","14001","0","0","2","0","21.3"
"OH","2025-07-27T00:00:00.000","19491","65492","108","16","0","0","29.8","864","0","0","0","0","0","0.0","13994","0","0","0","0","21.4"
"OH","2025-08-03T00:00:00.000","19296","65897","45","14","2","0","29.3","869","9494","0","0","0","0","14.4","13516","0","0","0","0","20.5"
"OH","2025-08-10T00:00:00.000","18854","65379","97","17","3","0","28.8","862","9676","0","0","0","0","14.8","13480","0","0","0","0","20.6"
"OH","2025-08-17T00:00:00.000","18883","65655","83","12","2","1","28.8","864","9430","0","0","0","0","14.4","13539","0","0","0","0","20.6"
"OH","2025-08-24T00:00:00.000","18659","68394","75","6","3","0","27.3","865","8728","2","0","0","0","12.8","13479","0","0","0","0","19.7"
"OH","2025-08-31T00:00:00.000","18352","65171","88","11","6","0","28.2","856","8714","68","0","0","0","13.4","13309","1","0","0","0","20.4"
"OH","2025-09-07T00:00:00.000","18418","65262","129","9","15","0","28.2","861","8213","0","0","0","0","12.6","13412","0","0","0","0","20.6"
"OH","2025-09-14T00:00:00.000","18041","65635","145","8","5","0","27.5","867","8467","5","0","0","0","12.9","13292","1","0","0","0","20.3"
"OH","2025-09-21T00:00:00.000","17537","65442","191","28","3","1","26.8","862","8927","1","0","0","0","13.6","13160","0","0","0","0","20.1"
"OH","2025-09-28T00:00:00.000","17252","65801","140","8","5","0","26.2","862","9364","3","0","0","0","14.2","13004","2","0","11","0","19.8"
"OH","2025-10-05T00:00:00.000","16153","65106","127","9","5","1","24.8","853","12186","4","0","0","0","18.7","12826","0","0","0","0","19.7"
"OH","2025-10-12T00:00:00.000","16268","65167","72","11","6","1","25.0","856","18277","2","0","0","0","28.0","12847","0","0","0","0","19.7"
"OH","2025-10-19T00:00:00.000","15687","65234","109","9","10","1","24.0","854","22899","1","0","0","0","35.1","12926","0","0","0","0","19.8"
"OH","2025-10-26T00:00:00.000","16121","64938","79","27","1","0","24.8","852","26487","3","0","0","0","40.8","13087","0","0","0","0","20.2"
"OH","2025-11-02T00:00:00.000","16698","65079","96","9","10","1","25.7","852","28796","31","0","0","0","44.2","13210","1","0","0","0","20.3"
"OH","2025-11-09T00:00:00.000","17226","64652","121","18","8","1","26.6","847","29869","0","0","0","0","46.2","13188","0","0","0","0","20.4"
"OH","2025-11-16T00:00:00.000","18078","65024","168","24","13","2","27.8","854","31351","2","1","0","0","48.2","13497","0","0","0","0","20.8"
"OH","2025-11-23T00:00:00.000","18470","64586","168","24","12","3","28.6","849","31967","2","0","1","0","49.5","13673","0","0","0","0","21.2"
"OH","2025-11-30T00:00:00.000","18602","64197","204","12","8","1","29.0","844","32518","3","1","3","2","50.7","13537","0","0","0","0","21.1"
"OH","2025-12-07T00:00:00.000","18779","64079","204","12","11","1","29.3","845","32650","13","4","2","0","51.0","13541","5","1","3","1","21.1"
"OH","2025-12-14T00:00:00.000","19224","64427","345","46","7","1","29.8","845","32966","13","9","6","3","51.2","13396","0","0","1","1","20.8"
"OH","2025-12-21T00:00:00.000","19627","64471","408","64","19","2","30.4","849","32998","19","8","6","2","51.2","13599","1","0","0","0","21.1"
"OH","2025-12-28T00:00:00.000","19326","63538","419","53","33","6","30.4","838","32558","75","41","17","5","51.2","13675","2","1","0","0","21.5"
"OH","2026-01-04T00:00:00.000","19416","63565","500","60","32","2","30.5","841","32898","153","67","34","14","51.8","13595","2","1","3","0","21.4"
"OH","2026-01-11T00:00:00.000","19313","63161","429","58","22","3","30.6","832","32509","146","77","32","16","51.5","13562","17","0","4","0","21.5"
"OH","2026-01-18T00:00:00.000","19458","63635","426","68","26","5","30.6","834","32633","70","46","24","12","51.3","13744","14","2","10","2","21.6"
"OH","2026-01-25T00:00:00.000","19262","63368","375","56","28","2","30.4","831","32564","65","32","13","8","51.4","13803","11","2","5","2","21.8"
"OH","2026-02-01T00:00:00.000","19794","63084","361","43","28","5","31.4","823","32751","52","24","8","3","51.9","13719","23","3","6","1","21.7"
"OH","2026-02-08T00:00:00.000","19926","63510","271","52","20","4","31.4","828","32690","71","27","8","2","51.5","13855","13","0","3","0","21.8"
"OH","2026-02-15T00:00:00.000","19676","63491","203","25","18","0","31.0","826","32719","27","14","4","1","51.5","14080","17","3","7","1","22.2"
"OH","2026-02-22T00:00:00.000","19582","63602","105","13","6","1","30.8","815","32075","29","6","2","1","50.4","13804","22","1","6","0","21.7"
"OH","2026-03-01T00:00:00.000","19943","62422","173","22","7","0","31.9","808","32050","20","9","7","2","51.3","13736","14","0","9","0","22.0"
"OH","2026-03-08T00:00:00.000","19409","60761","166","24","6","1","31.9","785","31353","27","18","5","2","51.6","13622","17","3","9","1","22.4"
"OH","2026-03-15T00:00:00.000","18708","58860","67","14","7","4","31.8","760","30395","13","10","62","2","51.6","13160","16","1","5","0","22.4"
"OH","2026-03-22T00:00:00.000","17691","55401","58","6","9","0","31.9","717","28456","6","2","3","3","51.4","12428","16","5","7","2","22.4"
"OH","2026-03-29T00:00:00.000","10966","34376","18","2","0","0","31.9","435","16788","3","1","1","1","48.8","7662","8","1","3","1","22.3"
"OK","2024-10-06T00:00:00.000","2371","16960","90","2","12","1","14.0","276",,,,,,,,,,,,
"OK","2024-10-13T00:00:00.000","2552","16746","52","0","5","0","15.2","272",,,,,,,,,,,,
"OK","2024-10-20T00:00:00.000","3156","16706","46","2","4","1","18.9","269",,,,,,,,,,,,
"OK","2024-10-27T00:00:00.000","3830","16761","82","0","6","1","22.9","270",,,,,,,,,,,,
"OK","2024-11-03T00:00:00.000","4297","16669","36","1","4","1","25.8","269",,,,,,,,,,,,
"OK","2024-11-10T00:00:00.000","4661","16831","19","6","4","2","27.7","271",,,,,,,,,,,,
"OK","2024-11-17T00:00:00.000","5179","16580","34","0","3","0","31.2","268",,,,,,,,,,,,
"OK","2024-11-24T00:00:00.000","5457","16593","8","4","3","3","32.9","268",,,,,,,,,,,,
"OK","2024-12-01T00:00:00.000","5583","16453","67","13","5","1","33.9","267",,,,,,,,,,,,
"OK","2024-12-08T00:00:00.000","5643","16507","92","7","7","1","34.2","269",,,,,,,,,,,,
"OK","2024-12-15T00:00:00.000","5885","16525","191","19","12","1","35.6","269",,,,,,,,,,,,
"OK","2024-12-22T00:00:00.000","5966","16568","161","14","7","3","36.0","268",,,,,,,,,,,,
"OK","2024-12-29T00:00:00.000","6068","16341","150","8","6","0","37.1","265",,,,,,,,,,,,
"OK","2025-01-05T00:00:00.000","6103","16586","87","21","9","2","36.8","270",,,,,,,,,,,,
"OK","2025-01-12T00:00:00.000","6065","16357","88","17","6","1","37.1","266","8792","22","6","4","2","53.8","2014","3","0","0","0","12.3"
"OK","2025-01-19T00:00:00.000","6058","16509","82","12","8","1","36.7","267","8911","42","16","12","6","54.0","2003","3","0","3","0","12.1"
"OK","2025-01-26T00:00:00.000","6176","16482","99","15","11","2","37.5","265","8928","115","37","11","3","54.2","1991","5","0","2","0","12.1"
"OK","2025-02-02T00:00:00.000","6143","16492","95","13","10","1","37.2","266","9178","144","48","41","19","55.7","2002","12","1","6","2","12.1"
"OK","2025-02-09T00:00:00.000","6233","16395","95","18","3","0","38.0","265","9095","143","68","28","13","55.5","2000","15","2","4","0","12.2"
"OK","2025-02-16T00:00:00.000","6531","16686","48","12","4","1","39.1","267","9203","75","21","16","3","55.2","2190","13","2","3","0","13.1"
"OK","2025-02-23T00:00:00.000","6479","16455","66","27","9","2","39.4","267","9254","57","14","10","2","56.2","2150","10","0","3","0","13.1"
"OK","2025-03-02T00:00:00.000","6476","16506","74","17","5","0","39.2","268","9201","75","36","19","14","55.7","2180","7","1","2","1","13.2"
"OK","2025-03-09T00:00:00.000","6449","16539","38","6","6","3","39.0","266","9278","31","15","3","0","56.1","2198","9","0","6","0","13.3"
"OK","2025-03-16T00:00:00.000","6404","16440","45","9","6","2","39.0","266","9064","18","4","6","3","55.1","2174","10","1","2","0","13.2"
"OK","2025-03-23T00:00:00.000","6551","16563","39","8","1","0","39.6","266","9245","18","5","6","1","55.8","2297","10","1","1","0","13.9"
"OK","2025-03-30T00:00:00.000","6527","16311","44","9","2","0","40.0","265","9182","4","0","0","0","56.3","2356","2","0","0","0","14.4"
"OK","2025-04-06T00:00:00.000","6320","16339","50","16","3","1","38.7","266","9196","4","0","0","0","56.3","2384","5","0","0","0","14.6"
"OK","2025-04-13T00:00:00.000","6290","16525","78","24","3","0","38.1","268","9161","4","0","0","0","55.4","2443","2","0","1","0","14.8"
"OK","2025-04-20T00:00:00.000","6234","16514","83","19","3","0","37.7","268","9197","6","2","1","1","55.7","2344","0","0","0","0","14.2"
"OK","2025-04-27T00:00:00.000","6084","16323","48","12","1","1","37.3","266","9086","5","1","1","1","55.7","2357","3","0","1","0","14.4"
"OK","2025-05-04T00:00:00.000","5942","16440","13","2","1","0","36.1","267","9085","4","0","0","0","55.3","2378","0","0","0","0","14.5"
"OK","2025-05-11T00:00:00.000","5861","16423","23","3","2","0","35.7","266","9055","4","0","0","0","55.1","2341","0","0","0","0","14.3"
"OK","2025-05-18T00:00:00.000","5970","16557","11","3","1","1","36.1","267","9137","4","0","0","0","55.2","2352","3","0","1","0","14.2"
"OK","2025-05-25T00:00:00.000","5932","16420","6","2","0","0","36.1","265","8949","5","0","0","0","54.5","2352","0","0","0","0","14.3"
"OK","2025-06-01T00:00:00.000","5866","16306","2","2","1","0","36.0","265","8958","4","0","0","0","54.9","2335","0","0","0","0","14.3"
"OK","2025-06-08T00:00:00.000","5829","16262","4","2","0","0","35.8","265","8834","6","1","0","0","54.3","2347","0","0","0","0","14.4"
"OK","2025-06-15T00:00:00.000","5900","16350","3","2","0","0","36.1","265","8715","4","0","0","0","53.3","2350","0","0","0","0","14.4"
"OK","2025-06-22T00:00:00.000","5936","16232","9","2","0","0","36.6","265","8594","5","1","0","0","52.9","2349","2","0","0","0","14.5"
"OK","2025-06-29T00:00:00.000","5837","16094","8","2","0","0","36.3","263","8445","5","1","0","0","52.5","2365","0","0","0","0","14.7"
"OK","2025-07-06T00:00:00.000","5869","16042","26","0","1","0","36.6","263","0","3","0","1","0","0.0","2802","2","0","0","0","17.5"
"OK","2025-07-13T00:00:00.000","5658","15990","38","6","2","1","35.4","261","0","0","0","0","0","0.0","2752","0","0","0","0","17.2"
"OK","2025-07-20T00:00:00.000","5560","15928","49","14","1","1","34.9","260","0","2","0","0","0","0.0","2824","0","0","0","0","17.7"
"OK","2025-07-27T00:00:00.000","5513","16034","51","10","3","0","34.4","260","0","0","0","0","0","0.0","2743","0","0","0","0","17.1"
"OK","2025-08-03T00:00:00.000","5578","16195","39","11","2","2","34.4","261","2711","0","0","0","0","16.7","2538","0","0","0","0","15.7"
"OK","2025-08-10T00:00:00.000","5398","15820","49","19","0","0","34.1","257","2618","0","0","0","0","16.5","2419","0","0","0","0","15.3"
"OK","2025-08-17T00:00:00.000","5275","15879","66","19","2","0","33.2","256","2615","0","0","0","0","16.5","2374","0","0","1","0","15.0"
"OK","2025-08-24T00:00:00.000","5201","15704","47","14","1","0","33.1","255","2454","1","0","0","0","15.6","2360","0","0","0","0","15.0"
"OK","2025-08-31T00:00:00.000","5111","15622","49","8","5","0","32.7","253","2186","1","0","1","0","14.0","2314","0","0","0","0","14.8"
"OK","2025-09-07T00:00:00.000","4958","15774","60","9","1","0","31.4","255","2294","0","0","0","0","14.5","2354","0","0","0","0","14.9"
"OK","2025-09-14T00:00:00.000","4946","15956","44","9","2","0","31.0","257","2233","0","0","0","0","14.0","2312","0","0","0","0","14.5"
"OK","2025-09-21T00:00:00.000","4921","16020","54","23","1","1","30.7","258","2228","0","0","0","0","13.9","2355","0","0","0","0","14.7"
"OK","2025-09-28T00:00:00.000","4875","15939","27","1","0","0","30.6","256","2660","0","0","0","0","16.7","2332","0","0","0","0","14.6"
"OK","2025-10-05T00:00:00.000","4786","15920","59","2","2","0","30.1","257","3743","2","1","0","0","23.5","2337","0","0","0","0","14.7"
"OK","2025-10-12T00:00:00.000","4820","15713","42","4","7","0","30.7","255","4550","0","0","0","0","29.0","2304","0","0","0","0","14.7"
"OK","2025-10-19T00:00:00.000","4981","15657","17","5","1","0","31.8","254","5285","0","0","0","0","33.8","2376","0","0","0","0","15.2"
"OK","2025-10-26T00:00:00.000","5021","15628","20","0","1","0","32.1","253","6280","0","0","0","0","40.2","2253","0","0","0","0","14.4"
"OK","2025-11-02T00:00:00.000","5186","15773","13","2","0","0","32.9","255","6928","0","0","0","0","43.9","2498","0","0","0","0","15.8"
"OK","2025-11-09T00:00:00.000","5337","15732","31","1","2","1","33.9","254","7460","1","1","1","1","47.4","2467","0","0","0","0","15.7"
"OK","2025-11-16T00:00:00.000","5384","15674","22","0","3","0","34.3","253","7730","0","0","0","0","49.3","2489","0","0","0","0","15.9"
"OK","2025-11-23T00:00:00.000","5262","15638","21","9","1","1","33.6","253","7686","0","0","0","0","49.1","2478","0","0","0","0","15.8"
"OK","2025-11-30T00:00:00.000","5192","15325","19","3","2","1","33.9","249","7606","2","1","2","1","49.6","2432","0","0","0","0","15.9"
"OK","2025-12-07T00:00:00.000","5240","15540","15","7","0","0","33.7","251","7765","2","2","1","1","50.0","2528","0","0","0","0","16.3"
"OK","2025-12-14T00:00:00.000","5168","15595","41","3","2","0","33.1","252","7842","2","2","1","1","50.3","2520","0","0","0","0","16.2"
"OK","2025-12-21T00:00:00.000","5313","15536","74","13","1","1","34.2","250","7829","10","0","1","0","50.4","2565","0","0","0","0","16.5"
"OK","2025-12-28T00:00:00.000","5210","15390","61","8","3","0","33.9","249","7720","5","2","4","1","50.2","2563","0","0","0","0","16.7"
"OK","2026-01-04T00:00:00.000","5363","15689","96","7","7","0","34.2","254","8023","17","3","3","2","51.1","2601","1","0","0","0","16.6"
"OK","2026-01-11T00:00:00.000","5131","15707","90","15","4","0","32.7","250","7886","12","3","2","1","50.2","2507","0","0","0","0","16.0"
"OK","2026-01-18T00:00:00.000","5074","15723","112","25","4","0","32.3","249","7763","33","13","5","2","49.4","2465","1","0","0","0","15.7"
"OK","2026-01-25T00:00:00.000","5074","15774","92","3","7","0","32.2","250","7793","26","10","3","0","49.4","2351","0","0","0","0","14.9"
"OK","2026-02-01T00:00:00.000","5185","15751","82","0","2","0","32.9","250","7837","16","3","7","2","49.8","2435","8","0","4","0","15.5"
"OK","2026-02-08T00:00:00.000","5194","15667","118","14","2","0","33.2","247","7821","23","9","7","5","49.9","2390","2","0","0","0","15.3"
"OK","2026-02-15T00:00:00.000","5192","15808","135","45","7","2","32.8","248","7776","19","5","1","0","49.2","2399","0","0","0","0","15.2"
"OK","2026-02-22T00:00:00.000","5139","15625","53","13","3","2","32.9","247","7801","58","7","1","1","49.9","2376","1","0","0","0","15.2"
"OK","2026-03-01T00:00:00.000","4864","15326","34","4","2","0","31.7","243","7603","36","21","7","4","49.6","2212","2","0","0","0","14.4"
"OK","2026-03-08T00:00:00.000","4870","15074","42","2","4","1","32.3","240","7479","23","12","11","10","49.6","2153","3","0","1","0","14.3"
"OK","2026-03-15T00:00:00.000","4559","14346","27","3","1","0","31.8","227","7155","16","9","2","2","49.9","2080","9","1","3","0","14.5"
"OK","2026-03-22T00:00:00.000","4060","12936","40","2","0","0","31.4","202","6279","1","1","1","0","48.5","1726","1","0","2","0","13.3"
"OK","2026-03-29T00:00:00.000","2091","7039","14","3","1","0","29.7","110","3833","2","0","0","0","54.5","854","3","0","0","0","12.1"
"OR","2024-10-06T00:00:00.000","863","6678","39","2","2","0","12.9","119",,,,,,,,,,,,
"OR","2024-10-13T00:00:00.000","1206","6635","126","0","6","0","18.2","120",,,,,,,,,,,,
"OR","2024-10-20T00:00:00.000","1616","6554","83","1","11","1","24.7","118",,,,,,,,,,,,
"OR","2024-10-27T00:00:00.000","1906","6497","47","4","6","0","29.3","118",,,,,,,,,,,,
"OR","2024-11-03T00:00:00.000","2152","6491","58","7","4","0","33.2","118",,,,,,,,,,,,
"OR","2024-11-10T00:00:00.000","2409","6567","4","0","2","0","36.7","118",,,,,,,,,,,,
"OR","2024-11-17T00:00:00.000","2497","6556","5","1","1","0","38.1","118",,,,,,,,,,,,
"OR","2024-11-24T00:00:00.000","2643","6595","14","5","0","0","40.1","118",,,,,,,,,,,,
"OR","2024-12-01T00:00:00.000","2579","6445","37","15","3","0","40.0","116",,,,,,,,,,,,
"OR","2024-12-08T00:00:00.000","2738","6572","74","16","1","0","41.7","117",,,,,,,,,,,,
"OR","2024-12-15T00:00:00.000","2824","6648","31","13","2","2","42.5","119",,,,,,,,,,,,
"OR","2024-12-22T00:00:00.000","2820","6730","66","5","2","0","41.9","119",,,,,,,,,,,,
"OR","2024-12-29T00:00:00.000","2805","6652","18","4","1","0","42.2","118",,,,,,,,,,,,
"OR","2025-01-05T00:00:00.000","2906","6743","23","3","0","0","43.1","120",,,,,,,,,,,,
"OR","2025-01-12T00:00:00.000","2899","6626","46","10","2","0","43.8","115","3496","30","12","11","8","52.8","1127","0","0","0","0","17.0"
"OR","2025-01-19T00:00:00.000","2913","6522","17","6","2","0","44.7","113","3400","29","14","13","4","52.1","1125","1","0","0","0","17.2"
"OR","2025-01-26T00:00:00.000","2853","6598","43","12","4","1","43.2","114","3052","37","16","16","3","46.3","891","10","0","2","0","13.5"
"OR","2025-02-02T00:00:00.000","2815","6552","39","26","3","0","43.0","113","3429","32","11","8","6","52.3","1095","14","1","3","0","16.7"
"OR","2025-02-09T00:00:00.000","2795","6558","36","21","6","1","42.6","113","3456","53","26","12","5","52.7","1152","3","0","1","0","17.6"
"OR","2025-02-16T00:00:00.000","2844","6664","56","27","3","1","42.7","114","3478","22","4","6","1","52.2","1177","16","3","4","0","17.7"
"OR","2025-02-23T00:00:00.000","2805","6554","63","13","1","0","42.8","112","3488","33","11","3","0","53.2","1182","13","2","3","1","18.0"
"OR","2025-03-02T00:00:00.000","2747","6630","30","3","2","1","41.4","113","3465","8","0","3","0","52.3","1182","14","0","3","0","17.8"
"OR","2025-03-09T00:00:00.000","2717","6542","18","2","0","0","41.5","111","3463","21","6","10","3","52.9","1181","5","0","2","0","18.1"
"OR","2025-03-16T00:00:00.000","2701","6503","3","0","0","0","41.5","111","3464","7","6","1","1","53.3","1172","4","0","0","0","18.0"
"OR","2025-03-23T00:00:00.000","2661","6439","12","12","0","0","41.3","110","3469","7","0","2","1","53.9","1190","3","0","1","0","18.5"
"OR","2025-03-30T00:00:00.000","2603","6565","11","5","4","2","39.6","112","3599","10","1","3","0","54.8","1184","3","0","2","0","18.0"
"OR","2025-04-06T00:00:00.000","2561","6552","12","1","2","0","39.1","111","3486","4","1","1","0","53.2","1190","2","0","0","0","18.2"
"OR","2025-04-13T00:00:00.000","2510","6512","30","3","2","0","38.5","111","3487","1","0","0","0","53.5","1196","1","0","0","0","18.4"
"OR","2025-04-20T00:00:00.000","2480","6455","31","12","4","0","38.4","111","3467","1","0","1","0","53.7","1160","0","0","0","0","18.0"
"OR","2025-04-27T00:00:00.000","2425","6475","14","5","2","0","37.5","111","3473","1","1","1","1","53.6","1196","1","0","1","0","18.5"
"OR","2025-05-04T00:00:00.000","2379","6598","31","11","2","1","36.1","113","3459","0","0","0","0","52.4","1211","1","1","1","1","18.4"
"OR","2025-05-11T00:00:00.000","2273","6458","15","0","2","0","35.2","112","3402","0","0","0","0","52.7","1183","1","0","0","0","18.3"
"OR","2025-05-18T00:00:00.000","2250","6445","21","5","1","0","34.9","112","3416","2","1","0","0","53.0","1239","0","0","0","0","19.2"
"OR","2025-05-25T00:00:00.000","2210","6437","17","1","0","0","34.3","111","3352","2","1","0","0","52.1","1249","0","0","0","0","19.4"
"OR","2025-06-01T00:00:00.000","2194","6416","21","2","3","0","34.2","111","3298","0","0","0","0","51.4","1258","0","0","0","0","19.6"
"OR","2025-06-08T00:00:00.000","2154","6466","20","4","0","0","33.3","111","3276","0","0","0","0","50.7","1266","0","0","0","0","19.6"
"OR","2025-06-15T00:00:00.000","2120","6392","6","1","0","0","33.2","110","3171","0","0","0","0","49.6","1222","0","0","0","0","19.1"
"OR","2025-06-22T00:00:00.000","2104","6385","10","0","0","0","33.0","110","3158","0","0","0","0","49.5","1167","0","0","0","0","18.3"
"OR","2025-06-29T00:00:00.000","2083","6424","49","7","2","0","32.4","110","3147","0","0","0","0","49.0","1183","0","0","0","0","18.4"
"OR","2025-07-06T00:00:00.000","2128","6604","48","7","1","0","32.2","112","0","1","0","1","0","0.0","1229","0","0","0","0","18.6"
"OR","2025-07-13T00:00:00.000","2081","6478","14","1","1","0","32.1","111","0","0","0","0","0","0.0","1188","0","0","0","0","18.3"
"OR","2025-07-20T00:00:00.000","2064","6463","40","18","0","0","31.9","111","0","0","0","0","0","0.0","1220","0","0","0","0","18.9"
"OR","2025-07-27T00:00:00.000","2066","6412","13","5","1","0","32.2","110","0","0","0","0","0","0.0","1208","0","0","0","0","18.8"
"OR","2025-08-03T00:00:00.000","2089","6390","26","4","0","0","32.7","109","1391","0","0","0","0","21.8","1184","0","0","0","0","18.5"
"OR","2025-08-10T00:00:00.000","2165","6469","35","5","1","0","33.5","111","1291","0","0","0","0","20.0","1231","0","0","0","0","19.0"
"OR","2025-08-17T00:00:00.000","2118","6415","37","9","1","0","33.0","110","1185","0","0","0","0","18.5","1203","0","0","0","0","18.8"
"OR","2025-08-24T00:00:00.000","2118","6404","61","16","7","1","33.1","110","1090","0","0","0","0","17.0","1234","0","0","0","0","19.3"
"OR","2025-08-31T00:00:00.000","2032","6326","63","9","5","1","32.1","109","1105","0","0","0","0","17.5","1192","0","0","0","0","18.8"
"OR","2025-09-07T00:00:00.000","1961","6566","40","2","4","0","29.9","111","987","0","0","0","0","15.0","1183","0","0","0","0","18.0"
"OR","2025-09-14T00:00:00.000","1988","6671","38","4","3","0","29.8","112","1036","0","0","0","0","15.5","1181","1","1","1","1","17.7"
"OR","2025-09-21T00:00:00.000","1936","6705","52","2","5","0","28.9","112","1056","0","0","0","0","15.7","1156","1","1","1","1","17.2"
"OR","2025-09-28T00:00:00.000","1801","6710","41","0","1","0","26.8","111","1228","0","0","0","0","18.3","1230","25","1","1","1","18.3"
"OR","2025-10-05T00:00:00.000","1655","6534","63","7","2","0","25.3","108","1574","0","0","0","0","24.1","1220","0","0","0","0","18.7"
"OR","2025-10-12T00:00:00.000","1869","6569","59","9","2","0","28.5","109","2049","0","0","0","0","31.2","1265","1","1","1","1","19.3"
"OR","2025-10-19T00:00:00.000","1940","6491","81","3","2","0","29.9","109","2321","0","0","0","0","35.8","1331","0","0","0","0","20.5"
"OR","2025-10-26T00:00:00.000","2032","6493","38","3","2","0","31.3","109","2493","0","0","1","0","38.4","1309","0","0","0","0","20.2"
"OR","2025-11-02T00:00:00.000","2126","6475","39","4","1","0","32.8","108","2665","0","0","0","0","41.2","1310","0","0","1","0","20.2"
"OR","2025-11-09T00:00:00.000","2198","6330","16","2","0","0","34.7","107","2873","4","3","2","2","45.4","1312","0","0","0","0","20.7"
"OR","2025-11-16T00:00:00.000","2373","6520","16","3","2","0","36.4","109","3101","0","0","0","0","47.6","1316","0","0","0","0","20.2"
"OR","2025-11-23T00:00:00.000","2412","6420","31","6","1","0","37.6","108","3141","1","1","0","0","48.9","1368","0","0","0","0","21.3"
"OR","2025-11-30T00:00:00.000","2369","6337","19","7","2","1","37.4","107","3114","0","0","0","0","49.1","1349","0","0","0","0","21.3"
"OR","2025-12-07T00:00:00.000","2473","6485","6","1","0","0","38.1","109","3170","0","0","0","0","48.9","1436","0","0","0","0","22.1"
"OR","2025-12-14T00:00:00.000","2479","6541","14","0","1","0","37.9","109","3307","0","0","0","0","50.6","1401","0","0","0","0","21.4"
"OR","2025-12-21T00:00:00.000","2485","6540","13","1","0","0","38.0","109","3248","0","0","0","0","49.7","1392","1","1","0","0","21.3"
"OR","2025-12-28T00:00:00.000","2513","6487","4","1","0","0","38.7","109","3236","0","0","0","0","49.9","1426","1","0","0","0","22.0"
"OR","2026-01-04T00:00:00.000","2503","6513","2","0","0","0","38.4","109","3296","14","5","1","1","50.6","1447","0","0","0","0","22.2"
"OR","2026-01-11T00:00:00.000","2434","6441","3","0","1","0","37.8","106","3250","11","2","1","0","50.5","1398","0","0","0","0","21.7"
"OR","2026-01-18T00:00:00.000","2515","6572","2","0","0","0","38.3","108","3323","12","11","3","1","50.6","1452","1","0","2","0","22.1"
"OR","2026-01-25T00:00:00.000","2597","6615","2","1","1","0","39.3","108","3331","7","4","4","3","50.4","1445","1","1","3","0","21.8"
"OR","2026-02-01T00:00:00.000","2520","6594","2","1","0","0","38.2","108","3396","29","12","11","5","51.5","1457","4","0","2","0","22.1"
"OR","2026-02-08T00:00:00.000","2553","6562","8","1","5","3","38.9","107","3332","41","29","13","4","50.8","1484","4","1","2","0","22.6"
"OR","2026-02-15T00:00:00.000","2582","6694","1","0","5","0","38.6","109","3316","35","10","10","4","49.5","1499","18","0","6","0","22.4"
"OR","2026-02-22T00:00:00.000","2545","6627","3","1","0","0","38.4","109","3371","22","12","8","1","50.9","1474","2","1","1","0","22.2"
"OR","2026-03-01T00:00:00.000","2566","6619","6","3","1","0","38.8","108","3362","27","8","11","4","50.8","1477","21","0","5","0","22.3"
"OR","2026-03-08T00:00:00.000","2508","6597","3","0","2","2","38.0","107","3301","8","5","7","2","50.0","1485","7","2","5","3","22.5"
"OR","2026-03-15T00:00:00.000","2424","6479","6","0","0","0","37.4","104","3244","8","3","4","1","50.1","1488","3","0","4","2","23.0"
"OR","2026-03-22T00:00:00.000","2267","5961","0","0","0","0","38.0","95","2963","4","2","2","1","49.7","1339","6","0","3","0","22.5"
"OR","2026-03-29T00:00:00.000","1400","3419","1","0","0","0","40.9","56","1780","2","0","1","0","52.1","881","0","0","0","0","25.8"
"PA","2024-10-06T00:00:00.000","9048","65989","583","32","40","1","13.7","622",,,,,,,,,,,,
"PA","2024-10-13T00:00:00.000","10339","65946","350","15","24","0","15.7","623",,,,,,,,,,,,
"PA","2024-10-20T00:00:00.000","12279","66064","412","17","21","2","18.6","621",,,,,,,,,,,,
"PA","2024-10-27T00:00:00.000","15554","66172","398","30","15","1","23.5","621",,,,,,,,,,,,
"PA","2024-11-03T00:00:00.000","17810","66095","392","28","19","1","26.9","619",,,,,,,,,,,,
"PA","2024-11-10T00:00:00.000","19004","65511","406","16","30","4","29.0","615",,,,,,,,,,,,
"PA","2024-11-17T00:00:00.000","20801","65507","221","27","14","1","31.8","617",,,,,,,,,,,,
"PA","2024-11-24T00:00:00.000","23321","65662","341","53","65","3","35.5","616",,,,,,,,,,,,
"PA","2024-12-01T00:00:00.000","24255","65058","389","91","18","2","37.3","613",,,,,,,,,,,,
"PA","2024-12-08T00:00:00.000","24930","64602","417","77","18","4","38.6","611",,,,,,,,,,,,
"PA","2024-12-15T00:00:00.000","25539","65131","424","125","22","3","39.2","613",,,,,,,,,,,,
"PA","2024-12-22T00:00:00.000","25905","64921","426","98","14","3","39.9","612",,,,,,,,,,,,
"PA","2024-12-29T00:00:00.000","26630","65290","419","120","25","5","40.8","618",,,,,,,,,,,,
"PA","2025-01-05T00:00:00.000","26913","66064","564","152","39","7","40.7","623",,,,,,,,,,,,
"PA","2025-01-12T00:00:00.000","26732","64771","616","124","31","3","41.3","609","43342","239","149","40","19","66.9","13221","77","6","15","1","20.4"
"PA","2025-01-19T00:00:00.000","27423","66029","505","137","42","6","41.5","615","44398","306","162","46","27","67.2","13727","72","10","12","0","20.8"
"PA","2025-01-26T00:00:00.000","27978","65814","473","106","27","7","42.5","612","43430","316","180","58","33","66.0","13919","75","7","12","1","21.1"
"PA","2025-02-02T00:00:00.000","28117","66183","466","90","22","6","42.5","613","44561","414","203","83","44","67.3","14186","72","5","16","1","21.4"
"PA","2025-02-09T00:00:00.000","28671","66491","395","97","19","10","43.1","615","44766","414","247","74","39","67.3","14919","63","5","12","0","22.4"
"PA","2025-02-16T00:00:00.000","28796","66302","314","99","20","5","43.4","613","44517","594","306","98","56","67.1","15043","71","7","10","1","22.7"
"PA","2025-02-23T00:00:00.000","29059","66291","231","62","14","3","43.8","612","44493","333","187","74","34","67.1","15179","51","7","16","2","22.9"
"PA","2025-03-02T00:00:00.000","28691","66129","185","51","9","2","43.4","609","44336","312","192","44","24","67.0","15628","37","5","3","0","23.6"
"PA","2025-03-09T00:00:00.000","28836","65443","129","36","13","2","44.1","603","44518","171","104","24","16","68.0","15482","35","3","8","1","23.7"
"PA","2025-03-16T00:00:00.000","28878","65726","99","34","7","0","43.9","605","44478","124","78","22","14","67.7","15614","37","10","5","0","23.8"
"PA","2025-03-23T00:00:00.000","28319","65342","103","36","11","3","43.3","605","44231","71","43","14","8","67.7","15693","24","4","4","0","24.0"
"PA","2025-03-30T00:00:00.000","27812","64705","140","69","6","2","43.0","599","43598","48","18","12","5","67.4","15571","29","3","3","0","24.1"
"PA","2025-04-06T00:00:00.000","27405","64642","128","47","10","2","42.4","602","43535","36","18","7","4","67.3","15616","23","2","9","1","24.2"
"PA","2025-04-13T00:00:00.000","26764","65089","117","46","12","3","41.1","605","43696","23","16","5","2","67.1","15623","11","0","7","0","24.0"
"PA","2025-04-20T00:00:00.000","26072","64981","93","33","8","2","40.1","607","44103","28","9","5","2","67.9","15662","97","1","1","0","24.1"
"PA","2025-04-27T00:00:00.000","25237","64511","112","38","9","2","39.1","603","43711","40","20","9","2","67.8","15613","8","1","4","0","24.2"
"PA","2025-05-04T00:00:00.000","25011","64693","66","11","8","1","38.7","604","43362","9","5","1","0","67.0","15879","8","0","1","0","24.5"
"PA","2025-05-11T00:00:00.000","24525","64922","83","24","9","2","37.8","607","43168","2","1","0","0","66.5","15879","5","0","1","0","24.5"
"PA","2025-05-18T00:00:00.000","24364","64330","49","13","6","2","37.9","600","42541","3","3","0","0","66.1","15712","8","0","4","1","24.4"
"PA","2025-05-25T00:00:00.000","23951","64770","46","15","3","1","37.0","604","42757","6","0","0","0","66.0","15806","6","0","1","0","24.4"
"PA","2025-06-01T00:00:00.000","23568","64571","49","11","4","0","36.5","605","42237","0","0","0","0","65.4","16178","0","0","0","0","25.1"
"PA","2025-06-08T00:00:00.000","24009","64438","53","5","2","0","37.3","603","42225","2","1","0","0","65.5","16046","0","0","0","0","24.9"
"PA","2025-06-15T00:00:00.000","23548","64036","44","9","4","0","36.8","601","41978","0","0","0","0","65.6","15735","0","0","0","0","24.6"
"PA","2025-06-22T00:00:00.000","23635","64195","36","9","6","0","36.8","601","41903","1","0","1","0","65.3","15799","2","0","1","0","24.6"
"PA","2025-06-29T00:00:00.000","23544","63915","12","7","2","1","36.8","600","41539","0","0","0","0","65.0","16100","3","0","2","0","25.2"
"PA","2025-07-06T00:00:00.000","23459","64097","30","1","1","0","36.6","602","0","0","0","1","0","0.0","17873","0","0","0","0","27.9"
"PA","2025-07-13T00:00:00.000","23277","64746","25","1","5","1","36.0","605","0","1","0","1","0","0.0","17558","1","1","0","0","27.1"
"PA","2025-07-20T00:00:00.000","22773","64041","34","4","3","0","35.6","602","0","69","0","0","0","0.0","17283","0","0","0","0","27.0"
"PA","2025-07-27T00:00:00.000","22572","64181","30","5","5","0","35.2","602","0","0","0","0","0","0.0","16748","1","0","0","0","26.1"
"PA","2025-08-03T00:00:00.000","22446","64283","69","4","4","0","34.9","602","10690","0","0","0","0","16.6","16255","0","0","0","0","25.3"
"PA","2025-08-10T00:00:00.000","22180","64772","56","1","7","1","34.2","604","9463","2","0","2","0","14.6","16271","0","0","0","0","25.1"
"PA","2025-08-17T00:00:00.000","22106","64173","118","22","10","1","34.4","601","8981","2","0","2","0","14.0","15856","0","0","0","0","24.7"
"PA","2025-08-24T00:00:00.000","22162","64177","132","21","15","5","34.5","600","8389","0","0","0","0","13.1","16062","0","0","0","0","25.0"
"PA","2025-08-31T00:00:00.000","21239","63556","148","33","11","0","33.4","595","8629","0","0","0","0","13.6","15413","0","0","0","0","24.3"
"PA","2025-09-07T00:00:00.000","21116","63987","205","46","14","3","33.0","596","7922","0","0","0","0","12.4","15688","0","0","0","0","24.5"
"PA","2025-09-14T00:00:00.000","20915","64008","332","75","15","3","32.7","595","8592","0","0","0","0","13.4","16077","0","0","0","0","25.1"
"PA","2025-09-21T00:00:00.000","20739","64127","375","80","23","6","32.3","596","9444","0","0","0","0","14.7","16308","10","0","0","0","25.4"
"PA","2025-09-28T00:00:00.000","20053","64318","280","45","16","3","31.2","595","10475","2","0","0","0","16.3","16322","0","0","0","0","25.4"
"PA","2025-10-05T00:00:00.000","18274","63918","249","34","7","1","28.6","592","15786","2","0","1","0","24.7","16300","0","0","0","0","25.5"
"PA","2025-10-12T00:00:00.000","18467","63460","190","33","8","0","29.1","590","23661","1","0","1","0","37.3","16200","0","0","0","0","25.5"
"PA","2025-10-19T00:00:00.000","17721","62513","102","15","13","0","28.3","584","28824","2","0","0","0","46.1","15697","0","0","0","0","25.1"
"PA","2025-10-26T00:00:00.000","18077","62524","161","18","8","1","28.9","581","33219","3","0","2","0","53.1","15710","1","1","0","0","25.1"
"PA","2025-11-02T00:00:00.000","19207","62266","122","12","5","0","30.8","577","36229","2","1","2","1","58.2","15457","3","0","0","0","24.8"
"PA","2025-11-09T00:00:00.000","20012","61590","202","31","6","0","32.5","570","37593","1","1","0","0","61.0","15375","9","0","0","0","25.0"
"PA","2025-11-16T00:00:00.000","20106","61283","240","25","7","2","32.8","570","38513","6","1","4","1","62.8","15647","0","0","0","0","25.5"
"PA","2025-11-23T00:00:00.000","20628","61275","255","36","10","2","33.7","568","39379","6","5","3","1","64.3","15849","0","0","0","0","25.9"
"PA","2025-11-30T00:00:00.000","20681","61069","215","30","7","1","33.9","569","39944","13","9","4","2","65.4","15602","1","0","0","0","25.5"
"PA","2025-12-07T00:00:00.000","21064","60920","179","33","7","0","34.6","566","40123","53","35","10","6","65.9","16020","0","0","0","0","26.3"
"PA","2025-12-14T00:00:00.000","21552","60936","210","46","12","1","35.4","564","40249","76","41","17","7","66.1","16053","2","0","0","0","26.3"
"PA","2025-12-21T00:00:00.000","22119","61026","300","68","20","3","36.2","565","40427","107","66","21","12","66.2","15928","11","2","6","1","26.1"
"PA","2025-12-28T00:00:00.000","21712","59647","349","86","22","6","36.4","554","39749","163","88","40","23","66.6","15863","16","1","7","0","26.6"
"PA","2026-01-04T00:00:00.000","22055","59708","366","82","12","1","36.9","553","39760","261","172","56","26","66.6","16104","13","1","2","0","27.0"
"PA","2026-01-11T00:00:00.000","22255","59939","390","76","20","2","37.1","552","39965","339","232","57","29","66.7","16182","29","6","3","1","27.0"
"PA","2026-01-18T00:00:00.000","22400","60203","358","89","26","2","37.2","549","40162","201","125","29","15","66.7","16419","19","2","5","0","27.3"
"PA","2026-01-25T00:00:00.000","22304","60058","216","57","11","0","37.1","545","40000","141","77","19","7","66.6","16254","19","3","4","1","27.1"
"PA","2026-02-01T00:00:00.000","22371","59630","214","66","7","1","37.5","540","39999","148","80","25","16","67.1","16340","62","14","9","3","27.4"
"PA","2026-02-08T00:00:00.000","22609","59603","139","21","11","0","37.9","540","39471","79","48","16","10","66.2","16545","55","10","6","0","27.8"
"PA","2026-02-15T00:00:00.000","22019","58784","125","28","6","0","37.5","533","39264","54","26","3","1","66.8","16117","56","5","6","0","27.4"
"PA","2026-02-22T00:00:00.000","21867","57894","136","15","6","1","37.8","524","38679","46","21","9","3","66.8","15996","90","15","17","2","27.6"
"PA","2026-03-01T00:00:00.000","21365","56964","132","25","10","1","37.5","518","38148","33","15","7","4","67.0","15768","78","13","5","1","27.7"
"PA","2026-03-08T00:00:00.000","21234","55045","124","16","11","1","38.6","507","36697","53","34","14","5","66.7","15277","69","13","10","4","27.8"
"PA","2026-03-15T00:00:00.000","20225","51915","97","14","8","2","39.0","480","34934","22","15","6","4","67.3","14852","51","10","6","0","28.6"
"PA","2026-03-22T00:00:00.000","18104","46433","61","22","10","4","39.0","429","30765","6","4","2","1","66.3","13584","43","11","8","1","29.3"
"PA","2026-03-29T00:00:00.000","8728","22252","5","1","1","1","39.2","202","14983","0","0","1","0","67.3","6698","11","0","1","0","30.1"
"PR","2024-10-06T00:00:00.000","24","175","0","0","0","0","13.7","7",,,,,,,,,,,,
"PR","2024-10-13T00:00:00.000","33","170","0","0","0","0","19.4","7",,,,,,,,,,,,
"PR","2024-10-20T00:00:00.000","28","154","0","0","0","0","18.2","7",,,,,,,,,,,,
"PR","2024-10-27T00:00:00.000","33","160","0","0","0","0","20.6","7",,,,,,,,,,,,
"PR","2024-11-03T00:00:00.000","35","173","0","0","0","0","20.2","7",,,,,,,,,,,,
"PR","2024-11-10T00:00:00.000","15","146","0","0","0","0","10.3","7",,,,,,,,,,,,
"PR","2024-11-17T00:00:00.000","10","136","0","0","0","0","7.4","7",,,,,,,,,,,,
"PR","2024-11-24T00:00:00.000","24","167","0","0","0","0","14.4","8",,,,,,,,,,,,
"PR","2024-12-01T00:00:00.000","22","140","0","0","0","0","15.7","8",,,,,,,,,,,,
"PR","2024-12-08T00:00:00.000","19","144","0","0","0","0","13.2","8",,,,,,,,,,,,
"PR","2024-12-15T00:00:00.000","21","138","0","0","0","0","15.2","8",,,,,,,,,,,,
"PR","2024-12-22T00:00:00.000","14","125","0","0","0","0","11.2","8",,,,,,,,,,,,
"PR","2024-12-29T00:00:00.000","5","88","0","0","0","0","5.7","6",,,,,,,,,,,,
"PR","2025-01-05T00:00:00.000","5","66","0","0","0","0","7.6","6",,,,,,,,,,,,
"PR","2025-01-12T00:00:00.000","9","65","0","0","0","0","13.8","6","23","0","0","0","0","35.4","4","0","0","0","0","6.2"
"PR","2025-01-19T00:00:00.000","27","143","0","0","0","0","18.9","8","44","0","0","0","0","30.8","27","0","0","0","0","18.9"
"PR","2025-01-26T00:00:00.000","26","182","0","0","0","0","14.3","8","56","0","0","0","0","30.8","28","0","0","0","0","15.4"
"PR","2025-02-02T00:00:00.000","27","204","0","0","0","0","13.2","8","63","1","0","0","0","30.9","26","0","0","0","0","12.7"
"PR","2025-02-09T00:00:00.000","24","156","0","0","0","0","15.4","7","56","0","0","0","0","35.9","26","0","0","0","0","16.7"
"PR","2025-02-16T00:00:00.000","31","148","0","0","0","0","20.9","7","58","0","0","0","0","39.2","25","0","0","0","0","16.9"
"PR","2025-02-23T00:00:00.000","30","154","0","0","0","0","19.5","7","56","0","0","0","0","36.4","24","0","0","0","0","15.6"
"PR","2025-03-02T00:00:00.000","22","148","0","0","0","0","14.9","7","35","0","0","0","0","23.6","18","0","0","0","0","12.2"
"PR","2025-03-09T00:00:00.000","24","142","0","0","0","0","16.9","7","44","0","0","0","0","31.0","23","0","0","0","0","16.2"
"PR","2025-03-16T00:00:00.000","29","128","0","0","0","0","22.7","7","46","0","0","0","0","35.9","22","0","0","0","0","17.2"
"PR","2025-03-23T00:00:00.000","27","139","0","0","0","0","19.4","7","52","0","0","0","0","37.4","23","0","0","0","0","16.5"
"PR","2025-03-30T00:00:00.000","24","166","0","0","0","0","14.5","7","59","0","0","0","0","35.5","23","0","0","0","0","13.9"
"PR","2025-04-06T00:00:00.000","34","165","0","0","0","0","20.6","7","67","0","0","0","0","40.6","26","0","0","0","0","15.8"
"PR","2025-04-13T00:00:00.000","28","165","0","0","0","0","17.0","7","81","0","0","1","0","49.1","31","0","0","0","0","18.8"
"PR","2025-04-20T00:00:00.000","25","159","0","0","0","0","15.7","7","70","0","0","0","0","44.0","38","0","0","0","0","23.9"
"PR","2025-04-27T00:00:00.000","21","140","0","0","0","0","15.0","7","52","0","0","0","0","37.1","29","0","0","0","0","20.7"
"PR","2025-05-04T00:00:00.000","20","144","0","0","0","0","13.9","7","55","0","0","0","0","38.2","25","0","0","0","0","17.4"
"PR","2025-05-11T00:00:00.000","23","154","0","0","0","0","14.9","7","61","0","0","0","0","39.6","31","0","0","0","0","20.1"
"PR","2025-05-18T00:00:00.000","24","141","0","0","0","0","17.0","7","63","0","0","0","0","44.7","30","0","0","0","0","21.3"
"PR","2025-05-25T00:00:00.000","21","141","0","0","0","0","14.9","7","63","0","0","0","0","44.7","26","0","0","0","0","18.4"
"PR","2025-06-01T00:00:00.000","25","145","0","0","0","0","17.2","7","68","0","0","0","0","46.9","30","0","0","0","0","20.7"
"PR","2025-06-08T00:00:00.000","25","148","0","0","0","0","16.9","7","55","0","0","0","0","37.2","26","0","0","0","0","17.6"
"PR","2025-06-15T00:00:00.000","22","156","0","0","0","0","14.1","7","55","0","0","0","0","35.3","33","0","0","0","0","21.2"
"PR","2025-06-22T00:00:00.000","21","158","0","0","0","0","13.3","7","62","0","0","0","0","39.2","32","0","0","0","0","20.3"
"PR","2025-06-29T00:00:00.000","20","154","1","0","0","0","13.0","7","64","0","0","0","0","41.6","32","0","0","0","0","20.8"
"PR","2025-07-06T00:00:00.000","22","153","0","0","0","0","14.4","7","0","0","0","0","0","0.0","36","0","0","0","0","23.5"
"PR","2025-07-13T00:00:00.000","20","152","0","0","0","0","13.2","7","0","0","0","0","0","0.0","35","0","0","0","0","23.0"
"PR","2025-07-20T00:00:00.000","21","168","0","0","0","0","12.5","7","0","0","0","0","0","0.0","35","0","0","0","0","20.8"
"PR","2025-07-27T00:00:00.000","22","141","0","0","0","0","15.6","7","0","1","0","1","0","0.0","32","0","0","0","0","22.7"
"PR","2025-08-03T00:00:00.000","20","120","0","0","0","0","16.7","7","43","0","0","0","0","35.8","29","0","0","0","0","24.2"
"PR","2025-08-10T00:00:00.000","22","137","2","0","0","0","16.1","7","50","0","0","0","0","36.5","29","0","0","0","0","21.2"
"PR","2025-08-17T00:00:00.000","23","155","0","0","0","0","14.8","7","56","0","0","0","0","36.1","35","0","0","0","0","22.6"
"PR","2025-08-24T00:00:00.000","26","163","0","0","0","0","16.0","7","61","0","0","0","0","37.4","37","0","0","0","0","22.7"
"PR","2025-08-31T00:00:00.000","28","172","0","0","0","0","16.3","7","64","0","0","0","0","37.2","34","0","0","0","0","19.8"
"PR","2025-09-07T00:00:00.000","22","144","0","0","0","0","15.3","7","69","0","0","0","0","47.9","27","0","0","0","0","18.8"
"PR","2025-09-14T00:00:00.000","22","159","1","0","1","0","13.8","7","70","0","0","0","0","44.0","27","0","0","0","0","17.0"
"PR","2025-09-21T00:00:00.000","25","165","0","0","0","0","15.2","7","62","0","0","0","0","37.6","29","0","0","0","0","17.6"
"PR","2025-09-28T00:00:00.000","14","138","0","0","0","0","10.1","7","49","0","0","0","0","35.5","22","0","0","0","0","15.9"
"PR","2025-10-05T00:00:00.000","22","166","0","0","0","0","13.3","7","59","0","0","0","0","35.5","45","0","0","0","0","27.1"
"PR","2025-10-12T00:00:00.000","24","177","0","0","0","0","13.6","7","65","0","0","0","0","36.7","36","0","0","0","0","20.3"
"PR","2025-10-19T00:00:00.000","22","165","0","0","1","0","13.3","7","52","0","0","0","0","31.5","33","0","0","0","0","20.0"
"PR","2025-10-26T00:00:00.000","23","163","0","0","0","0","14.1","7","51","0","0","0","0","31.3","27","0","0","0","0","16.6"
"PR","2025-11-02T00:00:00.000","27","177","0","0","0","0","15.3","7","57","1","0","0","0","32.2","33","0","0","0","0","18.6"
"PR","2025-11-09T00:00:00.000","21","181","0","0","0","0","11.6","7","57","1","0","0","0","31.5","34","0","0","0","0","18.8"
"PR","2025-11-16T00:00:00.000","21","171","0","0","0","0","12.3","7","62","0","0","0","0","36.3","34","0","0","0","0","19.9"
"PR","2025-11-23T00:00:00.000","12","156","0","0","0","0","7.7","7","66","0","0","0","0","42.3","24","0","0","0","0","15.4"
"PR","2025-11-30T00:00:00.000","15","120","0","0","0","0","12.5","7","44","0","0","0","0","36.7","23","0","0","0","0","19.2"
"PR","2025-12-07T00:00:00.000","15","133","0","0","1","0","11.3","7","54","0","0","0","0","40.6","34","0","0","0","0","25.6"
"PR","2025-12-14T00:00:00.000","24","169","0","0","0","0","14.2","7","67","0","0","0","0","39.6","36","0","0","0","0","21.3"
"PR","2025-12-21T00:00:00.000","22","162","0","0","0","0","13.6","7","71","0","0","0","0","43.8","34","0","0","0","0","21.0"
"PR","2025-12-28T00:00:00.000","3","104","0","0","0","0","2.9","6","33","0","0","0","0","31.7","14","0","0","0","0","13.5"
"PR","2026-01-04T00:00:00.000","3","70","0","0","0","0","4.3","6","14","0","0","0","0","20.0","8","0","0","0","0","11.4"
"PR","2026-01-11T00:00:00.000","4","62","0","0","0","0","6.5","6","14","1","0","1","0","22.6","6","0","0","0","0","9.7"
"PR","2026-01-18T00:00:00.000","26","123","0","0","0","0","21.1","7","54","0","0","0","0","43.9","32","0","0","0","0","26.0"
"PR","2026-01-25T00:00:00.000","30","162","0","0","0","0","18.5","7","74","0","0","0","0","45.7","34","0","0","0","0","21.0"
"PR","2026-02-01T00:00:00.000","10","180","0","0","0","0","5.6","7","60","0","0","0","0","33.3","14","0","0","0","0","7.8"
"PR","2026-02-08T00:00:00.000","25","160","0","0","0","0","15.6","6","67","0","0","0","0","41.9","33","0","0","0","0","20.6"
"PR","2026-02-15T00:00:00.000","25","164","0","0","0","0","15.2","6","54","0","0","0","0","32.9","32","0","0","0","0","19.5"
"PR","2026-02-22T00:00:00.000","23","163","0","0","0","0","14.1","6","59","0","0","0","0","36.2","41","0","0","0","0","25.2"
"PR","2026-03-01T00:00:00.000","27","167","0","0","0","0","16.2","6","69","0","0","0","0","41.3","41","0","0","0","0","24.6"
"PR","2026-03-08T00:00:00.000","30","132","0","0","0","0","22.7","5","49","0","0","0","0","37.1","28","0","0","0","0","21.2"
"PR","2026-03-15T00:00:00.000","20","123","0","0","0","0","16.3","5","48","0","0","0","0","39.0","24","0","0","0","0","19.5"
"PR","2026-03-22T00:00:00.000","1","80","0","0","0","0","1.3","3","19","0","0","0","0","23.8","4","0","0","0","0","5.0"
"PR","2026-03-29T00:00:00.000","0","15","0","0","0","0","0.0","1","0","0","0","0","0","0.0","0","0","0","0","0","0.0"
"RI","2024-10-06T00:00:00.000","1108","6776","64","0","1","0","16.4","69",,,,,,,,,,,,
"RI","2024-10-13T00:00:00.000","1164","6633","20","1","0","0","17.5","68",,,,,,,,,,,,
"RI","2024-10-20T00:00:00.000","1470","6684","20","1","1","0","22.0","69",,,,,,,,,,,,
"RI","2024-10-27T00:00:00.000","1685","6669","63","5","1","0","25.3","69",,,,,,,,,,,,
"RI","2024-11-03T00:00:00.000","2051","6667","52","8","2","1","30.8","69",,,,,,,,,,,,
"RI","2024-11-10T00:00:00.000","2314","6660","43","5","1","0","34.7","69",,,,,,,,,,,,
"RI","2024-11-17T00:00:00.000","2474","6615","17","7","1","0","37.4","69",,,,,,,,,,,,
"RI","2024-11-24T00:00:00.000","2605","6599","44","29","18","13","39.5","69",,,,,,,,,,,,
"RI","2024-12-01T00:00:00.000","3043","6604","55","27","0","0","46.1","69",,,,,,,,,,,,
"RI","2024-12-08T00:00:00.000","2990","6597","59","21","3","1","45.3","69",,,,,,,,,,,,
"RI","2024-12-15T00:00:00.000","3061","6598","37","6","1","0","46.4","69",,,,,,,,,,,,
"RI","2024-12-22T00:00:00.000","3040","6608","80","15","0","0","46.0","69",,,,,,,,,,,,
"RI","2024-12-29T00:00:00.000","3203","6575","121","26","5","0","48.7","69",,,,,,,,,,,,
"RI","2025-01-05T00:00:00.000","3148","6520","132","29","9","2","48.3","68",,,,,,,,,,,,
"RI","2025-01-12T00:00:00.000","3017","6525","94","28","3","1","46.2","67","4740","40","30","2","0","72.6","754","5","0","1","1","11.6"
"RI","2025-01-19T00:00:00.000","3081","6544","57","19","3","0","47.1","66","4705","15","10","2","2","71.9","808","7","0","2","0","12.3"
"RI","2025-01-26T00:00:00.000","3104","6542","36","14","8","0","47.4","66","4627","24","16","5","4","70.7","829","6","1","0","0","12.7"
"RI","2025-02-02T00:00:00.000","3196","6639","32","13","2","1","48.1","67","4732","41","26","3","1","71.3","839","13","0","1","0","12.6"
"RI","2025-02-09T00:00:00.000","3184","6532","27","4","3","0","48.7","66","4676","27","17","4","4","71.6","822","8","0","0","0","12.6"
"RI","2025-02-16T00:00:00.000","3202","6516","14","5","1","0","49.1","66","4678","45","31","5","4","71.8","791","4","0","0","0","12.1"
"RI","2025-02-23T00:00:00.000","3235","6578","19","6","3","0","49.2","66","4723","54","43","8","4","71.8","843","8","0","3","0","12.8"
"RI","2025-03-02T00:00:00.000","3233","6651","16","5","2","1","48.6","66","4720","29","18","3","2","71.0","850","6","0","1","0","12.8"
"RI","2025-03-09T00:00:00.000","3202","6559","16","4","3","0","48.8","66","4548","26","22","4","2","69.3","885","1","0","1","0","13.5"
"RI","2025-03-16T00:00:00.000","3155","6564","5","3","1","0","48.1","67","4682","10","8","3","1","71.3","955","5","0","0","0","14.5"
"RI","2025-03-23T00:00:00.000","3185","6562","5","3","0","0","48.5","67","4659","35","22","2","1","71.0","927","11","2","1","1","14.1"
"RI","2025-03-30T00:00:00.000","3095","6512","7","4","0","0","47.5","67","4650","7","4","0","0","71.4","910","2","0","1","0","14.0"
"RI","2025-04-06T00:00:00.000","3105","6532","8","5","0","0","47.5","67","4675","8","7","2","2","71.6","908","6","0","1","0","13.9"
"RI","2025-04-13T00:00:00.000","3106","6531","14","2","0","0","47.6","67","4610","1","1","0","0","70.6","940","7","0","0","0","14.4"
"RI","2025-04-20T00:00:00.000","3031","6593","31","15","1","1","46.0","67","4678","3","2","0","0","71.0","912","1","0","0","0","13.8"
"RI","2025-04-27T00:00:00.000","2963","6580","13","3","1","1","45.0","67","4655","2","0","0","0","70.7","924","1","0","0","0","14.0"
"RI","2025-05-04T00:00:00.000","2978","6560","5","1","0","0","45.4","67","4685","1","1","0","0","71.4","1057","3","0","0","0","16.1"
"RI","2025-05-11T00:00:00.000","2977","6580","5","1","0","0","45.2","67","4755","0","0","0","0","72.3","1032","13","0","0","0","15.7"
"RI","2025-05-18T00:00:00.000","3035","6621","4","0","0","0","45.8","67","4662","1","1","1","1","70.4","1054","0","0","0","0","15.9"
"RI","2025-05-25T00:00:00.000","2970","6569","0","0","0","0","45.2","67","4716","1","1","0","0","71.8","1056","0","0","0","0","16.1"
"RI","2025-06-01T00:00:00.000","3057","6580","2","1","0","0","46.5","67","4549","0","0","0","0","69.1","1066","0","0","0","0","16.2"
"RI","2025-06-08T00:00:00.000","2895","6596","1","0","0","0","43.9","67","4676","0","0","0","0","70.9","1043","1","0","0","0","15.8"
"RI","2025-06-15T00:00:00.000","2846","6586","0","0","0","0","43.2","67","4569","0","0","0","0","69.4","1071","0","0","0","0","16.3"
"RI","2025-06-22T00:00:00.000","2745","6601","17","0","0","0","41.6","67","4565","0","0","0","0","69.2","1096","0","0","0","0","16.6"
"RI","2025-06-29T00:00:00.000","2791","6613","1","0","0","0","42.2","67","4531","0","0","0","0","68.5","1060","0","0","0","0","16.0"
"RI","2025-07-06T00:00:00.000","2715","6429","2","0","0","0","42.2","66","0","0","0","0","0","0.0","1183","0","0","0","0","18.4"
"RI","2025-07-13T00:00:00.000","2721","6474","0","0","0","0","42.0","66","0","0","0","0","0","0.0","1236","0","0","0","0","19.1"
"RI","2025-07-20T00:00:00.000","2789","6555","6","5","1","1","42.5","66","0","0","0","0","0","0.0","1261","0","0","0","0","19.2"
"RI","2025-07-27T00:00:00.000","2795","6562","12","5","0","0","42.6","66","0","0","0","0","0","0.0","1129","0","0","0","0","17.2"
"RI","2025-08-03T00:00:00.000","2872","8129","23","5","1","0","35.3","65","501","0","0","0","0","6.2","1123","0","0","0","0","13.8"
"RI","2025-08-10T00:00:00.000","2713","6443","21","3","0","0","42.1","65","503","0","0","0","0","7.8","1130","0","0","0","0","17.5"
"RI","2025-08-17T00:00:00.000","2652","6468","32","6","1","0","41.0","65","443","0","0","0","0","6.8","1096","0","0","0","0","16.9"
"RI","2025-08-24T00:00:00.000","2588","6489","52","2","4","0","39.9","66","543","0","0","0","0","8.4","1094","0","0","0","0","16.9"
"RI","2025-08-31T00:00:00.000","2577","6536","40","0","1","0","39.4","66","428","2","0","1","0","6.5","1089","0","0","0","0","16.7"
"RI","2025-09-07T00:00:00.000","2499","6525","36","0","1","0","38.3","67","492","0","0","0","0","7.5","1099","0","0","0","0","16.8"
"RI","2025-09-14T00:00:00.000","2435","6510","28","10","0","0","37.4","66","648","0","0","0","0","10.0","1087","0","0","0","0","16.7"
"RI","2025-09-21T00:00:00.000","2327","6445","53","22","1","0","36.1","65","703","2","1","0","0","10.9","1080","0","0","0","0","16.8"
"RI","2025-09-28T00:00:00.000","2268","6460","58","11","4","0","35.1","65","736","0","0","0","0","11.4","1115","0","0","0","0","17.3"
"RI","2025-10-05T00:00:00.000","2015","6604","35","2","0","0","30.5","66","1266","0","0","0","0","19.2","1186","0","0","0","0","18.0"
"RI","2025-10-12T00:00:00.000","1743","6619","12","0","0","0","26.3","66","2002","0","0","0","0","30.2","1208","0","0","0","0","18.3"
"RI","2025-10-19T00:00:00.000","1772","6573","12","3","2","1","27.0","65","2527","0","0","0","0","38.4","1222","0","0","0","0","18.6"
"RI","2025-10-26T00:00:00.000","1890","6577","17","6","1","1","28.7","65","3109","2","0","1","0","47.3","1327","0","0","0","0","20.2"
"RI","2025-11-02T00:00:00.000","1862","6582","10","1","0","0","28.3","65","3387","0","0","0","0","51.5","1207","1","1","0","0","18.3"
"RI","2025-11-09T00:00:00.000","2161","6579","22","7","0","0","32.8","65","3791","0","0","0","0","57.6","1264","0","0","0","0","19.2"
"RI","2025-11-16T00:00:00.000","2274","6587","42","6","0","0","34.5","65","3926","0","0","0","0","59.6","1267","1","1","0","0","19.2"
"RI","2025-11-23T00:00:00.000","2332","6564","40","4","1","1","35.5","65","4064","103","0","2","0","61.9","1299","0","0","0","0","19.8"
"RI","2025-11-30T00:00:00.000","2390","6498","62","1","1","0","36.8","64","4161","0","0","0","0","64.0","1310","0","0","0","0","20.2"
"RI","2025-12-07T00:00:00.000","2533","6675","78","7","2","0","37.9","66","4391","6","2","4","1","65.8","1321","9","0","0","0","19.8"
"RI","2025-12-14T00:00:00.000","2523","6459","29","8","0","0","39.1","64","4259","9","5","0","0","65.9","1265","4","0","0","0","19.6"
"RI","2025-12-21T00:00:00.000","2545","6444","13","4","0","0","39.5","64","4479","36","23","3","0","69.5","1262","9","0","0","0","19.6"
"RI","2025-12-28T00:00:00.000","2713","6605","71","16","3","0","41.1","65","4575","39","11","1","1","69.3","1304","7","0","2","0","19.7"
"RI","2026-01-04T00:00:00.000","2672","6432","19","5","1","1","41.5","64","4436","51","35","5","5","69.0","1277","11","0","0","0","19.9"
"RI","2026-01-11T00:00:00.000","2601","6286","22","3","3","1","41.4","63","4324","58","34","8","6","68.8","1235","14","0","1","0","19.6"
"RI","2026-01-18T00:00:00.000","2651","6524","15","5","0","0","40.6","64","4488","28","14","1","1","68.8","1268","2","1","0","0","19.4"
"RI","2026-01-25T00:00:00.000","2691","6547","24","8","4","0","41.1","64","4504","33","19","3","3","68.8","1261","1","0","0","0","19.3"
"RI","2026-02-01T00:00:00.000","2689","6424","12","2","0","0","41.9","62","4408","13","2","0","0","68.6","1269","3","0","0","0","19.8"
"RI","2026-02-08T00:00:00.000","2646","6187","8","3","1","0","42.8","61","4337","30","11","4","2","70.1","1274","11","1","0","0","20.6"
"RI","2026-02-15T00:00:00.000","2612","6226","21","8","1","0","42.0","61","4331","6","5","2","2","69.6","1252","17","0","1","0","20.1"
"RI","2026-02-22T00:00:00.000","2657","6184","13","6","0","0","43.0","60","4342","3","2","0","0","70.2","1284","16","0","1","0","20.8"
"RI","2026-03-01T00:00:00.000","2605","6075","9","1","1","0","42.9","59","4291","2","0","1","0","70.6","1221","9","0","1","0","20.1"
"RI","2026-03-08T00:00:00.000","2619","6001","15","7","0","0","43.6","58","4188","1","1","0","0","69.8","1227","4","1","2","1","20.4"
"RI","2026-03-15T00:00:00.000","2613","5885","1","0","0","0","44.4","57","4037","1","1","0","0","68.6","1246","7","0","2","0","21.2"
"RI","2026-03-22T00:00:00.000","2144","5110","7","3","0","0","42.0","51","3576","5","5","1","1","70.0","1149","1","0","0","0","22.5"
"RI","2026-03-29T00:00:00.000","950","2512","1","0","0","0","37.8","25","1820","0","0","0","0","72.5","409","0","0","0","0","16.3"
"Region 1","2024-10-06T00:00:00.000","9833","71153","606","32","45","4","13.8","759",,,,,,,,,,,,
"Region 1","2024-10-13T00:00:00.000","10882","70770","494","33","36","0","15.4","754",,,,,,,,,,,,
"Region 1","2024-10-20T00:00:00.000","14488","70984","581","40","38","1","20.4","756",,,,,,,,,,,,
"Region 1","2024-10-27T00:00:00.000","17467","70332","630","68","35","3","24.8","749",,,,,,,,,,,,
"Region 1","2024-11-03T00:00:00.000","20853","70438","606","116","36","5","29.6","750",,,,,,,,,,,,
"Region 1","2024-11-10T00:00:00.000","24555","70941","487","78","31","3","34.6","755",,,,,,,,,,,,
"Region 1","2024-11-17T00:00:00.000","27335","70261","460","100","28","2","38.9","750",,,,,,,,,,,,
"Region 1","2024-11-24T00:00:00.000","29253","69812","461","170","38","19","41.9","747",,,,,,,,,,,,
"Region 1","2024-12-01T00:00:00.000","30768","69616","552","177","24","7","44.2","746",,,,,,,,,,,,
"Region 1","2024-12-08T00:00:00.000","31855","69731","599","177","32","3","45.7","747",,,,,,,,,,,,
"Region 1","2024-12-15T00:00:00.000","32940","69670","469","107","23","6","47.3","744",,,,,,,,,,,,
"Region 1","2024-12-22T00:00:00.000","33940","69651","605","187","33","8","48.7","743",,,,,,,,,,,,
"Region 1","2024-12-29T00:00:00.000","34385","68846","792","256","37","6","49.9","741",,,,,,,,,,,,
"Region 1","2025-01-05T00:00:00.000","35111","69219","912","291","53","16","50.7","744",,,,,,,,,,,,
"Region 1","2025-01-12T00:00:00.000","35238","69174","774","218","49","10","50.9","736","49071","256","160","40","18","70.9","13748","74","9","16","4","19.9"
"Region 1","2025-01-19T00:00:00.000","35772","69243","624","218","41","8","51.7","734","49125","195","130","39","20","70.9","14306","49","7","22","1","20.7"
"Region 1","2025-01-26T00:00:00.000","36139","69541","507","199","39","6","52.0","733","48999","267","176","62","40","70.5","14554","44","3","13","1","20.9"
"Region 1","2025-02-02T00:00:00.000","36535","69588","494","195","27","6","52.5","735","49927","380","235","71","43","71.7","14816","48","4","11","1","21.3"
"Region 1","2025-02-09T00:00:00.000","37003","69577","345","149","34","11","53.2","734","49827","432","221","92","48","71.6","15144","54","6","13","1","21.8"
"Region 1","2025-02-16T00:00:00.000","37704","70144","272","110","22","9","53.8","739","50151","543","315","90","56","71.5","15556","74","2","11","1","22.2"
"Region 1","2025-02-23T00:00:00.000","37512","69961","213","68","16","3","53.6","735","50233","396","248","83","49","71.8","15746","32","2","9","0","22.5"
"Region 1","2025-03-02T00:00:00.000","37611","70055","180","68","22","9","53.7","736","49870","373","228","76","42","71.2","15718","29","0","5","0","22.4"
"Region 1","2025-03-09T00:00:00.000","37534","69528","135","51","7","1","54.0","732","49695","221","158","44","27","71.5","15959","46","2","8","0","23.0"
"Region 1","2025-03-16T00:00:00.000","37417","70822","101","42","14","4","52.8","733","49965","185","124","37","19","70.6","16181","27","1","5","1","22.8"
"Region 1","2025-03-23T00:00:00.000","37593","69342","98","29","10","3","54.2","732","50087","170","115","26","17","72.2","16472","40","8","5","1","23.8"
"Region 1","2025-03-30T00:00:00.000","37269","69068","126","41","10","2","54.0","731","49799","63","44","16","10","72.1","16520","35","2","5","0","23.9"
"Region 1","2025-04-06T00:00:00.000","36665","69112","162","59","12","3","53.1","731","49993","47","34","8","7","72.3","16587","23","0","7","0","24.0"
"Region 1","2025-04-13T00:00:00.000","35575","69175","125","34","11","1","51.4","732","49928","112","28","5","4","72.2","16909","26","1","1","0","24.4"
"Region 1","2025-04-20T00:00:00.000","34344","68570","177","76","11","5","50.1","725","49228","7","6","3","2","71.8","16801","6","0","6","0","24.5"
"Region 1","2025-04-27T00:00:00.000","33252","68688","119","38","19","4","48.4","727","49095","8","4","3","2","71.5","16876","8","0","5","0","24.6"
"Region 1","2025-05-04T00:00:00.000","32456","68948","121","31","15","1","47.1","731","49413","9","6","2","0","71.7","17204","21","0","2","0","25.0"
"Region 1","2025-05-11T00:00:00.000","32127","69280","80","10","8","1","46.4","734","49256","1","1","1","0","71.1","17230","28","0","4","1","24.9"
"Region 1","2025-05-18T00:00:00.000","31795","68640","112","25","6","0","46.3","728","48736","4","4","2","1","71.0","17088","6","0","0","0","24.9"
"Region 1","2025-05-25T00:00:00.000","31622","68959","72","21","4","2","45.9","730","48970","4","3","0","0","71.0","17120","12","1","2","0","24.8"
"Region 1","2025-06-01T00:00:00.000","31609","68539","96","40","10","0","46.1","728","48285","4","3","0","0","70.4","17204","5","1","0","0","25.1"
"Region 1","2025-06-08T00:00:00.000","31348","68758","112","28","11","2","45.6","727","48377","1","1","0","0","70.4","17211","3","0","0","0","25.0"
"Region 1","2025-06-15T00:00:00.000","31432","68618","98","32","3","0","45.8","725","47970","1","0","0","0","69.9","17153","4","0","0","0","25.0"
"Region 1","2025-06-22T00:00:00.000","31118","68407","55","8","5","0","45.5","723","47955","0","0","0","0","70.1","17243","0","0","0","0","25.2"
"Region 1","2025-06-29T00:00:00.000","30738","68216","74","14","4","0","45.1","720","47165","1","1","1","1","69.1","17040","0","0","0","0","25.0"
"Region 1","2025-07-06T00:00:00.000","30765","68535","235","15","10","1","44.9","723","0","1","0","1","0","0.0","18512","1","0","1","0","27.0"
"Region 1","2025-07-13T00:00:00.000","29892","68654","72","14","6","1","43.5","721","0","0","0","0","0","0.0","18291","0","0","0","0","26.6"
"Region 1","2025-07-20T00:00:00.000","29944","69208","93","20","6","2","43.3","722","0","2","0","2","0","0.0","18483","1","0","0","0","26.7"
"Region 1","2025-07-27T00:00:00.000","29882","68732","106","16","3","2","43.5","718","0","5","0","1","0","0.0","18049","0","0","0","0","26.3"
"Region 1","2025-08-03T00:00:00.000","29601","69968","123","45","11","3","42.3","717","9348","3","0","0","0","13.4","17668","0","0","0","0","25.3"
"Region 1","2025-08-10T00:00:00.000","29287","68419","185","49","10","2","42.8","716","9614","1","1","1","1","14.1","17780","3","0","1","0","26.0"
"Region 1","2025-08-17T00:00:00.000","28607","68658","286","37","9","0","41.7","718","9838","0","0","1","1","14.3","17762","0","0","0","0","25.9"
"Region 1","2025-08-24T00:00:00.000","28311","68149","303","70","12","2","41.5","713","8977","0","0","0","0","13.2","17689","2","0","1","0","26.0"
"Region 1","2025-08-31T00:00:00.000","27912","67975","379","75","17","2","41.1","710","8301","6","0","1","0","12.2","17523","1","0","1","0","25.8"
"Region 1","2025-09-07T00:00:00.000","27380","68093","291","50","21","6","40.2","714","7805","0","0","0","0","11.5","17598","2","0","24","0","25.8"
"Region 1","2025-09-14T00:00:00.000","26192","68104","321","60","17","2","38.5","711","7173","0","0","0","0","10.5","17387","1","1","1","1","25.5"
"Region 1","2025-09-21T00:00:00.000","25617","67936","483","88","18","3","37.7","711","7126","4","2","0","0","10.5","17481","0","0","0","0","25.7"
"Region 1","2025-09-28T00:00:00.000","24501","67361","466","89","19","3","36.4","707","9026","9","0","0","0","13.4","17255","0","0","0","0","25.6"
"Region 1","2025-10-05T00:00:00.000","21954","66028","248","24","10","1","33.2","695","14218","1","0","1","0","21.5","17139","0","0","0","0","26.0"
"Region 1","2025-10-12T00:00:00.000","21232","66025","163","35","14","2","32.2","695","20701","1","1","0","0","31.4","17570","0","0","0","0","26.6"
"Region 1","2025-10-19T00:00:00.000","20900","65584","169","39","12","3","31.9","689","27856","0","0","1","0","42.5","17528","9","0","0","0","26.7"
"Region 1","2025-10-26T00:00:00.000","22276","65396","139","39","12","2","34.1","688","33357","13","0","1","0","51.0","17632","0","0","0","0","27.0"
"Region 1","2025-11-02T00:00:00.000","23651","65881","171","42","8","4","35.9","690","37021","5","0","1","0","56.2","17612","2","1","0","0","26.7"
"Region 1","2025-11-09T00:00:00.000","24563","66445","241","73","9","0","37.0","690","39185","10","2","4","1","59.0","17947","3","0","0","0","27.0"
"Region 1","2025-11-16T00:00:00.000","25670","65494","330","52","8","0","39.2","689","40459","3","1","0","0","61.8","17775","1","1","0","0","27.1"
"Region 1","2025-11-23T00:00:00.000","26525","65339","294","83","17","6","40.6","681","41729","114","5","6","3","63.9","17786","0","0","0","0","27.2"
"Region 1","2025-11-30T00:00:00.000","27177","64897","281","58","18","5","41.9","677","42471","9","3","3","1","65.4","17924","0","0","0","0","27.6"
"Region 1","2025-12-07T00:00:00.000","28143","65303","388","88","20","1","43.1","682","43146","66","39","16","7","66.1","18226","16","3","2","1","27.9"
"Region 1","2025-12-14T00:00:00.000","28798","64924","414","81","22","2","44.4","676","43157","100","70","29","15","66.5","18377","6","0","1","0","28.3"
"Region 1","2025-12-21T00:00:00.000","28611","64956","469","121","18","4","44.0","677","43685","305","185","49","26","67.3","18298","23","6","0","0","28.2"
"Region 1","2025-12-28T00:00:00.000","28706","65370","380","123","25","4","43.9","671","43435","424","267","74","43","66.4","18452","34","7","6","1","28.2"
"Region 1","2026-01-04T00:00:00.000","29120","64096","387","140","28","6","45.4","672","43837","527","358","89","44","68.4","18137","53","8","6","1","28.3"
"Region 1","2026-01-11T00:00:00.000","28576","63437","416","128","25","10","45.0","663","43357","425","281","70","44","68.3","18085","43","4","8","0","28.5"
"Region 1","2026-01-18T00:00:00.000","28817","63896","327","101","24","4","45.1","664","43762","283","154","45","29","68.5","18052","39","1","12","0","28.3"
"Region 1","2026-01-25T00:00:00.000","28547","63772","202","59","23","2","44.8","659","43477","194","125","20","9","68.2","18092","44","2","11","0","28.4"
"Region 1","2026-02-01T00:00:00.000","28870","63735","285","68","26","4","45.3","655","43926","151","95","23","17","68.9","18301","44","6","14","1","28.7"
"Region 1","2026-02-08T00:00:00.000","29094","63441","197","50","19","3","45.9","655","43984","132","74","14","6","69.3","18110","49","7","13","0","28.5"
"Region 1","2026-02-15T00:00:00.000","28860","62722","254","71","20","5","46.0","647","43375","72","37","9","4","69.2","18033","56","7","9","2","28.8"
"Region 1","2026-02-22T00:00:00.000","29294","62811","191","48","12","6","46.6","651","43637","58","31","9","2","69.5","18152","62","7","7","0","28.9"
"Region 1","2026-03-01T00:00:00.000","29451","62571","213","78","17","3","47.1","650","43865","44","25","9","5","70.1","18215","67","7","12","2","29.1"
"Region 1","2026-03-08T00:00:00.000","29158","61554","146","39","10","2","47.4","634","42883","55","45","7","3","69.7","18113","65","11","12","1","29.4"
"Region 1","2026-03-15T00:00:00.000","28154","59443","105","32","8","2","47.4","610","41137","44","31","4","2","69.2","17661","78","10","14","2","29.7"
"Region 1","2026-03-22T00:00:00.000","25747","54536","84","17","6","2","47.2","563","37842","24","19","3","2","69.4","16645","35","3","10","0","30.5"
"Region 1","2026-03-29T00:00:00.000","12590","26293","69","14","2","1","47.9","272","18333","1","1","0","0","69.7","7677","14","7","4","1","29.2"
"Region 10","2024-10-06T00:00:00.000","3713","25716","269","15","16","3","14.4","405",,,,,,,,,,,,
"Region 10","2024-10-13T00:00:00.000","4973","25742","368","19","21","0","19.3","407",,,,,,,,,,,,
"Region 10","2024-10-20T00:00:00.000","6272","25836","287","16","24","2","24.3","405",,,,,,,,,,,,
"Region 10","2024-10-27T00:00:00.000","7518","25802","210","22","14","0","29.1","404",,,,,,,,,,,,
"Region 10","2024-11-03T00:00:00.000","8590","25912","171","17","13","1","33.2","405",,,,,,,,,,,,
"Region 10","2024-11-10T00:00:00.000","9245","26016","97","20","6","0","35.5","406",,,,,,,,,,,,
"Region 10","2024-11-17T00:00:00.000","9420","25931","82","23","7","1","36.3","406",,,,,,,,,,,,
"Region 10","2024-11-24T00:00:00.000","9872","25960","76","37","8","1","38.0","407",,,,,,,,,,,,
"Region 10","2024-12-01T00:00:00.000","9766","25678","118","39","13","3","38.0","405",,,,,,,,,,,,
"Region 10","2024-12-08T00:00:00.000","10162","25803","174","30","10","1","39.4","405",,,,,,,,,,,,
"Region 10","2024-12-15T00:00:00.000","10593","25975","132","35","8","3","40.8","408",,,,,,,,,,,,
"Region 10","2024-12-22T00:00:00.000","10793","26188","228","42","3","0","41.2","409",,,,,,,,,,,,
"Region 10","2024-12-29T00:00:00.000","10848","25810","153","56","3","1","42.0","407",,,,,,,,,,,,
"Region 10","2025-01-05T00:00:00.000","10851","25949","162","43","8","2","41.8","411",,,,,,,,,,,,
"Region 10","2025-01-12T00:00:00.000","10936","25981","154","43","7","0","42.1","405","14675","77","41","20","12","56.5","5546","7","0","4","0","21.3"
"Region 10","2025-01-19T00:00:00.000","11067","26068","92","36","9","2","42.5","403","14667","76","37","25","12","56.3","5696","16","3","5","1","21.9"
"Region 10","2025-01-26T00:00:00.000","10919","26016","129","32","6","1","42.0","400","13841","116","48","34","10","53.2","5364","26","5","4","0","20.6"
"Region 10","2025-02-02T00:00:00.000","11016","26197","199","60","7","0","42.1","402","14632","118","54","23","15","55.9","5811","39","7","11","1","22.2"
"Region 10","2025-02-09T00:00:00.000","10956","26240","271","79","14","4","41.8","402","14770","115","58","27","12","56.3","5885","15","2","6","1","22.4"
"Region 10","2025-02-16T00:00:00.000","10980","26208","249","93","12","3","41.9","401","14734","96","53","27","16","56.2","5968","25","3","9","0","22.8"
"Region 10","2025-02-23T00:00:00.000","11039","26163","174","37","7","2","42.2","399","14856","116","56","13","7","56.8","5974","23","5","6","2","22.8"
"Region 10","2025-03-02T00:00:00.000","10881","26135","98","25","4","1","41.6","400","14617","40","16","12","3","55.9","6044","28","2","4","0","23.1"
"Region 10","2025-03-09T00:00:00.000","10908","26054","72","19","5","1","41.9","397","14622","62","33","16","6","56.1","6050","13","0","3","1","23.2"
"Region 10","2025-03-16T00:00:00.000","10818","26102","64","18","3","0","41.4","398","14640","57","41","7","5","56.1","6106","10","0","3","0","23.4"
"Region 10","2025-03-23T00:00:00.000","10884","26089","54","32","2","0","41.7","398","14726","52","18","9","4","56.4","6169","8","1","2","1","23.6"
"Region 10","2025-03-30T00:00:00.000","10557","25884","107","40","11","3","40.8","397","14703","58","33","11","5","56.8","6062","6","1","4","1","23.4"
"Region 10","2025-04-06T00:00:00.000","10284","25989","49","14","2","0","39.6","396","14649","17","7","9","5","56.4","6203","7","3","0","0","23.9"
"Region 10","2025-04-13T00:00:00.000","9839","25866","49","3","7","1","38.0","396","14602","17","6","1","1","56.5","6201","4","1","1","0","24.0"
"Region 10","2025-04-20T00:00:00.000","9755","25726","97","28","6","0","37.9","395","14741","20","7","3","1","57.3","6189","0","0","0","0","24.1"
"Region 10","2025-04-27T00:00:00.000","9713","25855","79","27","3","0","37.6","395","14641","13","2","3","1","56.6","6284","1","0","1","0","24.3"
"Region 10","2025-05-04T00:00:00.000","9600","26035","90","31","7","2","36.9","398","14636","2","1","3","0","56.2","6338","5","2","4","1","24.3"
"Region 10","2025-05-11T00:00:00.000","9290","25788","78","26","7","1","36.0","395","14422","0","0","1","0","55.9","6210","3","1","0","0","24.1"
"Region 10","2025-05-18T00:00:00.000","9425","25833","72","16","6","1","36.5","395","14486","7","3","0","0","56.1","6449","2","1","0","0","25.0"
"Region 10","2025-05-25T00:00:00.000","9215","25799","50","11","1","0","35.7","396","14311","2","1","0","0","55.5","6369","0","0","0","0","24.7"
"Region 10","2025-06-01T00:00:00.000","9169","25567","63","7","6","0","35.9","393","14056","3","0","0","0","55.0","6353","0","0","0","0","24.8"
"Region 10","2025-06-08T00:00:00.000","9116","25734","66","6","3","1","35.4","395","13976","5","1","1","1","54.3","6374","0","0","0","0","24.8"
"Region 10","2025-06-15T00:00:00.000","8974","25712","46","3","3","0","34.9","393","13833","3","3","1","0","53.8","6273","0","0","1","0","24.4"
"Region 10","2025-06-22T00:00:00.000","8920","25659","46","11","4","1","34.8","393","13675","2","1","1","0","53.3","6254","1","0","0","0","24.4"
"Region 10","2025-06-29T00:00:00.000","8929","25592","98","14","7","0","34.9","390","13290","3","3","1","1","51.9","6228","1","0","0","0","24.3"
"Region 10","2025-07-06T00:00:00.000","9061","25843","75","12","3","1","35.1","395","0","2","0","2","0","0.0","6476","0","0","0","0","25.1"
"Region 10","2025-07-13T00:00:00.000","8861","25662","50","9","3","1","34.5","393","0","0","0","0","0","0.0","6282","0","0","0","0","24.5"
"Region 10","2025-07-20T00:00:00.000","8794","25439","95","32","2","0","34.6","390","0","0","0","0","0","0.0","6232","0","0","0","0","24.5"
"Region 10","2025-07-27T00:00:00.000","8784","25395","85","24","5","1","34.6","388","0","0","0","0","0","0.0","6177","0","0","0","0","24.3"
"Region 10","2025-08-03T00:00:00.000","8784","25436","110","25","6","1","34.5","388","3605","0","0","0","0","14.2","6104","0","0","0","0","24.0"
"Region 10","2025-08-10T00:00:00.000","8850","25565","131","40","4","3","34.6","391","3413","0","0","0","0","13.4","6204","0","0","0","0","24.3"
"Region 10","2025-08-17T00:00:00.000","8791","25577","98","23","10","1","34.4","391","3325","0","0","0","0","13.0","6248","0","0","0","0","24.4"
"Region 10","2025-08-24T00:00:00.000","8832","25455","122","32","10","2","34.7","389","3060","0","0","0","0","12.0","6224","0","0","0","0","24.5"
"Region 10","2025-08-31T00:00:00.000","8669","25592","165","29","13","3","33.9","390","3016","0","0","0","0","11.8","6252","0","0","0","0","24.4"
"Region 10","2025-09-07T00:00:00.000","8393","25601","151","20","8","1","32.8","391","2858","0","0","0","0","11.2","6181","0","0","0","0","24.1"
"Region 10","2025-09-14T00:00:00.000","8242","25886","179","22","9","0","31.8","393","3042","0","0","0","0","11.8","6128","1","1","1","1","23.7"
"Region 10","2025-09-21T00:00:00.000","8138","26116","213","13","15","0","31.2","393","2987","0","0","0","0","11.4","6057","1","1","1","1","23.2"
"Region 10","2025-09-28T00:00:00.000","7636","25759","171","16","5","1","29.6","389","3615","2","0","0","0","14.0","6246","26","1","1","1","24.2"
"Region 10","2025-10-05T00:00:00.000","7408","25629","139","19","7","1","28.9","386","5214","1","0","0","0","20.3","5931","0","0","0","0","23.1"
"Region 10","2025-10-12T00:00:00.000","7721","25544","130","16","5","0","30.2","387","7253","0","0","0","0","28.4","6097","1","1","1","1","23.9"
"Region 10","2025-10-19T00:00:00.000","7914","25549","153","11","3","0","31.0","386","8620","0","0","0","0","33.7","6255","0","0","0","0","24.5"
"Region 10","2025-10-26T00:00:00.000","8122","25575","129","21","5","1","31.8","385","9798","2","1","2","1","38.3","6122","5","0","3","0","23.9"
"Region 10","2025-11-02T00:00:00.000","8561","25694","143","23","4","0","33.3","384","10757","2","2","0","0","41.9","6176","4","2","1","0","24.0"
"Region 10","2025-11-09T00:00:00.000","8836","25446","116","21","4","0","34.7","383","11385","4","3","2","2","44.7","6162","0","0","0","0","24.2"
"Region 10","2025-11-16T00:00:00.000","9353","25676","88","9","6","2","36.4","385","12064","1","0","0","0","47.0","6254","0","0","0","0","24.4"
"Region 10","2025-11-23T00:00:00.000","9481","25514","71","17","5","1","37.2","383","12269","13","8","2","1","48.1","6342","1","1","0","0","24.9"
"Region 10","2025-11-30T00:00:00.000","9464","25315","39","10","6","1","37.4","381","12365","12","5","1","1","48.8","6296","0","0","0","0","24.9"
"Region 10","2025-12-07T00:00:00.000","9645","25399","29","3","0","0","38.0","381","12315","8","4","1","1","48.5","6461","6","0","0","0","25.4"
"Region 10","2025-12-14T00:00:00.000","9729","25622","27","3","3","0","38.0","382","12574","14","11","1","1","49.1","6418","0","0","1","0","25.0"
"Region 10","2025-12-21T00:00:00.000","9792","25638","52","6","1","0","38.2","381","12648","12","0","0","0","49.3","6472","3","2","2","0","25.2"
"Region 10","2025-12-28T00:00:00.000","9775","25527","20","7","0","0","38.3","379","12646","9","3","1","0","49.5","6497","1","0","0","0","25.5"
"Region 10","2026-01-04T00:00:00.000","9703","25642","49","8","2","0","37.8","381","12729","54","25","8","5","49.6","6494","0","0","0","0","25.3"
"Region 10","2026-01-11T00:00:00.000","9586","25620","65","18","4","0","37.4","378","12696","78","19","17","5","49.6","6450","2","0","1","0","25.2"
"Region 10","2026-01-18T00:00:00.000","9742","25920","46","8","1","0","37.6","378","12867","91","38","20","6","49.6","6538","8","2","5","0","25.2"
"Region 10","2026-01-25T00:00:00.000","9986","26035","34","4","2","0","38.4","378","12910","97","36","24","15","49.6","6563","9","3","5","0","25.2"
"Region 10","2026-02-01T00:00:00.000","9762","25765","46","10","2","0","37.9","375","12731","69","29","18","8","49.4","6475","23","5","4","0","25.1"
"Region 10","2026-02-08T00:00:00.000","9914","25820","43","11","5","3","38.4","376","12838","76","48","20","7","49.7","6637","13","2","3","0","25.7"
"Region 10","2026-02-15T00:00:00.000","9747","25597","44","16","8","0","38.1","373","12555","60","21","14","6","49.0","6769","35","4","7","1","26.4"
"Region 10","2026-02-22T00:00:00.000","9751","25250","30","14","0","0","38.6","369","12637","46","23","15","3","50.0","6542","12","3","5","0","25.9"
"Region 10","2026-03-01T00:00:00.000","9964","25510","40","11","2","0","39.1","373","12761","108","39","27","9","50.0","6592","39","2","9","0","25.8"
"Region 10","2026-03-08T00:00:00.000","9699","24851","45","0","4","2","39.0","366","12439","75","37","17","5","50.1","6504","14","4","6","3","26.2"
"Region 10","2026-03-15T00:00:00.000","9527","24621","36","3","2","0","38.7","361","12359","40","21","11","3","50.2","6454","9","1","8","2","26.2"
"Region 10","2026-03-22T00:00:00.000","8902","22776","7","0","0","0","39.1","331","11867","24","10","8","3","52.1","6229","10","0","6","1","27.3"
"Region 10","2026-03-29T00:00:00.000","4885","12365","12","2","1","0","39.5","178","6962","8","6","3","2","56.3","3612","4","2","1","0","29.2"
"Region 2","2024-10-06T00:00:00.000","22120","137582","502","76","29","3","16.1","932",,,,,,,,,,,,
"Region 2","2024-10-13T00:00:00.000","25201","138202","413","56","28","0","18.2","933",,,,,,,,,,,,
"Region 2","2024-10-20T00:00:00.000","28911","137631","453","64","32","1","21.0","927",,,,,,,,,,,,
"Region 2","2024-10-27T00:00:00.000","33798","137665","620","63","33","5","24.6","929",,,,,,,,,,,,
"Region 2","2024-11-03T00:00:00.000","37986","138458","662","88","40","5","27.4","932",,,,,,,,,,,,
"Region 2","2024-11-10T00:00:00.000","41607","138479","390","47","32","1","30.0","932",,,,,,,,,,,,
"Region 2","2024-11-17T00:00:00.000","44428","137859","256","36","20","5","32.2","927",,,,,,,,,,,,
"Region 2","2024-11-24T00:00:00.000","47025","137847","307","53","17","1","34.1","929",,,,,,,,,,,,
"Region 2","2024-12-01T00:00:00.000","49068","137607","341","77","20","8","35.7","928",,,,,,,,,,,,
"Region 2","2024-12-08T00:00:00.000","51597","137578","451","92","31","6","37.5","928",,,,,,,,,,,,
"Region 2","2024-12-15T00:00:00.000","53301","137736","366","92","30","6","38.7","928",,,,,,,,,,,,
"Region 2","2024-12-22T00:00:00.000","53494","137588","528","124","26","5","38.9","924",,,,,,,,,,,,
"Region 2","2024-12-29T00:00:00.000","53166","135768","554","160","27","6","39.2","918",,,,,,,,,,,,
"Region 2","2025-01-05T00:00:00.000","56228","137034","650","183","47","10","41.0","929",,,,,,,,,,,,
"Region 2","2025-01-12T00:00:00.000","57234","138854","756","196","41","8","41.2","930","88789","292","144","44","20","63.9","25986","109","13","22","4","18.7"
"Region 2","2025-01-19T00:00:00.000","58103","139321","602","152","49","11","41.7","928","89841","341","173","54","29","64.5","25995","83","9","8","1","18.7"
"Region 2","2025-01-26T00:00:00.000","58161","140193","545","137","46","10","41.5","925","89960","466","243","63","31","64.2","26500","85","14","7","0","18.9"
"Region 2","2025-02-02T00:00:00.000","58674","139578","601","128","40","6","42.0","927","91192","567","294","75","40","65.3","26998","94","17","17","2","19.3"
"Region 2","2025-02-09T00:00:00.000","59821","139572","539","109","32","7","42.9","924","91901","440","282","73","39","65.8","27692","60","10","21","2","19.8"
"Region 2","2025-02-16T00:00:00.000","60872","139488","491","135","54","17","43.6","922","91615","450","290","80","52","65.7","27854","64","12","14","2","20.0"
"Region 2","2025-02-23T00:00:00.000","60842","139643","543","140","40","8","43.6","924","92597","347","221","51","27","66.3","28219","55","12","6","1","20.2"
"Region 2","2025-03-02T00:00:00.000","61127","139239","510","128","36","5","43.9","920","92340","248","140","32","16","66.3","28833","56","6","10","1","20.7"
"Region 2","2025-03-09T00:00:00.000","61530","138867","451","108","24","6","44.3","919","91850","190","115","22","14","66.1","29135","55","3","10","1","21.0"
"Region 2","2025-03-16T00:00:00.000","61631","139002","391","100","27","7","44.3","923","91867","190","105","15","7","66.1","29442","89","5","10","0","21.2"
"Region 2","2025-03-23T00:00:00.000","61666","138733","391","83","28","2","44.4","920","92082","248","84","28","17","66.4","29418","51","3","1","0","21.2"
"Region 2","2025-03-30T00:00:00.000","60590","137842","424","98","36","6","44.0","912","91341","176","36","13","7","66.3","29689","40","2","5","0","21.5"
"Region 2","2025-04-06T00:00:00.000","60277","138358","543","127","22","3","43.6","919","92006","156","37","7","5","66.5","29997","42","5","6","0","21.7"
"Region 2","2025-04-13T00:00:00.000","59349","138692","376","97","28","8","42.8","920","91699","55","42","5","2","66.1","29842","13","0","4","0","21.5"
"Region 2","2025-04-20T00:00:00.000","58003","137579","304","85","28","4","42.2","918","90524","61","38","5","2","65.8","29468","17","6","4","1","21.4"
"Region 2","2025-04-27T00:00:00.000","57381","136852","334","82","28","8","41.9","914","89900","35","19","4","3","65.7","29423","6","2","3","2","21.5"
"Region 2","2025-05-04T00:00:00.000","57159","137546","268","69","25","3","41.6","916","90591","9","3","1","0","65.9","29878","4","0","1","0","21.7"
"Region 2","2025-05-11T00:00:00.000","56631","137963","249","68","16","4","41.0","922","89776","11","10","5","5","65.1","29683","6","0","1","0","21.5"
"Region 2","2025-05-18T00:00:00.000","55900","137615","191","44","12","4","40.6","920","89414","1","0","0","0","65.0","30141","4","0","1","0","21.9"
"Region 2","2025-05-25T00:00:00.000","55167","136937","144","42","12","1","40.3","913","89413","1","1","1","1","65.3","29526","3","1","1","0","21.6"
"Region 2","2025-06-01T00:00:00.000","55708","137013","212","67","13","2","40.7","916","89531","103","1","0","0","65.3","30134","26","0","0","0","22.0"
"Region 2","2025-06-08T00:00:00.000","55173","137400","132","33","13","0","40.2","917","89542","104","3","0","0","65.2","30196","35","4","1","0","22.0"
"Region 2","2025-06-15T00:00:00.000","55225","137163","110","33","11","2","40.3","919","89074","107","1","0","0","64.9","29630","28","1","2","0","21.6"
"Region 2","2025-06-22T00:00:00.000","54617","136477","110","18","8","1","40.0","916","88184","104","5","0","0","64.6","29855","17","0","2","0","21.9"
"Region 2","2025-06-29T00:00:00.000","53904","135505","96","21","9","2","39.8","906","85995","106","1","3","0","63.5","29328","16","0","0","0","21.6"
"Region 2","2025-07-06T00:00:00.000","54512","136980","221","14","6","1","39.8","914","0","6","0","0","0","0.0","32666","6","0","0","0","23.8"
"Region 2","2025-07-13T00:00:00.000","54408","136917","124","22","12","1","39.7","915","0","0","0","0","0","0.0","31739","1","0","0","0","23.2"
"Region 2","2025-07-20T00:00:00.000","53958","136709","109","38","11","1","39.5","909","0","0","0","0","0","0.0","30742","1","1","0","0","22.5"
"Region 2","2025-07-27T00:00:00.000","54063","137296","63","21","35","0","39.4","910","0","2","0","2","0","0.0","30230","102","1","0","0","22.0"
"Region 2","2025-08-03T00:00:00.000","53065","136343","187","51","12","1","38.9","906","22355","0","0","0","0","16.4","29375","1","0","0","0","21.5"
"Region 2","2025-08-10T00:00:00.000","53137","136730","212","55","7","0","38.9","908","20453","9","0","0","0","15.0","29518","0","0","0","0","21.6"
"Region 2","2025-08-17T00:00:00.000","52345","136042","197","40","17","3","38.5","905","19803","1","0","0","0","14.6","29162","0","0","0","0","21.4"
"Region 2","2025-08-24T00:00:00.000","51841","136650","230","42","5","1","37.9","907","18607","4","0","0","0","13.6","29337","1","1","0","0","21.5"
"Region 2","2025-08-31T00:00:00.000","51598","136267","230","64","13","1","37.9","903","17252","0","0","0","0","12.7","29108","0","0","0","0","21.4"
"Region 2","2025-09-07T00:00:00.000","50500","136053","266","62","14","2","37.1","905","16721","12","1","0","0","12.3","29221","0","0","0","0","21.5"
"Region 2","2025-09-14T00:00:00.000","49284","136336","441","75","19","5","36.1","907","18326","0","0","2","0","13.4","29286","0","0","0","0","21.5"
"Region 2","2025-09-21T00:00:00.000","47943","136258","452","111","24","8","35.2","905","22867","21","21","0","0","16.8","29191","0","0","0","0","21.4"
"Region 2","2025-09-28T00:00:00.000","45604","136146","339","68","22","2","33.5","903","27349","30","25","0","0","20.1","29342","0","0","0","0","21.6"
"Region 2","2025-10-05T00:00:00.000","43613","137197","398","54","18","3","31.8","901","35208","28","21","0","0","25.7","29652","0","0","0","0","21.6"
"Region 2","2025-10-12T00:00:00.000","41865","134723","397","60","23","3","31.1","897","45535","21","21","0","0","33.8","29129","0","0","0","0","21.6"
"Region 2","2025-10-19T00:00:00.000","41971","134342","251","33","17","2","31.2","890","57193","23","22","0","0","42.6","29057","0","0","0","0","21.6"
"Region 2","2025-10-26T00:00:00.000","42537","134966","181","23","13","0","31.5","892","64260","21","21","0","0","47.6","28853","2","2","0","0","21.4"
"Region 2","2025-11-02T00:00:00.000","43849","135019","248","37","15","7","32.5","893","69774","3","0","3","2","51.7","29318","2","2","2","2","21.7"
"Region 2","2025-11-09T00:00:00.000","45465","135362","282","38","14","2","33.6","896","73864","7","2","2","0","54.6","29696","1","0","0","0","21.9"
"Region 2","2025-11-16T00:00:00.000","44421","134801","365","27","24","1","33.0","892","79592","2","1","0","0","59.0","29368","1","0","0","0","21.8"
"Region 2","2025-11-23T00:00:00.000","45150","134811","215","23","16","1","33.5","892","80907","30","20","2","1","60.0","29699","2","1","2","0","22.0"
"Region 2","2025-11-30T00:00:00.000","46081","133284","254","30","9","3","34.6","884","81032","28","16","5","2","60.8","29427","4","2","1","0","22.1"
"Region 2","2025-12-07T00:00:00.000","46289","133995","213","21","10","2","34.5","889","81536","87","53","11","8","60.9","30248","6","0","5","1","22.6"
"Region 2","2025-12-14T00:00:00.000","47182","134495","430","88","20","3","35.1","889","82064","155","83","18","8","61.0","30243","184","3","2","0","22.5"
"Region 2","2025-12-21T00:00:00.000","46522","133509","427","93","22","3","34.8","880","81351","370","202","63","33","60.9","30476","16","4","4","2","22.8"
"Region 2","2025-12-28T00:00:00.000","46369","132850","452","103","25","6","34.9","880","81565","423","244","66","31","61.4","30378","28","6","2","0","22.9"
"Region 2","2026-01-04T00:00:00.000","46171","132146","417","99","25","7","34.9","874","81805","639","358","107","65","61.9","30081","39","10","6","2","22.8"
"Region 2","2026-01-11T00:00:00.000","46378","131719","348","61","32","1","35.2","867","81784","577","310","85","42","62.1","30111","255","9","8","0","22.9"
"Region 2","2026-01-18T00:00:00.000","46747","132561","343","54","28","1","35.3","869","81988","339","177","54","22","61.8","30031","75","8","9","2","22.7"
"Region 2","2026-01-25T00:00:00.000","46424","131817","434","95","24","3","35.2","857","81144","219","83","29","14","61.6","30153","82","10","15","2","22.9"
"Region 2","2026-02-01T00:00:00.000","46272","131629","274","62","14","3","35.2","859","81159","156","63","12","6","61.7","29931","57","9","9","1","22.7"
"Region 2","2026-02-08T00:00:00.000","45775","124513","338","57","21","4","36.8","816","81630","96","27","11","5","65.6","29875","67","4","8","0","24.0"
"Region 2","2026-02-15T00:00:00.000","45025","122156","248","51","19","2","36.9","801","79731","79","27","3","2","65.3","29666","98","9","14","1","24.3"
"Region 2","2026-02-22T00:00:00.000","44277","120706","273","49","15","1","36.7","794","79009","60","10","5","2","65.5","29174","77","11","14","2","24.2"
"Region 2","2026-03-01T00:00:00.000","44676","121477","299","85","21","4","36.8","798","79868","26","16","5","1","65.7","29366","63","15","11","3","24.2"
"Region 2","2026-03-08T00:00:00.000","44196","119714","286","70","18","4","36.9","783","78279","42","28","4","1","65.4","29278","75","11","10","1","24.5"
"Region 2","2026-03-15T00:00:00.000","42835","123387","171","51","13","2","34.7","798","76007","21","5","6","1","61.6","28214","71","6","16","2","22.9"
"Region 2","2026-03-22T00:00:00.000","39524","114389","152","29","6","1","34.6","747","70515","4","1","1","0","61.6","26078","58","3","9","0","22.8"
"Region 2","2026-03-29T00:00:00.000","27396","72387","138","47","7","4","37.8","478","47643","1","0","0","0","65.8","18008","33","4","8","2","24.9"
"Region 3","2024-10-06T00:00:00.000","18996","132920","934","45","61","4","14.3","1303",,,,,,,,,,,,
"Region 3","2024-10-13T00:00:00.000","21961","133194","601","20","44","0","16.5","1306",,,,,,,,,,,,
"Region 3","2024-10-20T00:00:00.000","27148","133012","588","37","42","3","20.4","1302",,,,,,,,,,,,
"Region 3","2024-10-27T00:00:00.000","32296","133078","723","62","30","3","24.3","1300",,,,,,,,,,,,
"Region 3","2024-11-03T00:00:00.000","36977","133527","821","98","47","4","27.7","1302",,,,,,,,,,,,
"Region 3","2024-11-10T00:00:00.000","40421","133211","774","60","43","4","30.3","1298",,,,,,,,,,,,
"Region 3","2024-11-17T00:00:00.000","43908","132936","471","79","35","5","33.0","1299",,,,,,,,,,,,
"Region 3","2024-11-24T00:00:00.000","48101","132930","583","83","78","5","36.2","1297",,,,,,,,,,,,
"Region 3","2024-12-01T00:00:00.000","49837","131995","557","127","29","6","37.8","1294",,,,,,,,,,,,
"Region 3","2024-12-08T00:00:00.000","51473","131311","658","149","36","11","39.2","1291",,,,,,,,,,,,
"Region 3","2024-12-15T00:00:00.000","52761","132091","811","220","37","10","39.9","1293",,,,,,,,,,,,
"Region 3","2024-12-22T00:00:00.000","53795","131857","734","202","32","6","40.8","1292",,,,,,,,,,,,
"Region 3","2024-12-29T00:00:00.000","54326","131801","1005","241","50","8","41.2","1297",,,,,,,,,,,,
"Region 3","2025-01-05T00:00:00.000","55221","132520","1013","276","71","11","41.7","1304",,,,,,,,,,,,
"Region 3","2025-01-12T00:00:00.000","55280","131276","985","230","71","12","42.1","1288","86436","330","199","61","32","65.8","28130","99","6","27","1","21.4"
"Region 3","2025-01-19T00:00:00.000","56439","132344","933","270","81","14","42.6","1290","87796","416","224","72","43","66.3","29161","133","13","25","0","22.0"
"Region 3","2025-01-26T00:00:00.000","57097","132436","828","199","61","13","43.1","1287","86788","451","244","93","52","65.5","29512","150","14","23","6","22.3"
"Region 3","2025-02-02T00:00:00.000","58004","133059","806","150","37","11","43.6","1289","88077","624","322","117","65","66.2","30226","167","15","33","4","22.7"
"Region 3","2025-02-09T00:00:00.000","58495","132768","736","173","40","15","44.1","1285","88013","735","450","121","60","66.3","31154","120","12","27","2","23.5"
"Region 3","2025-02-16T00:00:00.000","58944","133196","694","207","46","16","44.3","1287","87931","963","516","147","83","66.0","31760","115","14","17","2","23.8"
"Region 3","2025-02-23T00:00:00.000","59205","132801","507","147","39","10","44.6","1283","87756","663","355","132","58","66.1","32124","78","12","21","2","24.2"
"Region 3","2025-03-02T00:00:00.000","59040","133246","546","150","31","6","44.3","1285","88027","508","297","86","41","66.1","33075","57","9","7","1","24.8"
"Region 3","2025-03-09T00:00:00.000","59348","132129","362","101","26","5","44.9","1276","88139","328","198","58","34","66.7","33016","53","6","14","2","25.0"
"Region 3","2025-03-16T00:00:00.000","59031","132061","284","79","23","3","44.7","1277","87878","235","143","51","33","66.5","33041","45","11","10","1","25.0"
"Region 3","2025-03-23T00:00:00.000","58639","132139","301","85","29","5","44.4","1279","87583","177","106","42","30","66.3","33533","51","13","15","2","25.4"
"Region 3","2025-03-30T00:00:00.000","58225","131331","316","131","22","4","44.3","1270","86948","115","64","23","12","66.2","33260","39","9","5","1","25.3"
"Region 3","2025-04-06T00:00:00.000","57226","131304","265","102","24","6","43.6","1277","86429","62","32","10","4","65.8","33323","28","2","12","2","25.4"
"Region 3","2025-04-13T00:00:00.000","55858","131189","218","65","20","4","42.6","1278","86717","31","19","8","3","66.1","33406","26","1","11","0","25.5"
"Region 3","2025-04-20T00:00:00.000","54642","131017","233","55","25","5","41.7","1278","87074","34","12","6","3","66.5","33336","112","5","2","0","25.4"
"Region 3","2025-04-27T00:00:00.000","53102","130634","205","54","17","3","40.6","1275","86503","44","24","10","3","66.2","33419","22","2","5","0","25.6"
"Region 3","2025-05-04T00:00:00.000","52003","130925","130","30","14","3","39.7","1280","86012","10","6","3","1","65.7","33786","9","1","1","0","25.8"
"Region 3","2025-05-11T00:00:00.000","50958","130828","95","26","14","2","39.0","1278","85585","7","3","0","0","65.4","33795","9","1","1","0","25.8"
"Region 3","2025-05-18T00:00:00.000","50110","130292","71","16","8","3","38.5","1273","84677","8","5","0","0","65.0","33647","12","0","4","1","25.8"
"Region 3","2025-05-25T00:00:00.000","49833","130858","72","25","5","1","38.1","1276","85026","9","3","1","1","65.0","33757","17","5","1","0","25.8"
"Region 3","2025-06-01T00:00:00.000","48883","130220","71","11","5","0","37.5","1276","84096","2","2","0","0","64.6","33980","5","2","0","0","26.1"
"Region 3","2025-06-08T00:00:00.000","49189","130006","76","10","4","1","37.8","1272","83821","4","2","0","0","64.5","33645","4","0","0","0","25.9"
"Region 3","2025-06-15T00:00:00.000","48795","129043","85","19","8","2","37.8","1267","83140","0","0","0","0","64.4","33036","1","0","0","0","25.6"
"Region 3","2025-06-22T00:00:00.000","48791","129792","106","30","13","2","37.6","1269","82903","1","0","1","0","63.9","33368","3","0","2","0","25.7"
"Region 3","2025-06-29T00:00:00.000","48582","129802","51","21","7","4","37.4","1270","82411","0","0","0","0","63.5","33903","3","0","3","0","26.1"
"Region 3","2025-07-06T00:00:00.000","48662","129588","135","7","2","0","37.6","1269","0","0","0","1","0","0.0","35948","2","0","0","0","27.7"
"Region 3","2025-07-13T00:00:00.000","48609","131004","162","6","8","2","37.1","1278","0","2","0","1","0","0.0","36013","5","1","8","1","27.5"
"Region 3","2025-07-20T00:00:00.000","48095","130053","97","18","7","0","37.0","1271","0","69","0","0","0","0.0","35852","0","0","0","0","27.6"
"Region 3","2025-07-27T00:00:00.000","47353","129779","165","24","7","0","36.5","1268","0","0","0","2","0","0.0","34846","1","0","0","0","26.9"
"Region 3","2025-08-03T00:00:00.000","47105","130196","213","48","10","1","36.2","1269","19781","0","0","2","0","15.2","34094","1","0","0","0","26.2"
"Region 3","2025-08-10T00:00:00.000","46675","130472","202","50","13","2","35.8","1273","17304","6","0","2","0","13.3","34083","0","0","0","0","26.1"
"Region 3","2025-08-17T00:00:00.000","46365","130343","262","57","65","3","35.6","1270","16455","10","0","3","0","12.6","33604","1","0","1","0","25.8"
"Region 3","2025-08-24T00:00:00.000","46630","130332","397","85","31","7","35.8","1269","15575","1","0","0","0","12.0","33800","1","0","0","0","25.9"
"Region 3","2025-08-31T00:00:00.000","45061","129177","366","86","18","0","34.9","1259","15212","0","0","0","0","11.8","32912","1","0","0","0","25.5"
"Region 3","2025-09-07T00:00:00.000","45027","130051","513","123","35","6","34.6","1265","14497","0","0","0","0","11.1","33301","1","0","0","0","25.6"
"Region 3","2025-09-14T00:00:00.000","43887","130071","696","129","33","3","33.7","1261","17052","0","0","2","0","13.1","33649","2","1","0","0","25.9"
"Region 3","2025-09-21T00:00:00.000","42561","130333","741","130","50","9","32.7","1264","19486","0","0","1","0","15.0","34087","12","1","0","0","26.2"
"Region 3","2025-09-28T00:00:00.000","41471","131452","535","95","35","5","31.5","1257","21962","5","0","0","0","16.7","33740","0","0","0","0","25.7"
"Region 3","2025-10-05T00:00:00.000","39359","129252","425","54","21","1","30.5","1251","31999","3","0","1","0","24.8","33720","0","0","0","0","26.1"
"Region 3","2025-10-12T00:00:00.000","39397","128903","362","42","18","2","30.6","1250","47463","1","0","1","0","36.8","33276","0","0","0","0","25.8"
"Region 3","2025-10-19T00:00:00.000","39419","128176","248","29","24","0","30.8","1245","58980","2","0","1","0","46.0","33100","0","0","0","0","25.8"
"Region 3","2025-10-26T00:00:00.000","39357","128084","238","22","13","1","30.7","1240","66431","8","0","2","0","51.9","33001","1","1","0","0","25.8"
"Region 3","2025-11-02T00:00:00.000","41070","127507","212","21","12","0","32.2","1233","72348","2","1","2","1","56.7","32727","5","0","0","0","25.7"
"Region 3","2025-11-09T00:00:00.000","42067","126346","317","46","9","0","33.3","1220","74243","1","1","0","0","58.8","32863","11","0","0","0","26.0"
"Region 3","2025-11-16T00:00:00.000","42050","125818","346","28","14","2","33.4","1220","76366","7","2","4","1","60.7","33243","4","0","0","0","26.4"
"Region 3","2025-11-23T00:00:00.000","43207","125929","429","52","19","2","34.3","1218","77857","24","12","7","3","61.8","33460","2","0","0","0","26.6"
"Region 3","2025-11-30T00:00:00.000","43553","125190","491","75","12","2","34.8","1214","78489","106","59","5","3","62.7","33307","4","0","1","0","26.6"
"Region 3","2025-12-07T00:00:00.000","43956","124823","356","79","19","0","35.2","1212","78697","87","52","23","11","63.0","33682","6","0","0","0","27.0"
"Region 3","2025-12-14T00:00:00.000","44579","124894","477","85","22","3","35.7","1209","79533","116","67","26","13","63.7","33755","9","1","0","0","27.0"
"Region 3","2025-12-21T00:00:00.000","45492","125066","587","131","34","7","36.4","1208","79788","218","137","48","29","63.8","33566","27","3","13","1","26.8"
"Region 3","2025-12-28T00:00:00.000","45275","123026","548","119","33","8","36.8","1193","78690","345","201","78","45","64.0","33474","38","6","16","0","27.2"
"Region 3","2026-01-04T00:00:00.000","45078","122816","557","102","28","5","36.7","1193","78885","505","314","116","61","64.2","33791","37","6","8","0","27.5"
"Region 3","2026-01-11T00:00:00.000","45672","123268","688","146","42","4","37.1","1189","78752","564","372","108","61","63.9","33752","62","10","9","2","27.4"
"Region 3","2026-01-18T00:00:00.000","45892","123114","606","137","36","5","37.3","1180","78540","401","229","59","36","63.8","34127","65","20","7","0","27.7"
"Region 3","2026-01-25T00:00:00.000","46042","123664","442","127","23","1","37.2","1178","79211","277","150","27","10","64.1","33741","46","5","8","1","27.3"
"Region 3","2026-02-01T00:00:00.000","46373","123471","437","120","13","4","37.6","1174","79222","222","119","39","22","64.2","34012","106","25","11","5","27.5"
"Region 3","2026-02-08T00:00:00.000","46856","123102","322","71","23","2","38.1","1173","78545","184","104","42","22","63.8","34179","89","21","16","1","27.8"
"Region 3","2026-02-15T00:00:00.000","46287","122468","324","69","9","0","37.8","1165","78211","151","81","14","8","63.9","33767","80","14","14","2","27.6"
"Region 3","2026-02-22T00:00:00.000","46021","120250","279","43","12","2","38.3","1143","77199","89","42","19","9","64.2","33423","132","22","26","2","27.8"
"Region 3","2026-03-01T00:00:00.000","45629","119687","327","65","24","1","38.1","1140","77019","80","45","14","8","64.4","33506","108","18","9","2","28.0"
"Region 3","2026-03-08T00:00:00.000","45967","117009","347","65","27","2","39.3","1125","75533","76","47","18","6","64.6","32961","96","14","14","4","28.2"
"Region 3","2026-03-15T00:00:00.000","44590","111980","259","58","16","2","39.8","1083","72386","39","18","8","5","64.6","32267","69","14","10","1","28.8"
"Region 3","2026-03-22T00:00:00.000","40236","101606","189","53","15","4","39.6","984","65458","29","6","4","1","64.4","29618","54","14","12","1","29.1"
"Region 3","2026-03-29T00:00:00.000","22753","56501","82","16","7","2","40.3","537","36590","8","6","1","0","64.8","16860","24","4","8","2","29.8"
"Region 4","2024-10-06T00:00:00.000","33624","229646","677","42","62","3","14.6","2443",,,,,,,,,,,,
"Region 4","2024-10-13T00:00:00.000","36727","237861","516","17","54","4","15.4","2526",,,,,,,,,,,,
"Region 4","2024-10-20T00:00:00.000","41805","227711","518","39","37","3","18.4","2407",,,,,,,,,,,,
"Region 4","2024-10-27T00:00:00.000","49474","225998","630","50","46","5","21.9","2400",,,,,,,,,,,,
"Region 4","2024-11-03T00:00:00.000","56059","238396","501","54","34","5","23.5","2530",,,,,,,,,,,,
"Region 4","2024-11-10T00:00:00.000","60709","238304","451","53","30","4","25.5","2536",,,,,,,,,,,,
"Region 4","2024-11-17T00:00:00.000","66142","237493","316","38","26","5","27.9","2527",,,,,,,,,,,,
"Region 4","2024-11-24T00:00:00.000","69963","237447","362","46","18","4","29.5","2525",,,,,,,,,,,,
"Region 4","2024-12-01T00:00:00.000","71511","236427","432","104","22","3","30.2","2526",,,,,,,,,,,,
"Region 4","2024-12-08T00:00:00.000","73541","236220","543","129","36","8","31.1","2523",,,,,,,,,,,,
"Region 4","2024-12-15T00:00:00.000","75112","237435","882","174","50","8","31.6","2524",,,,,,,,,,,,
"Region 4","2024-12-22T00:00:00.000","77014","237103","945","159","59","8","32.5","2527",,,,,,,,,,,,
"Region 4","2024-12-29T00:00:00.000","77073","234515","938","140","74","9","32.9","2515",,,,,,,,,,,,
"Region 4","2025-01-05T00:00:00.000","77423","228316","1065","244","86","15","33.9","2445",,,,,,,,,,,,
"Region 4","2025-01-12T00:00:00.000","78467","231887","1117","222","81","11","33.8","2482","135501","541","272","125","49","58.4","29569","93","8","29","1","12.8"
"Region 4","2025-01-19T00:00:00.000","77843","225897","1057","233","74","12","34.5","2396","132315","808","389","145","67","58.6","29690","98","4","24","1","13.1"
"Region 4","2025-01-26T00:00:00.000","80947","238015","978","228","71","18","34.0","2515","134936","844","410","186","91","56.7","31355","118","7","40","1","13.2"
"Region 4","2025-02-02T00:00:00.000","82357","240122","989","172","72","13","34.3","2526","138502","1124","551","222","104","57.7","32465","119","11","36","2","13.5"
"Region 4","2025-02-09T00:00:00.000","82834","239479","884","166","70","19","34.6","2522","138507","975","455","213","92","57.8","32756","121","14","72","2","13.7"
"Region 4","2025-02-16T00:00:00.000","83509","239826","672","131","47","5","34.8","2523","138049","578","261","113","46","57.6","34125","74","9","23","2","14.2"
"Region 4","2025-02-23T00:00:00.000","83983","239688","595","186","42","8","35.0","2516","138285","441","217","101","41","57.7","34447","73","6","17","0","14.4"
"Region 4","2025-03-02T00:00:00.000","84053","239420","681","171","43","7","35.1","2516","138424","549","283","107","49","57.8","34874","35","7","11","2","14.6"
"Region 4","2025-03-09T00:00:00.000","83814","238644","784","164","76","10","35.1","2519","138671","482","237","87","40","58.1","35440","30","3","5","2","14.9"
"Region 4","2025-03-16T00:00:00.000","83621","238321","702","198","66","14","35.1","2516","137734","280","135","53","28","57.8","35488","75","0","8","0","14.9"
"Region 4","2025-03-23T00:00:00.000","83080","238658","657","155","56","8","34.8","2519","138001","179","74","31","13","57.8","35870","30","1","8","0","15.0"
"Region 4","2025-03-30T00:00:00.000","81919","238219","609","125","56","9","34.4","2506","137027","164","88","31","15","57.5","36337","13","3","7","1","15.3"
"Region 4","2025-04-06T00:00:00.000","80175","238487","543","123","36","5","33.6","2520","137577","104","53","30","10","57.7","36459","11","2","5","0","15.3"
"Region 4","2025-04-13T00:00:00.000","79256","238666","384","65","30","3","33.2","2522","137148","49","22","13","6","57.5","36685","24","1","6","1","15.4"
"Region 4","2025-04-20T00:00:00.000","76794","237757","417","57","30","5","32.3","2518","135821","24","11","10","4","57.1","36363","11","1","7","1","15.3"
"Region 4","2025-04-27T00:00:00.000","74261","228750","338","45","22","3","32.5","2415","131883","23","17","2","2","57.7","34891","13","1","6","1","15.3"
"Region 4","2025-05-04T00:00:00.000","74020","238144","260","35","26","3","31.1","2529","135594","16","5","1","0","56.9","36464","20","6","4","0","15.3"
"Region 4","2025-05-11T00:00:00.000","71996","237460","205","31","22","2","30.3","2522","134284","33","15","4","2","56.6","36355","15","2","3","0","15.3"
"Region 4","2025-05-18T00:00:00.000","71306","237046","147","23","9","0","30.1","2517","133909","12","7","2","1","56.5","36401","16","1","0","0","15.4"
"Region 4","2025-05-25T00:00:00.000","70310","238798","203","18","20","2","29.4","2516","132944","2","1","3","1","55.7","36472","17","1","3","0","15.3"
"Region 4","2025-06-01T00:00:00.000","70156","236504","166","40","11","1","29.7","2517","132558","9","6","3","2","56.0","36532","2","1","1","0","15.4"
"Region 4","2025-06-08T00:00:00.000","70149","237515","267","57","15","3","29.5","2523","132466","16","8","2","0","55.8","36901","4","0","2","0","15.5"
"Region 4","2025-06-15T00:00:00.000","69109","229326","188","23","9","1","30.1","2434","128054","16","10","4","3","55.8","35948","7","3","3","3","15.7"
"Region 4","2025-06-22T00:00:00.000","69453","236885","183","17","12","1","29.3","2513","130926","1","0","2","2","55.3","37017","1","0","1","1","15.6"
"Region 4","2025-06-29T00:00:00.000","68302","236261","229","34","14","2","28.9","2511","127318","2","1","2","1","53.9","37344","3","0","1","0","15.8"
"Region 4","2025-07-06T00:00:00.000","67398","227013","517","41","29","2","29.7","2412","0","7","0","7","0","0.0","41397","1","0","1","0","18.2"
"Region 4","2025-07-13T00:00:00.000","67460","230390","607","59","10","0","29.3","2445","0","34","0","2","0","0.0","41013","1","0","0","0","17.8"
"Region 4","2025-07-20T00:00:00.000","66925","230290","610","44","24","1","29.1","2442","0","53","0","2","0","0.0","40144","0","0","0","0","17.4"
"Region 4","2025-07-27T00:00:00.000","65998","230200","677","38","29","3","28.7","2437","0","10","0","2","0","0.0","39287","20","0","2","0","17.1"
"Region 4","2025-08-03T00:00:00.000","66289","237670","481","54","27","4","27.9","2514","34876","6","1","0","0","14.7","38941","0","0","0","0","16.4"
"Region 4","2025-08-10T00:00:00.000","65662","237024","568","107","26","3","27.7","2508","33906","2","0","1","0","14.3","38676","1","1","0","0","16.3"
"Region 4","2025-08-17T00:00:00.000","64998","237123","702","104","31","0","27.4","2508","33272","12","0","4","0","14.0","38426","1","0","0","0","16.2"
"Region 4","2025-08-24T00:00:00.000","64140","233127","801","89","46","5","27.5","2469","32835","0","0","1","0","14.1","38374","1","0","0","0","16.5"
"Region 4","2025-08-31T00:00:00.000","64182","236393","1023","160","62","4","27.2","2489","31417","8","1","2","1","13.3","37912","2","0","1","0","16.0"
"Region 4","2025-09-07T00:00:00.000","62271","236983","1137","177","80","5","26.3","2505","28389","10","4","2","0","12.0","38032","4","1","0","0","16.0"
"Region 4","2025-09-14T00:00:00.000","60456","236644","979","115","49","5","25.5","2496","29196","6","0","2","0","12.3","37507","2","1","3","3","15.8"
"Region 4","2025-09-21T00:00:00.000","58995","236676","843","82","45","7","24.9","2489","33962","3","1","9","0","14.3","37612","3","0","2","0","15.9"
"Region 4","2025-09-28T00:00:00.000","57758","236440","648","49","31","2","24.4","2486","43519","4","0","2","0","18.4","37490","2","0","1","0","15.9"
"Region 4","2025-10-05T00:00:00.000","55356","236259","497","51","29","1","23.4","2487","59994","15","0","1","0","25.4","37537","0","0","0","0","15.9"
"Region 4","2025-10-12T00:00:00.000","55020","234042","307","13","15","0","23.5","2464","76889","12","3","3","0","32.9","37900","0","0","1","0","16.2"
"Region 4","2025-10-19T00:00:00.000","55408","234186","238","10","19","0","23.7","2459","90930","7","5","3","0","38.8","37939","2","0","0","0","16.2"
"Region 4","2025-10-26T00:00:00.000","57318","233017","212","24","13","2","24.6","2445","101431","7","6","2","0","43.5","37723","7","0","0","0","16.2"
"Region 4","2025-11-02T00:00:00.000","58255","233810","249","10","8","0","24.9","2449","108577","33","5","6","3","46.4","38449","4","0","1","0","16.4"
"Region 4","2025-11-09T00:00:00.000","59403","233263","273","49","15","2","25.5","2449","113619","33","8","2","2","48.7","38542","9","3","1","0","16.5"
"Region 4","2025-11-16T00:00:00.000","60214","232809","275","38","13","1","25.9","2445","116667","9","4","2","0","50.1","38820","6","1","0","0","16.7"
"Region 4","2025-11-23T00:00:00.000","61688","231773","390","50","19","2","26.6","2431","118115","24","12","7","3","51.0","39275","8","5","1","1","16.9"
"Region 4","2025-11-30T00:00:00.000","61811","229891","372","47","24","3","26.9","2417","117974","28","9","6","5","51.3","39003","11","2","1","1","17.0"
"Region 4","2025-12-07T00:00:00.000","63287","231789","267","54","14","2","27.3","2439","120220","97","46","13","7","51.9","39442","23","5","2","1","17.0"
"Region 4","2025-12-14T00:00:00.000","63583","224585","375","60","11","3","28.3","2345","117847","180","81","29","16","52.5","38698","20","3","9","1","17.2"
"Region 4","2025-12-21T00:00:00.000","64084","231106","591","53","34","4","27.7","2424","119972","374","177","55","22","51.9","39784","32","9","11","2","17.2"
"Region 4","2025-12-28T00:00:00.000","63348","228330","810","96","52","4","27.7","2403","119263","459","224","85","43","52.2","39514","63","20","14","6","17.3"
"Region 4","2026-01-04T00:00:00.000","63554","220336","646","98","42","3","28.8","2319","116223","592","280","116","57","52.7","38412","40","3","9","1","17.4"
"Region 4","2026-01-11T00:00:00.000","63445","228246","576","88","35","5","27.8","2398","119883","597","270","119","56","52.5","39263","55","2","17","2","17.2"
"Region 4","2026-01-18T00:00:00.000","63751","229440","574","84","41","3","27.8","2392","120801","339","181","85","46","52.7","39038","41","6","5","0","17.0"
"Region 4","2026-01-25T00:00:00.000","63872","230352","525","63","27","2","27.7","2393","120377","224","89","46","17","52.3","39166","36","4","5","0","17.0"
"Region 4","2026-02-01T00:00:00.000","64175","231374","416","68","25","4","27.7","2399","120862","328","159","68","26","52.2","39492","29","3","14","1","17.1"
"Region 4","2026-02-08T00:00:00.000","63879","230822","459","63","28","4","27.7","2396","121407","374","176","67","29","52.6","38996","55","3","18","2","16.9"
"Region 4","2026-02-15T00:00:00.000","63416","229592","532","55","29","2","27.6","2379","120625","460","170","76","36","52.5","39272","68","5","11","1","17.1"
"Region 4","2026-02-22T00:00:00.000","62792","227801","526","94","28","0","27.6","2355","119050","320","139","48","14","52.3","38971","83","5","10","0","17.1"
"Region 4","2026-03-01T00:00:00.000","63010","226888","427","66","30","5","27.8","2346","118667","191","86","32","13","52.3","38777","74","5","16","0","17.1"
"Region 4","2026-03-08T00:00:00.000","62118","224573","298","54","29","7","27.7","2319","116854","118","44","23","13","52.0","38469","55","5","13","1","17.1"
"Region 4","2026-03-15T00:00:00.000","60788","219105","255","53","16","2","27.7","2261","113947","109","30","17","6","52.0","37945","40","4","19","3","17.3"
"Region 4","2026-03-22T00:00:00.000","56005","195376","130","30","13","1","28.7","2010","103459","43","19","11","5","53.0","34522","10","2","7","1","17.7"
"Region 4","2026-03-29T00:00:00.000","36847","122756","158","21","8","1","30.0","1251","64280","4","1","2","1","52.4","22868","5","1","5","3","18.6"
"Region 5","2024-10-06T00:00:00.000","32767","234548","1567","72","110","7","14.0","3071",,,,,,,,,,,,
"Region 5","2024-10-13T00:00:00.000","38674","235181","1222","62","78","2","16.4","3076",,,,,,,,,,,,
"Region 5","2024-10-20T00:00:00.000","47542","236125","1218","104","69","4","20.1","3079",,,,,,,,,,,,
"Region 5","2024-10-27T00:00:00.000","57016","234992","1373","130","75","4","24.3","3067",,,,,,,,,,,,
"Region 5","2024-11-03T00:00:00.000","66837","236395","1135","162","85","14","28.3","3080",,,,,,,,,,,,
"Region 5","2024-11-10T00:00:00.000","74092","235689","1013","139","53","9","31.4","3070",,,,,,,,,,,,
"Region 5","2024-11-17T00:00:00.000","79425","235942","887","125","35","8","33.7","3070",,,,,,,,,,,,
"Region 5","2024-11-24T00:00:00.000","84726","235407","940","192","40","3","36.0","3059",,,,,,,,,,,,
"Region 5","2024-12-01T00:00:00.000","88077","234920","950","182","51","13","37.5","3066",,,,,,,,,,,,
"Region 5","2024-12-08T00:00:00.000","91764","235023","1239","292","63","15","39.0","3067",,,,,,,,,,,,
"Region 5","2024-12-15T00:00:00.000","94315","235734","1570","466","71","17","40.0","3067",,,,,,,,,,,,
"Region 5","2024-12-22T00:00:00.000","96318","235909","1964","561","104","24","40.8","3061",,,,,,,,,,,,
"Region 5","2024-12-29T00:00:00.000","97368","234463","2163","594","125","20","41.5","3057",,,,,,,,,,,,
"Region 5","2025-01-05T00:00:00.000","99823","235905","2665","823","140","30","42.3","3079",,,,,,,,,,,,
"Region 5","2025-01-12T00:00:00.000","100519","234881","2203","738","155","37","42.8","3051","142941","503","279","137","72","60.9","48822","92","8","34","2","20.8"
"Region 5","2025-01-19T00:00:00.000","101022","236338","1857","484","109","32","42.7","3044","144274","562","327","153","76","61.0","49777","142","12","29","1","21.1"
"Region 5","2025-01-26T00:00:00.000","102482","237028","1561","490","102","23","43.2","3041","143896","688","421","163","94","60.7","50315","138","21","46","9","21.2"
"Region 5","2025-02-02T00:00:00.000","103566","237427","1434","389","100","21","43.6","3047","143146","922","503","188","92","60.3","51491","170","31","25","1","21.7"
"Region 5","2025-02-09T00:00:00.000","104546","237177","1145","406","93","19","44.1","3041","143327","1262","650","265","128","60.4","52553","159","29","31","6","22.2"
"Region 5","2025-02-16T00:00:00.000","104069","237384","1208","424","88","17","43.8","3042","144172","1458","716","237","110","60.7","53114","160","17","21","3","22.4"
"Region 5","2025-02-23T00:00:00.000","104131","237184","954","345","88","31","43.9","3037","144027","1218","652","242","118","60.7","53552","120","9","26","1","22.6"
"Region 5","2025-03-02T00:00:00.000","104543","237247","723","241","58","21","44.1","3040","145044","974","520","189","95","61.1","54476","119","16","27","5","23.0"
"Region 5","2025-03-09T00:00:00.000","105266","236265","638","265","67","18","44.6","3036","145065","754","309","137","77","61.4","54695","78","10","25","3","23.1"
"Region 5","2025-03-16T00:00:00.000","105123","235947","727","260","62","24","44.6","3032","144976","450","205","73","37","61.4","55836","94","13","18","2","23.7"
"Region 5","2025-03-23T00:00:00.000","104588","235390","647","178","64","9","44.4","3025","146046","315","159","58","28","62.0","55807","86","4","11","0","23.7"
"Region 5","2025-03-30T00:00:00.000","102560","234041","529","153","41","11","43.8","3015","145142","173","89","29","14","62.0","55855","63","6","9","1","23.9"
"Region 5","2025-04-06T00:00:00.000","100911","234032","581","150","37","11","43.1","3020","144271","97","49","19","11","61.6","55730","51","7","14","3","23.8"
"Region 5","2025-04-13T00:00:00.000","99005","233671","386","98","29","10","42.4","3014","144143","63","33","12","5","61.7","56089","59","4","14","0","24.0"
"Region 5","2025-04-20T00:00:00.000","96845","233767","448","100","40","10","41.4","3023","143776","37","24","13","5","61.5","56620","28","2","8","0","24.2"
"Region 5","2025-04-27T00:00:00.000","94369","233523","392","80","29","7","40.4","3016","143379","48","17","10","4","61.4","56855","18","5","6","1","24.3"
"Region 5","2025-05-04T00:00:00.000","92524","235578","200","66","19","5","39.3","3028","143448","23","4","2","1","60.9","57138","17","5","7","0","24.3"
"Region 5","2025-05-11T00:00:00.000","90669","233674","149","43","18","4","38.8","3016","142425","9","3","5","2","61.0","57202","8","0","6","0","24.5"
"Region 5","2025-05-18T00:00:00.000","89348","233404","138","37","11","1","38.3","3018","141850","24","3","1","0","60.8","56998","10","3","1","0","24.4"
"Region 5","2025-05-25T00:00:00.000","88510","234333","136","36","3","0","37.8","3009","141295","9","4","2","2","60.3","56982","6","1","3","1","24.3"
"Region 5","2025-06-01T00:00:00.000","87529","231876","123","19","8","0","37.7","3008","140409","1","0","3","1","60.6","56557","6","1","1","0","24.4"
"Region 5","2025-06-08T00:00:00.000","86888","232190","183","37","15","1","37.4","3006","140065","6","4","2","1","60.3","56470","4","0","0","0","24.3"
"Region 5","2025-06-15T00:00:00.000","86708","232991","128","16","12","2","37.2","3010","139815","5","2","1","1","60.0","56457","5","2","1","0","24.2"
"Region 5","2025-06-22T00:00:00.000","86193","233111","144","33","19","10","37.0","3001","137847","12","11","9","9","59.1","56543","11","10","9","9","24.3"
"Region 5","2025-06-29T00:00:00.000","86511","232537","75","13","5","1","37.2","2990","137783","4","3","1","0","59.3","56499","3","2","1","0","24.3"
"Region 5","2025-07-06T00:00:00.000","85573","232835","231","9","2","1","36.8","3003","0","28","0","3","0","0.0","60281","0","0","0","0","25.9"
"Region 5","2025-07-13T00:00:00.000","84219","232505","205","17","8","2","36.2","3000","0","1","0","0","0","0.0","59051","1","0","0","0","25.4"
"Region 5","2025-07-20T00:00:00.000","84027","232744","238","24","8","1","36.1","3000","0","1","0","2","0","0.0","59205","2","0","2","0","25.4"
"Region 5","2025-07-27T00:00:00.000","83472","232749","276","40","4","0","35.9","2994","0","0","0","0","0","0.0","58364","0","0","0","0","25.1"
"Region 5","2025-08-03T00:00:00.000","82897","232539","268","57","18","4","35.6","2995","29628","4","0","4","0","12.7","57020","0","0","1","0","24.5"
"Region 5","2025-08-10T00:00:00.000","81879","231188","387","78","21","1","35.4","2981","29364","2","1","0","0","12.7","56465","0","0","0","0","24.4"
"Region 5","2025-08-17T00:00:00.000","81290","231586","392","78","17","5","35.1","2982","28054","126","0","1","0","12.1","56821","0","0","0","0","24.5"
"Region 5","2025-08-24T00:00:00.000","80062","233712","372","66","19","3","34.3","2973","26449","15","0","2","0","11.3","56412","0","0","0","0","24.1"
"Region 5","2025-08-31T00:00:00.000","78506","230147","567","109","36","8","34.1","2954","25230","68","0","1","0","11.0","56215","1","0","1","0","24.4"
"Region 5","2025-09-07T00:00:00.000","77902","230628","702","113","47","3","33.8","2973","25459","0","0","0","0","11.0","56580","0","0","0","0","24.5"
"Region 5","2025-09-14T00:00:00.000","76785","231766","776","176","33","8","33.1","2978","26194","6","0","0","0","11.3","56379","2","0","0","0","24.3"
"Region 5","2025-09-21T00:00:00.000","74817","231065","809","161","38","6","32.4","2958","29570","11","0","1","0","12.8","55993","0","0","0","0","24.2"
"Region 5","2025-09-28T00:00:00.000","72844","231817","699","119","31","1","31.4","2960","35740","3","0","0","0","15.4","56013","3","0","11","0","24.2"
"Region 5","2025-10-05T00:00:00.000","70460","230538","513","88","24","4","30.6","2946","49837","7","1","1","0","21.6","56001","0","0","0","0","24.3"
"Region 5","2025-10-12T00:00:00.000","69271","230228","325","62","28","3","30.1","2947","71120","5","0","0","0","30.9","55628","1","0","0","0","24.2"
"Region 5","2025-10-19T00:00:00.000","69723","230190","297","56","27","2","30.3","2939","87564","2","0","1","0","38.0","56010","2","0","0","0","24.3"
"Region 5","2025-10-26T00:00:00.000","72184","229543","221","47","13","1","31.4","2934","100751","6","0","0","0","43.9","56631","1","1","1","0","24.7"
"Region 5","2025-11-02T00:00:00.000","74479","229192","324","33","23","2","32.5","2926","109706","36","2","2","0","47.9","56750","4","1","1","0","24.8"
"Region 5","2025-11-09T00:00:00.000","77216","228840","366","60","18","1","33.7","2924","115830","11","7","0","0","50.6","57166","5","0","0","0","25.0"
"Region 5","2025-11-16T00:00:00.000","79953","229568","493","71","37","8","34.8","2928","120463","10","4","4","1","52.5","57713","3","0","0","0","25.1"
"Region 5","2025-11-23T00:00:00.000","81391","227978","527","73","33","8","35.7","2914","122090","36","6","6","4","53.6","58029","6","1","2","0","25.5"
"Region 5","2025-11-30T00:00:00.000","82170","226437","603","89","34","5","36.3","2898","123676","39","17","7","3","54.6","58080","10","0","2","0","25.6"
"Region 5","2025-12-07T00:00:00.000","84159","227551","817","126","56","8","37.0","2916","125384","74","36","21","13","55.1","58130","11","1","3","1","25.5"
"Region 5","2025-12-14T00:00:00.000","85552","227847","1040","180","65","9","37.5","2910","126247","166","71","33","12","55.4","58170","23","1","2","1","25.5"
"Region 5","2025-12-21T00:00:00.000","86683","227610","1240","238","76","12","38.1","2908","126994","214","106","48","23","55.8","58081","30","4","3","0","25.5"
"Region 5","2025-12-28T00:00:00.000","86568","224842","1470","274","89","13","38.5","2886","125967","434","251","90","45","56.0","58423","28","6","4","0","26.0"
"Region 5","2026-01-04T00:00:00.000","86332","224690","1655","362","103","21","38.4","2890","126671","746","354","144","58","56.4","58044","52","8","13","0","25.8"
"Region 5","2026-01-11T00:00:00.000","86914","224774","1890","393","89","15","38.7","2867","127038","737","374","120","67","56.5","58236","55","9","16","0","25.9"
"Region 5","2026-01-18T00:00:00.000","87599","226208","1514","352","101","22","38.7","2871","127591","431","238","122","59","56.4","58599","41","11","20","2","25.9"
"Region 5","2026-01-25T00:00:00.000","87281","225614","1343","330","77","15","38.7","2855","127133","355","205","66","32","56.3","58873","42","6","15","2","26.1"
"Region 5","2026-02-01T00:00:00.000","87854","226406","1160","253","73","18","38.8","2855","128128","305","168","47","28","56.6","59106","55","7","12","2","26.1"
"Region 5","2026-02-08T00:00:00.000","87799","225377","1019","272","62","14","39.0","2849","127837","320","162","60","33","56.7","59384","51","3","16","3","26.3"
"Region 5","2026-02-15T00:00:00.000","87456","224425","822","183","59","9","39.0","2835","127850","190","88","31","13","57.0","59695","106","32","24","6","26.6"
"Region 5","2026-02-22T00:00:00.000","86995","223192","711","193","57","15","39.0","2807","125942","178","88","22","15","56.4","59052","75","8","19","2","26.5"
"Region 5","2026-03-01T00:00:00.000","86729","220272","725","163","44","13","39.4","2782","125199","168","92","46","17","56.8","58904","71","10","28","3","26.7"
"Region 5","2026-03-08T00:00:00.000","85187","215621","555","151","29","6","39.5","2727","122467","94","46","15","7","56.8","58074","70","13","28","5","26.9"
"Region 5","2026-03-15T00:00:00.000","83182","210314","369","84","30","11","39.6","2653","119917","62","34","74","8","57.0","56696","100","16","25","3","27.0"
"Region 5","2026-03-22T00:00:00.000","76376","191438","318","50","23","2","39.9","2416","109347","50","24","14","6","57.1","51588","98","21","28","7","26.9"
"Region 5","2026-03-29T00:00:00.000","47067","117321","170","52","3","1","40.1","1445","64454","22","14","7","5","54.9","31473","46","6","12","3","26.8"
"Region 6","2024-10-06T00:00:00.000","15255","148925","350","8","34","3","10.2","1958",,,,,,,,,,,,
"Region 6","2024-10-13T00:00:00.000","17217","149088","193","12","23","0","11.5","1959",,,,,,,,,,,,
"Region 6","2024-10-20T00:00:00.000","20808","147707","252","14","22","3","14.1","1944",,,,,,,,,,,,
"Region 6","2024-10-27T00:00:00.000","23796","148325","333","11","27","1","16.0","1947",,,,,,,,,,,,
"Region 6","2024-11-03T00:00:00.000","27423","148685","192","16","17","2","18.4","1953",,,,,,,,,,,,
"Region 6","2024-11-10T00:00:00.000","30075","149040","187","22","16","3","20.2","1955",,,,,,,,,,,,
"Region 6","2024-11-17T00:00:00.000","32338","148533","178","23","18","2","21.8","1952",,,,,,,,,,,,
"Region 6","2024-11-24T00:00:00.000","34630","148690","264","34","11","4","23.3","1953",,,,,,,,,,,,
"Region 6","2024-12-01T00:00:00.000","36107","147874","278","57","21","4","24.4","1950",,,,,,,,,,,,
"Region 6","2024-12-08T00:00:00.000","36803","147455","360","58","27","5","25.0","1945",,,,,,,,,,,,
"Region 6","2024-12-15T00:00:00.000","38196","148069","662","75","34","2","25.8","1946",,,,,,,,,,,,
"Region 6","2024-12-22T00:00:00.000","39110","148040","656","73","32","5","26.4","1946",,,,,,,,,,,,
"Region 6","2024-12-29T00:00:00.000","39058","145939","621","63","31","6","26.8","1929",,,,,,,,,,,,
"Region 6","2025-01-05T00:00:00.000","40002","148039","562","122","42","7","27.0","1957",,,,,,,,,,,,
"Region 6","2025-01-12T00:00:00.000","39909","143569","453","77","35","4","27.8","1905","86404","177","76","35","20","60.2","12385","74","1","18","0","8.6"
"Region 6","2025-01-19T00:00:00.000","40974","144296","517","90","44","7","28.4","1905","86632","330","159","90","48","60.0","12558","24","3","14","0","8.7"
"Region 6","2025-01-26T00:00:00.000","41384","143932","680","92","30","4","28.8","1899","87703","483","235","92","48","60.9","13116","28","3","10","2","9.1"
"Region 6","2025-02-02T00:00:00.000","42176","144827","535","102","51","7","29.1","1906","88492","656","347","159","75","61.1","13525","66","3","24","3","9.3"
"Region 6","2025-02-09T00:00:00.000","42520","144332","569","95","45","10","29.5","1900","87692","543","299","120","65","60.8","13693","55","6","19","0","9.5"
"Region 6","2025-02-16T00:00:00.000","42922","144633","292","58","37","7","29.7","1897","87904","324","161","84","44","60.8","14042","48","2","18","1","9.7"
"Region 6","2025-02-23T00:00:00.000","43692","148256","410","91","35","6","29.5","1929","89681","247","125","50","22","60.5","14270","33","1","15","1","9.6"
"Region 6","2025-03-02T00:00:00.000","43314","144811","299","57","31","4","29.9","1898","87824","344","143","62","37","60.6","14078","14","1","5","1","9.7"
"Region 6","2025-03-09T00:00:00.000","43060","144870","344","67","31","4","29.7","1900","87390","165","79","36","13","60.3","14185","24","0","17","1","9.8"
"Region 6","2025-03-16T00:00:00.000","43202","144889","338","58","28","4","29.8","1898","87069","135","74","29","16","60.1","14394","27","2","12","0","9.9"
"Region 6","2025-03-23T00:00:00.000","43361","144445","288","61","23","4","30.0","1894","87694","188","65","22","8","60.7","14746","19","2","5","0","10.2"
"Region 6","2025-03-30T00:00:00.000","43902","147224","235","60","20","3","29.8","1916","86407","150","45","16","10","58.7","15214","10","2","3","1","10.3"
"Region 6","2025-04-06T00:00:00.000","41952","142805","302","65","19","4","29.4","1884","83867","62","14","9","2","58.7","15090","38","18","3","1","10.6"
"Region 6","2025-04-13T00:00:00.000","41900","143495","312","63","20","1","29.2","1887","82170","30","7","5","1","57.3","15224","12","2","4","1","10.6"
"Region 6","2025-04-20T00:00:00.000","40935","143159","296","46","15","1","28.6","1883","81809","43","22","3","2","57.1","15263","12","2","6","0","10.7"
"Region 6","2025-04-27T00:00:00.000","41917","146961","184","25","10","2","28.5","1922","83679","34","19","3","2","56.9","15680","7","2","3","0","10.7"
"Region 6","2025-05-04T00:00:00.000","38746","143107","131","23","9","0","27.1","1889","81210","25","9","4","1","56.7","15737","5","2","2","0","11.0"
"Region 6","2025-05-11T00:00:00.000","38004","143216","87","8","10","0","26.5","1894","85252","19","6","3","1","59.5","15408","4","2","0","0","10.8"
"Region 6","2025-05-18T00:00:00.000","38035","143361","82","15","7","1","26.5","1894","85224","16","1","3","1","59.4","15578","8","4","1","0","10.9"
"Region 6","2025-05-25T00:00:00.000","38959","145690","114","7","9","1","26.7","1909","82796","13","3","2","1","56.8","15661","3","1","2","0","10.7"
"Region 6","2025-06-01T00:00:00.000","38056","143169","93","14","6","1","26.6","1894","84315","19","7","3","1","58.9","15566","2","1","0","0","10.9"
"Region 6","2025-06-08T00:00:00.000","37250","142267","41","4","1","0","26.2","1882","83259","12","2","1","0","58.5","15505","1","1","0","0","10.9"
"Region 6","2025-06-15T00:00:00.000","36929","142637","55","2","8","0","25.9","1883","77942","11","2","3","1","54.6","15401","2","1","0","0","10.8"
"Region 6","2025-06-22T00:00:00.000","38190","146896","88","14","7","2","26.0","1927","83800","12","3","2","1","57.0","15734","4","2","0","0","10.7"
"Region 6","2025-06-29T00:00:00.000","36714","141332","91","29","6","0","26.0","1870","78780","9","1","0","0","55.7","15500","2","1","1","1","11.0"
"Region 6","2025-07-06T00:00:00.000","36771","141419","364","26","12","2","26.0","1874","0","9","0","4","0","0.0","19579","3","0","1","0","13.8"
"Region 6","2025-07-13T00:00:00.000","36430","142163","196","28","10","3","25.6","1880","0","6","0","1","0","0.0","18484","4","0","0","0","13.0"
"Region 6","2025-07-20T00:00:00.000","35763","142174","242","34","11","2","25.2","1875","0","18","0","3","0","0.0","18511","80","0","2","0","13.0"
"Region 6","2025-07-27T00:00:00.000","36228","145596","307","62","19","6","24.9","1904","0","10","0","1","0","0.0","18361","2","0","2","0","12.6"
"Region 6","2025-08-03T00:00:00.000","34516","142039","339","69","17","2","24.3","1873","17797","8","0","0","0","12.5","16783","0","0","0","0","11.8"
"Region 6","2025-08-10T00:00:00.000","33774","142004","326","59","11","1","23.8","1868","18204","10","0","1","0","12.8","16483","0","0","0","0","11.6"
"Region 6","2025-08-17T00:00:00.000","32654","142218","409","61","24","3","23.0","1867","17547","31","0","2","0","12.3","16249","0","0","1","0","11.4"
"Region 6","2025-08-24T00:00:00.000","33546","145643","373","57","24","1","23.0","1898","18676","5","0","0","0","12.8","16495","1","0","0","0","11.3"
"Region 6","2025-08-31T00:00:00.000","31897","142011","395","53","35","2","22.5","1858","15502","9","0","5","0","10.9","16198","1","0","1","0","11.4"
"Region 6","2025-09-07T00:00:00.000","31524","142901","628","66","23","3","22.1","1876","15066","6","0","3","0","10.5","16474","0","0","0","0","11.5"
"Region 6","2025-09-14T00:00:00.000","30820","142953","536","78","25","1","21.6","1875","15796","7","0","0","0","11.0","15847","4","0","0","0","11.1"
"Region 6","2025-09-21T00:00:00.000","30537","142979","474","84","25","1","21.4","1869","18895","6","0","0","0","13.2","15802","5","0","0","0","11.1"
"Region 6","2025-09-28T00:00:00.000","30624","144170","254","24","13","0","21.2","1875","26131","10","0","2","0","18.1","15959","0","0","0","0","11.1"
"Region 6","2025-10-05T00:00:00.000","29739","142159","284","31","16","0","20.9","1859","31323","5","1","1","0","22.0","16010","1","0","1","0","11.3"
"Region 6","2025-10-12T00:00:00.000","29320","140185","223","20","17","0","20.9","1839","43566","4","1","2","1","31.1","15999","1","0","0","0","11.4"
"Region 6","2025-10-19T00:00:00.000","29725","140883","113","10","7","0","21.1","1843","51665","5","3","0","0","36.7","15778","1","1","1","1","11.2"
"Region 6","2025-10-26T00:00:00.000","30962","142891","111","6","9","1","21.7","1858","60078","6","0","0","0","42.0","15917","3","0","1","0","11.1"
"Region 6","2025-11-02T00:00:00.000","31577","140011","205","9","9","0","22.6","1834","63915","3","2","1","0","45.6","16152","0","0","1","0","11.5"
"Region 6","2025-11-09T00:00:00.000","32076","139598","102","3","8","1","23.0","1829","67521","8","5","3","3","48.4","16122","0","0","0","0","11.5"
"Region 6","2025-11-16T00:00:00.000","31573","141132","119","5","8","0","22.4","1840","68734","7","1","1","1","48.7","16552","1","0","0","0","11.7"
"Region 6","2025-11-23T00:00:00.000","33269","143278","148","30","9","1","23.2","1853","72489","6","1","2","1","50.6","16473","0","0","0","0","11.5"
"Region 6","2025-11-30T00:00:00.000","32368","138619","153","14","9","1","23.4","1805","69973","34","7","9","3","50.5","16150","0","0","0","0","11.7"
"Region 6","2025-12-07T00:00:00.000","32795","139418","118","17","10","0","23.5","1819","71148","103","8","6","1","51.0","16213","1","0","1","0","11.6"
"Region 6","2025-12-14T00:00:00.000","32904","139221","182","15","10","1","23.6","1812","69951","51","30","15","10","50.2","16084","2","0","1","0","11.6"
"Region 6","2025-12-21T00:00:00.000","34154","142444","278","35","10","2","24.0","1841","74288","76","32","13","7","52.2","16592","2","0","0","0","11.6"
"Region 6","2025-12-28T00:00:00.000","32758","137956","244","45","15","2","23.7","1800","72606","164","84","41","17","52.6","16126","0","0","2","0","11.7"
"Region 6","2026-01-04T00:00:00.000","33351","138051","340","52","24","5","24.2","1795","72047","144","37","35","13","52.2","16108","4","0","3","0","11.7"
"Region 6","2026-01-11T00:00:00.000","32523","137452","326","30","15","1","23.7","1792","72508","233","92","44","16","52.8","15880","12","0","3","0","11.6"
"Region 6","2026-01-18T00:00:00.000","33238","138334","241","33","17","0","24.0","1792","73638","143","71","31","15","53.2","16069","13","0","6","0","11.6"
"Region 6","2026-01-25T00:00:00.000","33466","140758","160","5","14","0","23.8","1810","75122","203","82","46","13","53.4","15908","20","0","6","0","11.3"
"Region 6","2026-02-01T00:00:00.000","32761","136948","258","25","12","0","23.9","1772","72573","179","99","56","23","53.0","15652","18","1","6","0","11.4"
"Region 6","2026-02-08T00:00:00.000","32369","135236","260","30","13","0","23.9","1755","72113","214","118","48","21","53.3","15249","17","1","3","0","11.3"
"Region 6","2026-02-15T00:00:00.000","32193","135743","288","78","16","4","23.7","1756","74492","262","83","48","13","54.9","15434","16","0","5","0","11.4"
"Region 6","2026-02-22T00:00:00.000","31558","137132","221","43","9","3","23.0","1765","75371","246","92","40","23","55.0","15266","13","0","6","0","11.1"
"Region 6","2026-03-01T00:00:00.000","31399","133749","137","13","11","0","23.5","1731","70903","108","55","22","10","53.0","15177","22","1","4","0","11.3"
"Region 6","2026-03-08T00:00:00.000","31318","132182","160","16","10","2","23.7","1712","69668","98","36","29","17","52.7","14866","13","0","2","0","11.2"
"Region 6","2026-03-15T00:00:00.000","30635","129766","145","17","9","1","23.6","1669","68228","48","20","7","3","52.6","14641","19","3","6","1","11.3"
"Region 6","2026-03-22T00:00:00.000","27913","120157","163","14","8","0","23.2","1550","65095","35","16","13","5","54.2","13635","18","4","8","1","11.3"
"Region 6","2026-03-29T00:00:00.000","18081","85704","50","4","5","1","21.1","1103","47146","20","5","4","0","55.0","8580","9","0","1","0","10.0"
"Region 7","2024-10-06T00:00:00.000","12499","78526","684","18","37","1","15.9","1309",,,,,,,,,,,,
"Region 7","2024-10-13T00:00:00.000","15031","78461","493","14","26","1","19.2","1311",,,,,,,,,,,,
"Region 7","2024-10-20T00:00:00.000","18891","77601","365","17","24","1","24.3","1299",,,,,,,,,,,,
"Region 7","2024-10-27T00:00:00.000","22576","77020","333","29","21","6","29.3","1287",,,,,,,,,,,,
"Region 7","2024-11-03T00:00:00.000","26073","77534","348","17","12","0","33.6","1291",,,,,,,,,,,,
"Region 7","2024-11-10T00:00:00.000","28743","77870","229","30","15","2","36.9","1294",,,,,,,,,,,,
"Region 7","2024-11-17T00:00:00.000","30057","77462","249","35","15","4","38.8","1289",,,,,,,,,,,,
"Region 7","2024-11-24T00:00:00.000","31428","77250","280","98","22","7","40.7","1286",,,,,,,,,,,,
"Region 7","2024-12-01T00:00:00.000","32310","77146","220","75","12","3","41.9","1289",,,,,,,,,,,,
"Region 7","2024-12-08T00:00:00.000","32766","76935","362","85","32","3","42.6","1287",,,,,,,,,,,,
"Region 7","2024-12-15T00:00:00.000","34272","76874","618","153","30","7","44.6","1282",,,,,,,,,,,,
"Region 7","2024-12-22T00:00:00.000","34864","76920","578","169","35","6","45.3","1280",,,,,,,,,,,,
"Region 7","2024-12-29T00:00:00.000","34877","76197","682","232","34","13","45.8","1272",,,,,,,,,,,,
"Region 7","2025-01-05T00:00:00.000","35206","76734","865","302","44","20","45.9","1282",,,,,,,,,,,,
"Region 7","2025-01-12T00:00:00.000","35097","75281","843","287","60","13","46.6","1258","50821","181","79","55","24","67.5","17307","43","5","7","2","23.0"
"Region 7","2025-01-19T00:00:00.000","35541","75774","506","191","73","7","46.9","1254","50827","155","106","48","28","67.1","17794","20","3","6","0","23.5"
"Region 7","2025-01-26T00:00:00.000","35542","76018","399","157","18","5","46.8","1257","50507","188","115","45","34","66.4","17851","29","8","8","2","23.5"
"Region 7","2025-02-02T00:00:00.000","35877","76826","315","122","32","12","46.7","1266","51200","346","205","100","62","66.6","18304","37","7","12","1","23.8"
"Region 7","2025-02-09T00:00:00.000","35863","76252","278","95","27","13","47.0","1257","50988","369","217","110","60","66.9","18496","36","2","10","0","24.3"
"Region 7","2025-02-16T00:00:00.000","35702","76361","345","140","13","4","46.8","1260","51159","437","248","107","59","67.0","18670","40","3","7","0","24.4"
"Region 7","2025-02-23T00:00:00.000","35754","76228","322","118","20","3","46.9","1258","51116","450","262","101","55","67.1","18916","45","7","12","1","24.8"
"Region 7","2025-03-02T00:00:00.000","35939","76041","276","118","25","3","47.3","1253","50947","287","159","72","36","67.0","19060","35","7","11","2","25.1"
"Region 7","2025-03-09T00:00:00.000","36062","76359","228","100","13","2","47.2","1259","51014","251","152","40","29","66.8","19238","51","30","10","1","25.2"
"Region 7","2025-03-16T00:00:00.000","35542","75852","250","102","11","3","46.9","1253","50771","214","97","29","17","66.9","19384","25","1","11","1","25.6"
"Region 7","2025-03-23T00:00:00.000","35329","75534","163","49","7","2","46.8","1248","50099","70","40","50","6","66.3","19172","25","1","12","0","25.4"
"Region 7","2025-03-30T00:00:00.000","34797","75314","113","36","10","0","46.2","1243","50323","56","39","23","16","66.8","19153","16","1","6","0","25.4"
"Region 7","2025-04-06T00:00:00.000","33445","75407","131","70","7","3","44.4","1246","50281","19","9","10","4","66.7","19319","29","6","7","0","25.6"
"Region 7","2025-04-13T00:00:00.000","32175","75297","108","41","6","1","42.7","1244","49857","24","10","11","3","66.2","19401","28","2","4","0","25.8"
"Region 7","2025-04-20T00:00:00.000","31024","75536","128","65","11","4","41.1","1251","49871","12","4","7","1","66.0","19449","11","0","2","0","25.7"
"Region 7","2025-04-27T00:00:00.000","30182","75394","130","61","5","1","40.0","1245","49771","2","2","1","1","66.0","19576","16","2","5","1","26.0"
"Region 7","2025-05-04T00:00:00.000","29561","75844","89","33","6","0","39.0","1255","50121","8","3","4","1","66.1","20110","8","1","8","0","26.5"
"Region 7","2025-05-11T00:00:00.000","29044","75872","97","24","6","1","38.3","1256","50055","8","1","7","1","66.0","20072","6","0","4","0","26.5"
"Region 7","2025-05-18T00:00:00.000","28733","75785","67","23","6","0","37.9","1252","49816","7","3","0","0","65.7","20172","1","0","1","0","26.6"
"Region 7","2025-05-25T00:00:00.000","28418","76013","87","30","6","2","37.4","1252","49650","7","2","5","1","65.3","20159","4","1","2","1","26.5"
"Region 7","2025-06-01T00:00:00.000","27544","75313","54","5","0","0","36.6","1246","49343","5","3","1","1","65.5","19984","1","1","1","1","26.5"
"Region 7","2025-06-08T00:00:00.000","27244","74932","32","9","6","0","36.4","1243","48576","1","0","0","0","64.8","19862","1","1","1","1","26.5"
"Region 7","2025-06-15T00:00:00.000","27465","75158","73","3","6","0","36.5","1242","48736","0","0","0","0","64.8","19783","1","0","0","0","26.3"
"Region 7","2025-06-22T00:00:00.000","27659","75540","10","2","0","0","36.6","1243","48771","0","0","0","0","64.6","19950","1","0","0","0","26.4"
"Region 7","2025-06-29T00:00:00.000","27181","74837","30","9","2","1","36.3","1234","47284","1","0","1","0","63.2","19880","0","0","0","0","26.6"
"Region 7","2025-07-06T00:00:00.000","27385","74854","116","3","4","2","36.6","1241","0","8","0","1","0","0.0","21103","1","0","0","0","28.2"
"Region 7","2025-07-13T00:00:00.000","27009","75021","39","6","3","0","36.0","1243","0","3","0","4","0","0.0","21264","0","0","0","0","28.3"
"Region 7","2025-07-20T00:00:00.000","26762","75244","57","16","1","1","35.6","1244","0","1","0","0","0","0.0","21052","0","0","0","0","28.0"
"Region 7","2025-07-27T00:00:00.000","26497","75100","45","7","0","0","35.3","1240","0","8","0","1","0","0.0","20734","0","0","0","0","27.6"
"Region 7","2025-08-03T00:00:00.000","26043","75122","96","13","3","0","34.7","1235","9793","3","0","1","0","13.0","20059","0","0","0","0","26.7"
"Region 7","2025-08-10T00:00:00.000","26148","75591","119","15","8","0","34.6","1242","10263","0","0","0","0","13.6","20355","0","0","0","0","26.9"
"Region 7","2025-08-17T00:00:00.000","25903","75446","134","19","7","0","34.3","1239","9076","2","0","2","0","12.0","20150","0","0","1","0","26.7"
"Region 7","2025-08-24T00:00:00.000","25169","73921","197","39","5","0","34.0","1223","8610","1","0","0","0","11.6","19843","0","0","0","0","26.8"
"Region 7","2025-08-31T00:00:00.000","25007","74670","185","45","9","0","33.5","1221","8360","25","0","0","0","11.2","20132","0","0","0","0","27.0"
"Region 7","2025-09-07T00:00:00.000","24592","74573","208","35","17","1","33.0","1227","7992","0","0","0","0","10.7","20194","0","0","0","0","27.1"
"Region 7","2025-09-14T00:00:00.000","23658","73828","309","39","11","3","32.0","1214","8130","3","0","0","0","11.0","19760","0","0","0","0","26.8"
"Region 7","2025-09-21T00:00:00.000","23845","74471","267","26","18","0","32.0","1221","9263","1","0","2","0","12.4","20074","0","0","0","0","27.0"
"Region 7","2025-09-28T00:00:00.000","23259","73999","217","25","14","0","31.4","1212","11214","6","1","2","1","15.2","20012","0","0","0","0","27.0"
"Region 7","2025-10-05T00:00:00.000","22269","73680","211","24","18","1","30.2","1209","15186","2","0","1","0","20.6","20044","0","0","0","0","27.2"
"Region 7","2025-10-12T00:00:00.000","22327","73497","127","12","5","0","30.4","1206","21352","2","0","2","0","29.1","19807","0","0","0","0","26.9"
"Region 7","2025-10-19T00:00:00.000","23133","72972","217","16","7","0","31.7","1199","28269","2","0","2","0","38.7","19927","0","0","0","0","27.3"
"Region 7","2025-10-26T00:00:00.000","24112","72421","55","6","6","1","33.3","1190","33633","4","0","1","0","46.4","20258","77","0","48","0","28.0"
"Region 7","2025-11-02T00:00:00.000","25011","72514","83","6","7","0","34.5","1190","38328","3","1","0","0","52.9","20468","0","0","0","0","28.2"
"Region 7","2025-11-09T00:00:00.000","26058","72075","65","10","6","1","36.2","1183","40459","1","0","1","0","56.1","20526","0","0","0","0","28.5"
"Region 7","2025-11-16T00:00:00.000","26450","72077","202","13","8","0","36.7","1185","41697","1","1","0","0","57.9","20413","0","0","0","0","28.3"
"Region 7","2025-11-23T00:00:00.000","26887","71616","191","28","6","1","37.5","1176","42085","4","4","0","0","58.8","20343","1","0","0","0","28.4"
"Region 7","2025-11-30T00:00:00.000","27147","71258","142","19","15","1","38.1","1174","42144","8","6","4","0","59.1","20650","1","0","2","0","29.0"
"Region 7","2025-12-07T00:00:00.000","27237","71169","208","55","15","0","38.3","1177","42486","8","7","1","1","59.7","20620","3","1","0","0","29.0"
"Region 7","2025-12-14T00:00:00.000","27114","70995","323","61","17","4","38.2","1167","42474","19","13","11","9","59.8","20579","2","0","0","0","29.0"
"Region 7","2025-12-21T00:00:00.000","27439","70714","398","91","23","2","38.8","1167","42745","58","33","11","4","60.4","20599","0","0","0","0","29.1"
"Region 7","2025-12-28T00:00:00.000","27259","70243","392","102","14","4","38.8","1160","42905","100","67","23","12","61.1","20495","1","0","1","0","29.2"
"Region 7","2026-01-04T00:00:00.000","27344","69975","458","157","29","7","39.1","1154","42397","188","122","45","30","60.6","20255","7","2","2","1","28.9"
"Region 7","2026-01-11T00:00:00.000","27092","69635","488","93","32","7","38.9","1147","42201","231","163","49","33","60.6","20067","29","0","2","0","28.8"
"Region 7","2026-01-18T00:00:00.000","27173","70085","412","105","24","5","38.8","1144","42731","177","115","31","15","61.0","20131","14","1","8","0","28.7"
"Region 7","2026-01-25T00:00:00.000","27237","70337","375","77","26","5","38.7","1148","42842","164","82","25","10","60.9","20590","14","0","2","0","29.3"
"Region 7","2026-02-01T00:00:00.000","27683","70465","315","93","27","5","39.3","1147","43003","163","95","35","16","61.0","20357","11","4","9","4","28.9"
"Region 7","2026-02-08T00:00:00.000","27880","69902","314","91","13","1","39.9","1138","42758","117","62","38","20","61.2","20158","13","3","8","1","28.8"
"Region 7","2026-02-15T00:00:00.000","27162","69050","294","85","16","5","39.3","1126","42236","164","91","41","17","61.2","19968","15","4","9","0","28.9"
"Region 7","2026-02-22T00:00:00.000","26350","67834","257","82","11","2","38.8","1102","41334","132","62","45","21","60.9","19454","23","0","6","0","28.7"
"Region 7","2026-03-01T00:00:00.000","26018","67574","161","42","15","4","38.5","1099","41273","72","38","21","11","61.1","19569","28","2","5","2","29.0"
"Region 7","2026-03-08T00:00:00.000","25424","65999","208","43","10","1","38.5","1076","40080","72","42","13","9","60.7","19341","24","2","9","0","29.3"
"Region 7","2026-03-15T00:00:00.000","24230","62569","119","24","5","1","38.7","1019","37712","14","10","4","4","60.3","18146","20","2","5","0","29.0"
"Region 7","2026-03-22T00:00:00.000","22613","58141","50","7","4","1","38.9","946","35868","16","10","5","2","61.7","17299","10","0","8","2","29.8"
"Region 7","2026-03-29T00:00:00.000","14541","38813","39","2","3","0","37.5","632","23583","2","0","1","1","60.8","10892","6","0","1","0","28.1"
"Region 8","2024-10-06T00:00:00.000","5694","35143","232","17","11","1","16.2","549",,,,,,,,,,,,
"Region 8","2024-10-13T00:00:00.000","6641","35045","262","30","13","0","18.9","549",,,,,,,,,,,,
"Region 8","2024-10-20T00:00:00.000","8858","34752","246","29","11","0","25.5","545",,,,,,,,,,,,
"Region 8","2024-10-27T00:00:00.000","10884","34776","216","22","16","3","31.3","546",,,,,,,,,,,,
"Region 8","2024-11-03T00:00:00.000","12364","34724","196","42","12","2","35.6","543",,,,,,,,,,,,
"Region 8","2024-11-10T00:00:00.000","13570","34827","161","31","15","1","39.0","546",,,,,,,,,,,,
"Region 8","2024-11-17T00:00:00.000","14659","34913","243","53","9","0","42.0","548",,,,,,,,,,,,
"Region 8","2024-11-24T00:00:00.000","15360","34860","172","47","8","1","44.1","546",,,,,,,,,,,,
"Region 8","2024-12-01T00:00:00.000","15621","34709","218","67","10","1","45.0","546",,,,,,,,,,,,
"Region 8","2024-12-08T00:00:00.000","16049","34830","236","68","16","5","46.1","547",,,,,,,,,,,,
"Region 8","2024-12-15T00:00:00.000","16499","34782","291","59","12","3","47.4","546",,,,,,,,,,,,
"Region 8","2024-12-22T00:00:00.000","16652","34632","274","95","14","9","48.1","544",,,,,,,,,,,,
"Region 8","2024-12-29T00:00:00.000","16618","34410","275","124","28","9","48.3","545",,,,,,,,,,,,
"Region 8","2025-01-05T00:00:00.000","16581","34391","356","157","25","14","48.2","547",,,,,,,,,,,,
"Region 8","2025-01-12T00:00:00.000","16656","34269","273","108","18","8","48.6","538","22616","103","58","20","8","66.0","10655","4","3","0","0","31.1"
"Region 8","2025-01-19T00:00:00.000","16667","34324","188","53","22","8","48.6","537","23134","67","31","17","8","67.4","10766","5","1","2","0","31.4"
"Region 8","2025-01-26T00:00:00.000","16863","34391","155","42","18","4","49.0","536","22255","78","43","19","8","64.7","10310","13","1","4","1","30.0"
"Region 8","2025-02-02T00:00:00.000","16903","34574","86","30","15","3","48.9","538","23271","125","82","27","7","67.3","10770","11","0","5","0","31.2"
"Region 8","2025-02-09T00:00:00.000","17121","34633","84","35","6","3","49.4","539","23336","155","85","30","18","67.4","10788","8","1","3","0","31.1"
"Region 8","2025-02-16T00:00:00.000","17204","34611","108","31","8","2","49.7","538","23431","195","91","34","23","67.7","10848","39","0","11","0","31.3"
"Region 8","2025-02-23T00:00:00.000","17375","34900","110","31","8","2","49.8","539","23637","101","62","24","15","67.7","11037","18","2","7","0","31.6"
"Region 8","2025-03-02T00:00:00.000","17439","34926","108","32","11","6","49.9","541","23651","101","30","93","4","67.7","11133","25","3","9","0","31.9"
"Region 8","2025-03-09T00:00:00.000","17345","34727","55","17","4","0","49.9","539","23614","47","9","7","1","68.0","11242","22","0","12","0","32.4"
"Region 8","2025-03-16T00:00:00.000","17405","34975","43","21","5","2","49.8","539","23530","61","29","11","4","67.3","11302","30","1","5","0","32.3"
"Region 8","2025-03-23T00:00:00.000","17278","34967","29","10","6","1","49.4","539","23610","22","10","7","6","67.5","11211","31","9","6","0","32.1"
"Region 8","2025-03-30T00:00:00.000","16668","34784","57","32","2","0","47.9","539","23661","45","32","14","8","68.0","11189","29","3","6","0","32.2"
"Region 8","2025-04-06T00:00:00.000","16172","34765","60","29","4","0","46.5","539","23521","43","29","12","9","67.7","11096","31","9","9","2","31.9"
"Region 8","2025-04-13T00:00:00.000","15668","34782","30","13","1","1","45.0","540","23441","19","5","5","3","67.4","11320","11","3","2","0","32.5"
"Region 8","2025-04-20T00:00:00.000","15256","34665","14","4","0","0","44.0","537","23257","30","11","6","2","67.1","11266","16","0","6","0","32.5"
"Region 8","2025-04-27T00:00:00.000","14793","34693","28","11","2","1","42.6","538","23386","33","17","4","2","67.4","11327","21","2","4","0","32.6"
"Region 8","2025-05-04T00:00:00.000","14933","34964","43","16","2","1","42.7","541","23525","10","1","2","1","67.3","11365","11","0","0","0","32.5"
"Region 8","2025-05-11T00:00:00.000","14772","34888","34","18","2","0","42.3","540","23534","39","20","0","0","67.5","11333","5","3","0","0","32.5"
"Region 8","2025-05-18T00:00:00.000","14745","35064","30","6","2","0","42.1","538","23317","25","7","0","0","66.5","11521","4","2","0","0","32.9"
"Region 8","2025-05-25T00:00:00.000","14114","34737","14","5","2","1","40.6","534","23160","12","1","1","0","66.7","11305","3","1","1","0","32.5"
"Region 8","2025-06-01T00:00:00.000","14180","34618","22","7","4","2","41.0","532","23181","10","0","2","1","67.0","11304","2","0","1","0","32.7"
"Region 8","2025-06-08T00:00:00.000","14394","34551","88","5","2","1","41.7","532","23143","45","1","1","0","67.0","11395","37","0","0","0","33.0"
"Region 8","2025-06-15T00:00:00.000","14395","35048","38","6","4","0","41.1","531","23024","9","1","0","0","65.7","11351","1","0","9","0","32.4"
"Region 8","2025-06-22T00:00:00.000","14233","34509","12","4","1","1","41.2","529","23014","11","1","1","1","66.7","11268","1","0","0","0","32.7"
"Region 8","2025-06-29T00:00:00.000","14038","34173","5","0","0","0","41.1","525","21763","9","1","1","1","63.7","11156","1","0","0","0","32.6"
"Region 8","2025-07-06T00:00:00.000","14302","34773","32","1","0","0","41.1","534","0","8","0","0","0","0.0","11563","1","0","0","0","33.3"
"Region 8","2025-07-13T00:00:00.000","14060","34722","42","1","2","0","40.5","535","0","8","0","0","0","0.0","11481","1","0","0","0","33.1"
"Region 8","2025-07-20T00:00:00.000","14039","34757","55","29","3","0","40.4","532","0","11","0","0","0","0.0","11448","0","0","0","0","32.9"
"Region 8","2025-07-27T00:00:00.000","14053","35069","52","26","2","0","40.1","531","0","13","0","0","0","0.0","11441","0","0","0","0","32.6"
"Region 8","2025-08-03T00:00:00.000","14031","34922","57","21","1","0","40.2","530","5134","0","0","0","0","14.7","11265","0","0","6","1","32.3"
"Region 8","2025-08-10T00:00:00.000","14011","34955","65","18","3","0","40.1","531","5156","0","0","0","0","14.8","11205","1","0","0","0","32.1"
"Region 8","2025-08-17T00:00:00.000","13924","35128","76","19","6","0","39.6","532","4952","0","0","0","0","14.1","11225","0","0","0","0","32.0"
"Region 8","2025-08-24T00:00:00.000","13974","35126","103","27","4","0","39.8","530","4964","1","0","1","0","14.1","11279","0","0","0","0","32.1"
"Region 8","2025-08-31T00:00:00.000","13480","34742","152","39","8","0","38.8","524","4851","0","0","0","0","14.0","11088","0","0","0","0","31.9"
"Region 8","2025-09-07T00:00:00.000","13333","34891","121","22","1","0","38.2","529","4335","1","0","0","0","12.4","11044","0","0","0","0","31.7"
"Region 8","2025-09-14T00:00:00.000","13196","34734","193","47","9","1","38.0","526","4186","5","1","1","0","12.1","10772","0","0","0","0","31.0"
"Region 8","2025-09-21T00:00:00.000","12700","34277","112","31","5","0","37.1","522","4178","2","0","1","0","12.2","10748","0","0","0","0","31.4"
"Region 8","2025-09-28T00:00:00.000","12549","34449","179","37","6","0","36.4","520","4775","0","0","0","0","13.9","10894","0","0","0","0","31.6"
"Region 8","2025-10-05T00:00:00.000","11655","34279","127","32","6","1","34.0","514","6973","2","0","1","0","20.3","10857","0","0","0","0","31.7"
"Region 8","2025-10-12T00:00:00.000","11491","33880","93","9","3","0","33.9","510","9546","0","0","0","0","28.2","10825","0","0","0","0","32.0"
"Region 8","2025-10-19T00:00:00.000","11890","33724","142","15","11","0","35.3","509","11726","5","5","2","2","34.8","10769","0","0","0","0","31.9"
"Region 8","2025-10-26T00:00:00.000","12922","33913","78","23","5","1","38.1","509","13678","8","5","5","4","40.3","10911","0","0","0","0","32.2"
"Region 8","2025-11-02T00:00:00.000","13156","33802","74","18","2","0","38.9","505","15260","1","0","0","0","45.1","10954","0","0","0","0","32.4"
"Region 8","2025-11-09T00:00:00.000","13531","33590","83","29","3","0","40.3","503","16318","0","0","0","0","48.6","11090","0","0","0","0","33.0"
"Region 8","2025-11-16T00:00:00.000","14060","33742","116","44","3","0","41.7","505","17314","1","0","0","0","51.3","11242","0","0","0","0","33.3"
"Region 8","2025-11-23T00:00:00.000","14201","33603","110","45","3","0","42.3","505","18042","21","15","4","4","53.7","11276","0","0","0","0","33.6"
"Region 8","2025-11-30T00:00:00.000","13997","32918","83","17","3","0","42.5","498","17790","1","0","0","0","54.0","11190","0","0","0","0","34.0"
"Region 8","2025-12-07T00:00:00.000","14280","33158","159","50","4","1","43.1","500","17922","25","16","5","1","54.1","11370","0","0","0","0","34.3"
"Region 8","2025-12-14T00:00:00.000","14502","33502","160","41","11","0","43.3","503","18296","9","5","6","3","54.6","11403","0","0","0","0","34.0"
"Region 8","2025-12-21T00:00:00.000","14552","33753","118","27","5","1","43.1","505","18537","39","27","5","4","54.9","11644","0","0","0","0","34.5"
"Region 8","2025-12-28T00:00:00.000","14638","33311","151","45","7","0","43.9","500","18708","105","44","25","13","56.2","11514","21","0","0","0","34.6"
"Region 8","2026-01-04T00:00:00.000","14492","33301","184","45","5","1","43.5","503","18616","93","57","18","10","55.9","11247","5","0","0","0","33.8"
"Region 8","2026-01-11T00:00:00.000","14414","33496","236","50","11","0","43.0","502","18665","155","58","24","6","55.7","11299","6","0","1","0","33.7"
"Region 8","2026-01-18T00:00:00.000","14525","33759","265","64","4","0","43.0","503","18894","65","25","7","1","56.0","11366","1","0","0","0","33.7"
"Region 8","2026-01-25T00:00:00.000","14485","33468","178","66","9","2","43.3","501","18762","95","50","3","1","56.1","11431","0","0","0","0","34.2"
"Region 8","2026-02-01T00:00:00.000","14779","33756","150","35","4","1","43.8","503","19000","16","8","8","1","56.3","11499","1","1","0","0","34.1"
"Region 8","2026-02-08T00:00:00.000","14877","33685","90","24","4","0","44.2","502","18975","36","19","7","6","56.3","11501","1","0","0","0","34.1"
"Region 8","2026-02-15T00:00:00.000","14701","33472","83","13","5","2","43.9","499","19108","47","29","7","6","57.1","11582","10","1","3","0","34.6"
"Region 8","2026-02-22T00:00:00.000","14828","33426","126","20","3","0","44.4","495","18924","31","21","3","0","56.6","11603","17","0","5","0","34.7"
"Region 8","2026-03-01T00:00:00.000","14856","33299","171","50","12","7","44.6","496","18797","16","9","2","2","56.4","11542","9","3","1","0","34.7"
"Region 8","2026-03-08T00:00:00.000","14550","32829","119","42","8","2","44.3","491","18794","9","2","5","2","57.2","11544","15","1","6","0","35.2"
"Region 8","2026-03-15T00:00:00.000","14494","31736","101","27","5","2","45.7","471","18360","8","5","1","0","57.9","11255","8","1","3","0","35.5"
"Region 8","2026-03-22T00:00:00.000","12702","27256","30","17","3","1","46.6","409","16790","9","7","3","0","61.6","10046","7","3","2","1","36.9"
"Region 8","2026-03-29T00:00:00.000","7341","15569","9","3","1","1","47.2","231","10278","0","0","1","1","66.0","6245","4","2","0","0","40.1"
"Region 9","2024-10-06T00:00:00.000","25514","121338","531","54","32","2","21.0","1386",,,,,,,,,,,,
"Region 9","2024-10-13T00:00:00.000","31092","120733","433","26","37","0","25.8","1384",,,,,,,,,,,,
"Region 9","2024-10-20T00:00:00.000","35697","120623","301","36","24","3","29.6","1379",,,,,,,,,,,,
"Region 9","2024-10-27T00:00:00.000","40652","120734","224","30","19","0","33.7","1379",,,,,,,,,,,,
"Region 9","2024-11-03T00:00:00.000","43899","119737","285","25","25","3","36.7","1373",,,,,,,,,,,,
"Region 9","2024-11-10T00:00:00.000","46320","119695","409","70","15","4","38.7","1370",,,,,,,,,,,,
"Region 9","2024-11-17T00:00:00.000","48226","119263","475","153","19","2","40.4","1364",,,,,,,,,,,,
"Region 9","2024-11-24T00:00:00.000","49773","119531","497","135","27","2","41.6","1365",,,,,,,,,,,,
"Region 9","2024-12-01T00:00:00.000","50629","119118","533","148","27","6","42.5","1361",,,,,,,,,,,,
"Region 9","2024-12-08T00:00:00.000","51797","119362","372","75","25","2","43.4","1360",,,,,,,,,,,,
"Region 9","2024-12-15T00:00:00.000","52543","119428","306","94","34","3","44.0","1360",,,,,,,,,,,,
"Region 9","2024-12-22T00:00:00.000","53340","119663","321","103","28","4","44.6","1361",,,,,,,,,,,,
"Region 9","2024-12-29T00:00:00.000","53451","118227","358","80","25","6","45.2","1354",,,,,,,,,,,,
"Region 9","2025-01-05T00:00:00.000","54110","119191","347","79","28","8","45.4","1364",,,,,,,,,,,,
"Region 9","2025-01-12T00:00:00.000","53468","119054","328","76","24","6","44.9","1344","68231","191","78","46","22","57.3","20201","57","6","11","3","17.0"
"Region 9","2025-01-19T00:00:00.000","54263","119862","412","72","24","9","45.3","1345","69987","369","155","84","38","58.4","20898","84","3","16","0","17.4"
"Region 9","2025-01-26T00:00:00.000","54604","119800","582","171","30","5","45.6","1344","62464","527","248","141","59","52.1","19663","111","9","21","2","16.4"
"Region 9","2025-02-02T00:00:00.000","54899","119920","454","121","33","1","45.8","1347","71051","485","209","79","38","59.2","21789","107","21","14","1","18.2"
"Region 9","2025-02-09T00:00:00.000","55385","119580","409","114","24","4","46.3","1344","71781","325","145","71","29","60.0","22283","63","9","17","2","18.6"
"Region 9","2025-02-16T00:00:00.000","55535","119230","278","69","18","6","46.6","1343","71780","185","96","41","18","60.2","22851","57","5","14","2","19.2"
"Region 9","2025-02-23T00:00:00.000","56127","119796","156","53","17","5","46.9","1346","72720","191","85","42","17","60.7","23297","58","2","9","2","19.4"
"Region 9","2025-03-02T00:00:00.000","56274","119580","208","64","15","5","47.1","1341","72658","184","80","44","21","60.8","23734","79","4","14","1","19.8"
"Region 9","2025-03-09T00:00:00.000","56127","119276","235","92","20","5","47.1","1340","72545","107","35","25","8","60.8","24226","48","4","9","2","20.3"
"Region 9","2025-03-16T00:00:00.000","55741","119089","272","115","22","6","46.8","1339","72438","60","25","15","5","60.8","24007","30","1","4","0","20.2"
"Region 9","2025-03-23T00:00:00.000","55509","118258","201","73","20","6","46.9","1333","72720","54","27","12","8","61.5","24525","40","2","9","2","20.7"
"Region 9","2025-03-30T00:00:00.000","55168","118693","206","72","26","6","46.5","1334","72730","25","10","14","6","61.3","24605","28","2","7","2","20.7"
"Region 9","2025-04-06T00:00:00.000","53944","118166","246","111","15","4","45.7","1333","72350","22","12","10","4","61.2","24764","14","0","5","0","21.0"
"Region 9","2025-04-13T00:00:00.000","53291","118371","273","99","13","4","45.0","1336","72581","27","14","6","5","61.3","25153","8","0","1","0","21.2"
"Region 9","2025-04-20T00:00:00.000","52253","117883","126","62","11","1","44.3","1331","72169","23","10","2","2","61.2","25017","13","1","2","0","21.2"
"Region 9","2025-04-27T00:00:00.000","51595","118281","153","49","9","3","43.6","1322","71740","12","4","6","4","60.7","25120","4","0","0","0","21.2"
"Region 9","2025-05-04T00:00:00.000","51361","117566","223","110","13","5","43.7","1326","71977","8","5","3","0","61.2","25332","18","0","1","0","21.5"
"Region 9","2025-05-11T00:00:00.000","51185","117381","263","52","10","3","43.6","1327","71635","33","14","7","2","61.0","25721","9","0","15","0","21.9"
"Region 9","2025-05-18T00:00:00.000","51131","117285","212","57","9","3","43.6","1324","71599","12","2","7","2","61.0","25852","13","1","1","0","22.0"
"Region 9","2025-05-25T00:00:00.000","50769","117078","328","77","21","5","43.4","1320","71362","14","8","6","4","61.0","25993","5","0","1","0","22.2"
"Region 9","2025-06-01T00:00:00.000","50562","116988","284","84","19","2","43.2","1320","71010","16","6","4","2","60.7","26123","2","0","1","0","22.3"
"Region 9","2025-06-08T00:00:00.000","50366","116949","192","59","18","6","43.1","1319","70005","11","4","1","1","59.9","26161","1","1","0","0","22.4"
"Region 9","2025-06-15T00:00:00.000","50075","116408","190","47","12","4","43.0","1313","69706","10","5","3","1","59.9","25933","3","0","0","0","22.3"
"Region 9","2025-06-22T00:00:00.000","49751","116184","189","50","9","1","42.8","1310","69472","7","1","2","1","59.8","26017","0","0","0","0","22.4"
"Region 9","2025-06-29T00:00:00.000","49446","115920","238","77","18","3","42.7","1306","67662","11","1","1","0","58.4","26419","0","0","0","0","22.8"
"Region 9","2025-07-06T00:00:00.000","50456","116859","270","66","57","5","43.2","1321","0","3","0","0","0","0.0","27651","2","0","0","0","23.7"
"Region 9","2025-07-13T00:00:00.000","49796","116708","312","74","15","0","42.7","1318","0","6","0","2","0","0.0","27003","0","0","0","0","23.1"
"Region 9","2025-07-20T00:00:00.000","49504","117071","321","95","20","3","42.3","1317","0","2","0","0","0","0.0","26959","0","0","0","0","23.0"
"Region 9","2025-07-27T00:00:00.000","49639","117573","268","71","13","2","42.2","1320","0","7","0","1","0","0.0","27030","0","0","1","0","23.0"
"Region 9","2025-08-03T00:00:00.000","49311","117151","391","108","24","7","42.1","1315","20382","26","11","2","0","17.4","26823","18","2","0","0","22.9"
"Region 9","2025-08-10T00:00:00.000","49001","117409","486","98","32","6","41.7","1319","19540","4","1","3","1","16.6","26925","2","0","1","0","22.9"
"Region 9","2025-08-17T00:00:00.000","48599","116947","593","141","32","7","41.6","1319","19621","12","0","1","0","16.8","26934","5","0","0","0","23.0"
"Region 9","2025-08-24T00:00:00.000","47748","116395","741","167","32","5","41.0","1308","19047","7","2","3","1","16.4","26689","1","0","75","0","22.9"
"Region 9","2025-08-31T00:00:00.000","46628","116245","779","109","46","8","40.1","1302","18795","16","0","1","0","16.2","26565","5","0","2","0","22.9"
"Region 9","2025-09-07T00:00:00.000","45995","117240","668","133","59","9","39.2","1319","19002","8","0","1","0","16.2","27003","38","0","0","0","23.0"
"Region 9","2025-09-14T00:00:00.000","45061","117238","736","140","26","5","38.4","1314","21454","5","0","2","0","18.3","27036","5","0","0","0","23.1"
"Region 9","2025-09-21T00:00:00.000","44223","116749","613","123","23","3","37.9","1309","24761","5","0","2","1","21.2","26783","2","0","32","0","22.9"
"Region 9","2025-09-28T00:00:00.000","43908","116632","498","79","34","3","37.6","1302","30780","8","0","3","0","26.4","27158","0","0","0","0","23.3"
"Region 9","2025-10-05T00:00:00.000","42996","116669","302","40","17","0","36.9","1302","37879","6","0","1","0","32.5","27202","0","0","0","0","23.3"
"Region 9","2025-10-12T00:00:00.000","42750","115579","309","36","15","1","37.0","1297","43724","4","0","10","9","37.8","27411","0","0","9","0","23.7"
"Region 9","2025-10-19T00:00:00.000","43483","114863","307","53","17","4","37.9","1287","48574","11","1","0","0","42.3","27620","3","0","0","0","24.0"
"Region 9","2025-10-26T00:00:00.000","44434","115555","219","38","18","1","38.5","1286","53272","2","1","2","1","46.1","28098","4","0","0","0","24.3"
"Region 9","2025-11-02T00:00:00.000","45259","114947","178","28","13","1","39.4","1280","55898","2","1","1","0","48.6","28203","2","0","1","0","24.5"
"Region 9","2025-11-09T00:00:00.000","45886","115274","129","14","8","1","39.8","1283","57712","21","1","0","0","50.1","28282","2","0","1","0","24.5"
"Region 9","2025-11-16T00:00:00.000","46832","114780","151","20","4","1","40.8","1279","59109","2","1","1","0","51.5","28758","1","0","0","0","25.1"
"Region 9","2025-11-23T00:00:00.000","47506","115147","112","13","8","4","41.3","1278","60301","10","7","1","1","52.4","29013","5","1","3","1","25.2"
"Region 9","2025-11-30T00:00:00.000","47529","113707","71","21","4","2","41.8","1264","59898","6","3","3","2","52.7","29022","1","0","1","0","25.5"
"Region 9","2025-12-07T00:00:00.000","48028","114028","70","18","4","1","42.1","1272","61230","9","3","6","2","53.7","29389","0","0","0","0","25.8"
"Region 9","2025-12-14T00:00:00.000","48731","114991","111","34","5","2","42.4","1272","61711","11","7","12","6","53.7","29399","3","1","0","0","25.6"
"Region 9","2025-12-21T00:00:00.000","49290","115133","130","36","12","1","42.8","1273","62534","19","4","22","4","54.3","29624","6","2","1","1","25.7"
"Region 9","2025-12-28T00:00:00.000","49138","113993","125","31","16","3","43.1","1267","61875","51","20","31","2","54.3","29636","6","2","2","0","26.0"
"Region 9","2026-01-04T00:00:00.000","48839","114159","66","15","6","0","42.8","1267","62460","77","30","18","9","54.7","29739","10","1","4","0","26.1"
"Region 9","2026-01-11T00:00:00.000","48678","114250","83","12","4","0","42.6","1261","62810","110","48","30","12","55.0","29586","27","5","6","0","25.9"
"Region 9","2026-01-18T00:00:00.000","48964","114701","93","27","7","2","42.7","1260","62621","145","74","24","13","54.6","29781","28","5","8","2","26.0"
"Region 9","2026-01-25T00:00:00.000","49197","115241","130","32","10","3","42.7","1251","62448","141","58","48","15","54.2","29743","24","4","6","0","25.8"
"Region 9","2026-02-01T00:00:00.000","49599","114777","125","32","12","1","43.2","1258","62966","180","92","54","30","54.9","29900","36","3","12","1","26.1"
"Region 9","2026-02-08T00:00:00.000","49181","113919","123","27","7","3","43.2","1251","62585","246","91","80","23","54.9","29973","50","3","19","2","26.3"
"Region 9","2026-02-15T00:00:00.000","49064","113045","108","23","9","2","43.4","1241","61991","158","64","44","15","54.8","29976","25","5","9","1","26.5"
"Region 9","2026-02-22T00:00:00.000","49169","112281","34","5","7","1","43.8","1231","62679","134","52","30","10","55.8","30278","28","4","9","1","27.0"
"Region 9","2026-03-01T00:00:00.000","49125","112531","39","11","4","1","43.7","1231","62738","90","46","36","18","55.8","30567","22","6","6","3","27.2"
"Region 9","2026-03-08T00:00:00.000","48739","111349","20","5","4","2","43.8","1216","62459","62","26","10","6","56.1","30092","27","5","6","1","27.0"
"Region 9","2026-03-15T00:00:00.000","47587","108858","36","0","6","1","43.7","1193","61134","54","27","13","10","56.2","29767","32","6","4","0","27.3"
"Region 9","2026-03-22T00:00:00.000","42669","95807","41","22","1","1","44.5","1059","56327","37","3","14","9","58.8","27229","31","7","9","1","28.4"
"Region 9","2026-03-29T00:00:00.000","25358","57157","16","9","0","0","44.4","616","34440","10","3","3","1","60.3","16193","8","1","4","0","28.3"
"SC","2024-10-06T00:00:00.000","2055","15911","42","2","5","0","12.9","168",,,,,,,,,,,,
"SC","2024-10-13T00:00:00.000","2556","17273","42","0","4","0","14.8","182",,,,,,,,,,,,
"SC","2024-10-20T00:00:00.000","2824","15945","31","1","2","0","17.7","167",,,,,,,,,,,,
"SC","2024-10-27T00:00:00.000","3290","15961","8","2","0","0","20.6","168",,,,,,,,,,,,
"SC","2024-11-03T00:00:00.000","3712","17383","41","3","1","0","21.4","184",,,,,,,,,,,,
"SC","2024-11-10T00:00:00.000","4089","17322","28","1","1","1","23.6","184",,,,,,,,,,,,
"SC","2024-11-17T00:00:00.000","4547","17232","6","0","1","0","26.4","184",,,,,,,,,,,,
"SC","2024-11-24T00:00:00.000","4957","17119","28","2","1","0","29.0","182",,,,,,,,,,,,
"SC","2024-12-01T00:00:00.000","5047","17020","59","12","1","0","29.7","182",,,,,,,,,,,,
"SC","2024-12-08T00:00:00.000","5215","17027","50","17","3","1","30.6","182",,,,,,,,,,,,
"SC","2024-12-15T00:00:00.000","5306","17019","89","17","4","0","31.2","182",,,,,,,,,,,,
"SC","2024-12-22T00:00:00.000","5341","16903","53","8","5","0","31.6","181",,,,,,,,,,,,
"SC","2024-12-29T00:00:00.000","5390","16824","103","8","4","1","32.0","181",,,,,,,,,,,,
"SC","2025-01-05T00:00:00.000","5341","16006","59","7","3","1","33.4","172",,,,,,,,,,,,
"SC","2025-01-12T00:00:00.000","5704","17322","88","19","2","0","32.9","185","9983","26","9","11","0","57.6","1919","6","0","1","0","11.1"
"SC","2025-01-19T00:00:00.000","5480","16099","81","18","7","1","34.0","170","9452","76","32","19","9","58.7","2047","15","0","5","0","12.7"
"SC","2025-01-26T00:00:00.000","5855","17527","31","0","5","0","33.4","185","9324","88","49","23","15","53.2","1954","10","0","4","0","11.1"
"SC","2025-02-02T00:00:00.000","5862","17545","90","19","5","0","33.4","184","10534","120","69","30","22","60.0","2039","15","2","6","1","11.6"
"SC","2025-02-09T00:00:00.000","5958","17523","75","8","6","2","34.0","184","10680","99","53","32","19","60.9","2094","10","0","4","0","12.0"
"SC","2025-02-16T00:00:00.000","6057","17550","64","14","2","1","34.5","184","10859","27","13","7","3","61.9","2275","5","0","3","0","13.0"
"SC","2025-02-23T00:00:00.000","6043","17609","55","17","6","1","34.3","184","10722","31","16","13","7","60.9","2190","8","0","3","0","12.4"
"SC","2025-03-02T00:00:00.000","6042","17658","75","18","4","1","34.2","185","10652","26","13","12","6","60.3","2240","1","0","0","0","12.7"
"SC","2025-03-09T00:00:00.000","5994","17555","68","22","8","1","34.1","184","10799","37","23","11","3","61.5","2234","0","0","0","0","12.7"
"SC","2025-03-16T00:00:00.000","5991","17586","65","18","4","0","34.1","184","10841","29","12","2","1","61.6","2236","5","0","0","0","12.7"
"SC","2025-03-23T00:00:00.000","5998","17512","38","5","1","0","34.3","183","10812","20","14","2","2","61.7","2238","4","0","2","0","12.8"
"SC","2025-03-30T00:00:00.000","5991","17567","43","13","7","2","34.1","184","10810","10","6","2","2","61.5","2233","0","0","0","0","12.7"
"SC","2025-04-06T00:00:00.000","5994","17537","48","2","8","0","34.2","184","10761","4","3","0","0","61.4","2276","2","0","1","0","13.0"
"SC","2025-04-13T00:00:00.000","5985","17574","20","2","1","1","34.1","184","10802","3","1","1","1","61.5","2356","1","0","1","0","13.4"
"SC","2025-04-20T00:00:00.000","5853","17425","10","1","1","0","33.6","184","10679","0","0","0","0","61.3","2365","1","0","0","0","13.6"
"SC","2025-04-27T00:00:00.000","5571","16160","13","6","2","1","34.5","169","10148","1","1","0","0","62.8","2114","3","0","1","0","13.1"
"SC","2025-05-04T00:00:00.000","5565","17472","10","1","3","0","31.9","184","10738","2","0","0","0","61.5","2330","1","0","0","0","13.3"
"SC","2025-05-11T00:00:00.000","5510","17322","2","0","0","0","31.8","183","10371","11","1","0","0","59.9","2366","0","0","0","0","13.7"
"SC","2025-05-18T00:00:00.000","5534","17417","0","0","0","0","31.8","183","10492","0","0","0","0","60.2","2415","0","0","0","0","13.9"
"SC","2025-05-25T00:00:00.000","5431","17577","5","3","1","1","30.9","184","10520","0","0","0","0","59.9","2424","0","0","0","0","13.8"
"SC","2025-06-01T00:00:00.000","5542","17554","1","0","0","0","31.6","184","10551","0","0","0","0","60.1","2496","0","0","0","0","14.2"
"SC","2025-06-08T00:00:00.000","5515","17565","3","1","2","1","31.4","184","10553","0","0","0","0","60.1","2536","0","0","0","0","14.4"
"SC","2025-06-15T00:00:00.000","5309","16121","11","3","0","0","32.9","169","9689","0","0","0","0","60.1","2600","0","0","0","0","16.1"
"SC","2025-06-22T00:00:00.000","5339","17477","4","2","0","0","30.5","183","10358","0","0","0","0","59.3","2536","0","0","0","0","14.5"
"SC","2025-06-29T00:00:00.000","5194","17476","20","0","0","0","29.7","183","10165","0","0","0","0","58.2","2511","0","0","0","0","14.4"
"SC","2025-07-06T00:00:00.000","5230","16740","5","0","1","0","31.2","172","0","0","0","0","0","0.0","2716","0","0","0","0","16.2"
"SC","2025-07-13T00:00:00.000","5172","16799","3","0","1","0","30.8","174","0","0","0","0","0","0.0","2729","0","0","0","0","16.2"
"SC","2025-07-20T00:00:00.000","5152","16810","5","0","1","0","30.6","173","0","0","0","0","0","0.0","2632","0","0","0","0","15.7"
"SC","2025-07-27T00:00:00.000","5028","16713","11","5","2","0","30.1","173","0","0","0","0","0","0.0","2529","0","0","0","0","15.1"
"SC","2025-08-03T00:00:00.000","5137","17657","14","3","0","0","29.1","183","3138","1","1","0","0","17.8","2570","0","0","0","0","14.6"
"SC","2025-08-10T00:00:00.000","4977","17657","23","8","0","0","28.2","183","3472","0","0","0","0","19.7","2493","0","0","0","0","14.1"
"SC","2025-08-17T00:00:00.000","4993","17669","48","6","3","0","28.3","183","3582","0","0","0","0","20.3","2569","0","0","0","0","14.5"
"SC","2025-08-24T00:00:00.000","4844","17706","53","12","4","1","27.4","183","3503","0","0","0","0","19.8","2578","0","0","0","0","14.6"
"SC","2025-08-31T00:00:00.000","4865","17707","59","13","3","0","27.5","182","3407","0","0","0","0","19.2","2539","0","0","0","0","14.3"
"SC","2025-09-07T00:00:00.000","4727","17582","82","13","9","0","26.9","181","2922","0","0","0","0","16.6","2558","0","0","0","0","14.5"
"SC","2025-09-14T00:00:00.000","4572","17577","52","13","2","0","26.0","180","2309","0","0","0","0","13.1","2559","0","0","0","0","14.6"
"SC","2025-09-21T00:00:00.000","4348","17518","60","10","2","1","24.8","179","2887","0","0","0","0","16.5","2411","0","0","0","0","13.8"
"SC","2025-09-28T00:00:00.000","4124","17623","36","5","1","1","23.4","179","3413","0","0","0","0","19.4","2344","0","0","0","0","13.3"
"SC","2025-10-05T00:00:00.000","4031","17550","16","4","0","0","23.0","179","4002","9","0","0","0","22.8","2432","0","0","0","0","13.9"
"SC","2025-10-12T00:00:00.000","3912","17526","42","1","2","0","22.3","179","4813","0","0","0","0","27.5","2660","0","0","0","0","15.2"
"SC","2025-10-19T00:00:00.000","3999","17559","8","0","2","0","22.8","179","6209","0","0","0","0","35.4","2484","0","0","0","0","14.1"
"SC","2025-10-26T00:00:00.000","4265","17502","21","3","0","0","24.4","178","7528","0","0","0","0","43.0","2517","0","0","0","0","14.4"
"SC","2025-11-02T00:00:00.000","4359","17396","8","2","0","0","25.1","178","8559","20","0","0","0","49.2","2507","0","0","0","0","14.4"
"SC","2025-11-09T00:00:00.000","4360","17466","0","0","1","0","25.0","178","8909","20","0","0","0","51.0","2511","1","0","0","0","14.4"
"SC","2025-11-16T00:00:00.000","4567","17411","5","0","0","0","26.2","177","9209","0","0","0","0","52.9","2526","2","0","0","0","14.5"
"SC","2025-11-23T00:00:00.000","4759","17294","52","4","0","0","27.5","176","9461","1","0","0","0","54.7","2592","1","0","0","0","15.0"
"SC","2025-11-30T00:00:00.000","4793","17149","96","10","4","2","27.9","174","9342","3","0","1","0","54.5","2515","0","0","0","0","14.7"
"SC","2025-12-07T00:00:00.000","4858","17363","61","5","5","1","28.0","176","9490","23","0","1","0","54.7","2554","5","2","0","0","14.7"
"SC","2025-12-14T00:00:00.000","4868","16300","14","1","2","1","29.9","165","9219","25","2","1","0","56.6","2439","5","2","1","0","15.0"
"SC","2025-12-21T00:00:00.000","5053","17419","24","0","0","0","29.0","176","9453","30","6","1","1","54.3","2538","4","1","3","0","14.6"
"SC","2025-12-28T00:00:00.000","5112","17505","24","1","0","0","29.2","177","9618","56","25","12","7","54.9","2514","6","0","2","0","14.4"
"SC","2026-01-04T00:00:00.000","4925","16165","24","6","1","0","30.5","164","9283","74","27","14","10","57.4","2346","5","0","2","0","14.5"
"SC","2026-01-11T00:00:00.000","5035","17441","31","13","2","1","28.9","178","9615","67","23","23","6","55.1","2540","7","1","5","1","14.6"
"SC","2026-01-18T00:00:00.000","5005","17437","41","3","2","0","28.7","175","9777","31","5","4","2","56.1","2539","4","2","0","0","14.6"
"SC","2026-01-25T00:00:00.000","5087","17553","35","3","2","0","29.0","178","9783","29","5","1","0","55.7","2680","1","0","0","0","15.3"
"SC","2026-02-01T00:00:00.000","5197","17605","22","6","3","0","29.5","177","9699","53","18","9","5","55.1","2700","1","0","1","0","15.3"
"SC","2026-02-08T00:00:00.000","5186","17622","30","6","4","0","29.4","178","9975","72","45","4","3","56.6","2763","3","0","1","0","15.7"
"SC","2026-02-15T00:00:00.000","5059","17474","26","1","6","0","29.0","177","9934","56","21","7","5","56.9","2762","2","0","1","0","15.8"
"SC","2026-02-22T00:00:00.000","5181","17568","78","5","3","0","29.5","175","9885","29","5","0","0","56.3","2710","2","0","0","0","15.4"
"SC","2026-03-01T00:00:00.000","5184","17467","41","6","3","1","29.7","174","9947","34","6","3","1","56.9","2725","1","0","0","0","15.6"
"SC","2026-03-08T00:00:00.000","5157","17183","18","8","3","1","30.0","172","9794","24","3","1","1","57.0","2705","0","0","1","0","15.7"
"SC","2026-03-15T00:00:00.000","5151","17169","12","4","2","0","30.0","172","9881","20","0","0","0","57.6","2713","0","0","1","0","15.8"
"SC","2026-03-22T00:00:00.000","4472","14504","0","0","0","0","30.8","143","8633","0","0","0","0","59.5","2336","0","0","0","0","16.1"
"SC","2026-03-29T00:00:00.000","2475","8956","1","1","0","0","27.6","86","5589","0","0","0","0","62.4","1553","0","0","1","0","17.3"
"SD","2024-10-06T00:00:00.000","858","4772","32","0","1","0","18.0","90",,,,,,,,,,,,
"SD","2024-10-13T00:00:00.000","1333","4752","35","0","1","0","28.1","89",,,,,,,,,,,,
"SD","2024-10-20T00:00:00.000","1855","4636","45","9","1","0","40.0","87",,,,,,,,,,,,
"SD","2024-10-27T00:00:00.000","2245","4638","43","10","2","1","48.4","87",,,,,,,,,,,,
"SD","2024-11-03T00:00:00.000","2433","4732","24","14","2","1","51.4","89",,,,,,,,,,,,
"SD","2024-11-10T00:00:00.000","2604","4718","12","8","0","0","55.2","89",,,,,,,,,,,,
"SD","2024-11-17T00:00:00.000","2726","4745","5","3","0","0","57.4","90",,,,,,,,,,,,
"SD","2024-11-24T00:00:00.000","2807","4710","23","9","0","0","59.6","89",,,,,,,,,,,,
"SD","2024-12-01T00:00:00.000","2763","4688","32","19","2","0","58.9","89",,,,,,,,,,,,
"SD","2024-12-08T00:00:00.000","2883","4746","40","12","4","1","60.7","89",,,,,,,,,,,,
"SD","2024-12-15T00:00:00.000","2878","4747","39","15","2","1","60.6","89",,,,,,,,,,,,
"SD","2024-12-22T00:00:00.000","2874","4714","59","26","3","3","61.0","89",,,,,,,,,,,,
"SD","2024-12-29T00:00:00.000","2922","4697","84","53","5","3","62.2","90",,,,,,,,,,,,
"SD","2025-01-05T00:00:00.000","2925","4704","64","41","3","3","62.2","90",,,,,,,,,,,,
"SD","2025-01-12T00:00:00.000","2773","4522","67","36","5","3","61.3","86","3566","11","11","3","2","78.9","2387","1","1","0","0","52.8"
"SD","2025-01-19T00:00:00.000","2745","4527","40","14","6","3","60.6","86","3583","7","5","1","0","79.1","2422","1","1","0","0","53.5"
"SD","2025-01-26T00:00:00.000","2756","4545","43","15","2","0","60.6","86","3601","15","9","4","2","79.2","2390","0","0","0","0","52.6"
"SD","2025-02-02T00:00:00.000","2729","4512","15","10","2","1","60.5","85","3589","36","24","5","1","79.5","2391","0","0","0","0","53.0"
"SD","2025-02-09T00:00:00.000","2751","4525","17","13","1","0","60.8","85","3579","41","27","8","4","79.1","2383","0","0","0","0","52.7"
"SD","2025-02-16T00:00:00.000","2714","4483","44","10","3","1","60.5","84","3579","48","25","11","5","79.8","2345","0","0","0","0","52.3"
"SD","2025-02-23T00:00:00.000","2720","4522","47","15","2","0","60.2","84","3611","51","38","11","9","79.9","2370","0","0","0","0","52.4"
"SD","2025-03-02T00:00:00.000","2734","4502","9","5","0","0","60.7","85","3618","20","13","1","1","80.4","2408","0","0","0","0","53.5"
"SD","2025-03-09T00:00:00.000","2709","4472","7","1","1","0","60.6","84","3568","11","1","3","1","79.8","2336","1","0","0","0","52.2"
"SD","2025-03-16T00:00:00.000","2643","4472","2","2","1","1","59.1","84","3504","13","11","3","2","78.4","2300","1","1","0","0","51.4"
"SD","2025-03-23T00:00:00.000","2666","4495","15","7","1","0","59.3","84","3560","6","5","3","3","79.2","2286","4","3","0","0","50.9"
"SD","2025-03-30T00:00:00.000","2500","4475","21","13","0","0","55.9","84","3548","7","6","0","0","79.3","2308","0","0","0","0","51.6"
"SD","2025-04-06T00:00:00.000","2456","4476","14","4","2","0","54.9","84","3506","0","0","0","0","78.3","2247","0","0","0","0","50.2"
"SD","2025-04-13T00:00:00.000","2146","4405","2","0","0","0","48.7","83","3479","0","0","0","0","79.0","2361","0","0","0","0","53.6"
"SD","2025-04-20T00:00:00.000","2201","4486","8","4","0","0","49.1","84","3430","0","0","0","0","76.5","2377","8","0","3","0","53.0"
"SD","2025-04-27T00:00:00.000","2250","4530","10","6","1","1","49.7","85","3554","0","0","0","0","78.5","2400","13","0","3","0","53.0"
"SD","2025-05-04T00:00:00.000","2137","4517","9","7","0","0","47.3","85","3546","0","0","0","0","78.5","2370","0","0","0","0","52.5"
"SD","2025-05-11T00:00:00.000","2159","4540","4","4","0","0","47.6","84","3539","0","0","0","0","78.0","2390","0","0","0","0","52.6"
"SD","2025-05-18T00:00:00.000","2136","4430","0","0","0","0","48.2","82","3443","0","0","0","0","77.7","2382","0","0","0","0","53.8"
"SD","2025-05-25T00:00:00.000","2138","4503","2","0","0","0","47.5","83","3488","3","1","1","0","77.5","2382","2","1","1","0","52.9"
"SD","2025-06-01T00:00:00.000","2099","4438","0","0","0","0","47.3","82","3419","0","0","0","0","77.0","2338","1","0","1","0","52.7"
"SD","2025-06-08T00:00:00.000","2166","4479","14","3","0","0","48.4","83","3447","1","1","0","0","77.0","2380","0","0","0","0","53.1"
"SD","2025-06-15T00:00:00.000","2125","4931","19","5","1","0","43.1","82","3427","0","0","0","0","69.5","2349","0","0","0","0","47.6"
"SD","2025-06-22T00:00:00.000","2102","4447","7","2","0","0","47.3","82","3457","0","0","0","0","77.7","2369","0","0","0","0","53.3"
"SD","2025-06-29T00:00:00.000","2131","4438","0","0","0","0","48.0","82","3435","0","0","0","0","77.4","2335","0","0","0","0","52.6"
"SD","2025-07-06T00:00:00.000","2156","4445","1","1","0","0","48.5","82","0","0","0","0","0","0.0","2375","0","0","0","0","53.4"
"SD","2025-07-13T00:00:00.000","2135","4520","30","0","0","0","47.2","84","0","0","0","0","0","0.0","2340","0","0","0","0","51.8"
"SD","2025-07-20T00:00:00.000","2082","4394","12","3","0","0","47.4","81","0","0","0","0","0","0.0","2261","0","0","0","0","51.5"
"SD","2025-07-27T00:00:00.000","2090","4374","11","5","0","0","47.8","80","0","0","0","0","0","0.0","2280","0","0","0","0","52.1"
"SD","2025-08-03T00:00:00.000","2105","4423","10","6","0","0","47.6","81","500","0","0","0","0","11.3","2170","0","0","0","0","49.1"
"SD","2025-08-10T00:00:00.000","2030","4356","10","1","0","0","46.6","79","484","0","0","0","0","11.1","2215","1","0","0","0","50.8"
"SD","2025-08-17T00:00:00.000","2016","4333","2","2","1","0","46.5","79","436","0","0","0","0","10.1","2205","0","0","0","0","50.9"
"SD","2025-08-24T00:00:00.000","2060","4415","11","4","0","0","46.7","80","475","0","0","0","0","10.8","2206","0","0","0","0","50.0"
"SD","2025-08-31T00:00:00.000","2078","4477","30","1","1","0","46.4","81","418","0","0","0","0","9.3","2215","0","0","0","0","49.5"
"SD","2025-09-07T00:00:00.000","1967","4458","8","0","0","0","44.1","82","432","1","0","0","0","9.7","2215","0","0","0","0","49.7"
"SD","2025-09-14T00:00:00.000","1949","4445","49","9","3","1","43.8","81","336","1","0","0","0","7.6","2156","0","0","0","0","48.5"
"SD","2025-09-21T00:00:00.000","1897","4459","16","0","0","0","42.5","81","262","1","0","0","0","5.9","2174","0","0","0","0","48.8"
"SD","2025-09-28T00:00:00.000","1918","4424","6","1","0","0","43.4","80","421","0","0","0","0","9.5","2182","0","0","0","0","49.3"
"SD","2025-10-05T00:00:00.000","1717","4413","11","4","1","0","38.9","80","845","0","0","0","0","19.1","2121","0","0","0","0","48.1"
"SD","2025-10-12T00:00:00.000","1705","4305","2","1","0","0","39.6","78","1333","0","0","0","0","31.0","2136","0","0","0","0","49.6"
"SD","2025-10-19T00:00:00.000","1820","4239","1","1","0","0","42.9","77","1870","0","0","0","0","44.1","2145","0","0","0","0","50.6"
"SD","2025-10-26T00:00:00.000","2095","4263","1","0","0","0","49.1","78","2412","0","0","0","0","56.6","2136","0","0","0","0","50.1"
"SD","2025-11-02T00:00:00.000","2194","4313","8","2","0","0","50.9","78","2699","0","0","0","0","62.6","2149","0","0","0","0","49.8"
"SD","2025-11-09T00:00:00.000","2216","4259","3","1","0","0","52.0","77","2883","0","0","0","0","67.7","2105","0","0","0","0","49.4"
"SD","2025-11-16T00:00:00.000","2284","4252","27","14","0","0","53.7","77","3020","0","0","0","0","71.0","2129","0","0","0","0","50.1"
"SD","2025-11-23T00:00:00.000","2358","4321","46","22","1","0","54.6","79","3141","0","0","0","0","72.7","2166","0","0","0","0","50.1"
"SD","2025-11-30T00:00:00.000","2290","4211","35","1","0","0","54.4","77","3055","0","0","0","0","72.5","2144","0","0","0","0","50.9"
"SD","2025-12-07T00:00:00.000","2324","4219","20","9","0","0","55.1","77","3060","0","0","0","0","72.5","2148","0","0","0","0","50.9"
"SD","2025-12-14T00:00:00.000","2372","4276","46","14","2","0","55.5","78","3112","1","1","0","0","72.8","2137","0","0","0","0","50.0"
"SD","2025-12-21T00:00:00.000","2361","4230","16","3","0","0","55.8","77","3079","8","6","2","1","72.8","2193","0","0","0","0","51.8"
"SD","2025-12-28T00:00:00.000","2409","4241","30","6","0","0","56.8","78","3055","22","14","8","4","72.0","2207","0","0","0","0","52.0"
"SD","2026-01-04T00:00:00.000","2301","4138","33","10","0","0","55.6","76","3010","4","3","2","2","72.7","2168","0","0","0","0","52.4"
"SD","2026-01-11T00:00:00.000","2300","4196","45","11","3","0","54.8","77","3047","33","28","2","0","72.6","2190","0","0","0","0","52.2"
"SD","2026-01-18T00:00:00.000","2351","4263","66","21","1","0","55.1","78","3097","13","9","0","0","72.6","2209","0","0","0","0","51.8"
"SD","2026-01-25T00:00:00.000","2429","4303","28","14","1","0","56.4","78","3095","22","20","1","1","71.9","2239","0","0","0","0","52.0"
"SD","2026-02-01T00:00:00.000","2349","4296","28","5","1","0","54.7","77","3115","4","2","1","0","72.5","2253","0","0","0","0","52.4"
"SD","2026-02-08T00:00:00.000","2427","4352","9","2","0","0","55.8","78","3172","2","1","0","0","72.9","2261","0","0","0","0","52.0"
"SD","2026-02-15T00:00:00.000","2338","4258","9","2","2","1","54.9","76","3093","7","5","0","0","72.6","2215","2","1","1","0","52.0"
"SD","2026-02-22T00:00:00.000","2292","4229","3","1","0","0","54.2","76","3092","11","10","0","0","73.1","2235","1","0","0","0","52.8"
"SD","2026-03-01T00:00:00.000","2430","4345","18","10","0","0","55.9","78","3171","6","5","1","1","73.0","2240","4","3","0","0","51.6"
"SD","2026-03-08T00:00:00.000","2367","4252","16","9","1","1","55.7","76","3110","2","0","0","0","73.1","2220","1","0","1","0","52.2"
"SD","2026-03-15T00:00:00.000","2349","4174","10","6","1","1","56.3","75","3058","1","0","1","0","73.3","2210","2","1","1","0","52.9"
"SD","2026-03-22T00:00:00.000","2275","4032","9","9","0","0","56.4","72","2992","3","2","2","0","74.2","2145","4","3","2","1","53.2"
"SD","2026-03-29T00:00:00.000","1025","1819","0","0","0","0","56.3","35","1312","0","0","0","0","72.1","1125","3","2","0","0","61.8"
"TN","2024-10-06T00:00:00.000","3226","24762","111","0","12","1","13.0","288",,,,,,,,,,,,
"TN","2024-10-13T00:00:00.000","3153","24760","47","0","7","0","12.7","287",,,,,,,,,,,,
"TN","2024-10-20T00:00:00.000","4179","24450","50","1","4","0","17.1","285",,,,,,,,,,,,
"TN","2024-10-27T00:00:00.000","4591","24373","114","6","8","0","18.8","282",,,,,,,,,,,,
"TN","2024-11-03T00:00:00.000","5360","24409","72","7","7","1","22.0","285",,,,,,,,,,,,
"TN","2024-11-10T00:00:00.000","5784","24414","117","20","6","1","23.7","286",,,,,,,,,,,,
"TN","2024-11-17T00:00:00.000","6553","24540","80","14","3","0","26.7","285",,,,,,,,,,,,
"TN","2024-11-24T00:00:00.000","6967","24676","67","8","4","0","28.2","286",,,,,,,,,,,,
"TN","2024-12-01T00:00:00.000","7124","24392","88","15","8","1","29.2","285",,,,,,,,,,,,
"TN","2024-12-08T00:00:00.000","7434","24427","121","20","9","3","30.4","286",,,,,,,,,,,,
"TN","2024-12-15T00:00:00.000","7498","24610","197","42","6","1","30.5","288",,,,,,,,,,,,
"TN","2024-12-22T00:00:00.000","7621","24638","194","43","9","1","30.9","288",,,,,,,,,,,,
"TN","2024-12-29T00:00:00.000","7602","24211","229","32","5","0","31.4","286",,,,,,,,,,,,
"TN","2025-01-05T00:00:00.000","7797","24353","206","32","11","1","32.0","288",,,,,,,,,,,,
"TN","2025-01-12T00:00:00.000","7567","24004","354","62","15","0","31.5","281","13922","103","59","15","11","58.0","2409","4","0","3","0","10.0"
"TN","2025-01-19T00:00:00.000","7623","24294","235","41","11","3","31.4","284","14158","154","86","20","14","58.3","2530","10","0","2","0","10.4"
"TN","2025-01-26T00:00:00.000","7627","24405","201","50","11","3","31.3","283","13651","113","65","21","11","55.9","2603","11","1","5","0","10.7"
"TN","2025-02-02T00:00:00.000","7708","24480","188","34","9","1","31.5","282","14177","139","66","21","13","57.9","2665","18","0","4","1","10.9"
"TN","2025-02-09T00:00:00.000","7841","24516","147","45","4","0","32.0","283","14169","119","51","17","7","57.8","2761","11","1","4","0","11.3"
"TN","2025-02-16T00:00:00.000","7906","24525","89","13","4","0","32.2","282","14262","57","26","9","4","58.2","2807","8","0","3","0","11.4"
"TN","2025-02-23T00:00:00.000","8278","24972","82","16","8","0","33.1","285","14439","84","43","14","7","57.8","2951","4","0","0","0","11.8"
"TN","2025-03-02T00:00:00.000","8004","24533","123","31","10","2","32.6","284","14022","66","40","10","8","57.2","2865","3","1","1","1","11.7"
"TN","2025-03-09T00:00:00.000","7918","24557","189","31","10","1","32.2","284","14169","80","27","11","5","57.7","2895","4","0","0","0","11.8"
"TN","2025-03-16T00:00:00.000","7905","24436","158","40","6","0","32.3","284","13946","54","29","7","4","57.1","2954","9","0","2","0","12.1"
"TN","2025-03-23T00:00:00.000","7995","24441","128","25","8","2","32.7","285","14027","40","16","3","2","57.4","2927","5","0","0","0","12.0"
"TN","2025-03-30T00:00:00.000","7632","24668","99","9","10","2","30.9","278","13836","16","6","4","1","56.1","2949","3","0","0","0","12.0"
"TN","2025-04-06T00:00:00.000","7329","24178","82","13","6","1","30.3","280","13835","14","4","6","1","57.2","3033","1","0","0","0","12.5"
"TN","2025-04-13T00:00:00.000","7256","24055","94","4","1","0","30.2","277","13624","5","2","2","0","56.6","3073","0","0","0","0","12.8"
"TN","2025-04-20T00:00:00.000","6991","24142","106","8","2","0","29.0","279","13641","3","1","1","0","56.5","3143","1","0","1","0","13.0"
"TN","2025-04-27T00:00:00.000","6759","24091","70","3","7","0","28.1","278","13480","0","0","0","0","56.0","3170","2","0","1","0","13.2"
"TN","2025-05-04T00:00:00.000","6795","24298","85","3","4","0","28.0","282","13571","4","1","0","0","55.9","3204","3","0","2","0","13.2"
"TN","2025-05-11T00:00:00.000","6593","24261","52","3","2","0","27.2","279","13530","3","1","2","1","55.8","3116","0","0","0","0","12.8"
"TN","2025-05-18T00:00:00.000","6479","24111","16","4","3","0","26.9","279","13357","0","0","0","0","55.4","3142","0","0","0","0","13.0"
"TN","2025-05-25T00:00:00.000","6369","24077","32","4","5","1","26.5","278","13175","0","0","0","0","54.7","3122","1","0","0","0","13.0"
"TN","2025-06-01T00:00:00.000","6511","24018","13","2","4","0","27.1","279","13129","1","0","0","0","54.7","3206","1","1","0","0","13.3"
"TN","2025-06-08T00:00:00.000","6577","24310","19","6","0","0","27.1","281","13338","1","0","0","0","54.9","3295","0","0","0","0","13.6"
"TN","2025-06-15T00:00:00.000","6310","24225","9","1","0","0","26.0","281","13053","3","1","1","1","53.9","3294","0","0","0","0","13.6"
"TN","2025-06-22T00:00:00.000","6350","24198","22","2","1","0","26.2","279","13062","0","0","0","0","54.0","3268","0","0","0","0","13.5"
"TN","2025-06-29T00:00:00.000","6027","24171","12","1","1","0","24.9","281","12032","0","0","0","0","49.8","3440","0","0","0","0","14.2"
"TN","2025-07-06T00:00:00.000","6045","24167","20","1","1","0","25.0","280","0","0","0","1","0","0.0","3514","0","0","0","0","14.5"
"TN","2025-07-13T00:00:00.000","6046","24226","7","1","0","0","25.0","281","0","0","0","1","0","0.0","3559","0","0","0","0","14.7"
"TN","2025-07-20T00:00:00.000","6368","24274","27","4","1","0","26.2","282","0","1","0","0","0","0.0","3435","0","0","0","0","14.2"
"TN","2025-07-27T00:00:00.000","6344","24492","24","2","3","0","25.9","283","0","0","0","0","0","0.0","3442","0","0","0","0","14.1"
"TN","2025-08-03T00:00:00.000","6250","24409","24","4","0","0","25.6","282","3464","1","0","0","0","14.2","3314","0","0","0","0","13.6"
"TN","2025-08-10T00:00:00.000","6161","24387","16","4","0","0","25.3","282","3463","0","0","0","0","14.2","3380","0","0","0","0","13.9"
"TN","2025-08-17T00:00:00.000","6207","24326","40","3","3","0","25.5","280","3179","1","0","0","0","13.1","3420","0","0","0","0","14.1"
"TN","2025-08-24T00:00:00.000","6167","24309","50","2","4","0","25.4","281","3283","0","0","0","0","13.5","3431","0","0","0","0","14.1"
"TN","2025-08-31T00:00:00.000","6149","24289","121","13","7","0","25.3","279","3060","1","0","0","0","12.6","3368","0","0","0","0","13.9"
"TN","2025-09-07T00:00:00.000","5937","24316","133","18","5","0","24.4","280","2942","1","0","1","0","12.1","3410","0","0","0","0","14.0"
"TN","2025-09-14T00:00:00.000","5446","24220","157","11","5","1","22.5","278","3080","0","0","0","0","12.7","3408","0","0","0","0","14.1"
"TN","2025-09-21T00:00:00.000","5532","24050","84","1","5","0","23.0","274","3070","0","0","0","0","12.8","3413","0","0","0","0","14.2"
"TN","2025-09-28T00:00:00.000","5431","24220","91","4","1","0","22.4","275","3568","2","0","1","0","14.7","3436","0","0","0","0","14.2"
"TN","2025-10-05T00:00:00.000","5316","24421","39","2","2","0","21.8","279","5434","0","0","0","0","22.3","3453","0","0","0","0","14.1"
"TN","2025-10-12T00:00:00.000","4938","24098","16","0","0","0","20.5","275","7067","1","1","0","0","29.3","3456","0","0","0","0","14.3"
"TN","2025-10-19T00:00:00.000","5069","24109","42","4","1","0","21.0","275","8359","0","0","0","0","34.7","3474","0","0","0","0","14.4"
"TN","2025-10-26T00:00:00.000","5205","23738","44","3","1","0","21.9","272","9826","0","0","0","0","41.4","3310","0","0","0","0","13.9"
"TN","2025-11-02T00:00:00.000","5334","23857","42","0","1","0","22.4","273","10969","3","1","1","0","46.0","3524","0","0","0","0","14.8"
"TN","2025-11-09T00:00:00.000","5428","23739","47","4","2","0","22.9","271","11668","1","0","0","0","49.2","3414","0","0","0","0","14.4"
"TN","2025-11-16T00:00:00.000","5539","23675","57","6","4","0","23.4","270","11798","3","1","1","0","49.8","3409","0","0","0","0","14.4"
"TN","2025-11-23T00:00:00.000","5764","23670","81","10","6","1","24.4","269","12016","5","4","2","1","50.8","3468","0","0","0","0","14.7"
"TN","2025-11-30T00:00:00.000","5927","23239","44","2","1","0","25.5","266","12121","3","2","1","1","52.2","3587","0","0","0","0","15.4"
"TN","2025-12-07T00:00:00.000","6140","23588","42","1","2","0","26.0","270","12219","8","4","2","0","51.8","3603","0","0","0","0","15.3"
"TN","2025-12-14T00:00:00.000","6180","23627","86","11","2","1","26.2","269","12458","38","27","6","5","52.7","3866","0","0","0","0","16.4"
"TN","2025-12-21T00:00:00.000","6274","23608","131","21","7","0","26.6","269","12316","38","21","7","4","52.2","3759","1","0","0","0","15.9"
"TN","2025-12-28T00:00:00.000","6408","23485","201","15","13","0","27.3","269","12288","50","29","7","5","52.3","3828","8","0","2","0","16.3"
"TN","2026-01-04T00:00:00.000","6267","23432","102","9","9","1","26.7","268","12189","66","38","15","6","52.0","3759","8","2","2","0","16.0"
"TN","2026-01-11T00:00:00.000","6269","23602","96","5","4","0","26.6","269","12361","65","33","11","7","52.4","3867","4","0","4","1","16.4"
"TN","2026-01-18T00:00:00.000","6289","23842","83","9","2","1","26.4","268","12456","47","31","12","8","52.2","3613","2","1","0","0","15.2"
"TN","2026-01-25T00:00:00.000","6276","23899","88","25","4","1","26.3","267","12292","45","25","6","4","51.4","3564","5","1","2","0","14.9"
"TN","2026-02-01T00:00:00.000","6351","24122","43","15","2","0","26.3","270","12506","21","9","7","0","51.8","3572","4","0","0","0","14.8"
"TN","2026-02-08T00:00:00.000","6368","24036","82","20","3","0","26.5","268","12332","27","6","7","1","51.3","3481","13","0","2","0","14.5"
"TN","2026-02-15T00:00:00.000","6369","24019","91","11","3","0","26.5","268","12492","15","4","4","1","52.0","3470","1","0","0","0","14.4"
"TN","2026-02-22T00:00:00.000","6245","23981","53","11","5","0","26.0","267","12340","25","6","4","0","51.5","3650","17","0","2","0","15.2"
"TN","2026-03-01T00:00:00.000","6051","23624","46","11","1","0","25.6","260","12208","19","7","2","0","51.7","3618","8","0","5","0","15.3"
"TN","2026-03-08T00:00:00.000","6109","23447","28","7","1","1","26.1","257","12100","12","7","0","0","51.6","3583","5","0","0","0","15.3"
"TN","2026-03-15T00:00:00.000","5799","22994","28","6","3","1","25.2","252","11750","3","1","5","1","51.1","3496","6","0","2","0","15.2"
"TN","2026-03-22T00:00:00.000","5556","21734","19","4","4","0","25.6","238","11287","7","6","2","2","51.9","3278","0","0","0","0","15.1"
"TN","2026-03-29T00:00:00.000","3502","12085","6","0","2","0","29.0","137","6516","0","0","0","0","53.9","2081","0","0","0","0","17.2"
"TX","2024-10-06T00:00:00.000","7352","86911","164","1","11","0","8.5","1156",,,,,,,,,,,,
"TX","2024-10-13T00:00:00.000","8647","86447","82","11","9","0","10.0","1152",,,,,,,,,,,,
"TX","2024-10-20T00:00:00.000","10460","85776","142","8","11","1","12.2","1147",,,,,,,,,,,,
"TX","2024-10-27T00:00:00.000","11446","86526","109","9","9","0","13.2","1152",,,,,,,,,,,,
"TX","2024-11-03T00:00:00.000","13417","86579","52","6","5","0","15.5","1154",,,,,,,,,,,,
"TX","2024-11-10T00:00:00.000","14553","86577","59","1","4","0","16.8","1152",,,,,,,,,,,,
"TX","2024-11-17T00:00:00.000","15617","86712","34","5","6","1","18.0","1157",,,,,,,,,,,,
"TX","2024-11-24T00:00:00.000","16581","86478","89","5","1","1","19.2","1154",,,,,,,,,,,,
"TX","2024-12-01T00:00:00.000","17258","86204","85","10","4","2","20.0","1155",,,,,,,,,,,,
"TX","2024-12-08T00:00:00.000","17428","86151","95","8","12","2","20.2","1153",,,,,,,,,,,,
"TX","2024-12-15T00:00:00.000","17843","86766","149","5","8","0","20.6","1154",,,,,,,,,,,,
"TX","2024-12-22T00:00:00.000","18229","86514","135","19","10","1","21.1","1154",,,,,,,,,,,,
"TX","2024-12-29T00:00:00.000","18317","85489","163","16","12","2","21.4","1146",,,,,,,,,,,,
"TX","2025-01-05T00:00:00.000","18517","86171","264","44","17","3","21.5","1154",,,,,,,,,,,,
"TX","2025-01-12T00:00:00.000","17810","82779","228","21","17","1","21.5","1115","47707","74","34","15","9","57.6","6308","51","0","6","0","7.6"
"TX","2025-01-19T00:00:00.000","18607","83014","278","38","24","3","22.4","1113","47604","174","75","41","26","57.3","6401","10","1","7","0","7.7"
"TX","2025-01-26T00:00:00.000","18788","82477","374","27","13","1","22.8","1108","48580","255","128","52","29","58.9","6731","7","1","1","1","8.2"
"TX","2025-02-02T00:00:00.000","19128","83155","254","38","23","3","23.0","1112","49090","325","203","83","35","59.0","7162","18","1","8","0","8.6"
"TX","2025-02-09T00:00:00.000","19458","83104","314","47","25","7","23.4","1111","48936","254","139","57","32","58.9","7223","18","4","8","0","8.7"
"TX","2025-02-16T00:00:00.000","19316","83030","140","17","13","1","23.3","1107","48988","164","89","36","20","59.0","7317","19","0","9","0","8.8"
"TX","2025-02-23T00:00:00.000","20010","86665","250","38","16","2","23.1","1138","50652","116","66","26","13","58.4","7572","10","0","5","0","8.7"
"TX","2025-03-02T00:00:00.000","19589","83317","142","20","12","0","23.5","1107","48946","178","65","24","14","58.7","7267","3","0","1","0","8.7"
"TX","2025-03-09T00:00:00.000","19239","83318","199","29","14","1","23.1","1110","48270","73","39","17","5","57.9","7425","3","0","4","0","8.9"
"TX","2025-03-16T00:00:00.000","19214","83079","196","17","10","0","23.1","1106","48089","41","17","2","1","57.9","7237","9","1","7","0","8.7"
"TX","2025-03-23T00:00:00.000","19213","82718","152","27","11","2","23.2","1104","48378","99","10","7","1","58.5","7326","4","1","3","0","8.9"
"TX","2025-03-30T00:00:00.000","20238","86055","112","16","11","1","23.5","1131","47844","106","17","8","4","55.6","7670","3","1","1","0","8.9"
"TX","2025-04-06T00:00:00.000","18759","81831","153","23","7","0","22.9","1097","45346","32","3","3","0","55.4","7358","30","18","2","1","9.0"
"TX","2025-04-13T00:00:00.000","18458","82207","137","26","7","1","22.5","1097","43507","12","3","4","1","52.9","7378","5","2","1","1","9.0"
"TX","2025-04-20T00:00:00.000","18015","81733","94","9","7","1","22.0","1092","43184","32","18","1","0","52.8","7528","8","2","3","0","9.2"
"TX","2025-04-27T00:00:00.000","19369","85839","103","8","5","0","22.6","1133","45449","25","18","1","0","52.9","7901","2","2","1","0","9.2"
"TX","2025-05-04T00:00:00.000","16939","82133","77","14","6","0","20.6","1101","43247","15","5","2","0","52.7","7728","2","2","0","0","9.4"
"TX","2025-05-11T00:00:00.000","16624","82065","51","4","1","0","20.3","1104","46969","15","6","3","1","57.2","7553","4","2","0","0","9.2"
"TX","2025-05-18T00:00:00.000","16536","82089","61","10","5","0","20.1","1103","46943","11","1","3","1","57.2","7645","5","4","0","0","9.3"
"TX","2025-05-25T00:00:00.000","17433","84432","98","5","6","0","20.6","1120","44691","6","2","1","0","52.9","7844","2","1","0","0","9.3"
"TX","2025-06-01T00:00:00.000","16818","81957","80","10","4","0","20.5","1104","46537","5","0","1","0","56.8","7655","2","1","0","0","9.3"
"TX","2025-06-08T00:00:00.000","16233","81512","31","1","1","0","19.9","1097","45943","4","0","1","0","56.4","7610","1","1","0","0","9.3"
"TX","2025-06-15T00:00:00.000","16058","81555","31","0","6","0","19.7","1095","40706","5","0","2","0","49.9","7560","1","1","0","0","9.3"
"TX","2025-06-22T00:00:00.000","17161","85667","63","10","4","1","20.0","1136","46612","7","2","2","1","54.4","7806","2","2","0","0","9.1"
"TX","2025-06-29T00:00:00.000","15927","80804","69","24","6","0","19.7","1087","42397","4","0","0","0","52.5","7612","2","1","1","1","9.4"
"TX","2025-07-06T00:00:00.000","16002","81454","250","21","10","2","19.6","1097","0","5","0","0","0","0.0","10219","0","0","0","0","12.5"
"TX","2025-07-13T00:00:00.000","15807","81437","84","15","4","1","19.4","1096","0","6","0","0","0","0.0","9701","3","0","0","0","11.9"
"TX","2025-07-20T00:00:00.000","15666","81623","100","14","4","0","19.2","1094","0","6","0","2","0","0.0","9559","3","0","0","0","11.7"
"TX","2025-07-27T00:00:00.000","16301","84950","120","13","5","1","19.2","1124","0","10","0","1","0","0.0","9406","0","0","0","0","11.1"
"TX","2025-08-03T00:00:00.000","15094","81566","183","4","11","0","18.5","1093","9302","8","0","0","0","11.4","8643","0","0","0","0","10.6"
"TX","2025-08-10T00:00:00.000","14439","81188","207","25","7","0","17.8","1088","9476","10","0","0","0","11.7","8415","0","0","0","0","10.4"
"TX","2025-08-17T00:00:00.000","13926","81733","228","28","9","3","17.0","1092","8897","7","0","1","0","10.9","8374","0","0","0","0","10.2"
"TX","2025-08-24T00:00:00.000","14894","85708","192","28","10","0","17.4","1127","10172","4","0","0","0","11.9","8555","1","0","0","0","10.0"
"TX","2025-08-31T00:00:00.000","13680","81824","225","32","17","1","16.7","1088","7791","5","0","2","0","9.5","8373","0","0","0","0","10.2"
"TX","2025-09-07T00:00:00.000","13396","81854","357","28","8","2","16.4","1095","7635","6","0","3","0","9.3","8364","0","0","0","0","10.2"
"TX","2025-09-14T00:00:00.000","13091","81617","329","46","18","1","16.0","1091","7859","5","0","0","0","9.6","7815","3","0","0","0","9.6"
"TX","2025-09-21T00:00:00.000","13083","81657","296","39","19","0","16.0","1085","10296","4","0","0","0","12.6","7727","3","0","0","0","9.5"
"TX","2025-09-28T00:00:00.000","13431","83271","125","12","8","0","16.1","1097","15132","4","0","0","0","18.2","7830","0","0","0","0","9.4"
"TX","2025-10-05T00:00:00.000","12958","81183","134","6","11","0","16.0","1080","17176","2","0","1","0","21.2","7661","0","0","0","0","9.4"
"TX","2025-10-12T00:00:00.000","12608","79720","113","6","6","0","15.8","1066","24876","3","1","2","1","31.2","7547","0","0","0","0","9.5"
"TX","2025-10-19T00:00:00.000","13018","80832","30","0","2","0","16.1","1076","29075","3","2","0","0","36.0","7532","0","0","0","0","9.3"
"TX","2025-10-26T00:00:00.000","13935","82698","30","1","3","0","16.9","1091","33829","3","0","0","0","40.9","7771","1","0","0","0","9.4"
"TX","2025-11-02T00:00:00.000","14075","79651","131","1","3","0","17.7","1063","34487","0","0","1","0","43.3","7725","0","0","0","0","9.7"
"TX","2025-11-09T00:00:00.000","14251","79405","40","0","2","0","17.9","1061","35766","3","1","0","0","45.0","7730","0","0","0","0","9.7"
"TX","2025-11-16T00:00:00.000","14079","80928","27","0","4","0","17.4","1073","36162","6","0","0","0","44.7","8082","1","0","0","0","10.0"
"TX","2025-11-23T00:00:00.000","15106","82779","64","6","7","0","18.2","1085","39104","2","0","0","0","47.2","8103","0","0","0","0","9.8"
"TX","2025-11-30T00:00:00.000","14386","79266","83","2","3","0","18.1","1051","36954","22","1","0","0","46.6","7856","0","0","0","0","9.9"
"TX","2025-12-07T00:00:00.000","14555","79563","35","1","4","0","18.3","1057","37483","69","0","1","0","47.1","7739","0","0","0","0","9.7"
"TX","2025-12-14T00:00:00.000","14677","79851","63","2","4","1","18.4","1055","36971","29","13","6","4","46.3","7708","1","0","0","0","9.7"
"TX","2025-12-21T00:00:00.000","15445","82885","102","4","8","0","18.6","1084","38865","22","11","5","4","46.9","7995","1","0","0","0","9.6"
"TX","2025-12-28T00:00:00.000","14480","79033","60","11","5","1","18.3","1048","37277","66","36","11","5","47.2","7582","0","0","0","0","9.6"
"TX","2026-01-04T00:00:00.000","14372","77954","59","7","2","0","18.4","1038","36567","53","11","8","0","46.9","7539","0","0","0","0","9.7"
"TX","2026-01-11T00:00:00.000","14016","78295","90","4","7","0","17.9","1040","37143","91","26","20","5","47.4","7738","7","0","0","0","9.9"
"TX","2026-01-18T00:00:00.000","14775","79676","62","1","10","0","18.5","1047","38861","62","23","14","5","48.8","7878","6","0","3","0","9.9"
"TX","2026-01-25T00:00:00.000","15174","81644","23","0","5","0","18.6","1062","39818","97","29","29","7","48.8","7831","8","0","1","0","9.6"
"TX","2026-02-01T00:00:00.000","14386","78401","72","3","6","0","18.3","1029","37888","79","35","19","4","48.3","7503","5","1","0","0","9.6"
"TX","2026-02-08T00:00:00.000","14153","77011","75","2","6","0","18.4","1019","37243","103","52","22","4","48.4","7210","10","0","2","0","9.4"
"TX","2026-02-15T00:00:00.000","13896","77228","41","4","2","0","18.0","1019","39730","147","47","22","4","51.4","7335","12","0","1","0","9.5"
"TX","2026-02-22T00:00:00.000","13590","79820","73","17","3","0","17.0","1038","41181","104","38","12","4","51.6","7317","11","0","4","0","9.2"
"TX","2026-03-01T00:00:00.000","13668","76858","39","3","4","0","17.8","1010","36924","47","15","8","1","48.0","7212","13","1","1","0","9.4"
"TX","2026-03-08T00:00:00.000","13671","75810","32","2","2","0","18.0","998","36019","41","7","8","1","47.5","7023","9","0","0","0","9.3"
"TX","2026-03-15T00:00:00.000","13382","75028","44","11","4","1","17.8","982","35420","24","8","5","1","47.2","6910","7","0","2","0","9.2"
"TX","2026-03-22T00:00:00.000","11796","68540","52","0","4","0","17.2","909","34287","17","5","4","0","50.0","6480","6","0","1","0","9.5"
"TX","2026-03-29T00:00:00.000","8790","53779","22","1","2","1","16.3","718","27417","16","5","4","0","51.0","4381","6","0","1","0","8.1"
"USA","2024-10-06T00:00:00.000","180015","1215497","6352","379","437","31","14.8","14115",,,,,,,,,,,,
"USA","2024-10-13T00:00:00.000","208399","1224277","4995","289","360","7","17.0","14205",,,,,,,,,,,,
"USA","2024-10-20T00:00:00.000","250420","1211982","4809","396","323","21","20.7","14043",,,,,,,,,,,,
"USA","2024-10-27T00:00:00.000","295477","1208722","5292","487","316","30","24.4","14008",,,,,,,,,,,,
"USA","2024-11-03T00:00:00.000","337061","1223806","4917","635","321","41","27.5","14159",,,,,,,,,,,,
"USA","2024-11-10T00:00:00.000","369337","1224072","4198","550","256","31","30.2","14162",,,,,,,,,,,,
"USA","2024-11-17T00:00:00.000","395938","1220593","3617","665","212","34","32.4","14132",,,,,,,,,,,,
"USA","2024-11-24T00:00:00.000","420131","1219734","3942","895","267","47","34.4","14114",,,,,,,,,,,,
"USA","2024-12-01T00:00:00.000","433694","1215090","4199","1053","229","54","35.7","14111",,,,,,,,,,,,
"USA","2024-12-08T00:00:00.000","447807","1214248","4994","1155","308","59","36.9","14100",,,,,,,,,,,,
"USA","2024-12-15T00:00:00.000","460532","1217794","6107","1475","329","65","37.8","14098",,,,,,,,,,,,
"USA","2024-12-22T00:00:00.000","469320","1217551","6833","1715","366","75","38.5","14087",,,,,,,,,,,,
"USA","2024-12-29T00:00:00.000","471170","1205976","7541","1946","434","84","39.1","14035",,,,,,,,,,,,
"USA","2025-01-05T00:00:00.000","480556","1207298","8597","2520","544","133","39.8","14062",,,,,,,,,,,,
"USA","2025-01-12T00:00:00.000","482804","1204226","7886","2195","541","109","40.1","13937","745485","2651","1386","583","277","61.9","212349","652","59","168","17","17.6"
"USA","2025-01-19T00:00:00.000","487691","1203467","6788","1799","526","110","40.5","13836","748598","3319","1731","727","369","62.2","216641","654","58","151","5","18.0"
"USA","2025-01-26T00:00:00.000","494138","1217370","6364","1747","421","89","40.6","13937","741349","4108","2183","898","467","60.9","218540","742","85","176","24","18.0"
"USA","2025-02-02T00:00:00.000","500007","1222118","5913","1469","414","80","40.9","13983","759490","5347","2802","1061","541","62.1","226195","858","116","188","16","18.5"
"USA","2025-02-09T00:00:00.000","504544","1219610","5260","1421","385","105","41.4","13948","760142","5351","2862","1122","551","62.3","230444","691","91","219","16","18.9"
"USA","2025-02-16T00:00:00.000","507441","1221081","4609","1398","345","86","41.6","13952","760926","5229","2747","960","507","62.3","234788","696","67","145","13","19.2"
"USA","2025-02-23T00:00:00.000","509660","1224620","3984","1216","312","78","41.6","13966","764908","4170","2283","839","409","62.5","237582","535","58","128","10","19.4"
"USA","2025-03-02T00:00:00.000","510221","1220700","3629","1054","276","67","41.8","13930","763402","3608","1896","773","344","62.5","241025","477","55","103","13","19.7"
"USA","2025-03-09T00:00:00.000","510994","1216719","3304","984","273","52","42.0","13917","762605","2607","1325","472","249","62.7","243186","420","58","113","13","20.0"
"USA","2025-03-16T00:00:00.000","509531","1217060","3172","993","261","67","41.9","13908","760868","1867","978","320","171","62.5","245181","452","35","86","5","20.1"
"USA","2025-03-23T00:00:00.000","507927","1213555","2829","755","245","40","41.9","13887","762648","1475","698","285","137","62.8","246923","381","44","74","6","20.3"
"USA","2025-03-30T00:00:00.000","501655","1212400","2722","788","234","44","41.4","13863","758081","1025","480","190","103","62.5","247884","279","31","57","7","20.4"
"USA","2025-04-06T00:00:00.000","491051","1208425","2882","850","178","39","40.6","13865","754944","629","276","124","61","62.5","248568","274","52","68","8","20.6"
"USA","2025-04-13T00:00:00.000","481916","1209204","2261","578","165","34","39.9","13869","752286","427","186","71","33","62.2","250230","211","15","48","2","20.7"
"USA","2025-04-20T00:00:00.000","469851","1205659","2240","578","177","35","39.0","13859","748270","291","145","58","24","62.1","249772","226","17","43","2","20.7"
"USA","2025-04-27T00:00:00.000","460565","1199631","1962","472","144","32","38.4","13769","743977","252","125","46","24","62.0","249451","116","16","38","5","20.8"
"USA","2025-05-04T00:00:00.000","452363","1208657","1555","444","136","23","37.4","13893","746527","120","43","25","5","61.8","253352","118","17","30","1","21.0"
"USA","2025-05-11T00:00:00.000","444676","1206350","1337","306","113","18","36.9","13884","746224","160","73","33","13","61.9","253009","93","9","34","1","21.0"
"USA","2025-05-18T00:00:00.000","440528","1204325","1122","262","76","13","36.6","13859","743028","116","35","15","5","61.7","253847","76","12","9","1","21.1"
"USA","2025-05-25T00:00:00.000","436917","1209202","1220","272","83","15","36.1","13855","738927","73","27","21","11","61.1","253344","70","12","16","2","21.0"
"USA","2025-06-01T00:00:00.000","433396","1199807","1184","294","82","8","36.1","13830","736784","172","28","16","8","61.4","253737","51","7","5","1","21.1"
"USA","2025-06-08T00:00:00.000","431117","1200302","1189","248","88","15","35.9","13816","733230","205","26","8","3","61.1","253720","90","7","4","1","21.1"
"USA","2025-06-15T00:00:00.000","429107","1192104","1011","184","76","11","36.0","13717","721294","162","24","12","6","60.5","250965","52","7","16","3","21.1"
"USA","2025-06-22T00:00:00.000","428925","1203460","943","187","78","19","35.6","13824","726547","150","22","18","14","60.4","253249","39","12","14","10","21.0"
"USA","2025-06-29T00:00:00.000","424345","1194175","987","232","72","13","35.5","13722","709451","146","12","11","4","59.4","253297","29","3","6","1","21.2"
"USA","2025-07-06T00:00:00.000","424885","1188699","2196","194","125","15","35.7","13686","0","72","0","19","0","0.0","275176","17","0","3","0","23.1"
"USA","2025-07-13T00:00:00.000","420744","1193746","1809","236","77","10","35.2","13728","0","60","0","10","0","0.0","270621","13","1","8","1","22.7"
"USA","2025-07-20T00:00:00.000","417811","1193689","1917","350","93","11","35.0","13702","0","157","0","9","0","0.0","268628","84","1","4","0","22.5"
"USA","2025-07-27T00:00:00.000","415969","1197489","2044","329","117","14","34.7","13710","0","55","0","10","0","0.0","264519","125","1","5","0","22.1"
"USA","2025-08-03T00:00:00.000","411642","1201386","2265","491","129","23","34.3","13742","172699","50","12","9","0","14.4","258132","20","2","7","1","21.5"
"USA","2025-08-10T00:00:00.000","408424","1199357","2681","569","135","18","34.1","13737","167217","34","3","8","2","13.9","257694","7","1","2","0","21.5"
"USA","2025-08-17T00:00:00.000","403476","1199068","3149","579","218","22","33.6","13731","161943","194","0","14","1","13.5","256581","7","0","3","0","21.4"
"USA","2025-08-24T00:00:00.000","400253","1198510","3639","674","188","26","33.4","13679","156800","34","2","7","1","13.1","256142","7","1","76","0","21.4"
"USA","2025-08-31T00:00:00.000","392940","1193219","4241","769","257","28","32.9","13610","147936","132","1","10","1","12.4","253905","11","0","6","0","21.3"
"USA","2025-09-07T00:00:00.000","386917","1197014","4685","801","305","36","32.3","13704","142124","37","5","6","0","11.9","255628","45","1","24","0","21.4"
"USA","2025-09-14T00:00:00.000","377581","1197560","5166","881","231","33","31.5","13675","150549","32","1","9","0","12.6","253751","17","4","5","5","21.2"
"USA","2025-09-21T00:00:00.000","369376","1196860","5007","849","261","37","30.9","13641","173095","53","24","16","1","14.5","253828","23","2","35","1","21.2"
"USA","2025-09-28T00:00:00.000","360154","1198225","4006","601","210","17","30.1","13611","214111","77","26","9","1","17.9","254109","31","1","13","1","21.2"
"USA","2025-10-05T00:00:00.000","344809","1191690","3144","417","166","13","28.9","13550","287831","70","23","8","0","24.2","254093","1","0","1","0","21.3"
"USA","2025-10-12T00:00:00.000","340394","1182606","2436","305","143","11","28.8","13492","387149","50","26","18","10","32.7","253642","3","1","11","1","21.4"
"USA","2025-10-19T00:00:00.000","343566","1180469","2135","272","144","11","29.1","13446","471377","57","36","10","2","39.9","253983","17","1","1","1","21.5"
"USA","2025-10-26T00:00:00.000","354224","1181361","1583","249","107","11","30.0","13427","536689","77","34","15","6","45.4","255146","100","4","53","0","21.6"
"USA","2025-11-02T00:00:00.000","364868","1178377","1887","227","101","14","31.0","13384","581584","90","14","16","6","49.4","256809","23","6","7","2","21.8"
"USA","2025-11-09T00:00:00.000","375101","1176239","1974","343","94","8","31.9","13360","610136","96","29","14","8","51.9","258396","31","3","2","0","22.0"
"USA","2025-11-16T00:00:00.000","380576","1175897","2485","307","125","15","32.4","13368","632465","43","15","12","3","53.8","260138","17","2","0","0","22.1"
"USA","2025-11-23T00:00:00.000","389305","1174988","2487","414","135","26","33.1","13331","645884","282","90","37","21","55.0","261696","25","9","8","2","22.3"
"USA","2025-11-30T00:00:00.000","391297","1161516","2489","380","134","23","33.7","13212","645812","271","125","43","20","55.6","261049","31","4","8","1","22.5"
"USA","2025-12-07T00:00:00.000","397819","1166633","2625","511","152","15","34.1","13287","654084","564","264","103","52","56.1","263781","72","10","13","4","22.6"
"USA","2025-12-14T00:00:00.000","402674","1161076","3539","648","186","27","34.7","13165","653854","821","438","180","93","56.3","263126","249","9","16","2","22.7"
"USA","2025-12-21T00:00:00.000","406619","1169929","4290","831","235","36","34.8","13264","662542","1685","903","314","152","56.6","265136","139","30","34","6","22.7"
"USA","2025-12-28T00:00:00.000","403834","1155448","4592","945","276","44","35.0","13139","657660","2514","1405","514","251","56.9","264509","220","47","47","7","22.9"
"USA","2026-01-04T00:00:00.000","403984","1145212","4759","1078","292","55","35.3","13048","655670","3565","1935","696","352","57.3","262308","247","38","51","5","22.9"
"USA","2026-01-11T00:00:00.000","403278","1151897","5116","1019","289","43","35.0","13064","659694","3707","1987","666","342","57.3","262729","546","39","71","4","22.8"
"USA","2026-01-18T00:00:00.000","406448","1158018","4421","965","283","42","35.1","13053","663433","2414","1302","478","242","57.3","263732","325","54","80","6","22.8"
"USA","2026-01-25T00:00:00.000","406537","1161058","3823","858","235","33","35.0","13030","663426","1969","960","334","136","57.1","264260","317","34","73","5","22.8"
"USA","2026-02-01T00:00:00.000","408128","1158326","3466","766","208","40","35.2","12997","663570","1769","927","360","177","57.3","264725","380","64","91","15","22.9"
"USA","2026-02-08T00:00:00.000","407624","1145817","3165","696","195","34","35.6","12911","662672","1795","881","387","172","57.8","264062","405","47","104","9","23.0"
"USA","2026-02-15T00:00:00.000","403911","1138270","2997","644","190","31","35.5","12822","660174","1643","691","287","120","58.0","264162","509","81","105","14","23.2"
"USA","2026-02-22T00:00:00.000","401035","1130683","2648","591","154","30","35.5","12712","655782","1294","560","236","99","58.0","261915","522","60","107","7","23.2"
"USA","2026-03-01T00:00:00.000","400857","1123558","2539","584","180","38","35.7","12646","651090","903","451","214","94","57.9","262215","503","69","101","15","23.3"
"USA","2026-03-08T00:00:00.000","396356","1105681","2184","485","149","30","35.8","12449","639456","701","353","141","69","57.8","259242","454","66","106","16","23.4"
"USA","2026-03-15T00:00:00.000","386022","1081779","1596","349","110","24","35.7","12118","621187","439","201","145","42","57.4","253046","446","63","110","14","23.4"
"USA","2026-03-22T00:00:00.000","352687","981482","1164","239","79","13","35.9","11015","572568","271","115","76","33","58.3","232889","331","57","99","15","23.7"
"USA","2026-03-29T00:00:00.000","216859","604866","743","170","37","11","35.9","6743","353709","76","36","22","11","58.5","142408","153","27","44","11","23.5"
"UT","2024-10-06T00:00:00.000","961","5893","8","0","0","0","16.3","96",,,,,,,,,,,,
"UT","2024-10-13T00:00:00.000","982","5936","35","0","1","0","16.5","98",,,,,,,,,,,,
"UT","2024-10-20T00:00:00.000","1348","5806","15","2","0","0","23.2","97",,,,,,,,,,,,
"UT","2024-10-27T00:00:00.000","1486","5836","12","1","0","0","25.5","98",,,,,,,,,,,,
"UT","2024-11-03T00:00:00.000","1668","5893","9","3","1","0","28.3","98",,,,,,,,,,,,
"UT","2024-11-10T00:00:00.000","1793","5849","8","0","1","0","30.7","97",,,,,,,,,,,,
"UT","2024-11-17T00:00:00.000","1845","5884","25","4","0","0","31.4","98",,,,,,,,,,,,
"UT","2024-11-24T00:00:00.000","1805","5935","17","2","0","0","30.4","98",,,,,,,,,,,,
"UT","2024-12-01T00:00:00.000","1848","5923","7","0","1","0","31.2","98",,,,,,,,,,,,
"UT","2024-12-08T00:00:00.000","1915","5912","15","0","1","0","32.4","98",,,,,,,,,,,,
"UT","2024-12-15T00:00:00.000","2015","5860","32","1","2","0","34.4","97",,,,,,,,,,,,
"UT","2024-12-22T00:00:00.000","2157","5841","50","14","0","0","36.9","97",,,,,,,,,,,,
"UT","2024-12-29T00:00:00.000","2113","5791","41","20","5","2","36.5","97",,,,,,,,,,,,
"UT","2025-01-05T00:00:00.000","2084","5798","65","9","5","2","35.9","97",,,,,,,,,,,,
"UT","2025-01-12T00:00:00.000","2128","5873","10","3","0","0","36.2","97","3129","39","21","7","3","53.3","748","1","0","0","0","12.7"
"UT","2025-01-19T00:00:00.000","2163","5909","6","1","1","1","36.6","97","3162","12","7","4","2","53.5","717","2","0","0","0","12.1"
"UT","2025-01-26T00:00:00.000","2163","5910","11","3","1","1","36.6","97","3135","19","11","3","2","53.0","722","0","0","0","0","12.2"
"UT","2025-02-02T00:00:00.000","2240","5954","9","1","0","0","37.6","97","3134","26","19","3","2","52.6","720","3","0","1","0","12.1"
"UT","2025-02-09T00:00:00.000","2235","5906","7","0","1","0","37.8","97","3236","9","2","1","0","54.8","722","3","0","2","0","12.2"
"UT","2025-02-16T00:00:00.000","2272","5945","10","3","4","1","38.2","97","3255","27","7","5","4","54.8","725","30","0","6","0","12.2"
"UT","2025-02-23T00:00:00.000","2251","5890","2","0","0","0","38.2","96","3184","1","0","0","0","54.1","757","4","0","2","0","12.9"
"UT","2025-03-02T00:00:00.000","2251","5914","7","1","1","1","38.1","96","3149","8","2","3","1","53.2","730","1","0","1","0","12.3"
"UT","2025-03-09T00:00:00.000","2273","5860","8","2","2","0","38.8","96","3235","0","0","0","0","55.2","768","3","0","2","0","13.1"
"UT","2025-03-16T00:00:00.000","2282","5922","5","2","0","0","38.5","97","3223","3","0","3","0","54.4","791","6","0","0","0","13.4"
"UT","2025-03-23T00:00:00.000","2290","5931","4","0","2","0","38.6","97","3235","1","1","1","1","54.5","809","6","2","0","0","13.6"
"UT","2025-03-30T00:00:00.000","2286","5966","1","1","0","0","38.3","97","3237","12","11","5","4","54.3","812","5","0","0","0","13.6"
"UT","2025-04-06T00:00:00.000","2235","5979","9","4","0","0","37.4","97","3295","9","8","5","4","55.1","825","20","9","3","2","13.8"
"UT","2025-04-13T00:00:00.000","2213","5923","5","2","0","0","37.4","97","3215","2","1","1","0","54.3","812","2","0","0","0","13.7"
"UT","2025-04-20T00:00:00.000","2136","5894","1","0","0","0","36.2","96","3273","7","2","3","0","55.5","811","0","0","0","0","13.8"
"UT","2025-04-27T00:00:00.000","2113","5920","4","0","0","0","35.7","96","3286","1","1","1","1","55.5","772","0","0","0","0","13.0"
"UT","2025-05-04T00:00:00.000","2125","5905","8","2","0","0","36.0","96","3240","0","0","0","0","54.9","788","0","0","0","0","13.3"
"UT","2025-05-11T00:00:00.000","2134","5920","4","0","0","0","36.0","95","3228","29","19","0","0","54.5","801","0","0","0","0","13.5"
"UT","2025-05-18T00:00:00.000","2149","5972","1","0","0","0","36.0","95","3130","16","7","0","0","52.4","859","0","0","0","0","14.4"
"UT","2025-05-25T00:00:00.000","2069","5977","0","0","1","0","34.6","95","3198","0","0","0","0","53.5","809","0","0","0","0","13.5"
"UT","2025-06-01T00:00:00.000","2045","5975","5","2","0","0","34.2","95","3217","0","0","1","1","53.8","744","0","0","0","0","12.5"
"UT","2025-06-08T00:00:00.000","2015","5836","4","2","0","0","34.5","93","3082","1","0","1","0","52.8","751","0","0","0","0","12.9"
"UT","2025-06-15T00:00:00.000","2031","5914","5","1","0","0","34.3","94","3076","0","0","0","0","52.0","766","0","0","0","0","13.0"
"UT","2025-06-22T00:00:00.000","2049","5876","1","1","1","1","34.9","94","3064","2","0","0","0","52.1","742","0","0","0","0","12.6"
"UT","2025-06-29T00:00:00.000","1970","5715","0","0","0","0","34.5","92","2911","0","0","0","0","50.9","724","0","0","0","0","12.7"
"UT","2025-07-06T00:00:00.000","2068","5848","1","0","0","0","35.4","94","0","0","0","0","0","0.0","758","0","0","0","0","13.0"
"UT","2025-07-13T00:00:00.000","2013","5876","3","1","1","0","34.3","95","0","0","0","0","0","0.0","798","0","0","0","0","13.6"
"UT","2025-07-20T00:00:00.000","1969","5808","0","0","0","0","33.9","94","0","0","0","0","0","0.0","854","0","0","0","0","14.7"
"UT","2025-07-27T00:00:00.000","1943","5801","7","0","0","0","33.5","93","0","2","0","0","0","0.0","786","0","0","0","0","13.5"
"UT","2025-08-03T00:00:00.000","1937","5851","16","2","1","0","33.1","93","647","0","0","0","0","11.1","788","0","0","0","0","13.5"
"UT","2025-08-10T00:00:00.000","1958","5911","8","2","1","0","33.1","94","419","0","0","0","0","7.1","684","0","0","0","0","11.6"
"UT","2025-08-17T00:00:00.000","1979","5941","21","0","2","0","33.3","94","460","0","0","0","0","7.7","765","0","0","0","0","12.9"
"UT","2025-08-24T00:00:00.000","1960","5849","19","0","2","0","33.5","92","517","1","0","1","0","8.8","741","0","0","0","0","12.7"
"UT","2025-08-31T00:00:00.000","1906","5879","19","0","3","0","32.4","92","474","0","0","0","0","8.1","712","0","0","0","0","12.1"
"UT","2025-09-07T00:00:00.000","1843","5894","4","0","0","0","31.3","93","476","0","0","0","0","8.1","744","0","0","0","0","12.6"
"UT","2025-09-14T00:00:00.000","1808","5832","2","1","0","0","31.0","92","414","1","1","0","0","7.1","745","0","0","0","0","12.8"
"UT","2025-09-21T00:00:00.000","1744","5756","2","2","0","0","30.3","91","601","0","0","0","0","10.4","762","0","0","0","0","13.2"
"UT","2025-09-28T00:00:00.000","1727","5718","5","1","0","0","30.2","90","744","0","0","0","0","13.0","761","0","0","0","0","13.3"
"UT","2025-10-05T00:00:00.000","1617","5669","32","1","1","0","28.5","89","1146","1","0","1","0","20.2","758","0","0","0","0","13.4"
"UT","2025-10-12T00:00:00.000","1586","5649","1","0","0","0","28.1","90","1580","0","0","0","0","28.0","768","0","0","0","0","13.6"
"UT","2025-10-19T00:00:00.000","1651","5580","2","0","1","0","29.6","89","1757","0","0","0","0","31.5","787","0","0","0","0","14.1"
"UT","2025-10-26T00:00:00.000","1796","5598","0","0","0","0","32.1","88","1941","0","0","0","0","34.7","800","0","0","0","0","14.3"
"UT","2025-11-02T00:00:00.000","1844","5623","1","0","0","0","32.8","88","2061","0","0","0","0","36.7","793","0","0","0","0","14.1"
"UT","2025-11-09T00:00:00.000","1803","5321","0","0","0","0","33.9","85","1993","0","0","0","0","37.5","744","0","0","0","0","14.0"
"UT","2025-11-16T00:00:00.000","1861","5445","8","4","0","0","34.2","87","1991","1","0","0","0","36.6","764","0","0","0","0","14.0"
"UT","2025-11-23T00:00:00.000","1982","5629","0","0","0","0","35.2","89","2023","14","11","3","3","35.9","795","0","0","0","0","14.1"
"UT","2025-11-30T00:00:00.000","1940","5423","2","0","0","0","35.8","86","2021","0","0","0","0","37.3","749","0","0","0","0","13.8"
"UT","2025-12-07T00:00:00.000","1947","5471","10","2","0","0","35.6","88","2035","2","1","1","0","37.2","774","0","0","0","0","14.1"
"UT","2025-12-14T00:00:00.000","1971","5457","6","0","0","0","36.1","87","2084","0","0","0","0","38.2","777","0","0","0","0","14.2"
"UT","2025-12-21T00:00:00.000","2022","5581","4","0","2","0","36.2","89","2035","1","1","0","0","36.5","779","0","0","0","0","14.0"
"UT","2025-12-28T00:00:00.000","1922","5199","12","1","0","0","37.0","84","2106","6","0","1","0","40.5","756","0","0","0","0","14.5"
"UT","2026-01-04T00:00:00.000","2037","5492","29","0","0","0","37.1","89","2169","11","3","1","1","39.5","779","0","0","0","0","14.2"
"UT","2026-01-11T00:00:00.000","1923","5535","9","2","0","0","34.7","88","2089","12","0","1","0","37.7","818","0","0","0","0","14.8"
"UT","2026-01-18T00:00:00.000","1833","5387","3","1","0","0","34.0","85","2041","5","0","3","0","37.9","771","0","0","0","0","14.3"
"UT","2026-01-25T00:00:00.000","1734","5346","5","2","0","0","32.4","85","2091","2","0","0","0","39.1","785","0","0","0","0","14.7"
"UT","2026-02-01T00:00:00.000","1830","5430","1","0","0","0","33.7","85","2192","2","1","0","0","40.4","806","0","0","0","0","14.8"
"UT","2026-02-08T00:00:00.000","1900","5511","2","0","0","0","34.5","86","2133","14","4","2","1","38.7","785","0","0","0","0","14.2"
"UT","2026-02-15T00:00:00.000","1860","5496","6","1","0","0","33.8","87","2166","9","0","1","0","39.4","833","1","0","0","0","15.2"
"UT","2026-02-22T00:00:00.000","1791","5250","29","1","0","0","34.1","84","2071","3","0","0","0","39.4","731","1","0","0","0","13.9"
"UT","2026-03-01T00:00:00.000","1830","5380","1","0","0","0","34.0","84","2019","2","1","0","0","37.5","758","2","0","0","0","14.1"
"UT","2026-03-08T00:00:00.000","1723","5218","4","2","0","0","33.0","83","1943","0","0","0","0","37.2","730","1","1","0","0","14.0"
"UT","2026-03-15T00:00:00.000","1664","4624","0","0","0","0","36.0","73","1897","1","1","0","0","41.0","632","2","0","2","0","13.7"
"UT","2026-03-22T00:00:00.000","1336","3559","0","0","0","0","37.5","58","1803","0","0","0","0","50.7","502","0","0","0","0","14.1"
"UT","2026-03-29T00:00:00.000","610","1464","0","0","0","0","41.7","24","924","0","0","0","0","63.1","301","0","0","0","0","20.6"
"VA","2024-10-06T00:00:00.000","3555","28398","153","5","7","1","12.5","285",,,,,,,,,,,,
"VA","2024-10-13T00:00:00.000","4757","28314","134","2","10","0","16.8","284",,,,,,,,,,,,
"VA","2024-10-20T00:00:00.000","6237","28587","71","3","8","0","21.8","286",,,,,,,,,,,,
"VA","2024-10-27T00:00:00.000","7099","28405","165","16","5","1","25.0","283",,,,,,,,,,,,
"VA","2024-11-03T00:00:00.000","7963","28462","139","46","10","1","28.0","283",,,,,,,,,,,,
"VA","2024-11-10T00:00:00.000","8923","28651","174","25","5","0","31.1","283",,,,,,,,,,,,
"VA","2024-11-17T00:00:00.000","9401","28385","94","26","12","3","33.1","282",,,,,,,,,,,,
"VA","2024-11-24T00:00:00.000","10008","28449","103","20","6","1","35.2","283",,,,,,,,,,,,
"VA","2024-12-01T00:00:00.000","10320","28269","81","25","3","1","36.5","282",,,,,,,,,,,,
"VA","2024-12-08T00:00:00.000","10564","28028","89","33","4","1","37.7","280",,,,,,,,,,,,
"VA","2024-12-15T00:00:00.000","10963","28435","151","41","8","5","38.6","283",,,,,,,,,,,,
"VA","2024-12-22T00:00:00.000","11302","28384","107","35","6","0","39.8","283",,,,,,,,,,,,
"VA","2024-12-29T00:00:00.000","11316","28408","285","65","12","2","39.8","285",,,,,,,,,,,,
"VA","2025-01-05T00:00:00.000","11816","28357","202","58","12","1","41.7","285",,,,,,,,,,,,
"VA","2025-01-12T00:00:00.000","12082","28579","164","57","14","1","42.3","286","16617","31","18","7","4","58.1","4054","13","0","3","0","14.2"
"VA","2025-01-19T00:00:00.000","12220","28446","183","58","11","1","43.0","284","16706","45","20","9","5","58.7","4330","32","1","6","0","15.2"
"VA","2025-01-26T00:00:00.000","12204","28611","131","25","17","3","42.7","284","16912","46","12","10","5","59.1","4450","37","1","3","1","15.6"
"VA","2025-02-02T00:00:00.000","12617","28717","161","20","8","2","43.9","285","17053","103","60","10","6","59.4","4532","39","0","1","0","15.8"
"VA","2025-02-09T00:00:00.000","12402","28228","239","43","10","3","43.9","279","16942","146","91","14","6","60.0","4638","21","2","4","0","16.4"
"VA","2025-02-16T00:00:00.000","12673","28562","224","55","10","5","44.4","283","17097","137","64","22","12","59.9","4780","16","1","3","0","16.7"
"VA","2025-02-23T00:00:00.000","12593","28420","135","36","6","2","44.3","282","17121","111","50","19","8","60.2","4998","16","3","2","0","17.6"
"VA","2025-03-02T00:00:00.000","12792","28618","172","62","8","1","44.7","284","17434","63","26","14","6","60.9","5152","6","1","0","0","18.0"
"VA","2025-03-09T00:00:00.000","12679","28321","159","39","6","1","44.8","281","17123","58","26","14","8","60.5","5114","7","1","2","0","18.1"
"VA","2025-03-16T00:00:00.000","12471","28321","102","18","5","1","44.0","282","16976","44","20","10","6","59.9","5243","0","0","3","0","18.5"
"VA","2025-03-23T00:00:00.000","12654","28571","115","22","10","0","44.3","283","17060","50","26","16","13","59.7","5416","9","0","6","0","19.0"
"VA","2025-03-30T00:00:00.000","12741","28587","97","31","4","1","44.6","282","16964","31","16","2","2","59.3","5251","5","3","0","0","18.4"
"VA","2025-04-06T00:00:00.000","12435","28646","60","24","6","2","43.4","284","16604","15","10","2","0","58.0","5265","1","0","2","1","18.4"
"VA","2025-04-13T00:00:00.000","11963","28363","43","7","1","0","42.2","283","16861","1","0","1","1","59.4","5268","2","0","0","0","18.6"
"VA","2025-04-20T00:00:00.000","11700","28340","75","9","6","1","41.3","282","16861","4","1","0","0","59.5","5235","2","0","1","0","18.5"
"VA","2025-04-27T00:00:00.000","11159","28538","39","5","1","0","39.1","283","16739","0","0","0","0","58.7","5331","3","0","0","0","18.7"
"VA","2025-05-04T00:00:00.000","11097","28514","16","7","3","2","38.9","285","16984","1","1","1","0","59.6","5371","0","0","0","0","18.8"
"VA","2025-05-11T00:00:00.000","10700","28334","8","1","3","0","37.8","282","16782","3","1","0","0","59.2","5357","2","0","0","0","18.9"
"VA","2025-05-18T00:00:00.000","10479","28319","14","2","1","0","37.0","283","16640","1","0","0","0","58.8","5394","2","0","0","0","19.0"
"VA","2025-05-25T00:00:00.000","10365","28362","13","5","0","0","36.5","282","16423","0","0","0","0","57.9","5394","0","0","0","0","19.0"
"VA","2025-06-01T00:00:00.000","10471","28298","11","0","0","0","37.0","282","16404","0","0","0","0","58.0","5244","1","0","0","0","18.5"
"VA","2025-06-08T00:00:00.000","10475","28239","12","5","0","0","37.1","281","16364","0","0","0","0","57.9","5221","0","0","0","0","18.5"
"VA","2025-06-15T00:00:00.000","10620","28176","11","6","1","1","37.7","281","16267","0","0","0","0","57.7","5035","0","0","0","0","17.9"
"VA","2025-06-22T00:00:00.000","10550","28532","21","7","4","1","37.0","282","16126","0","0","0","0","56.5","5155","1","0","1","0","18.1"
"VA","2025-06-29T00:00:00.000","10288","28456","10","4","1","1","36.2","282","15760","0","0","0","0","55.4","5297","0","0","1","0","18.6"
"VA","2025-07-06T00:00:00.000","10264","28225","26","3","1","0","36.4","280","0","0","0","0","0","0.0","5537","0","0","0","0","19.6"
"VA","2025-07-13T00:00:00.000","10193","28513","58","2","2","1","35.7","283","0","1","0","0","0","0.0","5706","3","0","0","0","20.0"
"VA","2025-07-20T00:00:00.000","10376","28441","41","8","1","0","36.5","281","0","0","0","0","0","0.0","5804","0","0","0","0","20.4"
"VA","2025-07-27T00:00:00.000","10314","28620","100","7","0","0","36.0","283","0","0","0","0","0","0.0","5692","0","0","0","0","19.9"
"VA","2025-08-03T00:00:00.000","9912","28320","96","41","3","1","35.0","280","3578","0","0","1","0","12.6","5325","1","0","0","0","18.8"
"VA","2025-08-10T00:00:00.000","10013","28308","90","40","2","0","35.4","282","2630","1","0","0","0","9.3","5368","0","0","0","0","19.0"
"VA","2025-08-17T00:00:00.000","10081","28569","53","7","1","0","35.3","282","2447","2","0","0","0","8.6","5451","0","0","0","0","19.1"
"VA","2025-08-24T00:00:00.000","10018","28559","111","20","3","0","35.1","282","2385","1","0","0","0","8.4","5539","0","0","0","0","19.4"
"VA","2025-08-31T00:00:00.000","9689","28132","86","13","3","0","34.4","278","2286","0","0","0","0","8.1","5209","0","0","0","0","18.5"
"VA","2025-09-07T00:00:00.000","9811","28626","160","38","10","1","34.3","282","2320","0","0","0","0","8.1","5251","0","0","0","0","18.3"
"VA","2025-09-14T00:00:00.000","8961","28458","154","23","9","0","31.5","279","3345","0","0","2","0","11.8","5182","0","0","0","0","18.2"
"VA","2025-09-21T00:00:00.000","8591","28624","145","17","13","0","30.0","280","4124","0","0","1","0","14.4","5405","0","0","0","0","18.9"
"VA","2025-09-28T00:00:00.000","8415","28422","94","8","8","0","29.6","279","4623","0","0","0","0","16.3","5272","0","0","0","0","18.5"
"VA","2025-10-05T00:00:00.000","8606","28402","51","2","5","0","30.3","279","6705","0","0","0","0","23.6","5354","0","0","0","0","18.9"
"VA","2025-10-12T00:00:00.000","8644","28373","61","3","2","0","30.5","279","9132","0","0","0","0","32.2","5213","0","0","0","0","18.4"
"VA","2025-10-19T00:00:00.000","8853","28521","57","6","4","0","31.0","281","11594","0","0","1","0","40.7","5437","0","0","0","0","19.1"
"VA","2025-10-26T00:00:00.000","8502","28497","30","2","1","0","29.8","281","12847","5","0","0","0","45.1","5329","0","0","0","0","18.7"
"VA","2025-11-02T00:00:00.000","8586","28641","48","7","3","0","30.0","281","13911","0","0","0","0","48.6","5240","1","0","0","0","18.3"
"VA","2025-11-09T00:00:00.000","8910","28440","28","8","1","0","31.3","279","14283","0","0","0","0","50.2","5323","2","0","0","0","18.7"
"VA","2025-11-16T00:00:00.000","8787","28102","30","1","2","0","31.3","277","14603","0","0","0","0","52.0","5396","3","0","0","0","19.2"
"VA","2025-11-23T00:00:00.000","8934","28074","73","10","3","0","31.8","277","14957","9","7","2","2","53.3","5389","2","0","0","0","19.2"
"VA","2025-11-30T00:00:00.000","9113","27879","57","5","5","1","32.7","275","15120","10","8","0","0","54.2","5340","2","0","1","0","19.2"
"VA","2025-12-07T00:00:00.000","9242","27893","39","4","7","0","33.1","276","15302","14","6","5","3","54.9","5376","1","0","0","0","19.3"
"VA","2025-12-14T00:00:00.000","9217","28095","120","22","4","0","32.8","277","15499","20","13","3","3","55.2","5396","2","1","0","0","19.2"
"VA","2025-12-21T00:00:00.000","9456","28017","96","20","9","2","33.8","275","15485","54","37","14","9","55.3","5418","8","0","6","0","19.3"
"VA","2025-12-28T00:00:00.000","9577","27678","53","4","4","0","34.6","272","15288","73","44","8","3","55.2","5418","5","0","5","0","19.6"
"VA","2026-01-04T00:00:00.000","9482","27610","67","5","7","1","34.3","273","15377","112","69","19","15","55.7","5438","10","4","5","0","19.7"
"VA","2026-01-11T00:00:00.000","9595","27621","82","7","8","0","34.7","272","15030","97","52","17","9","54.4","5373","21","3","2","0","19.5"
"VA","2026-01-18T00:00:00.000","9892","27550","104","7","4","2","35.9","270","14983","113","59","16","11","54.4","5419","26","4","2","0","19.7"
"VA","2026-01-25T00:00:00.000","9867","27791","64","19","4","0","35.5","271","15365","81","41","2","0","55.3","5450","10","0","1","0","19.6"
"VA","2026-02-01T00:00:00.000","10062","27977","86","16","0","0","36.0","272","15413","18","10","2","2","55.1","5548","19","1","0","0","19.8"
"VA","2026-02-08T00:00:00.000","9938","27758","100","26","3","0","35.8","271","15513","46","20","11","5","55.9","5520","11","1","6","0","19.9"
"VA","2026-02-15T00:00:00.000","10017","27703","105","18","2","0","36.2","270","15399","53","28","4","2","55.6","5435","12","7","4","1","19.6"
"VA","2026-02-22T00:00:00.000","10065","27169","78","14","1","0","37.0","264","15375","19","9","4","1","56.6","5368","30","4","4","0","19.8"
"VA","2026-03-01T00:00:00.000","10120","27273","103","20","4","0","37.1","265","15504","30","17","5","3","56.8","5428","24","2","2","0","19.9"
"VA","2026-03-08T00:00:00.000","10183","27080","95","20","1","0","37.6","265","15629","12","8","2","1","57.7","5525","15","1","0","0","20.4"
"VA","2026-03-15T00:00:00.000","10126","26496","85","27","1","0","38.2","260","15201","11","2","1","0","57.4","5515","8","1","0","0","20.8"
"VA","2026-03-22T00:00:00.000","9340","25128","65","14","2","0","37.2","247","14217","2","0","0","0","56.6","5119","2","0","1","0","20.4"
"VA","2026-03-29T00:00:00.000","6217","16432","61","8","5","1","37.8","156","9244","0","0","0","0","56.3","3466","1","1","2","1","21.1"
"VT","2024-10-06T00:00:00.000","553","2242","19","0","0","0","24.7","32",,,,,,,,,,,,
"VT","2024-10-13T00:00:00.000","564","2250","21","5","0","0","25.1","32",,,,,,,,,,,,
"VT","2024-10-20T00:00:00.000","740","2147","20","1","0","0","34.5","31",,,,,,,,,,,,
"VT","2024-10-27T00:00:00.000","926","2268","17","11","0","0","40.8","32",,,,,,,,,,,,
"VT","2024-11-03T00:00:00.000","1128","2259","12","9","1","0","49.9","32",,,,,,,,,,,,
"VT","2024-11-10T00:00:00.000","1238","2372","0","0","0","0","52.2","33",,,,,,,,,,,,
"VT","2024-11-17T00:00:00.000","1240","2163","0","0","0","0","57.3","31",,,,,,,,,,,,
"VT","2024-11-24T00:00:00.000","1378","2287","0","0","0","0","60.3","32",,,,,,,,,,,,
"VT","2024-12-01T00:00:00.000","1315","2153","23","9","0","0","61.1","31",,,,,,,,,,,,
"VT","2024-12-08T00:00:00.000","1425","2145","30","13","2","1","66.4","31",,,,,,,,,,,,
"VT","2024-12-15T00:00:00.000","1538","2180","10","4","0","0","70.6","31",,,,,,,,,,,,
"VT","2024-12-22T00:00:00.000","1514","2171","14","6","0","0","69.7","31",,,,,,,,,,,,
"VT","2024-12-29T00:00:00.000","1472","2126","7","3","2","1","69.2","31",,,,,,,,,,,,
"VT","2025-01-05T00:00:00.000","1586","2227","10","5","2","1","71.2","32",,,,,,,,,,,,
"VT","2025-01-12T00:00:00.000","1614","2302","25","8","2","0","70.1","33","1688","2","2","1","1","73.3","755","12","5","0","0","32.8"
"VT","2025-01-19T00:00:00.000","1612","2221","27","17","1","1","72.6","32","1694","3","3","0","0","76.3","905","5","2","0","0","40.7"
"VT","2025-01-26T00:00:00.000","1619","2251","14","8","2","2","71.9","32","1756","3","2","0","0","78.0","933","2","0","0","0","41.4"
"VT","2025-02-02T00:00:00.000","1606","2222","29","18","0","0","72.3","32","1747","4","2","0","0","78.6","853","3","2","0","0","38.4"
"VT","2025-02-09T00:00:00.000","1602","2241","16","12","2","2","71.5","32","1758","7","4","0","0","78.4","864","1","0","0","0","38.6"
"VT","2025-02-16T00:00:00.000","1624","2253","3","1","0","0","72.1","32","1751","13","11","3","2","77.7","904","0","0","0","0","40.1"
"VT","2025-02-23T00:00:00.000","1693","2345","4","4","0","0","72.2","33","1766","12","10","2","2","75.3","962","1","1","0","0","41.0"
"VT","2025-03-02T00:00:00.000","1650","2258","5","3","0","0","73.1","32","1790","35","27","6","4","79.3","932","2","0","2","0","41.3"
"VT","2025-03-09T00:00:00.000","1636","2255","1","0","0","0","72.5","32","1739","15","10","0","0","77.1","890","10","0","1","0","39.5"
"VT","2025-03-16T00:00:00.000","1568","2237","5","1","1","0","70.1","32","1722","7","6","1","0","77.0","926","3","0","0","0","41.4"
"VT","2025-03-23T00:00:00.000","1471","2185","6","5","1","0","67.3","31","1646","8","6","1","0","75.3","921","5","0","0","0","42.2"
"VT","2025-03-30T00:00:00.000","1598","2344","4","2","0","0","68.2","33","1789","10","9","0","0","76.3","994","2","0","1","0","42.4"
"VT","2025-04-06T00:00:00.000","1422","2216","3","0","1","1","64.2","31","1727","0","0","0","0","77.9","951","2","0","1","0","42.9"
"VT","2025-04-13T00:00:00.000","1320","2199","3","3","0","0","60.0","31","1721","0","0","0","0","78.3","943","3","0","0","0","42.9"
"VT","2025-04-20T00:00:00.000","1289","2241","17","9","2","2","57.5","32","1716","0","0","0","0","76.6","938","0","0","0","0","41.9"
"VT","2025-04-27T00:00:00.000","1291","2217","19","9","1","1","58.2","31","1657","0","0","0","0","74.7","945","0","0","0","0","42.6"
"VT","2025-05-04T00:00:00.000","1220","2235","4","0","2","0","54.6","31","1691","0","0","0","0","75.7","933","0","0","0","0","41.7"
"VT","2025-05-11T00:00:00.000","1174","2234","2","0","0","0","52.6","31","1613","0","0","0","0","72.2","976","0","0","0","0","43.7"
"VT","2025-05-18T00:00:00.000","1187","2143","0","0","0","0","55.4","30","1584","0","0","0","0","73.9","930","0","0","0","0","43.4"
"VT","2025-05-25T00:00:00.000","1217","2198","0","0","0","0","55.4","31","1640","0","0","0","0","74.6","935","0","0","0","0","42.5"
"VT","2025-06-01T00:00:00.000","1252","2208","0","0","0","0","56.7","31","1634","0","0","0","0","74.0","951","0","0","0","0","43.1"
"VT","2025-06-08T00:00:00.000","1260","2217","30","5","1","0","56.8","31","1640","1","1","0","0","74.0","958","0","0","0","0","43.2"
"VT","2025-06-15T00:00:00.000","1220","2111","43","24","1","0","57.8","29","1479","0","0","0","0","70.1","913","0","0","0","0","43.2"
"VT","2025-06-22T00:00:00.000","1228","2121","5","2","0","0","57.9","29","1537","0","0","0","0","72.5","896","0","0","0","0","42.2"
"VT","2025-06-29T00:00:00.000","1255","2145","2","2","0","0","58.5","29","1478","0","0","0","0","68.9","909","0","0","0","0","42.4"
"VT","2025-07-06T00:00:00.000","1248","2135","29","1","1","0","58.5","29","0","0","0","0","0","0.0","936","0","0","0","0","43.8"
"VT","2025-07-13T00:00:00.000","1240","2109","3","0","0","0","58.8","29","0","0","0","0","0","0.0","950","0","0","0","0","45.0"
"VT","2025-07-20T00:00:00.000","1193","2077","0","0","0","0","57.4","28","0","0","0","0","0","0.0","865","0","0","0","0","41.6"
"VT","2025-07-27T00:00:00.000","1191","2090","19","7","0","0","57.0","28","0","0","0","0","0","0.0","909","0","0","0","0","43.5"
"VT","2025-08-03T00:00:00.000","1183","2106","19","14","0","0","56.2","28","407","0","0","0","0","19.3","915","0","0","0","0","43.4"
"VT","2025-08-10T00:00:00.000","1206","2101","24","11","1","1","57.4","28","387","0","0","0","0","18.4","922","0","0","0","0","43.9"
"VT","2025-08-17T00:00:00.000","1196","2101","39","0","0","0","56.9","28","315","0","0","0","0","15.0","925","0","0","0","0","44.0"
"VT","2025-08-24T00:00:00.000","1172","2088","0","0","0","0","56.1","28","313","0","0","0","0","15.0","932","0","0","0","0","44.6"
"VT","2025-08-31T00:00:00.000","1221","2053","1","1","0","0","59.5","27","283","0","0","0","0","13.8","896","0","0","0","0","43.6"
"VT","2025-09-07T00:00:00.000","1170","2037","0","0","0","0","57.4","27","214","0","0","0","0","10.5","919","0","0","0","0","45.1"
"VT","2025-09-14T00:00:00.000","1080","2094","0","0","0","0","51.6","28","213","0","0","0","0","10.2","930","0","0","0","0","44.4"
"VT","2025-09-21T00:00:00.000","989","2099","26","10","3","2","47.1","28","264","0","0","0","0","12.6","978","0","0","0","0","46.6"
"VT","2025-09-28T00:00:00.000","1056","2182","9","3","0","0","48.4","29","429","0","0","0","0","19.7","910","0","0","0","0","41.7"
"VT","2025-10-05T00:00:00.000","1015","2201","21","0","0","0","46.1","29","716","0","0","0","0","32.5","941","0","0","0","0","42.8"
"VT","2025-10-12T00:00:00.000","999","2281","22","3","1","0","43.8","29","841","0","0","0","0","36.9","992","0","0","0","0","43.5"
"VT","2025-10-19T00:00:00.000","1152","2152","10","2","1","0","53.5","28","1113","0","0","0","0","51.7","994","0","0","0","0","46.2"
"VT","2025-10-26T00:00:00.000","1172","2058","17","14","0","0","56.9","28","1354","0","0","0","0","65.8","1018","0","0","0","0","49.5"
"VT","2025-11-02T00:00:00.000","1274","2151","1","1","0","0","59.2","28","1439","0","0","0","0","66.9","1004","0","0","0","0","46.7"
"VT","2025-11-09T00:00:00.000","1233","2166","9","3","0","0","56.9","28","1501","2","2","1","1","69.3","1027","0","0","0","0","47.4"
"VT","2025-11-16T00:00:00.000","1292","2153","40","11","0","0","60.0","28","1641","1","1","0","0","76.2","963","0","0","0","0","44.7"
"VT","2025-11-23T00:00:00.000","1304","2172","29","17","2","2","60.0","28","1624","0","0","0","0","74.8","962","0","0","0","0","44.3"
"VT","2025-11-30T00:00:00.000","1414","2154","11","6","0","0","65.6","28","1587","0","0","0","0","73.7","1006","0","0","0","0","46.7"
"VT","2025-12-07T00:00:00.000","1311","2155","10","0","0","0","60.8","28","1659","2","0","0","0","77.0","1002","0","0","0","0","46.5"
"VT","2025-12-14T00:00:00.000","1371","2158","12","0","0","0","63.5","28","1655","1","1","1","1","76.7","994","0","0","0","0","46.1"
"VT","2025-12-21T00:00:00.000","1317","2167","17","0","0","0","60.8","28","1668","0","0","0","0","77.0","1069","0","0","0","0","49.3"
"VT","2025-12-28T00:00:00.000","1264","2044","17","4","2","0","61.8","27","1568","7","6","4","4","76.7","994","0","0","0","0","48.6"
"VT","2026-01-04T00:00:00.000","1312","2087","23","5","2","0","62.9","27","1598","34","28","7","5","76.6","1023","0","0","0","0","49.0"
"VT","2026-01-11T00:00:00.000","1303","2080","49","16","1","1","62.6","27","1602","13","6","1","0","77.0","1018","0","0","0","0","48.9"
"VT","2026-01-18T00:00:00.000","1302","2103","49","31","1","1","61.9","27","1581","6","4","2","1","75.2","1031","0","0","0","0","49.0"
"VT","2026-01-25T00:00:00.000","1259","2087","10","0","0","0","60.3","27","1600","15","11","3","1","76.7","1025","0","0","0","0","49.1"
"VT","2026-02-01T00:00:00.000","1216","2038","2","1","0","0","59.7","26","1543","15","10","1","0","75.7","999","8","4","1","0","49.0"
"VT","2026-02-08T00:00:00.000","1143","1902","2","2","0","0","60.1","25","1456","7","6","2","0","76.6","920","1","1","0","0","48.4"
"VT","2026-02-15T00:00:00.000","1193","1929","21","14","1","1","61.8","25","1504","1","0","0","0","78.0","974","0","0","0","0","50.5"
"VT","2026-02-22T00:00:00.000","1294","1970","6","5","0","0","65.7","26","1556","1","0","0","0","79.0","981","0","0","0","0","49.8"
"VT","2026-03-01T00:00:00.000","1276","1948","1","1","0","0","65.5","25","1495","0","0","0","0","76.7","958","0","0","0","0","49.2"
"VT","2026-03-08T00:00:00.000","1236","1898","2","0","0","0","65.1","24","1450","3","2","0","0","76.4","889","0","0","0","0","46.8"
"VT","2026-03-15T00:00:00.000","1195","1845","1","1","0","0","64.8","23","1427","0","0","0","0","77.3","860","7","2","3","0","46.6"
"VT","2026-03-22T00:00:00.000","1052","1645","0","0","0","0","64.0","20","1205","0","0","0","0","73.3","826","0","0","0","0","50.2"
"VT","2026-03-29T00:00:00.000","369","547","0","0","0","0","67.5","6","372","0","0","0","0","68.0","401","6","5","1","1","73.3"
"WA","2024-10-06T00:00:00.000","1785","13980","209","13","11","3","12.8","188",,,,,,,,,,,,
"WA","2024-10-13T00:00:00.000","2607","14172","216","19","15","0","18.4","189",,,,,,,,,,,,
"WA","2024-10-20T00:00:00.000","3272","14203","199","15","12","1","23.0","189",,,,,,,,,,,,
"WA","2024-10-27T00:00:00.000","3849","14230","147","18","8","0","27.0","189",,,,,,,,,,,,
"WA","2024-11-03T00:00:00.000","4492","14314","112","10","8","1","31.4","189",,,,,,,,,,,,
"WA","2024-11-10T00:00:00.000","4787","14389","84","13","3","0","33.3","190",,,,,,,,,,,,
"WA","2024-11-17T00:00:00.000","4809","14357","65","18","4","1","33.5","191",,,,,,,,,,,,
"WA","2024-11-24T00:00:00.000","4982","14294","32","13","3","1","34.9","191",,,,,,,,,,,,
"WA","2024-12-01T00:00:00.000","4929","14135","66","23","8","2","34.9","191",,,,,,,,,,,,
"WA","2024-12-08T00:00:00.000","5170","14178","61","10","6","1","36.5","190",,,,,,,,,,,,
"WA","2024-12-15T00:00:00.000","5505","14282","44","8","4","0","38.5","191",,,,,,,,,,,,
"WA","2024-12-22T00:00:00.000","5690","14408","105","24","1","0","39.5","192",,,,,,,,,,,,
"WA","2024-12-29T00:00:00.000","5761","14195","76","33","1","1","40.6","192",,,,,,,,,,,,
"WA","2025-01-05T00:00:00.000","5642","14176","52","22","5","2","39.8","192",,,,,,,,,,,,
"WA","2025-01-12T00:00:00.000","5780","14324","91","28","5","0","40.4","192","8123","28","12","8","3","56.7","3116","6","0","4","0","21.8"
"WA","2025-01-19T00:00:00.000","5889","14465","73","29","6","2","40.7","192","8154","36","15","7","4","56.4","3243","12","3","4","1","22.4"
"WA","2025-01-26T00:00:00.000","5860","14469","64","20","2","0","40.5","191","7810","66","23","17","6","54.0","3191","12","3","2","0","22.1"
"WA","2025-02-02T00:00:00.000","5941","14572","131","32","4","0","40.8","192","8096","67","36","11","7","55.6","3377","10","3","7","1","23.2"
"WA","2025-02-09T00:00:00.000","5949","14556","204","56","8","3","40.9","192","8171","43","22","12","5","56.1","3360","5","2","3","1","23.1"
"WA","2025-02-16T00:00:00.000","5854","14400","177","60","8","1","40.7","190","8103","52","38","16","11","56.3","3394","8","0","5","0","23.6"
"WA","2025-02-23T00:00:00.000","5974","14519","96","21","6","2","41.1","191","8102","66","38","6","6","55.8","3383","10","3","3","1","23.3"
"WA","2025-03-02T00:00:00.000","5961","14448","55","16","2","0","41.3","191","8034","25","11","8","2","55.6","3481","13","2","1","0","24.1"
"WA","2025-03-09T00:00:00.000","5984","14508","37","9","3","1","41.2","191","8005","37","24","5","2","55.2","3458","4","0","1","1","23.8"
"WA","2025-03-16T00:00:00.000","5967","14554","55","13","3","0","41.0","191","8016","46","32","5","3","55.1","3520","4","0","2","0","24.2"
"WA","2025-03-23T00:00:00.000","5990","14515","28","11","0","0","41.3","191","8069","21","15","3","2","55.6","3527","1","0","0","0","24.3"
"WA","2025-03-30T00:00:00.000","5855","14372","77","23","4","1","40.7","191","8029","32","27","6","4","55.9","3524","2","1","2","1","24.5"
"WA","2025-04-06T00:00:00.000","5713","14368","25","10","0","0","39.8","190","8050","12","5","7","4","56.0","3626","4","3","0","0","25.2"
"WA","2025-04-13T00:00:00.000","5387","14298","4","0","1","0","37.7","189","7986","16","6","1","1","55.9","3577","1","1","0","0","25.0"
"WA","2025-04-20T00:00:00.000","5288","14282","55","12","2","0","37.0","189","8135","17","6","1","1","57.0","3631","0","0","0","0","25.4"
"WA","2025-04-27T00:00:00.000","5290","14384","56","22","1","0","36.8","190","8062","12","1","2","0","56.0","3705","0","0","0","0","25.8"
"WA","2025-05-04T00:00:00.000","5273","14387","58","19","5","1","36.7","190","8087","1","1","1","0","56.2","3689","2","0","3","0","25.6"
"WA","2025-05-11T00:00:00.000","5107","14325","62","26","3","1","35.7","189","8008","0","0","0","0","55.9","3645","0","0","0","0","25.4"
"WA","2025-05-18T00:00:00.000","5275","14371","44","11","3","1","36.7","189","8036","5","2","0","0","55.9","3806","0","0","0","0","26.5"
"WA","2025-05-25T00:00:00.000","5164","14308","28","8","0","0","36.1","190","7903","0","0","0","0","55.2","3694","0","0","0","0","25.8"
"WA","2025-06-01T00:00:00.000","5122","14167","42","5","3","0","36.2","188","7735","3","0","0","0","54.6","3716","0","0","0","0","26.2"
"WA","2025-06-08T00:00:00.000","5122","14215","40","2","3","1","36.0","189","7685","5","1","1","1","54.1","3635","0","0","0","0","25.6"
"WA","2025-06-15T00:00:00.000","5076","14302","37","2","3","0","35.5","189","7687","1","1","0","0","53.7","3639","0","0","1","0","25.4"
"WA","2025-06-22T00:00:00.000","5047","14237","27","9","3","1","35.4","189","7495","0","0","0","0","52.6","3646","1","0","0","0","25.6"
"WA","2025-06-29T00:00:00.000","5083","14212","48","7","5","0","35.8","188","7367","3","3","1","1","51.8","3641","1","0","0","0","25.6"
"WA","2025-07-06T00:00:00.000","5182","14244","22","4","2","1","36.4","189","0","1","0","1","0","0.0","3792","0","0","0","0","26.6"
"WA","2025-07-13T00:00:00.000","5041","14161","36","8","2","1","35.6","188","0","0","0","0","0","0.0","3687","0","0","0","0","26.0"
"WA","2025-07-20T00:00:00.000","5002","13988","49","11","2","0","35.8","186","0","0","0","0","0","0.0","3707","0","0","0","0","26.5"
"WA","2025-07-27T00:00:00.000","5033","14018","67","14","4","1","35.9","186","0","0","0","0","0","0.0","3634","0","0","0","0","25.9"
"WA","2025-08-03T00:00:00.000","4961","14015","79","20","6","1","35.4","186","1659","0","0","0","0","11.8","3559","0","0","0","0","25.4"
"WA","2025-08-10T00:00:00.000","4898","14019","96","35","3","3","34.9","186","1558","0","0","0","0","11.1","3621","0","0","0","0","25.8"
"WA","2025-08-17T00:00:00.000","4963","14075","57","14","8","1","35.3","187","1643","0","0","0","0","11.7","3662","0","0","0","0","26.0"
"WA","2025-08-24T00:00:00.000","5039","14042","55","16","2","1","35.9","186","1510","0","0","0","0","10.8","3688","0","0","0","0","26.3"
"WA","2025-08-31T00:00:00.000","4944","14102","77","7","6","0","35.1","186","1479","0","0","0","0","10.5","3723","0","0","0","0","26.4"
"WA","2025-09-07T00:00:00.000","4875","13986","90","14","3","1","34.9","186","1414","0","0","0","0","10.1","3720","0","0","0","0","26.6"
"WA","2025-09-14T00:00:00.000","4713","14141","102","18","3","0","33.3","187","1529","0","0","0","0","10.8","3675","0","0","0","0","26.0"
"WA","2025-09-21T00:00:00.000","4631","14251","117","9","9","0","32.5","186","1412","0","0","0","0","9.9","3608","0","0","0","0","25.3"
"WA","2025-09-28T00:00:00.000","4296","13959","94","16","4","1","30.8","183","1678","2","0","0","0","12.0","3706","1","0","0","0","26.5"
"WA","2025-10-05T00:00:00.000","4305","13970","62","12","3","1","30.8","182","2687","1","0","0","0","19.2","3487","0","0","0","0","25.0"
"WA","2025-10-12T00:00:00.000","4397","13977","60","6","2","0","31.5","183","4045","0","0","0","0","28.9","3548","0","0","0","0","25.4"
"WA","2025-10-19T00:00:00.000","4466","14045","61","6","1","0","31.8","183","4841","0","0","0","0","34.5","3593","0","0","0","0","25.6"
"WA","2025-10-26T00:00:00.000","4543","14026","71","16","2","0","32.4","182","5631","2","1","1","1","40.1","3516","3","0","3","0","25.1"
"WA","2025-11-02T00:00:00.000","4765","14090","86","19","3","0","33.8","182","6206","2","2","0","0","44.0","3534","1","0","0","0","25.1"
"WA","2025-11-09T00:00:00.000","4932","13986","79","16","3","0","35.3","182","6540","0","0","0","0","46.8","3491","0","0","0","0","25.0"
"WA","2025-11-16T00:00:00.000","5215","14018","52","5","4","2","37.2","182","6740","0","0","0","0","48.1","3576","0","0","0","0","25.5"
"WA","2025-11-23T00:00:00.000","5265","13940","34","11","4","1","37.8","181","6853","0","0","0","0","49.2","3583","0","0","0","0","25.7"
"WA","2025-11-30T00:00:00.000","5274","13848","16","2","4","0","38.1","180","6891","0","0","0","0","49.8","3575","0","0","0","0","25.8"
"WA","2025-12-07T00:00:00.000","5294","13795","21","2","0","0","38.4","179","6899","2","1","0","0","50.0","3589","6","0","0","0","26.0"
"WA","2025-12-14T00:00:00.000","5370","13959","12","3","0","0","38.5","180","7046","11","9","1","1","50.5","3614","0","0","1","0","25.9"
"WA","2025-12-21T00:00:00.000","5418","13928","18","4","0","0","38.9","179","7116","0","0","0","0","51.1","3670","1","0","2","0","26.3"
"WA","2025-12-28T00:00:00.000","5319","13854","3","0","0","0","38.4","179","7153","1","1","1","0","51.6","3653","0","0","0","0","26.4"
"WA","2026-01-04T00:00:00.000","5326","14025","25","3","1","0","38.0","180","7210","12","5","4","3","51.4","3682","0","0","0","0","26.3"
"WA","2026-01-11T00:00:00.000","5333","14089","38","10","2","0","37.9","180","7182","35","13","8","4","51.0","3677","2","0","1","0","26.1"
"WA","2026-01-18T00:00:00.000","5389","14138","24","6","0","0","38.1","178","7290","52","23","11","2","51.6","3697","7","2","3","0","26.1"
"WA","2026-01-25T00:00:00.000","5578","14224","24","2","1","0","39.2","178","7304","73","20","14","8","51.3","3720","7","2","2","0","26.2"
"WA","2026-02-01T00:00:00.000","5428","14017","38","8","2","0","38.7","176","7060","28","13","3","1","50.4","3603","19","5","2","0","25.7"
"WA","2026-02-08T00:00:00.000","5545","14144","30","9","0","0","39.2","178","7235","26","16","6","2","51.2","3680","9","1","1","0","26.0"
"WA","2026-02-15T00:00:00.000","5333","13840","23","7","0","0","38.5","174","7084","25","11","4","2","51.2","3770","17","4","1","1","27.2"
"WA","2026-02-22T00:00:00.000","5428","13897","15","7","0","0","39.1","175","7168","20","9","6","2","51.6","3710","9","1","4","0","26.7"
"WA","2026-03-01T00:00:00.000","5520","13873","14","1","0","0","39.8","176","7189","65","21","14","5","51.8","3703","18","2","4","0","26.7"
"WA","2026-03-08T00:00:00.000","5340","13298","38","0","1","0","40.2","171","6987","65","32","9","3","52.5","3631","7","2","1","0","27.3"
"WA","2026-03-15T00:00:00.000","5260","13241","15","3","1","0","39.7","170","6932","30","17","6","1","52.4","3575","6","1","4","0","27.0"
"WA","2026-03-22T00:00:00.000","4967","12426","4","0","0","0","40.0","158","6782","4","2","2","1","54.6","3583","4","0","3","1","28.8"
"WA","2026-03-29T00:00:00.000","2590","6765","2","0","1","0","38.3","85","3853","1","1","1","1","57.0","1981","4","2","1","0","29.3"
"WI","2024-10-06T00:00:00.000","2862","17572","147","21","16","2","16.3","313",,,,,,,,,,,,
"WI","2024-10-13T00:00:00.000","3905","17576","110","1","8","0","22.2","313",,,,,,,,,,,,
"WI","2024-10-20T00:00:00.000","4628","17511","101","16","11","0","26.4","313",,,,,,,,,,,,
"WI","2024-10-27T00:00:00.000","5676","17307","90","19","14","1","32.8","309",,,,,,,,,,,,
"WI","2024-11-03T00:00:00.000","6612","17432","126","15","4","0","37.9","311",,,,,,,,,,,,
"WI","2024-11-10T00:00:00.000","7158","17241","123","14","7","2","41.5","310",,,,,,,,,,,,
"WI","2024-11-17T00:00:00.000","7796","17227","86","11","2","0","45.3","309",,,,,,,,,,,,
"WI","2024-11-24T00:00:00.000","8125","17080","76","26","2","0","47.6","306",,,,,,,,,,,,
"WI","2024-12-01T00:00:00.000","8300","17071","87","24","6","1","48.6","308",,,,,,,,,,,,
"WI","2024-12-08T00:00:00.000","8463","17192","82","27","7","3","49.2","310",,,,,,,,,,,,
"WI","2024-12-15T00:00:00.000","8637","17237","189","67","8","2","50.1","309",,,,,,,,,,,,
"WI","2024-12-22T00:00:00.000","8656","17197","218","101","12","3","50.3","308",,,,,,,,,,,,
"WI","2024-12-29T00:00:00.000","8702","17039","195","67","11","0","51.1","306",,,,,,,,,,,,
"WI","2025-01-05T00:00:00.000","8818","17142","279","112","16","6","51.4","308",,,,,,,,,,,,
"WI","2025-01-12T00:00:00.000","8721","16983","235","95","10","0","51.4","305","11683","43","20","14","6","68.8","5199","5","0","3","0","30.6"
"WI","2025-01-19T00:00:00.000","8900","17104","129","55","8","4","52.0","304","11732","50","40","14","12","68.6","5276","5","0","3","0","30.8"
"WI","2025-01-26T00:00:00.000","9083","17385","106","48","9","3","52.2","306","12154","83","60","16","8","69.9","5477","12","3","4","1","31.5"
"WI","2025-02-02T00:00:00.000","9226","17518","175","54","8","4","52.7","310","12213","98","62","22","12","69.7","5627","9","0","2","0","32.1"
"WI","2025-02-09T00:00:00.000","9265","17398","98","50","10","3","53.3","307","12103","125","66","34","21","69.6","5651","8","2","3","1","32.5"
"WI","2025-02-16T00:00:00.000","9191","17279","157","71","8","3","53.2","305","11938","105","55","28","17","69.1","5595","13","2","1","0","32.4"
"WI","2025-02-23T00:00:00.000","9152","17317","119","61","8","3","52.8","304","11888","98","58","17","11","68.6","5640","16","1","2","0","32.6"
"WI","2025-03-02T00:00:00.000","9232","17452","112","45","7","3","52.9","308","11912","79","49","6","5","68.3","5717","20","1","3","1","32.8"
"WI","2025-03-09T00:00:00.000","9191","17380","52","22","5","1","52.9","307","11967","79","43","14","9","68.9","5707","12","1","1","0","32.8"
"WI","2025-03-16T00:00:00.000","9201","17568","55","29","6","2","52.4","309","12082","26","16","5","1","68.8","5894","5","1","1","0","33.5"
"WI","2025-03-23T00:00:00.000","9102","17477","35","17","1","1","52.1","306","12104","41","31","8","7","69.3","5870","6","0","2","0","33.6"
"WI","2025-03-30T00:00:00.000","8711","17345","19","7","1","0","50.2","306","12103","25","12","4","2","69.8","5825","9","0","3","0","33.6"
"WI","2025-04-06T00:00:00.000","8449","17127","25","10","3","1","49.3","303","11803","7","5","3","2","68.9","5696","16","1","1","0","33.3"
"WI","2025-04-13T00:00:00.000","8042","17008","47","19","3","2","47.3","303","11670","2","1","2","1","68.6","5682","14","3","2","0","33.4"
"WI","2025-04-20T00:00:00.000","7858","16938","62","14","4","1","46.4","304","11675","3","3","2","1","68.9","5746","7","1","1","0","33.9"
"WI","2025-04-27T00:00:00.000","7547","17038","45","7","5","0","44.3","306","11675","0","0","2","0","68.5","5847","3","2","1","1","34.3"
"WI","2025-05-04T00:00:00.000","7322","16886","22","6","3","0","43.4","303","11600","0","0","0","0","68.7","5787","9","3","2","0","34.3"
"WI","2025-05-11T00:00:00.000","7299","16814","5","1","1","0","43.4","300","11504","2","1","1","0","68.4","5811","3","0","3","0","34.6"
"WI","2025-05-18T00:00:00.000","7437","17163","16","0","3","1","43.3","304","11847","0","0","0","0","69.0","6032","6","1","0","0","35.1"
"WI","2025-05-25T00:00:00.000","7336","17150","3","1","0","0","42.8","305","11795","1","1","0","0","68.8","5917","4","1","1","1","34.5"
"WI","2025-06-01T00:00:00.000","7273","17014","3","0","1","0","42.7","304","11594","0","0","0","0","68.1","5768","3","0","1","0","33.9"
"WI","2025-06-08T00:00:00.000","7196","17020","11","2","3","1","42.3","303","11520","1","1","0","0","67.7","5787","0","0","0","0","34.0"
"WI","2025-06-15T00:00:00.000","7236","17136","16","3","2","0","42.2","305","11600","1","0","0","0","67.7","5895","2","1","0","0","34.4"
"WI","2025-06-22T00:00:00.000","7126","16989","17","5","2","0","41.9","302","11450","0","0","0","0","67.4","5864","0","0","0","0","34.5"
"WI","2025-06-29T00:00:00.000","7271","17113","13","5","2","1","42.5","304","11520","1","1","0","0","67.3","5950","0","0","0","0","34.8"
"WI","2025-07-06T00:00:00.000","7090","16871","12","0","0","0","42.0","302","0","5","0","0","0","0.0","5977","0","0","0","0","35.4"
"WI","2025-07-13T00:00:00.000","7129","17217","2","0","0","0","41.4","304","0","1","0","0","0","0.0","6110","1","0","0","0","35.5"
"WI","2025-07-20T00:00:00.000","7011","17154","7","1","0","0","40.9","304","0","0","0","0","0","0.0","5985","0","0","0","0","34.9"
"WI","2025-07-27T00:00:00.000","7046","17249","20","5","2","0","40.8","303","0","0","0","0","0","0.0","5882","0","0","0","0","34.1"
"WI","2025-08-03T00:00:00.000","7100","16952","41","11","2","1","41.9","303","1875","0","0","0","0","11.1","6036","0","0","0","0","35.6"
"WI","2025-08-10T00:00:00.000","6864","16475","22","5","3","0","41.7","299","1693","2","1","0","0","10.3","5805","0","0","0","0","35.2"
"WI","2025-08-17T00:00:00.000","6898","16655","40","12","1","0","41.4","302","1417","0","0","0","0","8.5","5896","0","0","0","0","35.4"
"WI","2025-08-24T00:00:00.000","6878","16658","39","13","6","0","41.3","300","1144","11","0","0","0","6.9","5883","0","0","0","0","35.3"
"WI","2025-08-31T00:00:00.000","6596","16592","50","9","3","0","39.8","299","1063","0","0","0","0","6.4","5872","0","0","0","0","35.4"
"WI","2025-09-07T00:00:00.000","6415","16768","66","6","5","0","38.3","303","1032","0","0","0","0","6.2","5929","0","0","0","0","35.4"
"WI","2025-09-14T00:00:00.000","6357","16882","82","8","2","1","37.7","302","1419","1","0","0","0","8.4","6011","0","0","0","0","35.6"
"WI","2025-09-21T00:00:00.000","6363","16783","65","18","6","1","37.9","297","1701","0","0","0","0","10.1","5980","0","0","0","0","35.6"
"WI","2025-09-28T00:00:00.000","6077","16904","46","10","4","0","36.0","299","2402","0","0","0","0","14.2","5994","1","0","0","0","35.5"
"WI","2025-10-05T00:00:00.000","5668","16802","65","15","4","1","33.7","299","4197","1","0","1","0","25.0","5958","0","0","0","0","35.5"
"WI","2025-10-12T00:00:00.000","5532","16778","39","16","5","1","33.0","299","5876","1","0","0","0","35.0","5979","0","0","0","0","35.6"
"WI","2025-10-19T00:00:00.000","5955","16861","20","7","0","0","35.3","299","7559","1","0","1","0","44.8","5958","0","0","0","0","35.3"
"WI","2025-10-26T00:00:00.000","6099","16595","10","2","0","0","36.8","297","8707","1","0","0","0","52.5","5944","0","0","0","0","35.8"
"WI","2025-11-02T00:00:00.000","6244","16305","20","4","0","0","38.3","292","9310","0","0","0","0","57.1","5894","0","0","0","0","36.1"
"WI","2025-11-09T00:00:00.000","6595","16511","26","1","0","0","39.9","295","10111","2","0","0","0","61.2","6057","0","0","0","0","36.7"
"WI","2025-11-16T00:00:00.000","6988","16452","44","2","3","0","42.5","293","10296","0","0","0","0","62.6","6016","1","0","0","0","36.6"
"WI","2025-11-23T00:00:00.000","7093","16423","30","1","1","0","43.2","292","10393","0","0","0","0","63.3","6145","0","0","0","0","37.4"
"WI","2025-11-30T00:00:00.000","7264","16378","35","3","3","0","44.4","292","10374","7","4","0","0","63.3","6259","0","0","0","0","38.2"
"WI","2025-12-07T00:00:00.000","7263","16493","61","16","2","1","44.0","298","10643","5","5","0","0","64.5","6138","1","0","0","0","37.2"
"WI","2025-12-14T00:00:00.000","7399","16538","49","14","5","2","44.7","297","10685","18","8","5","2","64.6","6185","0","0","0","0","37.4"
"WI","2025-12-21T00:00:00.000","7391","16331","62","14","6","1","45.3","292","10610","31","21","5","4","65.0","6157","5","2","1","0","37.7"
"WI","2025-12-28T00:00:00.000","7412","16110","121","16","11","2","46.0","290","10637","73","49","22","14","66.0","6179","2","2","0","0","38.4"
"WI","2026-01-04T00:00:00.000","7377","16122","105","14","7","0","45.8","292","10646","123","64","13","5","66.0","6066","12","3","1","0","37.6"
"WI","2026-01-11T00:00:00.000","7550","16301","182","50","4","1","46.3","291","10812","69","33","9","4","66.3","6077","11","3","0","0","37.3"
"WI","2026-01-18T00:00:00.000","7545","16322","125","32","11","4","46.2","290","10800","55","38","17","11","66.2","6117","7","2","1","0","37.5"
"WI","2026-01-25T00:00:00.000","7618","16389","130","39","9","3","46.5","290","10815","33","23","8","4","66.0","6195","1","0","0","0","37.8"
"WI","2026-02-01T00:00:00.000","7413","16224","132","50","4","1","45.7","287","10781","29","13","5","2","66.5","6148","2","1","0","0","37.9"
"WI","2026-02-08T00:00:00.000","7580","16336","114","29","5","1","46.4","289","10849","32","17","2","1","66.4","6261","3","0","1","0","38.3"
"WI","2026-02-15T00:00:00.000","7629","16171","105","26","10","0","47.2","287","10755","17","9","4","2","66.5","6296","14","2","4","0","38.9"
"WI","2026-02-22T00:00:00.000","7564","16144","102","25","14","5","46.9","288","10756","7","5","0","0","66.6","6233","7","0","1","0","38.6"
"WI","2026-03-01T00:00:00.000","7372","15862","74","25","6","1","46.5","283","10548","16","13","2","2","66.5","6131","5","2","1","1","38.7"
"WI","2026-03-08T00:00:00.000","7117","15280","59","20","5","1","46.6","277","10045","3","3","0","0","65.7","5858","14","5","3","3","38.3"
"WI","2026-03-15T00:00:00.000","6965","14880","28","14","2","1","46.8","268","9773","4","4","2","1","65.7","5807","16","3","2","1","39.0"
"WI","2026-03-22T00:00:00.000","6605","14081","12","5","1","1","46.9","253","9331","4","3","3","2","66.3","5572","23","6","6","1","39.6"
"WI","2026-03-29T00:00:00.000","4295","8889","25","12","0","0","48.3","158","6127","8","6","2","1","68.9","3728","11","2","4","1","41.9"
"WV","2024-10-06T00:00:00.000","1083","9719","109","3","3","0","11.1","122",,,,,,,,,,,,
"WV","2024-10-13T00:00:00.000","1158","9716","62","1","5","0","11.9","122",,,,,,,,,,,,
"WV","2024-10-20T00:00:00.000","1528","9748","42","2","6","0","15.7","122",,,,,,,,,,,,
"WV","2024-10-27T00:00:00.000","1615","9607","62","2","4","0","16.8","121",,,,,,,,,,,,
"WV","2024-11-03T00:00:00.000","2301","9679","62","1","3","0","23.8","122",,,,,,,,,,,,
"WV","2024-11-10T00:00:00.000","2796","9741","38","2","2","0","28.7","122",,,,,,,,,,,,
"WV","2024-11-17T00:00:00.000","3017","9715","52","3","3","0","31.1","122",,,,,,,,,,,,
"WV","2024-11-24T00:00:00.000","3458","9680","62","1","0","0","35.7","122",,,,,,,,,,,,
"WV","2024-12-01T00:00:00.000","3553","9644","24","6","2","1","36.8","122",,,,,,,,,,,,
"WV","2024-12-08T00:00:00.000","3948","9636","50","12","4","1","41.0","122",,,,,,,,,,,,
"WV","2024-12-15T00:00:00.000","4039","9622","45","17","3","1","42.0","122",,,,,,,,,,,,
"WV","2024-12-22T00:00:00.000","4314","9664","46","18","4","1","44.6","122",,,,,,,,,,,,
"WV","2024-12-29T00:00:00.000","4290","9601","84","18","5","0","44.7","121",,,,,,,,,,,,
"WV","2025-01-05T00:00:00.000","4370","9570","129","33","11","2","45.7","122",,,,,,,,,,,,
"WV","2025-01-12T00:00:00.000","4362","9409","78","19","12","4","46.4","120","6753","7","0","1","0","71.8","4472","0","0","0","0","47.5"
"WV","2025-01-19T00:00:00.000","4492","9563","59","21","7","1","47.0","121","6839","15","10","3","3","71.5","4558","5","1","3","0","47.7"
"WV","2025-01-26T00:00:00.000","4547","9596","63","31","11","2","47.4","121","6791","44","30","11","8","70.8","4628","17","2","3","2","48.2"
"WV","2025-02-02T00:00:00.000","4576","9609","51","4","1","1","47.6","121","6862","59","35","12","7","71.4","4748","9","3","3","0","49.4"
"WV","2025-02-09T00:00:00.000","4693","9577","21","6","3","0","49.0","121","6812","93","65","14","8","71.1","4814","12","3","4","1","50.3"
"WV","2025-02-16T00:00:00.000","4589","9815","50","29","7","2","46.8","121","6807","102","76","12","7","69.4","4859","14","5","2","0","49.5"
"WV","2025-02-23T00:00:00.000","4585","9624","22","11","3","2","47.6","120","6736","94","55","15","7","70.0","4789","1","0","0","0","49.8"
"WV","2025-03-02T00:00:00.000","4484","9686","43","13","6","3","46.3","121","6614","91","54","13","7","68.3","4883","7","1","1","0","50.4"
"WV","2025-03-09T00:00:00.000","4741","9609","16","2","2","0","49.3","121","6755","53","39","11","7","70.3","4914","8","2","4","1","51.1"
"WV","2025-03-16T00:00:00.000","4740","9606","13","3","3","0","49.3","121","6764","35","21","10","7","70.4","4824","6","1","2","1","50.2"
"WV","2025-03-23T00:00:00.000","4762","9701","27","7","4","0","49.1","121","6766","23","15","3","2","69.7","4903","12","9","4","2","50.5"
"WV","2025-03-30T00:00:00.000","4682","9696","30","13","3","1","48.3","121","6757","17","15","5","2","69.7","4883","4","3","2","1","50.4"
"WV","2025-04-06T00:00:00.000","4626","9666","18","10","1","1","47.9","121","6704","2","0","0","0","69.4","4922","2","0","1","0","50.9"
"WV","2025-04-13T00:00:00.000","4593","9602","11","3","2","0","47.8","121","6675","0","0","1","0","69.5","4868","1","0","1","0","50.7"
"WV","2025-04-20T00:00:00.000","4436","9626","12","5","1","0","46.1","121","6687","1","1","1","1","69.5","4902","4","3","0","0","50.9"
"WV","2025-04-27T00:00:00.000","4291","9605","1","0","0","0","44.7","121","6697","1","1","0","0","69.7","4949","0","0","0","0","51.5"
"WV","2025-05-04T00:00:00.000","4103","9604","1","1","0","0","42.7","121","6544","0","0","0","0","68.1","4831","0","0","0","0","50.3"
"WV","2025-05-11T00:00:00.000","4096","9602","1","0","1","0","42.7","121","6494","2","1","0","0","67.6","4780","1","0","0","0","49.8"
"WV","2025-05-18T00:00:00.000","3990","9561","1","0","0","0","41.7","121","6526","3","1","0","0","68.3","4819","2","0","0","0","50.4"
"WV","2025-05-25T00:00:00.000","3912","9534","1","0","0","0","41.0","121","6501","3","3","1","1","68.2","4818","3","0","0","0","50.5"
"WV","2025-06-01T00:00:00.000","3825","9489","1","0","0","0","40.3","121","6408","2","2","0","0","67.5","4796","0","0","0","0","50.5"
"WV","2025-06-08T00:00:00.000","3757","9559","1","0","1","1","39.3","121","6411","2","1","0","0","67.1","4814","2","0","0","0","50.4"
"WV","2025-06-15T00:00:00.000","3826","9584","1","1","1","1","39.9","121","6332","0","0","0","0","66.1","4819","0","0","0","0","50.3"
"WV","2025-06-22T00:00:00.000","3836","9597","10","2","2","1","40.0","121","6402","0","0","0","0","66.7","4850","0","0","0","0","50.5"
"WV","2025-06-29T00:00:00.000","3831","9581","2","0","0","0","40.0","121","6368","0","0","0","0","66.5","4843","0","0","0","0","50.5"
"WV","2025-07-06T00:00:00.000","3748","9556","15","2","0","0","39.2","120","0","0","0","0","0","0.0","4694","2","0","0","0","49.1"
"WV","2025-07-13T00:00:00.000","3760","9548","17","2","0","0","39.4","120","0","0","0","0","0","0.0","4702","1","0","8","1","49.2"
"WV","2025-07-20T00:00:00.000","3720","9663","7","0","1","0","38.5","121","0","0","0","0","0","0.0","4859","0","0","0","0","50.3"
"WV","2025-07-27T00:00:00.000","3619","9554","12","1","0","0","37.9","120","0","0","0","2","0","0.0","4671","0","0","0","0","48.9"
"WV","2025-08-03T00:00:00.000","3534","9486","1","0","1","0","37.3","119","820","0","0","1","0","8.6","4762","0","0","0","0","50.2"
"WV","2025-08-10T00:00:00.000","3516","9613","12","1","1","1","36.6","121","827","1","0","0","0","8.6","4768","0","0","0","0","49.6"
"WV","2025-08-17T00:00:00.000","3475","9619","26","13","50","0","36.1","121","501","0","0","0","0","5.2","4724","1","0","1","0","49.1"
"WV","2025-08-24T00:00:00.000","3589","9559","30","13","0","0","37.5","120","450","0","0","0","0","4.7","4665","0","0","0","0","48.8"
"WV","2025-08-31T00:00:00.000","3568","9662","36","21","1","0","36.9","121","382","0","0","0","0","4.0","4777","0","0","0","0","49.4"
"WV","2025-09-07T00:00:00.000","3507","9465","66","22","2","0","37.1","120","320","0","0","0","0","3.4","4744","0","0","0","0","50.1"
"WV","2025-09-14T00:00:00.000","3510","9486","91","21","3","0","37.0","120","323","0","0","0","0","3.4","4786","1","1","0","0","50.5"
"WV","2025-09-21T00:00:00.000","3578","9529","112","21","8","1","37.5","120","348","0","0","0","0","3.7","4790","0","0","0","0","50.3"
"WV","2025-09-28T00:00:00.000","3404","9508","65","26","4","2","35.8","120","517","0","0","0","0","5.4","4667","0","0","0","0","49.1"
"WV","2025-10-05T00:00:00.000","3237","9416","27","5","1","0","34.4","118","1182","0","0","0","0","12.6","4593","0","0","0","0","48.8"
"WV","2025-10-12T00:00:00.000","3236","9433","35","4","1","1","34.3","118","3071","0","0","0","0","32.6","4525","0","0","0","0","48.0"
"WV","2025-10-19T00:00:00.000","3279","9470","62","4","1","0","34.6","118","4210","0","0","0","0","44.5","4421","0","0","0","0","46.7"
"WV","2025-10-26T00:00:00.000","3088","9419","34","0","1","0","32.8","117","5093","0","0","0","0","54.1","4504","0","0","0","0","47.8"
"WV","2025-11-02T00:00:00.000","3121","9299","28","0","2","0","33.6","116","5833","0","0","0","0","62.7","4475","1","0","0","0","48.1"
"WV","2025-11-09T00:00:00.000","3022","9397","40","0","0","0","32.2","117","6096","0","0","0","0","64.9","4608","0","0","0","0","49.0"
"WV","2025-11-16T00:00:00.000","2957","9414","31","0","1","0","31.4","118","6342","0","0","0","0","67.4","4674","0","0","0","0","49.6"
"WV","2025-11-23T00:00:00.000","3042","9409","49","0","0","0","32.3","118","6288","0","0","0","0","66.8","4629","0","0","0","0","49.2"
"WV","2025-11-30T00:00:00.000","3087","9371","56","12","0","0","32.9","117","6473","0","0","0","0","69.1","4713","0","0","0","0","50.3"
"WV","2025-12-07T00:00:00.000","3146","9367","107","35","3","0","33.6","118","6458","0","0","0","0","68.9","4737","0","0","0","0","50.6"
"WV","2025-12-14T00:00:00.000","3107","9391","101","10","1","0","33.1","118","6628","1","1","1","1","70.6","4719","0","0","0","0","50.3"
"WV","2025-12-21T00:00:00.000","3179","9304","86","23","3","2","34.2","117","6465","24","15","2","0","69.5","4665","0","0","0","0","50.1"
"WV","2025-12-28T00:00:00.000","3360","9376","100","16","1","0","35.8","117","6650","6","4","2","2","70.9","4688","3","3","0","0","50.0"
"WV","2026-01-04T00:00:00.000","3207","9240","64","4","4","0","34.7","116","6531","7","3","3","1","70.7","4612","8","1","0","0","49.9"
"WV","2026-01-11T00:00:00.000","3278","9295","80","11","3","0","35.3","116","6577","20","15","4","3","70.8","4621","4","1","1","0","49.7"
"WV","2026-01-18T00:00:00.000","3293","9331","91","25","3","1","35.3","116","6509","13","9","1","1","69.8","4656","16","13","0","0","49.9"
"WV","2026-01-25T00:00:00.000","3269","9318","139","46","5","0","35.1","115","6445","18","7","0","0","69.2","4607","2","0","0","0","49.4"
"WV","2026-02-01T00:00:00.000","3436","9242","89","29","3","2","37.2","114","6465","33","21","5","3","70.0","4563","6","5","1","1","49.4"
"WV","2026-02-08T00:00:00.000","3453","9335","32","10","4","1","37.0","115","6528","34","27","8","6","69.9","4557","4","1","1","0","48.8"
"WV","2026-02-15T00:00:00.000","3436","9415","36","10","0","0","36.5","115","6542","29","21","2","2","69.5","4665","4","2","1","0","49.5"
"WV","2026-02-22T00:00:00.000","3538","9286","15","5","2","1","38.1","114","6490","7","4","2","2","69.9","4623","4","2","1","0","49.8"
"WV","2026-03-01T00:00:00.000","3454","9426","23","6","3","0","36.6","115","6557","7","5","1","1","69.6","4667","2","1","0","0","49.5"
"WV","2026-03-08T00:00:00.000","3820","9177","21","4","0","0","41.6","112","6430","1","0","1","0","70.1","4604","8","0","3","0","50.2"
"WV","2026-03-15T00:00:00.000","3808","9015","16","5","1","0","42.2","111","6321","5","1","1","1","70.1","4536","6","2","3","1","50.3"
"WV","2026-03-22T00:00:00.000","3544","8140","11","4","0","0","43.5","101","5716","20","2","2","0","70.2","4172","5","2","0","0","51.3"
"WV","2026-03-29T00:00:00.000","2422","5185","1","1","0","0","46.7","63","3801","6","4","0","0","73.3","2873","11","2","4","0","55.4"
"WY","2024-10-06T00:00:00.000","159","1964","49","6","3","1","8.1","34",,,,,,,,,,,,
"WY","2024-10-13T00:00:00.000","289","1966","16","1","1","0","14.7","34",,,,,,,,,,,,
"WY","2024-10-20T00:00:00.000","395","1967","22","0","2","0","20.1","34",,,,,,,,,,,,
"WY","2024-10-27T00:00:00.000","489","1799","17","0","1","0","27.2","32",,,,,,,,,,,,
"WY","2024-11-03T00:00:00.000","605","1795","22","1","0","0","33.7","32",,,,,,,,,,,,
"WY","2024-11-10T00:00:00.000","636","1806","6","0","2","0","35.2","32",,,,,,,,,,,,
"WY","2024-11-17T00:00:00.000","720","1796","3","0","2","0","40.1","32",,,,,,,,,,,,
"WY","2024-11-24T00:00:00.000","775","1800","4","0","2","0","43.1","32",,,,,,,,,,,,
"WY","2024-12-01T00:00:00.000","756","1783","5","0","2","0","42.4","32",,,,,,,,,,,,
"WY","2024-12-08T00:00:00.000","775","1794","9","1","2","1","43.2","32",,,,,,,,,,,,
"WY","2024-12-15T00:00:00.000","862","1805","11","0","0","0","47.8","32",,,,,,,,,,,,
"WY","2024-12-22T00:00:00.000","863","1811","11","0","0","0","47.7","32",,,,,,,,,,,,
"WY","2024-12-29T00:00:00.000","857","1787","5","0","3","0","48.0","31",,,,,,,,,,,,
"WY","2025-01-05T00:00:00.000","859","1797","6","1","1","0","47.8","32",,,,,,,,,,,,
"WY","2025-01-12T00:00:00.000","821","1740","39","1","3","0","47.2","31","1156","7","3","2","1","66.4","487","0","0","0","0","28.0"
"WY","2025-01-19T00:00:00.000","793","1657","17","0","2","0","47.9","30","1139","3","1","1","0","68.7","445","0","0","0","0","26.9"
"WY","2025-01-26T00:00:00.000","796","1657","11","0","2","0","48.0","30","1135","1","0","1","0","68.5","464","0","0","0","0","28.0"
"WY","2025-02-02T00:00:00.000","788","1653","5","0","2","0","47.7","30","1126","6","5","2","1","68.1","459","0","0","0","0","27.8"
"WY","2025-02-09T00:00:00.000","810","1669","3","2","1","1","48.5","30","1140","4","2","3","0","68.3","464","0","0","0","0","27.8"
"WY","2025-02-16T00:00:00.000","846","1740","1","1","0","0","48.6","31","1185","4","3","2","1","68.1","518","2","0","1","0","29.8"
"WY","2025-02-23T00:00:00.000","846","1727","3","2","2","1","49.0","31","1175","1","1","0","0","68.0","535","5","0","3","0","31.0"
"WY","2025-03-02T00:00:00.000","853","1710","8","1","4","0","49.9","31","1159","3","1","0","0","67.8","520","4","0","4","0","30.4"
"WY","2025-03-09T00:00:00.000","842","1692","9","0","0","0","49.8","30","1160","2","0","1","0","68.6","532","6","0","5","0","31.4"
"WY","2025-03-16T00:00:00.000","833","1673","16","11","1","0","49.8","30","1070","3","0","0","0","64.0","520","1","0","1","0","31.1"
"WY","2025-03-23T00:00:00.000","834","1671","0","0","1","0","49.9","30","1133","0","0","0","0","67.8","533","2","0","2","0","31.9"
"WY","2025-03-30T00:00:00.000","790","1660","0","0","0","0","47.6","30","1135","1","0","1","0","68.4","535","1","0","2","0","32.2"
"WY","2025-04-06T00:00:00.000","777","1664","0","0","0","0","46.7","30","1123","2","0","1","0","67.5","513","0","0","0","0","30.8"
"WY","2025-04-13T00:00:00.000","743","1669","1","0","0","0","44.5","30","1115","0","0","0","0","66.8","520","1","0","0","0","31.2"
"WY","2025-04-20T00:00:00.000","724","1647","0","0","0","0","44.0","30","1092","0","0","0","0","66.3","532","1","0","1","0","32.3"
"WY","2025-04-27T00:00:00.000","656","1659","0","0","0","0","39.5","30","1108","0","0","0","0","66.8","523","0","0","0","0","31.5"
"WY","2025-05-04T00:00:00.000","658","1645","1","0","0","0","40.0","30","1108","0","0","0","0","67.4","519","0","0","0","0","31.6"
"WY","2025-05-11T00:00:00.000","649","1659","0","0","0","0","39.1","30","1085","0","0","0","0","65.4","542","0","0","0","0","32.7"
"WY","2025-05-18T00:00:00.000","579","1689","1","0","1","0","34.3","30","1088","0","0","0","0","64.4","544","0","0","0","0","32.2"
"WY","2025-05-25T00:00:00.000","574","1700","0","0","0","0","33.8","30","1085","0","0","0","0","63.8","556","0","0","0","0","32.7"
"WY","2025-06-01T00:00:00.000","566","1683","0","0","0","0","33.6","30","1075","0","0","0","0","63.9","555","0","0","0","0","33.0"
"WY","2025-06-08T00:00:00.000","590","1682","0","0","0","0","35.1","30","1084","0","0","0","0","64.4","562","0","0","0","0","33.4"
"WY","2025-06-15T00:00:00.000","584","1676","6","0","2","0","34.8","30","1088","0","0","0","0","64.9","572","0","0","0","0","34.1"
"WY","2025-06-22T00:00:00.000","550","1679","2","0","0","0","32.8","30","1141","0","0","0","0","68.0","567","0","0","0","0","33.8"
"WY","2025-06-29T00:00:00.000","532","1672","4","0","0","0","31.8","30","1071","0","0","0","0","64.1","558","0","0","0","0","33.4"
"WY","2025-07-06T00:00:00.000","555","1743","0","0","0","0","31.8","31","0","0","0","0","0","0.0","572","0","0","0","0","32.8"
"WY","2025-07-13T00:00:00.000","550","1753","2","0","1","0","31.4","31","0","0","0","0","0","0.0","569","0","0","0","0","32.5"
"WY","2025-07-20T00:00:00.000","533","1731","1","0","1","0","30.8","30","0","0","0","0","0","0.0","553","0","0","0","0","31.9"
"WY","2025-07-27T00:00:00.000","576","1816","0","0","0","0","31.7","31","0","0","0","0","0","0.0","606","0","0","0","0","33.4"
"WY","2025-08-03T00:00:00.000","591","1810","7","0","0","0","32.7","31","201","0","0","0","0","11.1","599","0","0","0","0","33.1"
"WY","2025-08-10T00:00:00.000","628","1837","5","0","2","0","34.2","31","287","0","0","0","0","15.6","611","0","0","0","0","33.3"
"WY","2025-08-17T00:00:00.000","591","1833","0","0","0","0","32.2","31","180","0","0","0","0","9.8","604","0","0","0","0","33.0"
"WY","2025-08-24T00:00:00.000","583","1843","0","0","0","0","31.6","31","178","0","0","0","0","9.7","601","0","0","0","0","32.6"
"WY","2025-08-31T00:00:00.000","577","1827","2","0","0","0","31.6","30","179","0","0","0","0","9.8","588","0","0","0","0","32.2"
"WY","2025-09-07T00:00:00.000","549","1755","3","0","0","0","31.3","30","156","0","0","0","0","8.9","583","0","0","0","0","33.2"
"WY","2025-09-14T00:00:00.000","530","1760","6","1","0","0","30.1","30","150","0","0","0","0","8.5","586","0","0","0","0","33.3"
"WY","2025-09-21T00:00:00.000","500","1751","9","1","1","0","28.6","30","195","0","0","0","0","11.1","566","0","0","0","0","32.3"
"WY","2025-09-28T00:00:00.000","495","1765","27","1","3","0","28.0","30","173","0","0","0","0","9.8","578","0","0","0","0","32.7"
"WY","2025-10-05T00:00:00.000","445","1762","3","0","2","0","25.3","30","364","0","0","0","0","20.7","615","0","0","0","0","34.9"
"WY","2025-10-12T00:00:00.000","430","1751","2","1","2","0","24.6","30","638","0","0","0","0","36.4","604","0","0","0","0","34.5"
"WY","2025-10-19T00:00:00.000","532","1753","0","0","0","0","30.3","30","850","0","0","0","0","48.5","604","0","0","0","0","34.5"
"WY","2025-10-26T00:00:00.000","600","1749","11","0","2","0","34.3","30","1014","3","1","2","1","58.0","609","0","0","0","0","34.8"
"WY","2025-11-02T00:00:00.000","517","1753","2","0","0","0","29.5","30","1082","0","0","0","0","61.7","624","0","0","0","0","35.6"
"WY","2025-11-09T00:00:00.000","547","1753","1","0","0","0","31.2","30","1203","0","0","0","0","68.6","627","0","0","0","0","35.8"
"WY","2025-11-16T00:00:00.000","572","1751","1","0","0","0","32.7","30","1210","0","0","0","0","69.1","633","0","0","0","0","36.2"
"WY","2025-11-23T00:00:00.000","545","1748","1","0","0","0","31.2","30","1206","0","0","0","0","69.0","625","0","0","0","0","35.8"
"WY","2025-11-30T00:00:00.000","548","1746","5","0","0","0","31.4","30","1210","0","0","0","0","69.3","628","0","0","0","0","36.0"
"WY","2025-12-07T00:00:00.000","603","1735","19","0","1","0","34.8","30","1175","0","0","0","0","67.7","670","0","0","0","0","38.6"
"WY","2025-12-14T00:00:00.000","619","1750","32","2","1","0","35.4","30","1189","0","0","0","0","67.9","662","0","0","0","0","37.8"
"WY","2025-12-21T00:00:00.000","612","1733","0","0","0","0","35.3","30","1130","0","0","0","0","65.2","644","0","0","0","0","37.2"
"WY","2025-12-28T00:00:00.000","633","1740","1","0","1","0","36.4","30","1164","13","9","1","1","66.9","641","0","0","0","0","36.8"
"WY","2026-01-04T00:00:00.000","621","1802","6","0","2","0","34.5","32","1237","21","16","3","2","68.6","654","0","0","0","0","36.3"
"WY","2026-01-11T00:00:00.000","640","1877","27","0","4","0","34.1","33","1281","22","6","10","6","68.2","678","0","0","0","0","36.1"
"WY","2026-01-18T00:00:00.000","641","1941","5","0","0","0","33.0","34","1326","5","4","0","0","68.3","697","0","0","0","0","35.9"
"WY","2026-01-25T00:00:00.000","654","1956","0","0","1","0","33.4","34","1335","15","0","0","0","68.3","704","0","0","0","0","36.0"
"WY","2026-02-01T00:00:00.000","608","1891","1","0","0","0","32.2","33","1283","0","0","0","0","67.8","703","0","0","0","0","37.2"
"WY","2026-02-08T00:00:00.000","628","1933","3","0","0","0","32.5","33","1320","1","0","0","0","68.3","723","0","0","0","0","37.4"
"WY","2026-02-15T00:00:00.000","649","1932","8","1","0","0","33.6","33","1325","3","1","0","0","68.6","746","0","0","0","0","38.6"
"WY","2026-02-22T00:00:00.000","733","1933","4","0","0","0","37.9","33","1312","0","0","0","0","67.9","741","0","0","0","0","38.3"
"WY","2026-03-01T00:00:00.000","764","1938","19","0","1","1","39.4","33","1324","0","0","0","0","68.3","733","0","0","0","0","37.8"
"WY","2026-03-08T00:00:00.000","749","1932","21","0","1","0","38.8","33","1336","0","0","0","0","69.2","726","0","0","0","0","37.6"
"WY","2026-03-15T00:00:00.000","709","1810","6","0","1","0","39.2","30","1250","0","0","0","0","69.1","700","0","0","0","0","38.7"
"WY","2026-03-22T00:00:00.000","694","1795","4","0","1","0","38.7","29","1195","0","0","0","0","66.6","666","0","0","0","0","37.1"
"WY","2026-03-29T00:00:00.000","290","894","0","0","0","0","32.4","16","590","0","0","0","0","66.0","264","0","0","0","0","29.5"
