sex,sex_label,race,race_label,age_range,age_range_label,site,site_label,year,rate,rate_lower_ci,rate_upper_ci,modeled_rate,count,rate_type,rate_type_label,stage,stage_label,subtype,subtype_label
1,Both Sexes,1,All Races / Ethnicities,1,All Ages,1,All Cancer Sites Combined,2000,198.861098,198.337181,199.386054,199.521733,553080,,,,,,
1,Both Sexes,1,All Races / Ethnicities,1,All Ages,1,All Cancer Sites Combined,2001,196.357613,195.840512,196.875740,196.498099,553760,,,,,,
1,Both Sexes,1,All Races / Ethnicities,1,All Ages,1,All Cancer Sites Combined,2002,194.439472,193.928758,194.951197,193.520287,557264,,,,,,
1,Both Sexes,1,All Races / Ethnicities,1,All Ages,1,All Cancer Sites Combined,2003,190.974513,190.472374,191.477651,190.587601,556890,,,,,,
1,Both Sexes,1,All Races / Ethnicities,1,All Ages,1,All Cancer Sites Combined,2004,186.926888,186.433537,187.421224,187.699358,553880,,,,,,
1,Both Sexes,1,All Races / Ethnicities,1,All Ages,1,All Cancer Sites Combined,2005,185.316436,184.829191,185.804653,184.854885,559303,,,,,,
1,Both Sexes,1,All Races / Ethnicities,1,All Ages,1,All Cancer Sites Combined,2006,182.119334,181.640183,182.599442,182.053519,559880,,,,,,
1,Both Sexes,1,All Races / Ethnicities,1,All Ages,1,All Cancer Sites Combined,2007,179.335175,178.863885,179.807407,179.294605,562867,,,,,,
1,Both Sexes,1,All Races / Ethnicities,1,All Ages,1,All Cancer Sites Combined,2008,176.397972,175.934791,176.862080,176.577501,565460,,,,,,
1,Both Sexes,1,All Races / Ethnicities,1,All Ages,1,All Cancer Sites Combined,2009,173.463343,173.007889,173.919713,173.901573,567614,,,,,,
1,Both Sexes,1,All Races / Ethnicities,1,All Ages,1,All Cancer Sites Combined,2010,171.927975,171.478575,172.378278,171.627409,574738,,,,,,
1,Both Sexes,1,All Races / Ethnicities,1,All Ages,1,All Cancer Sites Combined,2011,169.343166,168.900638,169.786586,169.382984,576685,,,,,,
1,Both Sexes,1,All Races / Ethnicities,1,All Ages,1,All Cancer Sites Combined,2012,167.354590,166.919040,167.791015,167.167910,582607,,,,,,
1,Both Sexes,1,All Races / Ethnicities,1,All Ages,1,All Cancer Sites Combined,2013,164.622932,164.195070,165.051657,164.981803,584872,,,,,,
1,Both Sexes,1,All Races / Ethnicities,1,All Ages,1,All Cancer Sites Combined,2014,163.122806,162.700833,163.545629,162.824285,591686,,,,,,
1,Both Sexes,1,All Races / Ethnicities,1,All Ages,1,All Cancer Sites Combined,2015,160.931074,160.515684,161.347302,160.694981,595919,,,,,,
1,Both Sexes,1,All Races / Ethnicities,1,All Ages,1,All Cancer Sites Combined,2016,158.408545,157.999904,158.818013,158.593523,598031,,,,,,
1,Both Sexes,1,All Races / Ethnicities,1,All Ages,1,All Cancer Sites Combined,2017,155.401926,155.001546,155.803119,155.492014,599099,,,,,,
1,Both Sexes,1,All Races / Ethnicities,1,All Ages,1,All Cancer Sites Combined,2018,152.257335,151.865347,152.650122,152.451160,599265,,,,,,
1,Both Sexes,1,All Races / Ethnicities,1,All Ages,1,All Cancer Sites Combined,2019,149.362078,148.977589,149.747356,149.469773,599589,,,,,,
1,Both Sexes,1,All Races / Ethnicities,1,All Ages,1,All Cancer Sites Combined,2020,147.291163,146.912656,147.670450,147.358330,602347,,,,,,
1,Both Sexes,1,All Races / Ethnicities,1,All Ages,1,All Cancer Sites Combined,2021,145.743300,145.369353,146.118019,145.276714,605206,,,,,,
1,Both Sexes,1,All Races / Ethnicities,1,All Ages,1,All Cancer Sites Combined,2022,143.388805,143.022377,143.755990,143.224503,608366,,,,,,
1,Both Sexes,1,All Races / Ethnicities,1,All Ages,1,All Cancer Sites Combined,2023,141.012311,140.653681,141.371684,141.201283,613349,,,,,,
1,Both Sexes,1,All Races / Ethnicities,1,All Ages,1,All Cancer Sites Combined,2024,139.099173,138.747344,139.451732,139.206642,619871,,,,,,
1,Both Sexes,1,All Races / Ethnicities,1,All Ages,34,"Anus, Anal Canal & Anorectum",2000,0.176765,0.161484,0.193099,0.172415,492,,,,,,
1,Both Sexes,1,All Races / Ethnicities,1,All Ages,34,"Anus, Anal Canal & Anorectum",2001,0.180671,0.165335,0.197045,0.177798,511,,,,,,
1,Both Sexes,1,All Races / Ethnicities,1,All Ages,34,"Anus, Anal Canal & Anorectum",2002,0.186602,0.171163,0.203062,0.183349,539,,,,,,
1,Both Sexes,1,All Races / Ethnicities,1,All Ages,34,"Anus, Anal Canal & Anorectum",2003,0.188610,0.173214,0.205013,0.189073,555,,,,,,
1,Both Sexes,1,All Races / Ethnicities,1,All Ages,34,"Anus, Anal Canal & Anorectum",2004,0.197120,0.181472,0.213761,0.194975,589,,,,,,
1,Both Sexes,1,All Races / Ethnicities,1,All Ages,34,"Anus, Anal Canal & Anorectum",2005,0.189922,0.174752,0.206066,0.201062,583,,,,,,
1,Both Sexes,1,All Races / Ethnicities,1,All Ages,34,"Anus, Anal Canal & Anorectum",2006,0.199860,0.184383,0.216301,0.207339,623,,,,,,
1,Both Sexes,1,All Races / Ethnicities,1,All Ages,34,"Anus, Anal Canal & Anorectum",2007,0.202019,0.186608,0.218377,0.213813,644,,,,,,
1,Both Sexes,1,All Races / Ethnicities,1,All Ages,34,"Anus, Anal Canal & Anorectum",2008,0.219793,0.203870,0.236647,0.220488,718,,,,,,
1,Both Sexes,1,All Races / Ethnicities,1,All Ages,34,"Anus, Anal Canal & Anorectum",2009,0.243769,0.227178,0.261273,0.227371,818,,,,,,
1,Both Sexes,1,All Races / Ethnicities,1,All Ages,34,"Anus, Anal Canal & Anorectum",2010,0.239800,0.223381,0.257127,0.234470,813,,,,,,
1,Both Sexes,1,All Races / Ethnicities,1,All Ages,34,"Anus, Anal Canal & Anorectum",2011,0.248525,0.231991,0.265950,0.241790,863,,,,,,
1,Both Sexes,1,All Races / Ethnicities,1,All Ages,34,"Anus, Anal Canal & Anorectum",2012,0.251507,0.234975,0.268921,0.249338,889,,,,,,
1,Both Sexes,1,All Races / Ethnicities,1,All Ages,34,"Anus, Anal Canal & Anorectum",2013,0.248710,0.232450,0.265837,0.257122,900,,,,,,
1,Both Sexes,1,All Races / Ethnicities,1,All Ages,34,"Anus, Anal Canal & Anorectum",2014,0.249159,0.233034,0.266138,0.265149,922,,,,,,
1,Both Sexes,1,All Races / Ethnicities,1,All Ages,34,"Anus, Anal Canal & Anorectum",2015,0.270696,0.253948,0.288290,0.273427,1014,,,,,,
1,Both Sexes,1,All Races / Ethnicities,1,All Ages,34,"Anus, Anal Canal & Anorectum",2016,0.290833,0.273753,0.308738,0.281964,1130,,,,,,
1,Both Sexes,1,All Races / Ethnicities,1,All Ages,34,"Anus, Anal Canal & Anorectum",2017,0.299265,0.282005,0.317344,0.290766,1169,,,,,,
1,Both Sexes,1,All Races / Ethnicities,1,All Ages,34,"Anus, Anal Canal & Anorectum",2018,0.306239,0.288810,0.324482,0.313188,1203,,,,,,
1,Both Sexes,1,All Races / Ethnicities,1,All Ages,34,"Anus, Anal Canal & Anorectum",2019,0.339170,0.321076,0.358062,0.337339,1370,,,,,,
1,Both Sexes,1,All Races / Ethnicities,1,All Ages,34,"Anus, Anal Canal & Anorectum",2020,0.362045,0.343510,0.381367,0.363352,1492,,,,,,
1,Both Sexes,1,All Races / Ethnicities,1,All Ages,34,"Anus, Anal Canal & Anorectum",2021,0.397962,0.378551,0.418159,0.391371,1652,,,,,,
1,Both Sexes,1,All Races / Ethnicities,1,All Ages,34,"Anus, Anal Canal & Anorectum",2022,0.380621,0.361786,0.400232,0.383523,1600,,,,,,
1,Both Sexes,1,All Races / Ethnicities,1,All Ages,34,"Anus, Anal Canal & Anorectum",2023,0.367270,0.349127,0.386167,0.375832,1601,,,,,,
1,Both Sexes,1,All Races / Ethnicities,1,All Ages,34,"Anus, Anal Canal & Anorectum",2024,0.374776,0.356492,0.393810,0.368296,1650,,,,,,
1,Both Sexes,1,All Races / Ethnicities,1,All Ages,50,Bones and Joints,2000,0.432975,0.408930,0.458065,0.440489,1212,,,,,,
1,Both Sexes,1,All Races / Ethnicities,1,All Ages,50,Bones and Joints,2001,0.457223,0.432672,0.482805,0.439981,1298,,,,,,
1,Both Sexes,1,All Races / Ethnicities,1,All Ages,50,Bones and Joints,2002,0.413955,0.390783,0.438145,0.439473,1194,,,,,,
1,Both Sexes,1,All Races / Ethnicities,1,All Ages,50,Bones and Joints,2003,0.432768,0.409182,0.457360,0.438966,1262,,,,,,
1,Both Sexes,1,All Races / Ethnicities,1,All Ages,50,Bones and Joints,2004,0.438642,0.415072,0.463205,0.438459,1301,,,,,,
1,Both Sexes,1,All Races / Ethnicities,1,All Ages,50,Bones and Joints,2005,0.463838,0.439706,0.488953,0.437953,1391,,,,,,
1,Both Sexes,1,All Races / Ethnicities,1,All Ages,50,Bones and Joints,2006,0.440877,0.417486,0.465240,0.437448,1340,,,,,,
1,Both Sexes,1,All Races / Ethnicities,1,All Ages,50,Bones and Joints,2007,0.440957,0.417720,0.465153,0.436943,1362,,,,,,
1,Both Sexes,1,All Races / Ethnicities,1,All Ages,50,Bones and Joints,2008,0.431522,0.408710,0.455282,0.436438,1357,,,,,,
1,Both Sexes,1,All Races / Ethnicities,1,All Ages,50,Bones and Joints,2009,0.435982,0.413129,0.459775,0.435935,1384,,,,,,
1,Both Sexes,1,All Races / Ethnicities,1,All Ages,50,Bones and Joints,2010,0.427172,0.404689,0.450584,0.435432,1378,,,,,,
1,Both Sexes,1,All Races / Ethnicities,1,All Ages,50,Bones and Joints,2011,0.436081,0.413466,0.459618,0.434929,1423,,,,,,
1,Both Sexes,1,All Races / Ethnicities,1,All Ages,50,Bones and Joints,2012,0.419730,0.397736,0.442633,0.434427,1399,,,,,,
1,Both Sexes,1,All Races / Ethnicities,1,All Ages,50,Bones and Joints,2013,0.431174,0.408981,0.454266,0.441540,1453,,,,,,
1,Both Sexes,1,All Races / Ethnicities,1,All Ages,50,Bones and Joints,2014,0.452768,0.430168,0.476257,0.448770,1550,,,,,,
1,Both Sexes,1,All Races / Ethnicities,1,All Ages,50,Bones and Joints,2015,0.452862,0.430381,0.476222,0.456118,1574,,,,,,
1,Both Sexes,1,All Races / Ethnicities,1,All Ages,50,Bones and Joints,2016,0.462128,0.439522,0.485606,0.463586,1626,,,,,,
1,Both Sexes,1,All Races / Ethnicities,1,All Ages,50,Bones and Joints,2017,0.476622,0.453957,0.500143,0.471177,1725,,,,,,
1,Both Sexes,1,All Races / Ethnicities,1,All Ages,50,Bones and Joints,2018,0.497316,0.474291,0.521188,0.478892,1820,,,,,,
1,Both Sexes,1,All Races / Ethnicities,1,All Ages,50,Bones and Joints,2019,0.502903,0.479750,0.526900,0.486733,1844,,,,,,
1,Both Sexes,1,All Races / Ethnicities,1,All Ages,50,Bones and Joints,2020,0.498858,0.476017,0.522533,0.494703,1872,,,,,,
1,Both Sexes,1,All Races / Ethnicities,1,All Ages,50,Bones and Joints,2021,0.500571,0.477732,0.524240,0.502803,1886,,,,,,
1,Both Sexes,1,All Races / Ethnicities,1,All Ages,50,Bones and Joints,2022,0.523772,0.500581,0.547784,0.511035,2006,,,,,,
1,Both Sexes,1,All Races / Ethnicities,1,All Ages,50,Bones and Joints,2023,0.498405,0.475989,0.521629,0.519403,1947,,,,,,
1,Both Sexes,1,All Races / Ethnicities,1,All Ages,50,Bones and Joints,2024,0.516458,0.493812,0.539901,0.527907,2056,,,,,,
1,Both Sexes,1,All Races / Ethnicities,1,All Ages,76,Brain and Other Nervous System,2000,4.527855,4.449294,4.607455,4.540360,12655,,,,,,
1,Both Sexes,1,All Races / Ethnicities,1,All Ages,76,Brain and Other Nervous System,2001,4.445160,4.367877,4.523466,4.483057,12609,,,,,,
1,Both Sexes,1,All Races / Ethnicities,1,All Ages,76,Brain and Other Nervous System,2002,4.451459,4.374689,4.529241,4.426477,12830,,,,,,
1,Both Sexes,1,All Races / Ethnicities,1,All Ages,76,Brain and Other Nervous System,2003,4.401385,4.325619,4.478147,4.370611,12901,,,,,,
1,Both Sexes,1,All Races / Ethnicities,1,All Ages,76,Brain and Other Nervous System,2004,4.305351,4.230939,4.380748,4.315450,12829,,,,,,
1,Both Sexes,1,All Races / Ethnicities,1,All Ages,76,Brain and Other Nervous System,2005,4.341852,4.267632,4.417045,4.260986,13152,,,,,,
1,Both Sexes,1,All Races / Ethnicities,1,All Ages,76,Brain and Other Nervous System,2006,4.170851,4.098716,4.243945,4.207209,12886,,,,,,
1,Both Sexes,1,All Races / Ethnicities,1,All Ages,76,Brain and Other Nervous System,2007,4.209672,4.137709,4.282580,4.233383,13234,,,,,,
1,Both Sexes,1,All Races / Ethnicities,1,All Ages,76,Brain and Other Nervous System,2008,4.275105,4.203210,4.347931,4.259721,13724,,,,,,
1,Both Sexes,1,All Races / Ethnicities,1,All Ages,76,Brain and Other Nervous System,2009,4.344515,4.272474,4.417476,4.286222,14176,,,,,,
1,Both Sexes,1,All Races / Ethnicities,1,All Ages,76,Brain and Other Nervous System,2010,4.246333,4.175728,4.317847,4.312888,14164,,,,,,
1,Both Sexes,1,All Races / Ethnicities,1,All Ages,76,Brain and Other Nervous System,2011,4.256211,4.186091,4.327226,4.339720,14491,,,,,,
1,Both Sexes,1,All Races / Ethnicities,1,All Ages,76,Brain and Other Nervous System,2012,4.406864,4.336058,4.478555,4.366719,15276,,,,,,
1,Both Sexes,1,All Races / Ethnicities,1,All Ages,76,Brain and Other Nervous System,2013,4.356213,4.286289,4.427010,4.393886,15343,,,,,,
1,Both Sexes,1,All Races / Ethnicities,1,All Ages,76,Brain and Other Nervous System,2014,4.448209,4.378165,4.519114,4.421222,15997,,,,,,
1,Both Sexes,1,All Races / Ethnicities,1,All Ages,76,Brain and Other Nervous System,2015,4.452641,4.383000,4.523133,4.448728,16268,,,,,,
1,Both Sexes,1,All Races / Ethnicities,1,All Ages,76,Brain and Other Nervous System,2016,4.518316,4.448701,4.588771,4.476405,16834,,,,,,
1,Both Sexes,1,All Races / Ethnicities,1,All Ages,76,Brain and Other Nervous System,2017,4.421106,4.352917,4.490123,4.458884,16804,,,,,,
1,Both Sexes,1,All Races / Ethnicities,1,All Ages,76,Brain and Other Nervous System,2018,4.437640,4.369819,4.506279,4.441432,17126,,,,,,
1,Both Sexes,1,All Races / Ethnicities,1,All Ages,76,Brain and Other Nervous System,2019,4.369846,4.303237,4.437262,4.424049,17232,,,,,,
1,Both Sexes,1,All Races / Ethnicities,1,All Ages,76,Brain and Other Nervous System,2020,4.507249,4.439956,4.575342,4.406733,18034,,,,,,
1,Both Sexes,1,All Races / Ethnicities,1,All Ages,76,Brain and Other Nervous System,2021,4.407803,4.341614,4.474786,4.389485,17857,,,,,,
1,Both Sexes,1,All Races / Ethnicities,1,All Ages,76,Brain and Other Nervous System,2022,4.345523,4.280460,4.411369,4.372305,17937,,,,,,
1,Both Sexes,1,All Races / Ethnicities,1,All Ages,76,Brain and Other Nervous System,2023,4.350856,4.286164,4.416321,4.355192,18203,,,,,,
1,Both Sexes,1,All Races / Ethnicities,1,All Ages,76,Brain and Other Nervous System,2024,4.326506,4.262704,4.391066,4.338146,18523,,,,,,
1,Both Sexes,1,All Races / Ethnicities,1,All Ages,660,Diffuse Astrocytoma and Anaplastic Astrocytoma of the Brain and ONS,2000,1.063803,1.007324,1.122622,1.011612,1332,1,Observed SEER Incidence Rate,101,All Stages,660,Diffuse Astrocytoma and Anaplastic Astrocytoma
1,Both Sexes,1,All Races / Ethnicities,1,All Ages,660,Diffuse Astrocytoma and Anaplastic Astrocytoma of the Brain and ONS,2001,0.979334,0.925520,1.035458,0.998430,1242,1,Observed SEER Incidence Rate,101,All Stages,660,Diffuse Astrocytoma and Anaplastic Astrocytoma
1,Both Sexes,1,All Races / Ethnicities,1,All Ages,660,Diffuse Astrocytoma and Anaplastic Astrocytoma of the Brain and ONS,2002,0.974287,0.921014,1.029839,0.985420,1255,1,Observed SEER Incidence Rate,101,All Stages,660,Diffuse Astrocytoma and Anaplastic Astrocytoma
1,Both Sexes,1,All Races / Ethnicities,1,All Ages,660,Diffuse Astrocytoma and Anaplastic Astrocytoma of the Brain and ONS,2003,0.956447,0.903984,1.011162,0.972579,1248,1,Observed SEER Incidence Rate,101,All Stages,660,Diffuse Astrocytoma and Anaplastic Astrocytoma
1,Both Sexes,1,All Races / Ethnicities,1,All Ages,660,Diffuse Astrocytoma and Anaplastic Astrocytoma of the Brain and ONS,2004,0.960233,0.907796,1.014906,0.959906,1262,1,Observed SEER Incidence Rate,101,All Stages,660,Diffuse Astrocytoma and Anaplastic Astrocytoma
1,Both Sexes,1,All Races / Ethnicities,1,All Ages,660,Diffuse Astrocytoma and Anaplastic Astrocytoma of the Brain and ONS,2005,0.918983,0.867859,0.972328,0.947397,1217,1,Observed SEER Incidence Rate,101,All Stages,660,Diffuse Astrocytoma and Anaplastic Astrocytoma
1,Both Sexes,1,All Races / Ethnicities,1,All Ages,660,Diffuse Astrocytoma and Anaplastic Astrocytoma of the Brain and ONS,2006,0.932175,0.880948,0.985599,0.935052,1251,1,Observed SEER Incidence Rate,101,All Stages,660,Diffuse Astrocytoma and Anaplastic Astrocytoma
1,Both Sexes,1,All Races / Ethnicities,1,All Ages,660,Diffuse Astrocytoma and Anaplastic Astrocytoma of the Brain and ONS,2007,0.884704,0.835214,0.936357,0.922868,1209,1,Observed SEER Incidence Rate,101,All Stages,660,Diffuse Astrocytoma and Anaplastic Astrocytoma
1,Both Sexes,1,All Races / Ethnicities,1,All Ages,660,Diffuse Astrocytoma and Anaplastic Astrocytoma of the Brain and ONS,2008,0.919172,0.868925,0.971560,0.910842,1271,1,Observed SEER Incidence Rate,101,All Stages,660,Diffuse Astrocytoma and Anaplastic Astrocytoma
1,Both Sexes,1,All Races / Ethnicities,1,All Ages,660,Diffuse Astrocytoma and Anaplastic Astrocytoma of the Brain and ONS,2009,0.928004,0.877722,0.980408,0.898973,1297,1,Observed SEER Incidence Rate,101,All Stages,660,Diffuse Astrocytoma and Anaplastic Astrocytoma
1,Both Sexes,1,All Races / Ethnicities,1,All Ages,660,Diffuse Astrocytoma and Anaplastic Astrocytoma of the Brain and ONS,2010,0.899703,0.850668,0.950826,0.887259,1285,1,Observed SEER Incidence Rate,101,All Stages,660,Diffuse Astrocytoma and Anaplastic Astrocytoma
1,Both Sexes,1,All Races / Ethnicities,1,All Ages,660,Diffuse Astrocytoma and Anaplastic Astrocytoma of the Brain and ONS,2011,0.849258,0.801827,0.898757,0.875698,1229,1,Observed SEER Incidence Rate,101,All Stages,660,Diffuse Astrocytoma and Anaplastic Astrocytoma
1,Both Sexes,1,All Races / Ethnicities,1,All Ages,660,Diffuse Astrocytoma and Anaplastic Astrocytoma of the Brain and ONS,2012,0.843054,0.796032,0.892124,0.864287,1233,1,Observed SEER Incidence Rate,101,All Stages,660,Diffuse Astrocytoma and Anaplastic Astrocytoma
1,Both Sexes,1,All Races / Ethnicities,1,All Ages,660,Diffuse Astrocytoma and Anaplastic Astrocytoma of the Brain and ONS,2013,0.868563,0.820947,0.918213,0.853024,1279,1,Observed SEER Incidence Rate,101,All Stages,660,Diffuse Astrocytoma and Anaplastic Astrocytoma
1,Both Sexes,1,All Races / Ethnicities,1,All Ages,660,Diffuse Astrocytoma and Anaplastic Astrocytoma of the Brain and ONS,2014,0.859321,0.812271,0.908379,0.841909,1284,1,Observed SEER Incidence Rate,101,All Stages,660,Diffuse Astrocytoma and Anaplastic Astrocytoma
1,Both Sexes,1,All Races / Ethnicities,1,All Ages,660,Diffuse Astrocytoma and Anaplastic Astrocytoma of the Brain and ONS,2015,0.876258,0.829007,0.925494,0.830938,1331,1,Observed SEER Incidence Rate,101,All Stages,660,Diffuse Astrocytoma and Anaplastic Astrocytoma
1,Both Sexes,1,All Races / Ethnicities,1,All Ages,660,Diffuse Astrocytoma and Anaplastic Astrocytoma of the Brain and ONS,2016,0.827869,0.782271,0.875430,0.820111,1278,1,Observed SEER Incidence Rate,101,All Stages,660,Diffuse Astrocytoma and Anaplastic Astrocytoma
1,Both Sexes,1,All Races / Ethnicities,1,All Ages,660,Diffuse Astrocytoma and Anaplastic Astrocytoma of the Brain and ONS,2017,0.830727,0.784999,0.878415,0.809424,1277,1,Observed SEER Incidence Rate,101,All Stages,660,Diffuse Astrocytoma and Anaplastic Astrocytoma
1,Both Sexes,1,All Races / Ethnicities,1,All Ages,660,Diffuse Astrocytoma and Anaplastic Astrocytoma of the Brain and ONS,2018,0.798100,0.753637,0.844498,0.798877,1248,1,Observed SEER Incidence Rate,101,All Stages,660,Diffuse Astrocytoma and Anaplastic Astrocytoma
1,Both Sexes,1,All Races / Ethnicities,1,All Ages,660,Diffuse Astrocytoma and Anaplastic Astrocytoma of the Brain and ONS,2019,0.762521,0.719204,0.807764,0.788467,1203,1,Observed SEER Incidence Rate,101,All Stages,660,Diffuse Astrocytoma and Anaplastic Astrocytoma
1,Both Sexes,1,All Races / Ethnicities,1,All Ages,660,Diffuse Astrocytoma and Anaplastic Astrocytoma of the Brain and ONS,2020,0.698918,0.657558,0.742199,0.778193,1107,1,Observed SEER Incidence Rate,101,All Stages,660,Diffuse Astrocytoma and Anaplastic Astrocytoma
1,Both Sexes,1,All Races / Ethnicities,1,All Ages,660,Diffuse Astrocytoma and Anaplastic Astrocytoma of the Brain and ONS,2021,0.726503,0.683803,0.771156,0.768052,1119,1,Observed SEER Incidence Rate,101,All Stages,660,Diffuse Astrocytoma and Anaplastic Astrocytoma
1,Both Sexes,1,All Races / Ethnicities,1,All Ages,660,Diffuse Astrocytoma and Anaplastic Astrocytoma of the Brain and ONS,2022,0.678828,0.637477,0.722133,0.652441,1036,1,Observed SEER Incidence Rate,101,All Stages,660,Diffuse Astrocytoma and Anaplastic Astrocytoma
1,Both Sexes,1,All Races / Ethnicities,1,All Ages,660,Diffuse Astrocytoma and Anaplastic Astrocytoma of the Brain and ONS,2023,0.540753,0.504110,0.579331,0.554232,836,1,Observed SEER Incidence Rate,101,All Stages,660,Diffuse Astrocytoma and Anaplastic Astrocytoma
1,Both Sexes,1,All Races / Ethnicities,1,All Ages,660,Diffuse Astrocytoma and Anaplastic Astrocytoma of the Brain and ONS,2004,0.745286,0.699242,0.793564,,982,1,Observed SEER Incidence Rate,104,Localized,660,Diffuse Astrocytoma and Anaplastic Astrocytoma
1,Both Sexes,1,All Races / Ethnicities,1,All Ages,660,Diffuse Astrocytoma and Anaplastic Astrocytoma of the Brain and ONS,2005,0.701672,0.657112,0.748454,,930,1,Observed SEER Incidence Rate,104,Localized,660,Diffuse Astrocytoma and Anaplastic Astrocytoma
1,Both Sexes,1,All Races / Ethnicities,1,All Ages,660,Diffuse Astrocytoma and Anaplastic Astrocytoma of the Brain and ONS,2006,0.731220,0.685899,0.778743,,980,1,Observed SEER Incidence Rate,104,Localized,660,Diffuse Astrocytoma and Anaplastic Astrocytoma
1,Both Sexes,1,All Races / Ethnicities,1,All Ages,660,Diffuse Astrocytoma and Anaplastic Astrocytoma of the Brain and ONS,2007,0.712993,0.668614,0.759538,,973,1,Observed SEER Incidence Rate,104,Localized,660,Diffuse Astrocytoma and Anaplastic Astrocytoma
1,Both Sexes,1,All Races / Ethnicities,1,All Ages,660,Diffuse Astrocytoma and Anaplastic Astrocytoma of the Brain and ONS,2008,0.717391,0.673059,0.763868,,991,1,Observed SEER Incidence Rate,104,Localized,660,Diffuse Astrocytoma and Anaplastic Astrocytoma
1,Both Sexes,1,All Races / Ethnicities,1,All Ages,660,Diffuse Astrocytoma and Anaplastic Astrocytoma of the Brain and ONS,2009,0.731874,0.687236,0.778640,,1020,1,Observed SEER Incidence Rate,104,Localized,660,Diffuse Astrocytoma and Anaplastic Astrocytoma
1,Both Sexes,1,All Races / Ethnicities,1,All Ages,660,Diffuse Astrocytoma and Anaplastic Astrocytoma of the Brain and ONS,2010,0.707152,0.663681,0.752718,,1006,1,Observed SEER Incidence Rate,104,Localized,660,Diffuse Astrocytoma and Anaplastic Astrocytoma
1,Both Sexes,1,All Races / Ethnicities,1,All Ages,660,Diffuse Astrocytoma and Anaplastic Astrocytoma of the Brain and ONS,2011,0.679916,0.637520,0.724385,,982,1,Observed SEER Incidence Rate,104,Localized,660,Diffuse Astrocytoma and Anaplastic Astrocytoma
1,Both Sexes,1,All Races / Ethnicities,1,All Ages,660,Diffuse Astrocytoma and Anaplastic Astrocytoma of the Brain and ONS,2012,0.675869,0.633878,0.719906,,990,1,Observed SEER Incidence Rate,104,Localized,660,Diffuse Astrocytoma and Anaplastic Astrocytoma
1,Both Sexes,1,All Races / Ethnicities,1,All Ages,660,Diffuse Astrocytoma and Anaplastic Astrocytoma of the Brain and ONS,2013,0.721276,0.677867,0.766724,,1058,1,Observed SEER Incidence Rate,104,Localized,660,Diffuse Astrocytoma and Anaplastic Astrocytoma
1,Both Sexes,1,All Races / Ethnicities,1,All Ages,660,Diffuse Astrocytoma and Anaplastic Astrocytoma of the Brain and ONS,2014,0.690041,0.647937,0.734155,,1029,1,Observed SEER Incidence Rate,104,Localized,660,Diffuse Astrocytoma and Anaplastic Astrocytoma
1,Both Sexes,1,All Races / Ethnicities,1,All Ages,660,Diffuse Astrocytoma and Anaplastic Astrocytoma of the Brain and ONS,2015,0.698171,0.656061,0.742269,,1060,1,Observed SEER Incidence Rate,104,Localized,660,Diffuse Astrocytoma and Anaplastic Astrocytoma
1,Both Sexes,1,All Races / Ethnicities,1,All Ages,660,Diffuse Astrocytoma and Anaplastic Astrocytoma of the Brain and ONS,2016,0.626029,0.586325,0.667707,,959,1,Observed SEER Incidence Rate,104,Localized,660,Diffuse Astrocytoma and Anaplastic Astrocytoma
1,Both Sexes,1,All Races / Ethnicities,1,All Ages,660,Diffuse Astrocytoma and Anaplastic Astrocytoma of the Brain and ONS,2017,0.626155,0.586505,0.667770,,960,1,Observed SEER Incidence Rate,104,Localized,660,Diffuse Astrocytoma and Anaplastic Astrocytoma
1,Both Sexes,1,All Races / Ethnicities,1,All Ages,660,Diffuse Astrocytoma and Anaplastic Astrocytoma of the Brain and ONS,2018,0.630762,0.591258,0.672208,,984,1,Observed SEER Incidence Rate,104,Localized,660,Diffuse Astrocytoma and Anaplastic Astrocytoma
1,Both Sexes,1,All Races / Ethnicities,1,All Ages,660,Diffuse Astrocytoma and Anaplastic Astrocytoma of the Brain and ONS,2019,0.619416,0.580327,0.660440,,969,1,Observed SEER Incidence Rate,104,Localized,660,Diffuse Astrocytoma and Anaplastic Astrocytoma
1,Both Sexes,1,All Races / Ethnicities,1,All Ages,660,Diffuse Astrocytoma and Anaplastic Astrocytoma of the Brain and ONS,2020,0.583109,0.545327,0.622817,,920,1,Observed SEER Incidence Rate,104,Localized,660,Diffuse Astrocytoma and Anaplastic Astrocytoma
1,Both Sexes,1,All Races / Ethnicities,1,All Ages,660,Diffuse Astrocytoma and Anaplastic Astrocytoma of the Brain and ONS,2021,0.594159,0.555565,0.634711,,912,1,Observed SEER Incidence Rate,104,Localized,660,Diffuse Astrocytoma and Anaplastic Astrocytoma
1,Both Sexes,1,All Races / Ethnicities,1,All Ages,660,Diffuse Astrocytoma and Anaplastic Astrocytoma of the Brain and ONS,2022,0.549442,0.512257,0.588585,,835,1,Observed SEER Incidence Rate,104,Localized,660,Diffuse Astrocytoma and Anaplastic Astrocytoma
1,Both Sexes,1,All Races / Ethnicities,1,All Ages,660,Diffuse Astrocytoma and Anaplastic Astrocytoma of the Brain and ONS,2023,0.445686,0.412442,0.480869,,687,1,Observed SEER Incidence Rate,104,Localized,660,Diffuse Astrocytoma and Anaplastic Astrocytoma
1,Both Sexes,1,All Races / Ethnicities,1,All Ages,660,Diffuse Astrocytoma and Anaplastic Astrocytoma of the Brain and ONS,2004,0.132533,0.113443,0.153906,,173,1,Observed SEER Incidence Rate,105,Regional,660,Diffuse Astrocytoma and Anaplastic Astrocytoma
1,Both Sexes,1,All Races / Ethnicities,1,All Ages,660,Diffuse Astrocytoma and Anaplastic Astrocytoma of the Brain and ONS,2005,0.156243,0.135549,0.179194,,206,1,Observed SEER Incidence Rate,105,Regional,660,Diffuse Astrocytoma and Anaplastic Astrocytoma
1,Both Sexes,1,All Races / Ethnicities,1,All Ages,660,Diffuse Astrocytoma and Anaplastic Astrocytoma of the Brain and ONS,2006,0.125688,0.107402,0.146196,,170,1,Observed SEER Incidence Rate,105,Regional,660,Diffuse Astrocytoma and Anaplastic Astrocytoma
1,Both Sexes,1,All Races / Ethnicities,1,All Ages,660,Diffuse Astrocytoma and Anaplastic Astrocytoma of the Brain and ONS,2007,0.121196,0.103383,0.141199,,167,1,Observed SEER Incidence Rate,105,Regional,660,Diffuse Astrocytoma and Anaplastic Astrocytoma
1,Both Sexes,1,All Races / Ethnicities,1,All Ages,660,Diffuse Astrocytoma and Anaplastic Astrocytoma of the Brain and ONS,2008,0.149769,0.129906,0.171803,,207,1,Observed SEER Incidence Rate,105,Regional,660,Diffuse Astrocytoma and Anaplastic Astrocytoma
1,Both Sexes,1,All Races / Ethnicities,1,All Ages,660,Diffuse Astrocytoma and Anaplastic Astrocytoma of the Brain and ONS,2009,0.141940,0.122871,0.163137,,202,1,Observed SEER Incidence Rate,105,Regional,660,Diffuse Astrocytoma and Anaplastic Astrocytoma
1,Both Sexes,1,All Races / Ethnicities,1,All Ages,660,Diffuse Astrocytoma and Anaplastic Astrocytoma of the Brain and ONS,2010,0.132694,0.114438,0.153048,,193,1,Observed SEER Incidence Rate,105,Regional,660,Diffuse Astrocytoma and Anaplastic Astrocytoma
1,Both Sexes,1,All Races / Ethnicities,1,All Ages,660,Diffuse Astrocytoma and Anaplastic Astrocytoma of the Brain and ONS,2011,0.119168,0.101901,0.138527,,175,1,Observed SEER Incidence Rate,105,Regional,660,Diffuse Astrocytoma and Anaplastic Astrocytoma
1,Both Sexes,1,All Races / Ethnicities,1,All Ages,660,Diffuse Astrocytoma and Anaplastic Astrocytoma of the Brain and ONS,2012,0.108173,0.091673,0.126771,,157,1,Observed SEER Incidence Rate,105,Regional,660,Diffuse Astrocytoma and Anaplastic Astrocytoma
1,Both Sexes,1,All Races / Ethnicities,1,All Ages,660,Diffuse Astrocytoma and Anaplastic Astrocytoma of the Brain and ONS,2013,0.106043,0.090014,0.124113,,160,1,Observed SEER Incidence Rate,105,Regional,660,Diffuse Astrocytoma and Anaplastic Astrocytoma
1,Both Sexes,1,All Races / Ethnicities,1,All Ages,660,Diffuse Astrocytoma and Anaplastic Astrocytoma of the Brain and ONS,2014,0.118333,0.101369,0.137326,,180,1,Observed SEER Incidence Rate,105,Regional,660,Diffuse Astrocytoma and Anaplastic Astrocytoma
1,Both Sexes,1,All Races / Ethnicities,1,All Ages,660,Diffuse Astrocytoma and Anaplastic Astrocytoma of the Brain and ONS,2015,0.129918,0.112093,0.149763,,197,1,Observed SEER Incidence Rate,105,Regional,660,Diffuse Astrocytoma and Anaplastic Astrocytoma
1,Both Sexes,1,All Races / Ethnicities,1,All Ages,660,Diffuse Astrocytoma and Anaplastic Astrocytoma of the Brain and ONS,2016,0.096140,0.081370,0.112852,,157,1,Observed SEER Incidence Rate,105,Regional,660,Diffuse Astrocytoma and Anaplastic Astrocytoma
1,Both Sexes,1,All Races / Ethnicities,1,All Ages,660,Diffuse Astrocytoma and Anaplastic Astrocytoma of the Brain and ONS,2017,0.103522,0.087895,0.121128,,161,1,Observed SEER Incidence Rate,105,Regional,660,Diffuse Astrocytoma and Anaplastic Astrocytoma
1,Both Sexes,1,All Races / Ethnicities,1,All Ages,660,Diffuse Astrocytoma and Anaplastic Astrocytoma of the Brain and ONS,2018,0.107363,0.091498,0.125191,,168,1,Observed SEER Incidence Rate,105,Regional,660,Diffuse Astrocytoma and Anaplastic Astrocytoma
1,Both Sexes,1,All Races / Ethnicities,1,All Ages,660,Diffuse Astrocytoma and Anaplastic Astrocytoma of the Brain and ONS,2019,0.098972,0.084001,0.115865,,163,1,Observed SEER Incidence Rate,105,Regional,660,Diffuse Astrocytoma and Anaplastic Astrocytoma
1,Both Sexes,1,All Races / Ethnicities,1,All Ages,660,Diffuse Astrocytoma and Anaplastic Astrocytoma of the Brain and ONS,2020,0.091409,0.076944,0.107814,,147,1,Observed SEER Incidence Rate,105,Regional,660,Diffuse Astrocytoma and Anaplastic Astrocytoma
1,Both Sexes,1,All Races / Ethnicities,1,All Ages,660,Diffuse Astrocytoma and Anaplastic Astrocytoma of the Brain and ONS,2021,0.095678,0.080597,0.112745,,148,1,Observed SEER Incidence Rate,105,Regional,660,Diffuse Astrocytoma and Anaplastic Astrocytoma
1,Both Sexes,1,All Races / Ethnicities,1,All Ages,660,Diffuse Astrocytoma and Anaplastic Astrocytoma of the Brain and ONS,2022,0.095056,0.080013,0.112080,,146,1,Observed SEER Incidence Rate,105,Regional,660,Diffuse Astrocytoma and Anaplastic Astrocytoma
1,Both Sexes,1,All Races / Ethnicities,1,All Ages,660,Diffuse Astrocytoma and Anaplastic Astrocytoma of the Brain and ONS,2023,0.070676,0.057910,0.085400,,111,1,Observed SEER Incidence Rate,105,Regional,660,Diffuse Astrocytoma and Anaplastic Astrocytoma
1,Both Sexes,1,All Races / Ethnicities,1,All Ages,660,Diffuse Astrocytoma and Anaplastic Astrocytoma of the Brain and ONS,2004,0.012986,0.007548,0.020819,,17,1,Observed SEER Incidence Rate,106,Distant,660,Diffuse Astrocytoma and Anaplastic Astrocytoma
1,Both Sexes,1,All Races / Ethnicities,1,All Ages,660,Diffuse Astrocytoma and Anaplastic Astrocytoma of the Brain and ONS,2005,0.012029,0.006856,0.019574,,16,1,Observed SEER Incidence Rate,106,Distant,660,Diffuse Astrocytoma and Anaplastic Astrocytoma
1,Both Sexes,1,All Races / Ethnicities,1,All Ages,660,Diffuse Astrocytoma and Anaplastic Astrocytoma of the Brain and ONS,2006,0.017379,0.011109,0.025932,,24,1,Observed SEER Incidence Rate,106,Distant,660,Diffuse Astrocytoma and Anaplastic Astrocytoma
1,Both Sexes,1,All Races / Ethnicities,1,All Ages,660,Diffuse Astrocytoma and Anaplastic Astrocytoma of the Brain and ONS,2007,,,,,,1,Observed SEER Incidence Rate,106,Distant,660,Diffuse Astrocytoma and Anaplastic Astrocytoma
1,Both Sexes,1,All Races / Ethnicities,1,All Ages,660,Diffuse Astrocytoma and Anaplastic Astrocytoma of the Brain and ONS,2008,0.013740,0.008254,0.021495,,19,1,Observed SEER Incidence Rate,106,Distant,660,Diffuse Astrocytoma and Anaplastic Astrocytoma
1,Both Sexes,1,All Races / Ethnicities,1,All Ages,660,Diffuse Astrocytoma and Anaplastic Astrocytoma of the Brain and ONS,2009,,,,,,1,Observed SEER Incidence Rate,106,Distant,660,Diffuse Astrocytoma and Anaplastic Astrocytoma
1,Both Sexes,1,All Races / Ethnicities,1,All Ages,660,Diffuse Astrocytoma and Anaplastic Astrocytoma of the Brain and ONS,2010,0.015338,0.009565,0.023318,,22,1,Observed SEER Incidence Rate,106,Distant,660,Diffuse Astrocytoma and Anaplastic Astrocytoma
1,Both Sexes,1,All Races / Ethnicities,1,All Ages,660,Diffuse Astrocytoma and Anaplastic Astrocytoma of the Brain and ONS,2011,0.010984,0.006228,0.017950,,16,1,Observed SEER Incidence Rate,106,Distant,660,Diffuse Astrocytoma and Anaplastic Astrocytoma
1,Both Sexes,1,All Races / Ethnicities,1,All Ages,660,Diffuse Astrocytoma and Anaplastic Astrocytoma of the Brain and ONS,2012,0.010743,0.006185,0.017420,,17,1,Observed SEER Incidence Rate,106,Distant,660,Diffuse Astrocytoma and Anaplastic Astrocytoma
1,Both Sexes,1,All Races / Ethnicities,1,All Ages,660,Diffuse Astrocytoma and Anaplastic Astrocytoma of the Brain and ONS,2013,0.011035,0.006379,0.017812,,17,1,Observed SEER Incidence Rate,106,Distant,660,Diffuse Astrocytoma and Anaplastic Astrocytoma
1,Both Sexes,1,All Races / Ethnicities,1,All Ages,660,Diffuse Astrocytoma and Anaplastic Astrocytoma of the Brain and ONS,2014,0.015950,0.010146,0.023870,,24,1,Observed SEER Incidence Rate,106,Distant,660,Diffuse Astrocytoma and Anaplastic Astrocytoma
1,Both Sexes,1,All Races / Ethnicities,1,All Ages,660,Diffuse Astrocytoma and Anaplastic Astrocytoma of the Brain and ONS,2015,,,,,,1,Observed SEER Incidence Rate,106,Distant,660,Diffuse Astrocytoma and Anaplastic Astrocytoma
1,Both Sexes,1,All Races / Ethnicities,1,All Ages,660,Diffuse Astrocytoma and Anaplastic Astrocytoma of the Brain and ONS,2016,,,,,,1,Observed SEER Incidence Rate,106,Distant,660,Diffuse Astrocytoma and Anaplastic Astrocytoma
1,Both Sexes,1,All Races / Ethnicities,1,All Ages,660,Diffuse Astrocytoma and Anaplastic Astrocytoma of the Brain and ONS,2017,,,,,,1,Observed SEER Incidence Rate,106,Distant,660,Diffuse Astrocytoma and Anaplastic Astrocytoma
1,Both Sexes,1,All Races / Ethnicities,1,All Ages,660,Diffuse Astrocytoma and Anaplastic Astrocytoma of the Brain and ONS,2018,,,,,,1,Observed SEER Incidence Rate,106,Distant,660,Diffuse Astrocytoma and Anaplastic Astrocytoma
1,Both Sexes,1,All Races / Ethnicities,1,All Ages,660,Diffuse Astrocytoma and Anaplastic Astrocytoma of the Brain and ONS,2019,,,,,,1,Observed SEER Incidence Rate,106,Distant,660,Diffuse Astrocytoma and Anaplastic Astrocytoma
1,Both Sexes,1,All Races / Ethnicities,1,All Ages,660,Diffuse Astrocytoma and Anaplastic Astrocytoma of the Brain and ONS,2020,,,,,,1,Observed SEER Incidence Rate,106,Distant,660,Diffuse Astrocytoma and Anaplastic Astrocytoma
1,Both Sexes,1,All Races / Ethnicities,1,All Ages,660,Diffuse Astrocytoma and Anaplastic Astrocytoma of the Brain and ONS,2021,,,,,,1,Observed SEER Incidence Rate,106,Distant,660,Diffuse Astrocytoma and Anaplastic Astrocytoma
1,Both Sexes,1,All Races / Ethnicities,1,All Ages,660,Diffuse Astrocytoma and Anaplastic Astrocytoma of the Brain and ONS,2022,,,,,,1,Observed SEER Incidence Rate,106,Distant,660,Diffuse Astrocytoma and Anaplastic Astrocytoma
1,Both Sexes,1,All Races / Ethnicities,1,All Ages,660,Diffuse Astrocytoma and Anaplastic Astrocytoma of the Brain and ONS,2023,,,,,,1,Observed SEER Incidence Rate,106,Distant,660,Diffuse Astrocytoma and Anaplastic Astrocytoma
1,Both Sexes,1,All Races / Ethnicities,1,All Ages,660,Diffuse Astrocytoma and Anaplastic Astrocytoma of the Brain and ONS,2004,0.069427,0.055774,0.085393,,90,1,Observed SEER Incidence Rate,107,Unstaged,660,Diffuse Astrocytoma and Anaplastic Astrocytoma
1,Both Sexes,1,All Races / Ethnicities,1,All Ages,660,Diffuse Astrocytoma and Anaplastic Astrocytoma of the Brain and ONS,2005,0.049038,0.037799,0.062566,,65,1,Observed SEER Incidence Rate,107,Unstaged,660,Diffuse Astrocytoma and Anaplastic Astrocytoma
1,Both Sexes,1,All Races / Ethnicities,1,All Ages,660,Diffuse Astrocytoma and Anaplastic Astrocytoma of the Brain and ONS,2006,0.057887,0.045637,0.072402,,77,1,Observed SEER Incidence Rate,107,Unstaged,660,Diffuse Astrocytoma and Anaplastic Astrocytoma
1,Both Sexes,1,All Races / Ethnicities,1,All Ages,660,Diffuse Astrocytoma and Anaplastic Astrocytoma of the Brain and ONS,2007,0.044398,0.033904,0.057117,,61,1,Observed SEER Incidence Rate,107,Unstaged,660,Diffuse Astrocytoma and Anaplastic Astrocytoma
1,Both Sexes,1,All Races / Ethnicities,1,All Ages,660,Diffuse Astrocytoma and Anaplastic Astrocytoma of the Brain and ONS,2008,0.038271,0.028671,0.050065,,54,1,Observed SEER Incidence Rate,107,Unstaged,660,Diffuse Astrocytoma and Anaplastic Astrocytoma
1,Both Sexes,1,All Races / Ethnicities,1,All Ages,660,Diffuse Astrocytoma and Anaplastic Astrocytoma of the Brain and ONS,2009,0.046332,0.035591,0.059277,,64,1,Observed SEER Incidence Rate,107,Unstaged,660,Diffuse Astrocytoma and Anaplastic Astrocytoma
1,Both Sexes,1,All Races / Ethnicities,1,All Ages,660,Diffuse Astrocytoma and Anaplastic Astrocytoma of the Brain and ONS,2010,0.044517,0.034169,0.057015,,64,1,Observed SEER Incidence Rate,107,Unstaged,660,Diffuse Astrocytoma and Anaplastic Astrocytoma
1,Both Sexes,1,All Races / Ethnicities,1,All Ages,660,Diffuse Astrocytoma and Anaplastic Astrocytoma of the Brain and ONS,2011,0.039187,0.029522,0.050999,,56,1,Observed SEER Incidence Rate,107,Unstaged,660,Diffuse Astrocytoma and Anaplastic Astrocytoma
1,Both Sexes,1,All Races / Ethnicities,1,All Ages,660,Diffuse Astrocytoma and Anaplastic Astrocytoma of the Brain and ONS,2012,0.048268,0.037453,0.061213,,69,1,Observed SEER Incidence Rate,107,Unstaged,660,Diffuse Astrocytoma and Anaplastic Astrocytoma
1,Both Sexes,1,All Races / Ethnicities,1,All Ages,660,Diffuse Astrocytoma and Anaplastic Astrocytoma of the Brain and ONS,2013,0.030208,0.021851,0.040690,,44,1,Observed SEER Incidence Rate,107,Unstaged,660,Diffuse Astrocytoma and Anaplastic Astrocytoma
1,Both Sexes,1,All Races / Ethnicities,1,All Ages,660,Diffuse Astrocytoma and Anaplastic Astrocytoma of the Brain and ONS,2014,0.034995,0.025933,0.046171,,51,1,Observed SEER Incidence Rate,107,Unstaged,660,Diffuse Astrocytoma and Anaplastic Astrocytoma
1,Both Sexes,1,All Races / Ethnicities,1,All Ages,660,Diffuse Astrocytoma and Anaplastic Astrocytoma of the Brain and ONS,2015,0.038864,0.029439,0.050341,,59,1,Observed SEER Incidence Rate,107,Unstaged,660,Diffuse Astrocytoma and Anaplastic Astrocytoma
1,Both Sexes,1,All Races / Ethnicities,1,All Ages,660,Diffuse Astrocytoma and Anaplastic Astrocytoma of the Brain and ONS,2016,0.101566,0.086024,0.119104,,156,1,Observed SEER Incidence Rate,107,Unstaged,660,Diffuse Astrocytoma and Anaplastic Astrocytoma
1,Both Sexes,1,All Races / Ethnicities,1,All Ages,660,Diffuse Astrocytoma and Anaplastic Astrocytoma of the Brain and ONS,2017,0.091182,0.076462,0.107900,,141,1,Observed SEER Incidence Rate,107,Unstaged,660,Diffuse Astrocytoma and Anaplastic Astrocytoma
1,Both Sexes,1,All Races / Ethnicities,1,All Ages,660,Diffuse Astrocytoma and Anaplastic Astrocytoma of the Brain and ONS,2018,0.056903,0.045582,0.070193,,91,1,Observed SEER Incidence Rate,107,Unstaged,660,Diffuse Astrocytoma and Anaplastic Astrocytoma
1,Both Sexes,1,All Races / Ethnicities,1,All Ages,660,Diffuse Astrocytoma and Anaplastic Astrocytoma of the Brain and ONS,2019,0.038762,0.029529,0.049977,,62,1,Observed SEER Incidence Rate,107,Unstaged,660,Diffuse Astrocytoma and Anaplastic Astrocytoma
1,Both Sexes,1,All Races / Ethnicities,1,All Ages,660,Diffuse Astrocytoma and Anaplastic Astrocytoma of the Brain and ONS,2020,0.020644,0.014098,0.029193,,33,1,Observed SEER Incidence Rate,107,Unstaged,660,Diffuse Astrocytoma and Anaplastic Astrocytoma
1,Both Sexes,1,All Races / Ethnicities,1,All Ages,660,Diffuse Astrocytoma and Anaplastic Astrocytoma of the Brain and ONS,2021,0.031680,0.023361,0.041999,,50,1,Observed SEER Incidence Rate,107,Unstaged,660,Diffuse Astrocytoma and Anaplastic Astrocytoma
1,Both Sexes,1,All Races / Ethnicities,1,All Ages,660,Diffuse Astrocytoma and Anaplastic Astrocytoma of the Brain and ONS,2022,0.030547,0.022428,0.040649,,49,1,Observed SEER Incidence Rate,107,Unstaged,660,Diffuse Astrocytoma and Anaplastic Astrocytoma
1,Both Sexes,1,All Races / Ethnicities,1,All Ages,660,Diffuse Astrocytoma and Anaplastic Astrocytoma of the Brain and ONS,2023,0.021894,0.015063,0.030737,,34,1,Observed SEER Incidence Rate,107,Unstaged,660,Diffuse Astrocytoma and Anaplastic Astrocytoma
1,Both Sexes,1,All Races / Ethnicities,1,All Ages,661,Glioblastoma of the Brain and ONS,2000,3.021222,2.923676,3.121159,2.986324,3633,1,Observed SEER Incidence Rate,101,All Stages,661,Glioblastoma
1,Both Sexes,1,All Races / Ethnicities,1,All Ages,661,Glioblastoma of the Brain and ONS,2001,2.994042,2.897624,3.092817,3.029129,3655,1,Observed SEER Incidence Rate,101,All Stages,661,Glioblastoma
1,Both Sexes,1,All Races / Ethnicities,1,All Ages,661,Glioblastoma of the Brain and ONS,2002,3.061078,2.964400,3.160078,3.072548,3807,1,Observed SEER Incidence Rate,101,All Stages,661,Glioblastoma
1,Both Sexes,1,All Races / Ethnicities,1,All Ages,661,Glioblastoma of the Brain and ONS,2003,3.106460,3.009928,3.205278,3.116589,3941,1,Observed SEER Incidence Rate,101,All Stages,661,Glioblastoma
1,Both Sexes,1,All Races / Ethnicities,1,All Ages,661,Glioblastoma of the Brain and ONS,2004,3.205227,3.107958,3.304748,3.161262,4145,1,Observed SEER Incidence Rate,101,All Stages,661,Glioblastoma
1,Both Sexes,1,All Races / Ethnicities,1,All Ages,661,Glioblastoma of the Brain and ONS,2005,3.192349,3.095818,3.291109,3.162639,4188,1,Observed SEER Incidence Rate,101,All Stages,661,Glioblastoma
1,Both Sexes,1,All Races / Ethnicities,1,All Ages,661,Glioblastoma of the Brain and ONS,2006,3.059932,2.966422,3.155633,3.164016,4113,1,Observed SEER Incidence Rate,101,All Stages,661,Glioblastoma
1,Both Sexes,1,All Races / Ethnicities,1,All Ages,661,Glioblastoma of the Brain and ONS,2007,3.176417,3.081737,3.273260,3.165394,4339,1,Observed SEER Incidence Rate,101,All Stages,661,Glioblastoma
1,Both Sexes,1,All Races / Ethnicities,1,All Ages,661,Glioblastoma of the Brain and ONS,2008,3.194100,3.099854,3.290477,3.166773,4440,1,Observed SEER Incidence Rate,101,All Stages,661,Glioblastoma
1,Both Sexes,1,All Races / Ethnicities,1,All Ages,661,Glioblastoma of the Brain and ONS,2009,3.161604,3.068828,3.256474,3.168153,4509,1,Observed SEER Incidence Rate,101,All Stages,661,Glioblastoma
1,Both Sexes,1,All Races / Ethnicities,1,All Ages,661,Glioblastoma of the Brain and ONS,2010,3.130298,3.038966,3.223687,3.169533,4578,1,Observed SEER Incidence Rate,101,All Stages,661,Glioblastoma
1,Both Sexes,1,All Races / Ethnicities,1,All Ages,661,Glioblastoma of the Brain and ONS,2011,3.138831,3.048163,3.231526,3.170913,4689,1,Observed SEER Incidence Rate,101,All Stages,661,Glioblastoma
1,Both Sexes,1,All Races / Ethnicities,1,All Ages,661,Glioblastoma of the Brain and ONS,2012,3.247014,3.155814,3.340203,3.172294,4973,1,Observed SEER Incidence Rate,101,All Stages,661,Glioblastoma
1,Both Sexes,1,All Races / Ethnicities,1,All Ages,661,Glioblastoma of the Brain and ONS,2013,3.177410,3.087827,3.268958,3.173676,4943,1,Observed SEER Incidence Rate,101,All Stages,661,Glioblastoma
1,Both Sexes,1,All Races / Ethnicities,1,All Ages,661,Glioblastoma of the Brain and ONS,2014,3.133890,3.046027,3.223679,3.175059,5003,1,Observed SEER Incidence Rate,101,All Stages,661,Glioblastoma
1,Both Sexes,1,All Races / Ethnicities,1,All Ages,661,Glioblastoma of the Brain and ONS,2015,3.171596,3.083744,3.261352,3.176442,5147,1,Observed SEER Incidence Rate,101,All Stages,661,Glioblastoma
1,Both Sexes,1,All Races / Ethnicities,1,All Ages,661,Glioblastoma of the Brain and ONS,2016,3.171670,3.084687,3.260527,3.177825,5266,1,Observed SEER Incidence Rate,101,All Stages,661,Glioblastoma
1,Both Sexes,1,All Races / Ethnicities,1,All Ages,661,Glioblastoma of the Brain and ONS,2017,3.199284,3.112798,3.287613,3.179209,5413,1,Observed SEER Incidence Rate,101,All Stages,661,Glioblastoma
1,Both Sexes,1,All Races / Ethnicities,1,All Ages,661,Glioblastoma of the Brain and ONS,2018,3.239968,3.153624,3.328133,3.180594,5568,1,Observed SEER Incidence Rate,101,All Stages,661,Glioblastoma
1,Both Sexes,1,All Races / Ethnicities,1,All Ages,661,Glioblastoma of the Brain and ONS,2019,3.265406,3.179240,3.353375,3.181980,5685,1,Observed SEER Incidence Rate,101,All Stages,661,Glioblastoma
1,Both Sexes,1,All Races / Ethnicities,1,All Ages,661,Glioblastoma of the Brain and ONS,2020,3.306419,3.220473,3.394147,3.183366,5865,1,Observed SEER Incidence Rate,101,All Stages,661,Glioblastoma
1,Both Sexes,1,All Races / Ethnicities,1,All Ages,661,Glioblastoma of the Brain and ONS,2021,3.142794,3.059625,3.227730,3.184752,5656,1,Observed SEER Incidence Rate,101,All Stages,661,Glioblastoma
1,Both Sexes,1,All Races / Ethnicities,1,All Ages,661,Glioblastoma of the Brain and ONS,2022,3.158030,3.075729,3.242063,3.186140,5822,1,Observed SEER Incidence Rate,101,All Stages,661,Glioblastoma
1,Both Sexes,1,All Races / Ethnicities,1,All Ages,661,Glioblastoma of the Brain and ONS,2023,3.152678,3.071182,3.235882,3.187527,5908,1,Observed SEER Incidence Rate,101,All Stages,661,Glioblastoma
1,Both Sexes,1,All Races / Ethnicities,1,All Ages,661,Glioblastoma of the Brain and ONS,2004,2.453430,2.368381,2.540736,,3170,1,Observed SEER Incidence Rate,104,Localized,661,Glioblastoma
1,Both Sexes,1,All Races / Ethnicities,1,All Ages,661,Glioblastoma of the Brain and ONS,2005,2.428817,2.344747,2.515115,,3189,1,Observed SEER Incidence Rate,104,Localized,661,Glioblastoma
1,Both Sexes,1,All Races / Ethnicities,1,All Ages,661,Glioblastoma of the Brain and ONS,2006,2.339481,2.257808,2.423347,,3145,1,Observed SEER Incidence Rate,104,Localized,661,Glioblastoma
1,Both Sexes,1,All Races / Ethnicities,1,All Ages,661,Glioblastoma of the Brain and ONS,2007,2.422490,2.339962,2.507180,,3314,1,Observed SEER Incidence Rate,104,Localized,661,Glioblastoma
1,Both Sexes,1,All Races / Ethnicities,1,All Ages,661,Glioblastoma of the Brain and ONS,2008,2.491163,2.407954,2.576507,,3458,1,Observed SEER Incidence Rate,104,Localized,661,Glioblastoma
1,Both Sexes,1,All Races / Ethnicities,1,All Ages,661,Glioblastoma of the Brain and ONS,2009,2.464262,2.382518,2.548097,,3522,1,Observed SEER Incidence Rate,104,Localized,661,Glioblastoma
1,Both Sexes,1,All Races / Ethnicities,1,All Ages,661,Glioblastoma of the Brain and ONS,2010,2.393248,2.313407,2.475149,,3495,1,Observed SEER Incidence Rate,104,Localized,661,Glioblastoma
1,Both Sexes,1,All Races / Ethnicities,1,All Ages,661,Glioblastoma of the Brain and ONS,2011,2.479959,2.399354,2.562594,,3697,1,Observed SEER Incidence Rate,104,Localized,661,Glioblastoma
1,Both Sexes,1,All Races / Ethnicities,1,All Ages,661,Glioblastoma of the Brain and ONS,2012,2.547336,2.466692,2.629967,,3907,1,Observed SEER Incidence Rate,104,Localized,661,Glioblastoma
1,Both Sexes,1,All Races / Ethnicities,1,All Ages,661,Glioblastoma of the Brain and ONS,2013,2.483152,2.404079,2.564189,,3868,1,Observed SEER Incidence Rate,104,Localized,661,Glioblastoma
1,Both Sexes,1,All Races / Ethnicities,1,All Ages,661,Glioblastoma of the Brain and ONS,2014,2.447848,2.370303,2.527318,,3912,1,Observed SEER Incidence Rate,104,Localized,661,Glioblastoma
1,Both Sexes,1,All Races / Ethnicities,1,All Ages,661,Glioblastoma of the Brain and ONS,2015,2.497982,2.420224,2.577641,,4069,1,Observed SEER Incidence Rate,104,Localized,661,Glioblastoma
1,Both Sexes,1,All Races / Ethnicities,1,All Ages,661,Glioblastoma of the Brain and ONS,2016,2.319692,2.245453,2.395803,,3858,1,Observed SEER Incidence Rate,104,Localized,661,Glioblastoma
1,Both Sexes,1,All Races / Ethnicities,1,All Ages,661,Glioblastoma of the Brain and ONS,2017,2.363871,2.289634,2.439953,,4004,1,Observed SEER Incidence Rate,104,Localized,661,Glioblastoma
1,Both Sexes,1,All Races / Ethnicities,1,All Ages,661,Glioblastoma of the Brain and ONS,2018,2.497327,2.421612,2.574862,,4294,1,Observed SEER Incidence Rate,104,Localized,661,Glioblastoma
1,Both Sexes,1,All Races / Ethnicities,1,All Ages,661,Glioblastoma of the Brain and ONS,2019,2.515559,2.440045,2.592877,,4384,1,Observed SEER Incidence Rate,104,Localized,661,Glioblastoma
1,Both Sexes,1,All Races / Ethnicities,1,All Ages,661,Glioblastoma of the Brain and ONS,2020,2.592877,2.516825,2.670712,,4598,1,Observed SEER Incidence Rate,104,Localized,661,Glioblastoma
1,Both Sexes,1,All Races / Ethnicities,1,All Ages,661,Glioblastoma of the Brain and ONS,2021,2.469380,2.395698,2.544832,,4442,1,Observed SEER Incidence Rate,104,Localized,661,Glioblastoma
1,Both Sexes,1,All Races / Ethnicities,1,All Ages,661,Glioblastoma of the Brain and ONS,2022,2.513127,2.439813,2.588173,,4639,1,Observed SEER Incidence Rate,104,Localized,661,Glioblastoma
1,Both Sexes,1,All Races / Ethnicities,1,All Ages,661,Glioblastoma of the Brain and ONS,2023,2.544991,2.471844,2.619845,,4770,1,Observed SEER Incidence Rate,104,Localized,661,Glioblastoma
1,Both Sexes,1,All Races / Ethnicities,1,All Ages,661,Glioblastoma of the Brain and ONS,2004,0.513917,0.475550,0.554544,,669,1,Observed SEER Incidence Rate,105,Regional,661,Glioblastoma
1,Both Sexes,1,All Races / Ethnicities,1,All Ages,661,Glioblastoma of the Brain and ONS,2005,0.537760,0.498597,0.579166,,707,1,Observed SEER Incidence Rate,105,Regional,661,Glioblastoma
1,Both Sexes,1,All Races / Ethnicities,1,All Ages,661,Glioblastoma of the Brain and ONS,2006,0.537973,0.499262,0.578885,,726,1,Observed SEER Incidence Rate,105,Regional,661,Glioblastoma
1,Both Sexes,1,All Races / Ethnicities,1,All Ages,661,Glioblastoma of the Brain and ONS,2007,0.558264,0.518900,0.599811,,760,1,Observed SEER Incidence Rate,105,Regional,661,Glioblastoma
1,Both Sexes,1,All Races / Ethnicities,1,All Ages,661,Glioblastoma of the Brain and ONS,2008,0.534921,0.496996,0.574976,,753,1,Observed SEER Incidence Rate,105,Regional,661,Glioblastoma
1,Both Sexes,1,All Races / Ethnicities,1,All Ages,661,Glioblastoma of the Brain and ONS,2009,0.536766,0.498835,0.576815,,761,1,Observed SEER Incidence Rate,105,Regional,661,Glioblastoma
1,Both Sexes,1,All Races / Ethnicities,1,All Ages,661,Glioblastoma of the Brain and ONS,2010,0.538533,0.501218,0.577908,,795,1,Observed SEER Incidence Rate,105,Regional,661,Glioblastoma
1,Both Sexes,1,All Races / Ethnicities,1,All Ages,661,Glioblastoma of the Brain and ONS,2011,0.467420,0.433020,0.503848,,706,1,Observed SEER Incidence Rate,105,Regional,661,Glioblastoma
1,Both Sexes,1,All Races / Ethnicities,1,All Ages,661,Glioblastoma of the Brain and ONS,2012,0.505238,0.469574,0.542912,,771,1,Observed SEER Incidence Rate,105,Regional,661,Glioblastoma
1,Both Sexes,1,All Races / Ethnicities,1,All Ages,661,Glioblastoma of the Brain and ONS,2013,0.494413,0.459496,0.531306,,771,1,Observed SEER Incidence Rate,105,Regional,661,Glioblastoma
1,Both Sexes,1,All Races / Ethnicities,1,All Ages,661,Glioblastoma of the Brain and ONS,2014,0.523296,0.487759,0.560773,,835,1,Observed SEER Incidence Rate,105,Regional,661,Glioblastoma
1,Both Sexes,1,All Races / Ethnicities,1,All Ages,661,Glioblastoma of the Brain and ONS,2015,0.486358,0.452164,0.522483,,781,1,Observed SEER Incidence Rate,105,Regional,661,Glioblastoma
1,Both Sexes,1,All Races / Ethnicities,1,All Ages,661,Glioblastoma of the Brain and ONS,2016,0.439643,0.407582,0.473598,,728,1,Observed SEER Incidence Rate,105,Regional,661,Glioblastoma
1,Both Sexes,1,All Races / Ethnicities,1,All Ages,661,Glioblastoma of the Brain and ONS,2017,0.441072,0.409516,0.474475,,755,1,Observed SEER Incidence Rate,105,Regional,661,Glioblastoma
1,Both Sexes,1,All Races / Ethnicities,1,All Ages,661,Glioblastoma of the Brain and ONS,2018,0.484444,0.451609,0.519101,,843,1,Observed SEER Incidence Rate,105,Regional,661,Glioblastoma
1,Both Sexes,1,All Races / Ethnicities,1,All Ages,661,Glioblastoma of the Brain and ONS,2019,0.510706,0.476921,0.546313,,888,1,Observed SEER Incidence Rate,105,Regional,661,Glioblastoma
1,Both Sexes,1,All Races / Ethnicities,1,All Ages,661,Glioblastoma of the Brain and ONS,2020,0.520698,0.486971,0.556219,,927,1,Observed SEER Incidence Rate,105,Regional,661,Glioblastoma
1,Both Sexes,1,All Races / Ethnicities,1,All Ages,661,Glioblastoma of the Brain and ONS,2021,0.515355,0.482148,0.550335,,936,1,Observed SEER Incidence Rate,105,Regional,661,Glioblastoma
1,Both Sexes,1,All Races / Ethnicities,1,All Ages,661,Glioblastoma of the Brain and ONS,2022,0.491753,0.459547,0.525712,,904,1,Observed SEER Incidence Rate,105,Regional,661,Glioblastoma
1,Both Sexes,1,All Races / Ethnicities,1,All Ages,661,Glioblastoma of the Brain and ONS,2023,0.471682,0.440608,0.504471,,892,1,Observed SEER Incidence Rate,105,Regional,661,Glioblastoma
1,Both Sexes,1,All Races / Ethnicities,1,All Ages,661,Glioblastoma of the Brain and ONS,2004,0.048787,0.037516,0.062372,,64,1,Observed SEER Incidence Rate,106,Distant,661,Glioblastoma
1,Both Sexes,1,All Races / Ethnicities,1,All Ages,661,Glioblastoma of the Brain and ONS,2005,0.052594,0.040783,0.066728,,68,1,Observed SEER Incidence Rate,106,Distant,661,Glioblastoma
1,Both Sexes,1,All Races / Ethnicities,1,All Ages,661,Glioblastoma of the Brain and ONS,2006,0.035735,0.026189,0.047594,,47,1,Observed SEER Incidence Rate,106,Distant,661,Glioblastoma
1,Both Sexes,1,All Races / Ethnicities,1,All Ages,661,Glioblastoma of the Brain and ONS,2007,0.044911,0.034349,0.057700,,62,1,Observed SEER Incidence Rate,106,Distant,661,Glioblastoma
1,Both Sexes,1,All Races / Ethnicities,1,All Ages,661,Glioblastoma of the Brain and ONS,2008,0.035965,0.026517,0.047659,,49,1,Observed SEER Incidence Rate,106,Distant,661,Glioblastoma
1,Both Sexes,1,All Races / Ethnicities,1,All Ages,661,Glioblastoma of the Brain and ONS,2009,0.032621,0.023791,0.043650,,46,1,Observed SEER Incidence Rate,106,Distant,661,Glioblastoma
1,Both Sexes,1,All Races / Ethnicities,1,All Ages,661,Glioblastoma of the Brain and ONS,2010,0.047655,0.037012,0.060422,,70,1,Observed SEER Incidence Rate,106,Distant,661,Glioblastoma
1,Both Sexes,1,All Races / Ethnicities,1,All Ages,661,Glioblastoma of the Brain and ONS,2011,0.047502,0.036876,0.060245,,70,1,Observed SEER Incidence Rate,106,Distant,661,Glioblastoma
1,Both Sexes,1,All Races / Ethnicities,1,All Ages,661,Glioblastoma of the Brain and ONS,2012,0.059965,0.048034,0.073972,,90,1,Observed SEER Incidence Rate,106,Distant,661,Glioblastoma
1,Both Sexes,1,All Races / Ethnicities,1,All Ages,661,Glioblastoma of the Brain and ONS,2013,0.075745,0.062411,0.091109,,117,1,Observed SEER Incidence Rate,106,Distant,661,Glioblastoma
1,Both Sexes,1,All Races / Ethnicities,1,All Ages,661,Glioblastoma of the Brain and ONS,2014,0.050429,0.039785,0.063079,,80,1,Observed SEER Incidence Rate,106,Distant,661,Glioblastoma
1,Both Sexes,1,All Races / Ethnicities,1,All Ages,661,Glioblastoma of the Brain and ONS,2015,0.061576,0.049830,0.075296,,99,1,Observed SEER Incidence Rate,106,Distant,661,Glioblastoma
1,Both Sexes,1,All Races / Ethnicities,1,All Ages,661,Glioblastoma of the Brain and ONS,2016,0.044780,0.035049,0.056441,,75,1,Observed SEER Incidence Rate,106,Distant,661,Glioblastoma
1,Both Sexes,1,All Races / Ethnicities,1,All Ages,661,Glioblastoma of the Brain and ONS,2017,0.060565,0.048949,0.074136,,98,1,Observed SEER Incidence Rate,106,Distant,661,Glioblastoma
1,Both Sexes,1,All Races / Ethnicities,1,All Ages,661,Glioblastoma of the Brain and ONS,2018,0.032977,0.024745,0.043134,,56,1,Observed SEER Incidence Rate,106,Distant,661,Glioblastoma
1,Both Sexes,1,All Races / Ethnicities,1,All Ages,661,Glioblastoma of the Brain and ONS,2019,0.046352,0.036535,0.058060,,79,1,Observed SEER Incidence Rate,106,Distant,661,Glioblastoma
1,Both Sexes,1,All Races / Ethnicities,1,All Ages,661,Glioblastoma of the Brain and ONS,2020,0.041853,0.032833,0.052697,,77,1,Observed SEER Incidence Rate,106,Distant,661,Glioblastoma
1,Both Sexes,1,All Races / Ethnicities,1,All Ages,661,Glioblastoma of the Brain and ONS,2021,0.040034,0.031033,0.050912,,70,1,Observed SEER Incidence Rate,106,Distant,661,Glioblastoma
1,Both Sexes,1,All Races / Ethnicities,1,All Ages,661,Glioblastoma of the Brain and ONS,2022,0.038071,0.029372,0.048624,,68,1,Observed SEER Incidence Rate,106,Distant,661,Glioblastoma
1,Both Sexes,1,All Races / Ethnicities,1,All Ages,661,Glioblastoma of the Brain and ONS,2023,0.041908,0.032718,0.052949,,74,1,Observed SEER Incidence Rate,106,Distant,661,Glioblastoma
1,Both Sexes,1,All Races / Ethnicities,1,All Ages,661,Glioblastoma of the Brain and ONS,2004,0.189091,0.165929,0.214555,,242,1,Observed SEER Incidence Rate,107,Unstaged,661,Glioblastoma
1,Both Sexes,1,All Races / Ethnicities,1,All Ages,661,Glioblastoma of the Brain and ONS,2005,0.173177,0.151140,0.197498,,224,1,Observed SEER Incidence Rate,107,Unstaged,661,Glioblastoma
1,Both Sexes,1,All Races / Ethnicities,1,All Ages,661,Glioblastoma of the Brain and ONS,2006,0.146741,0.126737,0.168989,,195,1,Observed SEER Incidence Rate,107,Unstaged,661,Glioblastoma
1,Both Sexes,1,All Races / Ethnicities,1,All Ages,661,Glioblastoma of the Brain and ONS,2007,0.150750,0.130561,0.173159,,203,1,Observed SEER Incidence Rate,107,Unstaged,661,Glioblastoma
1,Both Sexes,1,All Races / Ethnicities,1,All Ages,661,Glioblastoma of the Brain and ONS,2008,0.132049,0.113298,0.152998,,180,1,Observed SEER Incidence Rate,107,Unstaged,661,Glioblastoma
1,Both Sexes,1,All Races / Ethnicities,1,All Ages,661,Glioblastoma of the Brain and ONS,2009,0.127953,0.109727,0.148334,,180,1,Observed SEER Incidence Rate,107,Unstaged,661,Glioblastoma
1,Both Sexes,1,All Races / Ethnicities,1,All Ages,661,Glioblastoma of the Brain and ONS,2010,0.150861,0.131253,0.172575,,218,1,Observed SEER Incidence Rate,107,Unstaged,661,Glioblastoma
1,Both Sexes,1,All Races / Ethnicities,1,All Ages,661,Glioblastoma of the Brain and ONS,2011,0.143948,0.125109,0.164844,,216,1,Observed SEER Incidence Rate,107,Unstaged,661,Glioblastoma
1,Both Sexes,1,All Races / Ethnicities,1,All Ages,661,Glioblastoma of the Brain and ONS,2012,0.134474,0.116399,0.154583,,205,1,Observed SEER Incidence Rate,107,Unstaged,661,Glioblastoma
1,Both Sexes,1,All Races / Ethnicities,1,All Ages,661,Glioblastoma of the Brain and ONS,2013,0.124098,0.106682,0.143554,,187,1,Observed SEER Incidence Rate,107,Unstaged,661,Glioblastoma
1,Both Sexes,1,All Races / Ethnicities,1,All Ages,661,Glioblastoma of the Brain and ONS,2014,0.112316,0.096065,0.130555,,176,1,Observed SEER Incidence Rate,107,Unstaged,661,Glioblastoma
1,Both Sexes,1,All Races / Ethnicities,1,All Ages,661,Glioblastoma of the Brain and ONS,2015,0.125678,0.108443,0.144893,,198,1,Observed SEER Incidence Rate,107,Unstaged,661,Glioblastoma
1,Both Sexes,1,All Races / Ethnicities,1,All Ages,661,Glioblastoma of the Brain and ONS,2016,0.367555,0.338218,0.398794,,605,1,Observed SEER Incidence Rate,107,Unstaged,661,Glioblastoma
1,Both Sexes,1,All Races / Ethnicities,1,All Ages,661,Glioblastoma of the Brain and ONS,2017,0.333774,0.306078,0.363350,,556,1,Observed SEER Incidence Rate,107,Unstaged,661,Glioblastoma
1,Both Sexes,1,All Races / Ethnicities,1,All Ages,661,Glioblastoma of the Brain and ONS,2018,0.225219,0.202557,0.249764,,375,1,Observed SEER Incidence Rate,107,Unstaged,661,Glioblastoma
1,Both Sexes,1,All Races / Ethnicities,1,All Ages,661,Glioblastoma of the Brain and ONS,2019,0.192787,0.172252,0.215160,,334,1,Observed SEER Incidence Rate,107,Unstaged,661,Glioblastoma
1,Both Sexes,1,All Races / Ethnicities,1,All Ages,661,Glioblastoma of the Brain and ONS,2020,0.150990,0.132942,0.170872,,263,1,Observed SEER Incidence Rate,107,Unstaged,661,Glioblastoma
1,Both Sexes,1,All Races / Ethnicities,1,All Ages,661,Glioblastoma of the Brain and ONS,2021,0.118023,0.102242,0.135629,,208,1,Observed SEER Incidence Rate,107,Unstaged,661,Glioblastoma
1,Both Sexes,1,All Races / Ethnicities,1,All Ages,661,Glioblastoma of the Brain and ONS,2022,0.115078,0.099808,0.132123,,211,1,Observed SEER Incidence Rate,107,Unstaged,661,Glioblastoma
1,Both Sexes,1,All Races / Ethnicities,1,All Ages,661,Glioblastoma of the Brain and ONS,2023,0.094096,0.080284,0.109691,,172,1,Observed SEER Incidence Rate,107,Unstaged,661,Glioblastoma
1,Both Sexes,1,All Races / Ethnicities,1,All Ages,662,Other Glioma of the Brain and ONS,2000,1.726645,1.655185,1.800411,1.705884,2204,1,Observed SEER Incidence Rate,101,All Stages,662,Other Glioma
1,Both Sexes,1,All Races / Ethnicities,1,All Ages,662,Other Glioma of the Brain and ONS,2001,1.690913,1.620652,1.763450,1.711417,2185,1,Observed SEER Incidence Rate,101,All Stages,662,Other Glioma
1,Both Sexes,1,All Races / Ethnicities,1,All Ages,662,Other Glioma of the Brain and ONS,2002,1.696035,1.626030,1.768291,1.716967,2215,1,Observed SEER Incidence Rate,101,All Stages,662,Other Glioma
1,Both Sexes,1,All Races / Ethnicities,1,All Ages,662,Other Glioma of the Brain and ONS,2003,1.767579,1.696413,1.840973,1.722536,2331,1,Observed SEER Incidence Rate,101,All Stages,662,Other Glioma
1,Both Sexes,1,All Races / Ethnicities,1,All Ages,662,Other Glioma of the Brain and ONS,2004,1.722212,1.652163,1.794474,1.728123,2286,1,Observed SEER Incidence Rate,101,All Stages,662,Other Glioma
1,Both Sexes,1,All Races / Ethnicities,1,All Ages,662,Other Glioma of the Brain and ONS,2005,1.689630,1.620380,1.761080,1.733727,2255,1,Observed SEER Incidence Rate,101,All Stages,662,Other Glioma
1,Both Sexes,1,All Races / Ethnicities,1,All Ages,662,Other Glioma of the Brain and ONS,2006,1.772602,1.701928,1.845457,1.739350,2387,1,Observed SEER Incidence Rate,101,All Stages,662,Other Glioma
1,Both Sexes,1,All Races / Ethnicities,1,All Ages,662,Other Glioma of the Brain and ONS,2007,1.735584,1.665967,1.807360,1.744992,2362,1,Observed SEER Incidence Rate,101,All Stages,662,Other Glioma
1,Both Sexes,1,All Races / Ethnicities,1,All Ages,662,Other Glioma of the Brain and ONS,2008,1.722176,1.653217,1.793269,1.750651,2374,1,Observed SEER Incidence Rate,101,All Stages,662,Other Glioma
1,Both Sexes,1,All Races / Ethnicities,1,All Ages,662,Other Glioma of the Brain and ONS,2009,1.762499,1.693019,1.834092,1.756329,2456,1,Observed SEER Incidence Rate,101,All Stages,662,Other Glioma
1,Both Sexes,1,All Races / Ethnicities,1,All Ages,662,Other Glioma of the Brain and ONS,2010,1.719199,1.650664,1.789834,1.728108,2406,1,Observed SEER Incidence Rate,101,All Stages,662,Other Glioma
1,Both Sexes,1,All Races / Ethnicities,1,All Ages,662,Other Glioma of the Brain and ONS,2011,1.707612,1.639738,1.777563,1.700340,2426,1,Observed SEER Incidence Rate,101,All Stages,662,Other Glioma
1,Both Sexes,1,All Races / Ethnicities,1,All Ages,662,Other Glioma of the Brain and ONS,2012,1.646779,1.580179,1.715446,1.673018,2345,1,Observed SEER Incidence Rate,101,All Stages,662,Other Glioma
1,Both Sexes,1,All Races / Ethnicities,1,All Ages,662,Other Glioma of the Brain and ONS,2013,1.674626,1.607746,1.743555,1.646135,2409,1,Observed SEER Incidence Rate,101,All Stages,662,Other Glioma
1,Both Sexes,1,All Races / Ethnicities,1,All Ages,662,Other Glioma of the Brain and ONS,2014,1.624289,1.558619,1.691992,1.619685,2354,1,Observed SEER Incidence Rate,101,All Stages,662,Other Glioma
1,Both Sexes,1,All Races / Ethnicities,1,All Ages,662,Other Glioma of the Brain and ONS,2015,1.669696,1.603288,1.738122,1.593659,2436,1,Observed SEER Incidence Rate,101,All Stages,662,Other Glioma
1,Both Sexes,1,All Races / Ethnicities,1,All Ages,662,Other Glioma of the Brain and ONS,2016,1.538300,1.474678,1.603931,1.568051,2258,1,Observed SEER Incidence Rate,101,All Stages,662,Other Glioma
1,Both Sexes,1,All Races / Ethnicities,1,All Ages,662,Other Glioma of the Brain and ONS,2017,1.585215,1.520799,1.651627,1.542855,2342,1,Observed SEER Incidence Rate,101,All Stages,662,Other Glioma
1,Both Sexes,1,All Races / Ethnicities,1,All Ages,662,Other Glioma of the Brain and ONS,2018,1.461207,1.399651,1.524743,1.518064,2179,1,Observed SEER Incidence Rate,101,All Stages,662,Other Glioma
1,Both Sexes,1,All Races / Ethnicities,1,All Ages,662,Other Glioma of the Brain and ONS,2019,1.427961,1.367073,1.490830,1.493671,2124,1,Observed SEER Incidence Rate,101,All Stages,662,Other Glioma
1,Both Sexes,1,All Races / Ethnicities,1,All Ages,662,Other Glioma of the Brain and ONS,2020,1.409108,1.348601,1.471594,1.469671,2098,1,Observed SEER Incidence Rate,101,All Stages,662,Other Glioma
1,Both Sexes,1,All Races / Ethnicities,1,All Ages,662,Other Glioma of the Brain and ONS,2021,1.471001,1.409086,1.534900,1.446055,2188,1,Observed SEER Incidence Rate,101,All Stages,662,Other Glioma
1,Both Sexes,1,All Races / Ethnicities,1,All Ages,662,Other Glioma of the Brain and ONS,2022,1.514431,1.451621,1.579217,1.422820,2259,1,Observed SEER Incidence Rate,101,All Stages,662,Other Glioma
1,Both Sexes,1,All Races / Ethnicities,1,All Ages,662,Other Glioma of the Brain and ONS,2023,1.325079,1.267087,1.385009,1.399957,2033,1,Observed SEER Incidence Rate,101,All Stages,662,Other Glioma
1,Both Sexes,1,All Races / Ethnicities,1,All Ages,662,Other Glioma of the Brain and ONS,2004,1.381581,1.318955,1.446421,,1836,1,Observed SEER Incidence Rate,104,Localized,662,Other Glioma
1,Both Sexes,1,All Races / Ethnicities,1,All Ages,662,Other Glioma of the Brain and ONS,2005,1.376705,1.314260,1.441354,,1837,1,Observed SEER Incidence Rate,104,Localized,662,Other Glioma
1,Both Sexes,1,All Races / Ethnicities,1,All Ages,662,Other Glioma of the Brain and ONS,2006,1.442382,1.378681,1.508267,,1941,1,Observed SEER Incidence Rate,104,Localized,662,Other Glioma
1,Both Sexes,1,All Races / Ethnicities,1,All Ages,662,Other Glioma of the Brain and ONS,2007,1.426555,1.363550,1.491717,,1944,1,Observed SEER Incidence Rate,104,Localized,662,Other Glioma
1,Both Sexes,1,All Races / Ethnicities,1,All Ages,662,Other Glioma of the Brain and ONS,2008,1.445210,1.382037,1.510519,,1988,1,Observed SEER Incidence Rate,104,Localized,662,Other Glioma
1,Both Sexes,1,All Races / Ethnicities,1,All Ages,662,Other Glioma of the Brain and ONS,2009,1.462394,1.399188,1.527714,,2039,1,Observed SEER Incidence Rate,104,Localized,662,Other Glioma
1,Both Sexes,1,All Races / Ethnicities,1,All Ages,662,Other Glioma of the Brain and ONS,2010,1.428594,1.366213,1.493076,,2001,1,Observed SEER Incidence Rate,104,Localized,662,Other Glioma
1,Both Sexes,1,All Races / Ethnicities,1,All Ages,662,Other Glioma of the Brain and ONS,2011,1.415240,1.353527,1.479030,,2011,1,Observed SEER Incidence Rate,104,Localized,662,Other Glioma
1,Both Sexes,1,All Races / Ethnicities,1,All Ages,662,Other Glioma of the Brain and ONS,2012,1.339691,1.279649,1.401802,,1906,1,Observed SEER Incidence Rate,104,Localized,662,Other Glioma
1,Both Sexes,1,All Races / Ethnicities,1,All Ages,662,Other Glioma of the Brain and ONS,2013,1.371495,1.311020,1.434019,,1971,1,Observed SEER Incidence Rate,104,Localized,662,Other Glioma
1,Both Sexes,1,All Races / Ethnicities,1,All Ages,662,Other Glioma of the Brain and ONS,2014,1.319837,1.260691,1.381018,,1912,1,Observed SEER Incidence Rate,104,Localized,662,Other Glioma
1,Both Sexes,1,All Races / Ethnicities,1,All Ages,662,Other Glioma of the Brain and ONS,2015,1.382810,1.322378,1.445264,,2013,1,Observed SEER Incidence Rate,104,Localized,662,Other Glioma
1,Both Sexes,1,All Races / Ethnicities,1,All Ages,662,Other Glioma of the Brain and ONS,2016,1.174320,1.118790,1.231862,,1721,1,Observed SEER Incidence Rate,104,Localized,662,Other Glioma
1,Both Sexes,1,All Races / Ethnicities,1,All Ages,662,Other Glioma of the Brain and ONS,2017,1.234168,1.177392,1.292941,,1821,1,Observed SEER Incidence Rate,104,Localized,662,Other Glioma
1,Both Sexes,1,All Races / Ethnicities,1,All Ages,662,Other Glioma of the Brain and ONS,2018,1.212033,1.156083,1.269962,,1812,1,Observed SEER Incidence Rate,104,Localized,662,Other Glioma
1,Both Sexes,1,All Races / Ethnicities,1,All Ages,662,Other Glioma of the Brain and ONS,2019,1.200941,1.145121,1.258743,,1783,1,Observed SEER Incidence Rate,104,Localized,662,Other Glioma
1,Both Sexes,1,All Races / Ethnicities,1,All Ages,662,Other Glioma of the Brain and ONS,2020,1.151239,1.096598,1.207861,,1714,1,Observed SEER Incidence Rate,104,Localized,662,Other Glioma
1,Both Sexes,1,All Races / Ethnicities,1,All Ages,662,Other Glioma of the Brain and ONS,2021,1.235460,1.178737,1.294169,,1834,1,Observed SEER Incidence Rate,104,Localized,662,Other Glioma
1,Both Sexes,1,All Races / Ethnicities,1,All Ages,662,Other Glioma of the Brain and ONS,2022,1.253030,1.195889,1.312152,,1863,1,Observed SEER Incidence Rate,104,Localized,662,Other Glioma
1,Both Sexes,1,All Races / Ethnicities,1,All Ages,662,Other Glioma of the Brain and ONS,2023,1.079096,1.026778,1.133355,,1651,1,Observed SEER Incidence Rate,104,Localized,662,Other Glioma
1,Both Sexes,1,All Races / Ethnicities,1,All Ages,662,Other Glioma of the Brain and ONS,2004,0.167958,0.146490,0.191686,,221,1,Observed SEER Incidence Rate,105,Regional,662,Other Glioma
1,Both Sexes,1,All Races / Ethnicities,1,All Ages,662,Other Glioma of the Brain and ONS,2005,0.176917,0.154991,0.201079,,236,1,Observed SEER Incidence Rate,105,Regional,662,Other Glioma
1,Both Sexes,1,All Races / Ethnicities,1,All Ages,662,Other Glioma of the Brain and ONS,2006,0.195883,0.172916,0.221054,,265,1,Observed SEER Incidence Rate,105,Regional,662,Other Glioma
1,Both Sexes,1,All Races / Ethnicities,1,All Ages,662,Other Glioma of the Brain and ONS,2007,0.189988,0.167313,0.214865,,256,1,Observed SEER Incidence Rate,105,Regional,662,Other Glioma
1,Both Sexes,1,All Races / Ethnicities,1,All Ages,662,Other Glioma of the Brain and ONS,2008,0.165399,0.144630,0.188318,,231,1,Observed SEER Incidence Rate,105,Regional,662,Other Glioma
1,Both Sexes,1,All Races / Ethnicities,1,All Ages,662,Other Glioma of the Brain and ONS,2009,0.179650,0.157918,0.203527,,250,1,Observed SEER Incidence Rate,105,Regional,662,Other Glioma
1,Both Sexes,1,All Races / Ethnicities,1,All Ages,662,Other Glioma of the Brain and ONS,2010,0.156843,0.136626,0.179195,,220,1,Observed SEER Incidence Rate,105,Regional,662,Other Glioma
1,Both Sexes,1,All Races / Ethnicities,1,All Ages,662,Other Glioma of the Brain and ONS,2011,0.158353,0.138107,0.180716,,225,1,Observed SEER Incidence Rate,105,Regional,662,Other Glioma
1,Both Sexes,1,All Races / Ethnicities,1,All Ages,662,Other Glioma of the Brain and ONS,2012,0.166737,0.145992,0.189582,,237,1,Observed SEER Incidence Rate,105,Regional,662,Other Glioma
1,Both Sexes,1,All Races / Ethnicities,1,All Ages,662,Other Glioma of the Brain and ONS,2013,0.172495,0.151530,0.195532,,250,1,Observed SEER Incidence Rate,105,Regional,662,Other Glioma
1,Both Sexes,1,All Races / Ethnicities,1,All Ages,662,Other Glioma of the Brain and ONS,2014,0.157879,0.137955,0.179855,,231,1,Observed SEER Incidence Rate,105,Regional,662,Other Glioma
1,Both Sexes,1,All Races / Ethnicities,1,All Ages,662,Other Glioma of the Brain and ONS,2015,0.169378,0.148726,0.192070,,249,1,Observed SEER Incidence Rate,105,Regional,662,Other Glioma
1,Both Sexes,1,All Races / Ethnicities,1,All Ages,662,Other Glioma of the Brain and ONS,2016,0.155311,0.135417,0.177262,,224,1,Observed SEER Incidence Rate,105,Regional,662,Other Glioma
1,Both Sexes,1,All Races / Ethnicities,1,All Ages,662,Other Glioma of the Brain and ONS,2017,0.138162,0.119625,0.158726,,205,1,Observed SEER Incidence Rate,105,Regional,662,Other Glioma
1,Both Sexes,1,All Races / Ethnicities,1,All Ages,662,Other Glioma of the Brain and ONS,2018,0.120631,0.103351,0.139937,,178,1,Observed SEER Incidence Rate,105,Regional,662,Other Glioma
1,Both Sexes,1,All Races / Ethnicities,1,All Ages,662,Other Glioma of the Brain and ONS,2019,0.117079,0.100060,0.136122,,173,1,Observed SEER Incidence Rate,105,Regional,662,Other Glioma
1,Both Sexes,1,All Races / Ethnicities,1,All Ages,662,Other Glioma of the Brain and ONS,2020,0.156998,0.137247,0.178756,,234,1,Observed SEER Incidence Rate,105,Regional,662,Other Glioma
1,Both Sexes,1,All Races / Ethnicities,1,All Ages,662,Other Glioma of the Brain and ONS,2021,0.142121,0.123457,0.162780,,216,1,Observed SEER Incidence Rate,105,Regional,662,Other Glioma
1,Both Sexes,1,All Races / Ethnicities,1,All Ages,662,Other Glioma of the Brain and ONS,2022,0.162857,0.142779,0.184930,,246,1,Observed SEER Incidence Rate,105,Regional,662,Other Glioma
1,Both Sexes,1,All Races / Ethnicities,1,All Ages,662,Other Glioma of the Brain and ONS,2023,0.137261,0.119180,0.157290,,215,1,Observed SEER Incidence Rate,105,Regional,662,Other Glioma
1,Both Sexes,1,All Races / Ethnicities,1,All Ages,662,Other Glioma of the Brain and ONS,2004,0.032354,0.023399,0.043617,,43,1,Observed SEER Incidence Rate,106,Distant,662,Other Glioma
1,Both Sexes,1,All Races / Ethnicities,1,All Ages,662,Other Glioma of the Brain and ONS,2005,0.021786,0.014575,0.031319,,29,1,Observed SEER Incidence Rate,106,Distant,662,Other Glioma
1,Both Sexes,1,All Races / Ethnicities,1,All Ages,662,Other Glioma of the Brain and ONS,2006,0.025561,0.017781,0.035605,,35,1,Observed SEER Incidence Rate,106,Distant,662,Other Glioma
1,Both Sexes,1,All Races / Ethnicities,1,All Ages,662,Other Glioma of the Brain and ONS,2007,0.021678,0.014594,0.031016,,30,1,Observed SEER Incidence Rate,106,Distant,662,Other Glioma
1,Both Sexes,1,All Races / Ethnicities,1,All Ages,662,Other Glioma of the Brain and ONS,2008,0.019552,0.012861,0.028489,,27,1,Observed SEER Incidence Rate,106,Distant,662,Other Glioma
1,Both Sexes,1,All Races / Ethnicities,1,All Ages,662,Other Glioma of the Brain and ONS,2009,0.017339,0.011085,0.025835,,24,1,Observed SEER Incidence Rate,106,Distant,662,Other Glioma
1,Both Sexes,1,All Races / Ethnicities,1,All Ages,662,Other Glioma of the Brain and ONS,2010,0.028106,0.020034,0.038350,,40,1,Observed SEER Incidence Rate,106,Distant,662,Other Glioma
1,Both Sexes,1,All Races / Ethnicities,1,All Ages,662,Other Glioma of the Brain and ONS,2011,0.035939,0.026699,0.047332,,51,1,Observed SEER Incidence Rate,106,Distant,662,Other Glioma
1,Both Sexes,1,All Races / Ethnicities,1,All Ages,662,Other Glioma of the Brain and ONS,2012,0.031408,0.022861,0.042091,,45,1,Observed SEER Incidence Rate,106,Distant,662,Other Glioma
1,Both Sexes,1,All Races / Ethnicities,1,All Ages,662,Other Glioma of the Brain and ONS,2013,0.029410,0.021056,0.039930,,41,1,Observed SEER Incidence Rate,106,Distant,662,Other Glioma
1,Both Sexes,1,All Races / Ethnicities,1,All Ages,662,Other Glioma of the Brain and ONS,2014,0.033857,0.024964,0.044861,,49,1,Observed SEER Incidence Rate,106,Distant,662,Other Glioma
1,Both Sexes,1,All Races / Ethnicities,1,All Ages,662,Other Glioma of the Brain and ONS,2015,0.020462,0.013800,0.029214,,31,1,Observed SEER Incidence Rate,106,Distant,662,Other Glioma
1,Both Sexes,1,All Races / Ethnicities,1,All Ages,662,Other Glioma of the Brain and ONS,2016,0.017171,0.011058,0.025408,,25,1,Observed SEER Incidence Rate,106,Distant,662,Other Glioma
1,Both Sexes,1,All Races / Ethnicities,1,All Ages,662,Other Glioma of the Brain and ONS,2017,0.023483,0.016093,0.033018,,33,1,Observed SEER Incidence Rate,106,Distant,662,Other Glioma
1,Both Sexes,1,All Races / Ethnicities,1,All Ages,662,Other Glioma of the Brain and ONS,2018,0.022645,0.015517,0.031870,,33,1,Observed SEER Incidence Rate,106,Distant,662,Other Glioma
1,Both Sexes,1,All Races / Ethnicities,1,All Ages,662,Other Glioma of the Brain and ONS,2019,0.018169,0.011960,0.026436,,28,1,Observed SEER Incidence Rate,106,Distant,662,Other Glioma
1,Both Sexes,1,All Races / Ethnicities,1,All Ages,662,Other Glioma of the Brain and ONS,2020,0.015813,0.009959,0.023783,,23,1,Observed SEER Incidence Rate,106,Distant,662,Other Glioma
1,Both Sexes,1,All Races / Ethnicities,1,All Ages,662,Other Glioma of the Brain and ONS,2021,0.020620,0.013752,0.029624,,29,1,Observed SEER Incidence Rate,106,Distant,662,Other Glioma
1,Both Sexes,1,All Races / Ethnicities,1,All Ages,662,Other Glioma of the Brain and ONS,2022,0.028105,0.019922,0.038420,,39,1,Observed SEER Incidence Rate,106,Distant,662,Other Glioma
1,Both Sexes,1,All Races / Ethnicities,1,All Ages,662,Other Glioma of the Brain and ONS,2023,0.020535,0.013759,0.029399,,30,1,Observed SEER Incidence Rate,106,Distant,662,Other Glioma
1,Both Sexes,1,All Races / Ethnicities,1,All Ages,662,Other Glioma of the Brain and ONS,2004,0.140318,0.120826,0.162065,,186,1,Observed SEER Incidence Rate,107,Unstaged,662,Other Glioma
1,Both Sexes,1,All Races / Ethnicities,1,All Ages,662,Other Glioma of the Brain and ONS,2005,0.114219,0.096786,0.133891,,153,1,Observed SEER Incidence Rate,107,Unstaged,662,Other Glioma
1,Both Sexes,1,All Races / Ethnicities,1,All Ages,662,Other Glioma of the Brain and ONS,2006,0.108775,0.091778,0.128004,,146,1,Observed SEER Incidence Rate,107,Unstaged,662,Other Glioma
1,Both Sexes,1,All Races / Ethnicities,1,All Ages,662,Other Glioma of the Brain and ONS,2007,0.097362,0.081392,0.115543,,132,1,Observed SEER Incidence Rate,107,Unstaged,662,Other Glioma
1,Both Sexes,1,All Races / Ethnicities,1,All Ages,662,Other Glioma of the Brain and ONS,2008,0.092014,0.076681,0.109518,,128,1,Observed SEER Incidence Rate,107,Unstaged,662,Other Glioma
1,Both Sexes,1,All Races / Ethnicities,1,All Ages,662,Other Glioma of the Brain and ONS,2009,0.103114,0.086802,0.121590,,143,1,Observed SEER Incidence Rate,107,Unstaged,662,Other Glioma
1,Both Sexes,1,All Races / Ethnicities,1,All Ages,662,Other Glioma of the Brain and ONS,2010,0.105654,0.089045,0.124433,,145,1,Observed SEER Incidence Rate,107,Unstaged,662,Other Glioma
1,Both Sexes,1,All Races / Ethnicities,1,All Ages,662,Other Glioma of the Brain and ONS,2011,0.098079,0.082340,0.115937,,139,1,Observed SEER Incidence Rate,107,Unstaged,662,Other Glioma
1,Both Sexes,1,All Races / Ethnicities,1,All Ages,662,Other Glioma of the Brain and ONS,2012,0.108942,0.092449,0.127521,,157,1,Observed SEER Incidence Rate,107,Unstaged,662,Other Glioma
1,Both Sexes,1,All Races / Ethnicities,1,All Ages,662,Other Glioma of the Brain and ONS,2013,0.101225,0.085350,0.119180,,147,1,Observed SEER Incidence Rate,107,Unstaged,662,Other Glioma
1,Both Sexes,1,All Races / Ethnicities,1,All Ages,662,Other Glioma of the Brain and ONS,2014,0.112715,0.095869,0.131638,,162,1,Observed SEER Incidence Rate,107,Unstaged,662,Other Glioma
1,Both Sexes,1,All Races / Ethnicities,1,All Ages,662,Other Glioma of the Brain and ONS,2015,0.097044,0.081661,0.114467,,143,1,Observed SEER Incidence Rate,107,Unstaged,662,Other Glioma
1,Both Sexes,1,All Races / Ethnicities,1,All Ages,662,Other Glioma of the Brain and ONS,2016,0.191496,0.169674,0.215329,,288,1,Observed SEER Incidence Rate,107,Unstaged,662,Other Glioma
1,Both Sexes,1,All Races / Ethnicities,1,All Ages,662,Other Glioma of the Brain and ONS,2017,0.189401,0.167663,0.213148,,283,1,Observed SEER Incidence Rate,107,Unstaged,662,Other Glioma
1,Both Sexes,1,All Races / Ethnicities,1,All Ages,662,Other Glioma of the Brain and ONS,2018,0.105896,0.089740,0.124081,,156,1,Observed SEER Incidence Rate,107,Unstaged,662,Other Glioma
1,Both Sexes,1,All Races / Ethnicities,1,All Ages,662,Other Glioma of the Brain and ONS,2019,0.091771,0.076992,0.108542,,140,1,Observed SEER Incidence Rate,107,Unstaged,662,Other Glioma
1,Both Sexes,1,All Races / Ethnicities,1,All Ages,662,Other Glioma of the Brain and ONS,2020,0.085056,0.070765,0.101355,,127,1,Observed SEER Incidence Rate,107,Unstaged,662,Other Glioma
1,Both Sexes,1,All Races / Ethnicities,1,All Ages,662,Other Glioma of the Brain and ONS,2021,0.072800,0.059598,0.088021,,109,1,Observed SEER Incidence Rate,107,Unstaged,662,Other Glioma
1,Both Sexes,1,All Races / Ethnicities,1,All Ages,662,Other Glioma of the Brain and ONS,2022,0.070437,0.057729,0.085105,,111,1,Observed SEER Incidence Rate,107,Unstaged,662,Other Glioma
1,Both Sexes,1,All Races / Ethnicities,1,All Ages,662,Other Glioma of the Brain and ONS,2023,0.088186,0.073764,0.104576,,137,1,Observed SEER Incidence Rate,107,Unstaged,662,Other Glioma
1,Both Sexes,1,All Races / Ethnicities,1,All Ages,663,Embryonal Tumors of the Brain and ONS,2000,0.255452,0.228926,0.284257,0.247963,338,1,Observed SEER Incidence Rate,101,All Stages,663,Embryonal Tumors
1,Both Sexes,1,All Races / Ethnicities,1,All Ages,663,Embryonal Tumors of the Brain and ONS,2001,0.265816,0.238832,0.295055,0.248541,354,1,Observed SEER Incidence Rate,101,All Stages,663,Embryonal Tumors
1,Both Sexes,1,All Races / Ethnicities,1,All Ages,663,Embryonal Tumors of the Brain and ONS,2002,0.245105,0.219239,0.273217,0.249119,327,1,Observed SEER Incidence Rate,101,All Stages,663,Embryonal Tumors
1,Both Sexes,1,All Races / Ethnicities,1,All Ages,663,Embryonal Tumors of the Brain and ONS,2003,0.237057,0.211656,0.264693,0.249700,317,1,Observed SEER Incidence Rate,101,All Stages,663,Embryonal Tumors
1,Both Sexes,1,All Races / Ethnicities,1,All Ages,663,Embryonal Tumors of the Brain and ONS,2004,0.236638,0.211273,0.264228,0.250281,317,1,Observed SEER Incidence Rate,101,All Stages,663,Embryonal Tumors
1,Both Sexes,1,All Races / Ethnicities,1,All Ages,663,Embryonal Tumors of the Brain and ONS,2005,0.244781,0.219004,0.272770,0.250864,329,1,Observed SEER Incidence Rate,101,All Stages,663,Embryonal Tumors
1,Both Sexes,1,All Races / Ethnicities,1,All Ages,663,Embryonal Tumors of the Brain and ONS,2006,0.225406,0.200742,0.252268,0.251449,304,1,Observed SEER Incidence Rate,101,All Stages,663,Embryonal Tumors
1,Both Sexes,1,All Races / Ethnicities,1,All Ages,663,Embryonal Tumors of the Brain and ONS,2007,0.272356,0.245291,0.301593,0.252034,371,1,Observed SEER Incidence Rate,101,All Stages,663,Embryonal Tumors
1,Both Sexes,1,All Races / Ethnicities,1,All Ages,663,Embryonal Tumors of the Brain and ONS,2008,0.263775,0.237242,0.292461,0.252621,362,1,Observed SEER Incidence Rate,101,All Stages,663,Embryonal Tumors
1,Both Sexes,1,All Races / Ethnicities,1,All Ages,663,Embryonal Tumors of the Brain and ONS,2009,0.257771,0.231509,0.286181,0.248197,353,1,Observed SEER Incidence Rate,101,All Stages,663,Embryonal Tumors
1,Both Sexes,1,All Races / Ethnicities,1,All Ages,663,Embryonal Tumors of the Brain and ONS,2010,0.226835,0.202373,0.253425,0.243851,314,1,Observed SEER Incidence Rate,101,All Stages,663,Embryonal Tumors
1,Both Sexes,1,All Races / Ethnicities,1,All Ages,663,Embryonal Tumors of the Brain and ONS,2011,0.237011,0.211905,0.264245,0.239580,326,1,Observed SEER Incidence Rate,101,All Stages,663,Embryonal Tumors
1,Both Sexes,1,All Races / Ethnicities,1,All Ages,663,Embryonal Tumors of the Brain and ONS,2012,0.218480,0.194540,0.244525,0.235385,304,1,Observed SEER Incidence Rate,101,All Stages,663,Embryonal Tumors
1,Both Sexes,1,All Races / Ethnicities,1,All Ages,663,Embryonal Tumors of the Brain and ONS,2013,0.243174,0.217871,0.270573,0.231263,338,1,Observed SEER Incidence Rate,101,All Stages,663,Embryonal Tumors
1,Both Sexes,1,All Races / Ethnicities,1,All Ages,663,Embryonal Tumors of the Brain and ONS,2014,0.242622,0.217320,0.270014,0.227213,337,1,Observed SEER Incidence Rate,101,All Stages,663,Embryonal Tumors
1,Both Sexes,1,All Races / Ethnicities,1,All Ages,663,Embryonal Tumors of the Brain and ONS,2015,0.227861,0.203470,0.254326,0.223234,319,1,Observed SEER Incidence Rate,101,All Stages,663,Embryonal Tumors
1,Both Sexes,1,All Races / Ethnicities,1,All Ages,663,Embryonal Tumors of the Brain and ONS,2016,0.226390,0.202092,0.252753,0.219324,318,1,Observed SEER Incidence Rate,101,All Stages,663,Embryonal Tumors
1,Both Sexes,1,All Races / Ethnicities,1,All Ages,663,Embryonal Tumors of the Brain and ONS,2017,0.212688,0.189064,0.238385,0.215483,296,1,Observed SEER Incidence Rate,101,All Stages,663,Embryonal Tumors
1,Both Sexes,1,All Races / Ethnicities,1,All Ages,663,Embryonal Tumors of the Brain and ONS,2018,0.215366,0.191609,0.241187,0.211710,300,1,Observed SEER Incidence Rate,101,All Stages,663,Embryonal Tumors
1,Both Sexes,1,All Races / Ethnicities,1,All Ages,663,Embryonal Tumors of the Brain and ONS,2019,0.201029,0.178053,0.226072,0.208002,279,1,Observed SEER Incidence Rate,101,All Stages,663,Embryonal Tumors
1,Both Sexes,1,All Races / Ethnicities,1,All Ages,663,Embryonal Tumors of the Brain and ONS,2020,0.197674,0.174823,0.222600,0.204360,273,1,Observed SEER Incidence Rate,101,All Stages,663,Embryonal Tumors
1,Both Sexes,1,All Races / Ethnicities,1,All Ages,663,Embryonal Tumors of the Brain and ONS,2021,0.194035,0.171254,0.218911,0.200781,265,1,Observed SEER Incidence Rate,101,All Stages,663,Embryonal Tumors
1,Both Sexes,1,All Races / Ethnicities,1,All Ages,663,Embryonal Tumors of the Brain and ONS,2022,0.198361,0.175157,0.223675,0.197265,266,1,Observed SEER Incidence Rate,101,All Stages,663,Embryonal Tumors
1,Both Sexes,1,All Races / Ethnicities,1,All Ages,663,Embryonal Tumors of the Brain and ONS,2023,0.192518,0.169740,0.217389,0.193810,260,1,Observed SEER Incidence Rate,101,All Stages,663,Embryonal Tumors
1,Both Sexes,1,All Races / Ethnicities,1,All Ages,663,Embryonal Tumors of the Brain and ONS,2004,0.164931,0.143877,0.188217,,221,1,Observed SEER Incidence Rate,104,Localized,663,Embryonal Tumors
1,Both Sexes,1,All Races / Ethnicities,1,All Ages,663,Embryonal Tumors of the Brain and ONS,2005,0.170411,0.149021,0.194021,,229,1,Observed SEER Incidence Rate,104,Localized,663,Embryonal Tumors
1,Both Sexes,1,All Races / Ethnicities,1,All Ages,663,Embryonal Tumors of the Brain and ONS,2006,0.152562,0.132409,0.174923,,206,1,Observed SEER Incidence Rate,104,Localized,663,Embryonal Tumors
1,Both Sexes,1,All Races / Ethnicities,1,All Ages,663,Embryonal Tumors of the Brain and ONS,2007,0.185335,0.163110,0.209743,,252,1,Observed SEER Incidence Rate,104,Localized,663,Embryonal Tumors
1,Both Sexes,1,All Races / Ethnicities,1,All Ages,663,Embryonal Tumors of the Brain and ONS,2008,0.167672,0.146700,0.190802,,231,1,Observed SEER Incidence Rate,104,Localized,663,Embryonal Tumors
1,Both Sexes,1,All Races / Ethnicities,1,All Ages,663,Embryonal Tumors of the Brain and ONS,2009,0.182736,0.160766,0.206857,,251,1,Observed SEER Incidence Rate,104,Localized,663,Embryonal Tumors
1,Both Sexes,1,All Races / Ethnicities,1,All Ages,663,Embryonal Tumors of the Brain and ONS,2010,0.163413,0.142745,0.186217,,226,1,Observed SEER Incidence Rate,104,Localized,663,Embryonal Tumors
1,Both Sexes,1,All Races / Ethnicities,1,All Ages,663,Embryonal Tumors of the Brain and ONS,2011,0.171082,0.149888,0.194407,,236,1,Observed SEER Incidence Rate,104,Localized,663,Embryonal Tumors
1,Both Sexes,1,All Races / Ethnicities,1,All Ages,663,Embryonal Tumors of the Brain and ONS,2012,0.144489,0.125191,0.165894,,202,1,Observed SEER Incidence Rate,104,Localized,663,Embryonal Tumors
1,Both Sexes,1,All Races / Ethnicities,1,All Ages,663,Embryonal Tumors of the Brain and ONS,2013,0.166626,0.145810,0.189544,,232,1,Observed SEER Incidence Rate,104,Localized,663,Embryonal Tumors
1,Both Sexes,1,All Races / Ethnicities,1,All Ages,663,Embryonal Tumors of the Brain and ONS,2014,0.170506,0.149368,0.193748,,236,1,Observed SEER Incidence Rate,104,Localized,663,Embryonal Tumors
1,Both Sexes,1,All Races / Ethnicities,1,All Ages,663,Embryonal Tumors of the Brain and ONS,2015,0.164933,0.144318,0.187623,,232,1,Observed SEER Incidence Rate,104,Localized,663,Embryonal Tumors
1,Both Sexes,1,All Races / Ethnicities,1,All Ages,663,Embryonal Tumors of the Brain and ONS,2016,0.147778,0.128296,0.169332,,208,1,Observed SEER Incidence Rate,104,Localized,663,Embryonal Tumors
1,Both Sexes,1,All Races / Ethnicities,1,All Ages,663,Embryonal Tumors of the Brain and ONS,2017,0.149222,0.129525,0.171000,,207,1,Observed SEER Incidence Rate,104,Localized,663,Embryonal Tumors
1,Both Sexes,1,All Races / Ethnicities,1,All Ages,663,Embryonal Tumors of the Brain and ONS,2018,0.144528,0.125173,0.165959,,201,1,Observed SEER Incidence Rate,104,Localized,663,Embryonal Tumors
1,Both Sexes,1,All Races / Ethnicities,1,All Ages,663,Embryonal Tumors of the Brain and ONS,2019,0.131731,0.113309,0.152222,,184,1,Observed SEER Incidence Rate,104,Localized,663,Embryonal Tumors
1,Both Sexes,1,All Races / Ethnicities,1,All Ages,663,Embryonal Tumors of the Brain and ONS,2020,0.138868,0.119849,0.159965,,192,1,Observed SEER Incidence Rate,104,Localized,663,Embryonal Tumors
1,Both Sexes,1,All Races / Ethnicities,1,All Ages,663,Embryonal Tumors of the Brain and ONS,2021,0.133929,0.115258,0.154683,,186,1,Observed SEER Incidence Rate,104,Localized,663,Embryonal Tumors
1,Both Sexes,1,All Races / Ethnicities,1,All Ages,663,Embryonal Tumors of the Brain and ONS,2022,0.138920,0.119644,0.160307,,187,1,Observed SEER Incidence Rate,104,Localized,663,Embryonal Tumors
1,Both Sexes,1,All Races / Ethnicities,1,All Ages,663,Embryonal Tumors of the Brain and ONS,2023,0.129573,0.111060,0.150178,,176,1,Observed SEER Incidence Rate,104,Localized,663,Embryonal Tumors
1,Both Sexes,1,All Races / Ethnicities,1,All Ages,663,Embryonal Tumors of the Brain and ONS,2004,0.028087,0.019869,0.038595,,38,1,Observed SEER Incidence Rate,105,Regional,663,Embryonal Tumors
1,Both Sexes,1,All Races / Ethnicities,1,All Ages,663,Embryonal Tumors of the Brain and ONS,2005,0.029670,0.021184,0.040439,,40,1,Observed SEER Incidence Rate,105,Regional,663,Embryonal Tumors
1,Both Sexes,1,All Races / Ethnicities,1,All Ages,663,Embryonal Tumors of the Brain and ONS,2006,0.020645,0.013710,0.029865,,28,1,Observed SEER Incidence Rate,105,Regional,663,Embryonal Tumors
1,Both Sexes,1,All Races / Ethnicities,1,All Ages,663,Embryonal Tumors of the Brain and ONS,2007,0.023375,0.015984,0.033017,,32,1,Observed SEER Incidence Rate,105,Regional,663,Embryonal Tumors
1,Both Sexes,1,All Races / Ethnicities,1,All Ages,663,Embryonal Tumors of the Brain and ONS,2008,0.026655,0.018646,0.036919,,36,1,Observed SEER Incidence Rate,105,Regional,663,Embryonal Tumors
1,Both Sexes,1,All Races / Ethnicities,1,All Ages,663,Embryonal Tumors of the Brain and ONS,2009,0.021860,0.014735,0.031217,,30,1,Observed SEER Incidence Rate,105,Regional,663,Embryonal Tumors
1,Both Sexes,1,All Races / Ethnicities,1,All Ages,663,Embryonal Tumors of the Brain and ONS,2010,0.019727,0.013090,0.028550,,28,1,Observed SEER Incidence Rate,105,Regional,663,Embryonal Tumors
1,Both Sexes,1,All Races / Ethnicities,1,All Ages,663,Embryonal Tumors of the Brain and ONS,2011,0.021469,0.014357,0.030816,,29,1,Observed SEER Incidence Rate,105,Regional,663,Embryonal Tumors
1,Both Sexes,1,All Races / Ethnicities,1,All Ages,663,Embryonal Tumors of the Brain and ONS,2012,0.025348,0.017640,0.035240,,35,1,Observed SEER Incidence Rate,105,Regional,663,Embryonal Tumors
1,Both Sexes,1,All Races / Ethnicities,1,All Ages,663,Embryonal Tumors of the Brain and ONS,2013,0.024292,0.016712,0.034068,,33,1,Observed SEER Incidence Rate,105,Regional,663,Embryonal Tumors
1,Both Sexes,1,All Races / Ethnicities,1,All Ages,663,Embryonal Tumors of the Brain and ONS,2014,0.019132,0.012589,0.027832,,27,1,Observed SEER Incidence Rate,105,Regional,663,Embryonal Tumors
1,Both Sexes,1,All Races / Ethnicities,1,All Ages,663,Embryonal Tumors of the Brain and ONS,2015,0.018173,0.011757,0.026765,,25,1,Observed SEER Incidence Rate,105,Regional,663,Embryonal Tumors
1,Both Sexes,1,All Races / Ethnicities,1,All Ages,663,Embryonal Tumors of the Brain and ONS,2016,0.024131,0.016696,0.033691,,34,1,Observed SEER Incidence Rate,105,Regional,663,Embryonal Tumors
1,Both Sexes,1,All Races / Ethnicities,1,All Ages,663,Embryonal Tumors of the Brain and ONS,2017,0.024880,0.017222,0.034693,,34,1,Observed SEER Incidence Rate,105,Regional,663,Embryonal Tumors
1,Both Sexes,1,All Races / Ethnicities,1,All Ages,663,Embryonal Tumors of the Brain and ONS,2018,0.014408,0.008782,0.022199,,20,1,Observed SEER Incidence Rate,105,Regional,663,Embryonal Tumors
1,Both Sexes,1,All Races / Ethnicities,1,All Ages,663,Embryonal Tumors of the Brain and ONS,2019,0.022110,0.014906,0.031476,,30,1,Observed SEER Incidence Rate,105,Regional,663,Embryonal Tumors
1,Both Sexes,1,All Races / Ethnicities,1,All Ages,663,Embryonal Tumors of the Brain and ONS,2020,0.019589,0.012979,0.028309,,28,1,Observed SEER Incidence Rate,105,Regional,663,Embryonal Tumors
1,Both Sexes,1,All Races / Ethnicities,1,All Ages,663,Embryonal Tumors of the Brain and ONS,2021,0.024837,0.016980,0.034918,,32,1,Observed SEER Incidence Rate,105,Regional,663,Embryonal Tumors
1,Both Sexes,1,All Races / Ethnicities,1,All Ages,663,Embryonal Tumors of the Brain and ONS,2022,0.019584,0.012778,0.028581,,26,1,Observed SEER Incidence Rate,105,Regional,663,Embryonal Tumors
1,Both Sexes,1,All Races / Ethnicities,1,All Ages,663,Embryonal Tumors of the Brain and ONS,2023,0.014877,0.009064,0.022874,,20,1,Observed SEER Incidence Rate,105,Regional,663,Embryonal Tumors
1,Both Sexes,1,All Races / Ethnicities,1,All Ages,663,Embryonal Tumors of the Brain and ONS,2004,0.034044,0.024820,0.045580,,45,1,Observed SEER Incidence Rate,106,Distant,663,Embryonal Tumors
1,Both Sexes,1,All Races / Ethnicities,1,All Ages,663,Embryonal Tumors of the Brain and ONS,2005,0.034383,0.025161,0.045889,,46,1,Observed SEER Incidence Rate,106,Distant,663,Embryonal Tumors
1,Both Sexes,1,All Races / Ethnicities,1,All Ages,663,Embryonal Tumors of the Brain and ONS,2006,0.044007,0.033491,0.056781,,59,1,Observed SEER Incidence Rate,106,Distant,663,Embryonal Tumors
1,Both Sexes,1,All Races / Ethnicities,1,All Ages,663,Embryonal Tumors of the Brain and ONS,2007,0.055164,0.043373,0.069173,,75,1,Observed SEER Incidence Rate,106,Distant,663,Embryonal Tumors
1,Both Sexes,1,All Races / Ethnicities,1,All Ages,663,Embryonal Tumors of the Brain and ONS,2008,0.056999,0.045042,0.071154,,78,1,Observed SEER Incidence Rate,106,Distant,663,Embryonal Tumors
1,Both Sexes,1,All Races / Ethnicities,1,All Ages,663,Embryonal Tumors of the Brain and ONS,2009,0.042165,0.031921,0.054624,,57,1,Observed SEER Incidence Rate,106,Distant,663,Embryonal Tumors
1,Both Sexes,1,All Races / Ethnicities,1,All Ages,663,Embryonal Tumors of the Brain and ONS,2010,0.035682,0.026390,0.047165,,49,1,Observed SEER Incidence Rate,106,Distant,663,Embryonal Tumors
1,Both Sexes,1,All Races / Ethnicities,1,All Ages,663,Embryonal Tumors of the Brain and ONS,2011,0.032917,0.023994,0.044033,,45,1,Observed SEER Incidence Rate,106,Distant,663,Embryonal Tumors
1,Both Sexes,1,All Races / Ethnicities,1,All Ages,663,Embryonal Tumors of the Brain and ONS,2012,0.032842,0.023942,0.043922,,45,1,Observed SEER Incidence Rate,106,Distant,663,Embryonal Tumors
1,Both Sexes,1,All Races / Ethnicities,1,All Ages,663,Embryonal Tumors of the Brain and ONS,2013,0.034690,0.025568,0.045966,,48,1,Observed SEER Incidence Rate,106,Distant,663,Embryonal Tumors
1,Both Sexes,1,All Races / Ethnicities,1,All Ages,663,Embryonal Tumors of the Brain and ONS,2014,0.041776,0.031703,0.053985,,58,1,Observed SEER Incidence Rate,106,Distant,663,Embryonal Tumors
1,Both Sexes,1,All Races / Ethnicities,1,All Ages,663,Embryonal Tumors of the Brain and ONS,2015,0.031681,0.023013,0.042484,,44,1,Observed SEER Incidence Rate,106,Distant,663,Embryonal Tumors
1,Both Sexes,1,All Races / Ethnicities,1,All Ages,663,Embryonal Tumors of the Brain and ONS,2016,0.032633,0.023775,0.043634,,45,1,Observed SEER Incidence Rate,106,Distant,663,Embryonal Tumors
1,Both Sexes,1,All Races / Ethnicities,1,All Ages,663,Embryonal Tumors of the Brain and ONS,2017,0.026279,0.018468,0.036213,,37,1,Observed SEER Incidence Rate,106,Distant,663,Embryonal Tumors
1,Both Sexes,1,All Races / Ethnicities,1,All Ages,663,Embryonal Tumors of the Brain and ONS,2018,0.043739,0.033436,0.056142,,61,1,Observed SEER Incidence Rate,106,Distant,663,Embryonal Tumors
1,Both Sexes,1,All Races / Ethnicities,1,All Ages,663,Embryonal Tumors of the Brain and ONS,2019,0.038453,0.028787,0.050237,,53,1,Observed SEER Incidence Rate,106,Distant,663,Embryonal Tumors
1,Both Sexes,1,All Races / Ethnicities,1,All Ages,663,Embryonal Tumors of the Brain and ONS,2020,0.033776,0.024611,0.045109,,45,1,Observed SEER Incidence Rate,106,Distant,663,Embryonal Tumors
1,Both Sexes,1,All Races / Ethnicities,1,All Ages,663,Embryonal Tumors of the Brain and ONS,2021,0.029553,0.021004,0.040286,,39,1,Observed SEER Incidence Rate,106,Distant,663,Embryonal Tumors
1,Both Sexes,1,All Races / Ethnicities,1,All Ages,663,Embryonal Tumors of the Brain and ONS,2022,0.033561,0.024461,0.044812,,45,1,Observed SEER Incidence Rate,106,Distant,663,Embryonal Tumors
1,Both Sexes,1,All Races / Ethnicities,1,All Ages,663,Embryonal Tumors of the Brain and ONS,2023,0.036058,0.026563,0.047706,,48,1,Observed SEER Incidence Rate,106,Distant,663,Embryonal Tumors
1,Both Sexes,1,All Races / Ethnicities,1,All Ages,663,Embryonal Tumors of the Brain and ONS,2004,,,,,,1,Observed SEER Incidence Rate,107,Unstaged,663,Embryonal Tumors
1,Both Sexes,1,All Races / Ethnicities,1,All Ages,663,Embryonal Tumors of the Brain and ONS,2005,,,,,,1,Observed SEER Incidence Rate,107,Unstaged,663,Embryonal Tumors
1,Both Sexes,1,All Races / Ethnicities,1,All Ages,663,Embryonal Tumors of the Brain and ONS,2006,,,,,,1,Observed SEER Incidence Rate,107,Unstaged,663,Embryonal Tumors
1,Both Sexes,1,All Races / Ethnicities,1,All Ages,663,Embryonal Tumors of the Brain and ONS,2007,,,,,,1,Observed SEER Incidence Rate,107,Unstaged,663,Embryonal Tumors
1,Both Sexes,1,All Races / Ethnicities,1,All Ages,663,Embryonal Tumors of the Brain and ONS,2008,0.012447,0.007234,0.019952,,17,1,Observed SEER Incidence Rate,107,Unstaged,663,Embryonal Tumors
1,Both Sexes,1,All Races / Ethnicities,1,All Ages,663,Embryonal Tumors of the Brain and ONS,2009,,,,,,1,Observed SEER Incidence Rate,107,Unstaged,663,Embryonal Tumors
1,Both Sexes,1,All Races / Ethnicities,1,All Ages,663,Embryonal Tumors of the Brain and ONS,2010,,,,,,1,Observed SEER Incidence Rate,107,Unstaged,663,Embryonal Tumors
1,Both Sexes,1,All Races / Ethnicities,1,All Ages,663,Embryonal Tumors of the Brain and ONS,2011,0.011542,0.006575,0.018758,,16,1,Observed SEER Incidence Rate,107,Unstaged,663,Embryonal Tumors
1,Both Sexes,1,All Races / Ethnicities,1,All Ages,663,Embryonal Tumors of the Brain and ONS,2012,0.015801,0.009879,0.023929,,22,1,Observed SEER Incidence Rate,107,Unstaged,663,Embryonal Tumors
1,Both Sexes,1,All Races / Ethnicities,1,All Ages,663,Embryonal Tumors of the Brain and ONS,2013,0.017565,0.011348,0.025943,,25,1,Observed SEER Incidence Rate,107,Unstaged,663,Embryonal Tumors
1,Both Sexes,1,All Races / Ethnicities,1,All Ages,663,Embryonal Tumors of the Brain and ONS,2014,0.011205,0.006385,0.018205,,16,1,Observed SEER Incidence Rate,107,Unstaged,663,Embryonal Tumors
1,Both Sexes,1,All Races / Ethnicities,1,All Ages,663,Embryonal Tumors of the Brain and ONS,2015,0.013073,0.007740,0.020603,,18,1,Observed SEER Incidence Rate,107,Unstaged,663,Embryonal Tumors
1,Both Sexes,1,All Races / Ethnicities,1,All Ages,663,Embryonal Tumors of the Brain and ONS,2016,0.021846,0.014807,0.031016,,31,1,Observed SEER Incidence Rate,107,Unstaged,663,Embryonal Tumors
1,Both Sexes,1,All Races / Ethnicities,1,All Ages,663,Embryonal Tumors of the Brain and ONS,2017,0.012305,0.007251,0.019491,,18,1,Observed SEER Incidence Rate,107,Unstaged,663,Embryonal Tumors
1,Both Sexes,1,All Races / Ethnicities,1,All Ages,663,Embryonal Tumors of the Brain and ONS,2018,0.012689,0.007508,0.020013,,18,1,Observed SEER Incidence Rate,107,Unstaged,663,Embryonal Tumors
1,Both Sexes,1,All Races / Ethnicities,1,All Ages,663,Embryonal Tumors of the Brain and ONS,2019,,,,,,1,Observed SEER Incidence Rate,107,Unstaged,663,Embryonal Tumors
1,Both Sexes,1,All Races / Ethnicities,1,All Ages,663,Embryonal Tumors of the Brain and ONS,2020,,,,,,1,Observed SEER Incidence Rate,107,Unstaged,663,Embryonal Tumors
1,Both Sexes,1,All Races / Ethnicities,1,All Ages,663,Embryonal Tumors of the Brain and ONS,2021,,,,,,1,Observed SEER Incidence Rate,107,Unstaged,663,Embryonal Tumors
1,Both Sexes,1,All Races / Ethnicities,1,All Ages,663,Embryonal Tumors of the Brain and ONS,2022,,,,,,1,Observed SEER Incidence Rate,107,Unstaged,663,Embryonal Tumors
1,Both Sexes,1,All Races / Ethnicities,1,All Ages,663,Embryonal Tumors of the Brain and ONS,2023,0.012009,0.006854,0.019366,,16,1,Observed SEER Incidence Rate,107,Unstaged,663,Embryonal Tumors
1,Both Sexes,1,All Races / Ethnicities,1,All Ages,664,Meningioma of the Brain and ONS,2000,0.213789,0.188414,0.241589,0.235277,257,1,Observed SEER Incidence Rate,101,All Stages,664,Meningioma
1,Both Sexes,1,All Races / Ethnicities,1,All Ages,664,Meningioma of the Brain and ONS,2001,0.214742,0.189484,0.242393,0.213749,262,1,Observed SEER Incidence Rate,101,All Stages,664,Meningioma
1,Both Sexes,1,All Races / Ethnicities,1,All Ages,664,Meningioma of the Brain and ONS,2002,0.190175,0.166729,0.215969,0.194190,238,1,Observed SEER Incidence Rate,101,All Stages,664,Meningioma
1,Both Sexes,1,All Races / Ethnicities,1,All Ages,664,Meningioma of the Brain and ONS,2003,0.205630,0.181185,0.232415,0.176421,257,1,Observed SEER Incidence Rate,101,All Stages,664,Meningioma
1,Both Sexes,1,All Races / Ethnicities,1,All Ages,664,Meningioma of the Brain and ONS,2004,0.162134,0.140812,0.185752,0.160278,209,1,Observed SEER Incidence Rate,101,All Stages,664,Meningioma
1,Both Sexes,1,All Races / Ethnicities,1,All Ages,664,Meningioma of the Brain and ONS,2005,0.148389,0.128145,0.170905,0.145613,194,1,Observed SEER Incidence Rate,101,All Stages,664,Meningioma
1,Both Sexes,1,All Races / Ethnicities,1,All Ages,664,Meningioma of the Brain and ONS,2006,0.128282,0.109478,0.149358,0.132289,168,1,Observed SEER Incidence Rate,101,All Stages,664,Meningioma
1,Both Sexes,1,All Races / Ethnicities,1,All Ages,664,Meningioma of the Brain and ONS,2007,0.128606,0.110119,0.149299,0.120184,175,1,Observed SEER Incidence Rate,101,All Stages,664,Meningioma
1,Both Sexes,1,All Races / Ethnicities,1,All Ages,664,Meningioma of the Brain and ONS,2008,0.097397,0.081515,0.115463,0.109187,135,1,Observed SEER Incidence Rate,101,All Stages,664,Meningioma
1,Both Sexes,1,All Races / Ethnicities,1,All Ages,664,Meningioma of the Brain and ONS,2009,0.096950,0.081163,0.114901,0.107774,136,1,Observed SEER Incidence Rate,101,All Stages,664,Meningioma
1,Both Sexes,1,All Races / Ethnicities,1,All Ages,664,Meningioma of the Brain and ONS,2010,0.096308,0.080805,0.113925,0.106379,140,1,Observed SEER Incidence Rate,101,All Stages,664,Meningioma
1,Both Sexes,1,All Races / Ethnicities,1,All Ages,664,Meningioma of the Brain and ONS,2011,0.111080,0.094240,0.130043,0.105002,159,1,Observed SEER Incidence Rate,101,All Stages,664,Meningioma
1,Both Sexes,1,All Races / Ethnicities,1,All Ages,664,Meningioma of the Brain and ONS,2012,0.104974,0.088902,0.123116,0.103643,156,1,Observed SEER Incidence Rate,101,All Stages,664,Meningioma
1,Both Sexes,1,All Races / Ethnicities,1,All Ages,664,Meningioma of the Brain and ONS,2013,0.116766,0.100008,0.135547,0.102301,178,1,Observed SEER Incidence Rate,101,All Stages,664,Meningioma
1,Both Sexes,1,All Races / Ethnicities,1,All Ages,664,Meningioma of the Brain and ONS,2014,0.108664,0.092677,0.126643,0.100977,170,1,Observed SEER Incidence Rate,101,All Stages,664,Meningioma
1,Both Sexes,1,All Races / Ethnicities,1,All Ages,664,Meningioma of the Brain and ONS,2015,0.091832,0.077368,0.108253,0.099670,148,1,Observed SEER Incidence Rate,101,All Stages,664,Meningioma
1,Both Sexes,1,All Races / Ethnicities,1,All Ages,664,Meningioma of the Brain and ONS,2016,0.097711,0.082919,0.114427,0.098380,162,1,Observed SEER Incidence Rate,101,All Stages,664,Meningioma
1,Both Sexes,1,All Races / Ethnicities,1,All Ages,664,Meningioma of the Brain and ONS,2017,0.101750,0.086712,0.118693,0.097106,170,1,Observed SEER Incidence Rate,101,All Stages,664,Meningioma
1,Both Sexes,1,All Races / Ethnicities,1,All Ages,664,Meningioma of the Brain and ONS,2018,0.079163,0.065764,0.094509,0.095850,127,1,Observed SEER Incidence Rate,101,All Stages,664,Meningioma
1,Both Sexes,1,All Races / Ethnicities,1,All Ages,664,Meningioma of the Brain and ONS,2019,0.082809,0.069477,0.098013,0.094609,142,1,Observed SEER Incidence Rate,101,All Stages,664,Meningioma
1,Both Sexes,1,All Races / Ethnicities,1,All Ages,664,Meningioma of the Brain and ONS,2020,0.079003,0.066090,0.093770,0.093384,138,1,Observed SEER Incidence Rate,101,All Stages,664,Meningioma
1,Both Sexes,1,All Races / Ethnicities,1,All Ages,664,Meningioma of the Brain and ONS,2021,0.092301,0.078153,0.108324,0.092176,158,1,Observed SEER Incidence Rate,101,All Stages,664,Meningioma
1,Both Sexes,1,All Races / Ethnicities,1,All Ages,664,Meningioma of the Brain and ONS,2022,0.106914,0.092062,0.123567,0.090982,193,1,Observed SEER Incidence Rate,101,All Stages,664,Meningioma
1,Both Sexes,1,All Races / Ethnicities,1,All Ages,664,Meningioma of the Brain and ONS,2023,0.083966,0.070783,0.098963,0.089805,150,1,Observed SEER Incidence Rate,101,All Stages,664,Meningioma
1,Both Sexes,1,All Races / Ethnicities,1,All Ages,664,Meningioma of the Brain and ONS,2004,0.092136,0.076263,0.110318,,119,1,Observed SEER Incidence Rate,104,Localized,664,Meningioma
1,Both Sexes,1,All Races / Ethnicities,1,All Ages,664,Meningioma of the Brain and ONS,2005,0.082441,0.067613,0.099544,,109,1,Observed SEER Incidence Rate,104,Localized,664,Meningioma
1,Both Sexes,1,All Races / Ethnicities,1,All Ages,664,Meningioma of the Brain and ONS,2006,0.076504,0.062201,0.093086,,101,1,Observed SEER Incidence Rate,104,Localized,664,Meningioma
1,Both Sexes,1,All Races / Ethnicities,1,All Ages,664,Meningioma of the Brain and ONS,2007,0.071812,0.058222,0.087618,,98,1,Observed SEER Incidence Rate,104,Localized,664,Meningioma
1,Both Sexes,1,All Races / Ethnicities,1,All Ages,664,Meningioma of the Brain and ONS,2008,0.059375,0.047191,0.073746,,83,1,Observed SEER Incidence Rate,104,Localized,664,Meningioma
1,Both Sexes,1,All Races / Ethnicities,1,All Ages,664,Meningioma of the Brain and ONS,2009,0.053661,0.042128,0.067371,,76,1,Observed SEER Incidence Rate,104,Localized,664,Meningioma
1,Both Sexes,1,All Races / Ethnicities,1,All Ages,664,Meningioma of the Brain and ONS,2010,0.057607,0.045697,0.071667,,83,1,Observed SEER Incidence Rate,104,Localized,664,Meningioma
1,Both Sexes,1,All Races / Ethnicities,1,All Ages,664,Meningioma of the Brain and ONS,2011,0.061052,0.048764,0.075481,,88,1,Observed SEER Incidence Rate,104,Localized,664,Meningioma
1,Both Sexes,1,All Races / Ethnicities,1,All Ages,664,Meningioma of the Brain and ONS,2012,0.057637,0.045870,0.071501,,85,1,Observed SEER Incidence Rate,104,Localized,664,Meningioma
1,Both Sexes,1,All Races / Ethnicities,1,All Ages,664,Meningioma of the Brain and ONS,2013,0.068246,0.055629,0.082895,,105,1,Observed SEER Incidence Rate,104,Localized,664,Meningioma
1,Both Sexes,1,All Races / Ethnicities,1,All Ages,664,Meningioma of the Brain and ONS,2014,0.058484,0.046907,0.072078,,91,1,Observed SEER Incidence Rate,104,Localized,664,Meningioma
1,Both Sexes,1,All Races / Ethnicities,1,All Ages,664,Meningioma of the Brain and ONS,2015,0.052823,0.042006,0.065616,,85,1,Observed SEER Incidence Rate,104,Localized,664,Meningioma
1,Both Sexes,1,All Races / Ethnicities,1,All Ages,664,Meningioma of the Brain and ONS,2016,0.054911,0.043990,0.067771,,91,1,Observed SEER Incidence Rate,104,Localized,664,Meningioma
1,Both Sexes,1,All Races / Ethnicities,1,All Ages,664,Meningioma of the Brain and ONS,2017,0.058135,0.046912,0.071285,,97,1,Observed SEER Incidence Rate,104,Localized,664,Meningioma
1,Both Sexes,1,All Races / Ethnicities,1,All Ages,664,Meningioma of the Brain and ONS,2018,0.053982,0.043055,0.066862,,87,1,Observed SEER Incidence Rate,104,Localized,664,Meningioma
1,Both Sexes,1,All Races / Ethnicities,1,All Ages,664,Meningioma of the Brain and ONS,2019,0.053168,0.042525,0.065716,,90,1,Observed SEER Incidence Rate,104,Localized,664,Meningioma
1,Both Sexes,1,All Races / Ethnicities,1,All Ages,664,Meningioma of the Brain and ONS,2020,0.053801,0.043312,0.066143,,95,1,Observed SEER Incidence Rate,104,Localized,664,Meningioma
1,Both Sexes,1,All Races / Ethnicities,1,All Ages,664,Meningioma of the Brain and ONS,2021,0.065587,0.053789,0.079264,,113,1,Observed SEER Incidence Rate,104,Localized,664,Meningioma
1,Both Sexes,1,All Races / Ethnicities,1,All Ages,664,Meningioma of the Brain and ONS,2022,0.067894,0.056205,0.081392,,123,1,Observed SEER Incidence Rate,104,Localized,664,Meningioma
1,Both Sexes,1,All Races / Ethnicities,1,All Ages,664,Meningioma of the Brain and ONS,2023,0.055050,0.044499,0.067427,,99,1,Observed SEER Incidence Rate,104,Localized,664,Meningioma
1,Both Sexes,1,All Races / Ethnicities,1,All Ages,664,Meningioma of the Brain and ONS,2004,0.031876,0.022843,0.043268,,41,1,Observed SEER Incidence Rate,105,Regional,664,Meningioma
1,Both Sexes,1,All Races / Ethnicities,1,All Ages,664,Meningioma of the Brain and ONS,2005,0.024822,0.017061,0.034901,,33,1,Observed SEER Incidence Rate,105,Regional,664,Meningioma
1,Both Sexes,1,All Races / Ethnicities,1,All Ages,664,Meningioma of the Brain and ONS,2006,0.018633,0.012017,0.027572,,25,1,Observed SEER Incidence Rate,105,Regional,664,Meningioma
1,Both Sexes,1,All Races / Ethnicities,1,All Ages,664,Meningioma of the Brain and ONS,2007,0.027354,0.019190,0.037798,,37,1,Observed SEER Incidence Rate,105,Regional,664,Meningioma
1,Both Sexes,1,All Races / Ethnicities,1,All Ages,664,Meningioma of the Brain and ONS,2008,0.015402,0.009475,0.023629,,21,1,Observed SEER Incidence Rate,105,Regional,664,Meningioma
1,Both Sexes,1,All Races / Ethnicities,1,All Ages,664,Meningioma of the Brain and ONS,2009,0.022775,0.015504,0.032269,,32,1,Observed SEER Incidence Rate,105,Regional,664,Meningioma
1,Both Sexes,1,All Races / Ethnicities,1,All Ages,664,Meningioma of the Brain and ONS,2010,0.019531,0.013003,0.028216,,29,1,Observed SEER Incidence Rate,105,Regional,664,Meningioma
1,Both Sexes,1,All Races / Ethnicities,1,All Ages,664,Meningioma of the Brain and ONS,2011,0.025193,0.017464,0.035133,,35,1,Observed SEER Incidence Rate,105,Regional,664,Meningioma
1,Both Sexes,1,All Races / Ethnicities,1,All Ages,664,Meningioma of the Brain and ONS,2012,0.023228,0.016055,0.032524,,35,1,Observed SEER Incidence Rate,105,Regional,664,Meningioma
1,Both Sexes,1,All Races / Ethnicities,1,All Ages,664,Meningioma of the Brain and ONS,2013,0.020879,0.014110,0.029768,,31,1,Observed SEER Incidence Rate,105,Regional,664,Meningioma
1,Both Sexes,1,All Races / Ethnicities,1,All Ages,664,Meningioma of the Brain and ONS,2014,0.020811,0.014206,0.029468,,33,1,Observed SEER Incidence Rate,105,Regional,664,Meningioma
1,Both Sexes,1,All Races / Ethnicities,1,All Ages,664,Meningioma of the Brain and ONS,2015,0.021734,0.014915,0.030612,,34,1,Observed SEER Incidence Rate,105,Regional,664,Meningioma
1,Both Sexes,1,All Races / Ethnicities,1,All Ages,664,Meningioma of the Brain and ONS,2016,0.014489,0.009187,0.021799,,24,1,Observed SEER Incidence Rate,105,Regional,664,Meningioma
1,Both Sexes,1,All Races / Ethnicities,1,All Ages,664,Meningioma of the Brain and ONS,2017,0.017840,0.011827,0.025867,,29,1,Observed SEER Incidence Rate,105,Regional,664,Meningioma
1,Both Sexes,1,All Races / Ethnicities,1,All Ages,664,Meningioma of the Brain and ONS,2018,0.012344,0.007453,0.019266,,20,1,Observed SEER Incidence Rate,105,Regional,664,Meningioma
1,Both Sexes,1,All Races / Ethnicities,1,All Ages,664,Meningioma of the Brain and ONS,2019,0.012546,0.007876,0.019109,,23,1,Observed SEER Incidence Rate,105,Regional,664,Meningioma
1,Both Sexes,1,All Races / Ethnicities,1,All Ages,664,Meningioma of the Brain and ONS,2020,0.011412,0.006864,0.017922,,20,1,Observed SEER Incidence Rate,105,Regional,664,Meningioma
1,Both Sexes,1,All Races / Ethnicities,1,All Ages,664,Meningioma of the Brain and ONS,2021,0.016424,0.010622,0.024259,,26,1,Observed SEER Incidence Rate,105,Regional,664,Meningioma
1,Both Sexes,1,All Races / Ethnicities,1,All Ages,664,Meningioma of the Brain and ONS,2022,0.021756,0.015328,0.030065,,39,1,Observed SEER Incidence Rate,105,Regional,664,Meningioma
1,Both Sexes,1,All Races / Ethnicities,1,All Ages,664,Meningioma of the Brain and ONS,2023,0.020214,0.013974,0.028355,,35,1,Observed SEER Incidence Rate,105,Regional,664,Meningioma
1,Both Sexes,1,All Races / Ethnicities,1,All Ages,664,Meningioma of the Brain and ONS,2004,,,,,,1,Observed SEER Incidence Rate,106,Distant,664,Meningioma
1,Both Sexes,1,All Races / Ethnicities,1,All Ages,664,Meningioma of the Brain and ONS,2005,,,,,,1,Observed SEER Incidence Rate,106,Distant,664,Meningioma
1,Both Sexes,1,All Races / Ethnicities,1,All Ages,664,Meningioma of the Brain and ONS,2006,0.013451,0.007814,0.021507,,17,1,Observed SEER Incidence Rate,106,Distant,664,Meningioma
1,Both Sexes,1,All Races / Ethnicities,1,All Ages,664,Meningioma of the Brain and ONS,2007,,,,,,1,Observed SEER Incidence Rate,106,Distant,664,Meningioma
1,Both Sexes,1,All Races / Ethnicities,1,All Ages,664,Meningioma of the Brain and ONS,2008,,,,,,1,Observed SEER Incidence Rate,106,Distant,664,Meningioma
1,Both Sexes,1,All Races / Ethnicities,1,All Ages,664,Meningioma of the Brain and ONS,2009,,,,,,1,Observed SEER Incidence Rate,106,Distant,664,Meningioma
1,Both Sexes,1,All Races / Ethnicities,1,All Ages,664,Meningioma of the Brain and ONS,2010,,,,,,1,Observed SEER Incidence Rate,106,Distant,664,Meningioma
1,Both Sexes,1,All Races / Ethnicities,1,All Ages,664,Meningioma of the Brain and ONS,2011,,,,,,1,Observed SEER Incidence Rate,106,Distant,664,Meningioma
1,Both Sexes,1,All Races / Ethnicities,1,All Ages,664,Meningioma of the Brain and ONS,2012,,,,,,1,Observed SEER Incidence Rate,106,Distant,664,Meningioma
1,Both Sexes,1,All Races / Ethnicities,1,All Ages,664,Meningioma of the Brain and ONS,2013,,,,,,1,Observed SEER Incidence Rate,106,Distant,664,Meningioma
1,Both Sexes,1,All Races / Ethnicities,1,All Ages,664,Meningioma of the Brain and ONS,2014,0.010235,0.005786,0.016793,,16,1,Observed SEER Incidence Rate,106,Distant,664,Meningioma
1,Both Sexes,1,All Races / Ethnicities,1,All Ages,664,Meningioma of the Brain and ONS,2015,,,,,,1,Observed SEER Incidence Rate,106,Distant,664,Meningioma
1,Both Sexes,1,All Races / Ethnicities,1,All Ages,664,Meningioma of the Brain and ONS,2016,,,,,,1,Observed SEER Incidence Rate,106,Distant,664,Meningioma
1,Both Sexes,1,All Races / Ethnicities,1,All Ages,664,Meningioma of the Brain and ONS,2017,,,,,,1,Observed SEER Incidence Rate,106,Distant,664,Meningioma
1,Both Sexes,1,All Races / Ethnicities,1,All Ages,664,Meningioma of the Brain and ONS,2018,,,,,,1,Observed SEER Incidence Rate,106,Distant,664,Meningioma
1,Both Sexes,1,All Races / Ethnicities,1,All Ages,664,Meningioma of the Brain and ONS,2019,,,,,,1,Observed SEER Incidence Rate,106,Distant,664,Meningioma
1,Both Sexes,1,All Races / Ethnicities,1,All Ages,664,Meningioma of the Brain and ONS,2020,,,,,,1,Observed SEER Incidence Rate,106,Distant,664,Meningioma
1,Both Sexes,1,All Races / Ethnicities,1,All Ages,664,Meningioma of the Brain and ONS,2021,,,,,,1,Observed SEER Incidence Rate,106,Distant,664,Meningioma
1,Both Sexes,1,All Races / Ethnicities,1,All Ages,664,Meningioma of the Brain and ONS,2022,,,,,,1,Observed SEER Incidence Rate,106,Distant,664,Meningioma
1,Both Sexes,1,All Races / Ethnicities,1,All Ages,664,Meningioma of the Brain and ONS,2023,,,,,,1,Observed SEER Incidence Rate,106,Distant,664,Meningioma
1,Both Sexes,1,All Races / Ethnicities,1,All Ages,664,Meningioma of the Brain and ONS,2004,0.028522,0.019946,0.039491,,36,1,Observed SEER Incidence Rate,107,Unstaged,664,Meningioma
1,Both Sexes,1,All Races / Ethnicities,1,All Ages,664,Meningioma of the Brain and ONS,2005,0.033292,0.023962,0.044995,,42,1,Observed SEER Incidence Rate,107,Unstaged,664,Meningioma
1,Both Sexes,1,All Races / Ethnicities,1,All Ages,664,Meningioma of the Brain and ONS,2006,0.019691,0.012701,0.029076,,25,1,Observed SEER Incidence Rate,107,Unstaged,664,Meningioma
1,Both Sexes,1,All Races / Ethnicities,1,All Ages,664,Meningioma of the Brain and ONS,2007,0.018370,0.011833,0.027204,,25,1,Observed SEER Incidence Rate,107,Unstaged,664,Meningioma
1,Both Sexes,1,All Races / Ethnicities,1,All Ages,664,Meningioma of the Brain and ONS,2008,0.018668,0.012141,0.027446,,26,1,Observed SEER Incidence Rate,107,Unstaged,664,Meningioma
1,Both Sexes,1,All Races / Ethnicities,1,All Ages,664,Meningioma of the Brain and ONS,2009,0.015286,0.009428,0.023409,,21,1,Observed SEER Incidence Rate,107,Unstaged,664,Meningioma
1,Both Sexes,1,All Races / Ethnicities,1,All Ages,664,Meningioma of the Brain and ONS,2010,,,,,,1,Observed SEER Incidence Rate,107,Unstaged,664,Meningioma
1,Both Sexes,1,All Races / Ethnicities,1,All Ages,664,Meningioma of the Brain and ONS,2011,0.017095,0.010900,0.025507,,24,1,Observed SEER Incidence Rate,107,Unstaged,664,Meningioma
1,Both Sexes,1,All Races / Ethnicities,1,All Ages,664,Meningioma of the Brain and ONS,2012,0.016613,0.010578,0.024827,,24,1,Observed SEER Incidence Rate,107,Unstaged,664,Meningioma
1,Both Sexes,1,All Races / Ethnicities,1,All Ages,664,Meningioma of the Brain and ONS,2013,0.017783,0.011653,0.026015,,27,1,Observed SEER Incidence Rate,107,Unstaged,664,Meningioma
1,Both Sexes,1,All Races / Ethnicities,1,All Ages,664,Meningioma of the Brain and ONS,2014,0.019132,0.012812,0.027514,,30,1,Observed SEER Incidence Rate,107,Unstaged,664,Meningioma
1,Both Sexes,1,All Races / Ethnicities,1,All Ages,664,Meningioma of the Brain and ONS,2015,0.010339,0.005960,0.016763,,17,1,Observed SEER Incidence Rate,107,Unstaged,664,Meningioma
1,Both Sexes,1,All Races / Ethnicities,1,All Ages,664,Meningioma of the Brain and ONS,2016,0.020642,0.014131,0.029161,,34,1,Observed SEER Incidence Rate,107,Unstaged,664,Meningioma
1,Both Sexes,1,All Races / Ethnicities,1,All Ages,664,Meningioma of the Brain and ONS,2017,0.021226,0.014736,0.029671,,36,1,Observed SEER Incidence Rate,107,Unstaged,664,Meningioma
1,Both Sexes,1,All Races / Ethnicities,1,All Ages,664,Meningioma of the Brain and ONS,2018,,,,,,1,Observed SEER Incidence Rate,107,Unstaged,664,Meningioma
1,Both Sexes,1,All Races / Ethnicities,1,All Ages,664,Meningioma of the Brain and ONS,2019,0.012328,0.007556,0.019068,,21,1,Observed SEER Incidence Rate,107,Unstaged,664,Meningioma
1,Both Sexes,1,All Races / Ethnicities,1,All Ages,664,Meningioma of the Brain and ONS,2020,0.009742,0.005598,0.015852,,17,1,Observed SEER Incidence Rate,107,Unstaged,664,Meningioma
1,Both Sexes,1,All Races / Ethnicities,1,All Ages,664,Meningioma of the Brain and ONS,2021,,,,,,1,Observed SEER Incidence Rate,107,Unstaged,664,Meningioma
1,Both Sexes,1,All Races / Ethnicities,1,All Ages,664,Meningioma of the Brain and ONS,2022,0.010929,0.006627,0.017119,,20,1,Observed SEER Incidence Rate,107,Unstaged,664,Meningioma
1,Both Sexes,1,All Races / Ethnicities,1,All Ages,664,Meningioma of the Brain and ONS,2023,,,,,,1,Observed SEER Incidence Rate,107,Unstaged,664,Meningioma
1,Both Sexes,1,All Races / Ethnicities,1,All Ages,500,Non-malignant Brain and Other Nervous System,2004,9.603793,9.435299,9.774527,9.832421,12470,1,Observed SEER Incidence Rate,101,All Stages,500,Non-malignant Brain and ONS (All Types)
1,Both Sexes,1,All Races / Ethnicities,1,All Ages,500,Non-malignant Brain and Other Nervous System,2005,11.318430,11.136527,11.502549,10.880551,14903,1,Observed SEER Incidence Rate,101,All Stages,500,Non-malignant Brain and ONS (All Types)
1,Both Sexes,1,All Races / Ethnicities,1,All Ages,500,Non-malignant Brain and Other Nervous System,2006,11.772454,11.588022,11.959075,12.040411,15727,1,Observed SEER Incidence Rate,101,All Stages,500,Non-malignant Brain and ONS (All Types)
1,Both Sexes,1,All Races / Ethnicities,1,All Ages,500,Non-malignant Brain and Other Nervous System,2007,12.172349,11.986184,12.360673,12.328300,16548,1,Observed SEER Incidence Rate,101,All Stages,500,Non-malignant Brain and ONS (All Types)
1,Both Sexes,1,All Races / Ethnicities,1,All Ages,500,Non-malignant Brain and Other Nervous System,2008,12.685935,12.497320,12.876678,12.623074,17564,1,Observed SEER Incidence Rate,101,All Stages,500,Non-malignant Brain and ONS (All Types)
1,Both Sexes,1,All Races / Ethnicities,1,All Ages,500,Non-malignant Brain and Other Nervous System,2009,13.360781,13.168641,13.555019,12.924895,18850,1,Observed SEER Incidence Rate,101,All Stages,500,Non-malignant Brain and ONS (All Types)
1,Both Sexes,1,All Races / Ethnicities,1,All Ages,500,Non-malignant Brain and Other Nervous System,2010,13.212999,13.023401,13.404666,13.233933,19008,1,Observed SEER Incidence Rate,101,All Stages,500,Non-malignant Brain and ONS (All Types)
1,Both Sexes,1,All Races / Ethnicities,1,All Ages,500,Non-malignant Brain and Other Nervous System,2011,13.561887,13.370847,13.754973,13.550360,19787,1,Observed SEER Incidence Rate,101,All Stages,500,Non-malignant Brain and ONS (All Types)
1,Both Sexes,1,All Races / Ethnicities,1,All Ages,500,Non-malignant Brain and Other Nervous System,2012,13.830521,13.639391,14.023665,13.874352,20601,1,Observed SEER Incidence Rate,101,All Stages,500,Non-malignant Brain and ONS (All Types)
1,Both Sexes,1,All Races / Ethnicities,1,All Ages,500,Non-malignant Brain and Other Nervous System,2013,14.039581,13.848180,14.232973,14.206092,21211,1,Observed SEER Incidence Rate,101,All Stages,500,Non-malignant Brain and ONS (All Types)
1,Both Sexes,1,All Races / Ethnicities,1,All Ages,500,Non-malignant Brain and Other Nervous System,2014,14.320684,14.129032,14.514296,14.545764,22071,1,Observed SEER Incidence Rate,101,All Stages,500,Non-malignant Brain and ONS (All Types)
1,Both Sexes,1,All Races / Ethnicities,1,All Ages,500,Non-malignant Brain and Other Nervous System,2015,14.998545,14.803890,15.195135,14.893557,23549,1,Observed SEER Incidence Rate,101,All Stages,500,Non-malignant Brain and ONS (All Types)
1,Both Sexes,1,All Races / Ethnicities,1,All Ages,500,Non-malignant Brain and Other Nervous System,2016,15.053564,14.859504,15.249540,15.249666,23928,1,Observed SEER Incidence Rate,101,All Stages,500,Non-malignant Brain and ONS (All Types)
1,Both Sexes,1,All Races / Ethnicities,1,All Ages,500,Non-malignant Brain and Other Nervous System,2017,15.693250,15.496880,15.891508,15.614290,25389,1,Observed SEER Incidence Rate,101,All Stages,500,Non-malignant Brain and ONS (All Types)
1,Both Sexes,1,All Races / Ethnicities,1,All Ages,500,Non-malignant Brain and Other Nervous System,2018,15.916883,15.720707,16.114924,15.987632,26174,1,Observed SEER Incidence Rate,101,All Stages,500,Non-malignant Brain and ONS (All Types)
1,Both Sexes,1,All Races / Ethnicities,1,All Ages,500,Non-malignant Brain and Other Nervous System,2019,16.551893,16.353038,16.752595,16.369900,27576,1,Observed SEER Incidence Rate,101,All Stages,500,Non-malignant Brain and ONS (All Types)
1,Both Sexes,1,All Races / Ethnicities,1,All Ages,500,Non-malignant Brain and Other Nervous System,2020,14.786774,14.599904,14.975477,16.475158,24949,1,Observed SEER Incidence Rate,101,All Stages,500,Non-malignant Brain and ONS (All Types)
1,Both Sexes,1,All Races / Ethnicities,1,All Ages,500,Non-malignant Brain and Other Nervous System,2021,16.642396,16.445059,16.841555,16.581093,28389,1,Observed SEER Incidence Rate,101,All Stages,500,Non-malignant Brain and ONS (All Types)
1,Both Sexes,1,All Races / Ethnicities,1,All Ages,500,Non-malignant Brain and Other Nervous System,2022,16.694972,16.498791,16.892951,16.687709,28869,1,Observed SEER Incidence Rate,101,All Stages,500,Non-malignant Brain and ONS (All Types)
1,Both Sexes,1,All Races / Ethnicities,1,All Ages,500,Non-malignant Brain and Other Nervous System,2023,16.759788,16.564645,16.956707,16.795010,29407,1,Observed SEER Incidence Rate,101,All Stages,500,Non-malignant Brain and ONS (All Types)
1,Both Sexes,1,All Races / Ethnicities,1,All Ages,501,Non-malignant Meningioma of the Brain and ONS,2004,6.590796,6.450649,6.733200,6.763345,8476,1,Observed SEER Incidence Rate,101,All Stages,501,Non-malignant Meningioma
1,Both Sexes,1,All Races / Ethnicities,1,All Ages,501,Non-malignant Meningioma of the Brain and ONS,2005,7.866591,7.714474,8.020937,7.537741,10282,1,Observed SEER Incidence Rate,101,All Stages,501,Non-malignant Meningioma
1,Both Sexes,1,All Races / Ethnicities,1,All Ages,501,Non-malignant Meningioma of the Brain and ONS,2006,8.150511,7.996574,8.306651,8.400805,10809,1,Observed SEER Incidence Rate,101,All Stages,501,Non-malignant Meningioma
1,Both Sexes,1,All Races / Ethnicities,1,All Ages,501,Non-malignant Meningioma of the Brain and ONS,2007,8.507215,8.351143,8.665457,8.625737,11491,1,Observed SEER Incidence Rate,101,All Stages,501,Non-malignant Meningioma
1,Both Sexes,1,All Races / Ethnicities,1,All Ages,501,Non-malignant Meningioma of the Brain and ONS,2008,8.940097,8.781417,9.100915,8.856691,12316,1,Observed SEER Incidence Rate,101,All Stages,501,Non-malignant Meningioma
1,Both Sexes,1,All Races / Ethnicities,1,All Ages,501,Non-malignant Meningioma of the Brain and ONS,2009,9.594457,9.431388,9.759632,9.093829,13489,1,Observed SEER Incidence Rate,101,All Stages,501,Non-malignant Meningioma
1,Both Sexes,1,All Races / Ethnicities,1,All Ages,501,Non-malignant Meningioma of the Brain and ONS,2010,9.383499,9.223611,9.545461,9.337316,13473,1,Observed SEER Incidence Rate,101,All Stages,501,Non-malignant Meningioma
1,Both Sexes,1,All Races / Ethnicities,1,All Ages,501,Non-malignant Meningioma of the Brain and ONS,2011,9.584984,9.424410,9.747606,9.587323,13987,1,Observed SEER Incidence Rate,101,All Stages,501,Non-malignant Meningioma
1,Both Sexes,1,All Races / Ethnicities,1,All Ages,501,Non-malignant Meningioma of the Brain and ONS,2012,9.689708,9.529747,9.851685,9.844024,14430,1,Observed SEER Incidence Rate,101,All Stages,501,Non-malignant Meningioma
1,Both Sexes,1,All Races / Ethnicities,1,All Ages,501,Non-malignant Meningioma of the Brain and ONS,2013,9.924073,9.763354,10.086782,10.107597,15023,1,Observed SEER Incidence Rate,101,All Stages,501,Non-malignant Meningioma
1,Both Sexes,1,All Races / Ethnicities,1,All Ages,501,Non-malignant Meningioma of the Brain and ONS,2014,10.055496,9.895321,10.217629,10.378229,15568,1,Observed SEER Incidence Rate,101,All Stages,501,Non-malignant Meningioma
1,Both Sexes,1,All Races / Ethnicities,1,All Ages,501,Non-malignant Meningioma of the Brain and ONS,2015,10.592925,10.429838,10.757940,10.656106,16717,1,Observed SEER Incidence Rate,101,All Stages,501,Non-malignant Meningioma
1,Both Sexes,1,All Races / Ethnicities,1,All Ages,501,Non-malignant Meningioma of the Brain and ONS,2016,10.802111,10.638320,10.967813,10.941423,17278,1,Observed SEER Incidence Rate,101,All Stages,501,Non-malignant Meningioma
1,Both Sexes,1,All Races / Ethnicities,1,All Ages,501,Non-malignant Meningioma of the Brain and ONS,2017,11.373666,11.207142,11.542072,11.234380,18521,1,Observed SEER Incidence Rate,101,All Stages,501,Non-malignant Meningioma
1,Both Sexes,1,All Races / Ethnicities,1,All Ages,501,Non-malignant Meningioma of the Brain and ONS,2018,11.543918,11.377712,11.711978,11.535181,19148,1,Observed SEER Incidence Rate,101,All Stages,501,Non-malignant Meningioma
1,Both Sexes,1,All Races / Ethnicities,1,All Ages,501,Non-malignant Meningioma of the Brain and ONS,2019,12.238655,12.068776,12.410367,11.844035,20612,1,Observed SEER Incidence Rate,101,All Stages,501,Non-malignant Meningioma
1,Both Sexes,1,All Races / Ethnicities,1,All Ages,501,Non-malignant Meningioma of the Brain and ONS,2020,10.944276,10.784631,11.105740,12.161159,18680,1,Observed SEER Incidence Rate,101,All Stages,501,Non-malignant Meningioma
1,Both Sexes,1,All Races / Ethnicities,1,All Ages,501,Non-malignant Meningioma of the Brain and ONS,2021,12.313539,12.145266,12.483617,12.486775,21310,1,Observed SEER Incidence Rate,101,All Stages,501,Non-malignant Meningioma
1,Both Sexes,1,All Races / Ethnicities,1,All Ages,501,Non-malignant Meningioma of the Brain and ONS,2022,12.409916,12.242398,12.579212,12.346514,21798,1,Observed SEER Incidence Rate,101,All Stages,501,Non-malignant Meningioma
1,Both Sexes,1,All Races / Ethnicities,1,All Ages,501,Non-malignant Meningioma of the Brain and ONS,2023,12.176732,12.012702,12.342509,12.207828,21876,1,Observed SEER Incidence Rate,101,All Stages,501,Non-malignant Meningioma
1,Both Sexes,1,All Races / Ethnicities,1,All Ages,502,Non-malignant Tumors of the Cranial and Paraspinal Nerves,2004,1.657762,1.588999,1.728741,1.675664,2202,1,Observed SEER Incidence Rate,101,All Stages,502,Non-malignant Tumors of the Cranial and Paraspinal Nerves
1,Both Sexes,1,All Races / Ethnicities,1,All Ages,502,Non-malignant Tumors of the Cranial and Paraspinal Nerves,2005,1.836640,1.764608,1.910865,1.801745,2472,1,Observed SEER Incidence Rate,101,All Stages,502,Non-malignant Tumors of the Cranial and Paraspinal Nerves
1,Both Sexes,1,All Races / Ethnicities,1,All Ages,502,Non-malignant Tumors of the Cranial and Paraspinal Nerves,2006,1.941518,1.867881,2.017322,1.937312,2654,1,Observed SEER Incidence Rate,101,All Stages,502,Non-malignant Tumors of the Cranial and Paraspinal Nerves
1,Both Sexes,1,All Races / Ethnicities,1,All Ages,502,Non-malignant Tumors of the Cranial and Paraspinal Nerves,2007,1.923907,1.851249,1.998696,1.931779,2683,1,Observed SEER Incidence Rate,101,All Stages,502,Non-malignant Tumors of the Cranial and Paraspinal Nerves
1,Both Sexes,1,All Races / Ethnicities,1,All Ages,502,Non-malignant Tumors of the Cranial and Paraspinal Nerves,2008,1.891618,1.820008,1.965333,1.926261,2679,1,Observed SEER Incidence Rate,101,All Stages,502,Non-malignant Tumors of the Cranial and Paraspinal Nerves
1,Both Sexes,1,All Races / Ethnicities,1,All Ages,502,Non-malignant Tumors of the Cranial and Paraspinal Nerves,2009,1.928642,1.856930,2.002428,1.920760,2788,1,Observed SEER Incidence Rate,101,All Stages,502,Non-malignant Tumors of the Cranial and Paraspinal Nerves
1,Both Sexes,1,All Races / Ethnicities,1,All Ages,502,Non-malignant Tumors of the Cranial and Paraspinal Nerves,2010,1.911812,1.840790,1.984887,1.915274,2808,1,Observed SEER Incidence Rate,101,All Stages,502,Non-malignant Tumors of the Cranial and Paraspinal Nerves
1,Both Sexes,1,All Races / Ethnicities,1,All Ages,502,Non-malignant Tumors of the Cranial and Paraspinal Nerves,2011,2.045381,1.972102,2.120696,2.032204,3032,1,Observed SEER Incidence Rate,101,All Stages,502,Non-malignant Tumors of the Cranial and Paraspinal Nerves
1,Both Sexes,1,All Races / Ethnicities,1,All Ages,502,Non-malignant Tumors of the Cranial and Paraspinal Nerves,2012,2.180413,2.105703,2.257117,2.156273,3326,1,Observed SEER Incidence Rate,101,All Stages,502,Non-malignant Tumors of the Cranial and Paraspinal Nerves
1,Both Sexes,1,All Races / Ethnicities,1,All Ages,502,Non-malignant Tumors of the Cranial and Paraspinal Nerves,2013,2.263366,2.187315,2.341402,2.287917,3464,1,Observed SEER Incidence Rate,101,All Stages,502,Non-malignant Tumors of the Cranial and Paraspinal Nerves
1,Both Sexes,1,All Races / Ethnicities,1,All Ages,502,Non-malignant Tumors of the Cranial and Paraspinal Nerves,2014,2.379879,2.302515,2.459199,2.427597,3718,1,Observed SEER Incidence Rate,101,All Stages,502,Non-malignant Tumors of the Cranial and Paraspinal Nerves
1,Both Sexes,1,All Races / Ethnicities,1,All Ages,502,Non-malignant Tumors of the Cranial and Paraspinal Nerves,2015,2.483072,2.404513,2.563564,2.429062,3944,1,Observed SEER Incidence Rate,101,All Stages,502,Non-malignant Tumors of the Cranial and Paraspinal Nerves
1,Both Sexes,1,All Races / Ethnicities,1,All Ages,502,Non-malignant Tumors of the Cranial and Paraspinal Nerves,2016,2.394473,2.317603,2.473262,2.430528,3842,1,Observed SEER Incidence Rate,101,All Stages,502,Non-malignant Tumors of the Cranial and Paraspinal Nerves
1,Both Sexes,1,All Races / Ethnicities,1,All Ages,502,Non-malignant Tumors of the Cranial and Paraspinal Nerves,2017,2.439284,2.362479,2.517978,2.431995,3994,1,Observed SEER Incidence Rate,101,All Stages,502,Non-malignant Tumors of the Cranial and Paraspinal Nerves
1,Both Sexes,1,All Races / Ethnicities,1,All Ages,502,Non-malignant Tumors of the Cranial and Paraspinal Nerves,2018,2.431249,2.355104,2.509261,2.433463,4039,1,Observed SEER Incidence Rate,101,All Stages,502,Non-malignant Tumors of the Cranial and Paraspinal Nerves
1,Both Sexes,1,All Races / Ethnicities,1,All Ages,502,Non-malignant Tumors of the Cranial and Paraspinal Nerves,2019,2.461394,2.384809,2.539841,2.434931,4102,1,Observed SEER Incidence Rate,101,All Stages,502,Non-malignant Tumors of the Cranial and Paraspinal Nerves
1,Both Sexes,1,All Races / Ethnicities,1,All Ages,502,Non-malignant Tumors of the Cranial and Paraspinal Nerves,2020,2.070625,2.000823,2.142276,2.436401,3495,1,Observed SEER Incidence Rate,101,All Stages,502,Non-malignant Tumors of the Cranial and Paraspinal Nerves
1,Both Sexes,1,All Races / Ethnicities,1,All Ages,502,Non-malignant Tumors of the Cranial and Paraspinal Nerves,2021,2.492199,2.415610,2.570636,2.437871,4217,1,Observed SEER Incidence Rate,101,All Stages,502,Non-malignant Tumors of the Cranial and Paraspinal Nerves
1,Both Sexes,1,All Races / Ethnicities,1,All Ages,502,Non-malignant Tumors of the Cranial and Paraspinal Nerves,2022,2.440253,2.364987,2.517343,2.439342,4180,1,Observed SEER Incidence Rate,101,All Stages,502,Non-malignant Tumors of the Cranial and Paraspinal Nerves
1,Both Sexes,1,All Races / Ethnicities,1,All Ages,502,Non-malignant Tumors of the Cranial and Paraspinal Nerves,2023,2.383618,2.309492,2.459553,2.440814,4105,1,Observed SEER Incidence Rate,101,All Stages,502,Non-malignant Tumors of the Cranial and Paraspinal Nerves
2,Male,1,All Races / Ethnicities,1,All Ages,55,Breast,2000,0.368096,0.333295,0.405442,0.373543,428,,,,,,
2,Male,1,All Races / Ethnicities,1,All Ages,55,Breast,2001,0.351573,0.317847,0.387805,0.341093,415,,,,,,
2,Male,1,All Races / Ethnicities,1,All Ages,55,Breast,2002,0.310029,0.278460,0.344088,0.311462,369,,,,,,
2,Male,1,All Races / Ethnicities,1,All Ages,55,Breast,2003,0.313856,0.282209,0.347967,0.308897,379,,,,,,
2,Male,1,All Races / Ethnicities,1,All Ages,55,Breast,2004,0.293489,0.263329,0.326058,0.306354,362,,,,,,
2,Male,1,All Races / Ethnicities,1,All Ages,55,Breast,2005,0.290721,0.261545,0.322201,0.303831,375,,,,,,
2,Male,1,All Races / Ethnicities,1,All Ages,55,Breast,2006,0.293579,0.264554,0.324863,0.301329,389,,,,,,
2,Male,1,All Races / Ethnicities,1,All Ages,55,Breast,2007,0.284511,0.255532,0.315783,0.298848,371,,,,,,
2,Male,1,All Races / Ethnicities,1,All Ages,55,Breast,2008,0.316287,0.286627,0.348132,0.296387,437,,,,,,
2,Male,1,All Races / Ethnicities,1,All Ages,55,Breast,2009,0.282865,0.255047,0.312840,0.293946,400,,,,,,
2,Male,1,All Races / Ethnicities,1,All Ages,55,Breast,2010,0.307596,0.278730,0.338591,0.291526,439,,,,,,
2,Male,1,All Races / Ethnicities,1,All Ages,55,Breast,2011,0.298207,0.270375,0.328101,0.289125,443,,,,,,
2,Male,1,All Races / Ethnicities,1,All Ages,55,Breast,2012,0.262811,0.237220,0.290405,0.286745,405,,,,,,
2,Male,1,All Races / Ethnicities,1,All Ages,55,Breast,2013,0.304108,0.276458,0.333756,0.284383,464,,,,,,
2,Male,1,All Races / Ethnicities,1,All Ages,55,Breast,2014,0.289674,0.263273,0.318011,0.282042,465,,,,,,
2,Male,1,All Races / Ethnicities,1,All Ages,55,Breast,2015,0.282498,0.256635,0.310268,0.279719,463,,,,,,
2,Male,1,All Races / Ethnicities,1,All Ages,55,Breast,2016,0.271138,0.246346,0.297778,0.277416,464,,,,,,
2,Male,1,All Races / Ethnicities,1,All Ages,55,Breast,2017,0.290212,0.264846,0.317390,0.275132,510,,,,,,
2,Male,1,All Races / Ethnicities,1,All Ages,55,Breast,2018,0.280012,0.254993,0.306848,0.272866,484,,,,,,
2,Male,1,All Races / Ethnicities,1,All Ages,55,Breast,2019,0.257143,0.233724,0.282324,0.270619,467,,,,,,
2,Male,1,All Races / Ethnicities,1,All Ages,55,Breast,2020,0.275251,0.250811,0.301465,0.268391,490,,,,,,
2,Male,1,All Races / Ethnicities,1,All Ages,55,Breast,2021,0.270866,0.246956,0.296520,0.266181,500,,,,,,
2,Male,1,All Races / Ethnicities,1,All Ages,55,Breast,2022,0.247551,0.224913,0.271906,0.263989,461,,,,,,
2,Male,1,All Races / Ethnicities,1,All Ages,55,Breast,2023,0.262514,0.239707,0.286981,0.261815,511,,,,,,
2,Male,1,All Races / Ethnicities,1,All Ages,55,Breast,2024,0.253977,0.231592,0.278011,0.259659,495,,,,,,
3,Female,1,All Races / Ethnicities,1,All Ages,622,HR+/HER2- Breast Cancer (Female only),2010,74.539205,73.926736,75.155532,76.330365,58241,1,Observed SEER Incidence Rate,101,All Stages,622,HR+/HER2-
3,Female,1,All Races / Ethnicities,1,All Ages,622,HR+/HER2- Breast Cancer (Female only),2011,79.329305,78.701059,79.961368,77.922595,62936,1,Observed SEER Incidence Rate,101,All Stages,622,HR+/HER2-
3,Female,1,All Races / Ethnicities,1,All Ages,622,HR+/HER2- Breast Cancer (Female only),2012,80.479269,79.851619,81.110683,79.548039,65060,1,Observed SEER Incidence Rate,101,All Stages,622,HR+/HER2-
3,Female,1,All Races / Ethnicities,1,All Ages,622,HR+/HER2- Breast Cancer (Female only),2013,82.651316,82.019633,83.286720,81.207388,67900,1,Observed SEER Incidence Rate,101,All Stages,622,HR+/HER2-
3,Female,1,All Races / Ethnicities,1,All Ages,622,HR+/HER2- Breast Cancer (Female only),2014,82.389495,81.763241,83.019425,82.901352,68915,1,Observed SEER Incidence Rate,101,All Stages,622,HR+/HER2-
3,Female,1,All Races / Ethnicities,1,All Ages,622,HR+/HER2- Breast Cancer (Female only),2015,84.695565,84.064733,85.330031,84.630651,72069,1,Observed SEER Incidence Rate,101,All Stages,622,HR+/HER2-
3,Female,1,All Races / Ethnicities,1,All Ages,622,HR+/HER2- Breast Cancer (Female only),2016,84.715859,84.089159,85.346153,86.396022,73317,1,Observed SEER Incidence Rate,101,All Stages,622,HR+/HER2-
3,Female,1,All Races / Ethnicities,1,All Ages,622,HR+/HER2- Breast Cancer (Female only),2017,86.326246,85.697134,86.958920,88.198219,75655,1,Observed SEER Incidence Rate,101,All Stages,622,HR+/HER2-
3,Female,1,All Races / Ethnicities,1,All Ages,622,HR+/HER2- Breast Cancer (Female only),2018,89.969688,89.331698,90.611204,90.038009,80019,1,Observed SEER Incidence Rate,101,All Stages,622,HR+/HER2-
3,Female,1,All Races / Ethnicities,1,All Ages,622,HR+/HER2- Breast Cancer (Female only),2019,94.137568,93.487795,94.790841,91.916176,84712,1,Observed SEER Incidence Rate,101,All Stages,622,HR+/HER2-
3,Female,1,All Races / Ethnicities,1,All Ages,622,HR+/HER2- Breast Cancer (Female only),2020,84.139112,83.526469,84.755242,93.833522,76341,1,Observed SEER Incidence Rate,101,All Stages,622,HR+/HER2-
3,Female,1,All Races / Ethnicities,1,All Ages,622,HR+/HER2- Breast Cancer (Female only),2021,95.928490,95.277536,96.582912,95.790863,88140,1,Observed SEER Incidence Rate,101,All Stages,622,HR+/HER2-
3,Female,1,All Races / Ethnicities,1,All Ages,622,HR+/HER2- Breast Cancer (Female only),2022,94.702365,94.059440,95.348724,95.472536,88083,1,Observed SEER Incidence Rate,101,All Stages,622,HR+/HER2-
3,Female,1,All Races / Ethnicities,1,All Ages,622,HR+/HER2- Breast Cancer (Female only),2023,95.533559,94.891595,96.178920,95.155268,90042,1,Observed SEER Incidence Rate,101,All Stages,622,HR+/HER2-
3,Female,1,All Races / Ethnicities,1,All Ages,622,HR+/HER2- Breast Cancer (Female only),2010,49.104999,48.608917,49.604931,,38471,1,Observed SEER Incidence Rate,104,Localized,622,HR+/HER2-
3,Female,1,All Races / Ethnicities,1,All Ages,622,HR+/HER2- Breast Cancer (Female only),2011,52.647658,52.137462,53.161659,,41958,1,Observed SEER Incidence Rate,104,Localized,622,HR+/HER2-
3,Female,1,All Races / Ethnicities,1,All Ages,622,HR+/HER2- Breast Cancer (Female only),2012,54.177264,53.663952,54.694328,,44007,1,Observed SEER Incidence Rate,104,Localized,622,HR+/HER2-
3,Female,1,All Races / Ethnicities,1,All Ages,622,HR+/HER2- Breast Cancer (Female only),2013,55.592760,55.076697,56.112530,,45929,1,Observed SEER Incidence Rate,104,Localized,622,HR+/HER2-
3,Female,1,All Races / Ethnicities,1,All Ages,622,HR+/HER2- Breast Cancer (Female only),2014,55.962974,55.448956,56.480653,,47093,1,Observed SEER Incidence Rate,104,Localized,622,HR+/HER2-
3,Female,1,All Races / Ethnicities,1,All Ages,622,HR+/HER2- Breast Cancer (Female only),2015,57.653088,57.135468,58.174321,,49475,1,Observed SEER Incidence Rate,104,Localized,622,HR+/HER2-
3,Female,1,All Races / Ethnicities,1,All Ages,622,HR+/HER2- Breast Cancer (Female only),2016,57.802721,57.287988,58.321026,,50467,1,Observed SEER Incidence Rate,104,Localized,622,HR+/HER2-
3,Female,1,All Races / Ethnicities,1,All Ages,622,HR+/HER2- Breast Cancer (Female only),2017,59.525628,59.006759,60.048030,,52733,1,Observed SEER Incidence Rate,104,Localized,622,HR+/HER2-
3,Female,1,All Races / Ethnicities,1,All Ages,622,HR+/HER2- Breast Cancer (Female only),2018,61.524467,61.000859,62.051570,,55381,1,Observed SEER Incidence Rate,104,Localized,622,HR+/HER2-
3,Female,1,All Races / Ethnicities,1,All Ages,622,HR+/HER2- Breast Cancer (Female only),2019,64.691528,64.157275,65.229248,,58978,1,Observed SEER Incidence Rate,104,Localized,622,HR+/HER2-
3,Female,1,All Races / Ethnicities,1,All Ages,622,HR+/HER2- Breast Cancer (Female only),2020,57.281828,56.781227,57.785878,,52814,1,Observed SEER Incidence Rate,104,Localized,622,HR+/HER2-
3,Female,1,All Races / Ethnicities,1,All Ages,622,HR+/HER2- Breast Cancer (Female only),2021,66.439017,65.902490,66.978974,,62028,1,Observed SEER Incidence Rate,104,Localized,622,HR+/HER2-
3,Female,1,All Races / Ethnicities,1,All Ages,622,HR+/HER2- Breast Cancer (Female only),2022,66.047573,65.516067,66.582473,,62469,1,Observed SEER Incidence Rate,104,Localized,622,HR+/HER2-
3,Female,1,All Races / Ethnicities,1,All Ages,622,HR+/HER2- Breast Cancer (Female only),2023,67.037083,66.504807,67.572715,,64265,1,Observed SEER Incidence Rate,104,Localized,622,HR+/HER2-
3,Female,1,All Races / Ethnicities,1,All Ages,622,HR+/HER2- Breast Cancer (Female only),2010,21.619487,21.288753,21.954106,,16757,1,Observed SEER Incidence Rate,105,Regional,622,HR+/HER2-
3,Female,1,All Races / Ethnicities,1,All Ages,622,HR+/HER2- Breast Cancer (Female only),2011,22.535809,22.199362,22.876110,,17672,1,Observed SEER Incidence Rate,105,Regional,622,HR+/HER2-
3,Female,1,All Races / Ethnicities,1,All Ages,622,HR+/HER2- Breast Cancer (Female only),2012,22.185230,21.853846,22.520421,,17701,1,Observed SEER Incidence Rate,105,Regional,622,HR+/HER2-
3,Female,1,All Races / Ethnicities,1,All Ages,622,HR+/HER2- Breast Cancer (Female only),2013,22.858355,22.523646,23.196835,,18483,1,Observed SEER Incidence Rate,105,Regional,622,HR+/HER2-
3,Female,1,All Races / Ethnicities,1,All Ages,622,HR+/HER2- Breast Cancer (Female only),2014,22.092836,21.765850,22.423552,,18170,1,Observed SEER Incidence Rate,105,Regional,622,HR+/HER2-
3,Female,1,All Races / Ethnicities,1,All Ages,622,HR+/HER2- Breast Cancer (Female only),2015,22.785169,22.454150,23.119890,,18942,1,Observed SEER Incidence Rate,105,Regional,622,HR+/HER2-
3,Female,1,All Races / Ethnicities,1,All Ages,622,HR+/HER2- Breast Cancer (Female only),2016,22.161694,21.837268,22.489785,,18721,1,Observed SEER Incidence Rate,105,Regional,622,HR+/HER2-
3,Female,1,All Races / Ethnicities,1,All Ages,622,HR+/HER2- Breast Cancer (Female only),2017,22.032238,21.709471,22.358652,,18738,1,Observed SEER Incidence Rate,105,Regional,622,HR+/HER2-
3,Female,1,All Races / Ethnicities,1,All Ages,622,HR+/HER2- Breast Cancer (Female only),2018,23.371464,23.040607,23.705939,,20115,1,Observed SEER Incidence Rate,105,Regional,622,HR+/HER2-
3,Female,1,All Races / Ethnicities,1,All Ages,622,HR+/HER2- Breast Cancer (Female only),2019,24.450260,24.112813,24.791306,,21225,1,Observed SEER Incidence Rate,105,Regional,622,HR+/HER2-
3,Female,1,All Races / Ethnicities,1,All Ages,622,HR+/HER2- Breast Cancer (Female only),2020,22.206148,21.884479,22.531417,,19304,1,Observed SEER Incidence Rate,105,Regional,622,HR+/HER2-
3,Female,1,All Races / Ethnicities,1,All Ages,622,HR+/HER2- Breast Cancer (Female only),2021,24.541703,24.204967,24.882021,,21592,1,Observed SEER Incidence Rate,105,Regional,622,HR+/HER2-
3,Female,1,All Races / Ethnicities,1,All Ages,622,HR+/HER2- Breast Cancer (Female only),2022,23.789873,23.459694,24.123606,,21114,1,Observed SEER Incidence Rate,105,Regional,622,HR+/HER2-
3,Female,1,All Races / Ethnicities,1,All Ages,622,HR+/HER2- Breast Cancer (Female only),2023,23.642162,23.314330,23.973518,,21180,1,Observed SEER Incidence Rate,105,Regional,622,HR+/HER2-
3,Female,1,All Races / Ethnicities,1,All Ages,622,HR+/HER2- Breast Cancer (Female only),2010,3.272815,3.145977,3.403513,,2581,1,Observed SEER Incidence Rate,106,Distant,622,HR+/HER2-
3,Female,1,All Races / Ethnicities,1,All Ages,622,HR+/HER2- Breast Cancer (Female only),2011,3.562728,3.430460,3.698839,,2827,1,Observed SEER Incidence Rate,106,Distant,622,HR+/HER2-
3,Female,1,All Races / Ethnicities,1,All Ages,622,HR+/HER2- Breast Cancer (Female only),2012,3.584414,3.453139,3.719466,,2910,1,Observed SEER Incidence Rate,106,Distant,622,HR+/HER2-
3,Female,1,All Races / Ethnicities,1,All Ages,622,HR+/HER2- Breast Cancer (Female only),2013,3.645032,3.513962,3.779820,,3024,1,Observed SEER Incidence Rate,106,Distant,622,HR+/HER2-
3,Female,1,All Races / Ethnicities,1,All Ages,622,HR+/HER2- Breast Cancer (Female only),2014,3.754103,3.621673,3.890217,,3153,1,Observed SEER Incidence Rate,106,Distant,622,HR+/HER2-
3,Female,1,All Races / Ethnicities,1,All Ages,622,HR+/HER2- Breast Cancer (Female only),2015,3.610270,3.481356,3.742824,,3092,1,Observed SEER Incidence Rate,106,Distant,622,HR+/HER2-
3,Female,1,All Races / Ethnicities,1,All Ages,622,HR+/HER2- Breast Cancer (Female only),2016,3.781835,3.650289,3.916998,,3276,1,Observed SEER Incidence Rate,106,Distant,622,HR+/HER2-
3,Female,1,All Races / Ethnicities,1,All Ages,622,HR+/HER2- Breast Cancer (Female only),2017,3.951517,3.817772,4.088844,,3456,1,Observed SEER Incidence Rate,106,Distant,622,HR+/HER2-
3,Female,1,All Races / Ethnicities,1,All Ages,622,HR+/HER2- Breast Cancer (Female only),2018,4.184624,4.048222,4.324560,,3725,1,Observed SEER Incidence Rate,106,Distant,622,HR+/HER2-
3,Female,1,All Races / Ethnicities,1,All Ages,622,HR+/HER2- Breast Cancer (Female only),2019,4.269847,4.132199,4.411019,,3834,1,Observed SEER Incidence Rate,106,Distant,622,HR+/HER2-
3,Female,1,All Races / Ethnicities,1,All Ages,622,HR+/HER2- Breast Cancer (Female only),2020,4.186582,4.050714,4.325960,,3791,1,Observed SEER Incidence Rate,106,Distant,622,HR+/HER2-
3,Female,1,All Races / Ethnicities,1,All Ages,622,HR+/HER2- Breast Cancer (Female only),2021,4.444430,4.304984,4.587369,,4059,1,Observed SEER Incidence Rate,106,Distant,622,HR+/HER2-
3,Female,1,All Races / Ethnicities,1,All Ages,622,HR+/HER2- Breast Cancer (Female only),2022,4.453098,4.314135,4.595526,,4105,1,Observed SEER Incidence Rate,106,Distant,622,HR+/HER2-
3,Female,1,All Races / Ethnicities,1,All Ages,622,HR+/HER2- Breast Cancer (Female only),2023,4.468051,4.330467,4.609038,,4225,1,Observed SEER Incidence Rate,106,Distant,622,HR+/HER2-
3,Female,1,All Races / Ethnicities,1,All Ages,622,HR+/HER2- Breast Cancer (Female only),2010,0.541903,0.491253,0.596433,,432,1,Observed SEER Incidence Rate,107,Unstaged,622,HR+/HER2-
3,Female,1,All Races / Ethnicities,1,All Ages,622,HR+/HER2- Breast Cancer (Female only),2011,0.583109,0.531139,0.638884,,479,1,Observed SEER Incidence Rate,107,Unstaged,622,HR+/HER2-
3,Female,1,All Races / Ethnicities,1,All Ages,622,HR+/HER2- Breast Cancer (Female only),2012,0.532359,0.483021,0.585469,,442,1,Observed SEER Incidence Rate,107,Unstaged,622,HR+/HER2-
3,Female,1,All Races / Ethnicities,1,All Ages,622,HR+/HER2- Breast Cancer (Female only),2013,0.555167,0.504901,0.609176,,464,1,Observed SEER Incidence Rate,107,Unstaged,622,HR+/HER2-
3,Female,1,All Races / Ethnicities,1,All Ages,622,HR+/HER2- Breast Cancer (Female only),2014,0.579580,0.528850,0.633981,,499,1,Observed SEER Incidence Rate,107,Unstaged,622,HR+/HER2-
3,Female,1,All Races / Ethnicities,1,All Ages,622,HR+/HER2- Breast Cancer (Female only),2015,0.647037,0.593348,0.704383,,560,1,Observed SEER Incidence Rate,107,Unstaged,622,HR+/HER2-
3,Female,1,All Races / Ethnicities,1,All Ages,622,HR+/HER2- Breast Cancer (Female only),2016,0.969607,0.904093,1.038725,,853,1,Observed SEER Incidence Rate,107,Unstaged,622,HR+/HER2-
3,Female,1,All Races / Ethnicities,1,All Ages,622,HR+/HER2- Breast Cancer (Female only),2017,0.816862,0.757236,0.880057,,728,1,Observed SEER Incidence Rate,107,Unstaged,622,HR+/HER2-
3,Female,1,All Races / Ethnicities,1,All Ages,622,HR+/HER2- Breast Cancer (Female only),2018,0.875689,0.814178,0.940743,,787,1,Observed SEER Incidence Rate,107,Unstaged,622,HR+/HER2-
3,Female,1,All Races / Ethnicities,1,All Ages,622,HR+/HER2- Breast Cancer (Female only),2019,0.725932,0.670926,0.784409,,675,1,Observed SEER Incidence Rate,107,Unstaged,622,HR+/HER2-
3,Female,1,All Races / Ethnicities,1,All Ages,622,HR+/HER2- Breast Cancer (Female only),2020,0.464552,0.420723,0.511869,,432,1,Observed SEER Incidence Rate,107,Unstaged,622,HR+/HER2-
3,Female,1,All Races / Ethnicities,1,All Ages,622,HR+/HER2- Breast Cancer (Female only),2021,0.503338,0.457199,0.553012,,461,1,Observed SEER Incidence Rate,107,Unstaged,622,HR+/HER2-
3,Female,1,All Races / Ethnicities,1,All Ages,622,HR+/HER2- Breast Cancer (Female only),2022,0.411820,0.371271,0.455788,,395,1,Observed SEER Incidence Rate,107,Unstaged,622,HR+/HER2-
3,Female,1,All Races / Ethnicities,1,All Ages,622,HR+/HER2- Breast Cancer (Female only),2023,0.386261,0.347090,0.428835,,372,1,Observed SEER Incidence Rate,107,Unstaged,622,HR+/HER2-
3,Female,1,All Races / Ethnicities,1,All Ages,623,HR-/HER2- Breast Cancer (Female only),2010,12.974848,12.718002,13.235600,13.225357,9994,1,Observed SEER Incidence Rate,101,All Stages,623,HR-/HER2-
3,Female,1,All Races / Ethnicities,1,All Ages,623,HR-/HER2- Breast Cancer (Female only),2011,13.738688,13.475519,14.005729,13.188714,10720,1,Observed SEER Incidence Rate,101,All Stages,623,HR-/HER2-
3,Female,1,All Races / Ethnicities,1,All Ages,623,HR-/HER2- Breast Cancer (Female only),2012,13.039275,12.784643,13.297733,13.152173,10342,1,Observed SEER Incidence Rate,101,All Stages,623,HR-/HER2-
3,Female,1,All Races / Ethnicities,1,All Ages,623,HR-/HER2- Breast Cancer (Female only),2013,12.855322,12.603875,13.110557,13.115732,10342,1,Observed SEER Incidence Rate,101,All Stages,623,HR-/HER2-
3,Female,1,All Races / Ethnicities,1,All Ages,623,HR-/HER2- Breast Cancer (Female only),2014,13.023059,12.771187,13.278684,13.079393,10617,1,Observed SEER Incidence Rate,101,All Stages,623,HR-/HER2-
3,Female,1,All Races / Ethnicities,1,All Ages,623,HR-/HER2- Breast Cancer (Female only),2015,13.075399,12.824590,13.329921,13.043154,10830,1,Observed SEER Incidence Rate,101,All Stages,623,HR-/HER2-
3,Female,1,All Races / Ethnicities,1,All Ages,623,HR-/HER2- Breast Cancer (Female only),2016,12.725663,12.479792,12.975208,13.007016,10715,1,Observed SEER Incidence Rate,101,All Stages,623,HR-/HER2-
3,Female,1,All Races / Ethnicities,1,All Ages,623,HR-/HER2- Breast Cancer (Female only),2017,13.570421,13.317813,13.826670,13.283416,11567,1,Observed SEER Incidence Rate,101,All Stages,623,HR-/HER2-
3,Female,1,All Races / Ethnicities,1,All Ages,623,HR-/HER2- Breast Cancer (Female only),2018,13.438671,13.188303,13.692655,13.565690,11570,1,Observed SEER Incidence Rate,101,All Stages,623,HR-/HER2-
3,Female,1,All Races / Ethnicities,1,All Ages,623,HR-/HER2- Breast Cancer (Female only),2019,14.078031,13.823125,14.336523,13.853962,12267,1,Observed SEER Incidence Rate,101,All Stages,623,HR-/HER2-
3,Female,1,All Races / Ethnicities,1,All Ages,623,HR-/HER2- Breast Cancer (Female only),2020,13.058495,12.813265,13.307305,14.148360,11442,1,Observed SEER Incidence Rate,101,All Stages,623,HR-/HER2-
3,Female,1,All Races / Ethnicities,1,All Ages,623,HR-/HER2- Breast Cancer (Female only),2021,14.657110,14.398445,14.919338,14.449014,12983,1,Observed SEER Incidence Rate,101,All Stages,623,HR-/HER2-
3,Female,1,All Races / Ethnicities,1,All Ages,623,HR-/HER2- Breast Cancer (Female only),2022,14.794594,14.536261,15.056452,14.756057,13272,1,Observed SEER Incidence Rate,101,All Stages,623,HR-/HER2-
3,Female,1,All Races / Ethnicities,1,All Ages,623,HR-/HER2- Breast Cancer (Female only),2023,14.789690,14.532813,15.050057,15.069624,13413,1,Observed SEER Incidence Rate,101,All Stages,623,HR-/HER2-
3,Female,1,All Races / Ethnicities,1,All Ages,623,HR-/HER2- Breast Cancer (Female only),2010,7.727592,7.530081,7.929003,,5973,1,Observed SEER Incidence Rate,104,Localized,623,HR-/HER2-
3,Female,1,All Races / Ethnicities,1,All Ages,623,HR-/HER2- Breast Cancer (Female only),2011,8.129383,7.927613,8.335018,,6364,1,Observed SEER Incidence Rate,104,Localized,623,HR-/HER2-
3,Female,1,All Races / Ethnicities,1,All Ages,623,HR-/HER2- Breast Cancer (Female only),2012,7.900599,7.703474,8.101533,,6312,1,Observed SEER Incidence Rate,104,Localized,623,HR-/HER2-
3,Female,1,All Races / Ethnicities,1,All Ages,623,HR-/HER2- Breast Cancer (Female only),2013,7.652755,7.459939,7.849339,,6209,1,Observed SEER Incidence Rate,104,Localized,623,HR-/HER2-
3,Female,1,All Races / Ethnicities,1,All Ages,623,HR-/HER2- Breast Cancer (Female only),2014,7.881866,7.687054,8.080414,,6476,1,Observed SEER Incidence Rate,104,Localized,623,HR-/HER2-
3,Female,1,All Races / Ethnicities,1,All Ages,623,HR-/HER2- Breast Cancer (Female only),2015,7.876334,7.682625,8.073741,,6569,1,Observed SEER Incidence Rate,104,Localized,623,HR-/HER2-
3,Female,1,All Races / Ethnicities,1,All Ages,623,HR-/HER2- Breast Cancer (Female only),2016,7.571342,7.382768,7.763573,,6426,1,Observed SEER Incidence Rate,104,Localized,623,HR-/HER2-
3,Female,1,All Races / Ethnicities,1,All Ages,623,HR-/HER2- Breast Cancer (Female only),2017,8.146078,7.951823,8.343950,,7024,1,Observed SEER Incidence Rate,104,Localized,623,HR-/HER2-
3,Female,1,All Races / Ethnicities,1,All Ages,623,HR-/HER2- Breast Cancer (Female only),2018,8.019402,7.827219,8.215181,,6970,1,Observed SEER Incidence Rate,104,Localized,623,HR-/HER2-
3,Female,1,All Races / Ethnicities,1,All Ages,623,HR-/HER2- Breast Cancer (Female only),2019,8.615151,8.417011,8.816858,,7580,1,Observed SEER Incidence Rate,104,Localized,623,HR-/HER2-
3,Female,1,All Races / Ethnicities,1,All Ages,623,HR-/HER2- Breast Cancer (Female only),2020,7.732797,7.545713,7.923433,,6869,1,Observed SEER Incidence Rate,104,Localized,623,HR-/HER2-
3,Female,1,All Races / Ethnicities,1,All Ages,623,HR-/HER2- Breast Cancer (Female only),2021,8.813544,8.614719,9.015902,,7919,1,Observed SEER Incidence Rate,104,Localized,623,HR-/HER2-
3,Female,1,All Races / Ethnicities,1,All Ages,623,HR-/HER2- Breast Cancer (Female only),2022,8.832613,8.634874,9.033844,,8046,1,Observed SEER Incidence Rate,104,Localized,623,HR-/HER2-
3,Female,1,All Races / Ethnicities,1,All Ages,623,HR-/HER2- Breast Cancer (Female only),2023,9.045430,8.846353,9.247966,,8329,1,Observed SEER Incidence Rate,104,Localized,623,HR-/HER2-
3,Female,1,All Races / Ethnicities,1,All Ages,623,HR-/HER2- Breast Cancer (Female only),2010,4.296406,4.148501,4.448249,,3284,1,Observed SEER Incidence Rate,105,Regional,623,HR-/HER2-
3,Female,1,All Races / Ethnicities,1,All Ages,623,HR-/HER2- Breast Cancer (Female only),2011,4.572912,4.420966,4.728761,,3540,1,Observed SEER Incidence Rate,105,Regional,623,HR-/HER2-
3,Female,1,All Races / Ethnicities,1,All Ages,623,HR-/HER2- Breast Cancer (Female only),2012,4.215160,4.069545,4.364659,,3282,1,Observed SEER Incidence Rate,105,Regional,623,HR-/HER2-
3,Female,1,All Races / Ethnicities,1,All Ages,623,HR-/HER2- Breast Cancer (Female only),2013,4.240079,4.094770,4.389235,,3347,1,Observed SEER Incidence Rate,105,Regional,623,HR-/HER2-
3,Female,1,All Races / Ethnicities,1,All Ages,623,HR-/HER2- Breast Cancer (Female only),2014,4.133435,3.990746,4.279933,,3313,1,Observed SEER Incidence Rate,105,Regional,623,HR-/HER2-
3,Female,1,All Races / Ethnicities,1,All Ages,623,HR-/HER2- Breast Cancer (Female only),2015,4.176300,4.034001,4.322358,,3409,1,Observed SEER Incidence Rate,105,Regional,623,HR-/HER2-
3,Female,1,All Races / Ethnicities,1,All Ages,623,HR-/HER2- Breast Cancer (Female only),2016,4.080531,3.940451,4.224343,,3373,1,Observed SEER Incidence Rate,105,Regional,623,HR-/HER2-
3,Female,1,All Races / Ethnicities,1,All Ages,623,HR-/HER2- Breast Cancer (Female only),2017,4.324965,4.181125,4.472514,,3599,1,Observed SEER Incidence Rate,105,Regional,623,HR-/HER2-
3,Female,1,All Races / Ethnicities,1,All Ages,623,HR-/HER2- Breast Cancer (Female only),2018,4.255585,4.113712,4.401135,,3589,1,Observed SEER Incidence Rate,105,Regional,623,HR-/HER2-
3,Female,1,All Races / Ethnicities,1,All Ages,623,HR-/HER2- Breast Cancer (Female only),2019,4.253861,4.112519,4.398858,,3619,1,Observed SEER Incidence Rate,105,Regional,623,HR-/HER2-
3,Female,1,All Races / Ethnicities,1,All Ages,623,HR-/HER2- Breast Cancer (Female only),2020,4.183424,4.043100,4.327407,,3560,1,Observed SEER Incidence Rate,105,Regional,623,HR-/HER2-
3,Female,1,All Races / Ethnicities,1,All Ages,623,HR-/HER2- Breast Cancer (Female only),2021,4.546073,4.400478,4.695307,,3918,1,Observed SEER Incidence Rate,105,Regional,623,HR-/HER2-
3,Female,1,All Races / Ethnicities,1,All Ages,623,HR-/HER2- Breast Cancer (Female only),2022,4.579445,4.433900,4.728598,,3978,1,Observed SEER Incidence Rate,105,Regional,623,HR-/HER2-
3,Female,1,All Races / Ethnicities,1,All Ages,623,HR-/HER2- Breast Cancer (Female only),2023,4.419007,4.276902,4.564683,,3884,1,Observed SEER Incidence Rate,105,Regional,623,HR-/HER2-
3,Female,1,All Races / Ethnicities,1,All Ages,623,HR-/HER2- Breast Cancer (Female only),2010,0.856726,0.791851,0.925535,,664,1,Observed SEER Incidence Rate,106,Distant,623,HR-/HER2-
3,Female,1,All Races / Ethnicities,1,All Ages,623,HR-/HER2- Breast Cancer (Female only),2011,0.912346,0.845722,0.982861,,718,1,Observed SEER Incidence Rate,106,Distant,623,HR-/HER2-
3,Female,1,All Races / Ethnicities,1,All Ages,623,HR-/HER2- Breast Cancer (Female only),2012,0.818872,0.756659,0.884901,,665,1,Observed SEER Incidence Rate,106,Distant,623,HR-/HER2-
3,Female,1,All Races / Ethnicities,1,All Ages,623,HR-/HER2- Breast Cancer (Female only),2013,0.846278,0.783243,0.913097,,694,1,Observed SEER Incidence Rate,106,Distant,623,HR-/HER2-
3,Female,1,All Races / Ethnicities,1,All Ages,623,HR-/HER2- Breast Cancer (Female only),2014,0.881268,0.817129,0.949163,,728,1,Observed SEER Incidence Rate,106,Distant,623,HR-/HER2-
3,Female,1,All Races / Ethnicities,1,All Ages,623,HR-/HER2- Breast Cancer (Female only),2015,0.895936,0.831423,0.964180,,746,1,Observed SEER Incidence Rate,106,Distant,623,HR-/HER2-
3,Female,1,All Races / Ethnicities,1,All Ages,623,HR-/HER2- Breast Cancer (Female only),2016,0.872152,0.808982,0.939009,,740,1,Observed SEER Incidence Rate,106,Distant,623,HR-/HER2-
3,Female,1,All Races / Ethnicities,1,All Ages,623,HR-/HER2- Breast Cancer (Female only),2017,0.908624,0.844489,0.976411,,783,1,Observed SEER Incidence Rate,106,Distant,623,HR-/HER2-
3,Female,1,All Races / Ethnicities,1,All Ages,623,HR-/HER2- Breast Cancer (Female only),2018,1.008931,0.941800,1.079670,,882,1,Observed SEER Incidence Rate,106,Distant,623,HR-/HER2-
3,Female,1,All Races / Ethnicities,1,All Ages,623,HR-/HER2- Breast Cancer (Female only),2019,1.072052,1.003152,1.144531,,948,1,Observed SEER Incidence Rate,106,Distant,623,HR-/HER2-
3,Female,1,All Races / Ethnicities,1,All Ages,623,HR-/HER2- Breast Cancer (Female only),2020,1.009736,0.942726,1.080337,,895,1,Observed SEER Incidence Rate,106,Distant,623,HR-/HER2-
3,Female,1,All Races / Ethnicities,1,All Ages,623,HR-/HER2- Breast Cancer (Female only),2021,1.150405,1.078830,1.225572,,1018,1,Observed SEER Incidence Rate,106,Distant,623,HR-/HER2-
3,Female,1,All Races / Ethnicities,1,All Ages,623,HR-/HER2- Breast Cancer (Female only),2022,1.256216,1.181866,1.334113,,1132,1,Observed SEER Incidence Rate,106,Distant,623,HR-/HER2-
3,Female,1,All Races / Ethnicities,1,All Ages,623,HR-/HER2- Breast Cancer (Female only),2023,1.210178,1.137512,1.286364,,1097,1,Observed SEER Incidence Rate,106,Distant,623,HR-/HER2-
3,Female,1,All Races / Ethnicities,1,All Ages,623,HR-/HER2- Breast Cancer (Female only),2010,0.094123,0.073493,0.118792,,73,1,Observed SEER Incidence Rate,107,Unstaged,623,HR-/HER2-
3,Female,1,All Races / Ethnicities,1,All Ages,623,HR-/HER2- Breast Cancer (Female only),2011,0.124046,0.100387,0.151663,,98,1,Observed SEER Incidence Rate,107,Unstaged,623,HR-/HER2-
3,Female,1,All Races / Ethnicities,1,All Ages,623,HR-/HER2- Breast Cancer (Female only),2012,0.104643,0.082929,0.130333,,83,1,Observed SEER Incidence Rate,107,Unstaged,623,HR-/HER2-
3,Female,1,All Races / Ethnicities,1,All Ages,623,HR-/HER2- Breast Cancer (Female only),2013,0.116209,0.093228,0.143152,,92,1,Observed SEER Incidence Rate,107,Unstaged,623,HR-/HER2-
3,Female,1,All Races / Ethnicities,1,All Ages,623,HR-/HER2- Breast Cancer (Female only),2014,0.126488,0.102361,0.154579,,100,1,Observed SEER Incidence Rate,107,Unstaged,623,HR-/HER2-
3,Female,1,All Races / Ethnicities,1,All Ages,623,HR-/HER2- Breast Cancer (Female only),2015,0.126828,0.103387,0.154071,,106,1,Observed SEER Incidence Rate,107,Unstaged,623,HR-/HER2-
3,Female,1,All Races / Ethnicities,1,All Ages,623,HR-/HER2- Breast Cancer (Female only),2016,0.201637,0.172316,0.234633,,176,1,Observed SEER Incidence Rate,107,Unstaged,623,HR-/HER2-
3,Female,1,All Races / Ethnicities,1,All Ages,623,HR-/HER2- Breast Cancer (Female only),2017,0.190752,0.161682,0.223589,,161,1,Observed SEER Incidence Rate,107,Unstaged,623,HR-/HER2-
3,Female,1,All Races / Ethnicities,1,All Ages,623,HR-/HER2- Breast Cancer (Female only),2018,0.153788,0.127503,0.183902,,128,1,Observed SEER Incidence Rate,107,Unstaged,623,HR-/HER2-
3,Female,1,All Races / Ethnicities,1,All Ages,623,HR-/HER2- Breast Cancer (Female only),2019,0.136965,0.112929,0.164693,,120,1,Observed SEER Incidence Rate,107,Unstaged,623,HR-/HER2-
3,Female,1,All Races / Ethnicities,1,All Ages,623,HR-/HER2- Breast Cancer (Female only),2020,0.132536,0.109038,0.159703,,118,1,Observed SEER Incidence Rate,107,Unstaged,623,HR-/HER2-
3,Female,1,All Races / Ethnicities,1,All Ages,623,HR-/HER2- Breast Cancer (Female only),2021,0.147086,0.121983,0.175907,,128,1,Observed SEER Incidence Rate,107,Unstaged,623,HR-/HER2-
3,Female,1,All Races / Ethnicities,1,All Ages,623,HR-/HER2- Breast Cancer (Female only),2022,0.126319,0.103774,0.152456,,116,1,Observed SEER Incidence Rate,107,Unstaged,623,HR-/HER2-
3,Female,1,All Races / Ethnicities,1,All Ages,623,HR-/HER2- Breast Cancer (Female only),2023,0.115073,0.093329,0.140458,,103,1,Observed SEER Incidence Rate,107,Unstaged,623,HR-/HER2-
3,Female,1,All Races / Ethnicities,1,All Ages,620,HR+/HER2+ Breast Cancer (Female only),2010,10.997834,10.761405,11.238171,10.787377,8467,1,Observed SEER Incidence Rate,101,All Stages,620,HR+/HER2+
3,Female,1,All Races / Ethnicities,1,All Ages,620,HR+/HER2+ Breast Cancer (Female only),2011,11.172391,10.935842,11.412799,11.244937,8762,1,Observed SEER Incidence Rate,101,All Stages,620,HR+/HER2+
3,Female,1,All Races / Ethnicities,1,All Ages,620,HR+/HER2+ Breast Cancer (Female only),2012,11.574206,11.333932,11.818317,11.721905,9147,1,Observed SEER Incidence Rate,101,All Stages,620,HR+/HER2+
3,Female,1,All Races / Ethnicities,1,All Ages,620,HR+/HER2+ Breast Cancer (Female only),2013,11.936846,11.693550,12.183952,12.219105,9528,1,Observed SEER Incidence Rate,101,All Stages,620,HR+/HER2+
3,Female,1,All Races / Ethnicities,1,All Ages,620,HR+/HER2+ Breast Cancer (Female only),2014,12.976528,12.725119,13.231690,12.737393,10589,1,Observed SEER Incidence Rate,101,All Stages,620,HR+/HER2+
3,Female,1,All Races / Ethnicities,1,All Ages,620,HR+/HER2+ Breast Cancer (Female only),2015,13.200011,12.947420,13.456326,13.277666,10914,1,Observed SEER Incidence Rate,101,All Stages,620,HR+/HER2+
3,Female,1,All Races / Ethnicities,1,All Ages,620,HR+/HER2+ Breast Cancer (Female only),2016,13.398178,13.144744,13.655306,13.154011,11206,1,Observed SEER Incidence Rate,101,All Stages,620,HR+/HER2+
3,Female,1,All Races / Ethnicities,1,All Ages,620,HR+/HER2+ Breast Cancer (Female only),2017,13.137454,12.887375,13.391204,13.031508,11083,1,Observed SEER Incidence Rate,101,All Stages,620,HR+/HER2+
3,Female,1,All Races / Ethnicities,1,All Ages,620,HR+/HER2+ Breast Cancer (Female only),2018,12.882994,12.636035,13.133605,12.910147,10943,1,Observed SEER Incidence Rate,101,All Stages,620,HR+/HER2+
3,Female,1,All Races / Ethnicities,1,All Ages,620,HR+/HER2+ Breast Cancer (Female only),2019,12.544971,12.300846,12.792752,12.789915,10650,1,Observed SEER Incidence Rate,101,All Stages,620,HR+/HER2+
3,Female,1,All Races / Ethnicities,1,All Ages,620,HR+/HER2+ Breast Cancer (Female only),2020,11.652472,11.418291,11.890286,12.670803,10001,1,Observed SEER Incidence Rate,101,All Stages,620,HR+/HER2+
3,Female,1,All Races / Ethnicities,1,All Ages,620,HR+/HER2+ Breast Cancer (Female only),2021,12.467082,12.225122,12.712672,12.552800,10762,1,Observed SEER Incidence Rate,101,All Stages,620,HR+/HER2+
3,Female,1,All Races / Ethnicities,1,All Ages,620,HR+/HER2+ Breast Cancer (Female only),2022,12.311457,12.072221,12.554291,12.435897,10737,1,Observed SEER Incidence Rate,101,All Stages,620,HR+/HER2+
3,Female,1,All Races / Ethnicities,1,All Ages,620,HR+/HER2+ Breast Cancer (Female only),2023,12.560226,12.319618,12.804399,12.320082,11045,1,Observed SEER Incidence Rate,101,All Stages,620,HR+/HER2+
3,Female,1,All Races / Ethnicities,1,All Ages,620,HR+/HER2+ Breast Cancer (Female only),2010,5.959478,5.786437,6.136413,,4622,1,Observed SEER Incidence Rate,104,Localized,620,HR+/HER2+
3,Female,1,All Races / Ethnicities,1,All Ages,620,HR+/HER2+ Breast Cancer (Female only),2011,5.928190,5.757069,6.103150,,4693,1,Observed SEER Incidence Rate,104,Localized,620,HR+/HER2+
3,Female,1,All Races / Ethnicities,1,All Ages,620,HR+/HER2+ Breast Cancer (Female only),2012,6.148709,5.974679,6.326558,,4898,1,Observed SEER Incidence Rate,104,Localized,620,HR+/HER2+
3,Female,1,All Races / Ethnicities,1,All Ages,620,HR+/HER2+ Breast Cancer (Female only),2013,6.525081,6.346648,6.707299,,5272,1,Observed SEER Incidence Rate,104,Localized,620,HR+/HER2+
3,Female,1,All Races / Ethnicities,1,All Ages,620,HR+/HER2+ Breast Cancer (Female only),2014,7.081579,6.897217,7.269672,,5839,1,Observed SEER Incidence Rate,104,Localized,620,HR+/HER2+
3,Female,1,All Races / Ethnicities,1,All Ages,620,HR+/HER2+ Breast Cancer (Female only),2015,7.306809,7.120410,7.496903,,6117,1,Observed SEER Incidence Rate,104,Localized,620,HR+/HER2+
3,Female,1,All Races / Ethnicities,1,All Ages,620,HR+/HER2+ Breast Cancer (Female only),2016,7.399075,7.212152,7.589668,,6261,1,Observed SEER Incidence Rate,104,Localized,620,HR+/HER2+
3,Female,1,All Races / Ethnicities,1,All Ages,620,HR+/HER2+ Breast Cancer (Female only),2017,7.377914,7.192277,7.567188,,6320,1,Observed SEER Incidence Rate,104,Localized,620,HR+/HER2+
3,Female,1,All Races / Ethnicities,1,All Ages,620,HR+/HER2+ Breast Cancer (Female only),2018,7.259611,7.075930,7.446912,,6255,1,Observed SEER Incidence Rate,104,Localized,620,HR+/HER2+
3,Female,1,All Races / Ethnicities,1,All Ages,620,HR+/HER2+ Breast Cancer (Female only),2019,7.132737,6.949992,7.319115,,6124,1,Observed SEER Incidence Rate,104,Localized,620,HR+/HER2+
3,Female,1,All Races / Ethnicities,1,All Ages,620,HR+/HER2+ Breast Cancer (Female only),2020,6.429854,6.257473,6.605839,,5606,1,Observed SEER Incidence Rate,104,Localized,620,HR+/HER2+
3,Female,1,All Races / Ethnicities,1,All Ages,620,HR+/HER2+ Breast Cancer (Female only),2021,7.151406,6.969734,7.336680,,6267,1,Observed SEER Incidence Rate,104,Localized,620,HR+/HER2+
3,Female,1,All Races / Ethnicities,1,All Ages,620,HR+/HER2+ Breast Cancer (Female only),2022,7.102419,6.922595,7.285803,,6305,1,Observed SEER Incidence Rate,104,Localized,620,HR+/HER2+
3,Female,1,All Races / Ethnicities,1,All Ages,620,HR+/HER2+ Breast Cancer (Female only),2023,7.248836,7.068107,7.433090,,6502,1,Observed SEER Incidence Rate,104,Localized,620,HR+/HER2+
3,Female,1,All Races / Ethnicities,1,All Ages,620,HR+/HER2+ Breast Cancer (Female only),2010,4.042281,3.898558,4.189955,,3073,1,Observed SEER Incidence Rate,105,Regional,620,HR+/HER2+
3,Female,1,All Races / Ethnicities,1,All Ages,620,HR+/HER2+ Breast Cancer (Female only),2011,4.235994,4.089620,4.386278,,3268,1,Observed SEER Incidence Rate,105,Regional,620,HR+/HER2+
3,Female,1,All Races / Ethnicities,1,All Ages,620,HR+/HER2+ Breast Cancer (Female only),2012,4.331633,4.183949,4.483203,,3371,1,Observed SEER Incidence Rate,105,Regional,620,HR+/HER2+
3,Female,1,All Races / Ethnicities,1,All Ages,620,HR+/HER2+ Breast Cancer (Female only),2013,4.281554,4.134933,4.432042,,3352,1,Observed SEER Incidence Rate,105,Regional,620,HR+/HER2+
3,Female,1,All Races / Ethnicities,1,All Ages,620,HR+/HER2+ Breast Cancer (Female only),2014,4.704716,4.552356,4.860886,,3770,1,Observed SEER Incidence Rate,105,Regional,620,HR+/HER2+
3,Female,1,All Races / Ethnicities,1,All Ages,620,HR+/HER2+ Breast Cancer (Female only),2015,4.664530,4.513262,4.819583,,3778,1,Observed SEER Incidence Rate,105,Regional,620,HR+/HER2+
3,Female,1,All Races / Ethnicities,1,All Ages,620,HR+/HER2+ Breast Cancer (Female only),2016,4.660767,4.510305,4.814979,,3822,1,Observed SEER Incidence Rate,105,Regional,620,HR+/HER2+
3,Female,1,All Races / Ethnicities,1,All Ages,620,HR+/HER2+ Breast Cancer (Female only),2017,4.574419,4.425247,4.727339,,3753,1,Observed SEER Incidence Rate,105,Regional,620,HR+/HER2+
3,Female,1,All Races / Ethnicities,1,All Ages,620,HR+/HER2+ Breast Cancer (Female only),2018,4.428123,4.281745,4.578231,,3658,1,Observed SEER Incidence Rate,105,Regional,620,HR+/HER2+
3,Female,1,All Races / Ethnicities,1,All Ages,620,HR+/HER2+ Breast Cancer (Female only),2019,4.208877,4.066696,4.354768,,3509,1,Observed SEER Incidence Rate,105,Regional,620,HR+/HER2+
3,Female,1,All Races / Ethnicities,1,All Ages,620,HR+/HER2+ Breast Cancer (Female only),2020,4.104698,3.964252,4.248854,,3419,1,Observed SEER Incidence Rate,105,Regional,620,HR+/HER2+
3,Female,1,All Races / Ethnicities,1,All Ages,620,HR+/HER2+ Breast Cancer (Female only),2021,4.113221,3.972853,4.257294,,3448,1,Observed SEER Incidence Rate,105,Regional,620,HR+/HER2+
3,Female,1,All Races / Ethnicities,1,All Ages,620,HR+/HER2+ Breast Cancer (Female only),2022,4.053798,3.914719,4.196564,,3415,1,Observed SEER Incidence Rate,105,Regional,620,HR+/HER2+
3,Female,1,All Races / Ethnicities,1,All Ages,620,HR+/HER2+ Breast Cancer (Female only),2023,4.070652,3.931667,4.213299,,3447,1,Observed SEER Incidence Rate,105,Regional,620,HR+/HER2+
3,Female,1,All Races / Ethnicities,1,All Ages,620,HR+/HER2+ Breast Cancer (Female only),2010,0.872499,0.807033,0.941896,,677,1,Observed SEER Incidence Rate,106,Distant,620,HR+/HER2+
3,Female,1,All Races / Ethnicities,1,All Ages,620,HR+/HER2+ Breast Cancer (Female only),2011,0.915364,0.848907,0.985691,,726,1,Observed SEER Incidence Rate,106,Distant,620,HR+/HER2+
3,Female,1,All Races / Ethnicities,1,All Ages,620,HR+/HER2+ Breast Cancer (Female only),2012,0.999312,0.930164,1.072291,,803,1,Observed SEER Incidence Rate,106,Distant,620,HR+/HER2+
3,Female,1,All Races / Ethnicities,1,All Ages,620,HR+/HER2+ Breast Cancer (Female only),2013,1.027376,0.957058,1.101526,,824,1,Observed SEER Incidence Rate,106,Distant,620,HR+/HER2+
3,Female,1,All Races / Ethnicities,1,All Ages,620,HR+/HER2+ Breast Cancer (Female only),2014,1.050616,0.980496,1.124485,,868,1,Observed SEER Incidence Rate,106,Distant,620,HR+/HER2+
3,Female,1,All Races / Ethnicities,1,All Ages,620,HR+/HER2+ Breast Cancer (Female only),2015,1.095110,1.023476,1.170483,,910,1,Observed SEER Incidence Rate,106,Distant,620,HR+/HER2+
3,Female,1,All Races / Ethnicities,1,All Ages,620,HR+/HER2+ Breast Cancer (Female only),2016,1.159538,1.086139,1.236644,,976,1,Observed SEER Incidence Rate,106,Distant,620,HR+/HER2+
3,Female,1,All Races / Ethnicities,1,All Ages,620,HR+/HER2+ Breast Cancer (Female only),2017,1.040479,0.971505,1.113121,,889,1,Observed SEER Incidence Rate,106,Distant,620,HR+/HER2+
3,Female,1,All Races / Ethnicities,1,All Ages,620,HR+/HER2+ Breast Cancer (Female only),2018,1.075328,1.005344,1.148961,,926,1,Observed SEER Incidence Rate,106,Distant,620,HR+/HER2+
3,Female,1,All Races / Ethnicities,1,All Ages,620,HR+/HER2+ Breast Cancer (Female only),2019,1.085373,1.014283,1.160158,,917,1,Observed SEER Incidence Rate,106,Distant,620,HR+/HER2+
3,Female,1,All Races / Ethnicities,1,All Ages,620,HR+/HER2+ Breast Cancer (Female only),2020,1.008179,0.940847,1.079128,,881,1,Observed SEER Incidence Rate,106,Distant,620,HR+/HER2+
3,Female,1,All Races / Ethnicities,1,All Ages,620,HR+/HER2+ Breast Cancer (Female only),2021,1.126366,1.054720,1.201657,,978,1,Observed SEER Incidence Rate,106,Distant,620,HR+/HER2+
3,Female,1,All Races / Ethnicities,1,All Ages,620,HR+/HER2+ Breast Cancer (Female only),2022,1.093240,1.023093,1.166994,,961,1,Observed SEER Incidence Rate,106,Distant,620,HR+/HER2+
3,Female,1,All Races / Ethnicities,1,All Ages,620,HR+/HER2+ Breast Cancer (Female only),2023,1.177836,1.105163,1.254092,,1037,1,Observed SEER Incidence Rate,106,Distant,620,HR+/HER2+
3,Female,1,All Races / Ethnicities,1,All Ages,620,HR+/HER2+ Breast Cancer (Female only),2010,0.123574,0.099609,0.151589,,95,1,Observed SEER Incidence Rate,107,Unstaged,620,HR+/HER2+
3,Female,1,All Races / Ethnicities,1,All Ages,620,HR+/HER2+ Breast Cancer (Female only),2011,0.092841,0.072685,0.116943,,75,1,Observed SEER Incidence Rate,107,Unstaged,620,HR+/HER2+
3,Female,1,All Races / Ethnicities,1,All Ages,620,HR+/HER2+ Breast Cancer (Female only),2012,0.094551,0.074035,0.119037,,75,1,Observed SEER Incidence Rate,107,Unstaged,620,HR+/HER2+
3,Female,1,All Races / Ethnicities,1,All Ages,620,HR+/HER2+ Breast Cancer (Female only),2013,0.102833,0.081099,0.128584,,80,1,Observed SEER Incidence Rate,107,Unstaged,620,HR+/HER2+
3,Female,1,All Races / Ethnicities,1,All Ages,620,HR+/HER2+ Breast Cancer (Female only),2014,0.139615,0.114331,0.168831,,112,1,Observed SEER Incidence Rate,107,Unstaged,620,HR+/HER2+
3,Female,1,All Races / Ethnicities,1,All Ages,620,HR+/HER2+ Breast Cancer (Female only),2015,0.133561,0.109082,0.161917,,109,1,Observed SEER Incidence Rate,107,Unstaged,620,HR+/HER2+
3,Female,1,All Races / Ethnicities,1,All Ages,620,HR+/HER2+ Breast Cancer (Female only),2016,0.178797,0.150339,0.211093,,147,1,Observed SEER Incidence Rate,107,Unstaged,620,HR+/HER2+
3,Female,1,All Races / Ethnicities,1,All Ages,620,HR+/HER2+ Breast Cancer (Female only),2017,0.144640,0.119411,0.173665,,121,1,Observed SEER Incidence Rate,107,Unstaged,620,HR+/HER2+
3,Female,1,All Races / Ethnicities,1,All Ages,620,HR+/HER2+ Breast Cancer (Female only),2018,0.119930,0.097451,0.146129,,104,1,Observed SEER Incidence Rate,107,Unstaged,620,HR+/HER2+
3,Female,1,All Races / Ethnicities,1,All Ages,620,HR+/HER2+ Breast Cancer (Female only),2019,0.117983,0.095395,0.144350,,100,1,Observed SEER Incidence Rate,107,Unstaged,620,HR+/HER2+
3,Female,1,All Races / Ethnicities,1,All Ages,620,HR+/HER2+ Breast Cancer (Female only),2020,0.109738,0.088133,0.135097,,95,1,Observed SEER Incidence Rate,107,Unstaged,620,HR+/HER2+
3,Female,1,All Races / Ethnicities,1,All Ages,620,HR+/HER2+ Breast Cancer (Female only),2021,0.076087,0.058717,0.097133,,69,1,Observed SEER Incidence Rate,107,Unstaged,620,HR+/HER2+
3,Female,1,All Races / Ethnicities,1,All Ages,620,HR+/HER2+ Breast Cancer (Female only),2022,0.061999,0.046402,0.081286,,56,1,Observed SEER Incidence Rate,107,Unstaged,620,HR+/HER2+
3,Female,1,All Races / Ethnicities,1,All Ages,620,HR+/HER2+ Breast Cancer (Female only),2023,0.062900,0.047418,0.081988,,59,1,Observed SEER Incidence Rate,107,Unstaged,620,HR+/HER2+
3,Female,1,All Races / Ethnicities,1,All Ages,621,HR-/HER2+ Breast Cancer (Female only),2010,4.834840,4.679256,4.994315,4.771664,3759,1,Observed SEER Incidence Rate,101,All Stages,621,HR-/HER2+
3,Female,1,All Races / Ethnicities,1,All Ages,621,HR-/HER2+ Breast Cancer (Female only),2011,4.992120,4.834790,5.153304,4.913011,3936,1,Observed SEER Incidence Rate,101,All Stages,621,HR-/HER2+
3,Female,1,All Races / Ethnicities,1,All Ages,621,HR-/HER2+ Breast Cancer (Female only),2012,4.952256,4.796710,5.111608,5.058544,3977,1,Observed SEER Incidence Rate,101,All Stages,621,HR-/HER2+
3,Female,1,All Races / Ethnicities,1,All Ages,621,HR-/HER2+ Breast Cancer (Female only),2013,5.052457,4.896068,5.212617,5.208388,4106,1,Observed SEER Incidence Rate,101,All Stages,621,HR-/HER2+
3,Female,1,All Races / Ethnicities,1,All Ages,621,HR-/HER2+ Breast Cancer (Female only),2014,5.363794,5.202695,5.528651,5.362672,4379,1,Observed SEER Incidence Rate,101,All Stages,621,HR-/HER2+
3,Female,1,All Races / Ethnicities,1,All Ages,621,HR-/HER2+ Breast Cancer (Female only),2015,5.636575,5.472940,5.803911,5.521525,4712,1,Observed SEER Incidence Rate,101,All Stages,621,HR-/HER2+
3,Female,1,All Races / Ethnicities,1,All Ages,621,HR-/HER2+ Breast Cancer (Female only),2016,5.323064,5.164415,5.485395,5.393905,4483,1,Observed SEER Incidence Rate,101,All Stages,621,HR-/HER2+
3,Female,1,All Races / Ethnicities,1,All Ages,621,HR-/HER2+ Breast Cancer (Female only),2017,5.457438,5.297526,5.621001,5.269235,4648,1,Observed SEER Incidence Rate,101,All Stages,621,HR-/HER2+
3,Female,1,All Races / Ethnicities,1,All Ages,621,HR-/HER2+ Breast Cancer (Female only),2018,4.966059,4.813755,5.122005,5.147446,4247,1,Observed SEER Incidence Rate,101,All Stages,621,HR-/HER2+
3,Female,1,All Races / Ethnicities,1,All Ages,621,HR-/HER2+ Breast Cancer (Female only),2019,4.965055,4.813971,5.119739,5.028472,4318,1,Observed SEER Incidence Rate,101,All Stages,621,HR-/HER2+
3,Female,1,All Races / Ethnicities,1,All Ages,621,HR-/HER2+ Breast Cancer (Female only),2020,4.841623,4.692414,4.994433,5.181848,4224,1,Observed SEER Incidence Rate,101,All Stages,621,HR-/HER2+
3,Female,1,All Races / Ethnicities,1,All Ages,621,HR-/HER2+ Breast Cancer (Female only),2021,5.539297,5.379744,5.702448,5.339902,4847,1,Observed SEER Incidence Rate,101,All Stages,621,HR-/HER2+
3,Female,1,All Races / Ethnicities,1,All Ages,621,HR-/HER2+ Breast Cancer (Female only),2022,5.566061,5.406216,5.729493,5.502776,4881,1,Observed SEER Incidence Rate,101,All Stages,621,HR-/HER2+
3,Female,1,All Races / Ethnicities,1,All Ages,621,HR-/HER2+ Breast Cancer (Female only),2023,5.521113,5.362786,5.682989,5.670619,4897,1,Observed SEER Incidence Rate,101,All Stages,621,HR-/HER2+
3,Female,1,All Races / Ethnicities,1,All Ages,621,HR-/HER2+ Breast Cancer (Female only),2010,2.399617,2.290834,2.512281,,1879,1,Observed SEER Incidence Rate,104,Localized,621,HR-/HER2+
3,Female,1,All Races / Ethnicities,1,All Ages,621,HR-/HER2+ Breast Cancer (Female only),2011,2.481626,2.371325,2.595780,,1964,1,Observed SEER Incidence Rate,104,Localized,621,HR-/HER2+
3,Female,1,All Races / Ethnicities,1,All Ages,621,HR-/HER2+ Breast Cancer (Female only),2012,2.390139,2.282913,2.501160,,1934,1,Observed SEER Incidence Rate,104,Localized,621,HR-/HER2+
3,Female,1,All Races / Ethnicities,1,All Ages,621,HR-/HER2+ Breast Cancer (Female only),2013,2.505050,2.395742,2.618119,,2050,1,Observed SEER Incidence Rate,104,Localized,621,HR-/HER2+
3,Female,1,All Races / Ethnicities,1,All Ages,621,HR-/HER2+ Breast Cancer (Female only),2014,2.603273,2.492020,2.718266,,2148,1,Observed SEER Incidence Rate,104,Localized,621,HR-/HER2+
3,Female,1,All Races / Ethnicities,1,All Ages,621,HR-/HER2+ Breast Cancer (Female only),2015,2.898600,2.782520,3.018351,,2458,1,Observed SEER Incidence Rate,104,Localized,621,HR-/HER2+
3,Female,1,All Races / Ethnicities,1,All Ages,621,HR-/HER2+ Breast Cancer (Female only),2016,2.624100,2.513506,2.738367,,2228,1,Observed SEER Incidence Rate,104,Localized,621,HR-/HER2+
3,Female,1,All Races / Ethnicities,1,All Ages,621,HR-/HER2+ Breast Cancer (Female only),2017,2.752733,2.640387,2.868703,,2378,1,Observed SEER Incidence Rate,104,Localized,621,HR-/HER2+
3,Female,1,All Races / Ethnicities,1,All Ages,621,HR-/HER2+ Breast Cancer (Female only),2018,2.495205,2.388483,2.605539,,2169,1,Observed SEER Incidence Rate,104,Localized,621,HR-/HER2+
3,Female,1,All Races / Ethnicities,1,All Ages,621,HR-/HER2+ Breast Cancer (Female only),2019,2.540544,2.433389,2.651282,,2234,1,Observed SEER Incidence Rate,104,Localized,621,HR-/HER2+
3,Female,1,All Races / Ethnicities,1,All Ages,621,HR-/HER2+ Breast Cancer (Female only),2020,2.417356,2.312965,2.525325,,2139,1,Observed SEER Incidence Rate,104,Localized,621,HR-/HER2+
3,Female,1,All Races / Ethnicities,1,All Ages,621,HR-/HER2+ Breast Cancer (Female only),2021,2.850937,2.738058,2.967371,,2548,1,Observed SEER Incidence Rate,104,Localized,621,HR-/HER2+
3,Female,1,All Races / Ethnicities,1,All Ages,621,HR-/HER2+ Breast Cancer (Female only),2022,2.835359,2.722369,2.951912,,2520,1,Observed SEER Incidence Rate,104,Localized,621,HR-/HER2+
3,Female,1,All Races / Ethnicities,1,All Ages,621,HR-/HER2+ Breast Cancer (Female only),2023,2.833189,2.720991,2.948908,,2552,1,Observed SEER Incidence Rate,104,Localized,621,HR-/HER2+
3,Female,1,All Races / Ethnicities,1,All Ages,621,HR-/HER2+ Breast Cancer (Female only),2010,1.928698,1.830336,2.030993,,1483,1,Observed SEER Incidence Rate,105,Regional,621,HR-/HER2+
3,Female,1,All Races / Ethnicities,1,All Ages,621,HR-/HER2+ Breast Cancer (Female only),2011,1.979853,1.880794,2.082803,,1548,1,Observed SEER Incidence Rate,105,Regional,621,HR-/HER2+
3,Female,1,All Races / Ethnicities,1,All Ages,621,HR-/HER2+ Breast Cancer (Female only),2012,2.016435,1.916918,2.119806,,1598,1,Observed SEER Incidence Rate,105,Regional,621,HR-/HER2+
3,Female,1,All Races / Ethnicities,1,All Ages,621,HR-/HER2+ Breast Cancer (Female only),2013,1.929698,1.833236,2.029959,,1562,1,Observed SEER Incidence Rate,105,Regional,621,HR-/HER2+
3,Female,1,All Races / Ethnicities,1,All Ages,621,HR-/HER2+ Breast Cancer (Female only),2014,2.146073,2.043837,2.252116,,1727,1,Observed SEER Incidence Rate,105,Regional,621,HR-/HER2+
3,Female,1,All Races / Ethnicities,1,All Ages,621,HR-/HER2+ Breast Cancer (Female only),2015,2.119493,2.018405,2.224353,,1733,1,Observed SEER Incidence Rate,105,Regional,621,HR-/HER2+
3,Female,1,All Races / Ethnicities,1,All Ages,621,HR-/HER2+ Breast Cancer (Female only),2016,2.052130,1.953564,2.154416,,1710,1,Observed SEER Incidence Rate,105,Regional,621,HR-/HER2+
3,Female,1,All Races / Ethnicities,1,All Ages,621,HR-/HER2+ Breast Cancer (Female only),2017,2.018381,1.920495,2.119987,,1683,1,Observed SEER Incidence Rate,105,Regional,621,HR-/HER2+
3,Female,1,All Races / Ethnicities,1,All Ages,621,HR-/HER2+ Breast Cancer (Female only),2018,1.888888,1.794342,1.987144,,1579,1,Observed SEER Incidence Rate,105,Regional,621,HR-/HER2+
3,Female,1,All Races / Ethnicities,1,All Ages,621,HR-/HER2+ Breast Cancer (Female only),2019,1.823765,1.731835,1.919350,,1557,1,Observed SEER Incidence Rate,105,Regional,621,HR-/HER2+
3,Female,1,All Races / Ethnicities,1,All Ages,621,HR-/HER2+ Breast Cancer (Female only),2020,1.796823,1.705394,1.891916,,1533,1,Observed SEER Incidence Rate,105,Regional,621,HR-/HER2+
3,Female,1,All Races / Ethnicities,1,All Ages,621,HR-/HER2+ Breast Cancer (Female only),2021,2.057229,1.958849,2.159298,,1738,1,Observed SEER Incidence Rate,105,Regional,621,HR-/HER2+
3,Female,1,All Races / Ethnicities,1,All Ages,621,HR-/HER2+ Breast Cancer (Female only),2022,2.024921,1.927945,2.125544,,1737,1,Observed SEER Incidence Rate,105,Regional,621,HR-/HER2+
3,Female,1,All Races / Ethnicities,1,All Ages,621,HR-/HER2+ Breast Cancer (Female only),2023,1.985163,1.889369,2.084584,,1712,1,Observed SEER Incidence Rate,105,Regional,621,HR-/HER2+
3,Female,1,All Races / Ethnicities,1,All Ages,621,HR-/HER2+ Breast Cancer (Female only),2010,0.461479,0.414358,0.512537,,361,1,Observed SEER Incidence Rate,106,Distant,621,HR-/HER2+
3,Female,1,All Races / Ethnicities,1,All Ages,621,HR-/HER2+ Breast Cancer (Female only),2011,0.485210,0.437275,0.537024,,387,1,Observed SEER Incidence Rate,106,Distant,621,HR-/HER2+
3,Female,1,All Races / Ethnicities,1,All Ages,621,HR-/HER2+ Breast Cancer (Female only),2012,0.521388,0.472083,0.574513,,424,1,Observed SEER Incidence Rate,106,Distant,621,HR-/HER2+
3,Female,1,All Races / Ethnicities,1,All Ages,621,HR-/HER2+ Breast Cancer (Female only),2013,0.581906,0.529245,0.638419,,465,1,Observed SEER Incidence Rate,106,Distant,621,HR-/HER2+
3,Female,1,All Races / Ethnicities,1,All Ages,621,HR-/HER2+ Breast Cancer (Female only),2014,0.572045,0.520521,0.627344,,470,1,Observed SEER Incidence Rate,106,Distant,621,HR-/HER2+
3,Female,1,All Races / Ethnicities,1,All Ages,621,HR-/HER2+ Breast Cancer (Female only),2015,0.563714,0.513043,0.618107,,475,1,Observed SEER Incidence Rate,106,Distant,621,HR-/HER2+
3,Female,1,All Races / Ethnicities,1,All Ages,621,HR-/HER2+ Breast Cancer (Female only),2016,0.561571,0.510817,0.616053,,472,1,Observed SEER Incidence Rate,106,Distant,621,HR-/HER2+
3,Female,1,All Races / Ethnicities,1,All Ages,621,HR-/HER2+ Breast Cancer (Female only),2017,0.614174,0.561465,0.670563,,526,1,Observed SEER Incidence Rate,106,Distant,621,HR-/HER2+
3,Female,1,All Races / Ethnicities,1,All Ages,621,HR-/HER2+ Breast Cancer (Female only),2018,0.522531,0.473988,0.574755,,447,1,Observed SEER Incidence Rate,106,Distant,621,HR-/HER2+
3,Female,1,All Races / Ethnicities,1,All Ages,621,HR-/HER2+ Breast Cancer (Female only),2019,0.554292,0.504739,0.607474,,485,1,Observed SEER Incidence Rate,106,Distant,621,HR-/HER2+
3,Female,1,All Races / Ethnicities,1,All Ages,621,HR-/HER2+ Breast Cancer (Female only),2020,0.590430,0.539399,0.645074,,520,1,Observed SEER Incidence Rate,106,Distant,621,HR-/HER2+
3,Female,1,All Races / Ethnicities,1,All Ages,621,HR-/HER2+ Breast Cancer (Female only),2021,0.604178,0.552508,0.659465,,537,1,Observed SEER Incidence Rate,106,Distant,621,HR-/HER2+
3,Female,1,All Races / Ethnicities,1,All Ages,621,HR-/HER2+ Breast Cancer (Female only),2022,0.666562,0.612212,0.724518,,589,1,Observed SEER Incidence Rate,106,Distant,621,HR-/HER2+
3,Female,1,All Races / Ethnicities,1,All Ages,621,HR-/HER2+ Breast Cancer (Female only),2023,0.658560,0.604956,0.715725,,591,1,Observed SEER Incidence Rate,106,Distant,621,HR-/HER2+
3,Female,1,All Races / Ethnicities,1,All Ages,621,HR-/HER2+ Breast Cancer (Female only),2010,0.045044,0.031340,0.062798,,36,1,Observed SEER Incidence Rate,107,Unstaged,621,HR-/HER2+
3,Female,1,All Races / Ethnicities,1,All Ages,621,HR-/HER2+ Breast Cancer (Female only),2011,0.045428,0.031760,0.063094,,37,1,Observed SEER Incidence Rate,107,Unstaged,621,HR-/HER2+
3,Female,1,All Races / Ethnicities,1,All Ages,621,HR-/HER2+ Breast Cancer (Female only),2012,0.024292,0.014896,0.037625,,21,1,Observed SEER Incidence Rate,107,Unstaged,621,HR-/HER2+
3,Female,1,All Races / Ethnicities,1,All Ages,621,HR-/HER2+ Breast Cancer (Female only),2013,0.035802,0.023743,0.051885,,29,1,Observed SEER Incidence Rate,107,Unstaged,621,HR-/HER2+
3,Female,1,All Races / Ethnicities,1,All Ages,621,HR-/HER2+ Breast Cancer (Female only),2014,0.042403,0.029092,0.059731,,34,1,Observed SEER Incidence Rate,107,Unstaged,621,HR-/HER2+
3,Female,1,All Races / Ethnicities,1,All Ages,621,HR-/HER2+ Breast Cancer (Female only),2015,0.054767,0.039774,0.073634,,46,1,Observed SEER Incidence Rate,107,Unstaged,621,HR-/HER2+
3,Female,1,All Races / Ethnicities,1,All Ages,621,HR-/HER2+ Breast Cancer (Female only),2016,0.085262,0.066395,0.107915,,73,1,Observed SEER Incidence Rate,107,Unstaged,621,HR-/HER2+
3,Female,1,All Races / Ethnicities,1,All Ages,621,HR-/HER2+ Breast Cancer (Female only),2017,0.072148,0.054821,0.093285,,61,1,Observed SEER Incidence Rate,107,Unstaged,621,HR-/HER2+
3,Female,1,All Races / Ethnicities,1,All Ages,621,HR-/HER2+ Breast Cancer (Female only),2018,0.059433,0.043942,0.078708,,52,1,Observed SEER Incidence Rate,107,Unstaged,621,HR-/HER2+
3,Female,1,All Races / Ethnicities,1,All Ages,621,HR-/HER2+ Breast Cancer (Female only),2019,0.046453,0.033163,0.063454,,42,1,Observed SEER Incidence Rate,107,Unstaged,621,HR-/HER2+
3,Female,1,All Races / Ethnicities,1,All Ages,621,HR-/HER2+ Breast Cancer (Female only),2020,0.037012,0.025042,0.052809,,32,1,Observed SEER Incidence Rate,107,Unstaged,621,HR-/HER2+
3,Female,1,All Races / Ethnicities,1,All Ages,621,HR-/HER2+ Breast Cancer (Female only),2021,0.026952,0.016988,0.040756,,24,1,Observed SEER Incidence Rate,107,Unstaged,621,HR-/HER2+
3,Female,1,All Races / Ethnicities,1,All Ages,621,HR-/HER2+ Breast Cancer (Female only),2022,0.039219,0.026939,0.055280,,35,1,Observed SEER Incidence Rate,107,Unstaged,621,HR-/HER2+
3,Female,1,All Races / Ethnicities,1,All Ages,621,HR-/HER2+ Breast Cancer (Female only),2023,0.044199,0.031524,0.060477,,42,1,Observed SEER Incidence Rate,107,Unstaged,621,HR-/HER2+
3,Female,1,All Races / Ethnicities,1,All Ages,57,Cervix Uteri,2000,2.784873,2.700965,2.870730,2.783803,4200,,,,,,
3,Female,1,All Races / Ethnicities,1,All Ages,57,Cervix Uteri,2001,2.673763,2.592144,2.757306,2.670721,4092,,,,,,
3,Female,1,All Races / Ethnicities,1,All Ages,57,Cervix Uteri,2002,2.553063,2.473759,2.634272,2.562232,3952,,,,,,
3,Female,1,All Races / Ethnicities,1,All Ages,57,Cervix Uteri,2003,2.487161,2.409502,2.566700,2.458151,3919,,,,,,
3,Female,1,All Races / Ethnicities,1,All Ages,57,Cervix Uteri,2004,2.417055,2.340836,2.495137,2.440371,3850,,,,,,
3,Female,1,All Races / Ethnicities,1,All Ages,57,Cervix Uteri,2005,2.421006,2.345249,2.498604,2.422721,3924,,,,,,
3,Female,1,All Races / Ethnicities,1,All Ages,57,Cervix Uteri,2006,2.424316,2.348812,2.501645,2.405197,3976,,,,,,
3,Female,1,All Races / Ethnicities,1,All Ages,57,Cervix Uteri,2007,2.415411,2.340428,2.492200,2.387801,4021,,,,,,
3,Female,1,All Races / Ethnicities,1,All Ages,57,Cervix Uteri,2008,2.372187,2.298295,2.447867,2.370531,4008,,,,,,
3,Female,1,All Races / Ethnicities,1,All Ages,57,Cervix Uteri,2009,2.285915,2.213647,2.359958,2.353385,3909,,,,,,
3,Female,1,All Races / Ethnicities,1,All Ages,57,Cervix Uteri,2010,2.261430,2.189987,2.334631,2.336363,3939,,,,,,
3,Female,1,All Races / Ethnicities,1,All Ages,57,Cervix Uteri,2011,2.328257,2.255870,2.402393,2.319465,4092,,,,,,
3,Female,1,All Races / Ethnicities,1,All Ages,57,Cervix Uteri,2012,2.290714,2.219204,2.363961,2.302688,4074,,,,,,
3,Female,1,All Races / Ethnicities,1,All Ages,57,Cervix Uteri,2013,2.337178,2.265316,2.410761,2.286034,4217,,,,,,
3,Female,1,All Races / Ethnicities,1,All Ages,57,Cervix Uteri,2014,2.267711,2.196936,2.340202,2.269499,4115,,,,,,
3,Female,1,All Races / Ethnicities,1,All Ages,57,Cervix Uteri,2015,2.275341,2.204719,2.347666,2.253084,4175,,,,,,
3,Female,1,All Races / Ethnicities,1,All Ages,57,Cervix Uteri,2016,2.250332,2.180428,2.321925,2.236788,4188,,,,,,
3,Female,1,All Races / Ethnicities,1,All Ages,57,Cervix Uteri,2017,2.247251,2.177503,2.318683,2.220610,4207,,,,,,
3,Female,1,All Races / Ethnicities,1,All Ages,57,Cervix Uteri,2018,2.185120,2.116732,2.255175,2.204548,4138,,,,,,
3,Female,1,All Races / Ethnicities,1,All Ages,57,Cervix Uteri,2019,2.167740,2.099798,2.237342,2.188603,4152,,,,,,
3,Female,1,All Races / Ethnicities,1,All Ages,57,Cervix Uteri,2020,2.220691,2.151968,2.291071,2.172773,4272,,,,,,
3,Female,1,All Races / Ethnicities,1,All Ages,57,Cervix Uteri,2021,2.275445,2.205676,2.346878,2.157058,4366,,,,,,
3,Female,1,All Races / Ethnicities,1,All Ages,57,Cervix Uteri,2022,2.062404,1.996730,2.129713,2.141457,4051,,,,,,
3,Female,1,All Races / Ethnicities,1,All Ages,57,Cervix Uteri,2023,2.085870,2.020321,2.153033,2.125968,4162,,,,,,
3,Female,1,All Races / Ethnicities,1,All Ages,57,Cervix Uteri,2024,2.083630,2.018444,2.150413,2.110591,4207,,,,,,
1,Both Sexes,1,All Races / Ethnicities,1,All Ages,402,Chronic myeloproliferative disorders (CMD),2001,3.271190,3.170332,3.374407,3.156299,3991,1,Observed SEER Incidence Rate,101,All Stages,402,402
1,Both Sexes,1,All Races / Ethnicities,1,All Ages,402,Chronic myeloproliferative disorders (CMD),2002,3.171890,3.073305,3.272802,3.289150,3932,1,Observed SEER Incidence Rate,101,All Stages,402,402
1,Both Sexes,1,All Races / Ethnicities,1,All Ages,402,Chronic myeloproliferative disorders (CMD),2003,3.382688,3.281561,3.486110,3.427593,4259,1,Observed SEER Incidence Rate,101,All Stages,402,402
1,Both Sexes,1,All Races / Ethnicities,1,All Ages,402,Chronic myeloproliferative disorders (CMD),2004,3.561051,3.457873,3.666500,3.571863,4547,1,Observed SEER Incidence Rate,101,All Stages,402,402
1,Both Sexes,1,All Races / Ethnicities,1,All Ages,402,Chronic myeloproliferative disorders (CMD),2005,3.840368,3.734196,3.948774,3.722206,5010,1,Observed SEER Incidence Rate,101,All Stages,402,402
1,Both Sexes,1,All Races / Ethnicities,1,All Ages,402,Chronic myeloproliferative disorders (CMD),2006,3.789556,3.684489,3.896837,3.878876,4993,1,Observed SEER Incidence Rate,101,All Stages,402,402
1,Both Sexes,1,All Races / Ethnicities,1,All Ages,402,Chronic myeloproliferative disorders (CMD),2007,4.008621,3.901628,4.117788,4.042141,5407,1,Observed SEER Incidence Rate,101,All Stages,402,402
1,Both Sexes,1,All Races / Ethnicities,1,All Ages,402,Chronic myeloproliferative disorders (CMD),2008,4.273395,4.163565,4.385374,4.212277,5850,1,Observed SEER Incidence Rate,101,All Stages,402,402
1,Both Sexes,1,All Races / Ethnicities,1,All Ages,402,Chronic myeloproliferative disorders (CMD),2009,3.953490,3.849041,4.060048,3.886025,5559,1,Observed SEER Incidence Rate,101,All Stages,402,402
1,Both Sexes,1,All Races / Ethnicities,1,All Ages,402,Chronic myeloproliferative disorders (CMD),2010,3.427623,3.331067,3.526263,3.585041,4898,1,Observed SEER Incidence Rate,101,All Stages,402,402
1,Both Sexes,1,All Races / Ethnicities,1,All Ages,402,Chronic myeloproliferative disorders (CMD),2011,3.337401,3.242941,3.433914,3.307370,4870,1,Observed SEER Incidence Rate,101,All Stages,402,402
1,Both Sexes,1,All Races / Ethnicities,1,All Ages,402,Chronic myeloproliferative disorders (CMD),2012,3.583074,3.485930,3.682241,3.534888,5322,1,Observed SEER Incidence Rate,101,All Stages,402,402
1,Both Sexes,1,All Races / Ethnicities,1,All Ages,402,Chronic myeloproliferative disorders (CMD),2013,3.823588,3.724284,3.924880,3.778056,5815,1,Observed SEER Incidence Rate,101,All Stages,402,402
1,Both Sexes,1,All Races / Ethnicities,1,All Ages,402,Chronic myeloproliferative disorders (CMD),2014,4.057041,3.955579,4.160462,4.037953,6280,1,Observed SEER Incidence Rate,101,All Stages,402,402
1,Both Sexes,1,All Races / Ethnicities,1,All Ages,402,Chronic myeloproliferative disorders (CMD),2015,4.041262,3.940511,4.143952,4.019143,6345,1,Observed SEER Incidence Rate,101,All Stages,402,402
1,Both Sexes,1,All Races / Ethnicities,1,All Ages,402,Chronic myeloproliferative disorders (CMD),2016,3.810783,3.713889,3.909587,4.000420,6110,1,Observed SEER Incidence Rate,101,All Stages,402,402
1,Both Sexes,1,All Races / Ethnicities,1,All Ages,402,Chronic myeloproliferative disorders (CMD),2017,3.929609,3.831983,4.029119,3.981784,6399,1,Observed SEER Incidence Rate,101,All Stages,402,402
1,Both Sexes,1,All Races / Ethnicities,1,All Ages,402,Chronic myeloproliferative disorders (CMD),2018,4.020730,3.922969,4.120347,3.963236,6688,1,Observed SEER Incidence Rate,101,All Stages,402,402
1,Both Sexes,1,All Races / Ethnicities,1,All Ages,402,Chronic myeloproliferative disorders (CMD),2019,4.124622,4.026096,4.224988,3.944773,6938,1,Observed SEER Incidence Rate,101,All Stages,402,402
1,Both Sexes,1,All Races / Ethnicities,1,All Ages,402,Chronic myeloproliferative disorders (CMD),2020,3.679031,3.586883,3.772998,3.926397,6308,1,Observed SEER Incidence Rate,101,All Stages,402,402
1,Both Sexes,1,All Races / Ethnicities,1,All Ages,402,Chronic myeloproliferative disorders (CMD),2021,3.887875,3.793755,3.983798,3.908106,6762,1,Observed SEER Incidence Rate,101,All Stages,402,402
1,Both Sexes,1,All Races / Ethnicities,1,All Ages,402,Chronic myeloproliferative disorders (CMD),2022,3.411573,3.324299,3.500622,3.555447,6042,1,Observed SEER Incidence Rate,101,All Stages,402,402
1,Both Sexes,1,All Races / Ethnicities,1,All Ages,402,Chronic myeloproliferative disorders (CMD),2023,3.303407,3.218108,3.390460,3.234611,5926,1,Observed SEER Incidence Rate,101,All Stages,402,402
1,Both Sexes,1,All Races / Ethnicities,1,All Ages,20,Colon and Rectum (including Appendix),2000,20.705582,20.536506,20.875700,20.760024,57434,,,,,,
1,Both Sexes,1,All Races / Ethnicities,1,All Ages,20,Colon and Rectum (including Appendix),2001,20.194679,20.028841,20.361545,20.152486,56808,,,,,,
1,Both Sexes,1,All Races / Ethnicities,1,All Ages,20,Colon and Rectum (including Appendix),2002,19.799591,19.636623,19.963573,19.562726,56603,,,,,,
1,Both Sexes,1,All Races / Ethnicities,1,All Ages,20,Colon and Rectum (including Appendix),2003,19.185867,19.026697,19.346037,18.990227,55783,,,,,,
1,Both Sexes,1,All Races / Ethnicities,1,All Ages,20,Colon and Rectum (including Appendix),2004,18.133338,17.979698,18.287966,18.434481,53580,,,,,,
1,Both Sexes,1,All Races / Ethnicities,1,All Ages,20,Colon and Rectum (including Appendix),2005,17.601062,17.450991,17.752107,17.894999,53005,,,,,,
1,Both Sexes,1,All Races / Ethnicities,1,All Ages,20,Colon and Rectum (including Appendix),2006,17.317937,17.170384,17.466449,17.371305,53196,,,,,,
1,Both Sexes,1,All Races / Ethnicities,1,All Ages,20,Colon and Rectum (including Appendix),2007,16.937682,16.793185,17.083120,16.862936,53219,,,,,,
1,Both Sexes,1,All Races / Ethnicities,1,All Ages,20,Colon and Rectum (including Appendix),2008,16.492872,16.351489,16.635183,16.369445,52857,,,,,,
1,Both Sexes,1,All Races / Ethnicities,1,All Ages,20,Colon and Rectum (including Appendix),2009,15.829959,15.692699,15.968134,15.890396,51848,,,,,,
1,Both Sexes,1,All Races / Ethnicities,1,All Ages,20,Colon and Rectum (including Appendix),2010,15.551441,15.416622,15.687161,15.425366,52045,,,,,,
1,Both Sexes,1,All Races / Ethnicities,1,All Ages,20,Colon and Rectum (including Appendix),2011,15.182512,15.050360,15.315554,15.155242,51783,,,,,,
1,Both Sexes,1,All Races / Ethnicities,1,All Ages,20,Colon and Rectum (including Appendix),2012,14.797711,14.668454,14.927844,14.889848,51516,,,,,,
1,Both Sexes,1,All Races / Ethnicities,1,All Ages,20,Colon and Rectum (including Appendix),2013,14.612987,14.485620,14.741218,14.629102,51813,,,,,,
1,Both Sexes,1,All Races / Ethnicities,1,All Ages,20,Colon and Rectum (including Appendix),2014,14.281201,14.156359,14.406896,14.372922,51651,,,,,,
1,Both Sexes,1,All Races / Ethnicities,1,All Ages,20,Colon and Rectum (including Appendix),2015,14.198145,14.074738,14.322393,14.121227,52396,,,,,,
1,Both Sexes,1,All Races / Ethnicities,1,All Ages,20,Colon and Rectum (including Appendix),2016,13.897535,13.776427,14.019472,13.873941,52286,,,,,,
1,Both Sexes,1,All Races / Ethnicities,1,All Ages,20,Colon and Rectum (including Appendix),2017,13.721597,13.602326,13.841687,13.630985,52547,,,,,,
1,Both Sexes,1,All Races / Ethnicities,1,All Ages,20,Colon and Rectum (including Appendix),2018,13.394942,13.278111,13.512580,13.392283,52163,,,,,,
1,Both Sexes,1,All Races / Ethnicities,1,All Ages,20,Colon and Rectum (including Appendix),2019,13.089534,12.975017,13.204847,13.157762,51896,,,,,,
1,Both Sexes,1,All Races / Ethnicities,1,All Ages,20,Colon and Rectum (including Appendix),2020,12.870469,12.757714,12.984012,12.927347,51869,,,,,,
1,Both Sexes,1,All Races / Ethnicities,1,All Ages,20,Colon and Rectum (including Appendix),2021,12.924209,12.811784,13.037418,12.840167,52729,,,,,,
1,Both Sexes,1,All Races / Ethnicities,1,All Ages,20,Colon and Rectum (including Appendix),2022,12.740050,12.629562,12.851310,12.753574,52967,,,,,,
1,Both Sexes,1,All Races / Ethnicities,1,All Ages,20,Colon and Rectum (including Appendix),2023,12.667126,12.558104,12.776908,12.667565,53779,,,,,,
1,Both Sexes,1,All Races / Ethnicities,1,All Ages,20,Colon and Rectum (including Appendix),2024,12.569116,12.461592,12.677386,12.582137,54468,,,,,,
1,Both Sexes,1,All Races / Ethnicities,1,All Ages,21,Colon (including Appendix),2000,40.379809,40.017465,40.744566,40.764489,47572,1,Observed SEER Incidence Rate,101,All Stages,21,21
1,Both Sexes,1,All Races / Ethnicities,1,All Ages,21,Colon (including Appendix),2001,39.678101,39.321562,40.037018,39.761905,47475,1,Observed SEER Incidence Rate,101,All Stages,21,21
1,Both Sexes,1,All Races / Ethnicities,1,All Ages,21,Colon (including Appendix),2002,39.248258,38.896450,39.602411,38.783979,47775,1,Observed SEER Incidence Rate,101,All Stages,21,21
1,Both Sexes,1,All Races / Ethnicities,1,All Ages,21,Colon (including Appendix),2003,38.066303,37.722645,38.412272,37.830104,47179,1,Observed SEER Incidence Rate,101,All Stages,21,21
1,Both Sexes,1,All Races / Ethnicities,1,All Ages,21,Colon (including Appendix),2004,37.021085,36.684727,37.359724,36.899690,46695,1,Observed SEER Incidence Rate,101,All Stages,21,21
1,Both Sexes,1,All Races / Ethnicities,1,All Ages,21,Colon (including Appendix),2005,35.816557,35.488339,36.147024,35.992158,46007,1,Observed SEER Incidence Rate,101,All Stages,21,21
1,Both Sexes,1,All Races / Ethnicities,1,All Ages,21,Colon (including Appendix),2006,34.905254,34.583621,35.229106,35.106947,45619,1,Observed SEER Incidence Rate,101,All Stages,21,21
1,Both Sexes,1,All Races / Ethnicities,1,All Ages,21,Colon (including Appendix),2007,34.203269,33.887925,34.520794,34.243507,45718,1,Observed SEER Incidence Rate,101,All Stages,21,21
1,Both Sexes,1,All Races / Ethnicities,1,All Ages,21,Colon (including Appendix),2008,33.273564,32.965420,33.583854,33.002764,45445,1,Observed SEER Incidence Rate,101,All Stages,21,21
1,Both Sexes,1,All Races / Ethnicities,1,All Ages,21,Colon (including Appendix),2009,31.711381,31.413403,32.011470,31.806976,44303,1,Observed SEER Incidence Rate,101,All Stages,21,21
1,Both Sexes,1,All Races / Ethnicities,1,All Ages,21,Colon (including Appendix),2010,30.369860,30.081025,30.660773,30.654515,43387,1,Observed SEER Incidence Rate,101,All Stages,21,21
1,Both Sexes,1,All Races / Ethnicities,1,All Ages,21,Colon (including Appendix),2011,29.611587,29.328648,29.896573,29.543811,43121,1,Observed SEER Incidence Rate,101,All Stages,21,21
1,Both Sexes,1,All Races / Ethnicities,1,All Ages,21,Colon (including Appendix),2012,28.652840,28.377482,28.930209,28.473351,42701,1,Observed SEER Incidence Rate,101,All Stages,21,21
1,Both Sexes,1,All Races / Ethnicities,1,All Ages,21,Colon (including Appendix),2013,28.031352,27.761831,28.302851,28.199647,42703,1,Observed SEER Incidence Rate,101,All Stages,21,21
1,Both Sexes,1,All Races / Ethnicities,1,All Ages,21,Colon (including Appendix),2014,28.045881,27.779066,28.314639,27.928574,43729,1,Observed SEER Incidence Rate,101,All Stages,21,21
1,Both Sexes,1,All Races / Ethnicities,1,All Ages,21,Colon (including Appendix),2015,27.787330,27.523711,28.052866,27.660107,44091,1,Observed SEER Incidence Rate,101,All Stages,21,21
1,Both Sexes,1,All Races / Ethnicities,1,All Ages,21,Colon (including Appendix),2016,27.392583,27.133045,27.654014,27.394221,44302,1,Observed SEER Incidence Rate,101,All Stages,21,21
1,Both Sexes,1,All Races / Ethnicities,1,All Ages,21,Colon (including Appendix),2017,26.849913,26.595294,27.106397,27.130890,44192,1,Observed SEER Incidence Rate,101,All Stages,21,21
1,Both Sexes,1,All Races / Ethnicities,1,All Ages,21,Colon (including Appendix),2018,26.849364,26.597175,27.103390,26.870091,44999,1,Observed SEER Incidence Rate,101,All Stages,21,21
1,Both Sexes,1,All Races / Ethnicities,1,All Ages,21,Colon (including Appendix),2019,26.722975,26.473412,26.974354,26.611798,45547,1,Observed SEER Incidence Rate,101,All Stages,21,21
1,Both Sexes,1,All Races / Ethnicities,1,All Ages,21,Colon (including Appendix),2020,23.759661,23.525362,23.995765,26.355989,40891,1,Observed SEER Incidence Rate,101,All Stages,21,21
1,Both Sexes,1,All Races / Ethnicities,1,All Ages,21,Colon (including Appendix),2021,26.298099,26.052813,26.545179,26.102638,45785,1,Observed SEER Incidence Rate,101,All Stages,21,21
1,Both Sexes,1,All Races / Ethnicities,1,All Ages,21,Colon (including Appendix),2022,25.986531,25.744530,26.230304,26.315783,45865,1,Observed SEER Incidence Rate,101,All Stages,21,21
1,Both Sexes,1,All Races / Ethnicities,1,All Ages,21,Colon (including Appendix),2023,26.690338,26.447662,26.934756,26.530668,48129,1,Observed SEER Incidence Rate,101,All Stages,21,21
1,Both Sexes,1,All Races / Ethnicities,1,All Ages,21,Colon (including Appendix),2004,13.980468,13.773800,14.189422,,17588,1,Observed SEER Incidence Rate,104,Localized,21,21
1,Both Sexes,1,All Races / Ethnicities,1,All Ages,21,Colon (including Appendix),2005,13.732289,13.529037,13.937797,,17588,1,Observed SEER Incidence Rate,104,Localized,21,21
1,Both Sexes,1,All Races / Ethnicities,1,All Ages,21,Colon (including Appendix),2006,13.454671,13.254885,13.656684,,17521,1,Observed SEER Incidence Rate,104,Localized,21,21
1,Both Sexes,1,All Races / Ethnicities,1,All Ages,21,Colon (including Appendix),2007,13.302995,13.106165,13.502014,,17706,1,Observed SEER Incidence Rate,104,Localized,21,21
1,Both Sexes,1,All Races / Ethnicities,1,All Ages,21,Colon (including Appendix),2008,13.029091,12.836147,13.224189,,17728,1,Observed SEER Incidence Rate,104,Localized,21,21
1,Both Sexes,1,All Races / Ethnicities,1,All Ages,21,Colon (including Appendix),2009,12.408012,12.221660,12.596481,,17304,1,Observed SEER Incidence Rate,104,Localized,21,21
1,Both Sexes,1,All Races / Ethnicities,1,All Ages,21,Colon (including Appendix),2010,11.563215,11.384908,11.743606,,16462,1,Observed SEER Incidence Rate,104,Localized,21,21
1,Both Sexes,1,All Races / Ethnicities,1,All Ages,21,Colon (including Appendix),2011,11.191908,11.017919,11.367952,,16242,1,Observed SEER Incidence Rate,104,Localized,21,21
1,Both Sexes,1,All Races / Ethnicities,1,All Ages,21,Colon (including Appendix),2012,10.789657,10.620608,10.960726,,16020,1,Observed SEER Incidence Rate,104,Localized,21,21
1,Both Sexes,1,All Races / Ethnicities,1,All Ages,21,Colon (including Appendix),2013,10.548337,10.383167,10.715487,,16054,1,Observed SEER Incidence Rate,104,Localized,21,21
1,Both Sexes,1,All Races / Ethnicities,1,All Ages,21,Colon (including Appendix),2014,10.550485,10.387118,10.715797,,16459,1,Observed SEER Incidence Rate,104,Localized,21,21
1,Both Sexes,1,All Races / Ethnicities,1,All Ages,21,Colon (including Appendix),2015,10.485099,10.323392,10.648726,,16627,1,Observed SEER Incidence Rate,104,Localized,21,21
1,Both Sexes,1,All Races / Ethnicities,1,All Ages,21,Colon (including Appendix),2016,9.492823,9.340539,9.646996,,15403,1,Observed SEER Incidence Rate,104,Localized,21,21
1,Both Sexes,1,All Races / Ethnicities,1,All Ages,21,Colon (including Appendix),2017,9.147783,8.999609,9.297820,,15086,1,Observed SEER Incidence Rate,104,Localized,21,21
1,Both Sexes,1,All Races / Ethnicities,1,All Ages,21,Colon (including Appendix),2018,9.343800,9.195302,9.494137,,15652,1,Observed SEER Incidence Rate,104,Localized,21,21
1,Both Sexes,1,All Races / Ethnicities,1,All Ages,21,Colon (including Appendix),2019,9.150685,9.005312,9.297869,,15674,1,Observed SEER Incidence Rate,104,Localized,21,21
1,Both Sexes,1,All Races / Ethnicities,1,All Ages,21,Colon (including Appendix),2020,7.637348,7.505049,7.771449,,13193,1,Observed SEER Incidence Rate,104,Localized,21,21
1,Both Sexes,1,All Races / Ethnicities,1,All Ages,21,Colon (including Appendix),2021,8.636333,8.496229,8.778229,,15070,1,Observed SEER Incidence Rate,104,Localized,21,21
1,Both Sexes,1,All Races / Ethnicities,1,All Ages,21,Colon (including Appendix),2022,8.726459,8.586499,8.868192,,15408,1,Observed SEER Incidence Rate,104,Localized,21,21
1,Both Sexes,1,All Races / Ethnicities,1,All Ages,21,Colon (including Appendix),2023,8.938335,8.798215,9.080197,,16144,1,Observed SEER Incidence Rate,104,Localized,21,21
1,Both Sexes,1,All Races / Ethnicities,1,All Ages,21,Colon (including Appendix),2004,13.383065,13.181224,13.587187,,16894,1,Observed SEER Incidence Rate,105,Regional,21,21
1,Both Sexes,1,All Races / Ethnicities,1,All Ages,21,Colon (including Appendix),2005,12.671406,12.476484,12.868580,,16276,1,Observed SEER Incidence Rate,105,Regional,21,21
1,Both Sexes,1,All Races / Ethnicities,1,All Ages,21,Colon (including Appendix),2006,12.246802,12.056632,12.439193,,16014,1,Observed SEER Incidence Rate,105,Regional,21,21
1,Both Sexes,1,All Races / Ethnicities,1,All Ages,21,Colon (including Appendix),2007,12.015388,11.828867,12.204092,,16078,1,Observed SEER Incidence Rate,105,Regional,21,21
1,Both Sexes,1,All Races / Ethnicities,1,All Ages,21,Colon (including Appendix),2008,11.567159,11.385798,11.750668,,15805,1,Observed SEER Incidence Rate,105,Regional,21,21
1,Both Sexes,1,All Races / Ethnicities,1,All Ages,21,Colon (including Appendix),2009,10.842776,10.668565,11.019106,,15102,1,Observed SEER Incidence Rate,105,Regional,21,21
1,Both Sexes,1,All Races / Ethnicities,1,All Ages,21,Colon (including Appendix),2010,10.440370,10.271088,10.611735,,14880,1,Observed SEER Incidence Rate,105,Regional,21,21
1,Both Sexes,1,All Races / Ethnicities,1,All Ages,21,Colon (including Appendix),2011,10.280124,10.113335,10.448968,,14910,1,Observed SEER Incidence Rate,105,Regional,21,21
1,Both Sexes,1,All Races / Ethnicities,1,All Ages,21,Colon (including Appendix),2012,9.814281,9.653141,9.977440,,14578,1,Observed SEER Incidence Rate,105,Regional,21,21
1,Both Sexes,1,All Races / Ethnicities,1,All Ages,21,Colon (including Appendix),2013,9.547982,9.390739,9.707208,,14506,1,Observed SEER Incidence Rate,105,Regional,21,21
1,Both Sexes,1,All Races / Ethnicities,1,All Ages,21,Colon (including Appendix),2014,9.395389,9.240938,9.551791,,14597,1,Observed SEER Incidence Rate,105,Regional,21,21
1,Both Sexes,1,All Races / Ethnicities,1,All Ages,21,Colon (including Appendix),2015,9.265242,9.112951,9.419460,,14648,1,Observed SEER Incidence Rate,105,Regional,21,21
1,Both Sexes,1,All Races / Ethnicities,1,All Ages,21,Colon (including Appendix),2016,10.047375,9.889928,10.206724,,16148,1,Observed SEER Incidence Rate,105,Regional,21,21
1,Both Sexes,1,All Races / Ethnicities,1,All Ages,21,Colon (including Appendix),2017,9.944486,9.789456,10.101389,,16306,1,Observed SEER Incidence Rate,105,Regional,21,21
1,Both Sexes,1,All Races / Ethnicities,1,All Ages,21,Colon (including Appendix),2018,9.356611,9.207790,9.507276,,15653,1,Observed SEER Incidence Rate,105,Regional,21,21
1,Both Sexes,1,All Races / Ethnicities,1,All Ages,21,Colon (including Appendix),2019,9.576779,9.427133,9.728251,,16227,1,Observed SEER Incidence Rate,105,Regional,21,21
1,Both Sexes,1,All Races / Ethnicities,1,All Ages,21,Colon (including Appendix),2020,8.725211,8.583077,8.869158,,14936,1,Observed SEER Incidence Rate,105,Regional,21,21
1,Both Sexes,1,All Races / Ethnicities,1,All Ages,21,Colon (including Appendix),2021,9.750070,9.600560,9.901383,,16895,1,Observed SEER Incidence Rate,105,Regional,21,21
1,Both Sexes,1,All Races / Ethnicities,1,All Ages,21,Colon (including Appendix),2022,9.370150,9.224854,9.517222,,16504,1,Observed SEER Incidence Rate,105,Regional,21,21
1,Both Sexes,1,All Races / Ethnicities,1,All Ages,21,Colon (including Appendix),2023,9.705175,9.558807,9.853290,,17444,1,Observed SEER Incidence Rate,105,Regional,21,21
1,Both Sexes,1,All Races / Ethnicities,1,All Ages,21,Colon (including Appendix),2004,7.080258,6.934221,7.228568,,9013,1,Observed SEER Incidence Rate,106,Distant,21,21
1,Both Sexes,1,All Races / Ethnicities,1,All Ages,21,Colon (including Appendix),2005,6.898197,6.755336,7.043295,,8961,1,Observed SEER Incidence Rate,106,Distant,21,21
1,Both Sexes,1,All Races / Ethnicities,1,All Ages,21,Colon (including Appendix),2006,6.832091,6.690896,6.975495,,9023,1,Observed SEER Incidence Rate,106,Distant,21,21
1,Both Sexes,1,All Races / Ethnicities,1,All Ages,21,Colon (including Appendix),2007,6.645252,6.507222,6.785457,,8961,1,Observed SEER Incidence Rate,106,Distant,21,21
1,Both Sexes,1,All Races / Ethnicities,1,All Ages,21,Colon (including Appendix),2008,6.592707,6.456524,6.731029,,9089,1,Observed SEER Incidence Rate,106,Distant,21,21
1,Both Sexes,1,All Races / Ethnicities,1,All Ages,21,Colon (including Appendix),2009,6.362357,6.229921,6.496895,,8983,1,Observed SEER Incidence Rate,106,Distant,21,21
1,Both Sexes,1,All Races / Ethnicities,1,All Ages,21,Colon (including Appendix),2010,6.334949,6.204089,6.467875,,9154,1,Observed SEER Incidence Rate,106,Distant,21,21
1,Both Sexes,1,All Races / Ethnicities,1,All Ages,21,Colon (including Appendix),2011,6.167244,6.039184,6.297341,,9091,1,Observed SEER Incidence Rate,106,Distant,21,21
1,Both Sexes,1,All Races / Ethnicities,1,All Ages,21,Colon (including Appendix),2012,6.120403,5.994177,6.248630,,9236,1,Observed SEER Incidence Rate,106,Distant,21,21
1,Both Sexes,1,All Races / Ethnicities,1,All Ages,21,Colon (including Appendix),2013,6.094111,5.969123,6.221073,,9351,1,Observed SEER Incidence Rate,106,Distant,21,21
1,Both Sexes,1,All Races / Ethnicities,1,All Ages,21,Colon (including Appendix),2014,6.126125,6.002002,6.252191,,9607,1,Observed SEER Incidence Rate,106,Distant,21,21
1,Both Sexes,1,All Races / Ethnicities,1,All Ages,21,Colon (including Appendix),2015,5.962108,5.840667,6.085463,,9533,1,Observed SEER Incidence Rate,106,Distant,21,21
1,Both Sexes,1,All Races / Ethnicities,1,All Ages,21,Colon (including Appendix),2016,5.915251,5.795214,6.037178,,9626,1,Observed SEER Incidence Rate,106,Distant,21,21
1,Both Sexes,1,All Races / Ethnicities,1,All Ages,21,Colon (including Appendix),2017,5.806011,5.687905,5.925987,,9580,1,Observed SEER Incidence Rate,106,Distant,21,21
1,Both Sexes,1,All Races / Ethnicities,1,All Ages,21,Colon (including Appendix),2018,6.016857,5.897948,6.137605,,10141,1,Observed SEER Incidence Rate,106,Distant,21,21
1,Both Sexes,1,All Races / Ethnicities,1,All Ages,21,Colon (including Appendix),2019,6.005094,5.887124,6.124882,,10275,1,Observed SEER Incidence Rate,106,Distant,21,21
1,Both Sexes,1,All Races / Ethnicities,1,All Ages,21,Colon (including Appendix),2020,5.659491,5.545510,5.775279,,9791,1,Observed SEER Incidence Rate,106,Distant,21,21
1,Both Sexes,1,All Races / Ethnicities,1,All Ages,21,Colon (including Appendix),2021,6.107227,5.989421,6.226829,,10695,1,Observed SEER Incidence Rate,106,Distant,21,21
1,Both Sexes,1,All Races / Ethnicities,1,All Ages,21,Colon (including Appendix),2022,6.086776,5.969970,6.205357,,10775,1,Observed SEER Incidence Rate,106,Distant,21,21
1,Both Sexes,1,All Races / Ethnicities,1,All Ages,21,Colon (including Appendix),2023,6.247922,6.130801,6.366789,,11295,1,Observed SEER Incidence Rate,106,Distant,21,21
1,Both Sexes,1,All Races / Ethnicities,1,All Ages,21,Colon (including Appendix),2004,2.577293,2.488466,2.668431,,3200,1,Observed SEER Incidence Rate,107,Unstaged,21,21
1,Both Sexes,1,All Races / Ethnicities,1,All Ages,21,Colon (including Appendix),2005,2.514664,2.427703,2.603902,,3182,1,Observed SEER Incidence Rate,107,Unstaged,21,21
1,Both Sexes,1,All Races / Ethnicities,1,All Ages,21,Colon (including Appendix),2006,2.371688,2.288027,2.457591,,3061,1,Observed SEER Incidence Rate,107,Unstaged,21,21
1,Both Sexes,1,All Races / Ethnicities,1,All Ages,21,Colon (including Appendix),2007,2.239632,2.159366,2.322094,,2973,1,Observed SEER Incidence Rate,107,Unstaged,21,21
1,Both Sexes,1,All Races / Ethnicities,1,All Ages,21,Colon (including Appendix),2008,2.084605,2.007857,2.163515,,2823,1,Observed SEER Incidence Rate,107,Unstaged,21,21
1,Both Sexes,1,All Races / Ethnicities,1,All Ages,21,Colon (including Appendix),2009,2.098234,2.022096,2.176492,,2914,1,Observed SEER Incidence Rate,107,Unstaged,21,21
1,Both Sexes,1,All Races / Ethnicities,1,All Ages,21,Colon (including Appendix),2010,2.031325,1.957223,2.107512,,2891,1,Observed SEER Incidence Rate,107,Unstaged,21,21
1,Both Sexes,1,All Races / Ethnicities,1,All Ages,21,Colon (including Appendix),2011,1.972309,1.900080,2.046586,,2878,1,Observed SEER Incidence Rate,107,Unstaged,21,21
1,Both Sexes,1,All Races / Ethnicities,1,All Ages,21,Colon (including Appendix),2012,1.928497,1.857693,2.001317,,2867,1,Observed SEER Incidence Rate,107,Unstaged,21,21
1,Both Sexes,1,All Races / Ethnicities,1,All Ages,21,Colon (including Appendix),2013,1.840921,1.772401,1.911426,,2792,1,Observed SEER Incidence Rate,107,Unstaged,21,21
1,Both Sexes,1,All Races / Ethnicities,1,All Ages,21,Colon (including Appendix),2014,1.973881,1.903670,2.046040,,3066,1,Observed SEER Incidence Rate,107,Unstaged,21,21
1,Both Sexes,1,All Races / Ethnicities,1,All Ages,21,Colon (including Appendix),2015,2.074880,2.003452,2.148229,,3283,1,Observed SEER Incidence Rate,107,Unstaged,21,21
1,Both Sexes,1,All Races / Ethnicities,1,All Ages,21,Colon (including Appendix),2016,1.937134,1.868727,2.007436,,3125,1,Observed SEER Incidence Rate,107,Unstaged,21,21
1,Both Sexes,1,All Races / Ethnicities,1,All Ages,21,Colon (including Appendix),2017,1.951631,1.883736,2.021389,,3220,1,Observed SEER Incidence Rate,107,Unstaged,21,21
1,Both Sexes,1,All Races / Ethnicities,1,All Ages,21,Colon (including Appendix),2018,2.117225,2.046882,2.189414,,3528,1,Observed SEER Incidence Rate,107,Unstaged,21,21
1,Both Sexes,1,All Races / Ethnicities,1,All Ages,21,Colon (including Appendix),2019,1.989757,1.922170,2.059165,,3370,1,Observed SEER Incidence Rate,107,Unstaged,21,21
1,Both Sexes,1,All Races / Ethnicities,1,All Ages,21,Colon (including Appendix),2020,1.737609,1.674765,1.802264,,2971,1,Observed SEER Incidence Rate,107,Unstaged,21,21
1,Both Sexes,1,All Races / Ethnicities,1,All Ages,21,Colon (including Appendix),2021,1.804467,1.740850,1.869881,,3125,1,Observed SEER Incidence Rate,107,Unstaged,21,21
1,Both Sexes,1,All Races / Ethnicities,1,All Ages,21,Colon (including Appendix),2022,1.803145,1.740128,1.867933,,3178,1,Observed SEER Incidence Rate,107,Unstaged,21,21
1,Both Sexes,1,All Races / Ethnicities,1,All Ages,21,Colon (including Appendix),2023,1.798905,1.736680,1.862868,,3246,1,Observed SEER Incidence Rate,107,Unstaged,21,21
1,Both Sexes,1,All Races / Ethnicities,1,All Ages,31,Rectum,2000,15.264069,15.042665,15.487873,15.247799,18158,1,Observed SEER Incidence Rate,101,All Stages,31,31
1,Both Sexes,1,All Races / Ethnicities,1,All Ages,31,Rectum,2001,14.886509,14.669623,15.105759,14.922897,18013,1,Observed SEER Incidence Rate,101,All Stages,31,31
1,Both Sexes,1,All Races / Ethnicities,1,All Ages,31,Rectum,2002,14.592224,14.379478,14.807297,14.604919,18017,1,Observed SEER Incidence Rate,101,All Stages,31,31
1,Both Sexes,1,All Races / Ethnicities,1,All Ages,31,Rectum,2003,14.237197,14.028778,14.447909,14.293716,17903,1,Observed SEER Incidence Rate,101,All Stages,31,31
1,Both Sexes,1,All Races / Ethnicities,1,All Ages,31,Rectum,2004,13.957090,13.752470,14.163969,13.989144,17896,1,Observed SEER Incidence Rate,101,All Stages,31,31
1,Both Sexes,1,All Races / Ethnicities,1,All Ages,31,Rectum,2005,13.737712,13.536478,13.941173,13.691062,17976,1,Observed SEER Incidence Rate,101,All Stages,31,31
1,Both Sexes,1,All Races / Ethnicities,1,All Ages,31,Rectum,2006,13.254016,13.058059,13.452166,13.399332,17693,1,Observed SEER Incidence Rate,101,All Stages,31,31
1,Both Sexes,1,All Races / Ethnicities,1,All Ages,31,Rectum,2007,13.319077,13.124486,13.515823,13.113818,18177,1,Observed SEER Incidence Rate,101,All Stages,31,31
1,Both Sexes,1,All Races / Ethnicities,1,All Ages,31,Rectum,2008,12.993345,12.802970,13.185840,12.834388,18125,1,Observed SEER Incidence Rate,101,All Stages,31,31
1,Both Sexes,1,All Races / Ethnicities,1,All Ages,31,Rectum,2009,12.564581,12.379464,12.751780,12.560911,17992,1,Observed SEER Incidence Rate,101,All Stages,31,31
1,Both Sexes,1,All Races / Ethnicities,1,All Ages,31,Rectum,2010,12.271434,12.090206,12.454709,12.293262,17976,1,Observed SEER Incidence Rate,101,All Stages,31,31
1,Both Sexes,1,All Races / Ethnicities,1,All Ages,31,Rectum,2011,11.940912,11.763630,12.120211,12.031317,17839,1,Observed SEER Incidence Rate,101,All Stages,31,31
1,Both Sexes,1,All Races / Ethnicities,1,All Ages,31,Rectum,2012,11.702766,11.529116,11.878399,11.774952,17900,1,Observed SEER Incidence Rate,101,All Stages,31,31
1,Both Sexes,1,All Races / Ethnicities,1,All Ages,31,Rectum,2013,11.671809,11.499975,11.845595,11.720258,18208,1,Observed SEER Incidence Rate,101,All Stages,31,31
1,Both Sexes,1,All Races / Ethnicities,1,All Ages,31,Rectum,2014,11.764757,11.593939,11.937496,11.665818,18781,1,Observed SEER Incidence Rate,101,All Stages,31,31
1,Both Sexes,1,All Races / Ethnicities,1,All Ages,31,Rectum,2015,11.616397,11.447897,11.786792,11.611630,18874,1,Observed SEER Incidence Rate,101,All Stages,31,31
1,Both Sexes,1,All Races / Ethnicities,1,All Ages,31,Rectum,2016,11.594128,11.426918,11.763211,11.557695,19129,1,Observed SEER Incidence Rate,101,All Stages,31,31
1,Both Sexes,1,All Races / Ethnicities,1,All Ages,31,Rectum,2017,11.457811,11.292817,11.624655,11.504009,19190,1,Observed SEER Incidence Rate,101,All Stages,31,31
1,Both Sexes,1,All Races / Ethnicities,1,All Ages,31,Rectum,2018,11.548994,11.384315,11.715505,11.566663,19588,1,Observed SEER Incidence Rate,101,All Stages,31,31
1,Both Sexes,1,All Races / Ethnicities,1,All Ages,31,Rectum,2019,11.627650,11.463258,11.793859,11.629659,19966,1,Observed SEER Incidence Rate,101,All Stages,31,31
1,Both Sexes,1,All Races / Ethnicities,1,All Ages,31,Rectum,2020,10.441041,10.285754,10.598138,11.692997,18063,1,Observed SEER Incidence Rate,101,All Stages,31,31
1,Both Sexes,1,All Races / Ethnicities,1,All Ages,31,Rectum,2021,11.791440,11.626604,11.958082,11.756681,20476,1,Observed SEER Incidence Rate,101,All Stages,31,31
1,Both Sexes,1,All Races / Ethnicities,1,All Ages,31,Rectum,2022,12.055434,11.889276,12.223386,12.114176,21068,1,Observed SEER Incidence Rate,101,All Stages,31,31
1,Both Sexes,1,All Races / Ethnicities,1,All Ages,31,Rectum,2023,12.511533,12.343043,12.681799,12.482542,22092,1,Observed SEER Incidence Rate,101,All Stages,31,31
1,Both Sexes,1,All Races / Ethnicities,1,All Ages,31,Rectum,2004,6.133533,5.998096,6.271233,,7860,1,Observed SEER Incidence Rate,104,Localized,31,31
1,Both Sexes,1,All Races / Ethnicities,1,All Ages,31,Rectum,2005,6.024399,5.891376,6.159650,,7884,1,Observed SEER Incidence Rate,104,Localized,31,31
1,Both Sexes,1,All Races / Ethnicities,1,All Ages,31,Rectum,2006,5.759577,5.630605,5.890746,,7685,1,Observed SEER Incidence Rate,104,Localized,31,31
1,Both Sexes,1,All Races / Ethnicities,1,All Ages,31,Rectum,2007,5.913757,5.784347,6.045324,,8077,1,Observed SEER Incidence Rate,104,Localized,31,31
1,Both Sexes,1,All Races / Ethnicities,1,All Ages,31,Rectum,2008,5.769490,5.643017,5.898082,,8069,1,Observed SEER Incidence Rate,104,Localized,31,31
1,Both Sexes,1,All Races / Ethnicities,1,All Ages,31,Rectum,2009,5.439749,5.318350,5.563228,,7811,1,Observed SEER Incidence Rate,104,Localized,31,31
1,Both Sexes,1,All Races / Ethnicities,1,All Ages,31,Rectum,2010,5.192412,5.074799,5.312074,,7616,1,Observed SEER Incidence Rate,104,Localized,31,31
1,Both Sexes,1,All Races / Ethnicities,1,All Ages,31,Rectum,2011,4.854013,4.741286,4.968759,,7259,1,Observed SEER Incidence Rate,104,Localized,31,31
1,Both Sexes,1,All Races / Ethnicities,1,All Ages,31,Rectum,2012,4.689098,4.579736,4.800439,,7210,1,Observed SEER Incidence Rate,104,Localized,31,31
1,Both Sexes,1,All Races / Ethnicities,1,All Ages,31,Rectum,2013,4.637109,4.529258,4.746911,,7259,1,Observed SEER Incidence Rate,104,Localized,31,31
1,Both Sexes,1,All Races / Ethnicities,1,All Ages,31,Rectum,2014,4.557793,4.451925,4.665580,,7298,1,Observed SEER Incidence Rate,104,Localized,31,31
1,Both Sexes,1,All Races / Ethnicities,1,All Ages,31,Rectum,2015,4.386853,4.284167,4.491424,,7207,1,Observed SEER Incidence Rate,104,Localized,31,31
1,Both Sexes,1,All Races / Ethnicities,1,All Ages,31,Rectum,2016,4.123493,4.024520,4.224332,,6864,1,Observed SEER Incidence Rate,104,Localized,31,31
1,Both Sexes,1,All Races / Ethnicities,1,All Ages,31,Rectum,2017,3.916545,3.820565,4.014374,,6585,1,Observed SEER Incidence Rate,104,Localized,31,31
1,Both Sexes,1,All Races / Ethnicities,1,All Ages,31,Rectum,2018,4.174477,4.075997,4.274786,,7111,1,Observed SEER Incidence Rate,104,Localized,31,31
1,Both Sexes,1,All Races / Ethnicities,1,All Ages,31,Rectum,2019,4.075298,3.978671,4.173735,,7051,1,Observed SEER Incidence Rate,104,Localized,31,31
1,Both Sexes,1,All Races / Ethnicities,1,All Ages,31,Rectum,2020,3.377059,3.289340,3.466580,,5874,1,Observed SEER Incidence Rate,104,Localized,31,31
1,Both Sexes,1,All Races / Ethnicities,1,All Ages,31,Rectum,2021,4.142313,4.044968,4.241467,,7200,1,Observed SEER Incidence Rate,104,Localized,31,31
1,Both Sexes,1,All Races / Ethnicities,1,All Ages,31,Rectum,2022,4.407593,4.307062,4.509928,,7649,1,Observed SEER Incidence Rate,104,Localized,31,31
1,Both Sexes,1,All Races / Ethnicities,1,All Ages,31,Rectum,2023,4.680970,4.577473,4.786261,,8161,1,Observed SEER Incidence Rate,104,Localized,31,31
1,Both Sexes,1,All Races / Ethnicities,1,All Ages,31,Rectum,2004,4.407135,4.292588,4.523944,,5662,1,Observed SEER Incidence Rate,105,Regional,31,31
1,Both Sexes,1,All Races / Ethnicities,1,All Ages,31,Rectum,2005,4.390491,4.277079,4.506132,,5749,1,Observed SEER Incidence Rate,105,Regional,31,31
1,Both Sexes,1,All Races / Ethnicities,1,All Ages,31,Rectum,2006,4.137944,4.028838,4.249246,,5531,1,Observed SEER Incidence Rate,105,Regional,31,31
1,Both Sexes,1,All Races / Ethnicities,1,All Ages,31,Rectum,2007,4.137066,4.028825,4.247471,,5634,1,Observed SEER Incidence Rate,105,Regional,31,31
1,Both Sexes,1,All Races / Ethnicities,1,All Ages,31,Rectum,2008,4.048215,3.942076,4.156483,,5629,1,Observed SEER Incidence Rate,105,Regional,31,31
1,Both Sexes,1,All Races / Ethnicities,1,All Ages,31,Rectum,2009,3.902919,3.799915,4.008011,,5578,1,Observed SEER Incidence Rate,105,Regional,31,31
1,Both Sexes,1,All Races / Ethnicities,1,All Ages,31,Rectum,2010,3.951601,3.848948,4.056308,,5776,1,Observed SEER Incidence Rate,105,Regional,31,31
1,Both Sexes,1,All Races / Ethnicities,1,All Ages,31,Rectum,2011,3.879794,3.778941,3.982672,,5789,1,Observed SEER Incidence Rate,105,Regional,31,31
1,Both Sexes,1,All Races / Ethnicities,1,All Ages,31,Rectum,2012,3.925611,3.825129,4.028085,,5987,1,Observed SEER Incidence Rate,105,Regional,31,31
1,Both Sexes,1,All Races / Ethnicities,1,All Ages,31,Rectum,2013,3.792455,3.694657,3.892212,,5910,1,Observed SEER Incidence Rate,105,Regional,31,31
1,Both Sexes,1,All Races / Ethnicities,1,All Ages,31,Rectum,2014,4.041169,3.941061,4.143206,,6428,1,Observed SEER Incidence Rate,105,Regional,31,31
1,Both Sexes,1,All Races / Ethnicities,1,All Ages,31,Rectum,2015,3.957703,3.859128,4.058190,,6379,1,Observed SEER Incidence Rate,105,Regional,31,31
1,Both Sexes,1,All Races / Ethnicities,1,All Ages,31,Rectum,2016,4.193839,4.093111,4.296454,,6873,1,Observed SEER Incidence Rate,105,Regional,31,31
1,Both Sexes,1,All Races / Ethnicities,1,All Ages,31,Rectum,2017,4.298199,4.197219,4.401037,,7187,1,Observed SEER Incidence Rate,105,Regional,31,31
1,Both Sexes,1,All Races / Ethnicities,1,All Ages,31,Rectum,2018,3.942508,3.846357,4.040500,,6672,1,Observed SEER Incidence Rate,105,Regional,31,31
1,Both Sexes,1,All Races / Ethnicities,1,All Ages,31,Rectum,2019,4.140836,4.042538,4.240965,,7058,1,Observed SEER Incidence Rate,105,Regional,31,31
1,Both Sexes,1,All Races / Ethnicities,1,All Ages,31,Rectum,2020,3.927198,3.831905,4.024310,,6768,1,Observed SEER Incidence Rate,105,Regional,31,31
1,Both Sexes,1,All Races / Ethnicities,1,All Ages,31,Rectum,2021,4.275644,4.176445,4.376657,,7411,1,Observed SEER Incidence Rate,105,Regional,31,31
1,Both Sexes,1,All Races / Ethnicities,1,All Ages,31,Rectum,2022,4.191607,4.093778,4.291234,,7327,1,Observed SEER Incidence Rate,105,Regional,31,31
1,Both Sexes,1,All Races / Ethnicities,1,All Ages,31,Rectum,2023,4.228919,4.131473,4.328138,,7515,1,Observed SEER Incidence Rate,105,Regional,31,31
1,Both Sexes,1,All Races / Ethnicities,1,All Ages,31,Rectum,2004,2.240691,2.159275,2.324369,,2882,1,Observed SEER Incidence Rate,106,Distant,31,31
1,Both Sexes,1,All Races / Ethnicities,1,All Ages,31,Rectum,2005,2.269888,2.188639,2.353367,,2978,1,Observed SEER Incidence Rate,106,Distant,31,31
1,Both Sexes,1,All Races / Ethnicities,1,All Ages,31,Rectum,2006,2.247200,2.167065,2.329531,,3010,1,Observed SEER Incidence Rate,106,Distant,31,31
1,Both Sexes,1,All Races / Ethnicities,1,All Ages,31,Rectum,2007,2.227601,2.148672,2.308686,,3059,1,Observed SEER Incidence Rate,106,Distant,31,31
1,Both Sexes,1,All Races / Ethnicities,1,All Ages,31,Rectum,2008,2.165343,2.088105,2.244706,,3027,1,Observed SEER Incidence Rate,106,Distant,31,31
1,Both Sexes,1,All Races / Ethnicities,1,All Ages,31,Rectum,2009,2.203311,2.126221,2.282488,,3160,1,Observed SEER Incidence Rate,106,Distant,31,31
1,Both Sexes,1,All Races / Ethnicities,1,All Ages,31,Rectum,2010,2.152352,2.076967,2.229788,,3164,1,Observed SEER Incidence Rate,106,Distant,31,31
1,Both Sexes,1,All Races / Ethnicities,1,All Ages,31,Rectum,2011,2.176552,2.101296,2.253830,,3261,1,Observed SEER Incidence Rate,106,Distant,31,31
1,Both Sexes,1,All Races / Ethnicities,1,All Ages,31,Rectum,2012,2.156074,2.081805,2.232336,,3293,1,Observed SEER Incidence Rate,106,Distant,31,31
1,Both Sexes,1,All Races / Ethnicities,1,All Ages,31,Rectum,2013,2.300915,2.224788,2.379007,,3576,1,Observed SEER Incidence Rate,106,Distant,31,31
1,Both Sexes,1,All Races / Ethnicities,1,All Ages,31,Rectum,2014,2.195020,2.121561,2.270408,,3507,1,Observed SEER Incidence Rate,106,Distant,31,31
1,Both Sexes,1,All Races / Ethnicities,1,All Ages,31,Rectum,2015,2.220094,2.146640,2.295454,,3597,1,Observed SEER Incidence Rate,106,Distant,31,31
1,Both Sexes,1,All Races / Ethnicities,1,All Ages,31,Rectum,2016,2.241441,2.168049,2.316720,,3684,1,Observed SEER Incidence Rate,106,Distant,31,31
1,Both Sexes,1,All Races / Ethnicities,1,All Ages,31,Rectum,2017,2.201860,2.129651,2.275934,,3670,1,Observed SEER Incidence Rate,106,Distant,31,31
1,Both Sexes,1,All Races / Ethnicities,1,All Ages,31,Rectum,2018,2.356891,2.282624,2.433002,,3989,1,Observed SEER Incidence Rate,106,Distant,31,31
1,Both Sexes,1,All Races / Ethnicities,1,All Ages,31,Rectum,2019,2.400105,2.325686,2.476348,,4129,1,Observed SEER Incidence Rate,106,Distant,31,31
1,Both Sexes,1,All Races / Ethnicities,1,All Ages,31,Rectum,2020,2.328072,2.254917,2.403046,,4024,1,Observed SEER Incidence Rate,106,Distant,31,31
1,Both Sexes,1,All Races / Ethnicities,1,All Ages,31,Rectum,2021,2.526292,2.450313,2.604084,,4401,1,Observed SEER Incidence Rate,106,Distant,31,31
1,Both Sexes,1,All Races / Ethnicities,1,All Ages,31,Rectum,2022,2.504161,2.429080,2.581032,,4424,1,Observed SEER Incidence Rate,106,Distant,31,31
1,Both Sexes,1,All Races / Ethnicities,1,All Ages,31,Rectum,2023,2.578901,2.503159,2.656411,,4609,1,Observed SEER Incidence Rate,106,Distant,31,31
1,Both Sexes,1,All Races / Ethnicities,1,All Ages,31,Rectum,2004,1.175729,1.116601,1.237143,,1492,1,Observed SEER Incidence Rate,107,Unstaged,31,31
1,Both Sexes,1,All Races / Ethnicities,1,All Ages,31,Rectum,2005,1.052934,0.997548,1.110571,,1365,1,Observed SEER Incidence Rate,107,Unstaged,31,31
1,Both Sexes,1,All Races / Ethnicities,1,All Ages,31,Rectum,2006,1.109293,1.052906,1.167897,,1467,1,Observed SEER Incidence Rate,107,Unstaged,31,31
1,Both Sexes,1,All Races / Ethnicities,1,All Ages,31,Rectum,2007,1.040651,0.986603,1.096877,,1407,1,Observed SEER Incidence Rate,107,Unstaged,31,31
1,Both Sexes,1,All Races / Ethnicities,1,All Ages,31,Rectum,2008,1.010296,0.957618,1.065112,,1400,1,Observed SEER Incidence Rate,107,Unstaged,31,31
1,Both Sexes,1,All Races / Ethnicities,1,All Ages,31,Rectum,2009,1.018602,0.966190,1.073118,,1443,1,Observed SEER Incidence Rate,107,Unstaged,31,31
1,Both Sexes,1,All Races / Ethnicities,1,All Ages,31,Rectum,2010,0.975067,0.924389,1.027811,,1420,1,Observed SEER Incidence Rate,107,Unstaged,31,31
1,Both Sexes,1,All Races / Ethnicities,1,All Ages,31,Rectum,2011,1.030551,0.978870,1.084267,,1530,1,Observed SEER Incidence Rate,107,Unstaged,31,31
1,Both Sexes,1,All Races / Ethnicities,1,All Ages,31,Rectum,2012,0.931981,0.883244,0.982725,,1410,1,Observed SEER Incidence Rate,107,Unstaged,31,31
1,Both Sexes,1,All Races / Ethnicities,1,All Ages,31,Rectum,2013,0.941327,0.893014,0.991604,,1463,1,Observed SEER Incidence Rate,107,Unstaged,31,31
1,Both Sexes,1,All Races / Ethnicities,1,All Ages,31,Rectum,2014,0.970774,0.922219,1.021258,,1548,1,Observed SEER Incidence Rate,107,Unstaged,31,31
1,Both Sexes,1,All Races / Ethnicities,1,All Ages,31,Rectum,2015,1.051745,1.001320,1.104086,,1691,1,Observed SEER Incidence Rate,107,Unstaged,31,31
1,Both Sexes,1,All Races / Ethnicities,1,All Ages,31,Rectum,2016,1.035353,0.985927,1.086659,,1708,1,Observed SEER Incidence Rate,107,Unstaged,31,31
1,Both Sexes,1,All Races / Ethnicities,1,All Ages,31,Rectum,2017,1.041204,0.992042,1.092221,,1748,1,Observed SEER Incidence Rate,107,Unstaged,31,31
1,Both Sexes,1,All Races / Ethnicities,1,All Ages,31,Rectum,2018,1.062272,1.012784,1.113601,,1794,1,Observed SEER Incidence Rate,107,Unstaged,31,31
1,Both Sexes,1,All Races / Ethnicities,1,All Ages,31,Rectum,2019,1.011409,0.963359,1.061288,,1728,1,Observed SEER Incidence Rate,107,Unstaged,31,31
1,Both Sexes,1,All Races / Ethnicities,1,All Ages,31,Rectum,2020,0.808711,0.766037,0.853201,,1397,1,Observed SEER Incidence Rate,107,Unstaged,31,31
1,Both Sexes,1,All Races / Ethnicities,1,All Ages,31,Rectum,2021,0.847188,0.803523,0.892669,,1464,1,Observed SEER Incidence Rate,107,Unstaged,31,31
1,Both Sexes,1,All Races / Ethnicities,1,All Ages,31,Rectum,2022,0.952072,0.906042,0.999896,,1668,1,Observed SEER Incidence Rate,107,Unstaged,31,31
1,Both Sexes,1,All Races / Ethnicities,1,All Ages,31,Rectum,2023,1.022742,0.975118,1.072147,,1807,1,Observed SEER Incidence Rate,107,Unstaged,31,31
1,Both Sexes,1,All Races / Ethnicities,1,All Ages,670,Colon and Rectum (excluding Appendix),2000,55.169151,54.745982,55.594728,55.455345,65151,1,Observed SEER Incidence Rate,101,All Stages,670,670
1,Both Sexes,1,All Races / Ethnicities,1,All Ages,670,Colon and Rectum (excluding Appendix),2001,54.016124,53.600535,54.434087,54.115182,64804,1,Observed SEER Incidence Rate,101,All Stages,670,670
1,Both Sexes,1,All Races / Ethnicities,1,All Ages,670,Colon and Rectum (excluding Appendix),2002,53.267280,52.857979,53.678921,52.807407,65065,1,Observed SEER Incidence Rate,101,All Stages,670,670
1,Both Sexes,1,All Races / Ethnicities,1,All Ages,670,Colon and Rectum (excluding Appendix),2003,51.695532,51.295593,52.097776,51.531237,64298,1,Observed SEER Incidence Rate,101,All Stages,670,670
1,Both Sexes,1,All Races / Ethnicities,1,All Ages,670,Colon and Rectum (excluding Appendix),2004,50.386504,49.994737,50.780545,50.285907,63816,1,Observed SEER Incidence Rate,101,All Stages,670,670
1,Both Sexes,1,All Races / Ethnicities,1,All Ages,670,Colon and Rectum (excluding Appendix),2005,48.906499,48.523686,49.291555,49.070672,63123,1,Observed SEER Incidence Rate,101,All Stages,670,670
1,Both Sexes,1,All Races / Ethnicities,1,All Ages,670,Colon and Rectum (excluding Appendix),2006,47.483315,47.108993,47.859849,47.884805,62394,1,Observed SEER Incidence Rate,101,All Stages,670,670
1,Both Sexes,1,All Races / Ethnicities,1,All Ages,670,Colon and Rectum (excluding Appendix),2007,46.824425,46.456270,47.194755,46.727596,62930,1,Observed SEER Incidence Rate,101,All Stages,670,670
1,Both Sexes,1,All Races / Ethnicities,1,All Ages,670,Colon and Rectum (excluding Appendix),2008,45.512234,45.152643,45.873962,45.138523,62500,1,Observed SEER Incidence Rate,101,All Stages,670,670
1,Both Sexes,1,All Races / Ethnicities,1,All Ages,670,Colon and Rectum (excluding Appendix),2009,43.533308,43.185161,43.883558,43.603490,61231,1,Observed SEER Incidence Rate,101,All Stages,670,670
1,Both Sexes,1,All Races / Ethnicities,1,All Ages,670,Colon and Rectum (excluding Appendix),2010,41.792004,41.454110,42.131966,42.120659,60113,1,Observed SEER Incidence Rate,101,All Stages,670,670
1,Both Sexes,1,All Races / Ethnicities,1,All Ages,670,Colon and Rectum (excluding Appendix),2011,40.686422,40.355743,41.019140,40.688255,59673,1,Observed SEER Incidence Rate,101,All Stages,670,670
1,Both Sexes,1,All Races / Ethnicities,1,All Ages,670,Colon and Rectum (excluding Appendix),2012,39.396346,39.074455,39.720240,39.304562,59156,1,Observed SEER Incidence Rate,101,All Stages,670,670
1,Both Sexes,1,All Races / Ethnicities,1,All Ages,670,Colon and Rectum (excluding Appendix),2013,38.649023,38.333448,38.966568,38.805120,59300,1,Observed SEER Incidence Rate,101,All Stages,670,670
1,Both Sexes,1,All Races / Ethnicities,1,All Ages,670,Colon and Rectum (excluding Appendix),2014,38.628646,38.316366,38.942862,38.312024,60661,1,Observed SEER Incidence Rate,101,All Stages,670,670
1,Both Sexes,1,All Races / Ethnicities,1,All Ages,670,Colon and Rectum (excluding Appendix),2015,37.875944,37.569106,38.184691,37.825193,60573,1,Observed SEER Incidence Rate,101,All Stages,670,670
1,Both Sexes,1,All Races / Ethnicities,1,All Ages,670,Colon and Rectum (excluding Appendix),2016,37.322154,37.020063,37.626130,37.344549,60802,1,Observed SEER Incidence Rate,101,All Stages,670,670
1,Both Sexes,1,All Races / Ethnicities,1,All Ages,670,Colon and Rectum (excluding Appendix),2017,36.586784,36.290345,36.885082,36.870012,60643,1,Observed SEER Incidence Rate,101,All Stages,670,670
1,Both Sexes,1,All Races / Ethnicities,1,All Ages,670,Colon and Rectum (excluding Appendix),2018,36.656339,36.362183,36.952327,36.401506,61788,1,Observed SEER Incidence Rate,101,All Stages,670,670
1,Both Sexes,1,All Races / Ethnicities,1,All Ages,670,Colon and Rectum (excluding Appendix),2019,36.558254,36.266609,36.851712,36.435448,62583,1,Observed SEER Incidence Rate,101,All Stages,670,670
1,Both Sexes,1,All Races / Ethnicities,1,All Ages,670,Colon and Rectum (excluding Appendix),2020,32.486657,32.212900,32.762214,36.469422,56152,1,Observed SEER Incidence Rate,101,All Stages,670,670
1,Both Sexes,1,All Races / Ethnicities,1,All Ages,670,Colon and Rectum (excluding Appendix),2021,36.271240,35.983074,36.561200,36.503427,63269,1,Observed SEER Incidence Rate,101,All Stages,670,670
1,Both Sexes,1,All Races / Ethnicities,1,All Ages,670,Colon and Rectum (excluding Appendix),2022,35.987063,35.701818,36.274081,36.537464,63508,1,Observed SEER Incidence Rate,101,All Stages,670,670
1,Both Sexes,1,All Races / Ethnicities,1,All Ages,670,Colon and Rectum (excluding Appendix),2023,37.108469,36.821276,37.397411,36.571533,66659,1,Observed SEER Incidence Rate,101,All Stages,670,670
1,Both Sexes,1,All Races / Ethnicities,1,All Ages,670,Colon and Rectum (excluding Appendix),2004,19.912114,19.665940,20.160566,,25184,1,Observed SEER Incidence Rate,104,Localized,670,670
1,Both Sexes,1,All Races / Ethnicities,1,All Ages,670,Colon and Rectum (excluding Appendix),2005,19.515984,19.274241,19.759973,,25154,1,Observed SEER Incidence Rate,104,Localized,670,670
1,Both Sexes,1,All Races / Ethnicities,1,All Ages,670,Colon and Rectum (excluding Appendix),2006,18.977204,18.740561,19.216064,,24886,1,Observed SEER Incidence Rate,104,Localized,670,670
1,Both Sexes,1,All Races / Ethnicities,1,All Ages,670,Colon and Rectum (excluding Appendix),2007,18.974758,18.740383,19.211312,,25451,1,Observed SEER Incidence Rate,104,Localized,670,670
1,Both Sexes,1,All Races / Ethnicities,1,All Ages,670,Colon and Rectum (excluding Appendix),2008,18.535741,18.306350,18.767273,,25426,1,Observed SEER Incidence Rate,104,Localized,670,670
1,Both Sexes,1,All Races / Ethnicities,1,All Ages,670,Colon and Rectum (excluding Appendix),2009,17.594172,17.373055,17.817394,,24750,1,Observed SEER Incidence Rate,104,Localized,670,670
1,Both Sexes,1,All Races / Ethnicities,1,All Ages,670,Colon and Rectum (excluding Appendix),2010,16.429076,16.217273,16.642952,,23600,1,Observed SEER Incidence Rate,104,Localized,670,670
1,Both Sexes,1,All Races / Ethnicities,1,All Ages,670,Colon and Rectum (excluding Appendix),2011,15.740785,15.535176,15.948437,,23048,1,Observed SEER Incidence Rate,104,Localized,670,670
1,Both Sexes,1,All Races / Ethnicities,1,All Ages,670,Colon and Rectum (excluding Appendix),2012,15.090286,14.891278,15.291297,,22654,1,Observed SEER Incidence Rate,104,Localized,670,670
1,Both Sexes,1,All Races / Ethnicities,1,All Ages,670,Colon and Rectum (excluding Appendix),2013,14.755497,14.560859,14.952105,,22665,1,Observed SEER Incidence Rate,104,Localized,670,670
1,Both Sexes,1,All Races / Ethnicities,1,All Ages,670,Colon and Rectum (excluding Appendix),2014,14.578212,14.386838,14.771520,,22944,1,Observed SEER Incidence Rate,104,Localized,670,670
1,Both Sexes,1,All Races / Ethnicities,1,All Ages,670,Colon and Rectum (excluding Appendix),2015,14.009350,13.823473,14.197131,,22516,1,Observed SEER Incidence Rate,104,Localized,670,670
1,Both Sexes,1,All Races / Ethnicities,1,All Ages,670,Colon and Rectum (excluding Appendix),2016,12.672706,12.497671,12.849617,,20816,1,Observed SEER Incidence Rate,104,Localized,670,670
1,Both Sexes,1,All Races / Ethnicities,1,All Ages,670,Colon and Rectum (excluding Appendix),2017,12.093624,11.924047,12.265053,,20171,1,Observed SEER Incidence Rate,104,Localized,670,670
1,Both Sexes,1,All Races / Ethnicities,1,All Ages,670,Colon and Rectum (excluding Appendix),2018,12.694190,12.521746,12.868463,,21478,1,Observed SEER Incidence Rate,104,Localized,670,670
1,Both Sexes,1,All Races / Ethnicities,1,All Ages,670,Colon and Rectum (excluding Appendix),2019,12.391425,12.222677,12.561977,,21390,1,Observed SEER Incidence Rate,104,Localized,670,670
1,Both Sexes,1,All Races / Ethnicities,1,All Ages,670,Colon and Rectum (excluding Appendix),2020,10.202027,10.049593,10.356253,,17778,1,Observed SEER Incidence Rate,104,Localized,670,670
1,Both Sexes,1,All Races / Ethnicities,1,All Ages,670,Colon and Rectum (excluding Appendix),2021,11.911886,11.747559,12.078001,,20898,1,Observed SEER Incidence Rate,104,Localized,670,670
1,Both Sexes,1,All Races / Ethnicities,1,All Ages,670,Colon and Rectum (excluding Appendix),2022,12.170091,12.004571,12.337385,,21499,1,Observed SEER Incidence Rate,104,Localized,670,670
1,Both Sexes,1,All Races / Ethnicities,1,All Ages,670,Colon and Rectum (excluding Appendix),2023,12.689928,12.522085,12.859522,,22777,1,Observed SEER Incidence Rate,104,Localized,670,670
1,Both Sexes,1,All Races / Ethnicities,1,All Ages,670,Colon and Rectum (excluding Appendix),2004,17.613871,17.382644,17.847373,,22326,1,Observed SEER Incidence Rate,105,Regional,670,670
1,Both Sexes,1,All Races / Ethnicities,1,All Ages,670,Colon and Rectum (excluding Appendix),2005,16.894937,16.670238,17.121880,,21805,1,Observed SEER Incidence Rate,105,Regional,670,670
1,Both Sexes,1,All Races / Ethnicities,1,All Ages,670,Colon and Rectum (excluding Appendix),2006,16.198736,15.980437,16.419247,,21292,1,Observed SEER Incidence Rate,105,Regional,670,670
1,Both Sexes,1,All Races / Ethnicities,1,All Ages,670,Colon and Rectum (excluding Appendix),2007,15.956939,15.742298,16.173757,,21441,1,Observed SEER Incidence Rate,105,Regional,670,670
1,Both Sexes,1,All Races / Ethnicities,1,All Ages,670,Colon and Rectum (excluding Appendix),2008,15.416610,15.207513,15.627849,,21151,1,Observed SEER Incidence Rate,105,Regional,670,670
1,Both Sexes,1,All Races / Ethnicities,1,All Ages,670,Colon and Rectum (excluding Appendix),2009,14.536946,14.335735,14.740267,,20383,1,Observed SEER Incidence Rate,105,Regional,670,670
1,Both Sexes,1,All Races / Ethnicities,1,All Ages,670,Colon and Rectum (excluding Appendix),2010,14.197822,14.000917,14.396802,,20373,1,Observed SEER Incidence Rate,105,Regional,670,670
1,Both Sexes,1,All Races / Ethnicities,1,All Ages,670,Colon and Rectum (excluding Appendix),2011,13.921927,13.728407,14.117493,,20348,1,Observed SEER Incidence Rate,105,Regional,670,670
1,Both Sexes,1,All Races / Ethnicities,1,All Ages,670,Colon and Rectum (excluding Appendix),2012,13.517282,13.328670,13.707903,,20228,1,Observed SEER Incidence Rate,105,Regional,670,670
1,Both Sexes,1,All Races / Ethnicities,1,All Ages,670,Colon and Rectum (excluding Appendix),2013,13.083412,12.899796,13.269004,,20021,1,Observed SEER Incidence Rate,105,Regional,670,670
1,Both Sexes,1,All Races / Ethnicities,1,All Ages,670,Colon and Rectum (excluding Appendix),2014,13.165894,12.983468,13.350264,,20601,1,Observed SEER Incidence Rate,105,Regional,670,670
1,Both Sexes,1,All Races / Ethnicities,1,All Ages,670,Colon and Rectum (excluding Appendix),2015,12.943130,12.763432,13.124749,,20584,1,Observed SEER Incidence Rate,105,Regional,670,670
1,Both Sexes,1,All Races / Ethnicities,1,All Ages,670,Colon and Rectum (excluding Appendix),2016,13.881218,13.696454,14.067878,,22436,1,Observed SEER Incidence Rate,105,Regional,670,670
1,Both Sexes,1,All Races / Ethnicities,1,All Ages,670,Colon and Rectum (excluding Appendix),2017,13.899797,13.716817,14.084642,,22930,1,Observed SEER Incidence Rate,105,Regional,670,670
1,Both Sexes,1,All Races / Ethnicities,1,All Ages,670,Colon and Rectum (excluding Appendix),2018,12.788637,12.614820,12.964292,,21499,1,Observed SEER Incidence Rate,105,Regional,670,670
1,Both Sexes,1,All Races / Ethnicities,1,All Ages,670,Colon and Rectum (excluding Appendix),2019,13.193208,13.017569,13.370670,,22432,1,Observed SEER Incidence Rate,105,Regional,670,670
1,Both Sexes,1,All Races / Ethnicities,1,All Ages,670,Colon and Rectum (excluding Appendix),2020,12.145720,11.977993,12.315259,,20868,1,Observed SEER Incidence Rate,105,Regional,670,670
1,Both Sexes,1,All Races / Ethnicities,1,All Ages,670,Colon and Rectum (excluding Appendix),2021,13.462023,13.286189,13.639659,,23368,1,Observed SEER Incidence Rate,105,Regional,670,670
1,Both Sexes,1,All Races / Ethnicities,1,All Ages,670,Colon and Rectum (excluding Appendix),2022,12.932183,12.761140,13.105005,,22776,1,Observed SEER Incidence Rate,105,Regional,670,670
1,Both Sexes,1,All Races / Ethnicities,1,All Ages,670,Colon and Rectum (excluding Appendix),2023,13.249883,13.078427,13.423090,,23788,1,Observed SEER Incidence Rate,105,Regional,670,670
1,Both Sexes,1,All Races / Ethnicities,1,All Ages,670,Colon and Rectum (excluding Appendix),2004,9.138563,8.972704,9.306690,,11656,1,Observed SEER Incidence Rate,106,Distant,670,670
1,Both Sexes,1,All Races / Ethnicities,1,All Ages,670,Colon and Rectum (excluding Appendix),2005,8.967166,8.804315,9.132252,,11669,1,Observed SEER Incidence Rate,106,Distant,670,670
1,Both Sexes,1,All Races / Ethnicities,1,All Ages,670,Colon and Rectum (excluding Appendix),2006,8.861706,8.701013,9.024605,,11737,1,Observed SEER Incidence Rate,106,Distant,670,670
1,Both Sexes,1,All Races / Ethnicities,1,All Ages,670,Colon and Rectum (excluding Appendix),2007,8.656802,8.499452,8.816320,,11720,1,Observed SEER Incidence Rate,106,Distant,670,670
1,Both Sexes,1,All Races / Ethnicities,1,All Ages,670,Colon and Rectum (excluding Appendix),2008,8.499117,8.344592,8.655775,,11749,1,Observed SEER Incidence Rate,106,Distant,670,670
1,Both Sexes,1,All Races / Ethnicities,1,All Ages,670,Colon and Rectum (excluding Appendix),2009,8.321317,8.170016,8.474715,,11792,1,Observed SEER Incidence Rate,106,Distant,670,670
1,Both Sexes,1,All Races / Ethnicities,1,All Ages,670,Colon and Rectum (excluding Appendix),2010,8.192706,8.044041,8.343432,,11880,1,Observed SEER Incidence Rate,106,Distant,670,670
1,Both Sexes,1,All Races / Ethnicities,1,All Ages,670,Colon and Rectum (excluding Appendix),2011,8.056714,7.910499,8.204962,,11922,1,Observed SEER Incidence Rate,106,Distant,670,670
1,Both Sexes,1,All Races / Ethnicities,1,All Ages,670,Colon and Rectum (excluding Appendix),2012,7.965685,7.821762,8.111605,,12054,1,Observed SEER Incidence Rate,106,Distant,670,670
1,Both Sexes,1,All Races / Ethnicities,1,All Ages,670,Colon and Rectum (excluding Appendix),2013,8.068537,7.924825,8.214219,,12420,1,Observed SEER Incidence Rate,106,Distant,670,670
1,Both Sexes,1,All Races / Ethnicities,1,All Ages,670,Colon and Rectum (excluding Appendix),2014,7.989745,7.848143,8.133285,,12580,1,Observed SEER Incidence Rate,106,Distant,670,670
1,Both Sexes,1,All Races / Ethnicities,1,All Ages,670,Colon and Rectum (excluding Appendix),2015,7.844253,7.705005,7.985414,,12572,1,Observed SEER Incidence Rate,106,Distant,670,670
1,Both Sexes,1,All Races / Ethnicities,1,All Ages,670,Colon and Rectum (excluding Appendix),2016,7.846890,7.708648,7.987019,,12797,1,Observed SEER Incidence Rate,106,Distant,670,670
1,Both Sexes,1,All Races / Ethnicities,1,All Ages,670,Colon and Rectum (excluding Appendix),2017,7.653613,7.518059,7.791034,,12659,1,Observed SEER Incidence Rate,106,Distant,670,670
1,Both Sexes,1,All Races / Ethnicities,1,All Ages,670,Colon and Rectum (excluding Appendix),2018,8.030761,7.893245,8.170115,,13547,1,Observed SEER Incidence Rate,106,Distant,670,670
1,Both Sexes,1,All Races / Ethnicities,1,All Ages,670,Colon and Rectum (excluding Appendix),2019,8.038480,7.901851,8.176927,,13768,1,Observed SEER Incidence Rate,106,Distant,670,670
1,Both Sexes,1,All Races / Ethnicities,1,All Ages,670,Colon and Rectum (excluding Appendix),2020,7.644746,7.512059,7.779242,,13222,1,Observed SEER Incidence Rate,106,Distant,670,670
1,Both Sexes,1,All Races / Ethnicities,1,All Ages,670,Colon and Rectum (excluding Appendix),2021,8.296885,8.159226,8.436343,,14499,1,Observed SEER Incidence Rate,106,Distant,670,670
1,Both Sexes,1,All Races / Ethnicities,1,All Ages,670,Colon and Rectum (excluding Appendix),2022,8.176618,8.040976,8.314036,,14468,1,Observed SEER Incidence Rate,106,Distant,670,670
1,Both Sexes,1,All Races / Ethnicities,1,All Ages,670,Colon and Rectum (excluding Appendix),2023,8.397749,8.261524,8.535723,,15130,1,Observed SEER Incidence Rate,106,Distant,670,670
1,Both Sexes,1,All Races / Ethnicities,1,All Ages,670,Colon and Rectum (excluding Appendix),2004,3.721955,3.615367,3.830844,,4650,1,Observed SEER Incidence Rate,107,Unstaged,670,670
1,Both Sexes,1,All Races / Ethnicities,1,All Ages,670,Colon and Rectum (excluding Appendix),2005,3.528411,3.425578,3.633511,,4495,1,Observed SEER Incidence Rate,107,Unstaged,670,670
1,Both Sexes,1,All Races / Ethnicities,1,All Ages,670,Colon and Rectum (excluding Appendix),2006,3.445668,3.344979,3.548587,,4479,1,Observed SEER Incidence Rate,107,Unstaged,670,670
1,Both Sexes,1,All Races / Ethnicities,1,All Ages,670,Colon and Rectum (excluding Appendix),2007,3.235925,3.139512,3.334524,,4318,1,Observed SEER Incidence Rate,107,Unstaged,670,670
1,Both Sexes,1,All Races / Ethnicities,1,All Ages,670,Colon and Rectum (excluding Appendix),2008,3.060765,2.967898,3.155782,,4174,1,Observed SEER Incidence Rate,107,Unstaged,670,670
1,Both Sexes,1,All Races / Ethnicities,1,All Ages,670,Colon and Rectum (excluding Appendix),2009,3.080871,2.988703,3.175152,,4306,1,Observed SEER Incidence Rate,107,Unstaged,670,670
1,Both Sexes,1,All Races / Ethnicities,1,All Ages,670,Colon and Rectum (excluding Appendix),2010,2.972398,2.882850,3.064020,,4260,1,Observed SEER Incidence Rate,107,Unstaged,670,670
1,Both Sexes,1,All Races / Ethnicities,1,All Ages,670,Colon and Rectum (excluding Appendix),2011,2.966994,2.878452,3.057574,,4355,1,Observed SEER Incidence Rate,107,Unstaged,670,670
1,Both Sexes,1,All Races / Ethnicities,1,All Ages,670,Colon and Rectum (excluding Appendix),2012,2.823092,2.737444,2.910749,,4220,1,Observed SEER Incidence Rate,107,Unstaged,670,670
1,Both Sexes,1,All Races / Ethnicities,1,All Ages,670,Colon and Rectum (excluding Appendix),2013,2.741575,2.658124,2.827000,,4194,1,Observed SEER Incidence Rate,107,Unstaged,670,670
1,Both Sexes,1,All Races / Ethnicities,1,All Ages,670,Colon and Rectum (excluding Appendix),2014,2.894793,2.809923,2.981603,,4536,1,Observed SEER Incidence Rate,107,Unstaged,670,670
1,Both Sexes,1,All Races / Ethnicities,1,All Ages,670,Colon and Rectum (excluding Appendix),2015,3.079209,2.992232,3.168100,,4901,1,Observed SEER Incidence Rate,107,Unstaged,670,670
1,Both Sexes,1,All Races / Ethnicities,1,All Ages,670,Colon and Rectum (excluding Appendix),2016,2.921339,2.837476,3.007088,,4753,1,Observed SEER Incidence Rate,107,Unstaged,670,670
1,Both Sexes,1,All Races / Ethnicities,1,All Ages,670,Colon and Rectum (excluding Appendix),2017,2.939749,2.856472,3.024881,,4883,1,Observed SEER Incidence Rate,107,Unstaged,670,670
1,Both Sexes,1,All Races / Ethnicities,1,All Ages,670,Colon and Rectum (excluding Appendix),2018,3.118919,3.033542,3.206136,,5223,1,Observed SEER Incidence Rate,107,Unstaged,670,670
1,Both Sexes,1,All Races / Ethnicities,1,All Ages,670,Colon and Rectum (excluding Appendix),2019,2.934481,2.852332,3.018448,,4992,1,Observed SEER Incidence Rate,107,Unstaged,670,670
1,Both Sexes,1,All Races / Ethnicities,1,All Ages,670,Colon and Rectum (excluding Appendix),2020,2.494162,2.418824,2.571306,,4284,1,Observed SEER Incidence Rate,107,Unstaged,670,670
1,Both Sexes,1,All Races / Ethnicities,1,All Ages,670,Colon and Rectum (excluding Appendix),2021,2.600445,2.523856,2.678830,,4504,1,Observed SEER Incidence Rate,107,Unstaged,670,670
1,Both Sexes,1,All Races / Ethnicities,1,All Ages,670,Colon and Rectum (excluding Appendix),2022,2.708170,2.630607,2.787506,,4765,1,Observed SEER Incidence Rate,107,Unstaged,670,670
1,Both Sexes,1,All Races / Ethnicities,1,All Ages,670,Colon and Rectum (excluding Appendix),2023,2.770908,2.693060,2.850505,,4964,1,Observed SEER Incidence Rate,107,Unstaged,670,670
3,Female,1,All Races / Ethnicities,1,All Ages,58,"Corpus and Uterus, NOS",2000,4.108061,4.008938,4.209060,4.115962,6585,,,,,,
3,Female,1,All Races / Ethnicities,1,All Ages,58,"Corpus and Uterus, NOS",2001,4.177160,4.077853,4.278321,4.129694,6783,,,,,,
3,Female,1,All Races / Ethnicities,1,All Ages,58,"Corpus and Uterus, NOS",2002,4.169004,4.070389,4.269452,4.143472,6853,,,,,,
3,Female,1,All Races / Ethnicities,1,All Ages,58,"Corpus and Uterus, NOS",2003,4.140734,4.043087,4.240192,4.157295,6899,,,,,,
3,Female,1,All Races / Ethnicities,1,All Ages,58,"Corpus and Uterus, NOS",2004,4.138282,4.041246,4.237109,4.171165,6990,,,,,,
3,Female,1,All Races / Ethnicities,1,All Ages,58,"Corpus and Uterus, NOS",2005,4.120169,4.024182,4.217923,4.185081,7096,,,,,,
3,Female,1,All Races / Ethnicities,1,All Ages,58,"Corpus and Uterus, NOS",2006,4.228785,4.132090,4.327228,4.199043,7384,,,,,,
3,Female,1,All Races / Ethnicities,1,All Ages,58,"Corpus and Uterus, NOS",2007,4.198372,4.102705,4.295765,4.213052,7456,,,,,,
3,Female,1,All Races / Ethnicities,1,All Ages,58,"Corpus and Uterus, NOS",2008,4.214959,4.120153,4.311461,4.227108,7675,,,,,,
3,Female,1,All Races / Ethnicities,1,All Ages,58,"Corpus and Uterus, NOS",2009,4.175122,4.081299,4.270624,4.241210,7713,,,,,,
3,Female,1,All Races / Ethnicities,1,All Ages,58,"Corpus and Uterus, NOS",2010,4.454619,4.358493,4.552402,4.345347,8402,,,,,,
3,Female,1,All Races / Ethnicities,1,All Ages,58,"Corpus and Uterus, NOS",2011,4.498515,4.402645,4.596023,4.452040,8641,,,,,,
3,Female,1,All Races / Ethnicities,1,All Ages,58,"Corpus and Uterus, NOS",2012,4.539911,4.444591,4.636844,4.561353,8911,,,,,,
3,Female,1,All Races / Ethnicities,1,All Ages,58,"Corpus and Uterus, NOS",2013,4.684349,4.588121,4.782173,4.673349,9325,,,,,,
3,Female,1,All Races / Ethnicities,1,All Ages,58,"Corpus and Uterus, NOS",2014,4.769833,4.673841,4.867394,4.788096,9727,,,,,,
3,Female,1,All Races / Ethnicities,1,All Ages,58,"Corpus and Uterus, NOS",2015,4.863222,4.766996,4.960999,4.905660,10096,,,,,,
3,Female,1,All Races / Ethnicities,1,All Ages,58,"Corpus and Uterus, NOS",2016,5.079843,4.982163,5.179057,5.026111,10733,,,,,,
3,Female,1,All Races / Ethnicities,1,All Ages,58,"Corpus and Uterus, NOS",2017,5.113403,5.016305,5.212014,5.086005,10994,,,,,,
3,Female,1,All Races / Ethnicities,1,All Ages,58,"Corpus and Uterus, NOS",2018,5.111734,5.015810,5.209146,5.146613,11238,,,,,,
3,Female,1,All Races / Ethnicities,1,All Ages,58,"Corpus and Uterus, NOS",2019,5.167568,5.071886,5.264721,5.207942,11556,,,,,,
3,Female,1,All Races / Ethnicities,1,All Ages,58,"Corpus and Uterus, NOS",2020,5.259626,5.164007,5.356699,5.270003,11995,,,,,,
3,Female,1,All Races / Ethnicities,1,All Ages,58,"Corpus and Uterus, NOS",2021,5.300514,5.204798,5.397679,5.332803,12208,,,,,,
3,Female,1,All Races / Ethnicities,1,All Ages,58,"Corpus and Uterus, NOS",2022,5.413105,5.317725,5.509905,5.396352,12763,,,,,,
3,Female,1,All Races / Ethnicities,1,All Ages,58,"Corpus and Uterus, NOS",2023,5.557332,5.461393,5.654673,5.460658,13342,,,,,,
3,Female,1,All Races / Ethnicities,1,All Ages,58,"Corpus and Uterus, NOS",2024,5.472235,5.378168,5.567680,5.525730,13440,,,,,,
1,Both Sexes,1,All Races / Ethnicities,1,All Ages,17,Esophagus,2000,4.389783,4.312315,4.468291,4.410062,12232,,,,,,
1,Both Sexes,1,All Races / Ethnicities,1,All Ages,17,Esophagus,2001,4.433553,4.356224,4.511909,4.405420,12529,,,,,,
1,Both Sexes,1,All Races / Ethnicities,1,All Ages,17,Esophagus,2002,4.411689,4.335214,4.489176,4.400783,12700,,,,,,
1,Both Sexes,1,All Races / Ethnicities,1,All Ages,17,Esophagus,2003,4.380338,4.304814,4.456858,4.396150,12860,,,,,,
1,Both Sexes,1,All Races / Ethnicities,1,All Ages,17,Esophagus,2004,4.357909,4.283156,4.433645,4.391523,13023,,,,,,
1,Both Sexes,1,All Races / Ethnicities,1,All Ages,17,Esophagus,2005,4.436883,4.362026,4.512710,4.386900,13499,,,,,,
1,Both Sexes,1,All Races / Ethnicities,1,All Ages,17,Esophagus,2006,4.405823,4.331895,4.480706,4.382283,13685,,,,,,
1,Both Sexes,1,All Races / Ethnicities,1,All Ages,17,Esophagus,2007,4.271792,4.199749,4.344772,4.334148,13592,,,,,,
1,Both Sexes,1,All Races / Ethnicities,1,All Ages,17,Esophagus,2008,4.220266,4.149308,4.292147,4.286542,13714,,,,,,
1,Both Sexes,1,All Races / Ethnicities,1,All Ages,17,Esophagus,2009,4.174171,4.104342,4.244908,4.239458,13908,,,,,,
1,Both Sexes,1,All Races / Ethnicities,1,All Ages,17,Esophagus,2010,4.260323,4.190349,4.331192,4.192892,14490,,,,,,
1,Both Sexes,1,All Races / Ethnicities,1,All Ages,17,Esophagus,2011,4.160636,4.092077,4.230079,4.146838,14446,,,,,,
1,Both Sexes,1,All Races / Ethnicities,1,All Ages,17,Esophagus,2012,4.120919,4.053442,4.189263,4.101289,14649,,,,,,
1,Both Sexes,1,All Races / Ethnicities,1,All Ages,17,Esophagus,2013,4.046605,3.980390,4.113673,4.056241,14689,,,,,,
1,Both Sexes,1,All Races / Ethnicities,1,All Ages,17,Esophagus,2014,4.020092,3.954766,4.086258,4.011687,14935,,,,,,
1,Both Sexes,1,All Races / Ethnicities,1,All Ages,17,Esophagus,2015,4.008992,3.944348,4.074464,3.967623,15211,,,,,,
1,Both Sexes,1,All Races / Ethnicities,1,All Ages,17,Esophagus,2016,3.986115,3.922294,4.050751,3.924043,15459,,,,,,
1,Both Sexes,1,All Races / Ethnicities,1,All Ages,17,Esophagus,2017,3.865402,3.803270,3.928336,3.880941,15321,,,,,,
1,Both Sexes,1,All Races / Ethnicities,1,All Ages,17,Esophagus,2018,3.810381,3.749359,3.872191,3.838313,15419,,,,,,
1,Both Sexes,1,All Races / Ethnicities,1,All Ages,17,Esophagus,2019,3.879250,3.818161,3.941119,3.796153,15961,,,,,,
1,Both Sexes,1,All Races / Ethnicities,1,All Ages,17,Esophagus,2020,3.722203,3.663028,3.782146,3.754457,15673,,,,,,
1,Both Sexes,1,All Races / Ethnicities,1,All Ages,17,Esophagus,2021,3.685222,3.626707,3.744500,3.713218,15743,,,,,,
1,Both Sexes,1,All Races / Ethnicities,1,All Ages,17,Esophagus,2022,3.678689,3.620870,3.737257,3.672432,16014,,,,,,
1,Both Sexes,1,All Races / Ethnicities,1,All Ages,17,Esophagus,2023,3.609659,3.553058,3.666996,3.632094,16052,,,,,,
1,Both Sexes,1,All Races / Ethnicities,1,All Ages,17,Esophagus,2024,3.571655,3.516037,3.627997,3.592199,16274,,,,,,
1,Both Sexes,1,All Races / Ethnicities,1,All Ages,600,Adenocarcinoma of the Esophagus,2000,2.316140,2.230376,2.404312,2.323402,2754,1,Observed SEER Incidence Rate,101,All Stages,600,Adenocarcinoma
1,Both Sexes,1,All Races / Ethnicities,1,All Ages,600,Adenocarcinoma of the Esophagus,2001,2.379139,2.292860,2.467793,2.373681,2875,1,Observed SEER Incidence Rate,101,All Stages,600,Adenocarcinoma
1,Both Sexes,1,All Races / Ethnicities,1,All Ages,600,Adenocarcinoma of the Esophagus,2002,2.397435,2.311549,2.485659,2.425047,2952,1,Observed SEER Incidence Rate,101,All Stages,600,Adenocarcinoma
1,Both Sexes,1,All Races / Ethnicities,1,All Ages,600,Adenocarcinoma of the Esophagus,2003,2.450245,2.364181,2.538611,2.477525,3078,1,Observed SEER Incidence Rate,101,All Stages,600,Adenocarcinoma
1,Both Sexes,1,All Races / Ethnicities,1,All Ages,600,Adenocarcinoma of the Esophagus,2004,2.607711,2.519530,2.698165,2.531139,3332,1,Observed SEER Incidence Rate,101,All Stages,600,Adenocarcinoma
1,Both Sexes,1,All Races / Ethnicities,1,All Ages,600,Adenocarcinoma of the Esophagus,2005,2.592626,2.505421,2.682070,2.585913,3379,1,Observed SEER Incidence Rate,101,All Stages,600,Adenocarcinoma
1,Both Sexes,1,All Races / Ethnicities,1,All Ages,600,Adenocarcinoma of the Esophagus,2006,2.624863,2.537960,2.713969,2.641872,3501,1,Observed SEER Incidence Rate,101,All Stages,600,Adenocarcinoma
1,Both Sexes,1,All Races / Ethnicities,1,All Ages,600,Adenocarcinoma of the Esophagus,2007,2.713199,2.625494,2.803076,2.699042,3685,1,Observed SEER Incidence Rate,101,All Stages,600,Adenocarcinoma
1,Both Sexes,1,All Races / Ethnicities,1,All Ages,600,Adenocarcinoma of the Esophagus,2008,2.786633,2.698708,2.876687,2.757449,3880,1,Observed SEER Incidence Rate,101,All Stages,600,Adenocarcinoma
1,Both Sexes,1,All Races / Ethnicities,1,All Ages,600,Adenocarcinoma of the Esophagus,2009,2.667498,2.582465,2.754622,2.679220,3819,1,Observed SEER Incidence Rate,101,All Stages,600,Adenocarcinoma
1,Both Sexes,1,All Races / Ethnicities,1,All Ages,600,Adenocarcinoma of the Esophagus,2010,2.465896,2.384927,2.548924,2.603210,3614,1,Observed SEER Incidence Rate,101,All Stages,600,Adenocarcinoma
1,Both Sexes,1,All Races / Ethnicities,1,All Ages,600,Adenocarcinoma of the Esophagus,2011,2.593654,2.511417,2.677914,2.529356,3889,1,Observed SEER Incidence Rate,101,All Stages,600,Adenocarcinoma
1,Both Sexes,1,All Races / Ethnicities,1,All Ages,600,Adenocarcinoma of the Esophagus,2012,2.586461,2.505103,2.669809,2.547626,3960,1,Observed SEER Incidence Rate,101,All Stages,600,Adenocarcinoma
1,Both Sexes,1,All Races / Ethnicities,1,All Ages,600,Adenocarcinoma of the Esophagus,2013,2.561091,2.481124,2.643009,2.566028,4020,1,Observed SEER Incidence Rate,101,All Stages,600,Adenocarcinoma
1,Both Sexes,1,All Races / Ethnicities,1,All Ages,600,Adenocarcinoma of the Esophagus,2014,2.567130,2.487983,2.648194,2.584563,4132,1,Observed SEER Incidence Rate,101,All Stages,600,Adenocarcinoma
1,Both Sexes,1,All Races / Ethnicities,1,All Ages,600,Adenocarcinoma of the Esophagus,2015,2.632676,2.553263,2.713974,2.603232,4332,1,Observed SEER Incidence Rate,101,All Stages,600,Adenocarcinoma
1,Both Sexes,1,All Races / Ethnicities,1,All Ages,600,Adenocarcinoma of the Esophagus,2016,2.585235,2.507362,2.664964,2.622036,4349,1,Observed SEER Incidence Rate,101,All Stages,600,Adenocarcinoma
1,Both Sexes,1,All Races / Ethnicities,1,All Ages,600,Adenocarcinoma of the Esophagus,2017,2.576123,2.499014,2.655064,2.640975,4406,1,Observed SEER Incidence Rate,101,All Stages,600,Adenocarcinoma
1,Both Sexes,1,All Races / Ethnicities,1,All Ages,600,Adenocarcinoma of the Esophagus,2018,2.682684,2.604887,2.762282,2.660052,4680,1,Observed SEER Incidence Rate,101,All Stages,600,Adenocarcinoma
1,Both Sexes,1,All Races / Ethnicities,1,All Ages,600,Adenocarcinoma of the Esophagus,2019,2.766116,2.688076,2.845926,2.679266,4948,1,Observed SEER Incidence Rate,101,All Stages,600,Adenocarcinoma
1,Both Sexes,1,All Races / Ethnicities,1,All Ages,600,Adenocarcinoma of the Esophagus,2020,2.601562,2.526462,2.678414,2.698619,4725,1,Observed SEER Incidence Rate,101,All Stages,600,Adenocarcinoma
1,Both Sexes,1,All Races / Ethnicities,1,All Ages,600,Adenocarcinoma of the Esophagus,2021,2.696643,2.620760,2.774262,2.718111,4978,1,Observed SEER Incidence Rate,101,All Stages,600,Adenocarcinoma
1,Both Sexes,1,All Races / Ethnicities,1,All Ages,600,Adenocarcinoma of the Esophagus,2022,2.781450,2.704935,2.859681,2.737745,5191,1,Observed SEER Incidence Rate,101,All Stages,600,Adenocarcinoma
1,Both Sexes,1,All Races / Ethnicities,1,All Ages,600,Adenocarcinoma of the Esophagus,2023,2.702863,2.628384,2.779025,2.757520,5158,1,Observed SEER Incidence Rate,101,All Stages,600,Adenocarcinoma
1,Both Sexes,1,All Races / Ethnicities,1,All Ages,600,Adenocarcinoma of the Esophagus,2004,0.597930,0.555885,0.642276,,756,1,Observed SEER Incidence Rate,104,Localized,600,Adenocarcinoma
1,Both Sexes,1,All Races / Ethnicities,1,All Ages,600,Adenocarcinoma of the Esophagus,2005,0.614736,0.572446,0.659292,,793,1,Observed SEER Incidence Rate,104,Localized,600,Adenocarcinoma
1,Both Sexes,1,All Races / Ethnicities,1,All Ages,600,Adenocarcinoma of the Esophagus,2006,0.616869,0.574934,0.661032,,815,1,Observed SEER Incidence Rate,104,Localized,600,Adenocarcinoma
1,Both Sexes,1,All Races / Ethnicities,1,All Ages,600,Adenocarcinoma of the Esophagus,2007,0.652867,0.609939,0.697997,,875,1,Observed SEER Incidence Rate,104,Localized,600,Adenocarcinoma
1,Both Sexes,1,All Races / Ethnicities,1,All Ages,600,Adenocarcinoma of the Esophagus,2008,0.682838,0.639482,0.728347,,942,1,Observed SEER Incidence Rate,104,Localized,600,Adenocarcinoma
1,Both Sexes,1,All Races / Ethnicities,1,All Ages,600,Adenocarcinoma of the Esophagus,2009,0.626080,0.585169,0.669099,,892,1,Observed SEER Incidence Rate,104,Localized,600,Adenocarcinoma
1,Both Sexes,1,All Races / Ethnicities,1,All Ages,600,Adenocarcinoma of the Esophagus,2010,0.576446,0.537379,0.617601,,833,1,Observed SEER Incidence Rate,104,Localized,600,Adenocarcinoma
1,Both Sexes,1,All Races / Ethnicities,1,All Ages,600,Adenocarcinoma of the Esophagus,2011,0.514244,0.477849,0.552688,,763,1,Observed SEER Incidence Rate,104,Localized,600,Adenocarcinoma
1,Both Sexes,1,All Races / Ethnicities,1,All Ages,600,Adenocarcinoma of the Esophagus,2012,0.509292,0.473610,0.546975,,781,1,Observed SEER Incidence Rate,104,Localized,600,Adenocarcinoma
1,Both Sexes,1,All Races / Ethnicities,1,All Ages,600,Adenocarcinoma of the Esophagus,2013,0.539752,0.503180,0.578304,,837,1,Observed SEER Incidence Rate,104,Localized,600,Adenocarcinoma
1,Both Sexes,1,All Races / Ethnicities,1,All Ages,600,Adenocarcinoma of the Esophagus,2014,0.515564,0.480159,0.552920,,817,1,Observed SEER Incidence Rate,104,Localized,600,Adenocarcinoma
1,Both Sexes,1,All Races / Ethnicities,1,All Ages,600,Adenocarcinoma of the Esophagus,2015,0.515063,0.480016,0.552029,,833,1,Observed SEER Incidence Rate,104,Localized,600,Adenocarcinoma
1,Both Sexes,1,All Races / Ethnicities,1,All Ages,600,Adenocarcinoma of the Esophagus,2016,0.513355,0.478817,0.549775,,853,1,Observed SEER Incidence Rate,104,Localized,600,Adenocarcinoma
1,Both Sexes,1,All Races / Ethnicities,1,All Ages,600,Adenocarcinoma of the Esophagus,2017,0.534627,0.499820,0.571278,,911,1,Observed SEER Incidence Rate,104,Localized,600,Adenocarcinoma
1,Both Sexes,1,All Races / Ethnicities,1,All Ages,600,Adenocarcinoma of the Esophagus,2018,0.607252,0.570501,0.645819,,1054,1,Observed SEER Incidence Rate,104,Localized,600,Adenocarcinoma
1,Both Sexes,1,All Races / Ethnicities,1,All Ages,600,Adenocarcinoma of the Esophagus,2019,0.660143,0.622193,0.699881,,1171,1,Observed SEER Incidence Rate,104,Localized,600,Adenocarcinoma
1,Both Sexes,1,All Races / Ethnicities,1,All Ages,600,Adenocarcinoma of the Esophagus,2020,0.543750,0.509547,0.579728,,975,1,Observed SEER Incidence Rate,104,Localized,600,Adenocarcinoma
1,Both Sexes,1,All Races / Ethnicities,1,All Ages,600,Adenocarcinoma of the Esophagus,2021,0.608911,0.573145,0.646426,,1121,1,Observed SEER Incidence Rate,104,Localized,600,Adenocarcinoma
1,Both Sexes,1,All Races / Ethnicities,1,All Ages,600,Adenocarcinoma of the Esophagus,2022,0.627393,0.591426,0.665081,,1171,1,Observed SEER Incidence Rate,104,Localized,600,Adenocarcinoma
1,Both Sexes,1,All Races / Ethnicities,1,All Ages,600,Adenocarcinoma of the Esophagus,2023,0.596941,0.562295,0.633277,,1139,1,Observed SEER Incidence Rate,104,Localized,600,Adenocarcinoma
1,Both Sexes,1,All Races / Ethnicities,1,All Ages,600,Adenocarcinoma of the Esophagus,2004,0.754515,0.707520,0.803788,,968,1,Observed SEER Incidence Rate,105,Regional,600,Adenocarcinoma
1,Both Sexes,1,All Races / Ethnicities,1,All Ages,600,Adenocarcinoma of the Esophagus,2005,0.773517,0.726280,0.823001,,1011,1,Observed SEER Incidence Rate,105,Regional,600,Adenocarcinoma
1,Both Sexes,1,All Races / Ethnicities,1,All Ages,600,Adenocarcinoma of the Esophagus,2006,0.776052,0.729154,0.825161,,1037,1,Observed SEER Incidence Rate,105,Regional,600,Adenocarcinoma
1,Both Sexes,1,All Races / Ethnicities,1,All Ages,600,Adenocarcinoma of the Esophagus,2007,0.835501,0.787127,0.886058,,1134,1,Observed SEER Incidence Rate,105,Regional,600,Adenocarcinoma
1,Both Sexes,1,All Races / Ethnicities,1,All Ages,600,Adenocarcinoma of the Esophagus,2008,0.833689,0.785948,0.883568,,1163,1,Observed SEER Incidence Rate,105,Regional,600,Adenocarcinoma
1,Both Sexes,1,All Races / Ethnicities,1,All Ages,600,Adenocarcinoma of the Esophagus,2009,0.773264,0.727759,0.820871,,1107,1,Observed SEER Incidence Rate,105,Regional,600,Adenocarcinoma
1,Both Sexes,1,All Races / Ethnicities,1,All Ages,600,Adenocarcinoma of the Esophagus,2010,0.760743,0.715978,0.807581,,1111,1,Observed SEER Incidence Rate,105,Regional,600,Adenocarcinoma
1,Both Sexes,1,All Races / Ethnicities,1,All Ages,600,Adenocarcinoma of the Esophagus,2011,0.815921,0.769997,0.863882,,1220,1,Observed SEER Incidence Rate,105,Regional,600,Adenocarcinoma
1,Both Sexes,1,All Races / Ethnicities,1,All Ages,600,Adenocarcinoma of the Esophagus,2012,0.834682,0.788661,0.882706,,1274,1,Observed SEER Incidence Rate,105,Regional,600,Adenocarcinoma
1,Both Sexes,1,All Races / Ethnicities,1,All Ages,600,Adenocarcinoma of the Esophagus,2013,0.803958,0.759504,0.850369,,1267,1,Observed SEER Incidence Rate,105,Regional,600,Adenocarcinoma
1,Both Sexes,1,All Races / Ethnicities,1,All Ages,600,Adenocarcinoma of the Esophagus,2014,0.836730,0.792056,0.883315,,1362,1,Observed SEER Incidence Rate,105,Regional,600,Adenocarcinoma
1,Both Sexes,1,All Races / Ethnicities,1,All Ages,600,Adenocarcinoma of the Esophagus,2015,0.881277,0.835622,0.928825,,1454,1,Observed SEER Incidence Rate,105,Regional,600,Adenocarcinoma
1,Both Sexes,1,All Races / Ethnicities,1,All Ages,600,Adenocarcinoma of the Esophagus,2016,0.900644,0.854797,0.948361,,1508,1,Observed SEER Incidence Rate,105,Regional,600,Adenocarcinoma
1,Both Sexes,1,All Races / Ethnicities,1,All Ages,600,Adenocarcinoma of the Esophagus,2017,0.831891,0.788415,0.877202,,1431,1,Observed SEER Incidence Rate,105,Regional,600,Adenocarcinoma
1,Both Sexes,1,All Races / Ethnicities,1,All Ages,600,Adenocarcinoma of the Esophagus,2018,0.832029,0.788954,0.876914,,1453,1,Observed SEER Incidence Rate,105,Regional,600,Adenocarcinoma
1,Both Sexes,1,All Races / Ethnicities,1,All Ages,600,Adenocarcinoma of the Esophagus,2019,0.805607,0.763876,0.849110,,1451,1,Observed SEER Incidence Rate,105,Regional,600,Adenocarcinoma
1,Both Sexes,1,All Races / Ethnicities,1,All Ages,600,Adenocarcinoma of the Esophagus,2020,0.771789,0.731181,0.814156,,1407,1,Observed SEER Incidence Rate,105,Regional,600,Adenocarcinoma
1,Both Sexes,1,All Races / Ethnicities,1,All Ages,600,Adenocarcinoma of the Esophagus,2021,0.789822,0.749031,0.832356,,1461,1,Observed SEER Incidence Rate,105,Regional,600,Adenocarcinoma
1,Both Sexes,1,All Races / Ethnicities,1,All Ages,600,Adenocarcinoma of the Esophagus,2022,0.799433,0.758709,0.841878,,1495,1,Observed SEER Incidence Rate,105,Regional,600,Adenocarcinoma
1,Both Sexes,1,All Races / Ethnicities,1,All Ages,600,Adenocarcinoma of the Esophagus,2023,0.758252,0.719147,0.799043,,1456,1,Observed SEER Incidence Rate,105,Regional,600,Adenocarcinoma
1,Both Sexes,1,All Races / Ethnicities,1,All Ages,600,Adenocarcinoma of the Esophagus,2004,0.923069,0.871177,0.977226,,1192,1,Observed SEER Incidence Rate,106,Distant,600,Adenocarcinoma
1,Both Sexes,1,All Races / Ethnicities,1,All Ages,600,Adenocarcinoma of the Esophagus,2005,0.920482,0.869030,0.974171,,1210,1,Observed SEER Incidence Rate,106,Distant,600,Adenocarcinoma
1,Both Sexes,1,All Races / Ethnicities,1,All Ages,600,Adenocarcinoma of the Esophagus,2006,0.964401,0.912383,1.018610,,1305,1,Observed SEER Incidence Rate,106,Distant,600,Adenocarcinoma
1,Both Sexes,1,All Races / Ethnicities,1,All Ages,600,Adenocarcinoma of the Esophagus,2007,0.966036,0.914390,1.019838,,1333,1,Observed SEER Incidence Rate,106,Distant,600,Adenocarcinoma
1,Both Sexes,1,All Races / Ethnicities,1,All Ages,600,Adenocarcinoma of the Esophagus,2008,1.006767,0.954516,1.061139,,1420,1,Observed SEER Incidence Rate,106,Distant,600,Adenocarcinoma
1,Both Sexes,1,All Races / Ethnicities,1,All Ages,600,Adenocarcinoma of the Esophagus,2009,1.001069,0.949529,1.054691,,1450,1,Observed SEER Incidence Rate,106,Distant,600,Adenocarcinoma
1,Both Sexes,1,All Races / Ethnicities,1,All Ages,600,Adenocarcinoma of the Esophagus,2010,0.897174,0.848990,0.947403,,1338,1,Observed SEER Incidence Rate,106,Distant,600,Adenocarcinoma
1,Both Sexes,1,All Races / Ethnicities,1,All Ages,600,Adenocarcinoma of the Esophagus,2011,0.988390,0.938396,1.040386,,1514,1,Observed SEER Incidence Rate,106,Distant,600,Adenocarcinoma
1,Both Sexes,1,All Races / Ethnicities,1,All Ages,600,Adenocarcinoma of the Esophagus,2012,1.006839,0.956468,1.059199,,1553,1,Observed SEER Incidence Rate,106,Distant,600,Adenocarcinoma
1,Both Sexes,1,All Races / Ethnicities,1,All Ages,600,Adenocarcinoma of the Esophagus,2013,1.007809,0.958118,1.059448,,1598,1,Observed SEER Incidence Rate,106,Distant,600,Adenocarcinoma
1,Both Sexes,1,All Races / Ethnicities,1,All Ages,600,Adenocarcinoma of the Esophagus,2014,0.982343,0.933844,1.032755,,1597,1,Observed SEER Incidence Rate,106,Distant,600,Adenocarcinoma
1,Both Sexes,1,All Races / Ethnicities,1,All Ages,600,Adenocarcinoma of the Esophagus,2015,1.006672,0.958123,1.057099,,1680,1,Observed SEER Incidence Rate,106,Distant,600,Adenocarcinoma
1,Both Sexes,1,All Races / Ethnicities,1,All Ages,600,Adenocarcinoma of the Esophagus,2016,0.921640,0.875761,0.969364,,1580,1,Observed SEER Incidence Rate,106,Distant,600,Adenocarcinoma
1,Both Sexes,1,All Races / Ethnicities,1,All Ages,600,Adenocarcinoma of the Esophagus,2017,0.974010,0.926896,1.022958,,1675,1,Observed SEER Incidence Rate,106,Distant,600,Adenocarcinoma
1,Both Sexes,1,All Races / Ethnicities,1,All Ages,600,Adenocarcinoma of the Esophagus,2018,1.006972,0.959651,1.056096,,1770,1,Observed SEER Incidence Rate,106,Distant,600,Adenocarcinoma
1,Both Sexes,1,All Races / Ethnicities,1,All Ages,600,Adenocarcinoma of the Esophagus,2019,1.081067,1.032604,1.131301,,1947,1,Observed SEER Incidence Rate,106,Distant,600,Adenocarcinoma
1,Both Sexes,1,All Races / Ethnicities,1,All Ages,600,Adenocarcinoma of the Esophagus,2020,1.077583,1.029616,1.127301,,1975,1,Observed SEER Incidence Rate,106,Distant,600,Adenocarcinoma
1,Both Sexes,1,All Races / Ethnicities,1,All Ages,600,Adenocarcinoma of the Esophagus,2021,1.115107,1.066559,1.165394,,2069,1,Observed SEER Incidence Rate,106,Distant,600,Adenocarcinoma
1,Both Sexes,1,All Races / Ethnicities,1,All Ages,600,Adenocarcinoma of the Esophagus,2022,1.162926,1.113574,1.214002,,2174,1,Observed SEER Incidence Rate,106,Distant,600,Adenocarcinoma
1,Both Sexes,1,All Races / Ethnicities,1,All Ages,600,Adenocarcinoma of the Esophagus,2023,1.137896,1.089653,1.187830,,2169,1,Observed SEER Incidence Rate,106,Distant,600,Adenocarcinoma
1,Both Sexes,1,All Races / Ethnicities,1,All Ages,600,Adenocarcinoma of the Esophagus,2004,0.332195,0.300925,0.365787,,416,1,Observed SEER Incidence Rate,107,Unstaged,600,Adenocarcinoma
1,Both Sexes,1,All Races / Ethnicities,1,All Ages,600,Adenocarcinoma of the Esophagus,2005,0.283889,0.255370,0.314691,,365,1,Observed SEER Incidence Rate,107,Unstaged,600,Adenocarcinoma
1,Both Sexes,1,All Races / Ethnicities,1,All Ages,600,Adenocarcinoma of the Esophagus,2006,0.267540,0.239844,0.297512,,344,1,Observed SEER Incidence Rate,107,Unstaged,600,Adenocarcinoma
1,Both Sexes,1,All Races / Ethnicities,1,All Ages,600,Adenocarcinoma of the Esophagus,2007,0.258794,0.231919,0.287897,,343,1,Observed SEER Incidence Rate,107,Unstaged,600,Adenocarcinoma
1,Both Sexes,1,All Races / Ethnicities,1,All Ages,600,Adenocarcinoma of the Esophagus,2008,0.263337,0.236431,0.292439,,355,1,Observed SEER Incidence Rate,107,Unstaged,600,Adenocarcinoma
1,Both Sexes,1,All Races / Ethnicities,1,All Ages,600,Adenocarcinoma of the Esophagus,2009,0.267084,0.240276,0.296047,,370,1,Observed SEER Incidence Rate,107,Unstaged,600,Adenocarcinoma
1,Both Sexes,1,All Races / Ethnicities,1,All Ages,600,Adenocarcinoma of the Esophagus,2010,0.231532,0.207021,0.258147,,332,1,Observed SEER Incidence Rate,107,Unstaged,600,Adenocarcinoma
1,Both Sexes,1,All Races / Ethnicities,1,All Ages,600,Adenocarcinoma of the Esophagus,2011,0.275097,0.248151,0.304153,,392,1,Observed SEER Incidence Rate,107,Unstaged,600,Adenocarcinoma
1,Both Sexes,1,All Races / Ethnicities,1,All Ages,600,Adenocarcinoma of the Esophagus,2012,0.235647,0.211312,0.262024,,352,1,Observed SEER Incidence Rate,107,Unstaged,600,Adenocarcinoma
1,Both Sexes,1,All Races / Ethnicities,1,All Ages,600,Adenocarcinoma of the Esophagus,2013,0.209570,0.186830,0.234327,,318,1,Observed SEER Incidence Rate,107,Unstaged,600,Adenocarcinoma
1,Both Sexes,1,All Races / Ethnicities,1,All Ages,600,Adenocarcinoma of the Esophagus,2014,0.232491,0.208608,0.258370,,356,1,Observed SEER Incidence Rate,107,Unstaged,600,Adenocarcinoma
1,Both Sexes,1,All Races / Ethnicities,1,All Ages,600,Adenocarcinoma of the Esophagus,2015,0.229661,0.206289,0.254982,,365,1,Observed SEER Incidence Rate,107,Unstaged,600,Adenocarcinoma
1,Both Sexes,1,All Races / Ethnicities,1,All Ages,600,Adenocarcinoma of the Esophagus,2016,0.249594,0.225567,0.275525,,408,1,Observed SEER Incidence Rate,107,Unstaged,600,Adenocarcinoma
1,Both Sexes,1,All Races / Ethnicities,1,All Ages,600,Adenocarcinoma of the Esophagus,2017,0.235595,0.212363,0.260718,,389,1,Observed SEER Incidence Rate,107,Unstaged,600,Adenocarcinoma
1,Both Sexes,1,All Races / Ethnicities,1,All Ages,600,Adenocarcinoma of the Esophagus,2018,0.235072,0.212269,0.259720,,401,1,Observed SEER Incidence Rate,107,Unstaged,600,Adenocarcinoma
1,Both Sexes,1,All Races / Ethnicities,1,All Ages,600,Adenocarcinoma of the Esophagus,2019,0.219297,0.197419,0.243004,,379,1,Observed SEER Incidence Rate,107,Unstaged,600,Adenocarcinoma
1,Both Sexes,1,All Races / Ethnicities,1,All Ages,600,Adenocarcinoma of the Esophagus,2020,0.208439,0.187372,0.231307,,368,1,Observed SEER Incidence Rate,107,Unstaged,600,Adenocarcinoma
1,Both Sexes,1,All Races / Ethnicities,1,All Ages,600,Adenocarcinoma of the Esophagus,2021,0.182802,0.163230,0.204166,,327,1,Observed SEER Incidence Rate,107,Unstaged,600,Adenocarcinoma
1,Both Sexes,1,All Races / Ethnicities,1,All Ages,600,Adenocarcinoma of the Esophagus,2022,0.191697,0.171886,0.213266,,351,1,Observed SEER Incidence Rate,107,Unstaged,600,Adenocarcinoma
1,Both Sexes,1,All Races / Ethnicities,1,All Ages,600,Adenocarcinoma of the Esophagus,2023,0.209773,0.189298,0.231968,,394,1,Observed SEER Incidence Rate,107,Unstaged,600,Adenocarcinoma
1,Both Sexes,1,All Races / Ethnicities,1,All Ages,601,Squamous Cell Carcinoma of the Esophagus,2000,1.938608,1.860084,2.019548,1.920428,2297,1,Observed SEER Incidence Rate,101,All Stages,601,Squamous Cell Carcinoma
1,Both Sexes,1,All Races / Ethnicities,1,All Ages,601,Squamous Cell Carcinoma of the Esophagus,2001,1.871854,1.795219,1.950872,1.858685,2250,1,Observed SEER Incidence Rate,101,All Stages,601,Squamous Cell Carcinoma
1,Both Sexes,1,All Races / Ethnicities,1,All Ages,601,Squamous Cell Carcinoma of the Esophagus,2002,1.770537,1.696689,1.846732,1.798928,2171,1,Observed SEER Incidence Rate,101,All Stages,601,Squamous Cell Carcinoma
1,Both Sexes,1,All Races / Ethnicities,1,All Ages,601,Squamous Cell Carcinoma of the Esophagus,2003,1.707617,1.635693,1.781853,1.741092,2133,1,Observed SEER Incidence Rate,101,All Stages,601,Squamous Cell Carcinoma
1,Both Sexes,1,All Races / Ethnicities,1,All Ages,601,Squamous Cell Carcinoma of the Esophagus,2004,1.751428,1.679127,1.826012,1.685115,2228,1,Observed SEER Incidence Rate,101,All Stages,601,Squamous Cell Carcinoma
1,Both Sexes,1,All Races / Ethnicities,1,All Ages,601,Squamous Cell Carcinoma of the Esophagus,2005,1.635713,1.566376,1.707302,1.630938,2118,1,Observed SEER Incidence Rate,101,All Stages,601,Squamous Cell Carcinoma
1,Both Sexes,1,All Races / Ethnicities,1,All Ages,601,Squamous Cell Carcinoma of the Esophagus,2006,1.562529,1.495273,1.632009,1.578503,2058,1,Observed SEER Incidence Rate,101,All Stages,601,Squamous Cell Carcinoma
1,Both Sexes,1,All Races / Ethnicities,1,All Ages,601,Squamous Cell Carcinoma of the Esophagus,2007,1.497790,1.432644,1.565119,1.527753,2025,1,Observed SEER Incidence Rate,101,All Stages,601,Squamous Cell Carcinoma
1,Both Sexes,1,All Races / Ethnicities,1,All Ages,601,Squamous Cell Carcinoma of the Esophagus,2008,1.447477,1.384108,1.512988,1.478636,2004,1,Observed SEER Incidence Rate,101,All Stages,601,Squamous Cell Carcinoma
1,Both Sexes,1,All Races / Ethnicities,1,All Ages,601,Squamous Cell Carcinoma of the Esophagus,2009,1.429021,1.366853,1.493289,1.431097,2040,1,Observed SEER Incidence Rate,101,All Stages,601,Squamous Cell Carcinoma
1,Both Sexes,1,All Races / Ethnicities,1,All Ages,601,Squamous Cell Carcinoma of the Esophagus,2010,1.406706,1.345538,1.469944,1.385087,2048,1,Observed SEER Incidence Rate,101,All Stages,601,Squamous Cell Carcinoma
1,Both Sexes,1,All Races / Ethnicities,1,All Ages,601,Squamous Cell Carcinoma of the Esophagus,2011,1.343237,1.284041,1.404469,1.340556,2001,1,Observed SEER Incidence Rate,101,All Stages,601,Squamous Cell Carcinoma
1,Both Sexes,1,All Races / Ethnicities,1,All Ages,601,Squamous Cell Carcinoma of the Esophagus,2012,1.299911,1.242292,1.359531,1.297456,1979,1,Observed SEER Incidence Rate,101,All Stages,601,Squamous Cell Carcinoma
1,Both Sexes,1,All Races / Ethnicities,1,All Ages,601,Squamous Cell Carcinoma of the Esophagus,2013,1.270106,1.214072,1.328094,1.255743,2003,1,Observed SEER Incidence Rate,101,All Stages,601,Squamous Cell Carcinoma
1,Both Sexes,1,All Races / Ethnicities,1,All Ages,601,Squamous Cell Carcinoma of the Esophagus,2014,1.244299,1.189299,1.301223,1.240306,1996,1,Observed SEER Incidence Rate,101,All Stages,601,Squamous Cell Carcinoma
1,Both Sexes,1,All Races / Ethnicities,1,All Ages,601,Squamous Cell Carcinoma of the Esophagus,2015,1.220933,1.166999,1.276761,1.225059,2004,1,Observed SEER Incidence Rate,101,All Stages,601,Squamous Cell Carcinoma
1,Both Sexes,1,All Races / Ethnicities,1,All Ages,601,Squamous Cell Carcinoma of the Esophagus,2016,1.225302,1.171764,1.280705,1.209999,2053,1,Observed SEER Incidence Rate,101,All Stages,601,Squamous Cell Carcinoma
1,Both Sexes,1,All Races / Ethnicities,1,All Ages,601,Squamous Cell Carcinoma of the Esophagus,2017,1.167188,1.115951,1.220241,1.195125,2029,1,Observed SEER Incidence Rate,101,All Stages,601,Squamous Cell Carcinoma
1,Both Sexes,1,All Races / Ethnicities,1,All Ages,601,Squamous Cell Carcinoma of the Esophagus,2018,1.164205,1.113361,1.216847,1.180433,2047,1,Observed SEER Incidence Rate,101,All Stages,601,Squamous Cell Carcinoma
1,Both Sexes,1,All Races / Ethnicities,1,All Ages,601,Squamous Cell Carcinoma of the Esophagus,2019,1.171521,1.121209,1.223597,1.165922,2119,1,Observed SEER Incidence Rate,101,All Stages,601,Squamous Cell Carcinoma
1,Both Sexes,1,All Races / Ethnicities,1,All Ages,601,Squamous Cell Carcinoma of the Esophagus,2020,1.136666,1.087372,1.187710,1.151589,2076,1,Observed SEER Incidence Rate,101,All Stages,601,Squamous Cell Carcinoma
1,Both Sexes,1,All Races / Ethnicities,1,All Ages,601,Squamous Cell Carcinoma of the Esophagus,2021,1.157124,1.107785,1.208197,1.137433,2149,1,Observed SEER Incidence Rate,101,All Stages,601,Squamous Cell Carcinoma
1,Both Sexes,1,All Races / Ethnicities,1,All Ages,601,Squamous Cell Carcinoma of the Esophagus,2022,1.143864,1.095466,1.193963,1.123450,2174,1,Observed SEER Incidence Rate,101,All Stages,601,Squamous Cell Carcinoma
1,Both Sexes,1,All Races / Ethnicities,1,All Ages,601,Squamous Cell Carcinoma of the Esophagus,2023,1.086508,1.039855,1.134833,1.109640,2103,1,Observed SEER Incidence Rate,101,All Stages,601,Squamous Cell Carcinoma
1,Both Sexes,1,All Races / Ethnicities,1,All Ages,601,Squamous Cell Carcinoma of the Esophagus,2004,0.410938,0.376011,0.448190,,513,1,Observed SEER Incidence Rate,104,Localized,601,Squamous Cell Carcinoma
1,Both Sexes,1,All Races / Ethnicities,1,All Ages,601,Squamous Cell Carcinoma of the Esophagus,2005,0.343870,0.312455,0.377559,,444,1,Observed SEER Incidence Rate,104,Localized,601,Squamous Cell Carcinoma
1,Both Sexes,1,All Races / Ethnicities,1,All Ages,601,Squamous Cell Carcinoma of the Esophagus,2006,0.354376,0.322561,0.388447,,461,1,Observed SEER Incidence Rate,104,Localized,601,Squamous Cell Carcinoma
1,Both Sexes,1,All Races / Ethnicities,1,All Ages,601,Squamous Cell Carcinoma of the Esophagus,2007,0.326280,0.296014,0.358769,,433,1,Observed SEER Incidence Rate,104,Localized,601,Squamous Cell Carcinoma
1,Both Sexes,1,All Races / Ethnicities,1,All Ages,601,Squamous Cell Carcinoma of the Esophagus,2008,0.298687,0.270100,0.329454,,408,1,Observed SEER Incidence Rate,104,Localized,601,Squamous Cell Carcinoma
1,Both Sexes,1,All Races / Ethnicities,1,All Ages,601,Squamous Cell Carcinoma of the Esophagus,2009,0.306361,0.277589,0.337287,,426,1,Observed SEER Incidence Rate,104,Localized,601,Squamous Cell Carcinoma
1,Both Sexes,1,All Races / Ethnicities,1,All Ages,601,Squamous Cell Carcinoma of the Esophagus,2010,0.286739,0.259186,0.316411,,407,1,Observed SEER Incidence Rate,104,Localized,601,Squamous Cell Carcinoma
1,Both Sexes,1,All Races / Ethnicities,1,All Ages,601,Squamous Cell Carcinoma of the Esophagus,2011,0.250741,0.225384,0.278172,,368,1,Observed SEER Incidence Rate,104,Localized,601,Squamous Cell Carcinoma
1,Both Sexes,1,All Races / Ethnicities,1,All Ages,601,Squamous Cell Carcinoma of the Esophagus,2012,0.243180,0.218509,0.269886,,366,1,Observed SEER Incidence Rate,104,Localized,601,Squamous Cell Carcinoma
1,Both Sexes,1,All Races / Ethnicities,1,All Ages,601,Squamous Cell Carcinoma of the Esophagus,2013,0.231962,0.208051,0.257883,,355,1,Observed SEER Incidence Rate,104,Localized,601,Squamous Cell Carcinoma
1,Both Sexes,1,All Races / Ethnicities,1,All Ages,601,Squamous Cell Carcinoma of the Esophagus,2014,0.216598,0.193740,0.241434,,338,1,Observed SEER Incidence Rate,104,Localized,601,Squamous Cell Carcinoma
1,Both Sexes,1,All Races / Ethnicities,1,All Ages,601,Squamous Cell Carcinoma of the Esophagus,2015,0.220100,0.197375,0.244759,,354,1,Observed SEER Incidence Rate,104,Localized,601,Squamous Cell Carcinoma
1,Both Sexes,1,All Races / Ethnicities,1,All Ages,601,Squamous Cell Carcinoma of the Esophagus,2016,0.230489,0.207345,0.255548,,377,1,Observed SEER Incidence Rate,104,Localized,601,Squamous Cell Carcinoma
1,Both Sexes,1,All Races / Ethnicities,1,All Ages,601,Squamous Cell Carcinoma of the Esophagus,2017,0.218027,0.196099,0.241804,,375,1,Observed SEER Incidence Rate,104,Localized,601,Squamous Cell Carcinoma
1,Both Sexes,1,All Races / Ethnicities,1,All Ages,601,Squamous Cell Carcinoma of the Esophagus,2018,0.235976,0.213355,0.260419,,413,1,Observed SEER Incidence Rate,104,Localized,601,Squamous Cell Carcinoma
1,Both Sexes,1,All Races / Ethnicities,1,All Ages,601,Squamous Cell Carcinoma of the Esophagus,2019,0.254114,0.231036,0.278969,,461,1,Observed SEER Incidence Rate,104,Localized,601,Squamous Cell Carcinoma
1,Both Sexes,1,All Races / Ethnicities,1,All Ages,601,Squamous Cell Carcinoma of the Esophagus,2020,0.240613,0.218181,0.264819,,437,1,Observed SEER Incidence Rate,104,Localized,601,Squamous Cell Carcinoma
1,Both Sexes,1,All Races / Ethnicities,1,All Ages,601,Squamous Cell Carcinoma of the Esophagus,2021,0.242869,0.220432,0.267073,,446,1,Observed SEER Incidence Rate,104,Localized,601,Squamous Cell Carcinoma
1,Both Sexes,1,All Races / Ethnicities,1,All Ages,601,Squamous Cell Carcinoma of the Esophagus,2022,0.252262,0.229861,0.276378,,480,1,Observed SEER Incidence Rate,104,Localized,601,Squamous Cell Carcinoma
1,Both Sexes,1,All Races / Ethnicities,1,All Ages,601,Squamous Cell Carcinoma of the Esophagus,2023,0.241334,0.219489,0.264883,,461,1,Observed SEER Incidence Rate,104,Localized,601,Squamous Cell Carcinoma
1,Both Sexes,1,All Races / Ethnicities,1,All Ages,601,Squamous Cell Carcinoma of the Esophagus,2004,0.545097,0.505243,0.587234,,699,1,Observed SEER Incidence Rate,105,Regional,601,Squamous Cell Carcinoma
1,Both Sexes,1,All Races / Ethnicities,1,All Ages,601,Squamous Cell Carcinoma of the Esophagus,2005,0.578182,0.537261,0.621366,,749,1,Observed SEER Incidence Rate,105,Regional,601,Squamous Cell Carcinoma
1,Both Sexes,1,All Races / Ethnicities,1,All Ages,601,Squamous Cell Carcinoma of the Esophagus,2006,0.515846,0.477548,0.556376,,681,1,Observed SEER Incidence Rate,105,Regional,601,Squamous Cell Carcinoma
1,Both Sexes,1,All Races / Ethnicities,1,All Ages,601,Squamous Cell Carcinoma of the Esophagus,2007,0.514099,0.476338,0.554046,,700,1,Observed SEER Incidence Rate,105,Regional,601,Squamous Cell Carcinoma
1,Both Sexes,1,All Races / Ethnicities,1,All Ages,601,Squamous Cell Carcinoma of the Esophagus,2008,0.499357,0.462391,0.538480,,691,1,Observed SEER Incidence Rate,105,Regional,601,Squamous Cell Carcinoma
1,Both Sexes,1,All Races / Ethnicities,1,All Ages,601,Squamous Cell Carcinoma of the Esophagus,2009,0.476426,0.441034,0.513913,,689,1,Observed SEER Incidence Rate,105,Regional,601,Squamous Cell Carcinoma
1,Both Sexes,1,All Races / Ethnicities,1,All Ages,601,Squamous Cell Carcinoma of the Esophagus,2010,0.481367,0.445949,0.518859,,705,1,Observed SEER Incidence Rate,105,Regional,601,Squamous Cell Carcinoma
1,Both Sexes,1,All Races / Ethnicities,1,All Ages,601,Squamous Cell Carcinoma of the Esophagus,2011,0.502370,0.466346,0.540446,,746,1,Observed SEER Incidence Rate,105,Regional,601,Squamous Cell Carcinoma
1,Both Sexes,1,All Races / Ethnicities,1,All Ages,601,Squamous Cell Carcinoma of the Esophagus,2012,0.480308,0.445518,0.517112,,731,1,Observed SEER Incidence Rate,105,Regional,601,Squamous Cell Carcinoma
1,Both Sexes,1,All Races / Ethnicities,1,All Ages,601,Squamous Cell Carcinoma of the Esophagus,2013,0.477663,0.443674,0.513606,,760,1,Observed SEER Incidence Rate,105,Regional,601,Squamous Cell Carcinoma
1,Both Sexes,1,All Races / Ethnicities,1,All Ages,601,Squamous Cell Carcinoma of the Esophagus,2014,0.466905,0.433706,0.502021,,761,1,Observed SEER Incidence Rate,105,Regional,601,Squamous Cell Carcinoma
1,Both Sexes,1,All Races / Ethnicities,1,All Ages,601,Squamous Cell Carcinoma of the Esophagus,2015,0.448878,0.416508,0.483146,,742,1,Observed SEER Incidence Rate,105,Regional,601,Squamous Cell Carcinoma
1,Both Sexes,1,All Races / Ethnicities,1,All Ages,601,Squamous Cell Carcinoma of the Esophagus,2016,0.492673,0.459047,0.528168,,832,1,Observed SEER Incidence Rate,105,Regional,601,Squamous Cell Carcinoma
1,Both Sexes,1,All Races / Ethnicities,1,All Ages,601,Squamous Cell Carcinoma of the Esophagus,2017,0.509371,0.475519,0.545061,,877,1,Observed SEER Incidence Rate,105,Regional,601,Squamous Cell Carcinoma
1,Both Sexes,1,All Races / Ethnicities,1,All Ages,601,Squamous Cell Carcinoma of the Esophagus,2018,0.429958,0.399300,0.462422,,758,1,Observed SEER Incidence Rate,105,Regional,601,Squamous Cell Carcinoma
1,Both Sexes,1,All Races / Ethnicities,1,All Ages,601,Squamous Cell Carcinoma of the Esophagus,2019,0.430151,0.400007,0.462059,,785,1,Observed SEER Incidence Rate,105,Regional,601,Squamous Cell Carcinoma
1,Both Sexes,1,All Races / Ethnicities,1,All Ages,601,Squamous Cell Carcinoma of the Esophagus,2020,0.438801,0.408450,0.470908,,806,1,Observed SEER Incidence Rate,105,Regional,601,Squamous Cell Carcinoma
1,Both Sexes,1,All Races / Ethnicities,1,All Ages,601,Squamous Cell Carcinoma of the Esophagus,2021,0.455090,0.424374,0.487549,,847,1,Observed SEER Incidence Rate,105,Regional,601,Squamous Cell Carcinoma
1,Both Sexes,1,All Races / Ethnicities,1,All Ages,601,Squamous Cell Carcinoma of the Esophagus,2022,0.419370,0.390281,0.450170,,798,1,Observed SEER Incidence Rate,105,Regional,601,Squamous Cell Carcinoma
1,Both Sexes,1,All Races / Ethnicities,1,All Ages,601,Squamous Cell Carcinoma of the Esophagus,2023,0.372545,0.345582,0.401181,,729,1,Observed SEER Incidence Rate,105,Regional,601,Squamous Cell Carcinoma
1,Both Sexes,1,All Races / Ethnicities,1,All Ages,601,Squamous Cell Carcinoma of the Esophagus,2004,0.505807,0.467537,0.546353,,652,1,Observed SEER Incidence Rate,106,Distant,601,Squamous Cell Carcinoma
1,Both Sexes,1,All Races / Ethnicities,1,All Ages,601,Squamous Cell Carcinoma of the Esophagus,2005,0.467942,0.431371,0.506767,,612,1,Observed SEER Incidence Rate,106,Distant,601,Squamous Cell Carcinoma
1,Both Sexes,1,All Races / Ethnicities,1,All Ages,601,Squamous Cell Carcinoma of the Esophagus,2006,0.475453,0.438831,0.514299,,632,1,Observed SEER Incidence Rate,106,Distant,601,Squamous Cell Carcinoma
1,Both Sexes,1,All Races / Ethnicities,1,All Ages,601,Squamous Cell Carcinoma of the Esophagus,2007,0.474853,0.438799,0.513077,,654,1,Observed SEER Incidence Rate,106,Distant,601,Squamous Cell Carcinoma
1,Both Sexes,1,All Races / Ethnicities,1,All Ages,601,Squamous Cell Carcinoma of the Esophagus,2008,0.444185,0.409714,0.480787,,626,1,Observed SEER Incidence Rate,106,Distant,601,Squamous Cell Carcinoma
1,Both Sexes,1,All Races / Ethnicities,1,All Ages,601,Squamous Cell Carcinoma of the Esophagus,2009,0.452956,0.418529,0.489473,,657,1,Observed SEER Incidence Rate,106,Distant,601,Squamous Cell Carcinoma
1,Both Sexes,1,All Races / Ethnicities,1,All Ages,601,Squamous Cell Carcinoma of the Esophagus,2010,0.440690,0.407149,0.476282,,657,1,Observed SEER Incidence Rate,106,Distant,601,Squamous Cell Carcinoma
1,Both Sexes,1,All Races / Ethnicities,1,All Ages,601,Squamous Cell Carcinoma of the Esophagus,2011,0.403457,0.371704,0.437227,,617,1,Observed SEER Incidence Rate,106,Distant,601,Squamous Cell Carcinoma
1,Both Sexes,1,All Races / Ethnicities,1,All Ages,601,Squamous Cell Carcinoma of the Esophagus,2012,0.413955,0.381864,0.448048,,637,1,Observed SEER Incidence Rate,106,Distant,601,Squamous Cell Carcinoma
1,Both Sexes,1,All Races / Ethnicities,1,All Ages,601,Squamous Cell Carcinoma of the Esophagus,2013,0.423985,0.392008,0.457917,,675,1,Observed SEER Incidence Rate,106,Distant,601,Squamous Cell Carcinoma
1,Both Sexes,1,All Races / Ethnicities,1,All Ages,601,Squamous Cell Carcinoma of the Esophagus,2014,0.404170,0.373173,0.437098,,653,1,Observed SEER Incidence Rate,106,Distant,601,Squamous Cell Carcinoma
1,Both Sexes,1,All Races / Ethnicities,1,All Ages,601,Squamous Cell Carcinoma of the Esophagus,2015,0.388912,0.358842,0.420881,,644,1,Observed SEER Incidence Rate,106,Distant,601,Squamous Cell Carcinoma
1,Both Sexes,1,All Races / Ethnicities,1,All Ages,601,Squamous Cell Carcinoma of the Esophagus,2016,0.333087,0.305663,0.362376,,567,1,Observed SEER Incidence Rate,106,Distant,601,Squamous Cell Carcinoma
1,Both Sexes,1,All Races / Ethnicities,1,All Ages,601,Squamous Cell Carcinoma of the Esophagus,2017,0.301008,0.275645,0.328170,,538,1,Observed SEER Incidence Rate,106,Distant,601,Squamous Cell Carcinoma
1,Both Sexes,1,All Races / Ethnicities,1,All Ages,601,Squamous Cell Carcinoma of the Esophagus,2018,0.366773,0.338540,0.396811,,648,1,Observed SEER Incidence Rate,106,Distant,601,Squamous Cell Carcinoma
1,Both Sexes,1,All Races / Ethnicities,1,All Ages,601,Squamous Cell Carcinoma of the Esophagus,2019,0.363288,0.335433,0.392925,,655,1,Observed SEER Incidence Rate,106,Distant,601,Squamous Cell Carcinoma
1,Both Sexes,1,All Races / Ethnicities,1,All Ages,601,Squamous Cell Carcinoma of the Esophagus,2020,0.321470,0.295656,0.349036,,595,1,Observed SEER Incidence Rate,106,Distant,601,Squamous Cell Carcinoma
1,Both Sexes,1,All Races / Ethnicities,1,All Ages,601,Squamous Cell Carcinoma of the Esophagus,2021,0.352131,0.325325,0.380672,,663,1,Observed SEER Incidence Rate,106,Distant,601,Squamous Cell Carcinoma
1,Both Sexes,1,All Races / Ethnicities,1,All Ages,601,Squamous Cell Carcinoma of the Esophagus,2022,0.363239,0.336187,0.392006,,692,1,Observed SEER Incidence Rate,106,Distant,601,Squamous Cell Carcinoma
1,Both Sexes,1,All Races / Ethnicities,1,All Ages,601,Squamous Cell Carcinoma of the Esophagus,2023,0.354960,0.328572,0.383028,,692,1,Observed SEER Incidence Rate,106,Distant,601,Squamous Cell Carcinoma
1,Both Sexes,1,All Races / Ethnicities,1,All Ages,601,Squamous Cell Carcinoma of the Esophagus,2004,0.289584,0.260489,0.320998,,364,1,Observed SEER Incidence Rate,107,Unstaged,601,Squamous Cell Carcinoma
1,Both Sexes,1,All Races / Ethnicities,1,All Ages,601,Squamous Cell Carcinoma of the Esophagus,2005,0.245717,0.219116,0.274617,,313,1,Observed SEER Incidence Rate,107,Unstaged,601,Squamous Cell Carcinoma
1,Both Sexes,1,All Races / Ethnicities,1,All Ages,601,Squamous Cell Carcinoma of the Esophagus,2006,0.216853,0.192219,0.243742,,284,1,Observed SEER Incidence Rate,107,Unstaged,601,Squamous Cell Carcinoma
1,Both Sexes,1,All Races / Ethnicities,1,All Ages,601,Squamous Cell Carcinoma of the Esophagus,2007,0.182557,0.159950,0.207420,,238,1,Observed SEER Incidence Rate,107,Unstaged,601,Squamous Cell Carcinoma
1,Both Sexes,1,All Races / Ethnicities,1,All Ages,601,Squamous Cell Carcinoma of the Esophagus,2008,0.205247,0.181655,0.231029,,279,1,Observed SEER Incidence Rate,107,Unstaged,601,Squamous Cell Carcinoma
1,Both Sexes,1,All Races / Ethnicities,1,All Ages,601,Squamous Cell Carcinoma of the Esophagus,2009,0.193276,0.170569,0.218147,,268,1,Observed SEER Incidence Rate,107,Unstaged,601,Squamous Cell Carcinoma
1,Both Sexes,1,All Races / Ethnicities,1,All Ages,601,Squamous Cell Carcinoma of the Esophagus,2010,0.197909,0.175061,0.222893,,279,1,Observed SEER Incidence Rate,107,Unstaged,601,Squamous Cell Carcinoma
1,Both Sexes,1,All Races / Ethnicities,1,All Ages,601,Squamous Cell Carcinoma of the Esophagus,2011,0.186668,0.164777,0.210653,,270,1,Observed SEER Incidence Rate,107,Unstaged,601,Squamous Cell Carcinoma
1,Both Sexes,1,All Races / Ethnicities,1,All Ages,601,Squamous Cell Carcinoma of the Esophagus,2012,0.162467,0.142482,0.184487,,245,1,Observed SEER Incidence Rate,107,Unstaged,601,Squamous Cell Carcinoma
1,Both Sexes,1,All Races / Ethnicities,1,All Ages,601,Squamous Cell Carcinoma of the Esophagus,2013,0.136494,0.118512,0.156468,,213,1,Observed SEER Incidence Rate,107,Unstaged,601,Squamous Cell Carcinoma
1,Both Sexes,1,All Races / Ethnicities,1,All Ages,601,Squamous Cell Carcinoma of the Esophagus,2014,0.156624,0.137284,0.177949,,244,1,Observed SEER Incidence Rate,107,Unstaged,601,Squamous Cell Carcinoma
1,Both Sexes,1,All Races / Ethnicities,1,All Ages,601,Squamous Cell Carcinoma of the Esophagus,2015,0.163042,0.143613,0.184406,,264,1,Observed SEER Incidence Rate,107,Unstaged,601,Squamous Cell Carcinoma
1,Both Sexes,1,All Races / Ethnicities,1,All Ages,601,Squamous Cell Carcinoma of the Esophagus,2016,0.169051,0.149396,0.190617,,277,1,Observed SEER Incidence Rate,107,Unstaged,601,Squamous Cell Carcinoma
1,Both Sexes,1,All Races / Ethnicities,1,All Ages,601,Squamous Cell Carcinoma of the Esophagus,2017,0.138781,0.121460,0.157954,,239,1,Observed SEER Incidence Rate,107,Unstaged,601,Squamous Cell Carcinoma
1,Both Sexes,1,All Races / Ethnicities,1,All Ages,601,Squamous Cell Carcinoma of the Esophagus,2018,0.131497,0.114714,0.150120,,228,1,Observed SEER Incidence Rate,107,Unstaged,601,Squamous Cell Carcinoma
1,Both Sexes,1,All Races / Ethnicities,1,All Ages,601,Squamous Cell Carcinoma of the Esophagus,2019,0.123967,0.107799,0.141957,,218,1,Observed SEER Incidence Rate,107,Unstaged,601,Squamous Cell Carcinoma
1,Both Sexes,1,All Races / Ethnicities,1,All Ages,601,Squamous Cell Carcinoma of the Esophagus,2020,0.135781,0.118825,0.154556,,238,1,Observed SEER Incidence Rate,107,Unstaged,601,Squamous Cell Carcinoma
1,Both Sexes,1,All Races / Ethnicities,1,All Ages,601,Squamous Cell Carcinoma of the Esophagus,2021,0.107031,0.092230,0.123631,,193,1,Observed SEER Incidence Rate,107,Unstaged,601,Squamous Cell Carcinoma
1,Both Sexes,1,All Races / Ethnicities,1,All Ages,601,Squamous Cell Carcinoma of the Esophagus,2022,0.108992,0.094331,0.125404,,204,1,Observed SEER Incidence Rate,107,Unstaged,601,Squamous Cell Carcinoma
1,Both Sexes,1,All Races / Ethnicities,1,All Ages,601,Squamous Cell Carcinoma of the Esophagus,2023,0.117668,0.102491,0.134576,,221,1,Observed SEER Incidence Rate,107,Unstaged,601,Squamous Cell Carcinoma
1,Both Sexes,1,All Races / Ethnicities,1,All Ages,75,Eye and Orbit,2000,0.084870,0.074383,0.096418,0.085658,236,,,,,,
1,Both Sexes,1,All Races / Ethnicities,1,All Ages,75,Eye and Orbit,2001,0.080256,0.070127,0.091434,0.082627,226,,,,,,
1,Both Sexes,1,All Races / Ethnicities,1,All Ages,75,Eye and Orbit,2002,0.083541,0.073292,0.094822,0.079703,240,,,,,,
1,Both Sexes,1,All Races / Ethnicities,1,All Ages,75,Eye and Orbit,2003,0.078884,0.069019,0.089767,0.076883,231,,,,,,
1,Both Sexes,1,All Races / Ethnicities,1,All Ages,75,Eye and Orbit,2004,0.070488,0.061208,0.080779,0.074162,208,,,,,,
1,Both Sexes,1,All Races / Ethnicities,1,All Ages,75,Eye and Orbit,2005,0.083376,0.073364,0.094379,0.075563,252,,,,,,
1,Both Sexes,1,All Races / Ethnicities,1,All Ages,75,Eye and Orbit,2006,0.071294,0.062112,0.081457,0.076990,219,,,,,,
1,Both Sexes,1,All Races / Ethnicities,1,All Ages,75,Eye and Orbit,2007,0.080600,0.070832,0.091341,0.078443,249,,,,,,
1,Both Sexes,1,All Races / Ethnicities,1,All Ages,75,Eye and Orbit,2008,0.081484,0.071835,0.092079,0.079925,262,,,,,,
1,Both Sexes,1,All Races / Ethnicities,1,All Ages,75,Eye and Orbit,2009,0.086538,0.076563,0.097459,0.081434,278,,,,,,
1,Both Sexes,1,All Races / Ethnicities,1,All Ages,75,Eye and Orbit,2010,0.084952,0.075232,0.095596,0.082972,283,,,,,,
1,Both Sexes,1,All Races / Ethnicities,1,All Ages,75,Eye and Orbit,2011,0.081207,0.071855,0.091462,0.084539,280,,,,,,
1,Both Sexes,1,All Races / Ethnicities,1,All Ages,75,Eye and Orbit,2012,0.079767,0.070544,0.089884,0.086135,279,,,,,,
1,Both Sexes,1,All Races / Ethnicities,1,All Ages,75,Eye and Orbit,2013,0.090254,0.080466,0.100928,0.087762,319,,,,,,
1,Both Sexes,1,All Races / Ethnicities,1,All Ages,75,Eye and Orbit,2014,0.089458,0.079828,0.099958,0.089419,324,,,,,,
1,Both Sexes,1,All Races / Ethnicities,1,All Ages,75,Eye and Orbit,2015,0.090431,0.080813,0.100907,0.091108,334,,,,,,
1,Both Sexes,1,All Races / Ethnicities,1,All Ages,75,Eye and Orbit,2016,0.094734,0.084900,0.105423,0.092828,351,,,,,,
1,Both Sexes,1,All Races / Ethnicities,1,All Ages,75,Eye and Orbit,2017,0.084593,0.075540,0.094473,0.094581,331,,,,,,
1,Both Sexes,1,All Races / Ethnicities,1,All Ages,75,Eye and Orbit,2018,0.087521,0.078355,0.097507,0.096368,346,,,,,,
1,Both Sexes,1,All Races / Ethnicities,1,All Ages,75,Eye and Orbit,2019,0.093500,0.084116,0.103692,0.098187,377,,,,,,
1,Both Sexes,1,All Races / Ethnicities,1,All Ages,75,Eye and Orbit,2020,0.098450,0.088822,0.108883,0.100042,399,,,,,,
1,Both Sexes,1,All Races / Ethnicities,1,All Ages,75,Eye and Orbit,2021,0.113810,0.103503,0.124914,0.101931,469,,,,,,
1,Both Sexes,1,All Races / Ethnicities,1,All Ages,75,Eye and Orbit,2022,0.104642,0.094904,0.115162,0.103856,441,,,,,,
1,Both Sexes,1,All Races / Ethnicities,1,All Ages,75,Eye and Orbit,2023,0.106224,0.096423,0.116803,0.105817,450,,,,,,
1,Both Sexes,1,All Races / Ethnicities,1,All Ages,75,Eye and Orbit,2024,0.111369,0.101440,0.122061,0.107815,485,,,,,,
1,Both Sexes,1,All Races / Ethnicities,1,All Ages,38,Gallbladder,2000,0.701251,0.670450,0.733099,0.685343,1949,,,,,,
1,Both Sexes,1,All Races / Ethnicities,1,All Ages,38,Gallbladder,2001,0.699990,0.669409,0.731604,0.679002,1971,,,,,,
1,Both Sexes,1,All Races / Ethnicities,1,All Ages,38,Gallbladder,2002,0.666487,0.636875,0.697119,0.672721,1907,,,,,,
1,Both Sexes,1,All Races / Ethnicities,1,All Ages,38,Gallbladder,2003,0.656805,0.627666,0.686949,0.666497,1915,,,,,,
1,Both Sexes,1,All Races / Ethnicities,1,All Ages,38,Gallbladder,2004,0.656467,0.627467,0.686461,0.660332,1936,,,,,,
1,Both Sexes,1,All Races / Ethnicities,1,All Ages,38,Gallbladder,2005,0.660189,0.631384,0.689973,0.654223,1989,,,,,,
1,Both Sexes,1,All Races / Ethnicities,1,All Ages,38,Gallbladder,2006,0.651784,0.623391,0.681142,0.648170,2000,,,,,,
1,Both Sexes,1,All Races / Ethnicities,1,All Ages,38,Gallbladder,2007,0.610692,0.583467,0.638866,0.642174,1914,,,,,,
1,Both Sexes,1,All Races / Ethnicities,1,All Ages,38,Gallbladder,2008,0.617487,0.590314,0.645598,0.636233,1971,,,,,,
1,Both Sexes,1,All Races / Ethnicities,1,All Ages,38,Gallbladder,2009,0.626976,0.599854,0.655022,0.630347,2048,,,,,,
1,Both Sexes,1,All Races / Ethnicities,1,All Ages,38,Gallbladder,2010,0.631514,0.604515,0.659424,0.624516,2105,,,,,,
1,Both Sexes,1,All Races / Ethnicities,1,All Ages,38,Gallbladder,2011,0.616956,0.590525,0.644284,0.618738,2101,,,,,,
1,Both Sexes,1,All Races / Ethnicities,1,All Ages,38,Gallbladder,2012,0.607248,0.581217,0.634165,0.613014,2102,,,,,,
1,Both Sexes,1,All Races / Ethnicities,1,All Ages,38,Gallbladder,2013,0.610455,0.584631,0.637150,0.607343,2160,,,,,,
1,Both Sexes,1,All Races / Ethnicities,1,All Ages,38,Gallbladder,2014,0.630497,0.604488,0.657364,0.601725,2278,,,,,,
1,Both Sexes,1,All Races / Ethnicities,1,All Ages,38,Gallbladder,2015,0.577979,0.553255,0.603552,0.588888,2124,,,,,,
1,Both Sexes,1,All Races / Ethnicities,1,All Ages,38,Gallbladder,2016,0.576332,0.551910,0.601587,0.576324,2168,,,,,,
1,Both Sexes,1,All Races / Ethnicities,1,All Ages,38,Gallbladder,2017,0.571931,0.547815,0.596870,0.564029,2195,,,,,,
1,Both Sexes,1,All Races / Ethnicities,1,All Ages,38,Gallbladder,2018,0.555766,0.532286,0.580054,0.551996,2180,,,,,,
1,Both Sexes,1,All Races / Ethnicities,1,All Ages,38,Gallbladder,2019,0.527854,0.505343,0.551157,0.540220,2135,,,,,,
1,Both Sexes,1,All Races / Ethnicities,1,All Ages,38,Gallbladder,2020,0.547689,0.524984,0.571175,0.528695,2263,,,,,,
1,Both Sexes,1,All Races / Ethnicities,1,All Ages,38,Gallbladder,2021,0.508521,0.486746,0.531073,0.517416,2123,,,,,,
1,Both Sexes,1,All Races / Ethnicities,1,All Ages,38,Gallbladder,2022,0.486627,0.465574,0.508442,0.506377,2077,,,,,,
1,Both Sexes,1,All Races / Ethnicities,1,All Ages,38,Gallbladder,2023,0.496879,0.475857,0.518649,0.495574,2168,,,,,,
1,Both Sexes,1,All Races / Ethnicities,1,All Ages,38,Gallbladder,2024,0.496593,0.475802,0.518119,0.485002,2213,,,,,,
1,Both Sexes,1,All Races / Ethnicities,1,All Ages,83,Hodgkin Lymphoma,2000,0.458756,0.434024,0.484531,0.497732,1287,,,,,,
1,Both Sexes,1,All Races / Ethnicities,1,All Ages,83,Hodgkin Lymphoma,2001,0.465575,0.440811,0.491368,0.481915,1323,,,,,,
1,Both Sexes,1,All Races / Ethnicities,1,All Ages,83,Hodgkin Lymphoma,2002,0.470306,0.445545,0.496086,0.466600,1352,,,,,,
1,Both Sexes,1,All Races / Ethnicities,1,All Ages,83,Hodgkin Lymphoma,2003,0.462476,0.438063,0.487896,0.451772,1347,,,,,,
1,Both Sexes,1,All Races / Ethnicities,1,All Ages,83,Hodgkin Lymphoma,2004,0.429966,0.406631,0.454295,0.437415,1276,,,,,,
1,Both Sexes,1,All Races / Ethnicities,1,All Ages,83,Hodgkin Lymphoma,2005,0.424136,0.401058,0.448199,0.423515,1272,,,,,,
1,Both Sexes,1,All Races / Ethnicities,1,All Ages,83,Hodgkin Lymphoma,2006,0.437874,0.414508,0.462215,0.410056,1327,,,,,,
1,Both Sexes,1,All Races / Ethnicities,1,All Ages,83,Hodgkin Lymphoma,2007,0.412403,0.389890,0.435878,0.397025,1271,,,,,,
1,Both Sexes,1,All Races / Ethnicities,1,All Ages,83,Hodgkin Lymphoma,2008,0.374143,0.352841,0.396398,0.384408,1171,,,,,,
1,Both Sexes,1,All Races / Ethnicities,1,All Ages,83,Hodgkin Lymphoma,2009,0.394418,0.372623,0.417157,0.372191,1250,,,,,,
1,Both Sexes,1,All Races / Ethnicities,1,All Ages,83,Hodgkin Lymphoma,2010,0.380852,0.359604,0.403033,0.360364,1231,,,,,,
1,Both Sexes,1,All Races / Ethnicities,1,All Ages,83,Hodgkin Lymphoma,2011,0.357806,0.337305,0.379230,0.348912,1168,,,,,,
1,Both Sexes,1,All Races / Ethnicities,1,All Ages,83,Hodgkin Lymphoma,2012,0.338353,0.318624,0.358992,0.337824,1130,,,,,,
1,Both Sexes,1,All Races / Ethnicities,1,All Ages,83,Hodgkin Lymphoma,2013,0.321034,0.301963,0.341002,0.327088,1090,,,,,,
1,Both Sexes,1,All Races / Ethnicities,1,All Ages,83,Hodgkin Lymphoma,2014,0.312109,0.293432,0.331673,0.316693,1077,,,,,,
1,Both Sexes,1,All Races / Ethnicities,1,All Ages,83,Hodgkin Lymphoma,2015,0.318367,0.299667,0.337942,0.306629,1120,,,,,,
1,Both Sexes,1,All Races / Ethnicities,1,All Ages,83,Hodgkin Lymphoma,2016,0.276976,0.259766,0.295046,0.296885,1000,,,,,,
1,Both Sexes,1,All Races / Ethnicities,1,All Ages,83,Hodgkin Lymphoma,2017,0.271184,0.254377,0.288835,0.287450,1009,,,,,,
1,Both Sexes,1,All Races / Ethnicities,1,All Ages,83,Hodgkin Lymphoma,2018,0.276376,0.259504,0.294084,0.278315,1038,,,,,,
1,Both Sexes,1,All Races / Ethnicities,1,All Ages,83,Hodgkin Lymphoma,2019,0.247148,0.231300,0.263823,0.269471,943,,,,,,
1,Both Sexes,1,All Races / Ethnicities,1,All Ages,83,Hodgkin Lymphoma,2020,0.259814,0.243726,0.276718,0.260907,1011,,,,,,
1,Both Sexes,1,All Races / Ethnicities,1,All Ages,83,Hodgkin Lymphoma,2021,0.252874,0.237122,0.269434,0.252616,1003,,,,,,
1,Both Sexes,1,All Races / Ethnicities,1,All Ages,83,Hodgkin Lymphoma,2022,0.265491,0.249364,0.282422,0.244588,1056,,,,,,
1,Both Sexes,1,All Races / Ethnicities,1,All Ages,83,Hodgkin Lymphoma,2023,0.246037,0.230852,0.262003,0.236815,1021,,,,,,
1,Both Sexes,1,All Races / Ethnicities,1,All Ages,83,Hodgkin Lymphoma,2024,0.214944,0.200892,0.229766,0.229289,909,,,,,,
1,Both Sexes,1,All Races / Ethnicities,1,All Ages,110,Kaposi Sarcoma,2000,0.717517,0.671488,0.765877,0.737541,907,1,Observed SEER Incidence Rate,101,All Stages,110,110
1,Both Sexes,1,All Races / Ethnicities,1,All Ages,110,Kaposi Sarcoma,2001,0.741283,0.694589,0.790288,0.717656,941,1,Observed SEER Incidence Rate,101,All Stages,110,110
1,Both Sexes,1,All Races / Ethnicities,1,All Ages,110,Kaposi Sarcoma,2002,0.655418,0.611763,0.701363,0.698308,840,1,Observed SEER Incidence Rate,101,All Stages,110,110
1,Both Sexes,1,All Races / Ethnicities,1,All Ages,110,Kaposi Sarcoma,2003,0.677007,0.632616,0.723680,0.679482,868,1,Observed SEER Incidence Rate,101,All Stages,110,110
1,Both Sexes,1,All Races / Ethnicities,1,All Ages,110,Kaposi Sarcoma,2004,0.673879,0.629829,0.720186,0.661163,874,1,Observed SEER Incidence Rate,101,All Stages,110,110
1,Both Sexes,1,All Races / Ethnicities,1,All Ages,110,Kaposi Sarcoma,2005,0.686653,0.642180,0.733374,0.643338,892,1,Observed SEER Incidence Rate,101,All Stages,110,110
1,Both Sexes,1,All Races / Ethnicities,1,All Ages,110,Kaposi Sarcoma,2006,0.605873,0.564290,0.649688,0.625993,794,1,Observed SEER Incidence Rate,101,All Stages,110,110
1,Both Sexes,1,All Races / Ethnicities,1,All Ages,110,Kaposi Sarcoma,2007,0.646415,0.603649,0.691385,0.609116,858,1,Observed SEER Incidence Rate,101,All Stages,110,110
1,Both Sexes,1,All Races / Ethnicities,1,All Ages,110,Kaposi Sarcoma,2008,0.577644,0.537311,0.620170,0.592694,770,1,Observed SEER Incidence Rate,101,All Stages,110,110
1,Both Sexes,1,All Races / Ethnicities,1,All Ages,110,Kaposi Sarcoma,2009,0.575911,0.536071,0.617903,0.576715,788,1,Observed SEER Incidence Rate,101,All Stages,110,110
1,Both Sexes,1,All Races / Ethnicities,1,All Ages,110,Kaposi Sarcoma,2010,0.547340,0.508665,0.588150,0.561167,757,1,Observed SEER Incidence Rate,101,All Stages,110,110
1,Both Sexes,1,All Races / Ethnicities,1,All Ages,110,Kaposi Sarcoma,2011,0.523107,0.485500,0.562828,0.546038,733,1,Observed SEER Incidence Rate,101,All Stages,110,110
1,Both Sexes,1,All Races / Ethnicities,1,All Ages,110,Kaposi Sarcoma,2012,0.535468,0.497610,0.575415,0.531316,758,1,Observed SEER Incidence Rate,101,All Stages,110,110
1,Both Sexes,1,All Races / Ethnicities,1,All Ages,110,Kaposi Sarcoma,2013,0.512371,0.475583,0.551225,0.516992,736,1,Observed SEER Incidence Rate,101,All Stages,110,110
1,Both Sexes,1,All Races / Ethnicities,1,All Ages,110,Kaposi Sarcoma,2014,0.532680,0.495427,0.571971,0.503054,780,1,Observed SEER Incidence Rate,101,All Stages,110,110
1,Both Sexes,1,All Races / Ethnicities,1,All Ages,110,Kaposi Sarcoma,2015,0.508464,0.472442,0.546492,0.489491,760,1,Observed SEER Incidence Rate,101,All Stages,110,110
1,Both Sexes,1,All Races / Ethnicities,1,All Ages,110,Kaposi Sarcoma,2016,0.490074,0.454860,0.527276,0.476295,742,1,Observed SEER Incidence Rate,101,All Stages,110,110
1,Both Sexes,1,All Races / Ethnicities,1,All Ages,110,Kaposi Sarcoma,2017,0.423082,0.390449,0.457698,0.463454,643,1,Observed SEER Incidence Rate,101,All Stages,110,110
1,Both Sexes,1,All Races / Ethnicities,1,All Ages,110,Kaposi Sarcoma,2018,0.445770,0.412559,0.480934,0.450959,688,1,Observed SEER Incidence Rate,101,All Stages,110,110
1,Both Sexes,1,All Races / Ethnicities,1,All Ages,110,Kaposi Sarcoma,2019,0.418514,0.386609,0.452349,0.438801,660,1,Observed SEER Incidence Rate,101,All Stages,110,110
1,Both Sexes,1,All Races / Ethnicities,1,All Ages,110,Kaposi Sarcoma,2020,0.392475,0.361500,0.425388,0.426971,616,1,Observed SEER Incidence Rate,101,All Stages,110,110
1,Both Sexes,1,All Races / Ethnicities,1,All Ages,110,Kaposi Sarcoma,2021,0.427323,0.395165,0.461404,0.415459,677,1,Observed SEER Incidence Rate,101,All Stages,110,110
1,Both Sexes,1,All Races / Ethnicities,1,All Ages,110,Kaposi Sarcoma,2022,0.391071,0.360514,0.423532,0.404259,626,1,Observed SEER Incidence Rate,101,All Stages,110,110
1,Both Sexes,1,All Races / Ethnicities,1,All Ages,110,Kaposi Sarcoma,2023,0.410111,0.378788,0.443332,0.393360,656,1,Observed SEER Incidence Rate,101,All Stages,110,110
1,Both Sexes,1,All Races / Ethnicities,1,All Ages,110,Kaposi Sarcoma,2004,0.413082,0.378694,0.449738,,534,1,Observed SEER Incidence Rate,104,Localized,110,110
1,Both Sexes,1,All Races / Ethnicities,1,All Ages,110,Kaposi Sarcoma,2005,0.414990,0.380605,0.451630,,540,1,Observed SEER Incidence Rate,104,Localized,110,110
1,Both Sexes,1,All Races / Ethnicities,1,All Ages,110,Kaposi Sarcoma,2006,0.373012,0.340488,0.407778,,487,1,Observed SEER Incidence Rate,104,Localized,110,110
1,Both Sexes,1,All Races / Ethnicities,1,All Ages,110,Kaposi Sarcoma,2007,0.393274,0.360126,0.428630,,524,1,Observed SEER Incidence Rate,104,Localized,110,110
1,Both Sexes,1,All Races / Ethnicities,1,All Ages,110,Kaposi Sarcoma,2008,0.342560,0.311735,0.375580,,459,1,Observed SEER Incidence Rate,104,Localized,110,110
1,Both Sexes,1,All Races / Ethnicities,1,All Ages,110,Kaposi Sarcoma,2009,0.337353,0.307032,0.369835,,462,1,Observed SEER Incidence Rate,104,Localized,110,110
1,Both Sexes,1,All Races / Ethnicities,1,All Ages,110,Kaposi Sarcoma,2010,0.331089,0.301229,0.363086,,460,1,Observed SEER Incidence Rate,104,Localized,110,110
1,Both Sexes,1,All Races / Ethnicities,1,All Ages,110,Kaposi Sarcoma,2011,0.303222,0.274755,0.333811,,425,1,Observed SEER Incidence Rate,104,Localized,110,110
1,Both Sexes,1,All Races / Ethnicities,1,All Ages,110,Kaposi Sarcoma,2012,0.296438,0.268591,0.326370,,424,1,Observed SEER Incidence Rate,104,Localized,110,110
1,Both Sexes,1,All Races / Ethnicities,1,All Ages,110,Kaposi Sarcoma,2013,0.269226,0.242782,0.297742,,388,1,Observed SEER Incidence Rate,104,Localized,110,110
1,Both Sexes,1,All Races / Ethnicities,1,All Ages,110,Kaposi Sarcoma,2014,0.276296,0.249810,0.304815,,410,1,Observed SEER Incidence Rate,104,Localized,110,110
1,Both Sexes,1,All Races / Ethnicities,1,All Ages,110,Kaposi Sarcoma,2015,0.277448,0.251022,0.305887,,416,1,Observed SEER Incidence Rate,104,Localized,110,110
1,Both Sexes,1,All Races / Ethnicities,1,All Ages,110,Kaposi Sarcoma,2016,0.218373,0.195225,0.243506,,335,1,Observed SEER Incidence Rate,104,Localized,110,110
1,Both Sexes,1,All Races / Ethnicities,1,All Ages,110,Kaposi Sarcoma,2017,0.175910,0.155172,0.198635,,269,1,Observed SEER Incidence Rate,104,Localized,110,110
1,Both Sexes,1,All Races / Ethnicities,1,All Ages,110,Kaposi Sarcoma,2018,0.237103,0.213007,0.263167,,365,1,Observed SEER Incidence Rate,104,Localized,110,110
1,Both Sexes,1,All Races / Ethnicities,1,All Ages,110,Kaposi Sarcoma,2019,0.211902,0.189615,0.236104,,342,1,Observed SEER Incidence Rate,104,Localized,110,110
1,Both Sexes,1,All Races / Ethnicities,1,All Ages,110,Kaposi Sarcoma,2020,0.226423,0.203190,0.251587,,361,1,Observed SEER Incidence Rate,104,Localized,110,110
1,Both Sexes,1,All Races / Ethnicities,1,All Ages,110,Kaposi Sarcoma,2021,0.235270,0.211787,0.260663,,381,1,Observed SEER Incidence Rate,104,Localized,110,110
1,Both Sexes,1,All Races / Ethnicities,1,All Ages,110,Kaposi Sarcoma,2022,0.223165,0.200349,0.247883,,362,1,Observed SEER Incidence Rate,104,Localized,110,110
1,Both Sexes,1,All Races / Ethnicities,1,All Ages,110,Kaposi Sarcoma,2023,0.233779,0.210549,0.258887,,385,1,Observed SEER Incidence Rate,104,Localized,110,110
1,Both Sexes,1,All Races / Ethnicities,1,All Ages,110,Kaposi Sarcoma,2004,0.114873,0.097248,0.134769,,151,1,Observed SEER Incidence Rate,105,Regional,110,110
1,Both Sexes,1,All Races / Ethnicities,1,All Ages,110,Kaposi Sarcoma,2005,0.133835,0.114691,0.155246,,175,1,Observed SEER Incidence Rate,105,Regional,110,110
1,Both Sexes,1,All Races / Ethnicities,1,All Ages,110,Kaposi Sarcoma,2006,0.107128,0.090169,0.126335,,142,1,Observed SEER Incidence Rate,105,Regional,110,110
1,Both Sexes,1,All Races / Ethnicities,1,All Ages,110,Kaposi Sarcoma,2007,0.122385,0.104239,0.142760,,163,1,Observed SEER Incidence Rate,105,Regional,110,110
1,Both Sexes,1,All Races / Ethnicities,1,All Ages,110,Kaposi Sarcoma,2008,0.116503,0.098741,0.136496,,154,1,Observed SEER Incidence Rate,105,Regional,110,110
1,Both Sexes,1,All Races / Ethnicities,1,All Ages,110,Kaposi Sarcoma,2009,0.105501,0.088895,0.124286,,145,1,Observed SEER Incidence Rate,105,Regional,110,110
1,Both Sexes,1,All Races / Ethnicities,1,All Ages,110,Kaposi Sarcoma,2010,0.095386,0.079681,0.113255,,132,1,Observed SEER Incidence Rate,105,Regional,110,110
1,Both Sexes,1,All Races / Ethnicities,1,All Ages,110,Kaposi Sarcoma,2011,0.080740,0.066402,0.097228,,113,1,Observed SEER Incidence Rate,105,Regional,110,110
1,Both Sexes,1,All Races / Ethnicities,1,All Ages,110,Kaposi Sarcoma,2012,0.112084,0.094924,0.131399,,154,1,Observed SEER Incidence Rate,105,Regional,110,110
1,Both Sexes,1,All Races / Ethnicities,1,All Ages,110,Kaposi Sarcoma,2013,0.101905,0.085804,0.120115,,145,1,Observed SEER Incidence Rate,105,Regional,110,110
1,Both Sexes,1,All Races / Ethnicities,1,All Ages,110,Kaposi Sarcoma,2014,0.102761,0.086527,0.121108,,145,1,Observed SEER Incidence Rate,105,Regional,110,110
1,Both Sexes,1,All Races / Ethnicities,1,All Ages,110,Kaposi Sarcoma,2015,0.110173,0.093714,0.128673,,163,1,Observed SEER Incidence Rate,105,Regional,110,110
1,Both Sexes,1,All Races / Ethnicities,1,All Ages,110,Kaposi Sarcoma,2016,0.072641,0.059286,0.088066,,106,1,Observed SEER Incidence Rate,105,Regional,110,110
1,Both Sexes,1,All Races / Ethnicities,1,All Ages,110,Kaposi Sarcoma,2017,0.057079,0.045531,0.070650,,87,1,Observed SEER Incidence Rate,105,Regional,110,110
1,Both Sexes,1,All Races / Ethnicities,1,All Ages,110,Kaposi Sarcoma,2018,0.060449,0.048523,0.074395,,91,1,Observed SEER Incidence Rate,105,Regional,110,110
1,Both Sexes,1,All Races / Ethnicities,1,All Ages,110,Kaposi Sarcoma,2019,0.055730,0.044208,0.069293,,83,1,Observed SEER Incidence Rate,105,Regional,110,110
1,Both Sexes,1,All Races / Ethnicities,1,All Ages,110,Kaposi Sarcoma,2020,0.049584,0.038764,0.062447,,74,1,Observed SEER Incidence Rate,105,Regional,110,110
1,Both Sexes,1,All Races / Ethnicities,1,All Ages,110,Kaposi Sarcoma,2021,0.067416,0.054699,0.082164,,100,1,Observed SEER Incidence Rate,105,Regional,110,110
1,Both Sexes,1,All Races / Ethnicities,1,All Ages,110,Kaposi Sarcoma,2022,0.058962,0.047184,0.072752,,88,1,Observed SEER Incidence Rate,105,Regional,110,110
1,Both Sexes,1,All Races / Ethnicities,1,All Ages,110,Kaposi Sarcoma,2023,0.062136,0.050049,0.076219,,93,1,Observed SEER Incidence Rate,105,Regional,110,110
1,Both Sexes,1,All Races / Ethnicities,1,All Ages,110,Kaposi Sarcoma,2004,0.012774,0.007430,0.020490,,17,1,Observed SEER Incidence Rate,106,Distant,110,110
1,Both Sexes,1,All Races / Ethnicities,1,All Ages,110,Kaposi Sarcoma,2005,,,,,,1,Observed SEER Incidence Rate,106,Distant,110,110
1,Both Sexes,1,All Races / Ethnicities,1,All Ages,110,Kaposi Sarcoma,2006,,,,,,1,Observed SEER Incidence Rate,106,Distant,110,110
1,Both Sexes,1,All Races / Ethnicities,1,All Ages,110,Kaposi Sarcoma,2007,,,,,,1,Observed SEER Incidence Rate,106,Distant,110,110
1,Both Sexes,1,All Races / Ethnicities,1,All Ages,110,Kaposi Sarcoma,2008,,,,,,1,Observed SEER Incidence Rate,106,Distant,110,110
1,Both Sexes,1,All Races / Ethnicities,1,All Ages,110,Kaposi Sarcoma,2009,,,,,,1,Observed SEER Incidence Rate,106,Distant,110,110
1,Both Sexes,1,All Races / Ethnicities,1,All Ages,110,Kaposi Sarcoma,2010,,,,,,1,Observed SEER Incidence Rate,106,Distant,110,110
1,Both Sexes,1,All Races / Ethnicities,1,All Ages,110,Kaposi Sarcoma,2011,0.016348,0.010429,0.024427,,24,1,Observed SEER Incidence Rate,106,Distant,110,110
1,Both Sexes,1,All Races / Ethnicities,1,All Ages,110,Kaposi Sarcoma,2012,,,,,,1,Observed SEER Incidence Rate,106,Distant,110,110
1,Both Sexes,1,All Races / Ethnicities,1,All Ages,110,Kaposi Sarcoma,2013,,,,,,1,Observed SEER Incidence Rate,106,Distant,110,110
1,Both Sexes,1,All Races / Ethnicities,1,All Ages,110,Kaposi Sarcoma,2014,0.017451,0.011255,0.025797,,25,1,Observed SEER Incidence Rate,106,Distant,110,110
1,Both Sexes,1,All Races / Ethnicities,1,All Ages,110,Kaposi Sarcoma,2015,0.014637,0.008988,0.022456,,21,1,Observed SEER Incidence Rate,106,Distant,110,110
1,Both Sexes,1,All Races / Ethnicities,1,All Ages,110,Kaposi Sarcoma,2016,0.051492,0.040295,0.064785,,74,1,Observed SEER Incidence Rate,106,Distant,110,110
1,Both Sexes,1,All Races / Ethnicities,1,All Ages,110,Kaposi Sarcoma,2017,0.041465,0.031533,0.053481,,60,1,Observed SEER Incidence Rate,106,Distant,110,110
1,Both Sexes,1,All Races / Ethnicities,1,All Ages,110,Kaposi Sarcoma,2018,0.029885,0.021699,0.040118,,45,1,Observed SEER Incidence Rate,106,Distant,110,110
1,Both Sexes,1,All Races / Ethnicities,1,All Ages,110,Kaposi Sarcoma,2019,0.033206,0.024455,0.044022,,49,1,Observed SEER Incidence Rate,106,Distant,110,110
1,Both Sexes,1,All Races / Ethnicities,1,All Ages,110,Kaposi Sarcoma,2020,0.023084,0.015907,0.032340,,34,1,Observed SEER Incidence Rate,106,Distant,110,110
1,Both Sexes,1,All Races / Ethnicities,1,All Ages,110,Kaposi Sarcoma,2021,0.034921,0.025981,0.045908,,52,1,Observed SEER Incidence Rate,106,Distant,110,110
1,Both Sexes,1,All Races / Ethnicities,1,All Ages,110,Kaposi Sarcoma,2022,0.022456,0.015489,0.031457,,34,1,Observed SEER Incidence Rate,106,Distant,110,110
1,Both Sexes,1,All Races / Ethnicities,1,All Ages,110,Kaposi Sarcoma,2023,0.037828,0.028484,0.049204,,56,1,Observed SEER Incidence Rate,106,Distant,110,110
1,Both Sexes,1,All Races / Ethnicities,1,All Ages,110,Kaposi Sarcoma,2004,0.133149,0.113949,0.154642,,172,1,Observed SEER Incidence Rate,107,Unstaged,110,110
1,Both Sexes,1,All Races / Ethnicities,1,All Ages,110,Kaposi Sarcoma,2005,0.129499,0.110488,0.150809,,166,1,Observed SEER Incidence Rate,107,Unstaged,110,110
1,Both Sexes,1,All Races / Ethnicities,1,All Ages,110,Kaposi Sarcoma,2006,0.116246,0.098476,0.136276,,153,1,Observed SEER Incidence Rate,107,Unstaged,110,110
1,Both Sexes,1,All Races / Ethnicities,1,All Ages,110,Kaposi Sarcoma,2007,0.120903,0.102698,0.141366,,158,1,Observed SEER Incidence Rate,107,Unstaged,110,110
1,Both Sexes,1,All Races / Ethnicities,1,All Ages,110,Kaposi Sarcoma,2008,0.107297,0.090274,0.126556,,142,1,Observed SEER Incidence Rate,107,Unstaged,110,110
1,Both Sexes,1,All Races / Ethnicities,1,All Ages,110,Kaposi Sarcoma,2009,0.123743,0.105604,0.144073,,168,1,Observed SEER Incidence Rate,107,Unstaged,110,110
1,Both Sexes,1,All Races / Ethnicities,1,All Ages,110,Kaposi Sarcoma,2010,0.111333,0.094168,0.130682,,152,1,Observed SEER Incidence Rate,107,Unstaged,110,110
1,Both Sexes,1,All Races / Ethnicities,1,All Ages,110,Kaposi Sarcoma,2011,0.122795,0.104879,0.142861,,171,1,Observed SEER Incidence Rate,107,Unstaged,110,110
1,Both Sexes,1,All Races / Ethnicities,1,All Ages,110,Kaposi Sarcoma,2012,0.116455,0.099172,0.135856,,165,1,Observed SEER Incidence Rate,107,Unstaged,110,110
1,Both Sexes,1,All Races / Ethnicities,1,All Ages,110,Kaposi Sarcoma,2013,0.131570,0.113281,0.151946,,189,1,Observed SEER Incidence Rate,107,Unstaged,110,110
1,Both Sexes,1,All Races / Ethnicities,1,All Ages,110,Kaposi Sarcoma,2014,0.136170,0.117690,0.156709,,200,1,Observed SEER Incidence Rate,107,Unstaged,110,110
1,Both Sexes,1,All Races / Ethnicities,1,All Ages,110,Kaposi Sarcoma,2015,0.106205,0.090179,0.124251,,160,1,Observed SEER Incidence Rate,107,Unstaged,110,110
1,Both Sexes,1,All Races / Ethnicities,1,All Ages,110,Kaposi Sarcoma,2016,0.147567,0.128671,0.168454,,227,1,Observed SEER Incidence Rate,107,Unstaged,110,110
1,Both Sexes,1,All Races / Ethnicities,1,All Ages,110,Kaposi Sarcoma,2017,0.148628,0.129562,0.169693,,227,1,Observed SEER Incidence Rate,107,Unstaged,110,110
1,Both Sexes,1,All Races / Ethnicities,1,All Ages,110,Kaposi Sarcoma,2018,0.118332,0.101722,0.136891,,187,1,Observed SEER Incidence Rate,107,Unstaged,110,110
1,Both Sexes,1,All Races / Ethnicities,1,All Ages,110,Kaposi Sarcoma,2019,0.117675,0.101091,0.136208,,186,1,Observed SEER Incidence Rate,107,Unstaged,110,110
1,Both Sexes,1,All Races / Ethnicities,1,All Ages,110,Kaposi Sarcoma,2020,0.093382,0.078652,0.110069,,147,1,Observed SEER Incidence Rate,107,Unstaged,110,110
1,Both Sexes,1,All Races / Ethnicities,1,All Ages,110,Kaposi Sarcoma,2021,0.089715,0.075417,0.105949,,144,1,Observed SEER Incidence Rate,107,Unstaged,110,110
1,Both Sexes,1,All Races / Ethnicities,1,All Ages,110,Kaposi Sarcoma,2022,0.086486,0.072599,0.102281,,142,1,Observed SEER Incidence Rate,107,Unstaged,110,110
1,Both Sexes,1,All Races / Ethnicities,1,All Ages,110,Kaposi Sarcoma,2023,0.076367,0.063222,0.091439,,122,1,Observed SEER Incidence Rate,107,Unstaged,110,110
1,Both Sexes,1,All Races / Ethnicities,1,All Ages,72,Kidney and Renal Pelvis,2000,4.215989,4.140033,4.292986,4.264501,11736,,,,,,
1,Both Sexes,1,All Races / Ethnicities,1,All Ages,72,Kidney and Renal Pelvis,2001,4.274230,4.198303,4.351183,4.231068,12078,,,,,,
1,Both Sexes,1,All Races / Ethnicities,1,All Ages,72,Kidney and Renal Pelvis,2002,4.232701,4.157737,4.308678,4.197896,12165,,,,,,
1,Both Sexes,1,All Races / Ethnicities,1,All Ages,72,Kidney and Renal Pelvis,2003,4.195246,4.121254,4.270237,4.164985,12286,,,,,,
1,Both Sexes,1,All Races / Ethnicities,1,All Ages,72,Kidney and Renal Pelvis,2004,4.133452,4.060548,4.207341,4.132331,12313,,,,,,
1,Both Sexes,1,All Races / Ethnicities,1,All Ages,72,Kidney and Renal Pelvis,2005,4.128574,4.056270,4.201849,4.099934,12517,,,,,,
1,Both Sexes,1,All Races / Ethnicities,1,All Ages,72,Kidney and Renal Pelvis,2006,4.004959,3.934349,4.076526,4.067791,12379,,,,,,
1,Both Sexes,1,All Races / Ethnicities,1,All Ages,72,Kidney and Renal Pelvis,2007,4.019734,3.949664,4.090745,4.035899,12703,,,,,,
1,Both Sexes,1,All Races / Ethnicities,1,All Ages,72,Kidney and Renal Pelvis,2008,3.987878,3.918777,4.057903,4.004258,12895,,,,,,
1,Both Sexes,1,All Races / Ethnicities,1,All Ages,72,Kidney and Renal Pelvis,2009,3.934930,3.866870,4.003903,3.972865,12995,,,,,,
1,Both Sexes,1,All Races / Ethnicities,1,All Ages,72,Kidney and Renal Pelvis,2010,3.927156,3.859693,3.995519,3.941717,13219,,,,,,
1,Both Sexes,1,All Races / Ethnicities,1,All Ages,72,Kidney and Renal Pelvis,2011,3.953271,3.886122,4.021308,3.910815,13559,,,,,,
1,Both Sexes,1,All Races / Ethnicities,1,All Ages,72,Kidney and Renal Pelvis,2012,3.852962,3.787359,3.919439,3.880154,13518,,,,,,
1,Both Sexes,1,All Races / Ethnicities,1,All Ages,72,Kidney and Renal Pelvis,2013,3.890601,3.825238,3.956826,3.849734,13906,,,,,,
1,Both Sexes,1,All Races / Ethnicities,1,All Ages,72,Kidney and Renal Pelvis,2014,3.793379,3.729618,3.857986,3.819552,13917,,,,,,
1,Both Sexes,1,All Races / Ethnicities,1,All Ages,72,Kidney and Renal Pelvis,2015,3.865291,3.801413,3.930005,3.789607,14448,,,,,,
1,Both Sexes,1,All Races / Ethnicities,1,All Ages,72,Kidney and Renal Pelvis,2016,3.650942,3.589240,3.713472,3.711431,13842,,,,,,
1,Both Sexes,1,All Races / Ethnicities,1,All Ages,72,Kidney and Renal Pelvis,2017,3.612209,3.551449,3.673783,3.634867,13959,,,,,,
1,Both Sexes,1,All Races / Ethnicities,1,All Ages,72,Kidney and Renal Pelvis,2018,3.587788,3.527855,3.648522,3.559883,14134,,,,,,
1,Both Sexes,1,All Races / Ethnicities,1,All Ages,72,Kidney and Renal Pelvis,2019,3.480158,3.421799,3.539306,3.486446,14021,,,,,,
1,Both Sexes,1,All Races / Ethnicities,1,All Ages,72,Kidney and Renal Pelvis,2020,3.520376,3.462156,3.579375,3.465256,14441,,,,,,
1,Both Sexes,1,All Races / Ethnicities,1,All Ages,72,Kidney and Renal Pelvis,2021,3.402767,3.345904,3.460403,3.444193,14163,,,,,,
1,Both Sexes,1,All Races / Ethnicities,1,All Ages,72,Kidney and Renal Pelvis,2022,3.410217,3.353940,3.467253,3.423259,14488,,,,,,
1,Both Sexes,1,All Races / Ethnicities,1,All Ages,72,Kidney and Renal Pelvis,2023,3.385758,3.330486,3.441775,3.402452,14777,,,,,,
1,Both Sexes,1,All Races / Ethnicities,1,All Ages,72,Kidney and Renal Pelvis,2024,3.407205,3.352403,3.462738,3.381772,15214,,,,,,
1,Both Sexes,1,All Races / Ethnicities,1,All Ages,630,Kidney,2000,11.899842,11.705187,12.096885,11.962468,14267,1,Observed SEER Incidence Rate,101,All Stages,630,Kidney
1,Both Sexes,1,All Races / Ethnicities,1,All Ages,630,Kidney,2001,12.504644,12.306723,12.704916,12.401216,15255,1,Observed SEER Incidence Rate,101,All Stages,630,Kidney
1,Both Sexes,1,All Races / Ethnicities,1,All Ages,630,Kidney,2002,12.827970,12.629221,13.029035,12.856057,15947,1,Observed SEER Incidence Rate,101,All Stages,630,Kidney
1,Both Sexes,1,All Races / Ethnicities,1,All Ages,630,Kidney,2003,13.399912,13.198614,13.603490,13.327580,16997,1,Observed SEER Incidence Rate,101,All Stages,630,Kidney
1,Both Sexes,1,All Races / Ethnicities,1,All Ages,630,Kidney,2004,13.714275,13.512087,13.918713,13.816397,17697,1,Observed SEER Incidence Rate,101,All Stages,630,Kidney
1,Both Sexes,1,All Races / Ethnicities,1,All Ages,630,Kidney,2005,14.278087,14.073307,14.485088,14.323142,18757,1,Observed SEER Incidence Rate,101,All Stages,630,Kidney
1,Both Sexes,1,All Races / Ethnicities,1,All Ages,630,Kidney,2006,14.772902,14.566153,14.981841,14.848473,19764,1,Observed SEER Incidence Rate,101,All Stages,630,Kidney
1,Both Sexes,1,All Races / Ethnicities,1,All Ages,630,Kidney,2007,15.127453,14.919988,15.337074,15.006619,20646,1,Observed SEER Incidence Rate,101,All Stages,630,Kidney
1,Both Sexes,1,All Races / Ethnicities,1,All Ages,630,Kidney,2008,15.482575,15.274983,15.692282,15.166448,21672,1,Observed SEER Incidence Rate,101,All Stages,630,Kidney
1,Both Sexes,1,All Races / Ethnicities,1,All Ages,630,Kidney,2009,15.571546,15.365123,15.780053,15.327980,22253,1,Observed SEER Incidence Rate,101,All Stages,630,Kidney
1,Both Sexes,1,All Races / Ethnicities,1,All Ages,630,Kidney,2010,15.121968,14.920343,15.325646,15.491233,22096,1,Observed SEER Incidence Rate,101,All Stages,630,Kidney
1,Both Sexes,1,All Races / Ethnicities,1,All Ages,630,Kidney,2011,15.395278,15.193593,15.598983,15.656224,22965,1,Observed SEER Incidence Rate,101,All Stages,630,Kidney
1,Both Sexes,1,All Races / Ethnicities,1,All Ages,630,Kidney,2012,15.734119,15.532222,15.938005,15.822972,23992,1,Observed SEER Incidence Rate,101,All Stages,630,Kidney
1,Both Sexes,1,All Races / Ethnicities,1,All Ages,630,Kidney,2013,15.783411,15.582981,15.985799,15.991497,24547,1,Observed SEER Incidence Rate,101,All Stages,630,Kidney
1,Both Sexes,1,All Races / Ethnicities,1,All Ages,630,Kidney,2014,15.950402,15.751133,16.151595,16.161816,25420,1,Observed SEER Incidence Rate,101,All Stages,630,Kidney
1,Both Sexes,1,All Races / Ethnicities,1,All Ages,630,Kidney,2015,16.513412,16.311984,16.716739,16.333949,26769,1,Observed SEER Incidence Rate,101,All Stages,630,Kidney
1,Both Sexes,1,All Races / Ethnicities,1,All Ages,630,Kidney,2016,16.528284,16.328407,16.730034,16.507916,27322,1,Observed SEER Incidence Rate,101,All Stages,630,Kidney
1,Both Sexes,1,All Races / Ethnicities,1,All Ages,630,Kidney,2017,16.875751,16.675450,17.077901,16.683735,28349,1,Observed SEER Incidence Rate,101,All Stages,630,Kidney
1,Both Sexes,1,All Races / Ethnicities,1,All Ages,630,Kidney,2018,17.026597,16.826978,17.228042,16.861427,29060,1,Observed SEER Incidence Rate,101,All Stages,630,Kidney
1,Both Sexes,1,All Races / Ethnicities,1,All Ages,630,Kidney,2019,17.573640,17.372525,17.776559,17.041012,30527,1,Observed SEER Incidence Rate,101,All Stages,630,Kidney
1,Both Sexes,1,All Races / Ethnicities,1,All Ages,630,Kidney,2020,15.844453,15.654694,16.035999,17.222509,27898,1,Observed SEER Incidence Rate,101,All Stages,630,Kidney
1,Both Sexes,1,All Races / Ethnicities,1,All Ages,630,Kidney,2021,17.215479,17.018339,17.414399,17.405939,30594,1,Observed SEER Incidence Rate,101,All Stages,630,Kidney
1,Both Sexes,1,All Races / Ethnicities,1,All Ages,630,Kidney,2022,17.065785,16.871235,17.262090,17.591323,30795,1,Observed SEER Incidence Rate,101,All Stages,630,Kidney
1,Both Sexes,1,All Races / Ethnicities,1,All Ages,630,Kidney,2023,17.956356,17.758109,18.156336,17.778682,32822,1,Observed SEER Incidence Rate,101,All Stages,630,Kidney
1,Both Sexes,1,All Races / Ethnicities,1,All Ages,630,Kidney,2004,8.401203,8.243382,8.561270,,10878,1,Observed SEER Incidence Rate,104,Localized,630,Kidney
1,Both Sexes,1,All Races / Ethnicities,1,All Ages,630,Kidney,2005,8.920400,8.758940,9.084077,,11756,1,Observed SEER Incidence Rate,104,Localized,630,Kidney
1,Both Sexes,1,All Races / Ethnicities,1,All Ages,630,Kidney,2006,9.472951,9.307824,9.640264,,12720,1,Observed SEER Incidence Rate,104,Localized,630,Kidney
1,Both Sexes,1,All Races / Ethnicities,1,All Ages,630,Kidney,2007,9.915457,9.747818,10.085250,,13568,1,Observed SEER Incidence Rate,104,Localized,630,Kidney
1,Both Sexes,1,All Races / Ethnicities,1,All Ages,630,Kidney,2008,10.288576,10.119573,10.459693,,14422,1,Observed SEER Incidence Rate,104,Localized,630,Kidney
1,Both Sexes,1,All Races / Ethnicities,1,All Ages,630,Kidney,2009,10.421368,10.252831,10.591986,,14936,1,Observed SEER Incidence Rate,104,Localized,630,Kidney
1,Both Sexes,1,All Races / Ethnicities,1,All Ages,630,Kidney,2010,10.126993,9.962152,10.293886,,14809,1,Observed SEER Incidence Rate,104,Localized,630,Kidney
1,Both Sexes,1,All Races / Ethnicities,1,All Ages,630,Kidney,2011,10.192794,10.028742,10.358868,,15201,1,Observed SEER Incidence Rate,104,Localized,630,Kidney
1,Both Sexes,1,All Races / Ethnicities,1,All Ages,630,Kidney,2012,10.558030,10.392816,10.725232,,16120,1,Observed SEER Incidence Rate,104,Localized,630,Kidney
1,Both Sexes,1,All Races / Ethnicities,1,All Ages,630,Kidney,2013,10.660823,10.496227,10.827377,,16593,1,Observed SEER Incidence Rate,104,Localized,630,Kidney
1,Both Sexes,1,All Races / Ethnicities,1,All Ages,630,Kidney,2014,10.752757,10.589125,10.918314,,17125,1,Observed SEER Incidence Rate,104,Localized,630,Kidney
1,Both Sexes,1,All Races / Ethnicities,1,All Ages,630,Kidney,2015,11.150397,10.984944,11.317752,,18089,1,Observed SEER Incidence Rate,104,Localized,630,Kidney
1,Both Sexes,1,All Races / Ethnicities,1,All Ages,630,Kidney,2016,11.399039,11.233013,11.566941,,18829,1,Observed SEER Incidence Rate,104,Localized,630,Kidney
1,Both Sexes,1,All Races / Ethnicities,1,All Ages,630,Kidney,2017,11.630577,11.464115,11.798892,,19498,1,Observed SEER Incidence Rate,104,Localized,630,Kidney
1,Both Sexes,1,All Races / Ethnicities,1,All Ages,630,Kidney,2018,11.625489,11.460461,11.792347,,19824,1,Observed SEER Incidence Rate,104,Localized,630,Kidney
1,Both Sexes,1,All Races / Ethnicities,1,All Ages,630,Kidney,2019,12.073117,11.906049,12.241996,,20874,1,Observed SEER Incidence Rate,104,Localized,630,Kidney
1,Both Sexes,1,All Races / Ethnicities,1,All Ages,630,Kidney,2020,10.597624,10.442086,10.754957,,18580,1,Observed SEER Incidence Rate,104,Localized,630,Kidney
1,Both Sexes,1,All Races / Ethnicities,1,All Ages,630,Kidney,2021,11.656452,11.493779,11.820914,,20607,1,Observed SEER Incidence Rate,104,Localized,630,Kidney
1,Both Sexes,1,All Races / Ethnicities,1,All Ages,630,Kidney,2022,11.393654,11.234268,11.554803,,20464,1,Observed SEER Incidence Rate,104,Localized,630,Kidney
1,Both Sexes,1,All Races / Ethnicities,1,All Ages,630,Kidney,2023,12.264643,12.100266,12.430763,,22276,1,Observed SEER Incidence Rate,104,Localized,630,Kidney
1,Both Sexes,1,All Races / Ethnicities,1,All Ages,630,Kidney,2004,2.102303,2.023522,2.183344,,2708,1,Observed SEER Incidence Rate,105,Regional,630,Kidney
1,Both Sexes,1,All Races / Ethnicities,1,All Ages,630,Kidney,2005,2.157453,2.078174,2.238966,,2826,1,Observed SEER Incidence Rate,105,Regional,630,Kidney
1,Both Sexes,1,All Races / Ethnicities,1,All Ages,630,Kidney,2006,2.096351,2.018741,2.176166,,2793,1,Observed SEER Incidence Rate,105,Regional,630,Kidney
1,Both Sexes,1,All Races / Ethnicities,1,All Ages,630,Kidney,2007,2.082778,2.006235,2.161487,,2842,1,Observed SEER Incidence Rate,105,Regional,630,Kidney
1,Both Sexes,1,All Races / Ethnicities,1,All Ages,630,Kidney,2008,2.134476,2.057916,2.213157,,2996,1,Observed SEER Incidence Rate,105,Regional,630,Kidney
1,Both Sexes,1,All Races / Ethnicities,1,All Ages,630,Kidney,2009,2.204703,2.127274,2.284229,,3137,1,Observed SEER Incidence Rate,105,Regional,630,Kidney
1,Both Sexes,1,All Races / Ethnicities,1,All Ages,630,Kidney,2010,2.140671,2.065252,2.218149,,3131,1,Observed SEER Incidence Rate,105,Regional,630,Kidney
1,Both Sexes,1,All Races / Ethnicities,1,All Ages,630,Kidney,2011,2.153450,2.078651,2.230272,,3229,1,Observed SEER Incidence Rate,105,Regional,630,Kidney
1,Both Sexes,1,All Races / Ethnicities,1,All Ages,630,Kidney,2012,2.245798,2.169887,2.323707,,3423,1,Observed SEER Incidence Rate,105,Regional,630,Kidney
1,Both Sexes,1,All Races / Ethnicities,1,All Ages,630,Kidney,2013,2.181967,2.107988,2.257906,,3408,1,Observed SEER Incidence Rate,105,Regional,630,Kidney
1,Both Sexes,1,All Races / Ethnicities,1,All Ages,630,Kidney,2014,2.268074,2.193330,2.344747,,3616,1,Observed SEER Incidence Rate,105,Regional,630,Kidney
1,Both Sexes,1,All Races / Ethnicities,1,All Ages,630,Kidney,2015,2.374689,2.298670,2.452616,,3846,1,Observed SEER Incidence Rate,105,Regional,630,Kidney
1,Both Sexes,1,All Races / Ethnicities,1,All Ages,630,Kidney,2016,2.197912,2.125742,2.271952,,3668,1,Observed SEER Incidence Rate,105,Regional,630,Kidney
1,Both Sexes,1,All Races / Ethnicities,1,All Ages,630,Kidney,2017,2.321824,2.248138,2.397358,,3921,1,Observed SEER Incidence Rate,105,Regional,630,Kidney
1,Both Sexes,1,All Races / Ethnicities,1,All Ages,630,Kidney,2018,2.332982,2.259759,2.408028,,4015,1,Observed SEER Incidence Rate,105,Regional,630,Kidney
1,Both Sexes,1,All Races / Ethnicities,1,All Ages,630,Kidney,2019,2.530014,2.454494,2.607331,,4449,1,Observed SEER Incidence Rate,105,Regional,630,Kidney
1,Both Sexes,1,All Races / Ethnicities,1,All Ages,630,Kidney,2020,2.369412,2.296750,2.443857,,4217,1,Observed SEER Incidence Rate,105,Regional,630,Kidney
1,Both Sexes,1,All Races / Ethnicities,1,All Ages,630,Kidney,2021,2.709258,2.631760,2.788533,,4858,1,Observed SEER Incidence Rate,105,Regional,630,Kidney
1,Both Sexes,1,All Races / Ethnicities,1,All Ages,630,Kidney,2022,2.775056,2.697266,2.854599,,5046,1,Observed SEER Incidence Rate,105,Regional,630,Kidney
1,Both Sexes,1,All Races / Ethnicities,1,All Ages,630,Kidney,2023,2.834314,2.756371,2.913984,,5250,1,Observed SEER Incidence Rate,105,Regional,630,Kidney
1,Both Sexes,1,All Races / Ethnicities,1,All Ages,630,Kidney,2004,2.186407,2.106217,2.268852,,2828,1,Observed SEER Incidence Rate,106,Distant,630,Kidney
1,Both Sexes,1,All Races / Ethnicities,1,All Ages,630,Kidney,2005,2.238225,2.157648,2.321028,,2945,1,Observed SEER Incidence Rate,106,Distant,630,Kidney
1,Both Sexes,1,All Races / Ethnicities,1,All Ages,630,Kidney,2006,2.255638,2.175250,2.338224,,3016,1,Observed SEER Incidence Rate,106,Distant,630,Kidney
1,Both Sexes,1,All Races / Ethnicities,1,All Ages,630,Kidney,2007,2.233734,2.154398,2.315236,,3044,1,Observed SEER Incidence Rate,106,Distant,630,Kidney
1,Both Sexes,1,All Races / Ethnicities,1,All Ages,630,Kidney,2008,2.168183,2.091033,2.247453,,3042,1,Observed SEER Incidence Rate,106,Distant,630,Kidney
1,Both Sexes,1,All Races / Ethnicities,1,All Ages,630,Kidney,2009,2.096320,2.021083,2.173647,,3000,1,Observed SEER Incidence Rate,106,Distant,630,Kidney
1,Both Sexes,1,All Races / Ethnicities,1,All Ages,630,Kidney,2010,2.029562,1.956406,2.104769,,2987,1,Observed SEER Incidence Rate,106,Distant,630,Kidney
1,Both Sexes,1,All Races / Ethnicities,1,All Ages,630,Kidney,2011,2.160829,2.085985,2.237692,,3249,1,Observed SEER Incidence Rate,106,Distant,630,Kidney
1,Both Sexes,1,All Races / Ethnicities,1,All Ages,630,Kidney,2012,2.149976,2.075952,2.225989,,3293,1,Observed SEER Incidence Rate,106,Distant,630,Kidney
1,Both Sexes,1,All Races / Ethnicities,1,All Ages,630,Kidney,2013,2.145160,2.071916,2.220361,,3356,1,Observed SEER Incidence Rate,106,Distant,630,Kidney
1,Both Sexes,1,All Races / Ethnicities,1,All Ages,630,Kidney,2014,2.144358,2.072192,2.218437,,3460,1,Observed SEER Incidence Rate,106,Distant,630,Kidney
1,Both Sexes,1,All Races / Ethnicities,1,All Ages,630,Kidney,2015,2.191880,2.119180,2.266476,,3573,1,Observed SEER Incidence Rate,106,Distant,630,Kidney
1,Both Sexes,1,All Races / Ethnicities,1,All Ages,630,Kidney,2016,2.123844,2.052848,2.196712,,3530,1,Observed SEER Incidence Rate,106,Distant,630,Kidney
1,Both Sexes,1,All Races / Ethnicities,1,All Ages,630,Kidney,2017,2.191730,2.120495,2.264802,,3729,1,Observed SEER Incidence Rate,106,Distant,630,Kidney
1,Both Sexes,1,All Races / Ethnicities,1,All Ages,630,Kidney,2018,2.126381,2.056596,2.197988,,3658,1,Observed SEER Incidence Rate,106,Distant,630,Kidney
1,Both Sexes,1,All Races / Ethnicities,1,All Ages,630,Kidney,2019,2.163845,2.094401,2.235076,,3829,1,Observed SEER Incidence Rate,106,Distant,630,Kidney
1,Both Sexes,1,All Races / Ethnicities,1,All Ages,630,Kidney,2020,2.127856,2.059420,2.198064,,3813,1,Observed SEER Incidence Rate,106,Distant,630,Kidney
1,Both Sexes,1,All Races / Ethnicities,1,All Ages,630,Kidney,2021,2.182893,2.113864,2.253686,,3957,1,Observed SEER Incidence Rate,106,Distant,630,Kidney
1,Both Sexes,1,All Races / Ethnicities,1,All Ages,630,Kidney,2022,2.252575,2.182929,2.323963,,4126,1,Observed SEER Incidence Rate,106,Distant,630,Kidney
1,Both Sexes,1,All Races / Ethnicities,1,All Ages,630,Kidney,2023,2.167532,2.099845,2.236934,,4039,1,Observed SEER Incidence Rate,106,Distant,630,Kidney
1,Both Sexes,1,All Races / Ethnicities,1,All Ages,630,Kidney,2004,1.024361,0.968868,1.082161,,1283,1,Observed SEER Incidence Rate,107,Unstaged,630,Kidney
1,Both Sexes,1,All Races / Ethnicities,1,All Ages,630,Kidney,2005,0.962007,0.908754,1.017532,,1230,1,Observed SEER Incidence Rate,107,Unstaged,630,Kidney
1,Both Sexes,1,All Races / Ethnicities,1,All Ages,630,Kidney,2006,0.947961,0.895558,1.002603,,1235,1,Observed SEER Incidence Rate,107,Unstaged,630,Kidney
1,Both Sexes,1,All Races / Ethnicities,1,All Ages,630,Kidney,2007,0.895482,0.845016,0.948150,,1192,1,Observed SEER Incidence Rate,107,Unstaged,630,Kidney
1,Both Sexes,1,All Races / Ethnicities,1,All Ages,630,Kidney,2008,0.891339,0.841463,0.943380,,1212,1,Observed SEER Incidence Rate,107,Unstaged,630,Kidney
1,Both Sexes,1,All Races / Ethnicities,1,All Ages,630,Kidney,2009,0.849154,0.800938,0.899501,,1180,1,Observed SEER Incidence Rate,107,Unstaged,630,Kidney
1,Both Sexes,1,All Races / Ethnicities,1,All Ages,630,Kidney,2010,0.824741,0.777568,0.874017,,1169,1,Observed SEER Incidence Rate,107,Unstaged,630,Kidney
1,Both Sexes,1,All Races / Ethnicities,1,All Ages,630,Kidney,2011,0.888203,0.839685,0.938788,,1286,1,Observed SEER Incidence Rate,107,Unstaged,630,Kidney
1,Both Sexes,1,All Races / Ethnicities,1,All Ages,630,Kidney,2012,0.780313,0.735383,0.827275,,1156,1,Observed SEER Incidence Rate,107,Unstaged,630,Kidney
1,Both Sexes,1,All Races / Ethnicities,1,All Ages,630,Kidney,2013,0.795460,0.750267,0.842667,,1190,1,Observed SEER Incidence Rate,107,Unstaged,630,Kidney
1,Both Sexes,1,All Races / Ethnicities,1,All Ages,630,Kidney,2014,0.785213,0.741113,0.831272,,1219,1,Observed SEER Incidence Rate,107,Unstaged,630,Kidney
1,Both Sexes,1,All Races / Ethnicities,1,All Ages,630,Kidney,2015,0.796444,0.752390,0.842430,,1261,1,Observed SEER Incidence Rate,107,Unstaged,630,Kidney
1,Both Sexes,1,All Races / Ethnicities,1,All Ages,630,Kidney,2016,0.807488,0.763315,0.853576,,1295,1,Observed SEER Incidence Rate,107,Unstaged,630,Kidney
1,Both Sexes,1,All Races / Ethnicities,1,All Ages,630,Kidney,2017,0.731619,0.690074,0.775047,,1201,1,Observed SEER Incidence Rate,107,Unstaged,630,Kidney
1,Both Sexes,1,All Races / Ethnicities,1,All Ages,630,Kidney,2018,0.939379,0.892531,0.988088,,1559,1,Observed SEER Incidence Rate,107,Unstaged,630,Kidney
1,Both Sexes,1,All Races / Ethnicities,1,All Ages,630,Kidney,2019,0.805369,0.762583,0.849984,,1373,1,Observed SEER Incidence Rate,107,Unstaged,630,Kidney
1,Both Sexes,1,All Races / Ethnicities,1,All Ages,630,Kidney,2020,0.748047,0.707045,0.790864,,1286,1,Observed SEER Incidence Rate,107,Unstaged,630,Kidney
1,Both Sexes,1,All Races / Ethnicities,1,All Ages,630,Kidney,2021,0.666874,0.628634,0.706906,,1172,1,Observed SEER Incidence Rate,107,Unstaged,630,Kidney
1,Both Sexes,1,All Races / Ethnicities,1,All Ages,630,Kidney,2022,0.644498,0.607355,0.683402,,1159,1,Observed SEER Incidence Rate,107,Unstaged,630,Kidney
1,Both Sexes,1,All Races / Ethnicities,1,All Ages,630,Kidney,2023,0.689866,0.651619,0.729854,,1257,1,Observed SEER Incidence Rate,107,Unstaged,630,Kidney
1,Both Sexes,1,All Races / Ethnicities,1,All Ages,46,Larynx,2000,1.385592,1.342221,1.430006,1.367560,3861,,,,,,
1,Both Sexes,1,All Races / Ethnicities,1,All Ages,46,Larynx,2001,1.342389,1.300011,1.385795,1.336938,3797,,,,,,
1,Both Sexes,1,All Races / Ethnicities,1,All Ages,46,Larynx,2002,1.291322,1.250125,1.333533,1.307001,3722,,,,,,
1,Both Sexes,1,All Races / Ethnicities,1,All Ages,46,Larynx,2003,1.287729,1.246986,1.329468,1.277735,3791,,,,,,
1,Both Sexes,1,All Races / Ethnicities,1,All Ages,46,Larynx,2004,1.224022,1.184606,1.264423,1.249124,3668,,,,,,
1,Both Sexes,1,All Races / Ethnicities,1,All Ages,46,Larynx,2005,1.244174,1.204739,1.284579,1.221153,3796,,,,,,
1,Both Sexes,1,All Races / Ethnicities,1,All Ages,46,Larynx,2006,1.223981,1.185256,1.263660,1.193809,3821,,,,,,
1,Both Sexes,1,All Races / Ethnicities,1,All Ages,46,Larynx,2007,1.136752,1.099824,1.174617,1.167078,3634,,,,,,
1,Both Sexes,1,All Races / Ethnicities,1,All Ages,46,Larynx,2008,1.152141,1.115279,1.189927,1.140944,3760,,,,,,
1,Both Sexes,1,All Races / Ethnicities,1,All Ages,46,Larynx,2009,1.085202,1.049814,1.121497,1.115396,3630,,,,,,
1,Both Sexes,1,All Races / Ethnicities,1,All Ages,46,Larynx,2010,1.081994,1.046926,1.117959,1.090420,3691,,,,,,
1,Both Sexes,1,All Races / Ethnicities,1,All Ages,46,Larynx,2011,1.064655,1.030284,1.099906,1.066004,3732,,,,,,
1,Both Sexes,1,All Races / Ethnicities,1,All Ages,46,Larynx,2012,1.023591,0.990201,1.057849,1.042134,3662,,,,,,
1,Both Sexes,1,All Races / Ethnicities,1,All Ages,46,Larynx,2013,1.017172,0.984281,1.050913,1.018798,3729,,,,,,
1,Both Sexes,1,All Races / Ethnicities,1,All Ages,46,Larynx,2014,1.002379,0.970048,1.035548,0.995985,3757,,,,,,
1,Both Sexes,1,All Races / Ethnicities,1,All Ages,46,Larynx,2015,0.979087,0.947507,1.011490,0.973683,3763,,,,,,
1,Both Sexes,1,All Races / Ethnicities,1,All Ages,46,Larynx,2016,0.976386,0.945252,1.008329,0.951881,3866,,,,,,
1,Both Sexes,1,All Races / Ethnicities,1,All Ages,46,Larynx,2017,0.923591,0.893554,0.954428,0.930566,3708,,,,,,
1,Both Sexes,1,All Races / Ethnicities,1,All Ages,46,Larynx,2018,0.912580,0.883196,0.942746,0.909729,3777,,,,,,
1,Both Sexes,1,All Races / Ethnicities,1,All Ages,46,Larynx,2019,0.903515,0.874561,0.933238,0.902804,3811,,,,,,
1,Both Sexes,1,All Races / Ethnicities,1,All Ages,46,Larynx,2020,0.890475,0.861901,0.919813,0.895931,3806,,,,,,
1,Both Sexes,1,All Races / Ethnicities,1,All Ages,46,Larynx,2021,0.895799,0.867336,0.925019,0.889111,3887,,,,,,
1,Both Sexes,1,All Races / Ethnicities,1,All Ages,46,Larynx,2022,0.883679,0.855816,0.912283,0.882343,3933,,,,,,
1,Both Sexes,1,All Races / Ethnicities,1,All Ages,46,Larynx,2023,0.863012,0.835758,0.890995,0.875627,3914,,,,,,
1,Both Sexes,1,All Races / Ethnicities,1,All Ages,46,Larynx,2024,0.876654,0.849589,0.904433,0.868961,4095,,,,,,
1,Both Sexes,1,All Races / Ethnicities,1,All Ages,93,Chronic Lymphocytic Leukemia (CLL),2000,1.564142,1.517830,1.611502,1.588202,4323,,,,,,
1,Both Sexes,1,All Races / Ethnicities,1,All Ages,93,Chronic Lymphocytic Leukemia (CLL),2001,1.566372,1.520319,1.613460,1.565676,4386,,,,,,
1,Both Sexes,1,All Races / Ethnicities,1,All Ages,93,Chronic Lymphocytic Leukemia (CLL),2002,1.562262,1.516604,1.608942,1.543469,4443,,,,,,
1,Both Sexes,1,All Races / Ethnicities,1,All Ages,93,Chronic Lymphocytic Leukemia (CLL),2003,1.551457,1.506261,1.597662,1.521578,4476,,,,,,
1,Both Sexes,1,All Races / Ethnicities,1,All Ages,93,Chronic Lymphocytic Leukemia (CLL),2004,1.481988,1.438121,1.526852,1.499996,4342,,,,,,
1,Both Sexes,1,All Races / Ethnicities,1,All Ages,93,Chronic Lymphocytic Leukemia (CLL),2005,1.472489,1.429123,1.516838,1.478721,4391,,,,,,
1,Both Sexes,1,All Races / Ethnicities,1,All Ages,93,Chronic Lymphocytic Leukemia (CLL),2006,1.477134,1.434109,1.521125,1.457748,4498,,,,,,
1,Both Sexes,1,All Races / Ethnicities,1,All Ages,93,Chronic Lymphocytic Leukemia (CLL),2007,1.439667,1.397560,1.482726,1.437072,4471,,,,,,
1,Both Sexes,1,All Races / Ethnicities,1,All Ages,93,Chronic Lymphocytic Leukemia (CLL),2008,1.383622,1.342760,1.425419,1.416689,4395,,,,,,
1,Both Sexes,1,All Races / Ethnicities,1,All Ages,93,Chronic Lymphocytic Leukemia (CLL),2009,1.407908,1.367002,1.449739,1.396596,4557,,,,,,
1,Both Sexes,1,All Races / Ethnicities,1,All Ages,93,Chronic Lymphocytic Leukemia (CLL),2010,1.356668,1.316901,1.397345,1.376787,4486,,,,,,
1,Both Sexes,1,All Races / Ethnicities,1,All Ages,93,Chronic Lymphocytic Leukemia (CLL),2011,1.368310,1.328714,1.408802,1.357259,4608,,,,,,
1,Both Sexes,1,All Races / Ethnicities,1,All Ages,93,Chronic Lymphocytic Leukemia (CLL),2012,1.344381,1.305395,1.384253,1.338009,4598,,,,,,
1,Both Sexes,1,All Races / Ethnicities,1,All Ages,93,Chronic Lymphocytic Leukemia (CLL),2013,1.328217,1.289928,1.367375,1.319031,4657,,,,,,
1,Both Sexes,1,All Races / Ethnicities,1,All Ages,93,Chronic Lymphocytic Leukemia (CLL),2014,1.271300,1.234074,1.309387,1.255922,4513,,,,,,
1,Both Sexes,1,All Races / Ethnicities,1,All Ages,93,Chronic Lymphocytic Leukemia (CLL),2015,1.137312,1.102384,1.173091,1.195832,4102,,,,,,
1,Both Sexes,1,All Races / Ethnicities,1,All Ages,93,Chronic Lymphocytic Leukemia (CLL),2016,1.156717,1.121913,1.192355,1.138618,4277,,,,,,
1,Both Sexes,1,All Races / Ethnicities,1,All Ages,93,Chronic Lymphocytic Leukemia (CLL),2017,1.147321,1.112962,1.182504,1.127218,4314,,,,,,
1,Both Sexes,1,All Races / Ethnicities,1,All Ages,93,Chronic Lymphocytic Leukemia (CLL),2018,1.111869,1.078450,1.146097,1.115931,4272,,,,,,
1,Both Sexes,1,All Races / Ethnicities,1,All Ages,93,Chronic Lymphocytic Leukemia (CLL),2019,1.095195,1.062323,1.128865,1.104758,4279,,,,,,
1,Both Sexes,1,All Races / Ethnicities,1,All Ages,93,Chronic Lymphocytic Leukemia (CLL),2020,1.111766,1.078902,1.145419,1.093697,4408,,,,,,
1,Both Sexes,1,All Races / Ethnicities,1,All Ages,93,Chronic Lymphocytic Leukemia (CLL),2021,1.072008,1.039987,1.104811,1.082747,4320,,,,,,
1,Both Sexes,1,All Races / Ethnicities,1,All Ages,93,Chronic Lymphocytic Leukemia (CLL),2022,1.077303,1.045625,1.109748,1.071906,4443,,,,,,
1,Both Sexes,1,All Races / Ethnicities,1,All Ages,93,Chronic Lymphocytic Leukemia (CLL),2023,1.001188,0.971134,1.031992,1.012289,4254,,,,,,
1,Both Sexes,1,All Races / Ethnicities,1,All Ages,93,Chronic Lymphocytic Leukemia (CLL),2024,0.961315,0.932347,0.991014,0.955988,4212,,,,,,
1,Both Sexes,1,All Races / Ethnicities,1,All Ages,100,Acute Monocytic Leukemia (AML-M5),2000,0.041290,0.034087,0.049562,0.042118,115,,,,,,
1,Both Sexes,1,All Races / Ethnicities,1,All Ages,100,Acute Monocytic Leukemia (AML-M5),2001,0.042234,0.034983,0.050542,0.040618,119,,,,,,
1,Both Sexes,1,All Races / Ethnicities,1,All Ages,100,Acute Monocytic Leukemia (AML-M5),2002,0.040082,0.033086,0.048120,0.039171,115,,,,,,
1,Both Sexes,1,All Races / Ethnicities,1,All Ages,100,Acute Monocytic Leukemia (AML-M5),2003,0.041837,0.034730,0.049971,0.037775,122,,,,,,
1,Both Sexes,1,All Races / Ethnicities,1,All Ages,100,Acute Monocytic Leukemia (AML-M5),2004,0.033760,0.027426,0.041118,0.036430,99,,,,,,
1,Both Sexes,1,All Races / Ethnicities,1,All Ages,100,Acute Monocytic Leukemia (AML-M5),2005,0.034754,0.028377,0.042140,0.035132,104,,,,,,
1,Both Sexes,1,All Races / Ethnicities,1,All Ages,100,Acute Monocytic Leukemia (AML-M5),2006,0.028445,0.022727,0.035165,0.033880,86,,,,,,
1,Both Sexes,1,All Races / Ethnicities,1,All Ages,100,Acute Monocytic Leukemia (AML-M5),2007,0.030715,0.024848,0.037560,0.032673,96,,,,,,
1,Both Sexes,1,All Races / Ethnicities,1,All Ages,100,Acute Monocytic Leukemia (AML-M5),2008,0.030394,0.024523,0.037245,0.031509,94,,,,,,
1,Both Sexes,1,All Races / Ethnicities,1,All Ages,100,Acute Monocytic Leukemia (AML-M5),2009,0.033700,0.027600,0.040756,0.030387,108,,,,,,
1,Both Sexes,1,All Races / Ethnicities,1,All Ages,100,Acute Monocytic Leukemia (AML-M5),2010,0.032028,0.026112,0.038893,0.029304,104,,,,,,
1,Both Sexes,1,All Races / Ethnicities,1,All Ages,100,Acute Monocytic Leukemia (AML-M5),2011,0.025578,0.020383,0.031709,0.028260,85,,,,,,
1,Both Sexes,1,All Races / Ethnicities,1,All Ages,100,Acute Monocytic Leukemia (AML-M5),2012,0.027107,0.021790,0.033347,0.027253,92,,,,,,
1,Both Sexes,1,All Races / Ethnicities,1,All Ages,100,Acute Monocytic Leukemia (AML-M5),2013,0.027310,0.021999,0.033535,0.026282,94,,,,,,
1,Both Sexes,1,All Races / Ethnicities,1,All Ages,100,Acute Monocytic Leukemia (AML-M5),2014,0.025869,0.020793,0.031836,0.025346,92,,,,,,
1,Both Sexes,1,All Races / Ethnicities,1,All Ages,100,Acute Monocytic Leukemia (AML-M5),2015,0.028040,0.022768,0.034194,0.026612,101,,,,,,
1,Both Sexes,1,All Races / Ethnicities,1,All Ages,100,Acute Monocytic Leukemia (AML-M5),2016,0.023662,0.018898,0.029294,0.027941,87,,,,,,
1,Both Sexes,1,All Races / Ethnicities,1,All Ages,100,Acute Monocytic Leukemia (AML-M5),2017,0.032387,0.026745,0.038896,0.029336,119,,,,,,
1,Both Sexes,1,All Races / Ethnicities,1,All Ages,100,Acute Monocytic Leukemia (AML-M5),2018,0.025536,0.020620,0.031305,0.026296,96,,,,,,
1,Both Sexes,1,All Races / Ethnicities,1,All Ages,100,Acute Monocytic Leukemia (AML-M5),2019,0.026063,0.021152,0.031814,0.023571,101,,,,,,
1,Both Sexes,1,All Races / Ethnicities,1,All Ages,100,Acute Monocytic Leukemia (AML-M5),2020,0.017668,0.013724,0.022443,0.021129,70,,,,,,
1,Both Sexes,1,All Races / Ethnicities,1,All Ages,100,Acute Monocytic Leukemia (AML-M5),2021,0.017924,0.014021,0.022640,0.018939,74,,,,,,
1,Both Sexes,1,All Races / Ethnicities,1,All Ages,100,Acute Monocytic Leukemia (AML-M5),2022,0.016643,0.012851,0.021258,0.016977,67,,,,,,
1,Both Sexes,1,All Races / Ethnicities,1,All Ages,100,Acute Monocytic Leukemia (AML-M5),2023,0.016340,0.012639,0.020847,0.015218,68,,,,,,
1,Both Sexes,1,All Races / Ethnicities,1,All Ages,100,Acute Monocytic Leukemia (AML-M5),2024,0.014088,0.010779,0.018173,0.013641,63,,,,,,
1,Both Sexes,1,All Races / Ethnicities,1,All Ages,35,Liver and Intrahepatic Bile Duct,2000,4.636486,4.556847,4.717165,4.619011,12916,,,,,,
1,Both Sexes,1,All Races / Ethnicities,1,All Ages,35,Liver and Intrahepatic Bile Duct,2001,4.719665,4.639905,4.800450,4.746446,13351,,,,,,
1,Both Sexes,1,All Races / Ethnicities,1,All Ages,35,Liver and Intrahepatic Bile Duct,2002,4.880502,4.800042,4.961974,4.877397,14047,,,,,,
1,Both Sexes,1,All Races / Ethnicities,1,All Ages,35,Liver and Intrahepatic Bile Duct,2003,5.016605,4.935706,5.098500,5.011960,14706,,,,,,
1,Both Sexes,1,All Races / Ethnicities,1,All Ages,35,Liver and Intrahepatic Bile Duct,2004,5.125790,5.044706,5.207857,5.150237,15321,,,,,,
1,Both Sexes,1,All Races / Ethnicities,1,All Ages,35,Liver and Intrahepatic Bile Duct,2005,5.266660,5.185215,5.349073,5.225503,16075,,,,,,
1,Both Sexes,1,All Races / Ethnicities,1,All Ages,35,Liver and Intrahepatic Bile Duct,2006,5.295375,5.214481,5.377221,5.301870,16525,,,,,,
1,Both Sexes,1,All Races / Ethnicities,1,All Ages,35,Liver and Intrahepatic Bile Duct,2007,5.370845,5.290170,5.452455,5.379353,17146,,,,,,
1,Both Sexes,1,All Races / Ethnicities,1,All Ages,35,Liver and Intrahepatic Bile Duct,2008,5.570220,5.488897,5.652461,5.563741,18213,,,,,,
1,Both Sexes,1,All Races / Ethnicities,1,All Ages,35,Liver and Intrahepatic Bile Duct,2009,5.779613,5.697586,5.862544,5.754450,19352,,,,,,
1,Both Sexes,1,All Races / Ethnicities,1,All Ages,35,Liver and Intrahepatic Bile Duct,2010,5.909944,5.827891,5.992886,5.951695,20304,,,,,,
1,Both Sexes,1,All Races / Ethnicities,1,All Ages,35,Liver and Intrahepatic Bile Duct,2011,6.137989,6.055205,6.221649,6.155702,21608,,,,,,
1,Both Sexes,1,All Races / Ethnicities,1,All Ages,35,Liver and Intrahepatic Bile Duct,2012,6.364309,6.280977,6.448500,6.366701,22972,,,,,,
1,Both Sexes,1,All Races / Ethnicities,1,All Ages,35,Liver and Intrahepatic Bile Duct,2013,6.505563,6.422199,6.589772,6.457590,24032,,,,,,
1,Both Sexes,1,All Races / Ethnicities,1,All Ages,35,Liver and Intrahepatic Bile Duct,2014,6.529235,6.446625,6.612676,6.549778,24698,,,,,,
1,Both Sexes,1,All Races / Ethnicities,1,All Ages,35,Liver and Intrahepatic Bile Duct,2015,6.655640,6.573045,6.739054,6.643281,25760,,,,,,
1,Both Sexes,1,All Races / Ethnicities,1,All Ages,35,Liver and Intrahepatic Bile Duct,2016,6.738035,6.655588,6.821290,6.738119,26569,,,,,,
1,Both Sexes,1,All Races / Ethnicities,1,All Ages,35,Liver and Intrahepatic Bile Duct,2017,6.729370,6.647902,6.811633,6.719717,27104,,,,,,
1,Both Sexes,1,All Races / Ethnicities,1,All Ages,35,Liver and Intrahepatic Bile Duct,2018,6.740562,6.659892,6.822013,6.701366,27685,,,,,,
1,Both Sexes,1,All Races / Ethnicities,1,All Ages,35,Liver and Intrahepatic Bile Duct,2019,6.673494,6.594028,6.753731,6.683064,27958,,,,,,
1,Both Sexes,1,All Races / Ethnicities,1,All Ages,35,Liver and Intrahepatic Bile Duct,2020,6.624003,6.545476,6.703292,6.664813,28227,,,,,,
1,Both Sexes,1,All Races / Ethnicities,1,All Ages,35,Liver and Intrahepatic Bile Duct,2021,6.631277,6.553282,6.710026,6.646611,28718,,,,,,
1,Both Sexes,1,All Races / Ethnicities,1,All Ages,35,Liver and Intrahepatic Bile Duct,2022,6.562619,6.485871,6.640111,6.628459,28937,,,,,,
1,Both Sexes,1,All Races / Ethnicities,1,All Ages,35,Liver and Intrahepatic Bile Duct,2023,6.632382,6.556182,6.709311,6.610357,29911,,,,,,
1,Both Sexes,1,All Races / Ethnicities,1,All Ages,35,Liver and Intrahepatic Bile Duct,2024,6.641305,6.565838,6.717489,6.592304,30532,,,,,,
1,Both Sexes,1,All Races / Ethnicities,1,All Ages,47,Lung and Bronchus,2000,55.805100,55.527960,56.083278,55.929783,155426,,,,,,
1,Both Sexes,1,All Races / Ethnicities,1,All Ages,47,Lung and Bronchus,2001,55.279449,55.005344,55.554579,55.312185,155969,,,,,,
1,Both Sexes,1,All Races / Ethnicities,1,All Ages,47,Lung and Bronchus,2002,54.964949,54.693684,55.237227,54.701407,157630,,,,,,
1,Both Sexes,1,All Races / Ethnicities,1,All Ages,47,Lung and Bronchus,2003,54.154777,53.887602,54.422949,54.097373,157990,,,,,,
1,Both Sexes,1,All Races / Ethnicities,1,All Ages,47,Lung and Bronchus,2004,53.330132,53.066737,53.594513,53.500009,158006,,,,,,
1,Both Sexes,1,All Races / Ethnicities,1,All Ages,47,Lung and Bronchus,2005,52.815651,52.555494,53.076780,52.909241,159217,,,,,,
1,Both Sexes,1,All Races / Ethnicities,1,All Ages,47,Lung and Bronchus,2006,51.688549,51.433147,51.944911,51.735047,158599,,,,,,
1,Both Sexes,1,All Races / Ethnicities,1,All Ages,47,Lung and Bronchus,2007,50.672628,50.421901,50.924299,50.586911,158683,,,,,,
1,Both Sexes,1,All Races / Ethnicities,1,All Ages,47,Lung and Bronchus,2008,49.554933,49.309312,49.801484,49.464255,158592,,,,,,
1,Both Sexes,1,All Races / Ethnicities,1,All Ages,47,Lung and Bronchus,2009,48.374150,48.133559,48.615657,48.366514,158081,,,,,,
1,Both Sexes,1,All Races / Ethnicities,1,All Ages,47,Lung and Bronchus,2010,47.413508,47.177411,47.650509,47.293135,158248,,,,,,
1,Both Sexes,1,All Races / Ethnicities,1,All Ages,47,Lung and Bronchus,2011,46.118431,45.887514,46.350240,46.243577,156953,,,,,,
1,Both Sexes,1,All Races / Ethnicities,1,All Ages,47,Lung and Bronchus,2012,45.171890,44.945829,45.398826,45.217311,157423,,,,,,
1,Both Sexes,1,All Races / Ethnicities,1,All Ages,47,Lung and Bronchus,2013,43.780754,43.560697,44.001670,43.838741,156176,,,,,,
1,Both Sexes,1,All Races / Ethnicities,1,All Ages,47,Lung and Bronchus,2014,42.646267,42.431274,42.862106,42.502201,155526,,,,,,
1,Both Sexes,1,All Races / Ethnicities,1,All Ages,47,Lung and Bronchus,2015,41.175118,40.966066,41.385003,41.206409,153718,,,,,,
1,Both Sexes,1,All Races / Ethnicities,1,All Ages,47,Lung and Bronchus,2016,39.085661,38.883834,39.288309,39.191822,148869,,,,,,
1,Both Sexes,1,All Races / Ethnicities,1,All Ages,47,Lung and Bronchus,2017,37.354786,37.160047,37.550331,37.275728,145849,,,,,,
1,Both Sexes,1,All Races / Ethnicities,1,All Ages,47,Lung and Bronchus,2018,35.507734,35.320365,35.695894,35.453312,142080,,,,,,
1,Both Sexes,1,All Races / Ethnicities,1,All Ages,47,Lung and Bronchus,2019,34.152750,33.970984,34.335294,34.079563,139601,,,,,,
1,Both Sexes,1,All Races / Ethnicities,1,All Ages,47,Lung and Bronchus,2020,32.511166,32.335851,32.687248,32.759045,136084,,,,,,
1,Both Sexes,1,All Races / Ethnicities,1,All Ages,47,Lung and Bronchus,2021,31.559848,31.388570,31.731885,31.489694,134502,,,,,,
1,Both Sexes,1,All Races / Ethnicities,1,All Ages,47,Lung and Bronchus,2022,30.166429,30.001460,30.332140,30.269528,131888,,,,,,
1,Both Sexes,1,All Races / Ethnicities,1,All Ages,47,Lung and Bronchus,2023,29.296270,29.136099,29.457167,29.096641,131584,,,,,,
1,Both Sexes,1,All Races / Ethnicities,1,All Ages,47,Lung and Bronchus,2024,27.902787,27.748637,28.057648,27.969201,128663,,,,,,
1,Both Sexes,1,All Races / Ethnicities,1,All Ages,612,Adenocarcinoma of the Lung and Bronchus,2000,21.243160,20.981402,21.507322,21.024466,25175,1,Observed SEER Incidence Rate,101,All Stages,612,Adenocarcinoma
1,Both Sexes,1,All Races / Ethnicities,1,All Ages,612,Adenocarcinoma of the Lung and Bronchus,2001,20.529057,20.273526,20.786960,20.693213,24691,1,Observed SEER Incidence Rate,101,All Stages,612,Adenocarcinoma
1,Both Sexes,1,All Races / Ethnicities,1,All Ages,612,Adenocarcinoma of the Lung and Bronchus,2002,20.142293,19.891271,20.395653,20.367180,24675,1,Observed SEER Incidence Rate,101,All Stages,612,Adenocarcinoma
1,Both Sexes,1,All Races / Ethnicities,1,All Ages,612,Adenocarcinoma of the Lung and Bronchus,2003,20.121873,19.872732,20.373320,20.046283,25053,1,Observed SEER Incidence Rate,101,All Stages,612,Adenocarcinoma
1,Both Sexes,1,All Races / Ethnicities,1,All Ages,612,Adenocarcinoma of the Lung and Bronchus,2004,19.854103,19.608168,20.102317,19.730443,25101,1,Observed SEER Incidence Rate,101,All Stages,612,Adenocarcinoma
1,Both Sexes,1,All Races / Ethnicities,1,All Ages,612,Adenocarcinoma of the Lung and Bronchus,2005,20.159412,19.913214,20.407862,20.209061,25901,1,Observed SEER Incidence Rate,101,All Stages,612,Adenocarcinoma
1,Both Sexes,1,All Races / Ethnicities,1,All Ages,612,Adenocarcinoma of the Lung and Bronchus,2006,20.732735,20.484848,20.982844,20.699288,27105,1,Observed SEER Incidence Rate,101,All Stages,612,Adenocarcinoma
1,Both Sexes,1,All Races / Ethnicities,1,All Ages,612,Adenocarcinoma of the Lung and Bronchus,2007,21.025943,20.778319,21.275756,21.201408,28042,1,Observed SEER Incidence Rate,101,All Stages,612,Adenocarcinoma
1,Both Sexes,1,All Races / Ethnicities,1,All Ages,612,Adenocarcinoma of the Lung and Bronchus,2008,21.815643,21.565957,22.067479,21.715708,29789,1,Observed SEER Incidence Rate,101,All Stages,612,Adenocarcinoma
1,Both Sexes,1,All Races / Ethnicities,1,All Ages,612,Adenocarcinoma of the Lung and Bronchus,2009,22.411945,22.161282,22.664724,22.242484,31319,1,Observed SEER Incidence Rate,101,All Stages,612,Adenocarcinoma
1,Both Sexes,1,All Races / Ethnicities,1,All Ages,612,Adenocarcinoma of the Lung and Bronchus,2010,22.731935,22.481592,22.984361,22.782038,32435,1,Observed SEER Incidence Rate,101,All Stages,612,Adenocarcinoma
1,Both Sexes,1,All Races / Ethnicities,1,All Ages,612,Adenocarcinoma of the Lung and Bronchus,2011,23.334759,23.083615,23.587952,23.334681,34078,1,Observed SEER Incidence Rate,101,All Stages,612,Adenocarcinoma
1,Both Sexes,1,All Races / Ethnicities,1,All Ages,612,Adenocarcinoma of the Lung and Bronchus,2012,23.413299,23.164523,23.664086,23.385465,35037,1,Observed SEER Incidence Rate,101,All Stages,612,Adenocarcinoma
1,Both Sexes,1,All Races / Ethnicities,1,All Ages,612,Adenocarcinoma of the Lung and Bronchus,2013,23.352832,23.107209,23.600431,23.436360,35787,1,Observed SEER Incidence Rate,101,All Stages,612,Adenocarcinoma
1,Both Sexes,1,All Races / Ethnicities,1,All Ages,612,Adenocarcinoma of the Lung and Bronchus,2014,23.485603,23.242247,23.730895,23.487366,36942,1,Observed SEER Incidence Rate,101,All Stages,612,Adenocarcinoma
1,Both Sexes,1,All Races / Ethnicities,1,All Ages,612,Adenocarcinoma of the Lung and Bronchus,2015,23.579099,23.337830,23.822271,23.538482,37988,1,Observed SEER Incidence Rate,101,All Stages,612,Adenocarcinoma
1,Both Sexes,1,All Races / Ethnicities,1,All Ages,612,Adenocarcinoma of the Lung and Bronchus,2016,23.365010,23.127409,23.604482,23.589710,38530,1,Observed SEER Incidence Rate,101,All Stages,612,Adenocarcinoma
1,Both Sexes,1,All Races / Ethnicities,1,All Ages,612,Adenocarcinoma of the Lung and Bronchus,2017,23.550999,23.315458,23.788377,23.641050,39755,1,Observed SEER Incidence Rate,101,All Stages,612,Adenocarcinoma
1,Both Sexes,1,All Races / Ethnicities,1,All Ages,612,Adenocarcinoma of the Lung and Bronchus,2018,23.029421,22.799512,23.261132,23.014751,39818,1,Observed SEER Incidence Rate,101,All Stages,612,Adenocarcinoma
1,Both Sexes,1,All Races / Ethnicities,1,All Ages,612,Adenocarcinoma of the Lung and Bronchus,2019,22.888381,22.661750,23.116787,22.405045,40446,1,Observed SEER Incidence Rate,101,All Stages,612,Adenocarcinoma
1,Both Sexes,1,All Races / Ethnicities,1,All Ages,612,Adenocarcinoma of the Lung and Bronchus,2020,19.804934,19.596427,20.015190,21.811491,35780,1,Observed SEER Incidence Rate,101,All Stages,612,Adenocarcinoma
1,Both Sexes,1,All Races / Ethnicities,1,All Ages,612,Adenocarcinoma of the Lung and Bronchus,2021,21.090836,20.877574,21.305826,21.233662,38795,1,Observed SEER Incidence Rate,101,All Stages,612,Adenocarcinoma
1,Both Sexes,1,All Races / Ethnicities,1,All Ages,612,Adenocarcinoma of the Lung and Bronchus,2022,21.010935,20.801081,21.222485,21.198074,39545,1,Observed SEER Incidence Rate,101,All Stages,612,Adenocarcinoma
1,Both Sexes,1,All Races / Ethnicities,1,All Ages,612,Adenocarcinoma of the Lung and Bronchus,2023,21.252953,21.044798,21.462767,21.162546,41008,1,Observed SEER Incidence Rate,101,All Stages,612,Adenocarcinoma
1,Both Sexes,1,All Races / Ethnicities,1,All Ages,612,Adenocarcinoma of the Lung and Bronchus,2004,4.473030,4.356255,4.592101,,5611,1,Observed SEER Incidence Rate,104,Localized,612,Adenocarcinoma
1,Both Sexes,1,All Races / Ethnicities,1,All Ages,612,Adenocarcinoma of the Lung and Bronchus,2005,4.579175,4.461776,4.698842,,5837,1,Observed SEER Incidence Rate,104,Localized,612,Adenocarcinoma
1,Both Sexes,1,All Races / Ethnicities,1,All Ages,612,Adenocarcinoma of the Lung and Bronchus,2006,4.850084,4.730089,4.972318,,6287,1,Observed SEER Incidence Rate,104,Localized,612,Adenocarcinoma
1,Both Sexes,1,All Races / Ethnicities,1,All Ages,612,Adenocarcinoma of the Lung and Bronchus,2007,5.035814,4.914250,5.159589,,6632,1,Observed SEER Incidence Rate,104,Localized,612,Adenocarcinoma
1,Both Sexes,1,All Races / Ethnicities,1,All Ages,612,Adenocarcinoma of the Lung and Bronchus,2008,5.283549,5.160385,5.408883,,7137,1,Observed SEER Incidence Rate,104,Localized,612,Adenocarcinoma
1,Both Sexes,1,All Races / Ethnicities,1,All Ages,612,Adenocarcinoma of the Lung and Bronchus,2009,5.466239,5.342100,5.592513,,7552,1,Observed SEER Incidence Rate,104,Localized,612,Adenocarcinoma
1,Both Sexes,1,All Races / Ethnicities,1,All Ages,612,Adenocarcinoma of the Lung and Bronchus,2010,5.231678,5.111194,5.354268,,7370,1,Observed SEER Incidence Rate,104,Localized,612,Adenocarcinoma
1,Both Sexes,1,All Races / Ethnicities,1,All Ages,612,Adenocarcinoma of the Lung and Bronchus,2011,5.377237,5.256156,5.500392,,7730,1,Observed SEER Incidence Rate,104,Localized,612,Adenocarcinoma
1,Both Sexes,1,All Races / Ethnicities,1,All Ages,612,Adenocarcinoma of the Lung and Bronchus,2012,5.360630,5.241145,5.482149,,7914,1,Observed SEER Incidence Rate,104,Localized,612,Adenocarcinoma
1,Both Sexes,1,All Races / Ethnicities,1,All Ages,612,Adenocarcinoma of the Lung and Bronchus,2013,5.526721,5.406716,5.648722,,8345,1,Observed SEER Incidence Rate,104,Localized,612,Adenocarcinoma
1,Both Sexes,1,All Races / Ethnicities,1,All Ages,612,Adenocarcinoma of the Lung and Bronchus,2014,5.654126,5.534726,5.775473,,8841,1,Observed SEER Incidence Rate,104,Localized,612,Adenocarcinoma
1,Both Sexes,1,All Races / Ethnicities,1,All Ages,612,Adenocarcinoma of the Lung and Bronchus,2015,5.997733,5.875919,6.121463,,9592,1,Observed SEER Incidence Rate,104,Localized,612,Adenocarcinoma
1,Both Sexes,1,All Races / Ethnicities,1,All Ages,612,Adenocarcinoma of the Lung and Bronchus,2016,6.652689,6.525680,6.781583,,10880,1,Observed SEER Incidence Rate,104,Localized,612,Adenocarcinoma
1,Both Sexes,1,All Races / Ethnicities,1,All Ages,612,Adenocarcinoma of the Lung and Bronchus,2017,7.184192,7.053875,7.316357,,12026,1,Observed SEER Incidence Rate,104,Localized,612,Adenocarcinoma
1,Both Sexes,1,All Races / Ethnicities,1,All Ages,612,Adenocarcinoma of the Lung and Bronchus,2018,7.217478,7.088771,7.347993,,12414,1,Observed SEER Incidence Rate,104,Localized,612,Adenocarcinoma
1,Both Sexes,1,All Races / Ethnicities,1,All Ages,612,Adenocarcinoma of the Lung and Bronchus,2019,6.961509,6.836616,7.088180,,12249,1,Observed SEER Incidence Rate,104,Localized,612,Adenocarcinoma
1,Both Sexes,1,All Races / Ethnicities,1,All Ages,612,Adenocarcinoma of the Lung and Bronchus,2020,5.987559,5.873082,6.103789,,10783,1,Observed SEER Incidence Rate,104,Localized,612,Adenocarcinoma
1,Both Sexes,1,All Races / Ethnicities,1,All Ages,612,Adenocarcinoma of the Lung and Bronchus,2021,6.730521,6.610467,6.852305,,12385,1,Observed SEER Incidence Rate,104,Localized,612,Adenocarcinoma
1,Both Sexes,1,All Races / Ethnicities,1,All Ages,612,Adenocarcinoma of the Lung and Bronchus,2022,6.977714,6.857276,7.099844,,13152,1,Observed SEER Incidence Rate,104,Localized,612,Adenocarcinoma
1,Both Sexes,1,All Races / Ethnicities,1,All Ages,612,Adenocarcinoma of the Lung and Bronchus,2023,7.522121,7.399028,7.646867,,14594,1,Observed SEER Incidence Rate,104,Localized,612,Adenocarcinoma
1,Both Sexes,1,All Races / Ethnicities,1,All Ages,612,Adenocarcinoma of the Lung and Bronchus,2004,4.405178,4.289726,4.522915,,5570,1,Observed SEER Incidence Rate,105,Regional,612,Adenocarcinoma
1,Both Sexes,1,All Races / Ethnicities,1,All Ages,612,Adenocarcinoma of the Lung and Bronchus,2005,4.499865,4.383850,4.618140,,5773,1,Observed SEER Incidence Rate,105,Regional,612,Adenocarcinoma
1,Both Sexes,1,All Races / Ethnicities,1,All Ages,612,Adenocarcinoma of the Lung and Bronchus,2006,4.606608,4.489979,4.725468,,6007,1,Observed SEER Incidence Rate,105,Regional,612,Adenocarcinoma
1,Both Sexes,1,All Races / Ethnicities,1,All Ages,612,Adenocarcinoma of the Lung and Bronchus,2007,4.668997,4.552684,4.787504,,6228,1,Observed SEER Incidence Rate,105,Regional,612,Adenocarcinoma
1,Both Sexes,1,All Races / Ethnicities,1,All Ages,612,Adenocarcinoma of the Lung and Bronchus,2008,4.763262,4.646905,4.881776,,6499,1,Observed SEER Incidence Rate,105,Regional,612,Adenocarcinoma
1,Both Sexes,1,All Races / Ethnicities,1,All Ages,612,Adenocarcinoma of the Lung and Bronchus,2009,4.825512,4.709430,4.943718,,6730,1,Observed SEER Incidence Rate,105,Regional,612,Adenocarcinoma
1,Both Sexes,1,All Races / Ethnicities,1,All Ages,612,Adenocarcinoma of the Lung and Bronchus,2010,4.902414,4.786155,5.020770,,6952,1,Observed SEER Incidence Rate,105,Regional,612,Adenocarcinoma
1,Both Sexes,1,All Races / Ethnicities,1,All Ages,612,Adenocarcinoma of the Lung and Bronchus,2011,5.030870,4.914413,5.149384,,7326,1,Observed SEER Incidence Rate,105,Regional,612,Adenocarcinoma
1,Both Sexes,1,All Races / Ethnicities,1,All Ages,612,Adenocarcinoma of the Lung and Bronchus,2012,4.992292,4.877477,5.109129,,7435,1,Observed SEER Incidence Rate,105,Regional,612,Adenocarcinoma
1,Both Sexes,1,All Races / Ethnicities,1,All Ages,612,Adenocarcinoma of the Lung and Bronchus,2013,4.832209,4.720672,4.945730,,7388,1,Observed SEER Incidence Rate,105,Regional,612,Adenocarcinoma
1,Both Sexes,1,All Races / Ethnicities,1,All Ages,612,Adenocarcinoma of the Lung and Bronchus,2014,4.806031,4.696085,4.917924,,7532,1,Observed SEER Incidence Rate,105,Regional,612,Adenocarcinoma
1,Both Sexes,1,All Races / Ethnicities,1,All Ages,612,Adenocarcinoma of the Lung and Bronchus,2015,4.789844,4.681329,4.900270,,7704,1,Observed SEER Incidence Rate,105,Regional,612,Adenocarcinoma
1,Both Sexes,1,All Races / Ethnicities,1,All Ages,612,Adenocarcinoma of the Lung and Bronchus,2016,4.617528,4.512391,4.724537,,7644,1,Observed SEER Incidence Rate,105,Regional,612,Adenocarcinoma
1,Both Sexes,1,All Races / Ethnicities,1,All Ages,612,Adenocarcinoma of the Lung and Bronchus,2017,4.506192,4.403976,4.610238,,7685,1,Observed SEER Incidence Rate,105,Regional,612,Adenocarcinoma
1,Both Sexes,1,All Races / Ethnicities,1,All Ages,612,Adenocarcinoma of the Lung and Bronchus,2018,4.016942,3.921662,4.114020,,7004,1,Observed SEER Incidence Rate,105,Regional,612,Adenocarcinoma
1,Both Sexes,1,All Races / Ethnicities,1,All Ages,612,Adenocarcinoma of the Lung and Bronchus,2019,4.266865,4.169877,4.365619,,7623,1,Observed SEER Incidence Rate,105,Regional,612,Adenocarcinoma
1,Both Sexes,1,All Races / Ethnicities,1,All Ages,612,Adenocarcinoma of the Lung and Bronchus,2020,3.456849,3.370807,3.544625,,6355,1,Observed SEER Incidence Rate,105,Regional,612,Adenocarcinoma
1,Both Sexes,1,All Races / Ethnicities,1,All Ages,612,Adenocarcinoma of the Lung and Bronchus,2021,3.718791,3.629969,3.809338,,6909,1,Observed SEER Incidence Rate,105,Regional,612,Adenocarcinoma
1,Both Sexes,1,All Races / Ethnicities,1,All Ages,612,Adenocarcinoma of the Lung and Bronchus,2022,3.703326,3.616166,3.792170,,7072,1,Observed SEER Incidence Rate,105,Regional,612,Adenocarcinoma
1,Both Sexes,1,All Races / Ethnicities,1,All Ages,612,Adenocarcinoma of the Lung and Bronchus,2023,3.645757,3.560476,3.732687,,7131,1,Observed SEER Incidence Rate,105,Regional,612,Adenocarcinoma
1,Both Sexes,1,All Races / Ethnicities,1,All Ages,612,Adenocarcinoma of the Lung and Bronchus,2004,10.186453,10.010858,10.364323,,12930,1,Observed SEER Incidence Rate,106,Distant,612,Adenocarcinoma
1,Both Sexes,1,All Races / Ethnicities,1,All Ages,612,Adenocarcinoma of the Lung and Bronchus,2005,10.398711,10.222527,10.577142,,13426,1,Observed SEER Incidence Rate,106,Distant,612,Adenocarcinoma
1,Both Sexes,1,All Races / Ethnicities,1,All Ages,612,Adenocarcinoma of the Lung and Bronchus,2006,10.577054,10.400754,10.755568,,13915,1,Observed SEER Incidence Rate,106,Distant,612,Adenocarcinoma
1,Both Sexes,1,All Races / Ethnicities,1,All Ages,612,Adenocarcinoma of the Lung and Bronchus,2007,10.644595,10.469226,10.822144,,14295,1,Observed SEER Incidence Rate,106,Distant,612,Adenocarcinoma
1,Both Sexes,1,All Races / Ethnicities,1,All Ages,612,Adenocarcinoma of the Lung and Bronchus,2008,11.109439,10.932063,11.288957,,15273,1,Observed SEER Incidence Rate,106,Distant,612,Adenocarcinoma
1,Both Sexes,1,All Races / Ethnicities,1,All Ages,612,Adenocarcinoma of the Lung and Bronchus,2009,11.460116,11.281711,11.640628,,16127,1,Observed SEER Incidence Rate,106,Distant,612,Adenocarcinoma
1,Both Sexes,1,All Races / Ethnicities,1,All Ages,612,Adenocarcinoma of the Lung and Bronchus,2010,11.940844,11.760393,12.123368,,17191,1,Observed SEER Incidence Rate,106,Distant,612,Adenocarcinoma
1,Both Sexes,1,All Races / Ethnicities,1,All Ages,612,Adenocarcinoma of the Lung and Bronchus,2011,12.262351,12.081300,12.445440,,18076,1,Observed SEER Incidence Rate,106,Distant,612,Adenocarcinoma
1,Both Sexes,1,All Races / Ethnicities,1,All Ages,612,Adenocarcinoma of the Lung and Bronchus,2012,12.448595,12.268207,12.630984,,18802,1,Observed SEER Incidence Rate,106,Distant,612,Adenocarcinoma
1,Both Sexes,1,All Races / Ethnicities,1,All Ages,612,Adenocarcinoma of the Lung and Bronchus,2013,12.382465,12.204467,12.562430,,19124,1,Observed SEER Incidence Rate,106,Distant,612,Adenocarcinoma
1,Both Sexes,1,All Races / Ethnicities,1,All Ages,612,Adenocarcinoma of the Lung and Bronchus,2014,12.472308,12.295541,12.651007,,19715,1,Observed SEER Incidence Rate,106,Distant,612,Adenocarcinoma
1,Both Sexes,1,All Races / Ethnicities,1,All Ages,612,Adenocarcinoma of the Lung and Bronchus,2015,12.293673,12.120069,12.469176,,19907,1,Observed SEER Incidence Rate,106,Distant,612,Adenocarcinoma
1,Both Sexes,1,All Races / Ethnicities,1,All Ages,612,Adenocarcinoma of the Lung and Bronchus,2016,11.486006,11.319983,11.653897,,19027,1,Observed SEER Incidence Rate,106,Distant,612,Adenocarcinoma
1,Both Sexes,1,All Races / Ethnicities,1,All Ages,612,Adenocarcinoma of the Lung and Bronchus,2017,11.251696,11.089219,11.416010,,19034,1,Observed SEER Incidence Rate,106,Distant,612,Adenocarcinoma
1,Both Sexes,1,All Races / Ethnicities,1,All Ages,612,Adenocarcinoma of the Lung and Bronchus,2018,11.191241,11.031219,11.353065,,19388,1,Observed SEER Incidence Rate,106,Distant,612,Adenocarcinoma
1,Both Sexes,1,All Races / Ethnicities,1,All Ages,612,Adenocarcinoma of the Lung and Bronchus,2019,11.075896,10.918295,11.235274,,19568,1,Observed SEER Incidence Rate,106,Distant,612,Adenocarcinoma
1,Both Sexes,1,All Races / Ethnicities,1,All Ages,612,Adenocarcinoma of the Lung and Bronchus,2020,9.891421,9.743940,10.040656,,17820,1,Observed SEER Incidence Rate,106,Distant,612,Adenocarcinoma
1,Both Sexes,1,All Races / Ethnicities,1,All Ages,612,Adenocarcinoma of the Lung and Bronchus,2021,10.189691,10.041332,10.339786,,18702,1,Observed SEER Incidence Rate,106,Distant,612,Adenocarcinoma
1,Both Sexes,1,All Races / Ethnicities,1,All Ages,612,Adenocarcinoma of the Lung and Bronchus,2022,9.865578,9.721385,10.011476,,18468,1,Observed SEER Incidence Rate,106,Distant,612,Adenocarcinoma
1,Both Sexes,1,All Races / Ethnicities,1,All Ages,612,Adenocarcinoma of the Lung and Bronchus,2023,9.572038,9.431710,9.714039,,18312,1,Observed SEER Incidence Rate,106,Distant,612,Adenocarcinoma
1,Both Sexes,1,All Races / Ethnicities,1,All Ages,612,Adenocarcinoma of the Lung and Bronchus,2004,0.789440,0.740832,0.840358,,990,1,Observed SEER Incidence Rate,107,Unstaged,612,Adenocarcinoma
1,Both Sexes,1,All Races / Ethnicities,1,All Ages,612,Adenocarcinoma of the Lung and Bronchus,2005,0.681660,0.636761,0.728847,,865,1,Observed SEER Incidence Rate,107,Unstaged,612,Adenocarcinoma
1,Both Sexes,1,All Races / Ethnicities,1,All Ages,612,Adenocarcinoma of the Lung and Bronchus,2006,0.698988,0.653693,0.746550,,896,1,Observed SEER Incidence Rate,107,Unstaged,612,Adenocarcinoma
1,Both Sexes,1,All Races / Ethnicities,1,All Ages,612,Adenocarcinoma of the Lung and Bronchus,2007,0.676536,0.632384,0.722919,,887,1,Observed SEER Incidence Rate,107,Unstaged,612,Adenocarcinoma
1,Both Sexes,1,All Races / Ethnicities,1,All Ages,612,Adenocarcinoma of the Lung and Bronchus,2008,0.659391,0.616149,0.704831,,880,1,Observed SEER Incidence Rate,107,Unstaged,612,Adenocarcinoma
1,Both Sexes,1,All Races / Ethnicities,1,All Ages,612,Adenocarcinoma of the Lung and Bronchus,2009,0.660077,0.617397,0.704907,,910,1,Observed SEER Incidence Rate,107,Unstaged,612,Adenocarcinoma
1,Both Sexes,1,All Races / Ethnicities,1,All Ages,612,Adenocarcinoma of the Lung and Bronchus,2010,0.656997,0.614735,0.701379,,922,1,Observed SEER Incidence Rate,107,Unstaged,612,Adenocarcinoma
1,Both Sexes,1,All Races / Ethnicities,1,All Ages,612,Adenocarcinoma of the Lung and Bronchus,2011,0.664299,0.622044,0.708652,,946,1,Observed SEER Incidence Rate,107,Unstaged,612,Adenocarcinoma
1,Both Sexes,1,All Races / Ethnicities,1,All Ages,612,Adenocarcinoma of the Lung and Bronchus,2012,0.611780,0.571583,0.654044,,886,1,Observed SEER Incidence Rate,107,Unstaged,612,Adenocarcinoma
1,Both Sexes,1,All Races / Ethnicities,1,All Ages,612,Adenocarcinoma of the Lung and Bronchus,2013,0.611435,0.572163,0.652706,,930,1,Observed SEER Incidence Rate,107,Unstaged,612,Adenocarcinoma
1,Both Sexes,1,All Races / Ethnicities,1,All Ages,612,Adenocarcinoma of the Lung and Bronchus,2014,0.553136,0.516015,0.592235,,854,1,Observed SEER Incidence Rate,107,Unstaged,612,Adenocarcinoma
1,Both Sexes,1,All Races / Ethnicities,1,All Ages,612,Adenocarcinoma of the Lung and Bronchus,2015,0.497847,0.463012,0.534629,,785,1,Observed SEER Incidence Rate,107,Unstaged,612,Adenocarcinoma
1,Both Sexes,1,All Races / Ethnicities,1,All Ages,612,Adenocarcinoma of the Lung and Bronchus,2016,0.608786,0.570519,0.648970,,979,1,Observed SEER Incidence Rate,107,Unstaged,612,Adenocarcinoma
1,Both Sexes,1,All Races / Ethnicities,1,All Ages,612,Adenocarcinoma of the Lung and Bronchus,2017,0.608918,0.571265,0.648444,,1010,1,Observed SEER Incidence Rate,107,Unstaged,612,Adenocarcinoma
1,Both Sexes,1,All Races / Ethnicities,1,All Ages,612,Adenocarcinoma of the Lung and Bronchus,2018,0.602185,0.564977,0.641247,,1009,1,Observed SEER Incidence Rate,107,Unstaged,612,Adenocarcinoma
1,Both Sexes,1,All Races / Ethnicities,1,All Ages,612,Adenocarcinoma of the Lung and Bronchus,2019,0.584110,0.547958,0.622081,,1006,1,Observed SEER Incidence Rate,107,Unstaged,612,Adenocarcinoma
1,Both Sexes,1,All Races / Ethnicities,1,All Ages,612,Adenocarcinoma of the Lung and Bronchus,2020,0.469104,0.437039,0.502970,,822,1,Observed SEER Incidence Rate,107,Unstaged,612,Adenocarcinoma
1,Both Sexes,1,All Races / Ethnicities,1,All Ages,612,Adenocarcinoma of the Lung and Bronchus,2021,0.451831,0.420552,0.484899,,799,1,Observed SEER Incidence Rate,107,Unstaged,612,Adenocarcinoma
1,Both Sexes,1,All Races / Ethnicities,1,All Ages,612,Adenocarcinoma of the Lung and Bronchus,2022,0.464316,0.433265,0.497104,,853,1,Observed SEER Incidence Rate,107,Unstaged,612,Adenocarcinoma
1,Both Sexes,1,All Races / Ethnicities,1,All Ages,612,Adenocarcinoma of the Lung and Bronchus,2023,0.513036,0.480850,0.546920,,971,1,Observed SEER Incidence Rate,107,Unstaged,612,Adenocarcinoma
1,Both Sexes,1,All Races / Ethnicities,1,All Ages,613,Large Cell Carcinoma of the Lung and Bronchus,2000,3.271275,3.169074,3.375886,3.264039,3879,1,Observed SEER Incidence Rate,101,All Stages,613,Large Cell Carcinoma
1,Both Sexes,1,All Races / Ethnicities,1,All Ages,613,Large Cell Carcinoma of the Lung and Bronchus,2001,2.777092,2.683663,2.872898,2.791407,3344,1,Observed SEER Incidence Rate,101,All Stages,613,Large Cell Carcinoma
1,Both Sexes,1,All Races / Ethnicities,1,All Ages,613,Large Cell Carcinoma of the Lung and Bronchus,2002,2.391054,2.305049,2.479407,2.387212,2927,1,Observed SEER Incidence Rate,101,All Stages,613,Large Cell Carcinoma
1,Both Sexes,1,All Races / Ethnicities,1,All Ages,613,Large Cell Carcinoma of the Lung and Bronchus,2003,2.233053,2.150636,2.317783,2.200432,2785,1,Observed SEER Incidence Rate,101,All Stages,613,Large Cell Carcinoma
1,Both Sexes,1,All Races / Ethnicities,1,All Ages,613,Large Cell Carcinoma of the Lung and Bronchus,2004,1.969871,1.893050,2.048977,2.028266,2499,1,Observed SEER Incidence Rate,101,All Stages,613,Large Cell Carcinoma
1,Both Sexes,1,All Races / Ethnicities,1,All Ages,613,Large Cell Carcinoma of the Lung and Bronchus,2005,1.892895,1.818098,1.969949,1.869571,2440,1,Observed SEER Incidence Rate,101,All Stages,613,Large Cell Carcinoma
1,Both Sexes,1,All Races / Ethnicities,1,All Ages,613,Large Cell Carcinoma of the Lung and Bronchus,2006,1.733886,1.662910,1.807087,1.723292,2280,1,Observed SEER Incidence Rate,101,All Stages,613,Large Cell Carcinoma
1,Both Sexes,1,All Races / Ethnicities,1,All Ages,613,Large Cell Carcinoma of the Lung and Bronchus,2007,1.567707,1.500725,1.636884,1.588459,2098,1,Observed SEER Incidence Rate,101,All Stages,613,Large Cell Carcinoma
1,Both Sexes,1,All Races / Ethnicities,1,All Ages,613,Large Cell Carcinoma of the Lung and Bronchus,2008,1.391527,1.328906,1.456315,1.369119,1894,1,Observed SEER Incidence Rate,101,All Stages,613,Large Cell Carcinoma
1,Both Sexes,1,All Races / Ethnicities,1,All Ages,613,Large Cell Carcinoma of the Lung and Bronchus,2009,1.201452,1.144028,1.260999,1.180066,1685,1,Observed SEER Incidence Rate,101,All Stages,613,Large Cell Carcinoma
1,Both Sexes,1,All Races / Ethnicities,1,All Ages,613,Large Cell Carcinoma of the Lung and Bronchus,2010,1.014576,0.962294,1.068953,1.017119,1454,1,Observed SEER Incidence Rate,101,All Stages,613,Large Cell Carcinoma
1,Both Sexes,1,All Races / Ethnicities,1,All Ages,613,Large Cell Carcinoma of the Lung and Bronchus,2011,0.825634,0.779228,0.874090,0.876672,1220,1,Observed SEER Incidence Rate,101,All Stages,613,Large Cell Carcinoma
1,Both Sexes,1,All Races / Ethnicities,1,All Ages,613,Large Cell Carcinoma of the Lung and Bronchus,2012,0.753882,0.710007,0.799773,0.755618,1141,1,Observed SEER Incidence Rate,101,All Stages,613,Large Cell Carcinoma
1,Both Sexes,1,All Races / Ethnicities,1,All Ages,613,Large Cell Carcinoma of the Lung and Bronchus,2013,0.689735,0.648272,0.733178,0.651280,1070,1,Observed SEER Incidence Rate,101,All Stages,613,Large Cell Carcinoma
1,Both Sexes,1,All Races / Ethnicities,1,All Ages,613,Large Cell Carcinoma of the Lung and Bronchus,2014,0.625435,0.586521,0.666287,0.619516,999,1,Observed SEER Incidence Rate,101,All Stages,613,Large Cell Carcinoma
1,Both Sexes,1,All Races / Ethnicities,1,All Ages,613,Large Cell Carcinoma of the Lung and Bronchus,2015,0.589702,0.552374,0.628934,0.589301,968,1,Observed SEER Incidence Rate,101,All Stages,613,Large Cell Carcinoma
1,Both Sexes,1,All Races / Ethnicities,1,All Ages,613,Large Cell Carcinoma of the Lung and Bronchus,2016,0.560289,0.524133,0.598328,0.560560,932,1,Observed SEER Incidence Rate,101,All Stages,613,Large Cell Carcinoma
1,Both Sexes,1,All Races / Ethnicities,1,All Ages,613,Large Cell Carcinoma of the Lung and Bronchus,2017,0.498986,0.465638,0.534162,0.533220,866,1,Observed SEER Incidence Rate,101,All Stages,613,Large Cell Carcinoma
1,Both Sexes,1,All Races / Ethnicities,1,All Ages,613,Large Cell Carcinoma of the Lung and Bronchus,2018,0.506146,0.472830,0.541266,0.507214,890,1,Observed SEER Incidence Rate,101,All Stages,613,Large Cell Carcinoma
1,Both Sexes,1,All Races / Ethnicities,1,All Ages,613,Large Cell Carcinoma of the Lung and Bronchus,2019,0.493273,0.460979,0.527329,0.482477,901,1,Observed SEER Incidence Rate,101,All Stages,613,Large Cell Carcinoma
1,Both Sexes,1,All Races / Ethnicities,1,All Ages,613,Large Cell Carcinoma of the Lung and Bronchus,2020,0.413119,0.383944,0.444031,0.458946,770,1,Observed SEER Incidence Rate,101,All Stages,613,Large Cell Carcinoma
1,Both Sexes,1,All Races / Ethnicities,1,All Ages,613,Large Cell Carcinoma of the Lung and Bronchus,2021,0.404969,0.376413,0.435242,0.436562,774,1,Observed SEER Incidence Rate,101,All Stages,613,Large Cell Carcinoma
1,Both Sexes,1,All Races / Ethnicities,1,All Ages,613,Large Cell Carcinoma of the Lung and Bronchus,2022,0.447553,0.417654,0.479151,0.415270,861,1,Observed SEER Incidence Rate,101,All Stages,613,Large Cell Carcinoma
1,Both Sexes,1,All Races / Ethnicities,1,All Ages,613,Large Cell Carcinoma of the Lung and Bronchus,2023,0.394640,0.366981,0.423964,0.395017,778,1,Observed SEER Incidence Rate,101,All Stages,613,Large Cell Carcinoma
1,Both Sexes,1,All Races / Ethnicities,1,All Ages,613,Large Cell Carcinoma of the Lung and Bronchus,2004,0.338795,0.307170,0.372745,,424,1,Observed SEER Incidence Rate,104,Localized,613,Large Cell Carcinoma
1,Both Sexes,1,All Races / Ethnicities,1,All Ages,613,Large Cell Carcinoma of the Lung and Bronchus,2005,0.334223,0.302990,0.367757,,424,1,Observed SEER Incidence Rate,104,Localized,613,Large Cell Carcinoma
1,Both Sexes,1,All Races / Ethnicities,1,All Ages,613,Large Cell Carcinoma of the Lung and Bronchus,2006,0.313193,0.283280,0.345369,,407,1,Observed SEER Incidence Rate,104,Localized,613,Large Cell Carcinoma
1,Both Sexes,1,All Races / Ethnicities,1,All Ages,613,Large Cell Carcinoma of the Lung and Bronchus,2007,0.247515,0.221112,0.276163,,325,1,Observed SEER Incidence Rate,104,Localized,613,Large Cell Carcinoma
1,Both Sexes,1,All Races / Ethnicities,1,All Ages,613,Large Cell Carcinoma of the Lung and Bronchus,2008,0.251136,0.224709,0.279778,,335,1,Observed SEER Incidence Rate,104,Localized,613,Large Cell Carcinoma
1,Both Sexes,1,All Races / Ethnicities,1,All Ages,613,Large Cell Carcinoma of the Lung and Bronchus,2009,0.226479,0.201828,0.253290,,315,1,Observed SEER Incidence Rate,104,Localized,613,Large Cell Carcinoma
1,Both Sexes,1,All Races / Ethnicities,1,All Ages,613,Large Cell Carcinoma of the Lung and Bronchus,2010,0.190525,0.168177,0.215003,,271,1,Observed SEER Incidence Rate,104,Localized,613,Large Cell Carcinoma
1,Both Sexes,1,All Races / Ethnicities,1,All Ages,613,Large Cell Carcinoma of the Lung and Bronchus,2011,0.130138,0.112090,0.150271,,191,1,Observed SEER Incidence Rate,104,Localized,613,Large Cell Carcinoma
1,Both Sexes,1,All Races / Ethnicities,1,All Ages,613,Large Cell Carcinoma of the Lung and Bronchus,2012,0.117562,0.100400,0.136808,,173,1,Observed SEER Incidence Rate,104,Localized,613,Large Cell Carcinoma
1,Both Sexes,1,All Races / Ethnicities,1,All Ages,613,Large Cell Carcinoma of the Lung and Bronchus,2013,0.117414,0.100464,0.136409,,177,1,Observed SEER Incidence Rate,104,Localized,613,Large Cell Carcinoma
1,Both Sexes,1,All Races / Ethnicities,1,All Ages,613,Large Cell Carcinoma of the Lung and Bronchus,2014,0.092242,0.077669,0.108792,,147,1,Observed SEER Incidence Rate,104,Localized,613,Large Cell Carcinoma
1,Both Sexes,1,All Races / Ethnicities,1,All Ages,613,Large Cell Carcinoma of the Lung and Bronchus,2015,0.106155,0.090488,0.123785,,170,1,Observed SEER Incidence Rate,104,Localized,613,Large Cell Carcinoma
1,Both Sexes,1,All Races / Ethnicities,1,All Ages,613,Large Cell Carcinoma of the Lung and Bronchus,2016,0.109630,0.094046,0.127118,,184,1,Observed SEER Incidence Rate,104,Localized,613,Large Cell Carcinoma
1,Both Sexes,1,All Races / Ethnicities,1,All Ages,613,Large Cell Carcinoma of the Lung and Bronchus,2017,0.112017,0.096652,0.129219,,198,1,Observed SEER Incidence Rate,104,Localized,613,Large Cell Carcinoma
1,Both Sexes,1,All Races / Ethnicities,1,All Ages,613,Large Cell Carcinoma of the Lung and Bronchus,2018,0.110435,0.095290,0.127396,,197,1,Observed SEER Incidence Rate,104,Localized,613,Large Cell Carcinoma
1,Both Sexes,1,All Races / Ethnicities,1,All Ages,613,Large Cell Carcinoma of the Lung and Bronchus,2019,0.112676,0.097521,0.129621,,205,1,Observed SEER Incidence Rate,104,Localized,613,Large Cell Carcinoma
1,Both Sexes,1,All Races / Ethnicities,1,All Ages,613,Large Cell Carcinoma of the Lung and Bronchus,2020,0.091738,0.078306,0.106935,,171,1,Observed SEER Incidence Rate,104,Localized,613,Large Cell Carcinoma
1,Both Sexes,1,All Races / Ethnicities,1,All Ages,613,Large Cell Carcinoma of the Lung and Bronchus,2021,0.094817,0.081337,0.110035,,182,1,Observed SEER Incidence Rate,104,Localized,613,Large Cell Carcinoma
1,Both Sexes,1,All Races / Ethnicities,1,All Ages,613,Large Cell Carcinoma of the Lung and Bronchus,2022,0.090422,0.077431,0.105119,,177,1,Observed SEER Incidence Rate,104,Localized,613,Large Cell Carcinoma
1,Both Sexes,1,All Races / Ethnicities,1,All Ages,613,Large Cell Carcinoma of the Lung and Bronchus,2023,0.097595,0.084332,0.112518,,198,1,Observed SEER Incidence Rate,104,Localized,613,Large Cell Carcinoma
1,Both Sexes,1,All Races / Ethnicities,1,All Ages,613,Large Cell Carcinoma of the Lung and Bronchus,2004,0.491133,0.453153,0.531412,,623,1,Observed SEER Incidence Rate,105,Regional,613,Large Cell Carcinoma
1,Both Sexes,1,All Races / Ethnicities,1,All Ages,613,Large Cell Carcinoma of the Lung and Bronchus,2005,0.480518,0.443247,0.520057,,621,1,Observed SEER Incidence Rate,105,Regional,613,Large Cell Carcinoma
1,Both Sexes,1,All Races / Ethnicities,1,All Ages,613,Large Cell Carcinoma of the Lung and Bronchus,2006,0.437640,0.402481,0.475029,,580,1,Observed SEER Incidence Rate,105,Regional,613,Large Cell Carcinoma
1,Both Sexes,1,All Races / Ethnicities,1,All Ages,613,Large Cell Carcinoma of the Lung and Bronchus,2007,0.424622,0.390127,0.461325,,569,1,Observed SEER Incidence Rate,105,Regional,613,Large Cell Carcinoma
1,Both Sexes,1,All Races / Ethnicities,1,All Ages,613,Large Cell Carcinoma of the Lung and Bronchus,2008,0.346245,0.315398,0.379272,,472,1,Observed SEER Incidence Rate,105,Regional,613,Large Cell Carcinoma
1,Both Sexes,1,All Races / Ethnicities,1,All Ages,613,Large Cell Carcinoma of the Lung and Bronchus,2009,0.305375,0.276599,0.336309,,422,1,Observed SEER Incidence Rate,105,Regional,613,Large Cell Carcinoma
1,Both Sexes,1,All Races / Ethnicities,1,All Ages,613,Large Cell Carcinoma of the Lung and Bronchus,2010,0.238605,0.213552,0.265778,,340,1,Observed SEER Incidence Rate,105,Regional,613,Large Cell Carcinoma
1,Both Sexes,1,All Races / Ethnicities,1,All Ages,613,Large Cell Carcinoma of the Lung and Bronchus,2011,0.211085,0.187869,0.236379,,310,1,Observed SEER Incidence Rate,105,Regional,613,Large Cell Carcinoma
1,Both Sexes,1,All Races / Ethnicities,1,All Ages,613,Large Cell Carcinoma of the Lung and Bronchus,2012,0.175029,0.154331,0.197752,,267,1,Observed SEER Incidence Rate,105,Regional,613,Large Cell Carcinoma
1,Both Sexes,1,All Races / Ethnicities,1,All Ages,613,Large Cell Carcinoma of the Lung and Bronchus,2013,0.179743,0.158784,0.202716,,276,1,Observed SEER Incidence Rate,105,Regional,613,Large Cell Carcinoma
1,Both Sexes,1,All Races / Ethnicities,1,All Ages,613,Large Cell Carcinoma of the Lung and Bronchus,2014,0.156453,0.137210,0.177669,,247,1,Observed SEER Incidence Rate,105,Regional,613,Large Cell Carcinoma
1,Both Sexes,1,All Races / Ethnicities,1,All Ages,613,Large Cell Carcinoma of the Lung and Bronchus,2015,0.138058,0.120395,0.157638,,229,1,Observed SEER Incidence Rate,105,Regional,613,Large Cell Carcinoma
1,Both Sexes,1,All Races / Ethnicities,1,All Ages,613,Large Cell Carcinoma of the Lung and Bronchus,2016,0.134340,0.116815,0.153792,,220,1,Observed SEER Incidence Rate,105,Regional,613,Large Cell Carcinoma
1,Both Sexes,1,All Races / Ethnicities,1,All Ages,613,Large Cell Carcinoma of the Lung and Bronchus,2017,0.123635,0.107281,0.141850,,213,1,Observed SEER Incidence Rate,105,Regional,613,Large Cell Carcinoma
1,Both Sexes,1,All Races / Ethnicities,1,All Ages,613,Large Cell Carcinoma of the Lung and Bronchus,2018,0.121420,0.105472,0.139187,,215,1,Observed SEER Incidence Rate,105,Regional,613,Large Cell Carcinoma
1,Both Sexes,1,All Races / Ethnicities,1,All Ages,613,Large Cell Carcinoma of the Lung and Bronchus,2019,0.127397,0.111232,0.145352,,232,1,Observed SEER Incidence Rate,105,Regional,613,Large Cell Carcinoma
1,Both Sexes,1,All Races / Ethnicities,1,All Ages,613,Large Cell Carcinoma of the Lung and Bronchus,2020,0.094803,0.081198,0.110163,,179,1,Observed SEER Incidence Rate,105,Regional,613,Large Cell Carcinoma
1,Both Sexes,1,All Races / Ethnicities,1,All Ages,613,Large Cell Carcinoma of the Lung and Bronchus,2021,0.088567,0.075622,0.103242,,173,1,Observed SEER Incidence Rate,105,Regional,613,Large Cell Carcinoma
1,Both Sexes,1,All Races / Ethnicities,1,All Ages,613,Large Cell Carcinoma of the Lung and Bronchus,2022,0.116493,0.101471,0.133243,,224,1,Observed SEER Incidence Rate,105,Regional,613,Large Cell Carcinoma
1,Both Sexes,1,All Races / Ethnicities,1,All Ages,613,Large Cell Carcinoma of the Lung and Bronchus,2023,0.103137,0.089307,0.118651,,205,1,Observed SEER Incidence Rate,105,Regional,613,Large Cell Carcinoma
1,Both Sexes,1,All Races / Ethnicities,1,All Ages,613,Large Cell Carcinoma of the Lung and Bronchus,2004,1.059773,1.003828,1.117998,,1354,1,Observed SEER Incidence Rate,106,Distant,613,Large Cell Carcinoma
1,Both Sexes,1,All Races / Ethnicities,1,All Ages,613,Large Cell Carcinoma of the Lung and Bronchus,2005,1.015127,0.960709,1.071799,,1316,1,Observed SEER Incidence Rate,106,Distant,613,Large Cell Carcinoma
1,Both Sexes,1,All Races / Ethnicities,1,All Ages,613,Large Cell Carcinoma of the Lung and Bronchus,2006,0.927830,0.876152,0.981736,,1222,1,Observed SEER Incidence Rate,106,Distant,613,Large Cell Carcinoma
1,Both Sexes,1,All Races / Ethnicities,1,All Ages,613,Large Cell Carcinoma of the Lung and Bronchus,2007,0.849132,0.800185,0.900271,,1144,1,Observed SEER Incidence Rate,106,Distant,613,Large Cell Carcinoma
1,Both Sexes,1,All Races / Ethnicities,1,All Ages,613,Large Cell Carcinoma of the Lung and Bronchus,2008,0.758826,0.712916,0.806900,,1040,1,Observed SEER Incidence Rate,106,Distant,613,Large Cell Carcinoma
1,Both Sexes,1,All Races / Ethnicities,1,All Ages,613,Large Cell Carcinoma of the Lung and Bronchus,2009,0.638150,0.596731,0.681685,,906,1,Observed SEER Incidence Rate,106,Distant,613,Large Cell Carcinoma
1,Both Sexes,1,All Races / Ethnicities,1,All Ages,613,Large Cell Carcinoma of the Lung and Bronchus,2010,0.562628,0.523972,0.603379,,811,1,Observed SEER Incidence Rate,106,Distant,613,Large Cell Carcinoma
1,Both Sexes,1,All Races / Ethnicities,1,All Ages,613,Large Cell Carcinoma of the Lung and Bronchus,2011,0.467456,0.432777,0.504186,,694,1,Observed SEER Incidence Rate,106,Distant,613,Large Cell Carcinoma
1,Both Sexes,1,All Races / Ethnicities,1,All Ages,613,Large Cell Carcinoma of the Lung and Bronchus,2012,0.448431,0.414838,0.484038,,683,1,Observed SEER Incidence Rate,106,Distant,613,Large Cell Carcinoma
1,Both Sexes,1,All Races / Ethnicities,1,All Ages,613,Large Cell Carcinoma of the Lung and Bronchus,2013,0.375220,0.344983,0.407429,,589,1,Observed SEER Incidence Rate,106,Distant,613,Large Cell Carcinoma
1,Both Sexes,1,All Races / Ethnicities,1,All Ages,613,Large Cell Carcinoma of the Lung and Bronchus,2014,0.363047,0.333669,0.394361,,585,1,Observed SEER Incidence Rate,106,Distant,613,Large Cell Carcinoma
1,Both Sexes,1,All Races / Ethnicities,1,All Ages,613,Large Cell Carcinoma of the Lung and Bronchus,2015,0.336033,0.308072,0.365899,,554,1,Observed SEER Incidence Rate,106,Distant,613,Large Cell Carcinoma
1,Both Sexes,1,All Races / Ethnicities,1,All Ages,613,Large Cell Carcinoma of the Lung and Bronchus,2016,0.305892,0.279384,0.334287,,511,1,Observed SEER Incidence Rate,106,Distant,613,Large Cell Carcinoma
1,Both Sexes,1,All Races / Ethnicities,1,All Ages,613,Large Cell Carcinoma of the Lung and Bronchus,2017,0.256640,0.232823,0.282301,,443,1,Observed SEER Incidence Rate,106,Distant,613,Large Cell Carcinoma
1,Both Sexes,1,All Races / Ethnicities,1,All Ages,613,Large Cell Carcinoma of the Lung and Bronchus,2018,0.264553,0.240521,0.290409,,462,1,Observed SEER Incidence Rate,106,Distant,613,Large Cell Carcinoma
1,Both Sexes,1,All Races / Ethnicities,1,All Ages,613,Large Cell Carcinoma of the Lung and Bronchus,2019,0.238207,0.215939,0.262248,,436,1,Observed SEER Incidence Rate,106,Distant,613,Large Cell Carcinoma
1,Both Sexes,1,All Races / Ethnicities,1,All Ages,613,Large Cell Carcinoma of the Lung and Bronchus,2020,0.221689,0.200355,0.244781,,410,1,Observed SEER Incidence Rate,106,Distant,613,Large Cell Carcinoma
1,Both Sexes,1,All Races / Ethnicities,1,All Ages,613,Large Cell Carcinoma of the Lung and Bronchus,2021,0.210567,0.190046,0.232823,,400,1,Observed SEER Incidence Rate,106,Distant,613,Large Cell Carcinoma
1,Both Sexes,1,All Races / Ethnicities,1,All Ages,613,Large Cell Carcinoma of the Lung and Bronchus,2022,0.232822,0.211345,0.256012,,446,1,Observed SEER Incidence Rate,106,Distant,613,Large Cell Carcinoma
1,Both Sexes,1,All Races / Ethnicities,1,All Ages,613,Large Cell Carcinoma of the Lung and Bronchus,2023,0.186189,0.167130,0.206948,,360,1,Observed SEER Incidence Rate,106,Distant,613,Large Cell Carcinoma
1,Both Sexes,1,All Races / Ethnicities,1,All Ages,613,Large Cell Carcinoma of the Lung and Bronchus,2004,0.080169,0.065040,0.097689,,98,1,Observed SEER Incidence Rate,107,Unstaged,613,Large Cell Carcinoma
1,Both Sexes,1,All Races / Ethnicities,1,All Ages,613,Large Cell Carcinoma of the Lung and Bronchus,2005,0.063025,0.049838,0.078572,,79,1,Observed SEER Incidence Rate,107,Unstaged,613,Large Cell Carcinoma
1,Both Sexes,1,All Races / Ethnicities,1,All Ages,613,Large Cell Carcinoma of the Lung and Bronchus,2006,0.055221,0.043049,0.069715,,71,1,Observed SEER Incidence Rate,107,Unstaged,613,Large Cell Carcinoma
1,Both Sexes,1,All Races / Ethnicities,1,All Ages,613,Large Cell Carcinoma of the Lung and Bronchus,2007,0.046437,0.035369,0.059814,,60,1,Observed SEER Incidence Rate,107,Unstaged,613,Large Cell Carcinoma
1,Both Sexes,1,All Races / Ethnicities,1,All Ages,613,Large Cell Carcinoma of the Lung and Bronchus,2008,0.035318,0.025861,0.047056,,47,1,Observed SEER Incidence Rate,107,Unstaged,613,Large Cell Carcinoma
1,Both Sexes,1,All Races / Ethnicities,1,All Ages,613,Large Cell Carcinoma of the Lung and Bronchus,2009,0.031446,0.022576,0.042589,,42,1,Observed SEER Incidence Rate,107,Unstaged,613,Large Cell Carcinoma
1,Both Sexes,1,All Races / Ethnicities,1,All Ages,613,Large Cell Carcinoma of the Lung and Bronchus,2010,0.022816,0.015516,0.032336,,32,1,Observed SEER Incidence Rate,107,Unstaged,613,Large Cell Carcinoma
1,Both Sexes,1,All Races / Ethnicities,1,All Ages,613,Large Cell Carcinoma of the Lung and Bronchus,2011,0.016954,0.010894,0.025180,,25,1,Observed SEER Incidence Rate,107,Unstaged,613,Large Cell Carcinoma
1,Both Sexes,1,All Races / Ethnicities,1,All Ages,613,Large Cell Carcinoma of the Lung and Bronchus,2012,0.012860,0.007558,0.020400,,18,1,Observed SEER Incidence Rate,107,Unstaged,613,Large Cell Carcinoma
1,Both Sexes,1,All Races / Ethnicities,1,All Ages,613,Large Cell Carcinoma of the Lung and Bronchus,2013,0.017357,0.011448,0.025310,,28,1,Observed SEER Incidence Rate,107,Unstaged,613,Large Cell Carcinoma
1,Both Sexes,1,All Races / Ethnicities,1,All Ages,613,Large Cell Carcinoma of the Lung and Bronchus,2014,0.013691,0.008276,0.021279,,20,1,Observed SEER Incidence Rate,107,Unstaged,613,Large Cell Carcinoma
1,Both Sexes,1,All Races / Ethnicities,1,All Ages,613,Large Cell Carcinoma of the Lung and Bronchus,2015,,,,,,1,Observed SEER Incidence Rate,107,Unstaged,613,Large Cell Carcinoma
1,Both Sexes,1,All Races / Ethnicities,1,All Ages,613,Large Cell Carcinoma of the Lung and Bronchus,2016,0.010425,0.006006,0.016888,,17,1,Observed SEER Incidence Rate,107,Unstaged,613,Large Cell Carcinoma
1,Both Sexes,1,All Races / Ethnicities,1,All Ages,613,Large Cell Carcinoma of the Lung and Bronchus,2017,,,,,,1,Observed SEER Incidence Rate,107,Unstaged,613,Large Cell Carcinoma
1,Both Sexes,1,All Races / Ethnicities,1,All Ages,613,Large Cell Carcinoma of the Lung and Bronchus,2018,0.009737,0.005510,0.015986,,16,1,Observed SEER Incidence Rate,107,Unstaged,613,Large Cell Carcinoma
1,Both Sexes,1,All Races / Ethnicities,1,All Ages,613,Large Cell Carcinoma of the Lung and Bronchus,2019,0.014993,0.009873,0.021976,,28,1,Observed SEER Incidence Rate,107,Unstaged,613,Large Cell Carcinoma
1,Both Sexes,1,All Races / Ethnicities,1,All Ages,613,Large Cell Carcinoma of the Lung and Bronchus,2020,,,,,,1,Observed SEER Incidence Rate,107,Unstaged,613,Large Cell Carcinoma
1,Both Sexes,1,All Races / Ethnicities,1,All Ages,613,Large Cell Carcinoma of the Lung and Bronchus,2021,0.011017,0.006561,0.017437,,19,1,Observed SEER Incidence Rate,107,Unstaged,613,Large Cell Carcinoma
1,Both Sexes,1,All Races / Ethnicities,1,All Ages,613,Large Cell Carcinoma of the Lung and Bronchus,2022,,,,,,1,Observed SEER Incidence Rate,107,Unstaged,613,Large Cell Carcinoma
1,Both Sexes,1,All Races / Ethnicities,1,All Ages,613,Large Cell Carcinoma of the Lung and Bronchus,2023,,,,,,1,Observed SEER Incidence Rate,107,Unstaged,613,Large Cell Carcinoma
1,Both Sexes,1,All Races / Ethnicities,1,All Ages,611,Small cell carcinoma of the Lung and Bronchus,2000,8.930632,8.761160,9.102510,8.904876,10578,1,Observed SEER Incidence Rate,101,All Stages,611,Small Cell Carcinoma
1,Both Sexes,1,All Races / Ethnicities,1,All Ages,611,Small cell carcinoma of the Lung and Bronchus,2001,8.659096,8.493363,8.827205,8.716870,10407,1,Observed SEER Incidence Rate,101,All Stages,611,Small Cell Carcinoma
1,Both Sexes,1,All Races / Ethnicities,1,All Ages,611,Small cell carcinoma of the Lung and Bronchus,2002,8.517960,8.354917,8.683345,8.532834,10425,1,Observed SEER Incidence Rate,101,All Stages,611,Small Cell Carcinoma
1,Both Sexes,1,All Races / Ethnicities,1,All Ages,611,Small cell carcinoma of the Lung and Bronchus,2003,8.348921,8.188814,8.511336,8.352682,10410,1,Observed SEER Incidence Rate,101,All Stages,611,Small Cell Carcinoma
1,Both Sexes,1,All Races / Ethnicities,1,All Ages,611,Small cell carcinoma of the Lung and Bronchus,2004,8.304776,8.146090,8.465743,8.176335,10519,1,Observed SEER Incidence Rate,101,All Stages,611,Small Cell Carcinoma
1,Both Sexes,1,All Races / Ethnicities,1,All Ages,611,Small cell carcinoma of the Lung and Bronchus,2005,7.937000,7.783227,8.093021,8.003710,10262,1,Observed SEER Incidence Rate,101,All Stages,611,Small Cell Carcinoma
1,Both Sexes,1,All Races / Ethnicities,1,All Ages,611,Small cell carcinoma of the Lung and Bronchus,2006,7.828818,7.677037,7.982820,7.834730,10278,1,Observed SEER Incidence Rate,101,All Stages,611,Small Cell Carcinoma
1,Both Sexes,1,All Races / Ethnicities,1,All Ages,611,Small cell carcinoma of the Lung and Bronchus,2007,7.672248,7.523504,7.823172,7.669317,10321,1,Observed SEER Incidence Rate,101,All Stages,611,Small Cell Carcinoma
1,Both Sexes,1,All Races / Ethnicities,1,All Ages,611,Small cell carcinoma of the Lung and Bronchus,2008,7.433296,7.288416,7.580317,7.428235,10241,1,Observed SEER Incidence Rate,101,All Stages,611,Small Cell Carcinoma
1,Both Sexes,1,All Races / Ethnicities,1,All Ages,611,Small cell carcinoma of the Lung and Bronchus,2009,7.346250,7.203676,7.490929,7.194732,10369,1,Observed SEER Incidence Rate,101,All Stages,611,Small Cell Carcinoma
1,Both Sexes,1,All Races / Ethnicities,1,All Ages,611,Small cell carcinoma of the Lung and Bronchus,2010,6.937798,6.800584,7.077083,6.968568,10027,1,Observed SEER Incidence Rate,101,All Stages,611,Small Cell Carcinoma
1,Both Sexes,1,All Races / Ethnicities,1,All Ages,611,Small cell carcinoma of the Lung and Bronchus,2011,6.533117,6.401271,6.667000,6.749514,9661,1,Observed SEER Incidence Rate,101,All Stages,611,Small Cell Carcinoma
1,Both Sexes,1,All Races / Ethnicities,1,All Ages,611,Small cell carcinoma of the Lung and Bronchus,2012,6.518165,6.388230,6.650095,6.537345,9924,1,Observed SEER Incidence Rate,101,All Stages,611,Small Cell Carcinoma
1,Both Sexes,1,All Races / Ethnicities,1,All Ages,611,Small cell carcinoma of the Lung and Bronchus,2013,6.251685,6.125944,6.379383,6.331846,9756,1,Observed SEER Incidence Rate,101,All Stages,611,Small Cell Carcinoma
1,Both Sexes,1,All Races / Ethnicities,1,All Ages,611,Small cell carcinoma of the Lung and Bronchus,2014,6.132273,6.009464,6.256997,6.132807,9856,1,Observed SEER Incidence Rate,101,All Stages,611,Small Cell Carcinoma
1,Both Sexes,1,All Races / Ethnicities,1,All Ages,611,Small cell carcinoma of the Lung and Bronchus,2015,5.951115,5.831506,6.072606,5.940025,9807,1,Observed SEER Incidence Rate,101,All Stages,611,Small Cell Carcinoma
1,Both Sexes,1,All Races / Ethnicities,1,All Ages,611,Small cell carcinoma of the Lung and Bronchus,2016,5.676897,5.561175,5.794471,5.753302,9551,1,Observed SEER Incidence Rate,101,All Stages,611,Small Cell Carcinoma
1,Both Sexes,1,All Races / Ethnicities,1,All Ages,611,Small cell carcinoma of the Lung and Bronchus,2017,5.742245,5.627308,5.859000,5.572449,9888,1,Observed SEER Incidence Rate,101,All Stages,611,Small Cell Carcinoma
1,Both Sexes,1,All Races / Ethnicities,1,All Ages,611,Small cell carcinoma of the Lung and Bronchus,2018,5.538752,5.427569,5.651715,5.397282,9797,1,Observed SEER Incidence Rate,101,All Stages,611,Small Cell Carcinoma
1,Both Sexes,1,All Races / Ethnicities,1,All Ages,611,Small cell carcinoma of the Lung and Bronchus,2019,5.345049,5.237389,5.454454,5.227620,9721,1,Observed SEER Incidence Rate,101,All Stages,611,Small Cell Carcinoma
1,Both Sexes,1,All Races / Ethnicities,1,All Ages,611,Small cell carcinoma of the Lung and Bronchus,2020,4.820453,4.719408,4.923219,5.063292,8976,1,Observed SEER Incidence Rate,101,All Stages,611,Small Cell Carcinoma
1,Both Sexes,1,All Races / Ethnicities,1,All Ages,611,Small cell carcinoma of the Lung and Bronchus,2021,4.794674,4.694735,4.896315,4.904129,9073,1,Observed SEER Incidence Rate,101,All Stages,611,Small Cell Carcinoma
1,Both Sexes,1,All Races / Ethnicities,1,All Ages,611,Small cell carcinoma of the Lung and Bronchus,2022,4.655108,4.558162,4.753719,4.749970,9034,1,Observed SEER Incidence Rate,101,All Stages,611,Small Cell Carcinoma
1,Both Sexes,1,All Races / Ethnicities,1,All Ages,611,Small cell carcinoma of the Lung and Bronchus,2023,4.604775,4.509497,4.701690,4.600656,9125,1,Observed SEER Incidence Rate,101,All Stages,611,Small Cell Carcinoma
1,Both Sexes,1,All Races / Ethnicities,1,All Ages,611,Small cell carcinoma of the Lung and Bronchus,2004,0.479148,0.441440,0.519171,,601,1,Observed SEER Incidence Rate,104,Localized,611,Small Cell Carcinoma
1,Both Sexes,1,All Races / Ethnicities,1,All Ages,611,Small cell carcinoma of the Lung and Bronchus,2005,0.469531,0.432385,0.508971,,596,1,Observed SEER Incidence Rate,104,Localized,611,Small Cell Carcinoma
1,Both Sexes,1,All Races / Ethnicities,1,All Ages,611,Small cell carcinoma of the Lung and Bronchus,2006,0.461889,0.425377,0.500660,,599,1,Observed SEER Incidence Rate,104,Localized,611,Small Cell Carcinoma
1,Both Sexes,1,All Races / Ethnicities,1,All Ages,611,Small cell carcinoma of the Lung and Bronchus,2007,0.471481,0.434664,0.510540,,616,1,Observed SEER Incidence Rate,104,Localized,611,Small Cell Carcinoma
1,Both Sexes,1,All Races / Ethnicities,1,All Ages,611,Small cell carcinoma of the Lung and Bronchus,2008,0.392608,0.359774,0.427614,,537,1,Observed SEER Incidence Rate,104,Localized,611,Small Cell Carcinoma
1,Both Sexes,1,All Races / Ethnicities,1,All Ages,611,Small cell carcinoma of the Lung and Bronchus,2009,0.415105,0.381249,0.451130,,568,1,Observed SEER Incidence Rate,104,Localized,611,Small Cell Carcinoma
1,Both Sexes,1,All Races / Ethnicities,1,All Ages,611,Small cell carcinoma of the Lung and Bronchus,2010,0.348733,0.317949,0.381663,,484,1,Observed SEER Incidence Rate,104,Localized,611,Small Cell Carcinoma
1,Both Sexes,1,All Races / Ethnicities,1,All Ages,611,Small cell carcinoma of the Lung and Bronchus,2011,0.323428,0.294320,0.354627,,466,1,Observed SEER Incidence Rate,104,Localized,611,Small Cell Carcinoma
1,Both Sexes,1,All Races / Ethnicities,1,All Ages,611,Small cell carcinoma of the Lung and Bronchus,2012,0.354228,0.323819,0.386710,,516,1,Observed SEER Incidence Rate,104,Localized,611,Small Cell Carcinoma
1,Both Sexes,1,All Races / Ethnicities,1,All Ages,611,Small cell carcinoma of the Lung and Bronchus,2013,0.304003,0.276267,0.333770,,456,1,Observed SEER Incidence Rate,104,Localized,611,Small Cell Carcinoma
1,Both Sexes,1,All Races / Ethnicities,1,All Ages,611,Small cell carcinoma of the Lung and Bronchus,2014,0.313168,0.285452,0.342864,,486,1,Observed SEER Incidence Rate,104,Localized,611,Small Cell Carcinoma
1,Both Sexes,1,All Races / Ethnicities,1,All Ages,611,Small cell carcinoma of the Lung and Bronchus,2015,0.301399,0.274463,0.330287,,478,1,Observed SEER Incidence Rate,104,Localized,611,Small Cell Carcinoma
1,Both Sexes,1,All Races / Ethnicities,1,All Ages,611,Small cell carcinoma of the Lung and Bronchus,2016,0.315797,0.288605,0.344899,,516,1,Observed SEER Incidence Rate,104,Localized,611,Small Cell Carcinoma
1,Both Sexes,1,All Races / Ethnicities,1,All Ages,611,Small cell carcinoma of the Lung and Bronchus,2017,0.372988,0.343716,0.404134,,622,1,Observed SEER Incidence Rate,104,Localized,611,Small Cell Carcinoma
1,Both Sexes,1,All Races / Ethnicities,1,All Ages,611,Small cell carcinoma of the Lung and Bronchus,2018,0.381097,0.351921,0.412109,,654,1,Observed SEER Incidence Rate,104,Localized,611,Small Cell Carcinoma
1,Both Sexes,1,All Races / Ethnicities,1,All Ages,611,Small cell carcinoma of the Lung and Bronchus,2019,0.354498,0.327061,0.383714,,639,1,Observed SEER Incidence Rate,104,Localized,611,Small Cell Carcinoma
1,Both Sexes,1,All Races / Ethnicities,1,All Ages,611,Small cell carcinoma of the Lung and Bronchus,2020,0.315241,0.289654,0.342583,,580,1,Observed SEER Incidence Rate,104,Localized,611,Small Cell Carcinoma
1,Both Sexes,1,All Races / Ethnicities,1,All Ages,611,Small cell carcinoma of the Lung and Bronchus,2021,0.347700,0.320802,0.376354,,639,1,Observed SEER Incidence Rate,104,Localized,611,Small Cell Carcinoma
1,Both Sexes,1,All Races / Ethnicities,1,All Ages,611,Small cell carcinoma of the Lung and Bronchus,2022,0.302339,0.277852,0.328530,,577,1,Observed SEER Incidence Rate,104,Localized,611,Small Cell Carcinoma
1,Both Sexes,1,All Races / Ethnicities,1,All Ages,611,Small cell carcinoma of the Lung and Bronchus,2023,0.376677,0.349684,0.405335,,739,1,Observed SEER Incidence Rate,104,Localized,611,Small Cell Carcinoma
1,Both Sexes,1,All Races / Ethnicities,1,All Ages,611,Small cell carcinoma of the Lung and Bronchus,2004,1.841088,1.766851,1.917609,,2337,1,Observed SEER Incidence Rate,105,Regional,611,Small Cell Carcinoma
1,Both Sexes,1,All Races / Ethnicities,1,All Ages,611,Small cell carcinoma of the Lung and Bronchus,2005,1.806011,1.733145,1.881127,,2342,1,Observed SEER Incidence Rate,105,Regional,611,Small Cell Carcinoma
1,Both Sexes,1,All Races / Ethnicities,1,All Ages,611,Small cell carcinoma of the Lung and Bronchus,2006,1.661083,1.591643,1.732748,,2186,1,Observed SEER Incidence Rate,105,Regional,611,Small Cell Carcinoma
1,Both Sexes,1,All Races / Ethnicities,1,All Ages,611,Small cell carcinoma of the Lung and Bronchus,2007,1.667954,1.599245,1.738842,,2261,1,Observed SEER Incidence Rate,105,Regional,611,Small Cell Carcinoma
1,Both Sexes,1,All Races / Ethnicities,1,All Ages,611,Small cell carcinoma of the Lung and Bronchus,2008,1.580375,1.514016,1.648882,,2182,1,Observed SEER Incidence Rate,105,Regional,611,Small Cell Carcinoma
1,Both Sexes,1,All Races / Ethnicities,1,All Ages,611,Small cell carcinoma of the Lung and Bronchus,2009,1.541071,1.476532,1.607707,,2200,1,Observed SEER Incidence Rate,105,Regional,611,Small Cell Carcinoma
1,Both Sexes,1,All Races / Ethnicities,1,All Ages,611,Small cell carcinoma of the Lung and Bronchus,2010,1.459771,1.397291,1.524326,,2116,1,Observed SEER Incidence Rate,105,Regional,611,Small Cell Carcinoma
1,Both Sexes,1,All Races / Ethnicities,1,All Ages,611,Small cell carcinoma of the Lung and Bronchus,2011,1.336451,1.277197,1.397749,,1977,1,Observed SEER Incidence Rate,105,Regional,611,Small Cell Carcinoma
1,Both Sexes,1,All Races / Ethnicities,1,All Ages,611,Small cell carcinoma of the Lung and Bronchus,2012,1.358973,1.300147,1.419796,,2079,1,Observed SEER Incidence Rate,105,Regional,611,Small Cell Carcinoma
1,Both Sexes,1,All Races / Ethnicities,1,All Ages,611,Small cell carcinoma of the Lung and Bronchus,2013,1.293263,1.236500,1.351988,,2025,1,Observed SEER Incidence Rate,105,Regional,611,Small Cell Carcinoma
1,Both Sexes,1,All Races / Ethnicities,1,All Ages,611,Small cell carcinoma of the Lung and Bronchus,2014,1.223473,1.169003,1.279864,,1968,1,Observed SEER Incidence Rate,105,Regional,611,Small Cell Carcinoma
1,Both Sexes,1,All Races / Ethnicities,1,All Ages,611,Small cell carcinoma of the Lung and Bronchus,2015,1.240139,1.185917,1.296249,,2047,1,Observed SEER Incidence Rate,105,Regional,611,Small Cell Carcinoma
1,Both Sexes,1,All Races / Ethnicities,1,All Ages,611,Small cell carcinoma of the Lung and Bronchus,2016,1.299304,1.244192,1.356279,,2181,1,Observed SEER Incidence Rate,105,Regional,611,Small Cell Carcinoma
1,Both Sexes,1,All Races / Ethnicities,1,All Ages,611,Small cell carcinoma of the Lung and Bronchus,2017,1.333134,1.278249,1.389837,,2311,1,Observed SEER Incidence Rate,105,Regional,611,Small Cell Carcinoma
1,Both Sexes,1,All Races / Ethnicities,1,All Ages,611,Small cell carcinoma of the Lung and Bronchus,2018,1.183874,1.132978,1.236549,,2110,1,Observed SEER Incidence Rate,105,Regional,611,Small Cell Carcinoma
1,Both Sexes,1,All Races / Ethnicities,1,All Ages,611,Small cell carcinoma of the Lung and Bronchus,2019,1.140858,1.091506,1.191961,,2083,1,Observed SEER Incidence Rate,105,Regional,611,Small Cell Carcinoma
1,Both Sexes,1,All Races / Ethnicities,1,All Ages,611,Small cell carcinoma of the Lung and Bronchus,2020,1.014376,0.968340,1.062139,,1891,1,Observed SEER Incidence Rate,105,Regional,611,Small Cell Carcinoma
1,Both Sexes,1,All Races / Ethnicities,1,All Ages,611,Small cell carcinoma of the Lung and Bronchus,2021,1.016148,0.970471,1.063536,,1926,1,Observed SEER Incidence Rate,105,Regional,611,Small Cell Carcinoma
1,Both Sexes,1,All Races / Ethnicities,1,All Ages,611,Small cell carcinoma of the Lung and Bronchus,2022,1.019560,0.974611,1.066178,,1989,1,Observed SEER Incidence Rate,105,Regional,611,Small Cell Carcinoma
1,Both Sexes,1,All Races / Ethnicities,1,All Ages,611,Small cell carcinoma of the Lung and Bronchus,2023,0.948065,0.905245,0.992523,,1891,1,Observed SEER Incidence Rate,105,Regional,611,Small Cell Carcinoma
1,Both Sexes,1,All Races / Ethnicities,1,All Ages,611,Small cell carcinoma of the Lung and Bronchus,2004,5.564217,5.434508,5.696206,,7053,1,Observed SEER Incidence Rate,106,Distant,611,Small Cell Carcinoma
1,Both Sexes,1,All Races / Ethnicities,1,All Ages,611,Small cell carcinoma of the Lung and Bronchus,2005,5.358539,5.232426,5.486898,,6940,1,Observed SEER Incidence Rate,106,Distant,611,Small Cell Carcinoma
1,Both Sexes,1,All Races / Ethnicities,1,All Ages,611,Small cell carcinoma of the Lung and Bronchus,2006,5.419952,5.293850,5.548274,,7123,1,Observed SEER Incidence Rate,106,Distant,611,Small Cell Carcinoma
1,Both Sexes,1,All Races / Ethnicities,1,All Ages,611,Small cell carcinoma of the Lung and Bronchus,2007,5.263544,5.140501,5.388768,,7086,1,Observed SEER Incidence Rate,106,Distant,611,Small Cell Carcinoma
1,Both Sexes,1,All Races / Ethnicities,1,All Ages,611,Small cell carcinoma of the Lung and Bronchus,2008,5.219137,5.097905,5.342511,,7198,1,Observed SEER Incidence Rate,106,Distant,611,Small Cell Carcinoma
1,Both Sexes,1,All Races / Ethnicities,1,All Ages,611,Small cell carcinoma of the Lung and Bronchus,2009,5.144085,5.024894,5.265384,,7263,1,Observed SEER Incidence Rate,106,Distant,611,Small Cell Carcinoma
1,Both Sexes,1,All Races / Ethnicities,1,All Ages,611,Small cell carcinoma of the Lung and Bronchus,2010,4.900523,4.785448,5.017667,,7101,1,Observed SEER Incidence Rate,106,Distant,611,Small Cell Carcinoma
1,Both Sexes,1,All Races / Ethnicities,1,All Ages,611,Small cell carcinoma of the Lung and Bronchus,2011,4.669530,4.558269,4.782826,,6921,1,Observed SEER Incidence Rate,106,Distant,611,Small Cell Carcinoma
1,Both Sexes,1,All Races / Ethnicities,1,All Ages,611,Small cell carcinoma of the Lung and Bronchus,2012,4.630223,4.520915,4.741524,,7065,1,Observed SEER Incidence Rate,106,Distant,611,Small Cell Carcinoma
1,Both Sexes,1,All Races / Ethnicities,1,All Ages,611,Small cell carcinoma of the Lung and Bronchus,2013,4.497193,4.390753,4.605588,,7033,1,Observed SEER Incidence Rate,106,Distant,611,Small Cell Carcinoma
1,Both Sexes,1,All Races / Ethnicities,1,All Ages,611,Small cell carcinoma of the Lung and Bronchus,2014,4.460968,4.356455,4.567394,,7191,1,Observed SEER Incidence Rate,106,Distant,611,Small Cell Carcinoma
1,Both Sexes,1,All Races / Ethnicities,1,All Ages,611,Small cell carcinoma of the Lung and Bronchus,2015,4.304407,4.202904,4.407788,,7112,1,Observed SEER Incidence Rate,106,Distant,611,Small Cell Carcinoma
1,Both Sexes,1,All Races / Ethnicities,1,All Ages,611,Small cell carcinoma of the Lung and Bronchus,2016,3.927539,3.831533,4.025396,,6629,1,Observed SEER Incidence Rate,106,Distant,611,Small Cell Carcinoma
1,Both Sexes,1,All Races / Ethnicities,1,All Ages,611,Small cell carcinoma of the Lung and Bronchus,2017,3.888972,3.794542,3.985221,,6707,1,Observed SEER Incidence Rate,106,Distant,611,Small Cell Carcinoma
1,Both Sexes,1,All Races / Ethnicities,1,All Ages,611,Small cell carcinoma of the Lung and Bronchus,2018,3.832284,3.739975,3.926372,,6792,1,Observed SEER Incidence Rate,106,Distant,611,Small Cell Carcinoma
1,Both Sexes,1,All Races / Ethnicities,1,All Ages,611,Small cell carcinoma of the Lung and Bronchus,2019,3.721247,3.631522,3.812718,,6771,1,Observed SEER Incidence Rate,106,Distant,611,Small Cell Carcinoma
1,Both Sexes,1,All Races / Ethnicities,1,All Ages,611,Small cell carcinoma of the Lung and Bronchus,2020,3.400420,3.315697,3.486863,,6341,1,Observed SEER Incidence Rate,106,Distant,611,Small Cell Carcinoma
1,Both Sexes,1,All Races / Ethnicities,1,All Ages,611,Small cell carcinoma of the Lung and Bronchus,2021,3.357728,3.274301,3.442858,,6373,1,Observed SEER Incidence Rate,106,Distant,611,Small Cell Carcinoma
1,Both Sexes,1,All Races / Ethnicities,1,All Ages,611,Small cell carcinoma of the Lung and Bronchus,2022,3.260176,3.179138,3.342881,,6333,1,Observed SEER Incidence Rate,106,Distant,611,Small Cell Carcinoma
1,Both Sexes,1,All Races / Ethnicities,1,All Ages,611,Small cell carcinoma of the Lung and Bronchus,2023,3.194111,3.114837,3.275023,,6332,1,Observed SEER Incidence Rate,106,Distant,611,Small Cell Carcinoma
1,Both Sexes,1,All Races / Ethnicities,1,All Ages,611,Small cell carcinoma of the Lung and Bronchus,2004,0.420323,0.385080,0.457882,,528,1,Observed SEER Incidence Rate,107,Unstaged,611,Small Cell Carcinoma
1,Both Sexes,1,All Races / Ethnicities,1,All Ages,611,Small cell carcinoma of the Lung and Bronchus,2005,0.302918,0.273215,0.334924,,384,1,Observed SEER Incidence Rate,107,Unstaged,611,Small Cell Carcinoma
1,Both Sexes,1,All Races / Ethnicities,1,All Ages,611,Small cell carcinoma of the Lung and Bronchus,2006,0.285893,0.257296,0.316760,,370,1,Observed SEER Incidence Rate,107,Unstaged,611,Small Cell Carcinoma
1,Both Sexes,1,All Races / Ethnicities,1,All Ages,611,Small cell carcinoma of the Lung and Bronchus,2007,0.269267,0.241865,0.298894,,358,1,Observed SEER Incidence Rate,107,Unstaged,611,Small Cell Carcinoma
1,Both Sexes,1,All Races / Ethnicities,1,All Ages,611,Small cell carcinoma of the Lung and Bronchus,2008,0.241174,0.215376,0.269178,,324,1,Observed SEER Incidence Rate,107,Unstaged,611,Small Cell Carcinoma
1,Both Sexes,1,All Races / Ethnicities,1,All Ages,611,Small cell carcinoma of the Lung and Bronchus,2009,0.245987,0.220169,0.273975,,338,1,Observed SEER Incidence Rate,107,Unstaged,611,Small Cell Carcinoma
1,Both Sexes,1,All Races / Ethnicities,1,All Ages,611,Small cell carcinoma of the Lung and Bronchus,2010,0.228770,0.204254,0.255407,,326,1,Observed SEER Incidence Rate,107,Unstaged,611,Small Cell Carcinoma
1,Both Sexes,1,All Races / Ethnicities,1,All Ages,611,Small cell carcinoma of the Lung and Bronchus,2011,0.203707,0.180841,0.228661,,297,1,Observed SEER Incidence Rate,107,Unstaged,611,Small Cell Carcinoma
1,Both Sexes,1,All Races / Ethnicities,1,All Ages,611,Small cell carcinoma of the Lung and Bronchus,2012,0.174740,0.153973,0.197543,,264,1,Observed SEER Incidence Rate,107,Unstaged,611,Small Cell Carcinoma
1,Both Sexes,1,All Races / Ethnicities,1,All Ages,611,Small cell carcinoma of the Lung and Bronchus,2013,0.157225,0.137726,0.178733,,242,1,Observed SEER Incidence Rate,107,Unstaged,611,Small Cell Carcinoma
1,Both Sexes,1,All Races / Ethnicities,1,All Ages,611,Small cell carcinoma of the Lung and Bronchus,2014,0.134663,0.116762,0.154556,,211,1,Observed SEER Incidence Rate,107,Unstaged,611,Small Cell Carcinoma
1,Both Sexes,1,All Races / Ethnicities,1,All Ages,611,Small cell carcinoma of the Lung and Bronchus,2015,0.105169,0.089648,0.122643,,170,1,Observed SEER Incidence Rate,107,Unstaged,611,Small Cell Carcinoma
1,Both Sexes,1,All Races / Ethnicities,1,All Ages,611,Small cell carcinoma of the Lung and Bronchus,2016,0.134255,0.116903,0.153511,,225,1,Observed SEER Incidence Rate,107,Unstaged,611,Small Cell Carcinoma
1,Both Sexes,1,All Races / Ethnicities,1,All Ages,611,Small cell carcinoma of the Lung and Bronchus,2017,0.147149,0.129042,0.167139,,248,1,Observed SEER Incidence Rate,107,Unstaged,611,Small Cell Carcinoma
1,Both Sexes,1,All Races / Ethnicities,1,All Ages,611,Small cell carcinoma of the Lung and Bronchus,2018,0.141496,0.123920,0.160930,,241,1,Observed SEER Incidence Rate,107,Unstaged,611,Small Cell Carcinoma
1,Both Sexes,1,All Races / Ethnicities,1,All Ages,611,Small cell carcinoma of the Lung and Bronchus,2019,0.128443,0.112060,0.146637,,228,1,Observed SEER Incidence Rate,107,Unstaged,611,Small Cell Carcinoma
1,Both Sexes,1,All Races / Ethnicities,1,All Ages,611,Small cell carcinoma of the Lung and Bronchus,2020,0.090416,0.076863,0.105769,,164,1,Observed SEER Incidence Rate,107,Unstaged,611,Small Cell Carcinoma
1,Both Sexes,1,All Races / Ethnicities,1,All Ages,611,Small cell carcinoma of the Lung and Bronchus,2021,0.073096,0.061066,0.086917,,135,1,Observed SEER Incidence Rate,107,Unstaged,611,Small Cell Carcinoma
1,Both Sexes,1,All Races / Ethnicities,1,All Ages,611,Small cell carcinoma of the Lung and Bronchus,2022,0.073032,0.061057,0.086783,,135,1,Observed SEER Incidence Rate,107,Unstaged,611,Small Cell Carcinoma
1,Both Sexes,1,All Races / Ethnicities,1,All Ages,611,Small cell carcinoma of the Lung and Bronchus,2023,0.085921,0.073103,0.100466,,163,1,Observed SEER Incidence Rate,107,Unstaged,611,Small Cell Carcinoma
1,Both Sexes,1,All Races / Ethnicities,1,All Ages,610,Squamous Cell Carcinoma of the Lung and Bronchus,2000,13.321502,13.113791,13.531629,13.332606,15693,1,Observed SEER Incidence Rate,101,All Stages,610,Squamous Cell Carcinoma
1,Both Sexes,1,All Races / Ethnicities,1,All Ages,610,Squamous Cell Carcinoma of the Lung and Bronchus,2001,12.854210,12.651392,13.059413,12.940762,15335,1,Observed SEER Incidence Rate,101,All Stages,610,Squamous Cell Carcinoma
1,Both Sexes,1,All Races / Ethnicities,1,All Ages,610,Squamous Cell Carcinoma of the Lung and Bronchus,2002,12.702469,12.502239,12.905054,12.560434,15391,1,Observed SEER Incidence Rate,101,All Stages,610,Squamous Cell Carcinoma
1,Both Sexes,1,All Races / Ethnicities,1,All Ages,610,Squamous Cell Carcinoma of the Lung and Bronchus,2003,12.203931,12.009088,12.401097,12.191284,15034,1,Observed SEER Incidence Rate,101,All Stages,610,Squamous Cell Carcinoma
1,Both Sexes,1,All Races / Ethnicities,1,All Ages,610,Squamous Cell Carcinoma of the Lung and Bronchus,2004,11.832642,11.641969,12.025611,11.832983,14798,1,Observed SEER Incidence Rate,101,All Stages,610,Squamous Cell Carcinoma
1,Both Sexes,1,All Races / Ethnicities,1,All Ages,610,Squamous Cell Carcinoma of the Lung and Bronchus,2005,11.950583,11.760130,12.143308,11.902701,15174,1,Observed SEER Incidence Rate,101,All Stages,610,Squamous Cell Carcinoma
1,Both Sexes,1,All Races / Ethnicities,1,All Ages,610,Squamous Cell Carcinoma of the Lung and Bronchus,2006,11.705410,11.518106,11.894958,11.972830,15093,1,Observed SEER Incidence Rate,101,All Stages,610,Squamous Cell Carcinoma
1,Both Sexes,1,All Races / Ethnicities,1,All Ages,610,Squamous Cell Carcinoma of the Lung and Bronchus,2007,12.073355,11.884651,12.264269,12.043372,15877,1,Observed SEER Incidence Rate,101,All Stages,610,Squamous Cell Carcinoma
1,Both Sexes,1,All Races / Ethnicities,1,All Ages,610,Squamous Cell Carcinoma of the Lung and Bronchus,2008,12.185606,11.997787,12.375598,12.114330,16383,1,Observed SEER Incidence Rate,101,All Stages,610,Squamous Cell Carcinoma
1,Both Sexes,1,All Races / Ethnicities,1,All Ages,610,Squamous Cell Carcinoma of the Lung and Bronchus,2009,12.301268,12.114218,12.490457,12.185706,16904,1,Observed SEER Incidence Rate,101,All Stages,610,Squamous Cell Carcinoma
1,Both Sexes,1,All Races / Ethnicities,1,All Ages,610,Squamous Cell Carcinoma of the Lung and Bronchus,2010,12.307603,12.121995,12.495320,12.257503,17255,1,Observed SEER Incidence Rate,101,All Stages,610,Squamous Cell Carcinoma
1,Both Sexes,1,All Races / Ethnicities,1,All Ages,610,Squamous Cell Carcinoma of the Lung and Bronchus,2011,12.204926,12.021848,12.390079,12.329722,17495,1,Observed SEER Incidence Rate,101,All Stages,610,Squamous Cell Carcinoma
1,Both Sexes,1,All Races / Ethnicities,1,All Ages,610,Squamous Cell Carcinoma of the Lung and Bronchus,2012,12.142486,11.962113,12.324892,12.050703,17878,1,Observed SEER Incidence Rate,101,All Stages,610,Squamous Cell Carcinoma
1,Both Sexes,1,All Races / Ethnicities,1,All Ages,610,Squamous Cell Carcinoma of the Lung and Bronchus,2013,11.781078,11.605486,11.958666,11.777998,17768,1,Observed SEER Incidence Rate,101,All Stages,610,Squamous Cell Carcinoma
1,Both Sexes,1,All Races / Ethnicities,1,All Ages,610,Squamous Cell Carcinoma of the Lung and Bronchus,2014,11.452524,11.281389,11.625618,11.511464,17705,1,Observed SEER Incidence Rate,101,All Stages,610,Squamous Cell Carcinoma
1,Both Sexes,1,All Races / Ethnicities,1,All Ages,610,Squamous Cell Carcinoma of the Lung and Bronchus,2015,11.203381,11.036089,11.372594,11.250961,17779,1,Observed SEER Incidence Rate,101,All Stages,610,Squamous Cell Carcinoma
1,Both Sexes,1,All Races / Ethnicities,1,All Ages,610,Squamous Cell Carcinoma of the Lung and Bronchus,2016,10.901224,10.738004,11.066334,10.996354,17715,1,Observed SEER Incidence Rate,101,All Stages,610,Squamous Cell Carcinoma
1,Both Sexes,1,All Races / Ethnicities,1,All Ages,610,Squamous Cell Carcinoma of the Lung and Bronchus,2017,10.940366,10.779311,11.103269,10.747509,18283,1,Observed SEER Incidence Rate,101,All Stages,610,Squamous Cell Carcinoma
1,Both Sexes,1,All Races / Ethnicities,1,All Ages,610,Squamous Cell Carcinoma of the Lung and Bronchus,2018,10.216481,10.063107,10.371666,10.380319,17533,1,Observed SEER Incidence Rate,101,All Stages,610,Squamous Cell Carcinoma
1,Both Sexes,1,All Races / Ethnicities,1,All Ages,610,Squamous Cell Carcinoma of the Lung and Bronchus,2019,10.204768,10.053652,10.357659,10.025675,18003,1,Observed SEER Incidence Rate,101,All Stages,610,Squamous Cell Carcinoma
1,Both Sexes,1,All Races / Ethnicities,1,All Ages,610,Squamous Cell Carcinoma of the Lung and Bronchus,2020,8.499986,8.364035,8.637680,9.683147,15425,1,Observed SEER Incidence Rate,101,All Stages,610,Squamous Cell Carcinoma
1,Both Sexes,1,All Races / Ethnicities,1,All Ages,610,Squamous Cell Carcinoma of the Lung and Bronchus,2021,9.260071,9.119359,9.402508,9.352322,17091,1,Observed SEER Incidence Rate,101,All Stages,610,Squamous Cell Carcinoma
1,Both Sexes,1,All Races / Ethnicities,1,All Ages,610,Squamous Cell Carcinoma of the Lung and Bronchus,2022,8.877424,8.742063,9.014467,9.032799,16866,1,Observed SEER Incidence Rate,101,All Stages,610,Squamous Cell Carcinoma
1,Both Sexes,1,All Races / Ethnicities,1,All Ages,610,Squamous Cell Carcinoma of the Lung and Bronchus,2023,8.874483,8.741137,9.009475,8.724193,17296,1,Observed SEER Incidence Rate,101,All Stages,610,Squamous Cell Carcinoma
1,Both Sexes,1,All Races / Ethnicities,1,All Ages,610,Squamous Cell Carcinoma of the Lung and Bronchus,2004,2.743736,2.651885,2.837905,,3397,1,Observed SEER Incidence Rate,104,Localized,610,Squamous Cell Carcinoma
1,Both Sexes,1,All Races / Ethnicities,1,All Ages,610,Squamous Cell Carcinoma of the Lung and Bronchus,2005,2.820550,2.727852,2.915543,,3534,1,Observed SEER Incidence Rate,104,Localized,610,Squamous Cell Carcinoma
1,Both Sexes,1,All Races / Ethnicities,1,All Ages,610,Squamous Cell Carcinoma of the Lung and Bronchus,2006,2.786473,2.694747,2.880473,,3530,1,Observed SEER Incidence Rate,104,Localized,610,Squamous Cell Carcinoma
1,Both Sexes,1,All Races / Ethnicities,1,All Ages,610,Squamous Cell Carcinoma of the Lung and Bronchus,2007,3.063714,2.968232,3.161437,,3957,1,Observed SEER Incidence Rate,104,Localized,610,Squamous Cell Carcinoma
1,Both Sexes,1,All Races / Ethnicities,1,All Ages,610,Squamous Cell Carcinoma of the Lung and Bronchus,2008,3.152024,3.056168,3.250078,,4171,1,Observed SEER Incidence Rate,104,Localized,610,Squamous Cell Carcinoma
1,Both Sexes,1,All Races / Ethnicities,1,All Ages,610,Squamous Cell Carcinoma of the Lung and Bronchus,2009,3.182413,3.086866,3.280127,,4297,1,Observed SEER Incidence Rate,104,Localized,610,Squamous Cell Carcinoma
1,Both Sexes,1,All Races / Ethnicities,1,All Ages,610,Squamous Cell Carcinoma of the Lung and Bronchus,2010,2.921613,2.830841,3.014522,,4025,1,Observed SEER Incidence Rate,104,Localized,610,Squamous Cell Carcinoma
1,Both Sexes,1,All Races / Ethnicities,1,All Ages,610,Squamous Cell Carcinoma of the Lung and Bronchus,2011,2.909850,2.820070,3.001733,,4092,1,Observed SEER Incidence Rate,104,Localized,610,Squamous Cell Carcinoma
1,Both Sexes,1,All Races / Ethnicities,1,All Ages,610,Squamous Cell Carcinoma of the Lung and Bronchus,2012,2.874872,2.786624,2.965185,,4143,1,Observed SEER Incidence Rate,104,Localized,610,Squamous Cell Carcinoma
1,Both Sexes,1,All Races / Ethnicities,1,All Ages,610,Squamous Cell Carcinoma of the Lung and Bronchus,2013,2.795005,2.708985,2.883051,,4121,1,Observed SEER Incidence Rate,104,Localized,610,Squamous Cell Carcinoma
1,Both Sexes,1,All Races / Ethnicities,1,All Ages,610,Squamous Cell Carcinoma of the Lung and Bronchus,2014,2.868323,2.782301,2.956331,,4354,1,Observed SEER Incidence Rate,104,Localized,610,Squamous Cell Carcinoma
1,Both Sexes,1,All Races / Ethnicities,1,All Ages,610,Squamous Cell Carcinoma of the Lung and Bronchus,2015,2.957648,2.871316,3.045927,,4610,1,Observed SEER Incidence Rate,104,Localized,610,Squamous Cell Carcinoma
1,Both Sexes,1,All Races / Ethnicities,1,All Ages,610,Squamous Cell Carcinoma of the Lung and Bronchus,2016,3.211232,3.122275,3.302101,,5129,1,Observed SEER Incidence Rate,104,Localized,610,Squamous Cell Carcinoma
1,Both Sexes,1,All Races / Ethnicities,1,All Ages,610,Squamous Cell Carcinoma of the Lung and Bronchus,2017,3.382095,3.292115,3.473947,,5554,1,Observed SEER Incidence Rate,104,Localized,610,Squamous Cell Carcinoma
1,Both Sexes,1,All Races / Ethnicities,1,All Ages,610,Squamous Cell Carcinoma of the Lung and Bronchus,2018,3.327826,3.239939,3.417545,,5625,1,Observed SEER Incidence Rate,104,Localized,610,Squamous Cell Carcinoma
1,Both Sexes,1,All Races / Ethnicities,1,All Ages,610,Squamous Cell Carcinoma of the Lung and Bronchus,2019,3.307341,3.221223,3.395247,,5780,1,Observed SEER Incidence Rate,104,Localized,610,Squamous Cell Carcinoma
1,Both Sexes,1,All Races / Ethnicities,1,All Ages,610,Squamous Cell Carcinoma of the Lung and Bronchus,2020,2.646392,2.570608,2.723929,,4775,1,Observed SEER Incidence Rate,104,Localized,610,Squamous Cell Carcinoma
1,Both Sexes,1,All Races / Ethnicities,1,All Ages,610,Squamous Cell Carcinoma of the Lung and Bronchus,2021,3.042597,2.962012,3.124916,,5584,1,Observed SEER Incidence Rate,104,Localized,610,Squamous Cell Carcinoma
1,Both Sexes,1,All Races / Ethnicities,1,All Ages,610,Squamous Cell Carcinoma of the Lung and Bronchus,2022,3.024147,2.945263,3.104721,,5718,1,Observed SEER Incidence Rate,104,Localized,610,Squamous Cell Carcinoma
1,Both Sexes,1,All Races / Ethnicities,1,All Ages,610,Squamous Cell Carcinoma of the Lung and Bronchus,2023,3.202109,3.122092,3.283780,,6207,1,Observed SEER Incidence Rate,104,Localized,610,Squamous Cell Carcinoma
1,Both Sexes,1,All Races / Ethnicities,1,All Ages,610,Squamous Cell Carcinoma of the Lung and Bronchus,2004,3.859962,3.751511,3.970711,,4840,1,Observed SEER Incidence Rate,105,Regional,610,Squamous Cell Carcinoma
1,Both Sexes,1,All Races / Ethnicities,1,All Ages,610,Squamous Cell Carcinoma of the Lung and Bronchus,2005,3.965082,3.855847,4.076588,,5050,1,Observed SEER Incidence Rate,105,Regional,610,Squamous Cell Carcinoma
1,Both Sexes,1,All Races / Ethnicities,1,All Ages,610,Squamous Cell Carcinoma of the Lung and Bronchus,2006,3.870852,3.763602,3.980345,,5008,1,Observed SEER Incidence Rate,105,Regional,610,Squamous Cell Carcinoma
1,Both Sexes,1,All Races / Ethnicities,1,All Ages,610,Squamous Cell Carcinoma of the Lung and Bronchus,2007,3.916417,3.809419,4.025625,,5168,1,Observed SEER Incidence Rate,105,Regional,610,Squamous Cell Carcinoma
1,Both Sexes,1,All Races / Ethnicities,1,All Ages,610,Squamous Cell Carcinoma of the Lung and Bronchus,2008,3.916398,3.810404,4.024564,,5286,1,Observed SEER Incidence Rate,105,Regional,610,Squamous Cell Carcinoma
1,Both Sexes,1,All Races / Ethnicities,1,All Ages,610,Squamous Cell Carcinoma of the Lung and Bronchus,2009,3.815009,3.711431,3.920723,,5273,1,Observed SEER Incidence Rate,105,Regional,610,Squamous Cell Carcinoma
1,Both Sexes,1,All Races / Ethnicities,1,All Ages,610,Squamous Cell Carcinoma of the Lung and Bronchus,2010,3.994065,3.888801,4.101437,,5621,1,Observed SEER Incidence Rate,105,Regional,610,Squamous Cell Carcinoma
1,Both Sexes,1,All Races / Ethnicities,1,All Ages,610,Squamous Cell Carcinoma of the Lung and Bronchus,2011,3.859076,3.756561,3.963667,,5553,1,Observed SEER Incidence Rate,105,Regional,610,Squamous Cell Carcinoma
1,Both Sexes,1,All Races / Ethnicities,1,All Ages,610,Squamous Cell Carcinoma of the Lung and Bronchus,2012,3.934108,3.831971,4.038276,,5827,1,Observed SEER Incidence Rate,105,Regional,610,Squamous Cell Carcinoma
1,Both Sexes,1,All Races / Ethnicities,1,All Ages,610,Squamous Cell Carcinoma of the Lung and Bronchus,2013,3.843423,3.743669,3.945169,,5837,1,Observed SEER Incidence Rate,105,Regional,610,Squamous Cell Carcinoma
1,Both Sexes,1,All Races / Ethnicities,1,All Ages,610,Squamous Cell Carcinoma of the Lung and Bronchus,2014,3.635076,3.539174,3.732935,,5652,1,Observed SEER Incidence Rate,105,Regional,610,Squamous Cell Carcinoma
1,Both Sexes,1,All Races / Ethnicities,1,All Ages,610,Squamous Cell Carcinoma of the Lung and Bronchus,2015,3.565775,3.471914,3.661555,,5691,1,Observed SEER Incidence Rate,105,Regional,610,Squamous Cell Carcinoma
1,Both Sexes,1,All Races / Ethnicities,1,All Ages,610,Squamous Cell Carcinoma of the Lung and Bronchus,2016,3.460435,3.369150,3.553602,,5679,1,Observed SEER Incidence Rate,105,Regional,610,Squamous Cell Carcinoma
1,Both Sexes,1,All Races / Ethnicities,1,All Ages,610,Squamous Cell Carcinoma of the Lung and Bronchus,2017,3.490733,3.400505,3.582800,,5904,1,Observed SEER Incidence Rate,105,Regional,610,Squamous Cell Carcinoma
1,Both Sexes,1,All Races / Ethnicities,1,All Ages,610,Squamous Cell Carcinoma of the Lung and Bronchus,2018,3.005375,2.922969,3.089582,,5228,1,Observed SEER Incidence Rate,105,Regional,610,Squamous Cell Carcinoma
1,Both Sexes,1,All Races / Ethnicities,1,All Ages,610,Squamous Cell Carcinoma of the Lung and Bronchus,2019,3.007311,2.925883,3.090508,,5356,1,Observed SEER Incidence Rate,105,Regional,610,Squamous Cell Carcinoma
1,Both Sexes,1,All Races / Ethnicities,1,All Ages,610,Squamous Cell Carcinoma of the Lung and Bronchus,2020,2.481187,2.408192,2.555924,,4530,1,Observed SEER Incidence Rate,105,Regional,610,Squamous Cell Carcinoma
1,Both Sexes,1,All Races / Ethnicities,1,All Ages,610,Squamous Cell Carcinoma of the Lung and Bronchus,2021,2.760817,2.684496,2.838860,,5135,1,Observed SEER Incidence Rate,105,Regional,610,Squamous Cell Carcinoma
1,Both Sexes,1,All Races / Ethnicities,1,All Ages,610,Squamous Cell Carcinoma of the Lung and Bronchus,2022,2.558256,2.486052,2.632142,,4891,1,Observed SEER Incidence Rate,105,Regional,610,Squamous Cell Carcinoma
1,Both Sexes,1,All Races / Ethnicities,1,All Ages,610,Squamous Cell Carcinoma of the Lung and Bronchus,2023,2.451991,2.382482,2.523141,,4829,1,Observed SEER Incidence Rate,105,Regional,610,Squamous Cell Carcinoma
1,Both Sexes,1,All Races / Ethnicities,1,All Ages,610,Squamous Cell Carcinoma of the Lung and Bronchus,2004,4.535083,4.417646,4.654811,,5703,1,Observed SEER Incidence Rate,106,Distant,610,Squamous Cell Carcinoma
1,Both Sexes,1,All Races / Ethnicities,1,All Ages,610,Squamous Cell Carcinoma of the Lung and Bronchus,2005,4.628767,4.510906,4.748892,,5918,1,Observed SEER Incidence Rate,106,Distant,610,Squamous Cell Carcinoma
1,Both Sexes,1,All Races / Ethnicities,1,All Ages,610,Squamous Cell Carcinoma of the Lung and Bronchus,2006,4.542450,4.426528,4.660607,,5908,1,Observed SEER Incidence Rate,106,Distant,610,Squamous Cell Carcinoma
1,Both Sexes,1,All Races / Ethnicities,1,All Ages,610,Squamous Cell Carcinoma of the Lung and Bronchus,2007,4.645614,4.529347,4.764081,,6165,1,Observed SEER Incidence Rate,106,Distant,610,Squamous Cell Carcinoma
1,Both Sexes,1,All Races / Ethnicities,1,All Ages,610,Squamous Cell Carcinoma of the Lung and Bronchus,2008,4.670897,4.555366,4.788591,,6334,1,Observed SEER Incidence Rate,106,Distant,610,Squamous Cell Carcinoma
1,Both Sexes,1,All Races / Ethnicities,1,All Ages,610,Squamous Cell Carcinoma of the Lung and Bronchus,2009,4.829159,4.712678,4.947771,,6692,1,Observed SEER Incidence Rate,106,Distant,610,Squamous Cell Carcinoma
1,Both Sexes,1,All Races / Ethnicities,1,All Ages,610,Squamous Cell Carcinoma of the Lung and Bronchus,2010,4.939430,4.822545,5.058417,,6983,1,Observed SEER Incidence Rate,106,Distant,610,Squamous Cell Carcinoma
1,Both Sexes,1,All Races / Ethnicities,1,All Ages,610,Squamous Cell Carcinoma of the Lung and Bronchus,2011,4.987401,4.871144,5.105724,,7219,1,Observed SEER Incidence Rate,106,Distant,610,Squamous Cell Carcinoma
1,Both Sexes,1,All Races / Ethnicities,1,All Ages,610,Squamous Cell Carcinoma of the Lung and Bronchus,2012,4.928572,4.814307,5.044863,,7312,1,Observed SEER Incidence Rate,106,Distant,610,Squamous Cell Carcinoma
1,Both Sexes,1,All Races / Ethnicities,1,All Ages,610,Squamous Cell Carcinoma of the Lung and Bronchus,2013,4.763797,4.652841,4.876741,,7248,1,Observed SEER Incidence Rate,106,Distant,610,Squamous Cell Carcinoma
1,Both Sexes,1,All Races / Ethnicities,1,All Ages,610,Squamous Cell Carcinoma of the Lung and Bronchus,2014,4.614184,4.506202,4.724118,,7191,1,Observed SEER Incidence Rate,106,Distant,610,Squamous Cell Carcinoma
1,Both Sexes,1,All Races / Ethnicities,1,All Ages,610,Squamous Cell Carcinoma of the Lung and Bronchus,2015,4.369488,4.265624,4.475268,,6991,1,Observed SEER Incidence Rate,106,Distant,610,Squamous Cell Carcinoma
1,Both Sexes,1,All Races / Ethnicities,1,All Ages,610,Squamous Cell Carcinoma of the Lung and Bronchus,2016,3.865603,3.768969,3.964123,,6331,1,Observed SEER Incidence Rate,106,Distant,610,Squamous Cell Carcinoma
1,Both Sexes,1,All Races / Ethnicities,1,All Ages,610,Squamous Cell Carcinoma of the Lung and Bronchus,2017,3.732614,3.638948,3.828127,,6262,1,Observed SEER Incidence Rate,106,Distant,610,Squamous Cell Carcinoma
1,Both Sexes,1,All Races / Ethnicities,1,All Ages,610,Squamous Cell Carcinoma of the Lung and Bronchus,2018,3.515581,3.426066,3.606905,,6065,1,Observed SEER Incidence Rate,106,Distant,610,Squamous Cell Carcinoma
1,Both Sexes,1,All Races / Ethnicities,1,All Ages,610,Squamous Cell Carcinoma of the Lung and Bronchus,2019,3.538000,3.449323,3.628455,,6258,1,Observed SEER Incidence Rate,106,Distant,610,Squamous Cell Carcinoma
1,Both Sexes,1,All Races / Ethnicities,1,All Ages,610,Squamous Cell Carcinoma of the Lung and Bronchus,2020,3.067666,2.986245,3.150832,,5577,1,Observed SEER Incidence Rate,106,Distant,610,Squamous Cell Carcinoma
1,Both Sexes,1,All Races / Ethnicities,1,All Ages,610,Squamous Cell Carcinoma of the Lung and Bronchus,2021,3.187801,3.105445,3.271887,,5888,1,Observed SEER Incidence Rate,106,Distant,610,Squamous Cell Carcinoma
1,Both Sexes,1,All Races / Ethnicities,1,All Ages,610,Squamous Cell Carcinoma of the Lung and Bronchus,2022,3.062242,2.982884,3.143289,,5820,1,Observed SEER Incidence Rate,106,Distant,610,Squamous Cell Carcinoma
1,Both Sexes,1,All Races / Ethnicities,1,All Ages,610,Squamous Cell Carcinoma of the Lung and Bronchus,2023,2.943342,2.866629,3.021709,,5730,1,Observed SEER Incidence Rate,106,Distant,610,Squamous Cell Carcinoma
1,Both Sexes,1,All Races / Ethnicities,1,All Ages,610,Squamous Cell Carcinoma of the Lung and Bronchus,2004,0.693859,0.648048,0.742001,,858,1,Observed SEER Incidence Rate,107,Unstaged,610,Squamous Cell Carcinoma
1,Both Sexes,1,All Races / Ethnicities,1,All Ages,610,Squamous Cell Carcinoma of the Lung and Bronchus,2005,0.536183,0.496220,0.578456,,672,1,Observed SEER Incidence Rate,107,Unstaged,610,Squamous Cell Carcinoma
1,Both Sexes,1,All Races / Ethnicities,1,All Ages,610,Squamous Cell Carcinoma of the Lung and Bronchus,2006,0.505634,0.467190,0.546351,,647,1,Observed SEER Incidence Rate,107,Unstaged,610,Squamous Cell Carcinoma
1,Both Sexes,1,All Races / Ethnicities,1,All Ages,610,Squamous Cell Carcinoma of the Lung and Bronchus,2007,0.447608,0.411841,0.485610,,587,1,Observed SEER Incidence Rate,107,Unstaged,610,Squamous Cell Carcinoma
1,Both Sexes,1,All Races / Ethnicities,1,All Ages,610,Squamous Cell Carcinoma of the Lung and Bronchus,2008,0.446287,0.410722,0.484065,,592,1,Observed SEER Incidence Rate,107,Unstaged,610,Squamous Cell Carcinoma
1,Both Sexes,1,All Races / Ethnicities,1,All Ages,610,Squamous Cell Carcinoma of the Lung and Bronchus,2009,0.474686,0.438278,0.513273,,642,1,Observed SEER Incidence Rate,107,Unstaged,610,Squamous Cell Carcinoma
1,Both Sexes,1,All Races / Ethnicities,1,All Ages,610,Squamous Cell Carcinoma of the Lung and Bronchus,2010,0.452493,0.417295,0.489837,,626,1,Observed SEER Incidence Rate,107,Unstaged,610,Squamous Cell Carcinoma
1,Both Sexes,1,All Races / Ethnicities,1,All Ages,610,Squamous Cell Carcinoma of the Lung and Bronchus,2011,0.448597,0.413813,0.485497,,631,1,Observed SEER Incidence Rate,107,Unstaged,610,Squamous Cell Carcinoma
1,Both Sexes,1,All Races / Ethnicities,1,All Ages,610,Squamous Cell Carcinoma of the Lung and Bronchus,2012,0.404933,0.372573,0.439346,,596,1,Observed SEER Incidence Rate,107,Unstaged,610,Squamous Cell Carcinoma
1,Both Sexes,1,All Races / Ethnicities,1,All Ages,610,Squamous Cell Carcinoma of the Lung and Bronchus,2013,0.378852,0.347706,0.412036,,562,1,Observed SEER Incidence Rate,107,Unstaged,610,Squamous Cell Carcinoma
1,Both Sexes,1,All Races / Ethnicities,1,All Ages,610,Squamous Cell Carcinoma of the Lung and Bronchus,2014,0.334939,0.305968,0.365916,,508,1,Observed SEER Incidence Rate,107,Unstaged,610,Squamous Cell Carcinoma
1,Both Sexes,1,All Races / Ethnicities,1,All Ages,610,Squamous Cell Carcinoma of the Lung and Bronchus,2015,0.310469,0.283008,0.339892,,487,1,Observed SEER Incidence Rate,107,Unstaged,610,Squamous Cell Carcinoma
1,Both Sexes,1,All Races / Ethnicities,1,All Ages,610,Squamous Cell Carcinoma of the Lung and Bronchus,2016,0.363952,0.334291,0.395556,,576,1,Observed SEER Incidence Rate,107,Unstaged,610,Squamous Cell Carcinoma
1,Both Sexes,1,All Races / Ethnicities,1,All Ages,610,Squamous Cell Carcinoma of the Lung and Bronchus,2017,0.334922,0.307338,0.364372,,563,1,Observed SEER Incidence Rate,107,Unstaged,610,Squamous Cell Carcinoma
1,Both Sexes,1,All Races / Ethnicities,1,All Ages,610,Squamous Cell Carcinoma of the Lung and Bronchus,2018,0.366488,0.337578,0.397260,,613,1,Observed SEER Incidence Rate,107,Unstaged,610,Squamous Cell Carcinoma
1,Both Sexes,1,All Races / Ethnicities,1,All Ages,610,Squamous Cell Carcinoma of the Lung and Bronchus,2019,0.352115,0.324262,0.381788,,609,1,Observed SEER Incidence Rate,107,Unstaged,610,Squamous Cell Carcinoma
1,Both Sexes,1,All Races / Ethnicities,1,All Ages,610,Squamous Cell Carcinoma of the Lung and Bronchus,2020,0.304740,0.279235,0.332031,,543,1,Observed SEER Incidence Rate,107,Unstaged,610,Squamous Cell Carcinoma
1,Both Sexes,1,All Races / Ethnicities,1,All Ages,610,Squamous Cell Carcinoma of the Lung and Bronchus,2021,0.268854,0.245048,0.294441,,484,1,Observed SEER Incidence Rate,107,Unstaged,610,Squamous Cell Carcinoma
1,Both Sexes,1,All Races / Ethnicities,1,All Ages,610,Squamous Cell Carcinoma of the Lung and Bronchus,2022,0.232778,0.211157,0.256126,,437,1,Observed SEER Incidence Rate,107,Unstaged,610,Squamous Cell Carcinoma
1,Both Sexes,1,All Races / Ethnicities,1,All Ages,610,Squamous Cell Carcinoma of the Lung and Bronchus,2023,0.277039,0.253697,0.302073,,530,1,Observed SEER Incidence Rate,107,Unstaged,610,Squamous Cell Carcinoma
1,Both Sexes,1,All Races / Ethnicities,1,All Ages,53,Melanoma of the Skin,2000,2.662093,2.601844,2.723383,2.664938,7420,,,,,,
1,Both Sexes,1,All Races / Ethnicities,1,All Ages,53,Melanoma of the Skin,2001,2.664511,2.604682,2.725366,2.670210,7542,,,,,,
1,Both Sexes,1,All Races / Ethnicities,1,All Ages,53,Melanoma of the Skin,2002,2.611885,2.553093,2.671690,2.675492,7513,,,,,,
1,Both Sexes,1,All Races / Ethnicities,1,All Ages,53,Melanoma of the Skin,2003,2.668562,2.609622,2.728499,2.680785,7818,,,,,,
1,Both Sexes,1,All Races / Ethnicities,1,All Ages,53,Melanoma of the Skin,2004,2.671603,2.613027,2.731165,2.686088,7952,,,,,,
1,Both Sexes,1,All Races / Ethnicities,1,All Ages,53,Melanoma of the Skin,2005,2.757099,2.698014,2.817158,2.691402,8345,,,,,,
1,Both Sexes,1,All Races / Ethnicities,1,All Ages,53,Melanoma of the Skin,2006,2.735811,2.677438,2.795142,2.696726,8441,,,,,,
1,Both Sexes,1,All Races / Ethnicities,1,All Ages,53,Melanoma of the Skin,2007,2.684922,2.627609,2.743178,2.702060,8461,,,,,,
1,Both Sexes,1,All Races / Ethnicities,1,All Ages,53,Melanoma of the Skin,2008,2.685868,2.628988,2.743679,2.707405,8623,,,,,,
1,Both Sexes,1,All Races / Ethnicities,1,All Ages,53,Melanoma of the Skin,2009,2.813563,2.755735,2.872310,2.712761,9199,,,,,,
1,Both Sexes,1,All Races / Ethnicities,1,All Ages,53,Melanoma of the Skin,2010,2.744866,2.688211,2.802429,2.718128,9154,,,,,,
1,Both Sexes,1,All Races / Ethnicities,1,All Ages,53,Melanoma of the Skin,2011,2.699938,2.644043,2.756731,2.723504,9128,,,,,,
1,Both Sexes,1,All Races / Ethnicities,1,All Ages,53,Melanoma of the Skin,2012,2.674350,2.619298,2.730285,2.728892,9251,,,,,,
1,Both Sexes,1,All Races / Ethnicities,1,All Ages,53,Melanoma of the Skin,2013,2.683819,2.628943,2.739570,2.734290,9394,,,,,,
1,Both Sexes,1,All Races / Ethnicities,1,All Ages,53,Melanoma of the Skin,2014,2.596482,2.543135,2.650688,2.564603,9324,,,,,,
1,Both Sexes,1,All Races / Ethnicities,1,All Ages,53,Melanoma of the Skin,2015,2.439595,2.388178,2.491863,2.405446,8885,,,,,,
1,Both Sexes,1,All Races / Ethnicities,1,All Ages,53,Melanoma of the Skin,2016,2.201761,2.153386,2.250975,2.256167,8188,,,,,,
1,Both Sexes,1,All Races / Ethnicities,1,All Ages,53,Melanoma of the Skin,2017,2.125091,2.078005,2.173005,2.116151,8056,,,,,,
1,Both Sexes,1,All Races / Ethnicities,1,All Ages,53,Melanoma of the Skin,2018,2.125590,2.078947,2.173048,2.094134,8199,,,,,,
1,Both Sexes,1,All Races / Ethnicities,1,All Ages,53,Melanoma of the Skin,2019,2.057147,2.011687,2.103412,2.072346,8092,,,,,,
1,Both Sexes,1,All Races / Ethnicities,1,All Ages,53,Melanoma of the Skin,2020,2.059234,2.014025,2.105239,2.050785,8214,,,,,,
1,Both Sexes,1,All Races / Ethnicities,1,All Ages,53,Melanoma of the Skin,2021,2.016582,1.972326,2.061624,2.029448,8224,,,,,,
1,Both Sexes,1,All Races / Ethnicities,1,All Ages,53,Melanoma of the Skin,2022,1.984480,1.941021,2.028714,2.008333,8243,,,,,,
1,Both Sexes,1,All Races / Ethnicities,1,All Ages,53,Melanoma of the Skin,2023,1.976089,1.933088,2.019853,1.987438,8350,,,,,,
1,Both Sexes,1,All Races / Ethnicities,1,All Ages,53,Melanoma of the Skin,2024,1.995582,1.952982,2.038929,1.966760,8671,,,,,,
1,Both Sexes,1,All Races / Ethnicities,1,All Ages,111,Mesothelioma,2000,1.095591,1.036509,1.157108,1.110516,1287,1,Observed SEER Incidence Rate,101,All Stages,111,111
1,Both Sexes,1,All Races / Ethnicities,1,All Ages,111,Mesothelioma,2001,1.133761,1.074135,1.195784,1.098939,1355,1,Observed SEER Incidence Rate,101,All Stages,111,111
1,Both Sexes,1,All Races / Ethnicities,1,All Ages,111,Mesothelioma,2002,1.065613,1.008178,1.125417,1.087482,1291,1,Observed SEER Incidence Rate,101,All Stages,111,111
1,Both Sexes,1,All Races / Ethnicities,1,All Ages,111,Mesothelioma,2003,1.043886,0.987502,1.102604,1.076145,1288,1,Observed SEER Incidence Rate,101,All Stages,111,111
1,Both Sexes,1,All Races / Ethnicities,1,All Ages,111,Mesothelioma,2004,1.077123,1.020127,1.136429,1.064926,1346,1,Observed SEER Incidence Rate,101,All Stages,111,111
1,Both Sexes,1,All Races / Ethnicities,1,All Ages,111,Mesothelioma,2005,1.100557,1.043300,1.160098,1.053824,1396,1,Observed SEER Incidence Rate,101,All Stages,111,111
1,Both Sexes,1,All Races / Ethnicities,1,All Ages,111,Mesothelioma,2006,1.009417,0.955032,1.066055,1.042838,1303,1,Observed SEER Incidence Rate,101,All Stages,111,111
1,Both Sexes,1,All Races / Ethnicities,1,All Ages,111,Mesothelioma,2007,1.000103,0.946320,1.056108,1.031967,1313,1,Observed SEER Incidence Rate,101,All Stages,111,111
1,Both Sexes,1,All Races / Ethnicities,1,All Ages,111,Mesothelioma,2008,1.058352,1.003476,1.115417,1.021208,1418,1,Observed SEER Incidence Rate,101,All Stages,111,111
1,Both Sexes,1,All Races / Ethnicities,1,All Ages,111,Mesothelioma,2009,1.037004,0.983282,1.092873,1.010562,1426,1,Observed SEER Incidence Rate,101,All Stages,111,111
1,Both Sexes,1,All Races / Ethnicities,1,All Ages,111,Mesothelioma,2010,0.981729,0.929408,1.036194,1.000027,1350,1,Observed SEER Incidence Rate,101,All Stages,111,111
1,Both Sexes,1,All Races / Ethnicities,1,All Ages,111,Mesothelioma,2011,0.997835,0.945946,1.051813,0.989602,1423,1,Observed SEER Incidence Rate,101,All Stages,111,111
1,Both Sexes,1,All Races / Ethnicities,1,All Ages,111,Mesothelioma,2012,0.957282,0.906772,1.009857,0.979285,1384,1,Observed SEER Incidence Rate,101,All Stages,111,111
1,Both Sexes,1,All Races / Ethnicities,1,All Ages,111,Mesothelioma,2013,0.946728,0.896982,0.998507,0.944548,1396,1,Observed SEER Incidence Rate,101,All Stages,111,111
1,Both Sexes,1,All Races / Ethnicities,1,All Ages,111,Mesothelioma,2014,0.903115,0.855089,0.953137,0.911042,1364,1,Observed SEER Incidence Rate,101,All Stages,111,111
1,Both Sexes,1,All Races / Ethnicities,1,All Ages,111,Mesothelioma,2015,0.904299,0.856706,0.953856,0.878725,1396,1,Observed SEER Incidence Rate,101,All Stages,111,111
1,Both Sexes,1,All Races / Ethnicities,1,All Ages,111,Mesothelioma,2016,0.830733,0.785602,0.877798,0.847555,1312,1,Observed SEER Incidence Rate,101,All Stages,111,111
1,Both Sexes,1,All Races / Ethnicities,1,All Ages,111,Mesothelioma,2017,0.825782,0.781245,0.872220,0.817490,1329,1,Observed SEER Incidence Rate,101,All Stages,111,111
1,Both Sexes,1,All Races / Ethnicities,1,All Ages,111,Mesothelioma,2018,0.748341,0.706269,0.792293,0.788492,1218,1,Observed SEER Incidence Rate,101,All Stages,111,111
1,Both Sexes,1,All Races / Ethnicities,1,All Ages,111,Mesothelioma,2019,0.785912,0.743393,0.830274,0.760522,1317,1,Observed SEER Incidence Rate,101,All Stages,111,111
1,Both Sexes,1,All Races / Ethnicities,1,All Ages,111,Mesothelioma,2020,0.698364,0.658558,0.739998,0.733545,1185,1,Observed SEER Incidence Rate,101,All Stages,111,111
1,Both Sexes,1,All Races / Ethnicities,1,All Ages,111,Mesothelioma,2021,0.731023,0.690550,0.773312,0.707524,1257,1,Observed SEER Incidence Rate,101,All Stages,111,111
1,Both Sexes,1,All Races / Ethnicities,1,All Ages,111,Mesothelioma,2022,0.671883,0.633722,0.711817,0.682426,1188,1,Observed SEER Incidence Rate,101,All Stages,111,111
1,Both Sexes,1,All Races / Ethnicities,1,All Ages,111,Mesothelioma,2023,0.649960,0.613058,0.688592,0.658219,1186,1,Observed SEER Incidence Rate,101,All Stages,111,111
1,Both Sexes,1,All Races / Ethnicities,1,All Ages,111,Mesothelioma,2004,0.094606,0.078183,0.113400,,117,1,Observed SEER Incidence Rate,104,Localized,111,111
1,Both Sexes,1,All Races / Ethnicities,1,All Ages,111,Mesothelioma,2005,0.103594,0.086597,0.122910,,132,1,Observed SEER Incidence Rate,104,Localized,111,111
1,Both Sexes,1,All Races / Ethnicities,1,All Ages,111,Mesothelioma,2006,0.080432,0.065507,0.097682,,102,1,Observed SEER Incidence Rate,104,Localized,111,111
1,Both Sexes,1,All Races / Ethnicities,1,All Ages,111,Mesothelioma,2007,0.079995,0.065267,0.097005,,104,1,Observed SEER Incidence Rate,104,Localized,111,111
1,Both Sexes,1,All Races / Ethnicities,1,All Ages,111,Mesothelioma,2008,0.080447,0.065869,0.097257,,108,1,Observed SEER Incidence Rate,104,Localized,111,111
1,Both Sexes,1,All Races / Ethnicities,1,All Ages,111,Mesothelioma,2009,0.091310,0.075740,0.109097,,123,1,Observed SEER Incidence Rate,104,Localized,111,111
1,Both Sexes,1,All Races / Ethnicities,1,All Ages,111,Mesothelioma,2010,0.080133,0.065808,0.096627,,112,1,Observed SEER Incidence Rate,104,Localized,111,111
1,Both Sexes,1,All Races / Ethnicities,1,All Ages,111,Mesothelioma,2011,0.086655,0.071990,0.103427,,126,1,Observed SEER Incidence Rate,104,Localized,111,111
1,Both Sexes,1,All Races / Ethnicities,1,All Ages,111,Mesothelioma,2012,0.101784,0.085815,0.119849,,147,1,Observed SEER Incidence Rate,104,Localized,111,111
1,Both Sexes,1,All Races / Ethnicities,1,All Ages,111,Mesothelioma,2013,0.101285,0.085410,0.119240,,148,1,Observed SEER Incidence Rate,104,Localized,111,111
1,Both Sexes,1,All Races / Ethnicities,1,All Ages,111,Mesothelioma,2014,0.092040,0.077255,0.108842,,141,1,Observed SEER Incidence Rate,104,Localized,111,111
1,Both Sexes,1,All Races / Ethnicities,1,All Ages,111,Mesothelioma,2015,0.081157,0.067143,0.097217,,121,1,Observed SEER Incidence Rate,104,Localized,111,111
1,Both Sexes,1,All Races / Ethnicities,1,All Ages,111,Mesothelioma,2016,0.104186,0.088585,0.121757,,163,1,Observed SEER Incidence Rate,104,Localized,111,111
1,Both Sexes,1,All Races / Ethnicities,1,All Ages,111,Mesothelioma,2017,0.125787,0.108581,0.144955,,197,1,Observed SEER Incidence Rate,104,Localized,111,111
1,Both Sexes,1,All Races / Ethnicities,1,All Ages,111,Mesothelioma,2018,0.112424,0.096314,0.130475,,179,1,Observed SEER Incidence Rate,104,Localized,111,111
1,Both Sexes,1,All Races / Ethnicities,1,All Ages,111,Mesothelioma,2019,0.120784,0.104417,0.139033,,201,1,Observed SEER Incidence Rate,104,Localized,111,111
1,Both Sexes,1,All Races / Ethnicities,1,All Ages,111,Mesothelioma,2020,0.092384,0.078214,0.108431,,155,1,Observed SEER Incidence Rate,104,Localized,111,111
1,Both Sexes,1,All Races / Ethnicities,1,All Ages,111,Mesothelioma,2021,0.113427,0.097625,0.131106,,189,1,Observed SEER Incidence Rate,104,Localized,111,111
1,Both Sexes,1,All Races / Ethnicities,1,All Ages,111,Mesothelioma,2022,0.095839,0.081636,0.111875,,165,1,Observed SEER Incidence Rate,104,Localized,111,111
1,Both Sexes,1,All Races / Ethnicities,1,All Ages,111,Mesothelioma,2023,0.103070,0.088567,0.119357,,184,1,Observed SEER Incidence Rate,104,Localized,111,111
1,Both Sexes,1,All Races / Ethnicities,1,All Ages,111,Mesothelioma,2004,0.158758,0.137430,0.182415,,200,1,Observed SEER Incidence Rate,105,Regional,111,111
1,Both Sexes,1,All Races / Ethnicities,1,All Ages,111,Mesothelioma,2005,0.166839,0.145027,0.190961,,212,1,Observed SEER Incidence Rate,105,Regional,111,111
1,Both Sexes,1,All Races / Ethnicities,1,All Ages,111,Mesothelioma,2006,0.158106,0.137120,0.181363,,206,1,Observed SEER Incidence Rate,105,Regional,111,111
1,Both Sexes,1,All Races / Ethnicities,1,All Ages,111,Mesothelioma,2007,0.158577,0.137647,0.181753,,209,1,Observed SEER Incidence Rate,105,Regional,111,111
1,Both Sexes,1,All Races / Ethnicities,1,All Ages,111,Mesothelioma,2008,0.140099,0.120577,0.161845,,187,1,Observed SEER Incidence Rate,105,Regional,111,111
1,Both Sexes,1,All Races / Ethnicities,1,All Ages,111,Mesothelioma,2009,0.138848,0.119912,0.159925,,197,1,Observed SEER Incidence Rate,105,Regional,111,111
1,Both Sexes,1,All Races / Ethnicities,1,All Ages,111,Mesothelioma,2010,0.102016,0.085773,0.120417,,143,1,Observed SEER Incidence Rate,105,Regional,111,111
1,Both Sexes,1,All Races / Ethnicities,1,All Ages,111,Mesothelioma,2011,0.141205,0.121958,0.162595,,198,1,Observed SEER Incidence Rate,105,Regional,111,111
1,Both Sexes,1,All Races / Ethnicities,1,All Ages,111,Mesothelioma,2012,0.141146,0.122173,0.162215,,205,1,Observed SEER Incidence Rate,105,Regional,111,111
1,Both Sexes,1,All Races / Ethnicities,1,All Ages,111,Mesothelioma,2013,0.133876,0.115583,0.154234,,197,1,Observed SEER Incidence Rate,105,Regional,111,111
1,Both Sexes,1,All Races / Ethnicities,1,All Ages,111,Mesothelioma,2014,0.137169,0.118777,0.157596,,206,1,Observed SEER Incidence Rate,105,Regional,111,111
1,Both Sexes,1,All Races / Ethnicities,1,All Ages,111,Mesothelioma,2015,0.132659,0.114751,0.152572,,203,1,Observed SEER Incidence Rate,105,Regional,111,111
1,Both Sexes,1,All Races / Ethnicities,1,All Ages,111,Mesothelioma,2016,0.183547,0.162702,0.206341,,292,1,Observed SEER Incidence Rate,105,Regional,111,111
1,Both Sexes,1,All Races / Ethnicities,1,All Ages,111,Mesothelioma,2017,0.181573,0.161023,0.204047,,293,1,Observed SEER Incidence Rate,105,Regional,111,111
1,Both Sexes,1,All Races / Ethnicities,1,All Ages,111,Mesothelioma,2018,0.169056,0.149582,0.190408,,281,1,Observed SEER Incidence Rate,105,Regional,111,111
1,Both Sexes,1,All Races / Ethnicities,1,All Ages,111,Mesothelioma,2019,0.169105,0.149737,0.190335,,284,1,Observed SEER Incidence Rate,105,Regional,111,111
1,Both Sexes,1,All Races / Ethnicities,1,All Ages,111,Mesothelioma,2020,0.141876,0.124435,0.161148,,246,1,Observed SEER Incidence Rate,105,Regional,111,111
1,Both Sexes,1,All Races / Ethnicities,1,All Ages,111,Mesothelioma,2021,0.158094,0.139550,0.178480,,271,1,Observed SEER Incidence Rate,105,Regional,111,111
1,Both Sexes,1,All Races / Ethnicities,1,All Ages,111,Mesothelioma,2022,0.126305,0.110160,0.144240,,226,1,Observed SEER Incidence Rate,105,Regional,111,111
1,Both Sexes,1,All Races / Ethnicities,1,All Ages,111,Mesothelioma,2023,0.130405,0.114196,0.148368,,238,1,Observed SEER Incidence Rate,105,Regional,111,111
1,Both Sexes,1,All Races / Ethnicities,1,All Ages,111,Mesothelioma,2004,0.697141,0.651488,0.745105,,873,1,Observed SEER Incidence Rate,106,Distant,111,111
1,Both Sexes,1,All Races / Ethnicities,1,All Ages,111,Mesothelioma,2005,0.703663,0.657994,0.751623,,891,1,Observed SEER Incidence Rate,106,Distant,111,111
1,Both Sexes,1,All Races / Ethnicities,1,All Ages,111,Mesothelioma,2006,0.664415,0.620445,0.710640,,858,1,Observed SEER Incidence Rate,106,Distant,111,111
1,Both Sexes,1,All Races / Ethnicities,1,All Ages,111,Mesothelioma,2007,0.653760,0.610400,0.699349,,858,1,Observed SEER Incidence Rate,106,Distant,111,111
1,Both Sexes,1,All Races / Ethnicities,1,All Ages,111,Mesothelioma,2008,0.728107,0.682707,0.775699,,976,1,Observed SEER Incidence Rate,106,Distant,111,111
1,Both Sexes,1,All Races / Ethnicities,1,All Ages,111,Mesothelioma,2009,0.694358,0.650512,0.740357,,954,1,Observed SEER Incidence Rate,106,Distant,111,111
1,Both Sexes,1,All Races / Ethnicities,1,All Ages,111,Mesothelioma,2010,0.685206,0.641538,0.731026,,939,1,Observed SEER Incidence Rate,106,Distant,111,111
1,Both Sexes,1,All Races / Ethnicities,1,All Ages,111,Mesothelioma,2011,0.656169,0.614293,0.700134,,939,1,Observed SEER Incidence Rate,106,Distant,111,111
1,Both Sexes,1,All Races / Ethnicities,1,All Ages,111,Mesothelioma,2012,0.614325,0.573967,0.656755,,887,1,Observed SEER Incidence Rate,106,Distant,111,111
1,Both Sexes,1,All Races / Ethnicities,1,All Ages,111,Mesothelioma,2013,0.610144,0.570327,0.652000,,900,1,Observed SEER Incidence Rate,106,Distant,111,111
1,Both Sexes,1,All Races / Ethnicities,1,All Ages,111,Mesothelioma,2014,0.571566,0.533514,0.611617,,864,1,Observed SEER Incidence Rate,106,Distant,111,111
1,Both Sexes,1,All Races / Ethnicities,1,All Ages,111,Mesothelioma,2015,0.588435,0.550219,0.628615,,911,1,Observed SEER Incidence Rate,106,Distant,111,111
1,Both Sexes,1,All Races / Ethnicities,1,All Ages,111,Mesothelioma,2016,0.404804,0.373419,0.438137,,637,1,Observed SEER Incidence Rate,106,Distant,111,111
1,Both Sexes,1,All Races / Ethnicities,1,All Ages,111,Mesothelioma,2017,0.371567,0.342059,0.402972,,605,1,Observed SEER Incidence Rate,106,Distant,111,111
1,Both Sexes,1,All Races / Ethnicities,1,All Ages,111,Mesothelioma,2018,0.356056,0.327180,0.386826,,578,1,Observed SEER Incidence Rate,106,Distant,111,111
1,Both Sexes,1,All Races / Ethnicities,1,All Ages,111,Mesothelioma,2019,0.400249,0.370135,0.432210,,675,1,Observed SEER Incidence Rate,106,Distant,111,111
1,Both Sexes,1,All Races / Ethnicities,1,All Ages,111,Mesothelioma,2020,0.371451,0.342565,0.402175,,631,1,Observed SEER Incidence Rate,106,Distant,111,111
1,Both Sexes,1,All Races / Ethnicities,1,All Ages,111,Mesothelioma,2021,0.381813,0.352822,0.412619,,662,1,Observed SEER Incidence Rate,106,Distant,111,111
1,Both Sexes,1,All Races / Ethnicities,1,All Ages,111,Mesothelioma,2022,0.367915,0.339950,0.397651,,658,1,Observed SEER Incidence Rate,106,Distant,111,111
1,Both Sexes,1,All Races / Ethnicities,1,All Ages,111,Mesothelioma,2023,0.341973,0.315458,0.370219,,631,1,Observed SEER Incidence Rate,106,Distant,111,111
1,Both Sexes,1,All Races / Ethnicities,1,All Ages,111,Mesothelioma,2004,0.126617,0.107462,0.148139,,156,1,Observed SEER Incidence Rate,107,Unstaged,111,111
1,Both Sexes,1,All Races / Ethnicities,1,All Ages,111,Mesothelioma,2005,0.126460,0.107598,0.147636,,161,1,Observed SEER Incidence Rate,107,Unstaged,111,111
1,Both Sexes,1,All Races / Ethnicities,1,All Ages,111,Mesothelioma,2006,0.106463,0.089291,0.125932,,137,1,Observed SEER Incidence Rate,107,Unstaged,111,111
1,Both Sexes,1,All Races / Ethnicities,1,All Ages,111,Mesothelioma,2007,0.107769,0.090662,0.127130,,142,1,Observed SEER Incidence Rate,107,Unstaged,111,111
1,Both Sexes,1,All Races / Ethnicities,1,All Ages,111,Mesothelioma,2008,0.109697,0.092555,0.129060,,147,1,Observed SEER Incidence Rate,107,Unstaged,111,111
1,Both Sexes,1,All Races / Ethnicities,1,All Ages,111,Mesothelioma,2009,0.112485,0.095145,0.132033,,152,1,Observed SEER Incidence Rate,107,Unstaged,111,111
1,Both Sexes,1,All Races / Ethnicities,1,All Ages,111,Mesothelioma,2010,0.114372,0.096942,0.133990,,156,1,Observed SEER Incidence Rate,107,Unstaged,111,111
1,Both Sexes,1,All Races / Ethnicities,1,All Ages,111,Mesothelioma,2011,0.113804,0.096639,0.133110,,160,1,Observed SEER Incidence Rate,107,Unstaged,111,111
1,Both Sexes,1,All Races / Ethnicities,1,All Ages,111,Mesothelioma,2012,0.100025,0.084200,0.117947,,145,1,Observed SEER Incidence Rate,107,Unstaged,111,111
1,Both Sexes,1,All Races / Ethnicities,1,All Ages,111,Mesothelioma,2013,0.101421,0.085690,0.119206,,151,1,Observed SEER Incidence Rate,107,Unstaged,111,111
1,Both Sexes,1,All Races / Ethnicities,1,All Ages,111,Mesothelioma,2014,0.102339,0.086555,0.120164,,153,1,Observed SEER Incidence Rate,107,Unstaged,111,111
1,Both Sexes,1,All Races / Ethnicities,1,All Ages,111,Mesothelioma,2015,0.102047,0.086647,0.119420,,161,1,Observed SEER Incidence Rate,107,Unstaged,111,111
1,Both Sexes,1,All Races / Ethnicities,1,All Ages,111,Mesothelioma,2016,0.138195,0.120263,0.158073,,220,1,Observed SEER Incidence Rate,107,Unstaged,111,111
1,Both Sexes,1,All Races / Ethnicities,1,All Ages,111,Mesothelioma,2017,0.146852,0.128359,0.167283,,234,1,Observed SEER Incidence Rate,107,Unstaged,111,111
1,Both Sexes,1,All Races / Ethnicities,1,All Ages,111,Mesothelioma,2018,0.110804,0.095002,0.128516,,180,1,Observed SEER Incidence Rate,107,Unstaged,111,111
1,Both Sexes,1,All Races / Ethnicities,1,All Ages,111,Mesothelioma,2019,0.095772,0.081214,0.112227,,157,1,Observed SEER Incidence Rate,107,Unstaged,111,111
1,Both Sexes,1,All Races / Ethnicities,1,All Ages,111,Mesothelioma,2020,0.092650,0.078400,0.108786,,153,1,Observed SEER Incidence Rate,107,Unstaged,111,111
1,Both Sexes,1,All Races / Ethnicities,1,All Ages,111,Mesothelioma,2021,0.077688,0.064969,0.092249,,135,1,Observed SEER Incidence Rate,107,Unstaged,111,111
1,Both Sexes,1,All Races / Ethnicities,1,All Ages,111,Mesothelioma,2022,0.081822,0.068662,0.096832,,139,1,Observed SEER Incidence Rate,107,Unstaged,111,111
1,Both Sexes,1,All Races / Ethnicities,1,All Ages,111,Mesothelioma,2023,0.074510,0.062290,0.088518,,133,1,Observed SEER Incidence Rate,107,Unstaged,111,111
1,Both Sexes,1,All Races / Ethnicities,1,All Ages,409,Myelodysplastic syndromes (MDS),2001,3.833837,3.723133,3.946939,3.783657,4550,1,Observed SEER Incidence Rate,101,All Stages,409,409
1,Both Sexes,1,All Races / Ethnicities,1,All Ages,409,Myelodysplastic syndromes (MDS),2002,4.054491,3.941417,4.169933,4.128229,4886,1,Observed SEER Incidence Rate,101,All Stages,409,409
1,Both Sexes,1,All Races / Ethnicities,1,All Ages,409,Myelodysplastic syndromes (MDS),2003,4.500959,4.382604,4.621650,4.504179,5508,1,Observed SEER Incidence Rate,101,All Stages,409,409
1,Both Sexes,1,All Races / Ethnicities,1,All Ages,409,Myelodysplastic syndromes (MDS),2004,4.955964,4.832386,5.081853,4.914367,6141,1,Observed SEER Incidence Rate,101,All Stages,409,409
1,Both Sexes,1,All Races / Ethnicities,1,All Ages,409,Myelodysplastic syndromes (MDS),2005,4.934434,4.812043,5.059107,5.061704,6219,1,Observed SEER Incidence Rate,101,All Stages,409,409
1,Both Sexes,1,All Races / Ethnicities,1,All Ages,409,Myelodysplastic syndromes (MDS),2006,5.220319,5.095085,5.347809,5.213459,6663,1,Observed SEER Incidence Rate,101,All Stages,409,409
1,Both Sexes,1,All Races / Ethnicities,1,All Ages,409,Myelodysplastic syndromes (MDS),2007,5.573776,5.445428,5.704345,5.369763,7258,1,Observed SEER Incidence Rate,101,All Stages,409,409
1,Both Sexes,1,All Races / Ethnicities,1,All Ages,409,Myelodysplastic syndromes (MDS),2008,5.507965,5.381430,5.636687,5.530754,7311,1,Observed SEER Incidence Rate,101,All Stages,409,409
1,Both Sexes,1,All Races / Ethnicities,1,All Ages,409,Myelodysplastic syndromes (MDS),2009,5.626281,5.499313,5.755407,5.696571,7600,1,Observed SEER Incidence Rate,101,All Stages,409,409
1,Both Sexes,1,All Races / Ethnicities,1,All Ages,409,Myelodysplastic syndromes (MDS),2010,5.667136,5.540749,5.795649,5.516369,7804,1,Observed SEER Incidence Rate,101,All Stages,409,409
1,Both Sexes,1,All Races / Ethnicities,1,All Ages,409,Myelodysplastic syndromes (MDS),2011,5.339788,5.218096,5.463576,5.341868,7486,1,Observed SEER Incidence Rate,101,All Stages,409,409
1,Both Sexes,1,All Races / Ethnicities,1,All Ages,409,Myelodysplastic syndromes (MDS),2012,5.130244,5.012153,5.250396,5.172887,7352,1,Observed SEER Incidence Rate,101,All Stages,409,409
1,Both Sexes,1,All Races / Ethnicities,1,All Ages,409,Myelodysplastic syndromes (MDS),2013,5.022322,4.906654,5.140016,5.009251,7347,1,Observed SEER Incidence Rate,101,All Stages,409,409
1,Both Sexes,1,All Races / Ethnicities,1,All Ages,409,Myelodysplastic syndromes (MDS),2014,4.700378,4.589723,4.813024,4.850792,7041,1,Observed SEER Incidence Rate,101,All Stages,409,409
1,Both Sexes,1,All Races / Ethnicities,1,All Ages,409,Myelodysplastic syndromes (MDS),2015,4.595644,4.486952,4.706303,4.697345,6991,1,Observed SEER Incidence Rate,101,All Stages,409,409
1,Both Sexes,1,All Races / Ethnicities,1,All Ages,409,Myelodysplastic syndromes (MDS),2016,4.477410,4.371158,4.585600,4.548753,6953,1,Observed SEER Incidence Rate,101,All Stages,409,409
1,Both Sexes,1,All Races / Ethnicities,1,All Ages,409,Myelodysplastic syndromes (MDS),2017,4.426276,4.321978,4.532473,4.404860,7045,1,Observed SEER Incidence Rate,101,All Stages,409,409
1,Both Sexes,1,All Races / Ethnicities,1,All Ages,409,Myelodysplastic syndromes (MDS),2018,4.292359,4.190980,4.395602,4.265520,6999,1,Observed SEER Incidence Rate,101,All Stages,409,409
1,Both Sexes,1,All Races / Ethnicities,1,All Ages,409,Myelodysplastic syndromes (MDS),2019,4.311653,4.211121,4.414021,4.130587,7176,1,Observed SEER Incidence Rate,101,All Stages,409,409
1,Both Sexes,1,All Races / Ethnicities,1,All Ages,409,Myelodysplastic syndromes (MDS),2020,3.991657,3.895835,4.089291,3.999923,6771,1,Observed SEER Incidence Rate,101,All Stages,409,409
1,Both Sexes,1,All Races / Ethnicities,1,All Ages,409,Myelodysplastic syndromes (MDS),2021,3.841827,3.748600,3.936851,3.873392,6630,1,Observed SEER Incidence Rate,101,All Stages,409,409
1,Both Sexes,1,All Races / Ethnicities,1,All Ages,409,Myelodysplastic syndromes (MDS),2022,3.733944,3.643417,3.826227,3.750864,6609,1,Observed SEER Incidence Rate,101,All Stages,409,409
1,Both Sexes,1,All Races / Ethnicities,1,All Ages,409,Myelodysplastic syndromes (MDS),2023,3.631642,3.543924,3.721071,3.632212,6640,1,Observed SEER Incidence Rate,101,All Stages,409,409
1,Both Sexes,1,All Races / Ethnicities,1,All Ages,3,Oral Cavity and Pharynx,2000,2.690924,2.630315,2.752575,2.736882,7492,,,,,,
1,Both Sexes,1,All Races / Ethnicities,1,All Ages,3,Oral Cavity and Pharynx,2001,2.720708,2.660248,2.782194,2.699293,7701,,,,,,
1,Both Sexes,1,All Races / Ethnicities,1,All Ages,3,Oral Cavity and Pharynx,2002,2.682568,2.623056,2.743092,2.662220,7737,,,,,,
1,Both Sexes,1,All Races / Ethnicities,1,All Ages,3,Oral Cavity and Pharynx,2003,2.641793,2.583292,2.701290,2.625656,7777,,,,,,
1,Both Sexes,1,All Races / Ethnicities,1,All Ages,3,Oral Cavity and Pharynx,2004,2.610300,2.552614,2.668968,2.589595,7826,,,,,,
1,Both Sexes,1,All Races / Ethnicities,1,All Ages,3,Oral Cavity and Pharynx,2005,2.534175,2.477903,2.591411,2.554029,7773,,,,,,
1,Both Sexes,1,All Races / Ethnicities,1,All Ages,3,Oral Cavity and Pharynx,2006,2.477590,2.422314,2.533820,2.518951,7720,,,,,,
1,Both Sexes,1,All Races / Ethnicities,1,All Ages,3,Oral Cavity and Pharynx,2007,2.524587,2.469395,2.580715,2.484355,8067,,,,,,
1,Both Sexes,1,All Races / Ethnicities,1,All Ages,3,Oral Cavity and Pharynx,2008,2.454276,2.400386,2.509087,2.450234,8019,,,,,,
1,Both Sexes,1,All Races / Ethnicities,1,All Ages,3,Oral Cavity and Pharynx,2009,2.371470,2.318981,2.424865,2.416582,7922,,,,,,
1,Both Sexes,1,All Races / Ethnicities,1,All Ages,3,Oral Cavity and Pharynx,2010,2.473234,2.420193,2.527166,2.435454,8474,,,,,,
1,Both Sexes,1,All Races / Ethnicities,1,All Ages,3,Oral Cavity and Pharynx,2011,2.480237,2.427527,2.533827,2.454474,8657,,,,,,
1,Both Sexes,1,All Races / Ethnicities,1,All Ages,3,Oral Cavity and Pharynx,2012,2.502659,2.450200,2.555984,2.473641,8924,,,,,,
1,Both Sexes,1,All Races / Ethnicities,1,All Ages,3,Oral Cavity and Pharynx,2013,2.425334,2.374248,2.477272,2.492959,8850,,,,,,
1,Both Sexes,1,All Races / Ethnicities,1,All Ages,3,Oral Cavity and Pharynx,2014,2.528288,2.476568,2.580848,2.512427,9404,,,,,,
1,Both Sexes,1,All Races / Ethnicities,1,All Ages,3,Oral Cavity and Pharynx,2015,2.552797,2.501445,2.604975,2.532048,9754,,,,,,
1,Both Sexes,1,All Races / Ethnicities,1,All Ages,3,Oral Cavity and Pharynx,2016,2.615436,2.563835,2.667852,2.551822,10170,,,,,,
1,Both Sexes,1,All Races / Ethnicities,1,All Ages,3,Oral Cavity and Pharynx,2017,2.556808,2.506260,2.608160,2.571750,10126,,,,,,
1,Both Sexes,1,All Races / Ethnicities,1,All Ages,3,Oral Cavity and Pharynx,2018,2.509504,2.459990,2.559808,2.591833,10158,,,,,,
1,Both Sexes,1,All Races / Ethnicities,1,All Ages,3,Oral Cavity and Pharynx,2019,2.547563,2.498098,2.597808,2.612074,10492,,,,,,
1,Both Sexes,1,All Races / Ethnicities,1,All Ages,3,Oral Cavity and Pharynx,2020,2.580447,2.531107,2.630558,2.632473,10835,,,,,,
1,Both Sexes,1,All Races / Ethnicities,1,All Ages,3,Oral Cavity and Pharynx,2021,2.693737,2.643452,2.744792,2.653031,11393,,,,,,
1,Both Sexes,1,All Races / Ethnicities,1,All Ages,3,Oral Cavity and Pharynx,2022,2.747770,2.697621,2.798674,2.673749,11884,,,,,,
1,Both Sexes,1,All Races / Ethnicities,1,All Ages,3,Oral Cavity and Pharynx,2023,2.665380,2.616591,2.714909,2.694629,11784,,,,,,
1,Both Sexes,1,All Races / Ethnicities,1,All Ages,3,Oral Cavity and Pharynx,2024,2.741431,2.692478,2.791112,2.715673,12379,,,,,,
1,Both Sexes,1,All Races / Ethnicities,1,All Ages,7,Salivary Gland,2000,0.238786,0.220945,0.257680,0.244598,663,,,,,,
1,Both Sexes,1,All Races / Ethnicities,1,All Ages,7,Salivary Gland,2001,0.243159,0.225277,0.262081,0.242771,685,,,,,,
1,Both Sexes,1,All Races / Ethnicities,1,All Ages,7,Salivary Gland,2002,0.252364,0.234268,0.271485,0.240957,722,,,,,,
1,Both Sexes,1,All Races / Ethnicities,1,All Ages,7,Salivary Gland,2003,0.238432,0.221014,0.256861,0.239156,696,,,,,,
1,Both Sexes,1,All Races / Ethnicities,1,All Ages,7,Salivary Gland,2004,0.236487,0.219206,0.254769,0.237369,697,,,,,,
1,Both Sexes,1,All Races / Ethnicities,1,All Ages,7,Salivary Gland,2005,0.231648,0.214751,0.249527,0.235595,701,,,,,,
1,Both Sexes,1,All Races / Ethnicities,1,All Ages,7,Salivary Gland,2006,0.227574,0.210936,0.245181,0.233835,699,,,,,,
1,Both Sexes,1,All Races / Ethnicities,1,All Ages,7,Salivary Gland,2007,0.236417,0.219607,0.254182,0.232088,742,,,,,,
1,Both Sexes,1,All Races / Ethnicities,1,All Ages,7,Salivary Gland,2008,0.224350,0.208111,0.241529,0.230353,718,,,,,,
1,Both Sexes,1,All Races / Ethnicities,1,All Ages,7,Salivary Gland,2009,0.243584,0.226798,0.261298,0.235331,795,,,,,,
1,Both Sexes,1,All Races / Ethnicities,1,All Ages,7,Salivary Gland,2010,0.245315,0.228705,0.262831,0.240417,827,,,,,,
1,Both Sexes,1,All Races / Ethnicities,1,All Ages,7,Salivary Gland,2011,0.241598,0.225147,0.258952,0.245612,820,,,,,,
1,Both Sexes,1,All Races / Ethnicities,1,All Ages,7,Salivary Gland,2012,0.249679,0.233130,0.267114,0.250920,869,,,,,,
1,Both Sexes,1,All Races / Ethnicities,1,All Ages,7,Salivary Gland,2013,0.251225,0.234725,0.268602,0.256343,886,,,,,,
1,Both Sexes,1,All Races / Ethnicities,1,All Ages,7,Salivary Gland,2014,0.264714,0.247929,0.282363,0.261882,953,,,,,,
1,Both Sexes,1,All Races / Ethnicities,1,All Ages,7,Salivary Gland,2015,0.268720,0.251999,0.286289,0.267542,993,,,,,,
1,Both Sexes,1,All Races / Ethnicities,1,All Ages,7,Salivary Gland,2016,0.274595,0.257756,0.292275,0.267217,1027,,,,,,
1,Both Sexes,1,All Races / Ethnicities,1,All Ages,7,Salivary Gland,2017,0.251975,0.236003,0.268777,0.266894,957,,,,,,
1,Both Sexes,1,All Races / Ethnicities,1,All Ages,7,Salivary Gland,2018,0.262229,0.246149,0.279123,0.266570,1025,,,,,,
1,Both Sexes,1,All Races / Ethnicities,1,All Ages,7,Salivary Gland,2019,0.273880,0.257570,0.290994,0.266247,1085,,,,,,
1,Both Sexes,1,All Races / Ethnicities,1,All Ages,7,Salivary Gland,2020,0.279264,0.262864,0.296462,0.265924,1117,,,,,,
1,Both Sexes,1,All Races / Ethnicities,1,All Ages,7,Salivary Gland,2021,0.257615,0.241984,0.274037,0.265602,1050,,,,,,
1,Both Sexes,1,All Races / Ethnicities,1,All Ages,7,Salivary Gland,2022,0.264999,0.249351,0.281423,0.265280,1104,,,,,,
1,Both Sexes,1,All Races / Ethnicities,1,All Ages,7,Salivary Gland,2023,0.260582,0.245279,0.276645,0.264959,1114,,,,,,
1,Both Sexes,1,All Races / Ethnicities,1,All Ages,7,Salivary Gland,2024,0.266773,0.251491,0.282800,0.264638,1173,,,,,,
1,Both Sexes,1,All Races / Ethnicities,1,All Ages,8,Floor of Mouth,2000,0.054873,0.046521,0.064290,0.056868,153,,,,,,
1,Both Sexes,1,All Races / Ethnicities,1,All Ages,8,Floor of Mouth,2001,0.047660,0.039957,0.056414,0.052762,135,,,,,,
1,Both Sexes,1,All Races / Ethnicities,1,All Ages,8,Floor of Mouth,2002,0.051254,0.043347,0.060191,0.048953,149,,,,,,
1,Both Sexes,1,All Races / Ethnicities,1,All Ages,8,Floor of Mouth,2003,0.049636,0.041923,0.058365,0.045419,147,,,,,,
1,Both Sexes,1,All Races / Ethnicities,1,All Ages,8,Floor of Mouth,2004,0.040268,0.033420,0.048119,0.042140,122,,,,,,
1,Both Sexes,1,All Races / Ethnicities,1,All Ages,8,Floor of Mouth,2005,0.043368,0.036329,0.051389,0.039098,135,,,,,,
1,Both Sexes,1,All Races / Ethnicities,1,All Ages,8,Floor of Mouth,2006,0.035922,0.029599,0.043216,0.036276,114,,,,,,
1,Both Sexes,1,All Races / Ethnicities,1,All Ages,8,Floor of Mouth,2007,0.032475,0.026431,0.039496,0.033657,102,,,,,,
1,Both Sexes,1,All Races / Ethnicities,1,All Ages,8,Floor of Mouth,2008,0.030214,0.024511,0.036866,0.031227,99,,,,,,
1,Both Sexes,1,All Races / Ethnicities,1,All Ages,8,Floor of Mouth,2009,0.032306,0.026465,0.039079,0.028973,109,,,,,,
1,Both Sexes,1,All Races / Ethnicities,1,All Ages,8,Floor of Mouth,2010,0.025601,0.020607,0.031488,0.026881,93,,,,,,
1,Both Sexes,1,All Races / Ethnicities,1,All Ages,8,Floor of Mouth,2011,0.023251,0.018468,0.028934,0.024941,84,,,,,,
1,Both Sexes,1,All Races / Ethnicities,1,All Ages,8,Floor of Mouth,2012,0.020941,0.016401,0.026383,0.023140,75,,,,,,
1,Both Sexes,1,All Races / Ethnicities,1,All Ages,8,Floor of Mouth,2013,0.022035,0.017521,0.027413,0.021469,84,,,,,,
1,Both Sexes,1,All Races / Ethnicities,1,All Ages,8,Floor of Mouth,2014,0.023066,0.018332,0.028685,0.021771,84,,,,,,
1,Both Sexes,1,All Races / Ethnicities,1,All Ages,8,Floor of Mouth,2015,0.019078,0.014887,0.024132,0.022077,73,,,,,,
1,Both Sexes,1,All Races / Ethnicities,1,All Ages,8,Floor of Mouth,2016,0.024719,0.019969,0.030310,0.022387,97,,,,,,
1,Both Sexes,1,All Races / Ethnicities,1,All Ages,8,Floor of Mouth,2017,0.023746,0.019154,0.029164,0.022702,96,,,,,,
1,Both Sexes,1,All Races / Ethnicities,1,All Ages,8,Floor of Mouth,2018,0.021086,0.016881,0.026094,0.023020,90,,,,,,
1,Both Sexes,1,All Races / Ethnicities,1,All Ages,8,Floor of Mouth,2019,0.020346,0.016225,0.025268,0.023344,87,,,,,,
1,Both Sexes,1,All Races / Ethnicities,1,All Ages,8,Floor of Mouth,2020,0.025331,0.020664,0.030802,0.023672,106,,,,,,
1,Both Sexes,1,All Races / Ethnicities,1,All Ages,8,Floor of Mouth,2021,0.026853,0.022142,0.032346,0.024004,118,,,,,,
1,Both Sexes,1,All Races / Ethnicities,1,All Ages,8,Floor of Mouth,2022,0.026046,0.021374,0.031504,0.024341,113,,,,,,
1,Both Sexes,1,All Races / Ethnicities,1,All Ages,8,Floor of Mouth,2023,0.022919,0.018648,0.027955,0.024683,104,,,,,,
1,Both Sexes,1,All Races / Ethnicities,1,All Ages,8,Floor of Mouth,2024,0.023655,0.019302,0.028772,0.025030,107,,,,,,
1,Both Sexes,1,All Races / Ethnicities,1,All Ages,9,Gum & other mouth,2000,0.437805,0.413498,0.463163,0.430709,1213,,,,,,
1,Both Sexes,1,All Races / Ethnicities,1,All Ages,9,Gum & other mouth,2001,0.419375,0.395759,0.444028,0.419609,1179,,,,,,
1,Both Sexes,1,All Races / Ethnicities,1,All Ages,9,Gum & other mouth,2002,0.402422,0.379486,0.426380,0.408794,1152,,,,,,
1,Both Sexes,1,All Races / Ethnicities,1,All Ages,9,Gum & other mouth,2003,0.401929,0.379238,0.425624,0.398259,1176,,,,,,
1,Both Sexes,1,All Races / Ethnicities,1,All Ages,9,Gum & other mouth,2004,0.394666,0.372292,0.418035,0.387995,1168,,,,,,
1,Both Sexes,1,All Races / Ethnicities,1,All Ages,9,Gum & other mouth,2005,0.368551,0.347179,0.390901,0.377995,1118,,,,,,
1,Both Sexes,1,All Races / Ethnicities,1,All Ages,9,Gum & other mouth,2006,0.358325,0.337429,0.380184,0.368254,1108,,,,,,
1,Both Sexes,1,All Races / Ethnicities,1,All Ages,9,Gum & other mouth,2007,0.351888,0.331349,0.373377,0.358763,1109,,,,,,
1,Both Sexes,1,All Races / Ethnicities,1,All Ages,9,Gum & other mouth,2008,0.360240,0.339647,0.381766,0.349517,1160,,,,,,
1,Both Sexes,1,All Races / Ethnicities,1,All Ages,9,Gum & other mouth,2009,0.331658,0.312094,0.352142,0.340509,1091,,,,,,
1,Both Sexes,1,All Races / Ethnicities,1,All Ages,9,Gum & other mouth,2010,0.358429,0.338316,0.379446,0.344922,1212,,,,,,
1,Both Sexes,1,All Races / Ethnicities,1,All Ages,9,Gum & other mouth,2011,0.361798,0.341744,0.382744,0.349392,1245,,,,,,
1,Both Sexes,1,All Races / Ethnicities,1,All Ages,9,Gum & other mouth,2012,0.362327,0.342444,0.383090,0.353921,1275,,,,,,
1,Both Sexes,1,All Races / Ethnicities,1,All Ages,9,Gum & other mouth,2013,0.344561,0.325440,0.364544,0.358508,1248,,,,,,
1,Both Sexes,1,All Races / Ethnicities,1,All Ages,9,Gum & other mouth,2014,0.372979,0.353195,0.393614,0.363154,1368,,,,,,
1,Both Sexes,1,All Races / Ethnicities,1,All Ages,9,Gum & other mouth,2015,0.378218,0.358530,0.398743,0.367860,1427,,,,,,
1,Both Sexes,1,All Races / Ethnicities,1,All Ages,9,Gum & other mouth,2016,0.361454,0.342404,0.381327,0.372628,1392,,,,,,
1,Both Sexes,1,All Races / Ethnicities,1,All Ages,9,Gum & other mouth,2017,0.372449,0.353242,0.392469,0.377457,1457,,,,,,
1,Both Sexes,1,All Races / Ethnicities,1,All Ages,9,Gum & other mouth,2018,0.361105,0.342410,0.380601,0.382349,1443,,,,,,
1,Both Sexes,1,All Races / Ethnicities,1,All Ages,9,Gum & other mouth,2019,0.381462,0.362387,0.401328,0.387305,1549,,,,,,
1,Both Sexes,1,All Races / Ethnicities,1,All Ages,9,Gum & other mouth,2020,0.375684,0.356924,0.395226,0.392324,1554,,,,,,
1,Both Sexes,1,All Races / Ethnicities,1,All Ages,9,Gum & other mouth,2021,0.403346,0.383908,0.423564,0.397409,1672,,,,,,
1,Both Sexes,1,All Races / Ethnicities,1,All Ages,9,Gum & other mouth,2022,0.415240,0.395778,0.435468,0.402559,1768,,,,,,
1,Both Sexes,1,All Races / Ethnicities,1,All Ages,9,Gum & other mouth,2023,0.418425,0.399078,0.438523,0.407776,1812,,,,,,
1,Both Sexes,1,All Races / Ethnicities,1,All Ages,9,Gum & other mouth,2024,0.413934,0.395088,0.433512,0.413061,1868,,,,,,
1,Both Sexes,1,All Races / Ethnicities,1,All Ages,12,Oropharynx & Tonsil,2000,0.382027,0.359420,0.405681,0.405449,1065,,,,,,
1,Both Sexes,1,All Races / Ethnicities,1,All Ages,12,Oropharynx & Tonsil,2001,0.424173,0.400539,0.448837,0.408592,1204,,,,,,
1,Both Sexes,1,All Races / Ethnicities,1,All Ages,12,Oropharynx & Tonsil,2002,0.428059,0.404576,0.452555,0.411759,1244,,,,,,
1,Both Sexes,1,All Races / Ethnicities,1,All Ages,12,Oropharynx & Tonsil,2003,0.415722,0.392806,0.439634,0.414951,1234,,,,,,
1,Both Sexes,1,All Races / Ethnicities,1,All Ages,12,Oropharynx & Tonsil,2004,0.412455,0.389839,0.436052,0.418168,1250,,,,,,
1,Both Sexes,1,All Races / Ethnicities,1,All Ages,12,Oropharynx & Tonsil,2005,0.420736,0.398093,0.444344,0.421409,1302,,,,,,
1,Both Sexes,1,All Races / Ethnicities,1,All Ages,12,Oropharynx & Tonsil,2006,0.412653,0.390427,0.435831,0.424676,1304,,,,,,
1,Both Sexes,1,All Races / Ethnicities,1,All Ages,12,Oropharynx & Tonsil,2007,0.434746,0.412171,0.458254,0.427968,1409,,,,,,
1,Both Sexes,1,All Races / Ethnicities,1,All Ages,12,Oropharynx & Tonsil,2008,0.437352,0.414993,0.460625,0.431285,1458,,,,,,
1,Both Sexes,1,All Races / Ethnicities,1,All Ages,12,Oropharynx & Tonsil,2009,0.427988,0.406056,0.450822,0.434628,1456,,,,,,
1,Both Sexes,1,All Races / Ethnicities,1,All Ages,12,Oropharynx & Tonsil,2010,0.459239,0.436731,0.482635,0.448529,1601,,,,,,
1,Both Sexes,1,All Races / Ethnicities,1,All Ages,12,Oropharynx & Tonsil,2011,0.478332,0.455545,0.501993,0.462874,1703,,,,,,
1,Both Sexes,1,All Races / Ethnicities,1,All Ages,12,Oropharynx & Tonsil,2012,0.487329,0.464528,0.510994,0.477679,1770,,,,,,
1,Both Sexes,1,All Races / Ethnicities,1,All Ages,12,Oropharynx & Tonsil,2013,0.471191,0.448972,0.494260,0.492957,1745,,,,,,
1,Both Sexes,1,All Races / Ethnicities,1,All Ages,12,Oropharynx & Tonsil,2014,0.514190,0.491279,0.537935,0.508723,1959,,,,,,
1,Both Sexes,1,All Races / Ethnicities,1,All Ages,12,Oropharynx & Tonsil,2015,0.533853,0.510724,0.557803,0.524994,2081,,,,,,
1,Both Sexes,1,All Races / Ethnicities,1,All Ages,12,Oropharynx & Tonsil,2016,0.543648,0.520490,0.567616,0.541785,2160,,,,,,
1,Both Sexes,1,All Races / Ethnicities,1,All Ages,12,Oropharynx & Tonsil,2017,0.548711,0.525731,0.572487,0.559113,2233,,,,,,
1,Both Sexes,1,All Races / Ethnicities,1,All Ages,12,Oropharynx & Tonsil,2018,0.558783,0.535836,0.582513,0.576995,2320,,,,,,
1,Both Sexes,1,All Races / Ethnicities,1,All Ages,12,Oropharynx & Tonsil,2019,0.572803,0.549681,0.596701,0.595449,2406,,,,,,
1,Both Sexes,1,All Races / Ethnicities,1,All Ages,12,Oropharynx & Tonsil,2020,0.598119,0.574779,0.622222,0.614494,2580,,,,,,
1,Both Sexes,1,All Races / Ethnicities,1,All Ages,12,Oropharynx & Tonsil,2021,0.621505,0.597783,0.645987,0.634147,2701,,,,,,
1,Both Sexes,1,All Races / Ethnicities,1,All Ages,12,Oropharynx & Tonsil,2022,0.695252,0.670337,0.720919,0.654430,3060,,,,,,
1,Both Sexes,1,All Races / Ethnicities,1,All Ages,12,Oropharynx & Tonsil,2023,0.660046,0.636131,0.684696,0.675360,2984,,,,,,
1,Both Sexes,1,All Races / Ethnicities,1,All Ages,12,Oropharynx & Tonsil,2024,0.719941,0.695062,0.745547,0.696961,3286,,,,,,
3,Female,1,All Races / Ethnicities,1,All Ages,61,Ovary,2000,8.889290,8.742274,9.038194,8.940520,14060,,,,,,
3,Female,1,All Races / Ethnicities,1,All Ages,61,Ovary,2001,9.001885,8.854870,9.150764,8.957432,14414,,,,,,
3,Female,1,All Races / Ethnicities,1,All Ages,61,Ovary,2002,9.035457,8.889232,9.183525,8.974376,14682,,,,,,
3,Female,1,All Races / Ethnicities,1,All Ages,61,Ovary,2003,8.866867,8.723190,9.012361,8.991353,14657,,,,,,
3,Female,1,All Races / Ethnicities,1,All Ages,61,Ovary,2004,8.783736,8.641577,8.927693,8.800498,14716,,,,,,
3,Female,1,All Races / Ethnicities,1,All Ages,61,Ovary,2005,8.660801,8.520819,8.802556,8.613694,14787,,,,,,
3,Female,1,All Races / Ethnicities,1,All Ages,61,Ovary,2006,8.564579,8.426307,8.704604,8.430855,14857,,,,,,
3,Female,1,All Races / Ethnicities,1,All Ages,61,Ovary,2007,8.252479,8.117985,8.388699,8.251897,14621,,,,,,
3,Female,1,All Races / Ethnicities,1,All Ages,61,Ovary,2008,7.976515,7.845169,8.109566,8.076738,14362,,,,,,
3,Female,1,All Races / Ethnicities,1,All Ages,61,Ovary,2009,7.850666,7.721510,7.981503,7.905297,14436,,,,,,
3,Female,1,All Races / Ethnicities,1,All Ages,61,Ovary,2010,7.805049,7.677000,7.934764,7.737495,14572,,,,,,
3,Female,1,All Races / Ethnicities,1,All Ages,61,Ovary,2011,7.560832,7.435619,7.687694,7.573255,14346,,,,,,
3,Female,1,All Races / Ethnicities,1,All Ages,61,Ovary,2012,7.443412,7.320274,7.568176,7.412501,14404,,,,,,
3,Female,1,All Races / Ethnicities,1,All Ages,61,Ovary,2013,7.264335,7.143624,7.386653,7.255159,14276,,,,,,
3,Female,1,All Races / Ethnicities,1,All Ages,61,Ovary,2014,7.102287,6.983736,7.222426,7.101157,14195,,,,,,
3,Female,1,All Races / Ethnicities,1,All Ages,61,Ovary,2015,6.837721,6.722328,6.954684,6.950424,13920,,,,,,
3,Female,1,All Races / Ethnicities,1,All Ages,61,Ovary,2016,6.879929,6.764896,6.996517,6.802891,14223,,,,,,
3,Female,1,All Races / Ethnicities,1,All Ages,61,Ovary,2017,6.714016,6.601712,6.827850,6.658489,14193,,,,,,
3,Female,1,All Races / Ethnicities,1,All Ages,61,Ovary,2018,6.410157,6.301202,6.520625,6.453796,13748,,,,,,
3,Female,1,All Races / Ethnicities,1,All Ages,61,Ovary,2019,6.150078,6.044293,6.257357,6.255396,13445,,,,,,
3,Female,1,All Races / Ethnicities,1,All Ages,61,Ovary,2020,6.051913,5.947717,6.157590,6.063095,13438,,,,,,
3,Female,1,All Races / Ethnicities,1,All Ages,61,Ovary,2021,5.960532,5.857767,6.064768,5.876706,13430,,,,,,
3,Female,1,All Races / Ethnicities,1,All Ages,61,Ovary,2022,5.778400,5.678005,5.880247,5.696046,13214,,,,,,
3,Female,1,All Races / Ethnicities,1,All Ages,61,Ovary,2023,5.503121,5.406242,5.601427,5.520940,12883,,,,,,
3,Female,1,All Races / Ethnicities,1,All Ages,61,Ovary,2024,5.300976,5.206722,5.396637,5.351218,12654,,,,,,
2,Male,1,All Races / Ethnicities,1,All Ages,66,Prostate,2000,30.814643,30.462544,31.169545,30.828082,31078,,,,,,
2,Male,1,All Races / Ethnicities,1,All Ages,66,Prostate,2001,29.935277,29.591390,30.281918,29.784483,30719,,,,,,
2,Male,1,All Races / Ethnicities,1,All Ages,66,Prostate,2002,29.162652,28.826133,29.501881,28.776213,30446,,,,,,
2,Male,1,All Races / Ethnicities,1,All Ages,66,Prostate,2003,27.600189,27.277443,27.925580,27.802075,29554,,,,,,
2,Male,1,All Races / Ethnicities,1,All Ages,66,Prostate,2004,26.610864,26.297023,26.927304,26.860913,29002,,,,,,
2,Male,1,All Races / Ethnicities,1,All Ages,66,Prostate,2005,25.791485,25.487466,26.098033,25.951612,28905,,,,,,
2,Male,1,All Races / Ethnicities,1,All Ages,66,Prostate,2006,24.636152,24.343593,24.931172,25.073093,28372,,,,,,
2,Male,1,All Races / Ethnicities,1,All Ages,66,Prostate,2007,24.627576,24.339143,24.918410,24.224314,29093,,,,,,
2,Male,1,All Races / Ethnicities,1,All Ages,66,Prostate,2008,23.390590,23.113708,23.669814,23.404267,28471,,,,,,
2,Male,1,All Races / Ethnicities,1,All Ages,66,Prostate,2009,22.504563,22.236467,22.774951,22.611981,28088,,,,,,
2,Male,1,All Races / Ethnicities,1,All Ages,66,Prostate,2010,22.184699,21.922751,22.448879,21.846516,28560,,,,,,
2,Male,1,All Races / Ethnicities,1,All Ages,66,Prostate,2011,21.214290,20.961632,21.469129,21.106963,27970,,,,,,
2,Male,1,All Races / Ethnicities,1,All Ages,66,Prostate,2012,20.039417,19.797728,20.283230,20.392446,27244,,,,,,
2,Male,1,All Races / Ethnicities,1,All Ages,66,Prostate,2013,19.810577,19.573482,20.049751,19.702117,27681,,,,,,
2,Male,1,All Races / Ethnicities,1,All Ages,66,Prostate,2014,19.705512,19.472377,19.940679,19.721137,28343,,,,,,
2,Male,1,All Races / Ethnicities,1,All Ages,66,Prostate,2015,19.599503,19.369587,19.831411,19.740176,28848,,,,,,
2,Male,1,All Races / Ethnicities,1,All Ages,66,Prostate,2016,20.119107,19.888934,20.351234,19.759233,30370,,,,,,
2,Male,1,All Races / Ethnicities,1,All Ages,66,Prostate,2017,19.627894,19.403674,19.854025,19.778309,30486,,,,,,
2,Male,1,All Races / Ethnicities,1,All Ages,66,Prostate,2018,19.751783,19.529733,19.975707,19.797403,31488,,,,,,
2,Male,1,All Races / Ethnicities,1,All Ages,66,Prostate,2019,19.359278,19.141944,19.578452,19.561389,31636,,,,,,
2,Male,1,All Races / Ethnicities,1,All Ages,66,Prostate,2020,19.577185,19.360622,19.795564,19.328189,32707,,,,,,
2,Male,1,All Races / Ethnicities,1,All Ages,66,Prostate,2021,19.086701,18.875040,19.300152,19.097769,32563,,,,,,
2,Male,1,All Races / Ethnicities,1,All Ages,66,Prostate,2022,18.951990,18.744557,19.161167,18.870096,33363,,,,,,
2,Male,1,All Races / Ethnicities,1,All Ages,66,Prostate,2023,18.559534,18.358360,18.762400,18.645137,33881,,,,,,
2,Male,1,All Races / Ethnicities,1,All Ages,66,Prostate,2024,18.401383,18.204928,18.599482,18.422860,34815,,,,,,
2,Male,1,All Races / Ethnicities,1,All Ages,67,Testis,2000,0.245983,0.220276,0.273943,0.252289,338,,,,,,
2,Male,1,All Races / Ethnicities,1,All Ages,67,Testis,2001,0.242339,0.216893,0.270018,0.252091,335,,,,,,
2,Male,1,All Races / Ethnicities,1,All Ages,67,Testis,2002,0.284987,0.257164,0.315043,0.251893,393,,,,,,
2,Male,1,All Races / Ethnicities,1,All Ages,67,Testis,2003,0.249161,0.223238,0.277302,0.251695,344,,,,,,
2,Male,1,All Races / Ethnicities,1,All Ages,67,Testis,2004,0.251722,0.226107,0.279495,0.251497,357,,,,,,
2,Male,1,All Races / Ethnicities,1,All Ages,67,Testis,2005,0.250586,0.225029,0.278289,0.251299,359,,,,,,
2,Male,1,All Races / Ethnicities,1,All Ages,67,Testis,2006,0.247566,0.222284,0.274967,0.251102,358,,,,,,
2,Male,1,All Races / Ethnicities,1,All Ages,67,Testis,2007,0.225163,0.201070,0.251366,0.250904,326,,,,,,
2,Male,1,All Races / Ethnicities,1,All Ages,67,Testis,2008,0.244698,0.219700,0.271776,0.250707,358,,,,,,
2,Male,1,All Races / Ethnicities,1,All Ages,67,Testis,2009,0.251036,0.225954,0.278160,0.250510,376,,,,,,
2,Male,1,All Races / Ethnicities,1,All Ages,67,Testis,2010,0.264498,0.238872,0.292142,0.250313,399,,,,,,
2,Male,1,All Races / Ethnicities,1,All Ages,67,Testis,2011,0.251043,0.226050,0.278049,0.250116,380,,,,,,
2,Male,1,All Races / Ethnicities,1,All Ages,67,Testis,2012,0.250331,0.225613,0.277028,0.249919,386,,,,,,
2,Male,1,All Races / Ethnicities,1,All Ages,67,Testis,2013,0.243195,0.219112,0.269220,0.249723,383,,,,,,
2,Male,1,All Races / Ethnicities,1,All Ages,67,Testis,2014,0.262612,0.237437,0.289730,0.249527,411,,,,,,
2,Male,1,All Races / Ethnicities,1,All Ages,67,Testis,2015,0.233255,0.209806,0.258615,0.249330,374,,,,,,
2,Male,1,All Races / Ethnicities,1,All Ages,67,Testis,2016,0.268473,0.243250,0.295597,0.254910,431,,,,,,
2,Male,1,All Races / Ethnicities,1,All Ages,67,Testis,2017,0.259325,0.234817,0.285702,0.260615,425,,,,,,
2,Male,1,All Races / Ethnicities,1,All Ages,67,Testis,2018,0.245132,0.221291,0.270841,0.266448,401,,,,,,
2,Male,1,All Races / Ethnicities,1,All Ages,67,Testis,2019,0.279497,0.254048,0.306799,0.272411,458,,,,,,
2,Male,1,All Races / Ethnicities,1,All Ages,67,Testis,2020,0.280432,0.255001,0.307707,0.278507,461,,,,,,
2,Male,1,All Races / Ethnicities,1,All Ages,67,Testis,2021,0.294443,0.268504,0.322212,0.284740,491,,,,,,
2,Male,1,All Races / Ethnicities,1,All Ages,67,Testis,2022,0.298763,0.272868,0.326459,0.291113,510,,,,,,
2,Male,1,All Races / Ethnicities,1,All Ages,67,Testis,2023,0.316583,0.289869,0.345093,0.297628,537,,,,,,
2,Male,1,All Races / Ethnicities,1,All Ages,67,Testis,2024,0.274110,0.249298,0.300709,0.304289,462,,,,,,
1,Both Sexes,1,All Races / Ethnicities,1,All Ages,80,Thyroid,2000,0.478084,0.452703,0.504513,0.463049,1328,,,,,,
1,Both Sexes,1,All Races / Ethnicities,1,All Ages,80,Thyroid,2001,0.479425,0.454213,0.505670,0.468391,1354,,,,,,
1,Both Sexes,1,All Races / Ethnicities,1,All Ages,80,Thyroid,2002,0.477519,0.452510,0.503550,0.473794,1367,,,,,,
1,Both Sexes,1,All Races / Ethnicities,1,All Ages,80,Thyroid,2003,0.448502,0.424516,0.473493,0.479260,1312,,,,,,
1,Both Sexes,1,All Races / Ethnicities,1,All Ages,80,Thyroid,2004,0.475535,0.450957,0.501108,0.484789,1409,,,,,,
1,Both Sexes,1,All Races / Ethnicities,1,All Ages,80,Thyroid,2005,0.485268,0.460615,0.510901,0.490381,1462,,,,,,
1,Both Sexes,1,All Races / Ethnicities,1,All Ages,80,Thyroid,2006,0.496013,0.471252,0.521741,0.496038,1518,,,,,,
1,Both Sexes,1,All Races / Ethnicities,1,All Ages,80,Thyroid,2007,0.497955,0.473404,0.523457,0.501761,1562,,,,,,
1,Both Sexes,1,All Races / Ethnicities,1,All Ages,80,Thyroid,2008,0.517486,0.492623,0.543287,0.507549,1649,,,,,,
1,Both Sexes,1,All Races / Ethnicities,1,All Ages,80,Thyroid,2009,0.523582,0.498805,0.549284,0.513404,1707,,,,,,
1,Both Sexes,1,All Races / Ethnicities,1,All Ages,80,Thyroid,2010,0.507700,0.483480,0.532833,0.512946,1686,,,,,,
1,Both Sexes,1,All Races / Ethnicities,1,All Ages,80,Thyroid,2011,0.510159,0.486209,0.535004,0.512488,1747,,,,,,
1,Both Sexes,1,All Races / Ethnicities,1,All Ages,80,Thyroid,2012,0.487434,0.464157,0.511596,0.512031,1690,,,,,,
1,Both Sexes,1,All Races / Ethnicities,1,All Ages,80,Thyroid,2013,0.522133,0.498291,0.546845,0.511575,1850,,,,,,
1,Both Sexes,1,All Races / Ethnicities,1,All Ages,80,Thyroid,2014,0.504803,0.481586,0.528877,0.511118,1832,,,,,,
1,Both Sexes,1,All Races / Ethnicities,1,All Ages,80,Thyroid,2015,0.515459,0.492121,0.539646,0.510662,1894,,,,,,
1,Both Sexes,1,All Races / Ethnicities,1,All Ages,80,Thyroid,2016,0.544195,0.520425,0.568802,0.510207,2042,,,,,,
1,Both Sexes,1,All Races / Ethnicities,1,All Ages,80,Thyroid,2017,0.496480,0.473969,0.519818,0.509752,1892,,,,,,
1,Both Sexes,1,All Races / Ethnicities,1,All Ages,80,Thyroid,2018,0.519287,0.496545,0.542841,0.509297,2025,,,,,,
1,Both Sexes,1,All Races / Ethnicities,1,All Ages,80,Thyroid,2019,0.514592,0.492177,0.537807,0.508843,2047,,,,,,
1,Both Sexes,1,All Races / Ethnicities,1,All Ages,80,Thyroid,2020,0.490488,0.468864,0.512899,0.508389,1999,,,,,,
1,Both Sexes,1,All Races / Ethnicities,1,All Ages,80,Thyroid,2021,0.510276,0.488339,0.532995,0.507935,2105,,,,,,
1,Both Sexes,1,All Races / Ethnicities,1,All Ages,80,Thyroid,2022,0.523388,0.501408,0.546136,0.507482,2204,,,,,,
1,Both Sexes,1,All Races / Ethnicities,1,All Ages,80,Thyroid,2023,0.494287,0.473278,0.516046,0.507029,2148,,,,,,
1,Both Sexes,1,All Races / Ethnicities,1,All Ages,80,Thyroid,2024,0.500430,0.479582,0.522012,0.506577,2229,,,,,,
1,Both Sexes,1,All Races / Ethnicities,1,All Ages,71,Urinary Bladder (Invasive & In Situ),2000,4.332126,4.254922,4.410374,4.369720,12002,,,,,,
1,Both Sexes,1,All Races / Ethnicities,1,All Ages,71,Urinary Bladder (Invasive & In Situ),2001,4.354261,4.277359,4.432194,4.375606,12225,,,,,,
1,Both Sexes,1,All Races / Ethnicities,1,All Ages,71,Urinary Bladder (Invasive & In Situ),2002,4.434065,4.356972,4.512176,4.381499,12627,,,,,,
1,Both Sexes,1,All Races / Ethnicities,1,All Ages,71,Urinary Bladder (Invasive & In Situ),2003,4.307092,4.231738,4.383449,4.387401,12483,,,,,,
1,Both Sexes,1,All Races / Ethnicities,1,All Ages,71,Urinary Bladder (Invasive & In Situ),2004,4.432421,4.356451,4.509384,4.393310,13030,,,,,,
1,Both Sexes,1,All Races / Ethnicities,1,All Ages,71,Urinary Bladder (Invasive & In Situ),2005,4.426227,4.350946,4.502487,4.399227,13253,,,,,,
1,Both Sexes,1,All Races / Ethnicities,1,All Ages,71,Urinary Bladder (Invasive & In Situ),2006,4.415899,4.341344,4.491417,4.405153,13474,,,,,,
1,Both Sexes,1,All Races / Ethnicities,1,All Ages,71,Urinary Bladder (Invasive & In Situ),2007,4.449250,4.375046,4.524402,4.411086,13843,,,,,,
1,Both Sexes,1,All Races / Ethnicities,1,All Ages,71,Urinary Bladder (Invasive & In Situ),2008,4.416195,4.342961,4.490363,4.417027,14036,,,,,,
1,Both Sexes,1,All Races / Ethnicities,1,All Ages,71,Urinary Bladder (Invasive & In Situ),2009,4.381442,4.309097,4.454708,4.422976,14201,,,,,,
1,Both Sexes,1,All Races / Ethnicities,1,All Ages,71,Urinary Bladder (Invasive & In Situ),2010,4.445482,4.373307,4.518564,4.428934,14730,,,,,,
1,Both Sexes,1,All Races / Ethnicities,1,All Ages,71,Urinary Bladder (Invasive & In Situ),2011,4.454334,4.382639,4.526924,4.434899,15014,,,,,,
1,Both Sexes,1,All Races / Ethnicities,1,All Ages,71,Urinary Bladder (Invasive & In Situ),2012,4.426629,4.355868,4.498270,4.440872,15245,,,,,,
1,Both Sexes,1,All Races / Ethnicities,1,All Ages,71,Urinary Bladder (Invasive & In Situ),2013,4.494017,4.423326,4.565576,4.446854,15757,,,,,,
1,Both Sexes,1,All Races / Ethnicities,1,All Ages,71,Urinary Bladder (Invasive & In Situ),2014,4.420824,4.351299,4.491205,4.452843,15775,,,,,,
1,Both Sexes,1,All Races / Ethnicities,1,All Ages,71,Urinary Bladder (Invasive & In Situ),2015,4.461661,4.392459,4.531707,4.458841,16254,,,,,,
1,Both Sexes,1,All Races / Ethnicities,1,All Ages,71,Urinary Bladder (Invasive & In Situ),2016,4.484388,4.415604,4.554003,4.464846,16646,,,,,,
1,Both Sexes,1,All Races / Ethnicities,1,All Ages,71,Urinary Bladder (Invasive & In Situ),2017,4.390665,4.323383,4.458764,4.396682,16657,,,,,,
1,Both Sexes,1,All Races / Ethnicities,1,All Ages,71,Urinary Bladder (Invasive & In Situ),2018,4.293895,4.228123,4.360471,4.329559,16641,,,,,,
1,Both Sexes,1,All Races / Ethnicities,1,All Ages,71,Urinary Bladder (Invasive & In Situ),2019,4.250593,4.185809,4.316170,4.263461,16796,,,,,,
1,Both Sexes,1,All Races / Ethnicities,1,All Ages,71,Urinary Bladder (Invasive & In Situ),2020,4.149983,4.086532,4.214217,4.198371,16682,,,,,,
1,Both Sexes,1,All Races / Ethnicities,1,All Ages,71,Urinary Bladder (Invasive & In Situ),2021,4.125488,4.062677,4.189075,4.134276,16840,,,,,,
1,Both Sexes,1,All Races / Ethnicities,1,All Ages,71,Urinary Bladder (Invasive & In Situ),2022,4.152563,4.090338,4.215550,4.071158,17334,,,,,,
1,Both Sexes,1,All Races / Ethnicities,1,All Ages,71,Urinary Bladder (Invasive & In Situ),2023,4.016116,3.955990,4.076983,4.009005,17317,,,,,,
1,Both Sexes,1,All Races / Ethnicities,1,All Ages,71,Urinary Bladder (Invasive & In Situ),2024,3.923162,3.864602,3.982448,3.947800,17396,,,,,,
