locationid,stateabbr,locationname,measureid,data_value,totalpopulation
01001,AL,Autauga,ARTHRITIS,30.0,60342
01001,AL,Autauga,BPHIGH,42.0,60342
01001,AL,Autauga,CANCER,8.3,60342
01001,AL,Autauga,CHD,6.7,60342
01001,AL,Autauga,COPD,7.4,60342
01001,AL,Autauga,DIABETES,13.3,60342
01001,AL,Autauga,OBESITY,39.8,60342
01001,AL,Autauga,STROKE,3.7,60342
01003,AL,Baldwin,ARTHRITIS,32.9,253507
01003,AL,Baldwin,BPHIGH,43.8,253507
01003,AL,Baldwin,CANCER,10.2,253507
01003,AL,Baldwin,CHD,7.5,253507
01003,AL,Baldwin,COPD,7.5,253507
01003,AL,Baldwin,DIABETES,13.4,253507
01003,AL,Baldwin,OBESITY,35.2,253507
01003,AL,Baldwin,STROKE,3.8,253507
01005,AL,Barbour,ARTHRITIS,34.2,24585
01005,AL,Barbour,BPHIGH,50.2,24585
01005,AL,Barbour,CANCER,7.8,24585
01005,AL,Barbour,CHD,9.5,24585
01005,AL,Barbour,COPD,11.1,24585
01005,AL,Barbour,DIABETES,19.6,24585
01005,AL,Barbour,OBESITY,46.8,24585
01005,AL,Barbour,STROKE,5.8,24585
01007,AL,Bibb,ARTHRITIS,32.3,21868
01007,AL,Bibb,BPHIGH,46.3,21868
01007,AL,Bibb,CANCER,8.3,21868
01007,AL,Bibb,CHD,8.5,21868
01007,AL,Bibb,COPD,10.2,21868
01007,AL,Bibb,DIABETES,16.2,21868
01007,AL,Bibb,OBESITY,43.9,21868
01007,AL,Bibb,STROKE,4.7,21868
01009,AL,Blount,ARTHRITIS,31.8,59816
01009,AL,Blount,BPHIGH,41.2,59816
01009,AL,Blount,CANCER,9.3,59816
01009,AL,Blount,CHD,8.0,59816
01009,AL,Blount,COPD,9.1,59816
01009,AL,Blount,DIABETES,13.8,59816
01009,AL,Blount,OBESITY,36.1,59816
01009,AL,Blount,STROKE,4.1,59816
01011,AL,Bullock,ARTHRITIS,35.3,9897
01011,AL,Bullock,BPHIGH,56.6,9897
01011,AL,Bullock,CANCER,6.3,9897
01011,AL,Bullock,CHD,10.7,9897
01011,AL,Bullock,COPD,13.0,9897
01011,AL,Bullock,DIABETES,24.6,9897
01011,AL,Bullock,OBESITY,51.3,9897
01011,AL,Bullock,STROKE,7.3,9897
01013,AL,Butler,ARTHRITIS,35.2,18382
01013,AL,Butler,BPHIGH,51.0,18382
01013,AL,Butler,CANCER,8.4,18382
01013,AL,Butler,CHD,9.1,18382
01013,AL,Butler,COPD,10.3,18382
01013,AL,Butler,DIABETES,18.9,18382
01013,AL,Butler,OBESITY,40.4,18382
01013,AL,Butler,STROKE,5.5,18382
01015,AL,Calhoun,ARTHRITIS,31.6,116429
01015,AL,Calhoun,BPHIGH,44.8,116429
01015,AL,Calhoun,CANCER,8.2,116429
01015,AL,Calhoun,CHD,7.7,116429
01015,AL,Calhoun,COPD,8.9,116429
01015,AL,Calhoun,DIABETES,14.8,116429
01015,AL,Calhoun,OBESITY,38.6,116429
01015,AL,Calhoun,STROKE,4.2,116429
01017,AL,Chambers,ARTHRITIS,34.2,34079
01017,AL,Chambers,BPHIGH,48.7,34079
01017,AL,Chambers,CANCER,8.4,34079
01017,AL,Chambers,CHD,8.6,34079
01017,AL,Chambers,COPD,9.9,34079
01017,AL,Chambers,DIABETES,17.9,34079
01017,AL,Chambers,OBESITY,41.5,34079
01017,AL,Chambers,STROKE,5.2,34079
01019,AL,Cherokee,ARTHRITIS,35.9,25666
01019,AL,Cherokee,BPHIGH,45.9,25666
01019,AL,Cherokee,CANCER,10.6,25666
01019,AL,Cherokee,CHD,9.6,25666
01019,AL,Cherokee,COPD,10.7,25666
01019,AL,Cherokee,DIABETES,16.0,25666
01019,AL,Cherokee,OBESITY,39.5,25666
01019,AL,Cherokee,STROKE,4.8,25666
01021,AL,Chilton,ARTHRITIS,31.4,46431
01021,AL,Chilton,BPHIGH,43.1,46431
01021,AL,Chilton,CANCER,8.6,46431
01021,AL,Chilton,CHD,7.6,46431
01021,AL,Chilton,COPD,8.8,46431
01021,AL,Chilton,DIABETES,14.1,46431
01021,AL,Chilton,OBESITY,40.0,46431
01021,AL,Chilton,STROKE,4.0,46431
01023,AL,Choctaw,ARTHRITIS,38.4,12252
01023,AL,Choctaw,BPHIGH,52.7,12252
01023,AL,Choctaw,CANCER,9.1,12252
01023,AL,Choctaw,CHD,10.0,12252
01023,AL,Choctaw,COPD,11.1,12252
01023,AL,Choctaw,DIABETES,20.1,12252
01023,AL,Choctaw,OBESITY,44.4,12252
01023,AL,Choctaw,STROKE,6.0,12252
01025,AL,Clarke,ARTHRITIS,34.7,22337
01025,AL,Clarke,BPHIGH,49.5,22337
01025,AL,Clarke,CANCER,8.3,22337
01025,AL,Clarke,CHD,8.7,22337
01025,AL,Clarke,COPD,9.7,22337
01025,AL,Clarke,DIABETES,18.4,22337
01025,AL,Clarke,OBESITY,43.9,22337
01025,AL,Clarke,STROKE,5.3,22337
01027,AL,Clay,ARTHRITIS,35.3,14111
01027,AL,Clay,BPHIGH,47.6,14111
01027,AL,Clay,CANCER,9.7,14111
01027,AL,Clay,CHD,9.3,14111
01027,AL,Clay,COPD,10.6,14111
01027,AL,Clay,DIABETES,16.5,14111
01027,AL,Clay,OBESITY,42.5,14111
01027,AL,Clay,STROKE,4.9,14111
01029,AL,Cleburne,ARTHRITIS,33.1,15639
01029,AL,Cleburne,BPHIGH,42.9,15639
01029,AL,Cleburne,CANCER,9.7,15639
01029,AL,Cleburne,CHD,8.4,15639
01029,AL,Cleburne,COPD,9.8,15639
01029,AL,Cleburne,DIABETES,14.6,15639
01029,AL,Cleburne,OBESITY,37.4,15639
01029,AL,Cleburne,STROKE,4.3,15639
01031,AL,Coffee,ARTHRITIS,31.0,55643
01031,AL,Coffee,BPHIGH,43.5,55643
01031,AL,Coffee,CANCER,8.4,55643
01031,AL,Coffee,CHD,7.6,55643
01031,AL,Coffee,COPD,8.6,55643
01031,AL,Coffee,DIABETES,14.8,55643
01031,AL,Coffee,OBESITY,41.0,55643
01031,AL,Coffee,STROKE,4.2,55643
01033,AL,Colbert,ARTHRITIS,33.2,58361
01033,AL,Colbert,BPHIGH,44.3,58361
01033,AL,Colbert,CANCER,9.2,58361
01033,AL,Colbert,CHD,8.0,58361
01033,AL,Colbert,COPD,8.9,58361
01033,AL,Colbert,DIABETES,15.0,58361
01033,AL,Colbert,OBESITY,37.5,58361
01033,AL,Colbert,STROKE,4.3,58361
01035,AL,Conecuh,ARTHRITIS,38.6,11174
01035,AL,Conecuh,BPHIGH,54.7,11174
01035,AL,Conecuh,CANCER,9.0,11174
01035,AL,Conecuh,CHD,11.1,11174
01035,AL,Conecuh,COPD,12.6,11174
01035,AL,Conecuh,DIABETES,22.1,11174
01035,AL,Conecuh,OBESITY,46.4,11174
01035,AL,Conecuh,STROKE,6.7,11174
01037,AL,Coosa,ARTHRITIS,36.9,10268
01037,AL,Coosa,BPHIGH,50.2,10268
01037,AL,Coosa,CANCER,9.8,10268
01037,AL,Coosa,CHD,9.8,10268
01037,AL,Coosa,COPD,10.6,10268
01037,AL,Coosa,DIABETES,18.6,10268
01037,AL,Coosa,OBESITY,41.9,10268
01037,AL,Coosa,STROKE,5.5,10268
01039,AL,Covington,ARTHRITIS,34.2,37952
01039,AL,Covington,BPHIGH,46.4,37952
01039,AL,Covington,CANCER,9.9,37952
01039,AL,Covington,CHD,9.2,37952
01039,AL,Covington,COPD,10.4,37952
01039,AL,Covington,DIABETES,16.3,37952
01039,AL,Covington,OBESITY,37.9,37952
01039,AL,Covington,STROKE,4.9,37952
01041,AL,Crenshaw,ARTHRITIS,33.5,13101
01041,AL,Crenshaw,BPHIGH,46.6,13101
01041,AL,Crenshaw,CANCER,8.7,13101
01041,AL,Crenshaw,CHD,8.5,13101
01041,AL,Crenshaw,COPD,9.9,13101
01041,AL,Crenshaw,DIABETES,16.6,13101
01041,AL,Crenshaw,OBESITY,40.5,13101
01041,AL,Crenshaw,STROKE,4.8,13101
01043,AL,Cullman,ARTHRITIS,32.5,92016
01043,AL,Cullman,BPHIGH,42.3,92016
01043,AL,Cullman,CANCER,9.5,92016
01043,AL,Cullman,CHD,7.9,92016
01043,AL,Cullman,COPD,9.0,92016
01043,AL,Cullman,DIABETES,13.4,92016
01043,AL,Cullman,OBESITY,36.4,92016
01043,AL,Cullman,STROKE,4.0,92016
01045,AL,Dale,ARTHRITIS,31.8,49871
01045,AL,Dale,BPHIGH,44.3,49871
01045,AL,Dale,CANCER,8.4,49871
01045,AL,Dale,CHD,8.1,49871
01045,AL,Dale,COPD,9.2,49871
01045,AL,Dale,DIABETES,15.8,49871
01045,AL,Dale,OBESITY,41.3,49871
01045,AL,Dale,STROKE,4.4,49871
01047,AL,Dallas,ARTHRITIS,35.3,36165
01047,AL,Dallas,BPHIGH,55.2,36165
01047,AL,Dallas,CANCER,7.3,36165
01047,AL,Dallas,CHD,9.6,36165
01047,AL,Dallas,COPD,11.2,36165
01047,AL,Dallas,DIABETES,22.4,36165
01047,AL,Dallas,OBESITY,46.3,36165
01047,AL,Dallas,STROKE,6.6,36165
01049,AL,DeKalb,ARTHRITIS,32.5,72569
01049,AL,DeKalb,BPHIGH,44.5,72569
01049,AL,DeKalb,CANCER,8.8,72569
01049,AL,DeKalb,CHD,8.9,72569
01049,AL,DeKalb,COPD,10.8,72569
01049,AL,DeKalb,DIABETES,15.7,72569
01049,AL,DeKalb,OBESITY,38.6,72569
01049,AL,DeKalb,STROKE,4.6,72569
01051,AL,Elmore,ARTHRITIS,29.5,90441
01051,AL,Elmore,BPHIGH,41.6,90441
01051,AL,Elmore,CANCER,8.3,90441
01051,AL,Elmore,CHD,6.7,90441
01051,AL,Elmore,COPD,7.5,90441
01051,AL,Elmore,DIABETES,13.0,90441
01051,AL,Elmore,OBESITY,38.9,90441
01051,AL,Elmore,STROKE,3.7,90441
01053,AL,Escambia,ARTHRITIS,34.1,36558
01053,AL,Escambia,BPHIGH,48.6,36558
01053,AL,Escambia,CANCER,8.2,36558
01053,AL,Escambia,CHD,9.5,36558
01053,AL,Escambia,COPD,11.4,36558
01053,AL,Escambia,DIABETES,18.5,36558
01053,AL,Escambia,OBESITY,43.9,36558
01053,AL,Escambia,STROKE,5.5,36558
01055,AL,Etowah,ARTHRITIS,33.7,103241
01055,AL,Etowah,BPHIGH,46.3,103241
01055,AL,Etowah,CANCER,9.1,103241
01055,AL,Etowah,CHD,8.5,103241
01055,AL,Etowah,COPD,9.8,103241
01055,AL,Etowah,DIABETES,16.3,103241
01055,AL,Etowah,OBESITY,43.8,103241
01055,AL,Etowah,STROKE,4.5,103241
01057,AL,Fayette,ARTHRITIS,35.7,15967
01057,AL,Fayette,BPHIGH,47.6,15967
01057,AL,Fayette,CANCER,9.7,15967
01057,AL,Fayette,CHD,9.4,15967
01057,AL,Fayette,COPD,10.9,15967
01057,AL,Fayette,DIABETES,16.6,15967
01057,AL,Fayette,OBESITY,40.6,15967
01057,AL,Fayette,STROKE,5.0,15967
01059,AL,Franklin,ARTHRITIS,32.9,31802
01059,AL,Franklin,BPHIGH,44.4,31802
01059,AL,Franklin,CANCER,8.7,31802
01059,AL,Franklin,CHD,8.9,31802
01059,AL,Franklin,COPD,10.7,31802
01059,AL,Franklin,DIABETES,16.4,31802
01059,AL,Franklin,OBESITY,42.2,31802
01059,AL,Franklin,STROKE,4.7,31802
01061,AL,Geneva,ARTHRITIS,34.7,26988
01061,AL,Geneva,BPHIGH,45.5,26988
01061,AL,Geneva,CANCER,9.4,26988
01061,AL,Geneva,CHD,9.3,26988
01061,AL,Geneva,COPD,11.0,26988
01061,AL,Geneva,DIABETES,16.4,26988
01061,AL,Geneva,OBESITY,42.3,26988
01061,AL,Geneva,STROKE,4.9,26988
01063,AL,Greene,ARTHRITIS,39.2,7341
01063,AL,Greene,BPHIGH,59.8,7341
01063,AL,Greene,CANCER,7.4,7341
01063,AL,Greene,CHD,11.9,7341
01063,AL,Greene,COPD,13.8,7341
01063,AL,Greene,DIABETES,27.1,7341
01063,AL,Greene,OBESITY,52.7,7341
01063,AL,Greene,STROKE,8.4,7341
01065,AL,Hale,ARTHRITIS,34.3,14888
01065,AL,Hale,BPHIGH,51.1,14888
01065,AL,Hale,CANCER,7.4,14888
01065,AL,Hale,CHD,9.0,14888
01065,AL,Hale,COPD,10.3,14888
01065,AL,Hale,DIABETES,19.7,14888
01065,AL,Hale,OBESITY,47.6,14888
01065,AL,Hale,STROKE,5.8,14888
01067,AL,Henry,ARTHRITIS,34.8,17899
01067,AL,Henry,BPHIGH,48.1,17899
01067,AL,Henry,CANCER,9.5,17899
01067,AL,Henry,CHD,8.9,17899
01067,AL,Henry,COPD,9.7,17899
01067,AL,Henry,DIABETES,16.7,17899
01067,AL,Henry,OBESITY,41.3,17899
01067,AL,Henry,STROKE,4.9,17899
01069,AL,Houston,ARTHRITIS,32.0,108462
01069,AL,Houston,BPHIGH,44.5,108462
01069,AL,Houston,CANCER,8.8,108462
01069,AL,Houston,CHD,7.9,108462
01069,AL,Houston,COPD,8.9,108462
01069,AL,Houston,DIABETES,15.7,108462
01069,AL,Houston,OBESITY,40.5,108462
01069,AL,Houston,STROKE,4.5,108462
01071,AL,Jackson,ARTHRITIS,35.4,53467
01071,AL,Jackson,BPHIGH,45.9,53467
01071,AL,Jackson,CANCER,9.7,53467
01071,AL,Jackson,CHD,9.2,53467
01071,AL,Jackson,COPD,10.9,53467
01071,AL,Jackson,DIABETES,16.0,53467
01071,AL,Jackson,OBESITY,39.3,53467
01071,AL,Jackson,STROKE,4.7,53467
01073,AL,Jefferson,ARTHRITIS,28.0,662895
01073,AL,Jefferson,BPHIGH,42.7,662895
01073,AL,Jefferson,CANCER,7.3,662895
01073,AL,Jefferson,CHD,6.6,662895
01073,AL,Jefferson,COPD,6.9,662895
01073,AL,Jefferson,DIABETES,15.1,662895
01073,AL,Jefferson,OBESITY,37.4,662895
01073,AL,Jefferson,STROKE,4.1,662895
01075,AL,Lamar,ARTHRITIS,35.3,13661
01075,AL,Lamar,BPHIGH,47.7,13661
01075,AL,Lamar,CANCER,9.9,13661
01075,AL,Lamar,CHD,9.6,13661
01075,AL,Lamar,COPD,11.1,13661
01075,AL,Lamar,DIABETES,16.7,13661
01075,AL,Lamar,OBESITY,40.8,13661
01075,AL,Lamar,STROKE,5.1,13661
01077,AL,Lauderdale,ARTHRITIS,30.5,96814
01077,AL,Lauderdale,BPHIGH,39.6,96814
01077,AL,Lauderdale,CANCER,9.1,96814
01077,AL,Lauderdale,CHD,7.4,96814
01077,AL,Lauderdale,COPD,8.2,96814
01077,AL,Lauderdale,DIABETES,12.9,96814
01077,AL,Lauderdale,OBESITY,35.6,96814
01077,AL,Lauderdale,STROKE,3.9,96814
01079,AL,Lawrence,ARTHRITIS,33.4,33502
01079,AL,Lawrence,BPHIGH,44.3,33502
01079,AL,Lawrence,CANCER,9.0,33502
01079,AL,Lawrence,CHD,8.4,33502
01079,AL,Lawrence,COPD,9.8,33502
01079,AL,Lawrence,DIABETES,15.5,33502
01079,AL,Lawrence,OBESITY,39.5,33502
01079,AL,Lawrence,STROKE,4.6,33502
01081,AL,Lee,ARTHRITIS,25.0,183215
01081,AL,Lee,BPHIGH,37.5,183215
01081,AL,Lee,CANCER,6.8,183215
01081,AL,Lee,CHD,5.8,183215
01081,AL,Lee,COPD,6.4,183215
01081,AL,Lee,DIABETES,12.5,183215
01081,AL,Lee,OBESITY,38.4,183215
01081,AL,Lee,STROKE,3.2,183215
01083,AL,Limestone,ARTHRITIS,29.0,114654
01083,AL,Limestone,BPHIGH,40.7,114654
01083,AL,Limestone,CANCER,8.3,114654
01083,AL,Limestone,CHD,6.4,114654
01083,AL,Limestone,COPD,6.9,114654
01083,AL,Limestone,DIABETES,12.5,114654
01083,AL,Limestone,OBESITY,39.6,114654
01083,AL,Limestone,STROKE,3.4,114654
01085,AL,Lowndes,ARTHRITIS,36.7,9717
01085,AL,Lowndes,BPHIGH,56.5,9717
01085,AL,Lowndes,CANCER,7.1,9717
01085,AL,Lowndes,CHD,10.4,9717
01085,AL,Lowndes,COPD,12.3,9717
01085,AL,Lowndes,DIABETES,24.1,9717
01085,AL,Lowndes,OBESITY,51.2,9717
01085,AL,Lowndes,STROKE,7.2,9717
01087,AL,Macon,ARTHRITIS,31.7,18370
01087,AL,Macon,BPHIGH,50.6,18370
01087,AL,Macon,CANCER,6.3,18370
01087,AL,Macon,CHD,8.2,18370
01087,AL,Macon,COPD,8.8,18370
01087,AL,Macon,DIABETES,20.0,18370
01087,AL,Macon,OBESITY,46.7,18370
01087,AL,Macon,STROKE,5.7,18370
01089,AL,Madison,ARTHRITIS,27.6,412600
01089,AL,Madison,BPHIGH,38.6,412600
01089,AL,Madison,CANCER,7.8,412600
01089,AL,Madison,CHD,5.8,412600
01089,AL,Madison,COPD,5.8,412600
01089,AL,Madison,DIABETES,12.1,412600
01089,AL,Madison,OBESITY,39.9,412600
01089,AL,Madison,STROKE,3.2,412600
01091,AL,Marengo,ARTHRITIS,35.0,18684
01091,AL,Marengo,BPHIGH,51.5,18684
01091,AL,Marengo,CANCER,8.0,18684
01091,AL,Marengo,CHD,9.0,18684
01091,AL,Marengo,COPD,9.9,18684
01091,AL,Marengo,DIABETES,19.8,18684
01091,AL,Marengo,OBESITY,43.1,18684
01091,AL,Marengo,STROKE,5.5,18684
01093,AL,Marion,ARTHRITIS,34.8,29244
01093,AL,Marion,BPHIGH,45.9,29244
01093,AL,Marion,CANCER,10.0,29244
01093,AL,Marion,CHD,9.4,29244
01093,AL,Marion,COPD,10.8,29244
01093,AL,Marion,DIABETES,15.5,29244
01093,AL,Marion,OBESITY,42.4,29244
01093,AL,Marion,STROKE,4.8,29244
01095,AL,Marshall,ARTHRITIS,30.8,100756
01095,AL,Marshall,BPHIGH,41.7,100756
01095,AL,Marshall,CANCER,9.0,100756
01095,AL,Marshall,CHD,7.8,100756
01095,AL,Marshall,COPD,9.0,100756
01095,AL,Marshall,DIABETES,14.5,100756
01095,AL,Marshall,OBESITY,37.6,100756
01095,AL,Marshall,STROKE,4.0,100756
01097,AL,Mobile,ARTHRITIS,29.0,411640
01097,AL,Mobile,BPHIGH,43.1,411640
01097,AL,Mobile,CANCER,7.7,411640
01097,AL,Mobile,CHD,7.3,411640
01097,AL,Mobile,COPD,7.9,411640
01097,AL,Mobile,DIABETES,16.1,411640
01097,AL,Mobile,OBESITY,39.0,411640
01097,AL,Mobile,STROKE,4.3,411640
01099,AL,Monroe,ARTHRITIS,35.7,19229
01099,AL,Monroe,BPHIGH,51.3,19229
01099,AL,Monroe,CANCER,8.4,19229
01099,AL,Monroe,CHD,9.7,19229
01099,AL,Monroe,COPD,11.2,19229
01099,AL,Monroe,DIABETES,19.7,19229
01099,AL,Monroe,OBESITY,43.8,19229
01099,AL,Monroe,STROKE,5.9,19229
01101,AL,Montgomery,ARTHRITIS,29.9,224980
01101,AL,Montgomery,BPHIGH,46.3,224980
01101,AL,Montgomery,CANCER,6.6,224980
01101,AL,Montgomery,CHD,6.9,224980
01101,AL,Montgomery,COPD,7.5,224980
01101,AL,Montgomery,DIABETES,16.4,224980
01101,AL,Montgomery,OBESITY,46.1,224980
01101,AL,Montgomery,STROKE,4.5,224980
01103,AL,Morgan,ARTHRITIS,31.5,125133
01103,AL,Morgan,BPHIGH,44.5,125133
01103,AL,Morgan,CANCER,8.8,125133
01103,AL,Morgan,CHD,7.7,125133
01103,AL,Morgan,COPD,8.5,125133
01103,AL,Morgan,DIABETES,14.7,125133
01103,AL,Morgan,OBESITY,38.6,125133
01103,AL,Morgan,STROKE,4.0,125133
01105,AL,Perry,ARTHRITIS,37.7,7738
01105,AL,Perry,BPHIGH,56.9,7738
01105,AL,Perry,CANCER,7.3,7738
01105,AL,Perry,CHD,10.9,7738
01105,AL,Perry,COPD,12.9,7738
01105,AL,Perry,DIABETES,24.6,7738
01105,AL,Perry,OBESITY,52.9,7738
01105,AL,Perry,STROKE,7.4,7738
01107,AL,Pickens,ARTHRITIS,32.8,18688
01107,AL,Pickens,BPHIGH,48.3,18688
01107,AL,Pickens,CANCER,7.8,18688
01107,AL,Pickens,CHD,8.7,18688
01107,AL,Pickens,COPD,10.0,18688
01107,AL,Pickens,DIABETES,18.0,18688
01107,AL,Pickens,OBESITY,48.0,18688
01107,AL,Pickens,STROKE,5.2,18688
01109,AL,Pike,ARTHRITIS,27.3,33137
01109,AL,Pike,BPHIGH,40.6,33137
01109,AL,Pike,CANCER,6.6,33137
01109,AL,Pike,CHD,6.8,33137
01109,AL,Pike,COPD,7.8,33137
01109,AL,Pike,DIABETES,14.1,33137
01109,AL,Pike,OBESITY,40.3,33137
01109,AL,Pike,STROKE,4.0,33137
01111,AL,Randolph,ARTHRITIS,33.8,22786
01111,AL,Randolph,BPHIGH,46.1,22786
01111,AL,Randolph,CANCER,9.4,22786
01111,AL,Randolph,CHD,8.7,22786
01111,AL,Randolph,COPD,9.7,22786
01111,AL,Randolph,DIABETES,16.1,22786
01111,AL,Randolph,OBESITY,37.8,22786
01111,AL,Randolph,STROKE,4.7,22786
01113,AL,Russell,ARTHRITIS,30.7,58744
01113,AL,Russell,BPHIGH,46.7,58744
01113,AL,Russell,CANCER,7.0,58744
01113,AL,Russell,CHD,7.5,58744
01113,AL,Russell,COPD,9.0,58744
01113,AL,Russell,DIABETES,17.3,58744
01113,AL,Russell,OBESITY,43.0,58744
01113,AL,Russell,STROKE,4.8,58744
01115,AL,St. Clair,ARTHRITIS,31.3,95552
01115,AL,St. Clair,BPHIGH,41.8,95552
01115,AL,St. Clair,CANCER,8.9,95552
01115,AL,St. Clair,CHD,7.1,95552
01115,AL,St. Clair,COPD,7.9,95552
01115,AL,St. Clair,DIABETES,13.0,95552
01115,AL,St. Clair,OBESITY,39.6,95552
01115,AL,St. Clair,STROKE,3.7,95552
01117,AL,Shelby,ARTHRITIS,27.5,233000
01117,AL,Shelby,BPHIGH,40.2,233000
01117,AL,Shelby,CANCER,8.9,233000
01117,AL,Shelby,CHD,5.7,233000
01117,AL,Shelby,COPD,5.5,233000
01117,AL,Shelby,DIABETES,11.2,233000
01117,AL,Shelby,OBESITY,31.7,233000
01117,AL,Shelby,STROKE,3.0,233000
01119,AL,Sumter,ARTHRITIS,32.0,11727
01119,AL,Sumter,BPHIGH,50.0,11727
01119,AL,Sumter,CANCER,6.4,11727
01119,AL,Sumter,CHD,8.5,11727
01119,AL,Sumter,COPD,9.3,11727
01119,AL,Sumter,DIABETES,19.7,11727
01119,AL,Sumter,OBESITY,47.2,11727
01119,AL,Sumter,STROKE,5.8,11727
01121,AL,Talladega,ARTHRITIS,32.2,81132
01121,AL,Talladega,BPHIGH,48.2,81132
01121,AL,Talladega,CANCER,8.3,81132
01121,AL,Talladega,CHD,8.3,81132
01121,AL,Talladega,COPD,9.4,81132
01121,AL,Talladega,DIABETES,17.2,81132
01121,AL,Talladega,OBESITY,45.6,81132
01121,AL,Talladega,STROKE,4.8,81132
01123,AL,Tallapoosa,ARTHRITIS,36.3,40677
01123,AL,Tallapoosa,BPHIGH,48.5,40677
01123,AL,Tallapoosa,CANCER,9.8,40677
01123,AL,Tallapoosa,CHD,9.0,40677
01123,AL,Tallapoosa,COPD,9.5,40677
01123,AL,Tallapoosa,DIABETES,16.8,40677
01123,AL,Tallapoosa,OBESITY,39.5,40677
01123,AL,Tallapoosa,STROKE,4.9,40677
01125,AL,Tuscaloosa,ARTHRITIS,25.5,237373
01125,AL,Tuscaloosa,BPHIGH,38.9,237373
01125,AL,Tuscaloosa,CANCER,6.6,237373
01125,AL,Tuscaloosa,CHD,5.8,237373
01125,AL,Tuscaloosa,COPD,6.6,237373
01125,AL,Tuscaloosa,DIABETES,12.0,237373
01125,AL,Tuscaloosa,OBESITY,41.0,237373
01125,AL,Tuscaloosa,STROKE,3.4,237373
01127,AL,Walker,ARTHRITIS,34.1,64728
01127,AL,Walker,BPHIGH,44.1,64728
01127,AL,Walker,CANCER,9.5,64728
01127,AL,Walker,CHD,8.6,64728
01127,AL,Walker,COPD,10.2,64728
01127,AL,Walker,DIABETES,15.1,64728
01127,AL,Walker,OBESITY,35.8,64728
01127,AL,Walker,STROKE,4.4,64728
01129,AL,Washington,ARTHRITIS,35.2,15022
01129,AL,Washington,BPHIGH,47.4,15022
01129,AL,Washington,CANCER,9.1,15022
01129,AL,Washington,CHD,8.7,15022
01129,AL,Washington,COPD,9.5,15022
01129,AL,Washington,DIABETES,17.0,15022
01129,AL,Washington,OBESITY,41.1,15022
01129,AL,Washington,STROKE,4.9,15022
01131,AL,Wilcox,ARTHRITIS,37.3,9944
01131,AL,Wilcox,BPHIGH,56.7,9944
01131,AL,Wilcox,CANCER,7.6,9944
01131,AL,Wilcox,CHD,10.8,9944
01131,AL,Wilcox,COPD,12.8,9944
01131,AL,Wilcox,DIABETES,23.8,9944
01131,AL,Wilcox,OBESITY,51.2,9944
01131,AL,Wilcox,STROKE,7.3,9944
01133,AL,Winston,ARTHRITIS,36.3,23611
01133,AL,Winston,BPHIGH,46.9,23611
01133,AL,Winston,CANCER,10.2,23611
01133,AL,Winston,CHD,9.9,23611
01133,AL,Winston,COPD,11.8,23611
01133,AL,Winston,DIABETES,16.5,23611
01133,AL,Winston,OBESITY,39.1,23611
01133,AL,Winston,STROKE,5.0,23611
02013,AK,Aleutians East,ARTHRITIS,17.2,3461
02013,AK,Aleutians East,BPHIGH,33.2,3461
02013,AK,Aleutians East,CANCER,3.9,3461
02013,AK,Aleutians East,CHD,5.5,3461
02013,AK,Aleutians East,COPD,5.0,3461
02013,AK,Aleutians East,DIABETES,12.8,3461
02013,AK,Aleutians East,OBESITY,30.7,3461
02013,AK,Aleutians East,STROKE,3.2,3461
02016,AK,Aleutians West,ARTHRITIS,15.7,5160
02016,AK,Aleutians West,BPHIGH,30.7,5160
02016,AK,Aleutians West,CANCER,3.8,5160
02016,AK,Aleutians West,CHD,4.5,5160
02016,AK,Aleutians West,COPD,4.3,5160
02016,AK,Aleutians West,DIABETES,10.8,5160
02016,AK,Aleutians West,OBESITY,31.9,5160
02016,AK,Aleutians West,STROKE,2.6,5160
02020,AK,Anchorage,ARTHRITIS,22.1,286075
02020,AK,Anchorage,BPHIGH,31.5,286075
02020,AK,Anchorage,CANCER,6.5,286075
02020,AK,Anchorage,CHD,5.1,286075
02020,AK,Anchorage,COPD,5.3,286075
02020,AK,Anchorage,DIABETES,8.9,286075
02020,AK,Anchorage,OBESITY,35.0,286075
02020,AK,Anchorage,STROKE,2.8,286075
02050,AK,Bethel,ARTHRITIS,23.4,18224
02050,AK,Bethel,BPHIGH,37.5,18224
02050,AK,Bethel,CANCER,5.0,18224
02050,AK,Bethel,CHD,7.7,18224
02050,AK,Bethel,COPD,9.9,18224
02050,AK,Bethel,DIABETES,13.8,18224
02050,AK,Bethel,OBESITY,39.1,18224
02050,AK,Bethel,STROKE,4.8,18224
02060,AK,Bristol Bay,ARTHRITIS,26.6,844
02060,AK,Bristol Bay,BPHIGH,36.3,844
02060,AK,Bristol Bay,CANCER,8.6,844
02060,AK,Bristol Bay,CHD,7.6,844
02060,AK,Bristol Bay,COPD,7.1,844
02060,AK,Bristol Bay,DIABETES,11.3,844
02060,AK,Bristol Bay,OBESITY,34.9,844
02060,AK,Bristol Bay,STROKE,4.1,844
02063,AK,Chugach,ARTHRITIS,24.4,6769
02063,AK,Chugach,BPHIGH,33.4,6769
02063,AK,Chugach,CANCER,8.0,6769
02063,AK,Chugach,CHD,6.2,6769
02063,AK,Chugach,COPD,6.3,6769
02063,AK,Chugach,DIABETES,9.6,6769
02063,AK,Chugach,OBESITY,31.1,6769
02063,AK,Chugach,STROKE,3.2,6769
02066,AK,Copper River,ARTHRITIS,28.4,2674
02066,AK,Copper River,BPHIGH,38.3,2674
02066,AK,Copper River,CANCER,9.2,2674
02066,AK,Copper River,CHD,8.0,2674
02066,AK,Copper River,COPD,8.0,2674
02066,AK,Copper River,DIABETES,11.4,2674
02066,AK,Copper River,OBESITY,33.6,2674
02066,AK,Copper River,STROKE,4.1,2674
02068,AK,Denali,ARTHRITIS,22.2,1584
02068,AK,Denali,BPHIGH,32.0,1584
02068,AK,Denali,CANCER,7.1,1584
02068,AK,Denali,CHD,5.6,1584
02068,AK,Denali,COPD,5.9,1584
02068,AK,Denali,DIABETES,8.6,1584
02068,AK,Denali,OBESITY,31.3,1584
02068,AK,Denali,STROKE,2.9,1584
02070,AK,Dillingham,ARTHRITIS,24.4,4607
02070,AK,Dillingham,BPHIGH,34.4,4607
02070,AK,Dillingham,CANCER,6.0,4607
02070,AK,Dillingham,CHD,7.4,4607
02070,AK,Dillingham,COPD,8.6,4607
02070,AK,Dillingham,DIABETES,13.0,4607
02070,AK,Dillingham,OBESITY,38.5,4607
02070,AK,Dillingham,STROKE,4.4,4607
02090,AK,Fairbanks North Star,ARTHRITIS,19.9,94840
02090,AK,Fairbanks North Star,BPHIGH,30.3,94840
02090,AK,Fairbanks North Star,CANCER,6.5,94840
02090,AK,Fairbanks North Star,CHD,4.8,94840
02090,AK,Fairbanks North Star,COPD,4.9,94840
02090,AK,Fairbanks North Star,DIABETES,7.9,94840
02090,AK,Fairbanks North Star,OBESITY,35.3,94840
02090,AK,Fairbanks North Star,STROKE,2.5,94840
02100,AK,Haines,ARTHRITIS,28.6,2070
02100,AK,Haines,BPHIGH,38.5,2070
02100,AK,Haines,CANCER,10.4,2070
02100,AK,Haines,CHD,7.6,2070
02100,AK,Haines,COPD,7.2,2070
02100,AK,Haines,DIABETES,10.8,2070
02100,AK,Haines,OBESITY,34.0,2070
02100,AK,Haines,STROKE,3.8,2070
02105,AK,Hoonah-Angoon,ARTHRITIS,31.6,2262
02105,AK,Hoonah-Angoon,BPHIGH,42.8,2262
02105,AK,Hoonah-Angoon,CANCER,9.8,2262
02105,AK,Hoonah-Angoon,CHD,9.6,2262
02105,AK,Hoonah-Angoon,COPD,9.4,2262
02105,AK,Hoonah-Angoon,DIABETES,14.8,2262
02105,AK,Hoonah-Angoon,OBESITY,37.1,2262
02105,AK,Hoonah-Angoon,STROKE,5.1,2262
02110,AK,Juneau,ARTHRITIS,24.2,31555
02110,AK,Juneau,BPHIGH,32.4,31555
02110,AK,Juneau,CANCER,7.7,31555
02110,AK,Juneau,CHD,5.7,31555
02110,AK,Juneau,COPD,5.9,31555
02110,AK,Juneau,DIABETES,8.9,31555
02110,AK,Juneau,OBESITY,35.0,31555
02110,AK,Juneau,STROKE,3.0,31555
02122,AK,Kenai Peninsula,ARTHRITIS,26.6,61223
02122,AK,Kenai Peninsula,BPHIGH,35.4,61223
02122,AK,Kenai Peninsula,CANCER,9.3,61223
02122,AK,Kenai Peninsula,CHD,7.0,61223
02122,AK,Kenai Peninsula,COPD,7.3,61223
02122,AK,Kenai Peninsula,DIABETES,9.8,61223
02122,AK,Kenai Peninsula,OBESITY,32.3,61223
02122,AK,Kenai Peninsula,STROKE,3.6,61223
02130,AK,Ketchikan Gateway,ARTHRITIS,25.2,13738
02130,AK,Ketchikan Gateway,BPHIGH,34.8,13738
02130,AK,Ketchikan Gateway,CANCER,8.2,13738
02130,AK,Ketchikan Gateway,CHD,6.4,13738
02130,AK,Ketchikan Gateway,COPD,6.6,13738
02130,AK,Ketchikan Gateway,DIABETES,10.1,13738
02130,AK,Ketchikan Gateway,OBESITY,37.7,13738
02130,AK,Ketchikan Gateway,STROKE,3.4,13738
02150,AK,Kodiak Island,ARTHRITIS,19.8,12565
02150,AK,Kodiak Island,BPHIGH,31.0,12565
02150,AK,Kodiak Island,CANCER,6.0,12565
02150,AK,Kodiak Island,CHD,5.4,12565
02150,AK,Kodiak Island,COPD,5.5,12565
02150,AK,Kodiak Island,DIABETES,9.8,12565
02150,AK,Kodiak Island,OBESITY,31.5,12565
02150,AK,Kodiak Island,STROKE,2.9,12565
02158,AK,Kusilvak,ARTHRITIS,25.6,8001
02158,AK,Kusilvak,BPHIGH,38.5,8001
02158,AK,Kusilvak,CANCER,4.8,8001
02158,AK,Kusilvak,CHD,8.5,8001
02158,AK,Kusilvak,COPD,11.6,8001
02158,AK,Kusilvak,DIABETES,16.5,8001
02158,AK,Kusilvak,OBESITY,46.5,8001
02158,AK,Kusilvak,STROKE,5.4,8001
02164,AK,Lake and Peninsula,ARTHRITIS,27.0,1331
02164,AK,Lake and Peninsula,BPHIGH,38.2,1331
02164,AK,Lake and Peninsula,CANCER,6.9,1331
02164,AK,Lake and Peninsula,CHD,8.2,1331
02164,AK,Lake and Peninsula,COPD,9.1,1331
02164,AK,Lake and Peninsula,DIABETES,14.6,1331
02164,AK,Lake and Peninsula,OBESITY,39.4,1331
02164,AK,Lake and Peninsula,STROKE,4.8,1331
02170,AK,Matanuska-Susitna,ARTHRITIS,26.2,115239
02170,AK,Matanuska-Susitna,BPHIGH,32.0,115239
02170,AK,Matanuska-Susitna,CANCER,7.5,115239
02170,AK,Matanuska-Susitna,CHD,6.0,115239
02170,AK,Matanuska-Susitna,COPD,6.7,115239
02170,AK,Matanuska-Susitna,DIABETES,9.0,115239
02170,AK,Matanuska-Susitna,OBESITY,37.5,115239
02170,AK,Matanuska-Susitna,STROKE,3.1,115239
02180,AK,Nome,ARTHRITIS,22.5,9763
02180,AK,Nome,BPHIGH,33.6,9763
02180,AK,Nome,CANCER,5.3,9763
02180,AK,Nome,CHD,7.1,9763
02180,AK,Nome,COPD,8.7,9763
02180,AK,Nome,DIABETES,13.0,9763
02180,AK,Nome,OBESITY,38.6,9763
02180,AK,Nome,STROKE,4.3,9763
02185,AK,North Slope,ARTHRITIS,20.2,10603
02185,AK,North Slope,BPHIGH,34.9,10603
02185,AK,North Slope,CANCER,5.5,10603
02185,AK,North Slope,CHD,5.8,10603
02185,AK,North Slope,COPD,6.0,10603
02185,AK,North Slope,DIABETES,10.8,10603
02185,AK,North Slope,OBESITY,42.3,10603
02185,AK,North Slope,STROKE,3.2,10603
02188,AK,Northwest Arctic,ARTHRITIS,24.0,7361
02188,AK,Northwest Arctic,BPHIGH,36.8,7361
02188,AK,Northwest Arctic,CANCER,5.5,7361
02188,AK,Northwest Arctic,CHD,7.5,7361
02188,AK,Northwest Arctic,COPD,8.8,7361
02188,AK,Northwest Arctic,DIABETES,14.1,7361
02188,AK,Northwest Arctic,OBESITY,40.6,7361
02188,AK,Northwest Arctic,STROKE,4.5,7361
02195,AK,Petersburg,ARTHRITIS,26.8,3427
02195,AK,Petersburg,BPHIGH,35.6,3427
02195,AK,Petersburg,CANCER,9.0,3427
02195,AK,Petersburg,CHD,7.1,3427
02195,AK,Petersburg,COPD,6.8,3427
02195,AK,Petersburg,DIABETES,10.5,3427
02195,AK,Petersburg,OBESITY,30.8,3427
02195,AK,Petersburg,STROKE,3.6,3427
02198,AK,Prince of Wales-Hyder,ARTHRITIS,30.2,5696
02198,AK,Prince of Wales-Hyder,BPHIGH,39.4,5696
02198,AK,Prince of Wales-Hyder,CANCER,8.5,5696
02198,AK,Prince of Wales-Hyder,CHD,8.9,5696
02198,AK,Prince of Wales-Hyder,COPD,9.4,5696
02198,AK,Prince of Wales-Hyder,DIABETES,14.0,5696
02198,AK,Prince of Wales-Hyder,OBESITY,38.4,5696
02198,AK,Prince of Wales-Hyder,STROKE,4.8,5696
02220,AK,Sitka,ARTHRITIS,24.1,8282
02220,AK,Sitka,BPHIGH,33.7,8282
02220,AK,Sitka,CANCER,8.1,8282
02220,AK,Sitka,CHD,6.1,8282
02220,AK,Sitka,COPD,6.0,8282
02220,AK,Sitka,DIABETES,9.9,8282
02220,AK,Sitka,OBESITY,29.8,8282
02220,AK,Sitka,STROKE,3.3,8282
02230,AK,Skagway,ARTHRITIS,24.6,1095
02230,AK,Skagway,BPHIGH,33.6,1095
02230,AK,Skagway,CANCER,8.4,1095
02230,AK,Skagway,CHD,6.1,1095
02230,AK,Skagway,COPD,6.3,1095
02230,AK,Skagway,DIABETES,9.1,1095
02230,AK,Skagway,OBESITY,36.2,1095
02230,AK,Skagway,STROKE,3.2,1095
02240,AK,Southeast Fairbanks,ARTHRITIS,25.2,7077
02240,AK,Southeast Fairbanks,BPHIGH,35.5,7077
02240,AK,Southeast Fairbanks,CANCER,7.7,7077
02240,AK,Southeast Fairbanks,CHD,7.0,7077
02240,AK,Southeast Fairbanks,COPD,7.5,7077
02240,AK,Southeast Fairbanks,DIABETES,10.2,7077
02240,AK,Southeast Fairbanks,OBESITY,35.7,7077
02240,AK,Southeast Fairbanks,STROKE,3.7,7077
02275,AK,Wrangell,ARTHRITIS,31.3,2064
02275,AK,Wrangell,BPHIGH,40.8,2064
02275,AK,Wrangell,CANCER,10.5,2064
02275,AK,Wrangell,CHD,9.4,2064
02275,AK,Wrangell,COPD,9.1,2064
02275,AK,Wrangell,DIABETES,12.9,2064
02275,AK,Wrangell,OBESITY,34.8,2064
02275,AK,Wrangell,STROKE,4.8,2064
02282,AK,Yakutat,ARTHRITIS,28.0,687
02282,AK,Yakutat,BPHIGH,40.5,687
02282,AK,Yakutat,CANCER,8.3,687
02282,AK,Yakutat,CHD,8.9,687
02282,AK,Yakutat,COPD,8.6,687
02282,AK,Yakutat,DIABETES,13.7,687
02282,AK,Yakutat,OBESITY,35.4,687
02282,AK,Yakutat,STROKE,4.8,687
02290,AK,Yukon-Koyukuk,ARTHRITIS,29.7,5129
02290,AK,Yukon-Koyukuk,BPHIGH,41.4,5129
02290,AK,Yukon-Koyukuk,CANCER,7.4,5129
02290,AK,Yukon-Koyukuk,CHD,9.7,5129
02290,AK,Yukon-Koyukuk,COPD,10.5,5129
02290,AK,Yukon-Koyukuk,DIABETES,16.5,5129
02290,AK,Yukon-Koyukuk,OBESITY,36.9,5129
02290,AK,Yukon-Koyukuk,STROKE,5.6,5129
04001,AZ,Apache,ARTHRITIS,28.2,65036
04001,AZ,Apache,BPHIGH,36.0,65036
04001,AZ,Apache,CANCER,7.8,65036
04001,AZ,Apache,CHD,9.3,65036
04001,AZ,Apache,COPD,11.9,65036
04001,AZ,Apache,DIABETES,17.5,65036
04001,AZ,Apache,OBESITY,35.8,65036
04001,AZ,Apache,STROKE,6.0,65036
04003,AZ,Cochise,ARTHRITIS,31.2,124640
04003,AZ,Cochise,BPHIGH,39.0,124640
04003,AZ,Cochise,CANCER,9.9,124640
04003,AZ,Cochise,CHD,8.3,124640
04003,AZ,Cochise,COPD,8.3,124640
04003,AZ,Cochise,DIABETES,13.7,124640
04003,AZ,Cochise,OBESITY,31.2,124640
04003,AZ,Cochise,STROKE,4.3,124640
04005,AZ,Coconino,ARTHRITIS,21.8,144472
04005,AZ,Coconino,BPHIGH,27.0,144472
04005,AZ,Coconino,CANCER,7.0,144472
04005,AZ,Coconino,CHD,5.4,144472
04005,AZ,Coconino,COPD,6.3,144472
04005,AZ,Coconino,DIABETES,9.3,144472
04005,AZ,Coconino,OBESITY,23.6,144472
04005,AZ,Coconino,STROKE,3.1,144472
04007,AZ,Gila,ARTHRITIS,35.2,54003
04007,AZ,Gila,BPHIGH,39.3,54003
04007,AZ,Gila,CANCER,11.7,54003
04007,AZ,Gila,CHD,9.8,54003
04007,AZ,Gila,COPD,10.6,54003
04007,AZ,Gila,DIABETES,15.0,54003
04007,AZ,Gila,OBESITY,31.4,54003
04007,AZ,Gila,STROKE,5.2,54003
04009,AZ,Graham,ARTHRITIS,23.3,39525
04009,AZ,Graham,BPHIGH,32.2,39525
04009,AZ,Graham,CANCER,7.2,39525
04009,AZ,Graham,CHD,6.4,39525
04009,AZ,Graham,COPD,7.4,39525
04009,AZ,Graham,DIABETES,11.4,39525
04009,AZ,Graham,OBESITY,36.0,39525
04009,AZ,Graham,STROKE,3.6,39525
04011,AZ,Greenlee,ARTHRITIS,22.5,9369
04011,AZ,Greenlee,BPHIGH,29.8,9369
04011,AZ,Greenlee,CANCER,6.8,9369
04011,AZ,Greenlee,CHD,5.3,9369
04011,AZ,Greenlee,COPD,5.4,9369
04011,AZ,Greenlee,DIABETES,10.6,9369
04011,AZ,Greenlee,OBESITY,33.1,9369
04011,AZ,Greenlee,STROKE,2.9,9369
04012,AZ,La Paz,ARTHRITIS,39.0,16710
04012,AZ,La Paz,BPHIGH,46.3,16710
04012,AZ,La Paz,CANCER,14.4,16710
04012,AZ,La Paz,CHD,13.3,16710
04012,AZ,La Paz,COPD,12.5,16710
04012,AZ,La Paz,DIABETES,17.5,16710
04012,AZ,La Paz,OBESITY,33.2,16710
04012,AZ,La Paz,STROKE,6.8,16710
04013,AZ,Maricopa,ARTHRITIS,23.5,4585871
04013,AZ,Maricopa,BPHIGH,30.8,4585871
04013,AZ,Maricopa,CANCER,8.3,4585871
04013,AZ,Maricopa,CHD,5.7,4585871
04013,AZ,Maricopa,COPD,5.7,4585871
04013,AZ,Maricopa,DIABETES,10.6,4585871
04013,AZ,Maricopa,OBESITY,30.4,4585871
04013,AZ,Maricopa,STROKE,3.0,4585871
04015,AZ,Mohave,ARTHRITIS,33.2,223682
04015,AZ,Mohave,BPHIGH,42.0,223682
04015,AZ,Mohave,CANCER,12.1,223682
04015,AZ,Mohave,CHD,10.0,223682
04015,AZ,Mohave,COPD,11.2,223682
04015,AZ,Mohave,DIABETES,14.2,223682
04015,AZ,Mohave,OBESITY,32.7,223682
04015,AZ,Mohave,STROKE,5.2,223682
04017,AZ,Navajo,ARTHRITIS,30.8,109175
04017,AZ,Navajo,BPHIGH,40.7,109175
04017,AZ,Navajo,CANCER,9.3,109175
04017,AZ,Navajo,CHD,8.9,109175
04017,AZ,Navajo,COPD,10.9,109175
04017,AZ,Navajo,DIABETES,15.1,109175
04017,AZ,Navajo,OBESITY,37.6,109175
04017,AZ,Navajo,STROKE,5.2,109175
04019,AZ,Pima,ARTHRITIS,25.8,1063162
04019,AZ,Pima,BPHIGH,34.1,1063162
04019,AZ,Pima,CANCER,9.2,1063162
04019,AZ,Pima,CHD,6.7,1063162
04019,AZ,Pima,COPD,6.8,1063162
04019,AZ,Pima,DIABETES,11.0,1063162
04019,AZ,Pima,OBESITY,31.1,1063162
04019,AZ,Pima,STROKE,3.6,1063162
04021,AZ,Pinal,ARTHRITIS,28.1,484239
04021,AZ,Pinal,BPHIGH,36.2,484239
04021,AZ,Pinal,CANCER,9.3,484239
04021,AZ,Pinal,CHD,6.9,484239
04021,AZ,Pinal,COPD,7.5,484239
04021,AZ,Pinal,DIABETES,12.9,484239
04021,AZ,Pinal,OBESITY,38.4,484239
04021,AZ,Pinal,STROKE,3.8,484239
04023,AZ,Santa Cruz,ARTHRITIS,24.0,49158
04023,AZ,Santa Cruz,BPHIGH,35.7,49158
04023,AZ,Santa Cruz,CANCER,7.0,49158
04023,AZ,Santa Cruz,CHD,7.5,49158
04023,AZ,Santa Cruz,COPD,6.8,49158
04023,AZ,Santa Cruz,DIABETES,15.5,49158
04023,AZ,Santa Cruz,OBESITY,34.2,49158
04023,AZ,Santa Cruz,STROKE,4.1,49158
04025,AZ,Yavapai,ARTHRITIS,33.6,249081
04025,AZ,Yavapai,BPHIGH,38.0,249081
04025,AZ,Yavapai,CANCER,13.0,249081
04025,AZ,Yavapai,CHD,8.8,249081
04025,AZ,Yavapai,COPD,9.2,249081
04025,AZ,Yavapai,DIABETES,12.1,249081
04025,AZ,Yavapai,OBESITY,27.0,249081
04025,AZ,Yavapai,STROKE,4.5,249081
04027,AZ,Yuma,ARTHRITIS,25.0,213221
04027,AZ,Yuma,BPHIGH,35.3,213221
04027,AZ,Yuma,CANCER,7.9,213221
04027,AZ,Yuma,CHD,7.9,213221
04027,AZ,Yuma,COPD,7.5,213221
04027,AZ,Yuma,DIABETES,14.5,213221
04027,AZ,Yuma,OBESITY,37.4,213221
04027,AZ,Yuma,STROKE,4.2,213221
05001,AR,Arkansas,ARTHRITIS,31.5,16307
05001,AR,Arkansas,BPHIGH,45.4,16307
05001,AR,Arkansas,CANCER,8.8,16307
05001,AR,Arkansas,CHD,8.6,16307
05001,AR,Arkansas,COPD,9.6,16307
05001,AR,Arkansas,DIABETES,15.2,16307
05001,AR,Arkansas,OBESITY,39.1,16307
05001,AR,Arkansas,STROKE,4.7,16307
05003,AR,Ashley,ARTHRITIS,35.3,18262
05003,AR,Ashley,BPHIGH,49.4,18262
05003,AR,Ashley,CANCER,9.0,18262
05003,AR,Ashley,CHD,10.2,18262
05003,AR,Ashley,COPD,11.9,18262
05003,AR,Ashley,DIABETES,18.3,18262
05003,AR,Ashley,OBESITY,45.1,18262
05003,AR,Ashley,STROKE,5.7,18262
05005,AR,Baxter,ARTHRITIS,36.9,42875
05005,AR,Baxter,BPHIGH,47.0,42875
05005,AR,Baxter,CANCER,12.0,42875
05005,AR,Baxter,CHD,11.1,42875
05005,AR,Baxter,COPD,11.5,42875
05005,AR,Baxter,DIABETES,15.0,42875
05005,AR,Baxter,OBESITY,37.7,42875
05005,AR,Baxter,STROKE,5.2,42875
05007,AR,Benton,ARTHRITIS,22.6,311013
05007,AR,Benton,BPHIGH,32.8,311013
05007,AR,Benton,CANCER,7.6,311013
05007,AR,Benton,CHD,5.6,311013
05007,AR,Benton,COPD,5.9,311013
05007,AR,Benton,DIABETES,10.3,311013
05007,AR,Benton,OBESITY,35.3,311013
05007,AR,Benton,STROKE,2.8,311013
05009,AR,Boone,ARTHRITIS,32.2,38530
05009,AR,Boone,BPHIGH,40.7,38530
05009,AR,Boone,CANCER,9.9,38530
05009,AR,Boone,CHD,8.5,38530
05009,AR,Boone,COPD,9.3,38530
05009,AR,Boone,DIABETES,13.1,38530
05009,AR,Boone,OBESITY,40.7,38530
05009,AR,Boone,STROKE,4.1,38530
05011,AR,Bradley,ARTHRITIS,32.9,10104
05011,AR,Bradley,BPHIGH,48.7,10104
05011,AR,Bradley,CANCER,8.1,10104
05011,AR,Bradley,CHD,9.4,10104
05011,AR,Bradley,COPD,10.7,10104
05011,AR,Bradley,DIABETES,17.6,10104
05011,AR,Bradley,OBESITY,42.5,10104
05011,AR,Bradley,STROKE,5.3,10104
05013,AR,Calhoun,ARTHRITIS,31.4,4641
05013,AR,Calhoun,BPHIGH,45.5,4641
05013,AR,Calhoun,CANCER,9.0,4641
05013,AR,Calhoun,CHD,8.5,4641
05013,AR,Calhoun,COPD,8.9,4641
05013,AR,Calhoun,DIABETES,14.6,4641
05013,AR,Calhoun,OBESITY,39.2,4641
05013,AR,Calhoun,STROKE,4.6,4641
05015,AR,Carroll,ARTHRITIS,32.9,28814
05015,AR,Carroll,BPHIGH,45.3,28814
05015,AR,Carroll,CANCER,10.1,28814
05015,AR,Carroll,CHD,9.7,28814
05015,AR,Carroll,COPD,10.4,28814
05015,AR,Carroll,DIABETES,15.0,28814
05015,AR,Carroll,OBESITY,37.6,28814
05015,AR,Carroll,STROKE,4.7,28814
05017,AR,Chicot,ARTHRITIS,34.1,9538
05017,AR,Chicot,BPHIGH,53.0,9538
05017,AR,Chicot,CANCER,7.8,9538
05017,AR,Chicot,CHD,10.3,9538
05017,AR,Chicot,COPD,11.5,9538
05017,AR,Chicot,DIABETES,20.5,9538
05017,AR,Chicot,OBESITY,47.1,9538
05017,AR,Chicot,STROKE,6.3,9538
05019,AR,Clark,ARTHRITIS,26.7,21274
05019,AR,Clark,BPHIGH,40.3,21274
05019,AR,Clark,CANCER,7.1,21274
05019,AR,Clark,CHD,7.2,21274
05019,AR,Clark,COPD,8.1,21274
05019,AR,Clark,DIABETES,12.9,21274
05019,AR,Clark,OBESITY,40.0,21274
05019,AR,Clark,STROKE,3.9,21274
05021,AR,Clay,ARTHRITIS,32.7,14201
05021,AR,Clay,BPHIGH,43.3,14201
05021,AR,Clay,CANCER,9.8,14201
05021,AR,Clay,CHD,9.3,14201
05021,AR,Clay,COPD,10.8,14201
05021,AR,Clay,DIABETES,14.1,14201
05021,AR,Clay,OBESITY,40.2,14201
05021,AR,Clay,STROKE,4.6,14201
05023,AR,Cleburne,ARTHRITIS,35.7,25445
05023,AR,Cleburne,BPHIGH,45.3,25445
05023,AR,Cleburne,CANCER,11.1,25445
05023,AR,Cleburne,CHD,10.3,25445
05023,AR,Cleburne,COPD,11.1,25445
05023,AR,Cleburne,DIABETES,15.1,25445
05023,AR,Cleburne,OBESITY,37.9,25445
05023,AR,Cleburne,STROKE,5.0,25445
05025,AR,Cleveland,ARTHRITIS,33.5,7378
05025,AR,Cleveland,BPHIGH,46.5,7378
05025,AR,Cleveland,CANCER,9.6,7378
05025,AR,Cleveland,CHD,9.3,7378
05025,AR,Cleveland,COPD,10.3,7378
05025,AR,Cleveland,DIABETES,15.0,7378
05025,AR,Cleveland,OBESITY,42.4,7378
05025,AR,Cleveland,STROKE,4.7,7378
05027,AR,Columbia,ARTHRITIS,28.6,22150
05027,AR,Columbia,BPHIGH,42.8,22150
05027,AR,Columbia,CANCER,7.3,22150
05027,AR,Columbia,CHD,7.9,22150
05027,AR,Columbia,COPD,8.8,22150
05027,AR,Columbia,DIABETES,14.4,22150
05027,AR,Columbia,OBESITY,37.7,22150
05027,AR,Columbia,STROKE,4.4,22150
05029,AR,Conway,ARTHRITIS,32.9,21077
05029,AR,Conway,BPHIGH,46.8,21077
05029,AR,Conway,CANCER,9.1,21077
05029,AR,Conway,CHD,9.4,21077
05029,AR,Conway,COPD,10.7,21077
05029,AR,Conway,DIABETES,15.6,21077
05029,AR,Conway,OBESITY,41.4,21077
05029,AR,Conway,STROKE,4.8,21077
05031,AR,Craighead,ARTHRITIS,27.6,113993
05031,AR,Craighead,BPHIGH,39.1,113993
05031,AR,Craighead,CANCER,7.5,113993
05031,AR,Craighead,CHD,6.7,113993
05031,AR,Craighead,COPD,7.9,113993
05031,AR,Craighead,DIABETES,11.6,113993
05031,AR,Craighead,OBESITY,39.1,113993
05031,AR,Craighead,STROKE,3.5,113993
05033,AR,Crawford,ARTHRITIS,29.8,61891
05033,AR,Crawford,BPHIGH,41.9,61891
05033,AR,Crawford,CANCER,8.8,61891
05033,AR,Crawford,CHD,8.1,61891
05033,AR,Crawford,COPD,9.2,61891
05033,AR,Crawford,DIABETES,13.0,61891
05033,AR,Crawford,OBESITY,38.8,61891
05033,AR,Crawford,STROKE,4.0,61891
05035,AR,Crittenden,ARTHRITIS,29.5,47139
05035,AR,Crittenden,BPHIGH,47.4,47139
05035,AR,Crittenden,CANCER,6.6,47139
05035,AR,Crittenden,CHD,7.9,47139
05035,AR,Crittenden,COPD,9.3,47139
05035,AR,Crittenden,DIABETES,16.5,47139
05035,AR,Crittenden,OBESITY,46.7,47139
05035,AR,Crittenden,STROKE,4.9,47139
05037,AR,Cross,ARTHRITIS,31.9,16420
05037,AR,Cross,BPHIGH,46.5,16420
05037,AR,Cross,CANCER,8.3,16420
05037,AR,Cross,CHD,9.1,16420
05037,AR,Cross,COPD,10.8,16420
05037,AR,Cross,DIABETES,16.1,16420
05037,AR,Cross,OBESITY,45.0,16420
05037,AR,Cross,STROKE,5.0,16420
05039,AR,Dallas,ARTHRITIS,33.5,6185
05039,AR,Dallas,BPHIGH,49.8,6185
05039,AR,Dallas,CANCER,8.9,6185
05039,AR,Dallas,CHD,9.2,6185
05039,AR,Dallas,COPD,9.5,6185
05039,AR,Dallas,DIABETES,17.1,6185
05039,AR,Dallas,OBESITY,41.9,6185
05039,AR,Dallas,STROKE,5.3,6185
05041,AR,Desha,ARTHRITIS,34.9,10479
05041,AR,Desha,BPHIGH,52.8,10479
05041,AR,Desha,CANCER,7.6,10479
05041,AR,Desha,CHD,10.8,10479
05041,AR,Desha,COPD,13.1,10479
05041,AR,Desha,DIABETES,21.2,10479
05041,AR,Desha,OBESITY,46.6,10479
05041,AR,Desha,STROKE,6.7,10479
05043,AR,Drew,ARTHRITIS,29.9,16945
05043,AR,Drew,BPHIGH,44.7,16945
05043,AR,Drew,CANCER,7.8,16945
05043,AR,Drew,CHD,8.5,16945
05043,AR,Drew,COPD,9.8,16945
05043,AR,Drew,DIABETES,15.2,16945
05043,AR,Drew,OBESITY,43.8,16945
05043,AR,Drew,STROKE,4.7,16945
05045,AR,Faulkner,ARTHRITIS,24.1,129951
05045,AR,Faulkner,BPHIGH,35.4,129951
05045,AR,Faulkner,CANCER,7.3,129951
05045,AR,Faulkner,CHD,6.0,129951
05045,AR,Faulkner,COPD,6.7,129951
05045,AR,Faulkner,DIABETES,10.8,129951
05045,AR,Faulkner,OBESITY,39.8,129951
05045,AR,Faulkner,STROKE,3.1,129951
05047,AR,Franklin,ARTHRITIS,33.6,17468
05047,AR,Franklin,BPHIGH,44.6,17468
05047,AR,Franklin,CANCER,9.6,17468
05047,AR,Franklin,CHD,9.5,17468
05047,AR,Franklin,COPD,11.2,17468
05047,AR,Franklin,DIABETES,14.6,17468
05047,AR,Franklin,OBESITY,39.8,17468
05047,AR,Franklin,STROKE,4.7,17468
05049,AR,Fulton,ARTHRITIS,37.1,12421
05049,AR,Fulton,BPHIGH,49.1,12421
05049,AR,Fulton,CANCER,10.9,12421
05049,AR,Fulton,CHD,11.5,12421
05049,AR,Fulton,COPD,13.2,12421
05049,AR,Fulton,DIABETES,17.1,12421
05049,AR,Fulton,OBESITY,39.6,12421
05049,AR,Fulton,STROKE,5.7,12421
05051,AR,Garland,ARTHRITIS,33.6,99784
05051,AR,Garland,BPHIGH,45.8,99784
05051,AR,Garland,CANCER,10.5,99784
05051,AR,Garland,CHD,9.3,99784
05051,AR,Garland,COPD,9.5,99784
05051,AR,Garland,DIABETES,14.8,99784
05051,AR,Garland,OBESITY,39.1,99784
05051,AR,Garland,STROKE,4.5,99784
05053,AR,Grant,ARTHRITIS,29.5,18383
05053,AR,Grant,BPHIGH,40.2,18383
05053,AR,Grant,CANCER,9.1,18383
05053,AR,Grant,CHD,7.5,18383
05053,AR,Grant,COPD,8.2,18383
05053,AR,Grant,DIABETES,12.0,18383
05053,AR,Grant,OBESITY,36.9,18383
05053,AR,Grant,STROKE,3.7,18383
05055,AR,Greene,ARTHRITIS,30.3,46743
05055,AR,Greene,BPHIGH,42.5,46743
05055,AR,Greene,CANCER,8.5,46743
05055,AR,Greene,CHD,8.0,46743
05055,AR,Greene,COPD,9.7,46743
05055,AR,Greene,DIABETES,12.5,46743
05055,AR,Greene,OBESITY,42.3,46743
05055,AR,Greene,STROKE,4.0,46743
05057,AR,Hempstead,ARTHRITIS,30.9,19343
05057,AR,Hempstead,BPHIGH,46.2,19343
05057,AR,Hempstead,CANCER,8.1,19343
05057,AR,Hempstead,CHD,8.9,19343
05057,AR,Hempstead,COPD,9.8,19343
05057,AR,Hempstead,DIABETES,16.6,19343
05057,AR,Hempstead,OBESITY,45.6,19343
05057,AR,Hempstead,STROKE,5.0,19343
05059,AR,Hot Spring,ARTHRITIS,29.6,33258
05059,AR,Hot Spring,BPHIGH,43.3,33258
05059,AR,Hot Spring,CANCER,8.7,33258
05059,AR,Hot Spring,CHD,8.5,33258
05059,AR,Hot Spring,COPD,9.8,33258
05059,AR,Hot Spring,DIABETES,13.9,33258
05059,AR,Hot Spring,OBESITY,37.1,33258
05059,AR,Hot Spring,STROKE,4.4,33258
05061,AR,Howard,ARTHRITIS,31.2,12533
05061,AR,Howard,BPHIGH,44.3,12533
05061,AR,Howard,CANCER,8.4,12533
05061,AR,Howard,CHD,8.6,12533
05061,AR,Howard,COPD,9.5,12533
05061,AR,Howard,DIABETES,15.2,12533
05061,AR,Howard,OBESITY,39.4,12533
05061,AR,Howard,STROKE,4.6,12533
05063,AR,Independence,ARTHRITIS,30.4,38320
05063,AR,Independence,BPHIGH,41.3,38320
05063,AR,Independence,CANCER,8.8,38320
05063,AR,Independence,CHD,8.4,38320
05063,AR,Independence,COPD,9.7,38320
05063,AR,Independence,DIABETES,13.4,38320
05063,AR,Independence,OBESITY,41.6,38320
05063,AR,Independence,STROKE,4.2,38320
05065,AR,Izard,ARTHRITIS,35.5,14169
05065,AR,Izard,BPHIGH,47.6,14169
05065,AR,Izard,CANCER,10.5,14169
05065,AR,Izard,CHD,10.9,14169
05065,AR,Izard,COPD,12.2,14169
05065,AR,Izard,DIABETES,15.9,14169
05065,AR,Izard,OBESITY,41.2,14169
05065,AR,Izard,STROKE,5.3,14169
05067,AR,Jackson,ARTHRITIS,30.8,16784
05067,AR,Jackson,BPHIGH,44.4,16784
05067,AR,Jackson,CANCER,7.9,16784
05067,AR,Jackson,CHD,8.9,16784
05067,AR,Jackson,COPD,11.1,16784
05067,AR,Jackson,DIABETES,15.4,16784
05067,AR,Jackson,OBESITY,43.9,16784
05067,AR,Jackson,STROKE,4.8,16784
05069,AR,Jefferson,ARTHRITIS,30.6,63661
05069,AR,Jefferson,BPHIGH,50.9,63661
05069,AR,Jefferson,CANCER,7.0,63661
05069,AR,Jefferson,CHD,8.3,63661
05069,AR,Jefferson,COPD,9.3,63661
05069,AR,Jefferson,DIABETES,17.6,63661
05069,AR,Jefferson,OBESITY,45.9,63661
05069,AR,Jefferson,STROKE,5.2,63661
05071,AR,Johnson,ARTHRITIS,30.0,26129
05071,AR,Johnson,BPHIGH,42.5,26129
05071,AR,Johnson,CANCER,8.5,26129
05071,AR,Johnson,CHD,8.9,26129
05071,AR,Johnson,COPD,10.3,26129
05071,AR,Johnson,DIABETES,14.6,26129
05071,AR,Johnson,OBESITY,37.4,26129
05071,AR,Johnson,STROKE,4.4,26129
05073,AR,Lafayette,ARTHRITIS,36.9,6095
05073,AR,Lafayette,BPHIGH,52.6,6095
05073,AR,Lafayette,CANCER,9.1,6095
05073,AR,Lafayette,CHD,11.8,6095
05073,AR,Lafayette,COPD,13.6,6095
05073,AR,Lafayette,DIABETES,20.6,6095
05073,AR,Lafayette,OBESITY,46.0,6095
05073,AR,Lafayette,STROKE,6.7,6095
05075,AR,Lawrence,ARTHRITIS,32.0,16318
05075,AR,Lawrence,BPHIGH,43.7,16318
05075,AR,Lawrence,CANCER,9.3,16318
05075,AR,Lawrence,CHD,9.3,16318
05075,AR,Lawrence,COPD,11.3,16318
05075,AR,Lawrence,DIABETES,14.4,16318
05075,AR,Lawrence,OBESITY,43.7,16318
05075,AR,Lawrence,STROKE,4.7,16318
05077,AR,Lee,ARTHRITIS,32.1,8201
05077,AR,Lee,BPHIGH,51.7,8201
05077,AR,Lee,CANCER,6.9,8201
05077,AR,Lee,CHD,10.1,8201
05077,AR,Lee,COPD,11.7,8201
05077,AR,Lee,DIABETES,19.7,8201
05077,AR,Lee,OBESITY,46.9,8201
05077,AR,Lee,STROKE,6.3,8201
05079,AR,Lincoln,ARTHRITIS,26.2,12898
05079,AR,Lincoln,BPHIGH,43.2,12898
05079,AR,Lincoln,CANCER,6.6,12898
05079,AR,Lincoln,CHD,7.6,12898
05079,AR,Lincoln,COPD,8.8,12898
05079,AR,Lincoln,DIABETES,13.8,12898
05079,AR,Lincoln,OBESITY,42.6,12898
05079,AR,Lincoln,STROKE,4.2,12898
05081,AR,Little River,ARTHRITIS,33.0,11805
05081,AR,Little River,BPHIGH,46.3,11805
05081,AR,Little River,CANCER,9.2,11805
05081,AR,Little River,CHD,9.2,11805
05081,AR,Little River,COPD,10.2,11805
05081,AR,Little River,DIABETES,15.7,11805
05081,AR,Little River,OBESITY,41.3,11805
05081,AR,Little River,STROKE,4.9,11805
05083,AR,Logan,ARTHRITIS,33.0,21400
05083,AR,Logan,BPHIGH,44.9,21400
05083,AR,Logan,CANCER,9.6,21400
05083,AR,Logan,CHD,9.0,21400
05083,AR,Logan,COPD,10.4,21400
05083,AR,Logan,DIABETES,14.4,21400
05083,AR,Logan,OBESITY,38.1,21400
05083,AR,Logan,STROKE,4.5,21400
05085,AR,Lonoke,ARTHRITIS,27.6,75944
05085,AR,Lonoke,BPHIGH,39.0,75944
05085,AR,Lonoke,CANCER,8.1,75944
05085,AR,Lonoke,CHD,6.5,75944
05085,AR,Lonoke,COPD,7.5,75944
05085,AR,Lonoke,DIABETES,11.3,75944
05085,AR,Lonoke,OBESITY,36.1,75944
05085,AR,Lonoke,STROKE,3.3,75944
05087,AR,Madison,ARTHRITIS,32.4,17775
05087,AR,Madison,BPHIGH,44.1,17775
05087,AR,Madison,CANCER,9.2,17775
05087,AR,Madison,CHD,9.0,17775
05087,AR,Madison,COPD,10.5,17775
05087,AR,Madison,DIABETES,13.9,17775
05087,AR,Madison,OBESITY,40.8,17775
05087,AR,Madison,STROKE,4.4,17775
05089,AR,Marion,ARTHRITIS,37.4,17514
05089,AR,Marion,BPHIGH,46.3,17514
05089,AR,Marion,CANCER,11.6,17514
05089,AR,Marion,CHD,11.3,17514
05089,AR,Marion,COPD,12.1,17514
05089,AR,Marion,DIABETES,16.4,17514
05089,AR,Marion,OBESITY,37.9,17514
05089,AR,Marion,STROKE,5.4,17514
05091,AR,Miller,ARTHRITIS,30.4,42415
05091,AR,Miller,BPHIGH,44.8,42415
05091,AR,Miller,CANCER,7.9,42415
05091,AR,Miller,CHD,8.5,42415
05091,AR,Miller,COPD,10.1,42415
05091,AR,Miller,DIABETES,15.3,42415
05091,AR,Miller,OBESITY,38.1,42415
05091,AR,Miller,STROKE,4.7,42415
05093,AR,Mississippi,ARTHRITIS,29.8,38663
05093,AR,Mississippi,BPHIGH,46.4,38663
05093,AR,Mississippi,CANCER,7.3,38663
05093,AR,Mississippi,CHD,8.1,38663
05093,AR,Mississippi,COPD,9.6,38663
05093,AR,Mississippi,DIABETES,15.2,38663
05093,AR,Mississippi,OBESITY,46.6,38663
05093,AR,Mississippi,STROKE,4.6,38663
05095,AR,Monroe,ARTHRITIS,35.0,6512
05095,AR,Monroe,BPHIGH,52.3,6512
05095,AR,Monroe,CANCER,8.9,6512
05095,AR,Monroe,CHD,10.4,6512
05095,AR,Monroe,COPD,11.5,6512
05095,AR,Monroe,DIABETES,19.1,6512
05095,AR,Monroe,OBESITY,43.5,6512
05095,AR,Monroe,STROKE,6.1,6512
05097,AR,Montgomery,ARTHRITIS,36.2,8620
05097,AR,Montgomery,BPHIGH,47.8,8620
05097,AR,Montgomery,CANCER,11.3,8620
05097,AR,Montgomery,CHD,11.1,8620
05097,AR,Montgomery,COPD,12.0,8620
05097,AR,Montgomery,DIABETES,16.4,8620
05097,AR,Montgomery,OBESITY,40.9,8620
05097,AR,Montgomery,STROKE,5.4,8620
05099,AR,Nevada,ARTHRITIS,35.3,8120
05099,AR,Nevada,BPHIGH,51.0,8120
05099,AR,Nevada,CANCER,8.7,8120
05099,AR,Nevada,CHD,10.3,8120
05099,AR,Nevada,COPD,11.8,8120
05099,AR,Nevada,DIABETES,18.3,8120
05099,AR,Nevada,OBESITY,44.0,8120
05099,AR,Nevada,STROKE,5.9,8120
05101,AR,Newton,ARTHRITIS,35.2,7071
05101,AR,Newton,BPHIGH,47.4,7071
05101,AR,Newton,CANCER,11.1,7071
05101,AR,Newton,CHD,10.4,7071
05101,AR,Newton,COPD,11.3,7071
05101,AR,Newton,DIABETES,15.3,7071
05101,AR,Newton,OBESITY,38.6,7071
05101,AR,Newton,STROKE,5.0,7071
05103,AR,Ouachita,ARTHRITIS,32.4,21793
05103,AR,Ouachita,BPHIGH,49.5,21793
05103,AR,Ouachita,CANCER,8.3,21793
05103,AR,Ouachita,CHD,9.3,21793
05103,AR,Ouachita,COPD,10.3,21793
05103,AR,Ouachita,DIABETES,17.7,21793
05103,AR,Ouachita,OBESITY,43.5,21793
05103,AR,Ouachita,STROKE,5.4,21793
05105,AR,Perry,ARTHRITIS,32.1,10184
05105,AR,Perry,BPHIGH,43.8,10184
05105,AR,Perry,CANCER,9.8,10184
05105,AR,Perry,CHD,9.1,10184
05105,AR,Perry,COPD,10.2,10184
05105,AR,Perry,DIABETES,14.1,10184
05105,AR,Perry,OBESITY,38.9,10184
05105,AR,Perry,STROKE,4.5,10184
05107,AR,Phillips,ARTHRITIS,36.2,14961
05107,AR,Phillips,BPHIGH,55.6,14961
05107,AR,Phillips,CANCER,7.5,14961
05107,AR,Phillips,CHD,10.7,14961
05107,AR,Phillips,COPD,12.4,14961
05107,AR,Phillips,DIABETES,21.7,14961
05107,AR,Phillips,OBESITY,48.4,14961
05107,AR,Phillips,STROKE,6.9,14961
05109,AR,Pike,ARTHRITIS,32.5,10208
05109,AR,Pike,BPHIGH,44.3,10208
05109,AR,Pike,CANCER,9.6,10208
05109,AR,Pike,CHD,9.1,10208
05109,AR,Pike,COPD,10.2,10208
05109,AR,Pike,DIABETES,14.4,10208
05109,AR,Pike,OBESITY,38.3,10208
05109,AR,Pike,STROKE,4.5,10208
05111,AR,Poinsett,ARTHRITIS,31.7,22397
05111,AR,Poinsett,BPHIGH,43.0,22397
05111,AR,Poinsett,CANCER,8.8,22397
05111,AR,Poinsett,CHD,9.1,22397
05111,AR,Poinsett,COPD,11.3,22397
05111,AR,Poinsett,DIABETES,14.6,22397
05111,AR,Poinsett,OBESITY,41.4,22397
05111,AR,Poinsett,STROKE,4.7,22397
05113,AR,Polk,ARTHRITIS,33.0,19436
05113,AR,Polk,BPHIGH,44.8,19436
05113,AR,Polk,CANCER,10.2,19436
05113,AR,Polk,CHD,10.1,19436
05113,AR,Polk,COPD,11.4,19436
05113,AR,Polk,DIABETES,15.5,19436
05113,AR,Polk,OBESITY,40.0,19436
05113,AR,Polk,STROKE,4.9,19436
05115,AR,Pope,ARTHRITIS,29.8,64593
05115,AR,Pope,BPHIGH,38.7,64593
05115,AR,Pope,CANCER,8.4,64593
05115,AR,Pope,CHD,7.7,64593
05115,AR,Pope,COPD,9.1,64593
05115,AR,Pope,DIABETES,12.7,64593
05115,AR,Pope,OBESITY,44.6,64593
05115,AR,Pope,STROKE,3.9,64593
05117,AR,Prairie,ARTHRITIS,34.0,8036
05117,AR,Prairie,BPHIGH,46.7,8036
05117,AR,Prairie,CANCER,10.0,8036
05117,AR,Prairie,CHD,9.6,8036
05117,AR,Prairie,COPD,10.4,8036
05117,AR,Prairie,DIABETES,15.1,8036
05117,AR,Prairie,OBESITY,40.3,8036
05117,AR,Prairie,STROKE,4.8,8036
05119,AR,Pulaski,ARTHRITIS,26.8,400009
05119,AR,Pulaski,BPHIGH,42.2,400009
05119,AR,Pulaski,CANCER,7.5,400009
05119,AR,Pulaski,CHD,6.7,400009
05119,AR,Pulaski,COPD,7.2,400009
05119,AR,Pulaski,DIABETES,12.9,400009
05119,AR,Pulaski,OBESITY,40.5,400009
05119,AR,Pulaski,STROKE,3.9,400009
05121,AR,Randolph,ARTHRITIS,32.7,18907
05121,AR,Randolph,BPHIGH,43.6,18907
05121,AR,Randolph,CANCER,9.3,18907
05121,AR,Randolph,CHD,9.4,18907
05121,AR,Randolph,COPD,11.2,18907
05121,AR,Randolph,DIABETES,14.7,18907
05121,AR,Randolph,OBESITY,41.4,18907
05121,AR,Randolph,STROKE,4.7,18907
05123,AR,St. Francis,ARTHRITIS,30.6,22101
05123,AR,St. Francis,BPHIGH,50.1,22101
05123,AR,St. Francis,CANCER,6.9,22101
05123,AR,St. Francis,CHD,9.3,22101
05123,AR,St. Francis,COPD,10.9,22101
05123,AR,St. Francis,DIABETES,18.9,22101
05123,AR,St. Francis,OBESITY,48.2,22101
05123,AR,St. Francis,STROKE,5.7,22101
05125,AR,Saline,ARTHRITIS,27.7,129574
05125,AR,Saline,BPHIGH,40.0,129574
05125,AR,Saline,CANCER,9.0,129574
05125,AR,Saline,CHD,7.1,129574
05125,AR,Saline,COPD,7.2,129574
05125,AR,Saline,DIABETES,11.3,129574
05125,AR,Saline,OBESITY,34.5,129574
05125,AR,Saline,STROKE,3.5,129574
05127,AR,Scott,ARTHRITIS,32.6,9851
05127,AR,Scott,BPHIGH,44.1,9851
05127,AR,Scott,CANCER,9.5,9851
05127,AR,Scott,CHD,9.5,9851
05127,AR,Scott,COPD,10.6,9851
05127,AR,Scott,DIABETES,14.8,9851
05127,AR,Scott,OBESITY,37.0,9851
05127,AR,Scott,STROKE,4.7,9851
05129,AR,Searcy,ARTHRITIS,37.7,7806
05129,AR,Searcy,BPHIGH,49.3,7806
05129,AR,Searcy,CANCER,10.9,7806
05129,AR,Searcy,CHD,11.9,7806
05129,AR,Searcy,COPD,13.7,7806
05129,AR,Searcy,DIABETES,17.6,7806
05129,AR,Searcy,OBESITY,39.9,7806
05129,AR,Searcy,STROKE,5.8,7806
05131,AR,Sebastian,ARTHRITIS,27.8,129098
05131,AR,Sebastian,BPHIGH,40.7,129098
05131,AR,Sebastian,CANCER,8.0,129098
05131,AR,Sebastian,CHD,7.7,129098
05131,AR,Sebastian,COPD,8.5,129098
05131,AR,Sebastian,DIABETES,13.1,129098
05131,AR,Sebastian,OBESITY,36.2,129098
05131,AR,Sebastian,STROKE,3.9,129098
05133,AR,Sevier,ARTHRITIS,28.5,15632
05133,AR,Sevier,BPHIGH,40.2,15632
05133,AR,Sevier,CANCER,7.2,15632
05133,AR,Sevier,CHD,8.6,15632
05133,AR,Sevier,COPD,9.9,15632
05133,AR,Sevier,DIABETES,15.2,15632
05133,AR,Sevier,OBESITY,41.4,15632
05133,AR,Sevier,STROKE,4.4,15632
05135,AR,Sharp,ARTHRITIS,36.5,17968
05135,AR,Sharp,BPHIGH,46.7,17968
05135,AR,Sharp,CANCER,10.7,17968
05135,AR,Sharp,CHD,10.8,17968
05135,AR,Sharp,COPD,12.3,17968
05135,AR,Sharp,DIABETES,16.2,17968
05135,AR,Sharp,OBESITY,39.4,17968
05135,AR,Sharp,STROKE,5.3,17968
05137,AR,Stone,ARTHRITIS,37.2,12671
05137,AR,Stone,BPHIGH,47.9,12671
05137,AR,Stone,CANCER,11.6,12671
05137,AR,Stone,CHD,11.8,12671
05137,AR,Stone,COPD,13.2,12671
05137,AR,Stone,DIABETES,17.0,12671
05137,AR,Stone,OBESITY,39.8,12671
05137,AR,Stone,STROKE,5.7,12671
05139,AR,Union,ARTHRITIS,31.0,37397
05139,AR,Union,BPHIGH,46.4,37397
05139,AR,Union,CANCER,8.2,37397
05139,AR,Union,CHD,8.7,37397
05139,AR,Union,COPD,9.6,37397
05139,AR,Union,DIABETES,16.0,37397
05139,AR,Union,OBESITY,39.4,37397
05139,AR,Union,STROKE,4.9,37397
05141,AR,Van Buren,ARTHRITIS,35.8,16142
05141,AR,Van Buren,BPHIGH,47.4,16142
05141,AR,Van Buren,CANCER,10.9,16142
05141,AR,Van Buren,CHD,11.1,16142
05141,AR,Van Buren,COPD,12.6,16142
05141,AR,Van Buren,DIABETES,16.2,16142
05141,AR,Van Buren,OBESITY,39.6,16142
05141,AR,Van Buren,STROKE,5.4,16142
05143,AR,Washington,ARTHRITIS,21.7,261549
05143,AR,Washington,BPHIGH,34.6,261549
05143,AR,Washington,CANCER,6.4,261549
05143,AR,Washington,CHD,5.8,261549
05143,AR,Washington,COPD,6.5,261549
05143,AR,Washington,DIABETES,10.1,261549
05143,AR,Washington,OBESITY,35.4,261549
05143,AR,Washington,STROKE,2.9,261549
05145,AR,White,ARTHRITIS,30.1,78452
05145,AR,White,BPHIGH,40.4,78452
05145,AR,White,CANCER,8.4,78452
05145,AR,White,CHD,7.9,78452
05145,AR,White,COPD,9.3,78452
05145,AR,White,DIABETES,12.6,78452
05145,AR,White,OBESITY,39.7,78452
05145,AR,White,STROKE,4.0,78452
05147,AR,Woodruff,ARTHRITIS,35.5,5964
05147,AR,Woodruff,BPHIGH,49.8,5964
05147,AR,Woodruff,CANCER,9.4,5964
05147,AR,Woodruff,CHD,10.7,5964
05147,AR,Woodruff,COPD,12.3,5964
05147,AR,Woodruff,DIABETES,18.3,5964
05147,AR,Woodruff,OBESITY,39.2,5964
05147,AR,Woodruff,STROKE,6.0,5964
05149,AR,Yell,ARTHRITIS,30.4,20044
05149,AR,Yell,BPHIGH,43.5,20044
05149,AR,Yell,CANCER,8.6,20044
05149,AR,Yell,CHD,8.7,20044
05149,AR,Yell,COPD,9.9,20044
05149,AR,Yell,DIABETES,14.7,20044
05149,AR,Yell,OBESITY,42.0,20044
05149,AR,Yell,STROKE,4.3,20044
06001,CA,Alameda,ARTHRITIS,19.3,1622188
06001,CA,Alameda,BPHIGH,28.5,1622188
06001,CA,Alameda,CANCER,5.9,1622188
06001,CA,Alameda,CHD,4.8,1622188
06001,CA,Alameda,COPD,4.1,1622188
06001,CA,Alameda,DIABETES,11.0,1622188
06001,CA,Alameda,OBESITY,22.8,1622188
06001,CA,Alameda,STROKE,2.8,1622188
06003,CA,Alpine,ARTHRITIS,27.9,1141
06003,CA,Alpine,BPHIGH,35.7,1141
06003,CA,Alpine,CANCER,10.6,1141
06003,CA,Alpine,CHD,7.5,1141
06003,CA,Alpine,COPD,6.4,1141
06003,CA,Alpine,DIABETES,11.6,1141
06003,CA,Alpine,OBESITY,28.4,1141
06003,CA,Alpine,STROKE,3.8,1141
06005,CA,Amador,ARTHRITIS,27.7,41811
06005,CA,Amador,BPHIGH,37.6,41811
06005,CA,Amador,CANCER,10.6,41811
06005,CA,Amador,CHD,7.8,41811
06005,CA,Amador,COPD,7.1,41811
06005,CA,Amador,DIABETES,11.8,41811
06005,CA,Amador,OBESITY,29.6,41811
06005,CA,Amador,STROKE,4.0,41811
06007,CA,Butte,ARTHRITIS,23.8,207172
06007,CA,Butte,BPHIGH,32.2,207172
06007,CA,Butte,CANCER,8.1,207172
06007,CA,Butte,CHD,6.5,207172
06007,CA,Butte,COPD,6.8,207172
06007,CA,Butte,DIABETES,10.7,207172
06007,CA,Butte,OBESITY,29.3,207172
06007,CA,Butte,STROKE,3.5,207172
06009,CA,Calaveras,ARTHRITIS,31.1,46565
06009,CA,Calaveras,BPHIGH,37.8,46565
06009,CA,Calaveras,CANCER,11.2,46565
06009,CA,Calaveras,CHD,8.7,46565
06009,CA,Calaveras,COPD,8.4,46565
06009,CA,Calaveras,DIABETES,13.2,46565
06009,CA,Calaveras,OBESITY,29.8,46565
06009,CA,Calaveras,STROKE,4.5,46565
06011,CA,Colusa,ARTHRITIS,22.6,22037
06011,CA,Colusa,BPHIGH,32.0,22037
06011,CA,Colusa,CANCER,6.6,22037
06011,CA,Colusa,CHD,6.8,22037
06011,CA,Colusa,COPD,6.4,22037
06011,CA,Colusa,DIABETES,13.4,22037
06011,CA,Colusa,OBESITY,35.0,22037
06011,CA,Colusa,STROKE,3.7,22037
06013,CA,Contra Costa,ARTHRITIS,21.8,1155025
06013,CA,Contra Costa,BPHIGH,31.2,1155025
06013,CA,Contra Costa,CANCER,7.0,1155025
06013,CA,Contra Costa,CHD,5.5,1155025
06013,CA,Contra Costa,COPD,4.7,1155025
06013,CA,Contra Costa,DIABETES,11.3,1155025
06013,CA,Contra Costa,OBESITY,28.0,1155025
06013,CA,Contra Costa,STROKE,3.0,1155025
06015,CA,Del Norte,ARTHRITIS,27.1,26589
06015,CA,Del Norte,BPHIGH,36.0,26589
06015,CA,Del Norte,CANCER,9.0,26589
06015,CA,Del Norte,CHD,7.7,26589
06015,CA,Del Norte,COPD,8.1,26589
06015,CA,Del Norte,DIABETES,12.5,26589
06015,CA,Del Norte,OBESITY,31.0,26589
06015,CA,Del Norte,STROKE,4.1,26589
06017,CA,El Dorado,ARTHRITIS,27.0,192215
06017,CA,El Dorado,BPHIGH,33.6,192215
06017,CA,El Dorado,CANCER,10.2,192215
06017,CA,El Dorado,CHD,6.8,192215
06017,CA,El Dorado,COPD,6.0,192215
06017,CA,El Dorado,DIABETES,10.8,192215
06017,CA,El Dorado,OBESITY,27.7,192215
06017,CA,El Dorado,STROKE,3.4,192215
06019,CA,Fresno,ARTHRITIS,21.7,1017162
06019,CA,Fresno,BPHIGH,31.7,1017162
06019,CA,Fresno,CANCER,5.7,1017162
06019,CA,Fresno,CHD,6.2,1017162
06019,CA,Fresno,COPD,6.0,1017162
06019,CA,Fresno,DIABETES,12.7,1017162
06019,CA,Fresno,OBESITY,37.7,1017162
06019,CA,Fresno,STROKE,3.4,1017162
06021,CA,Glenn,ARTHRITIS,24.0,28129
06021,CA,Glenn,BPHIGH,32.7,28129
06021,CA,Glenn,CANCER,7.5,28129
06021,CA,Glenn,CHD,7.0,28129
06021,CA,Glenn,COPD,7.1,28129
06021,CA,Glenn,DIABETES,12.6,28129
06021,CA,Glenn,OBESITY,32.1,28129
06021,CA,Glenn,STROKE,3.8,28129
06023,CA,Humboldt,ARTHRITIS,25.9,133985
06023,CA,Humboldt,BPHIGH,32.9,133985
06023,CA,Humboldt,CANCER,8.6,133985
06023,CA,Humboldt,CHD,7.1,133985
06023,CA,Humboldt,COPD,7.6,133985
06023,CA,Humboldt,DIABETES,11.4,133985
06023,CA,Humboldt,OBESITY,31.3,133985
06023,CA,Humboldt,STROKE,3.7,133985
06025,CA,Imperial,ARTHRITIS,20.7,179057
06025,CA,Imperial,BPHIGH,33.2,179057
06025,CA,Imperial,CANCER,5.0,179057
06025,CA,Imperial,CHD,6.7,179057
06025,CA,Imperial,COPD,5.7,179057
06025,CA,Imperial,DIABETES,15.0,179057
06025,CA,Imperial,OBESITY,34.7,179057
06025,CA,Imperial,STROKE,3.7,179057
06027,CA,Inyo,ARTHRITIS,28.0,18527
06027,CA,Inyo,BPHIGH,35.1,18527
06027,CA,Inyo,CANCER,10.0,18527
06027,CA,Inyo,CHD,7.6,18527
06027,CA,Inyo,COPD,6.9,18527
06027,CA,Inyo,DIABETES,12.4,18527
06027,CA,Inyo,OBESITY,28.2,18527
06027,CA,Inyo,STROKE,3.9,18527
06029,CA,Kern,ARTHRITIS,21.2,913820
06029,CA,Kern,BPHIGH,32.0,913820
06029,CA,Kern,CANCER,5.6,913820
06029,CA,Kern,CHD,6.2,913820
06029,CA,Kern,COPD,6.4,913820
06029,CA,Kern,DIABETES,13.3,913820
06029,CA,Kern,OBESITY,36.0,913820
06029,CA,Kern,STROKE,3.5,913820
06031,CA,Kings,ARTHRITIS,19.3,152682
06031,CA,Kings,BPHIGH,30.4,152682
06031,CA,Kings,CANCER,5.1,152682
06031,CA,Kings,CHD,5.8,152682
06031,CA,Kings,COPD,5.9,152682
06031,CA,Kings,DIABETES,12.1,152682
06031,CA,Kings,OBESITY,34.7,152682
06031,CA,Kings,STROKE,3.3,152682
06033,CA,Lake,ARTHRITIS,29.8,67878
06033,CA,Lake,BPHIGH,39.6,67878
06033,CA,Lake,CANCER,9.9,67878
06033,CA,Lake,CHD,8.9,67878
06033,CA,Lake,COPD,9.1,67878
06033,CA,Lake,DIABETES,14.1,67878
06033,CA,Lake,OBESITY,32.7,67878
06033,CA,Lake,STROKE,4.7,67878
06035,CA,Lassen,ARTHRITIS,23.9,28861
06035,CA,Lassen,BPHIGH,33.7,28861
06035,CA,Lassen,CANCER,7.7,28861
06035,CA,Lassen,CHD,7.1,28861
06035,CA,Lassen,COPD,7.6,28861
06035,CA,Lassen,DIABETES,11.5,28861
06035,CA,Lassen,OBESITY,34.2,28861
06035,CA,Lassen,STROKE,3.8,28861
06037,CA,Los Angeles,ARTHRITIS,19.8,9663345
06037,CA,Los Angeles,BPHIGH,30.2,9663345
06037,CA,Los Angeles,CANCER,5.7,9663345
06037,CA,Los Angeles,CHD,5.3,9663345
06037,CA,Los Angeles,COPD,4.9,9663345
06037,CA,Los Angeles,DIABETES,12.6,9663345
06037,CA,Los Angeles,OBESITY,26.5,9663345
06037,CA,Los Angeles,STROKE,3.2,9663345
06039,CA,Madera,ARTHRITIS,23.6,162858
06039,CA,Madera,BPHIGH,33.2,162858
06039,CA,Madera,CANCER,6.3,162858
06039,CA,Madera,CHD,7.0,162858
06039,CA,Madera,COPD,7.2,162858
06039,CA,Madera,DIABETES,13.5,162858
06039,CA,Madera,OBESITY,36.5,162858
06039,CA,Madera,STROKE,3.9,162858
06041,CA,Marin,ARTHRITIS,25.6,254407
06041,CA,Marin,BPHIGH,32.6,254407
06041,CA,Marin,CANCER,10.5,254407
06041,CA,Marin,CHD,6.4,254407
06041,CA,Marin,COPD,5.3,254407
06041,CA,Marin,DIABETES,10.2,254407
06041,CA,Marin,OBESITY,21.3,254407
06041,CA,Marin,STROKE,3.2,254407
06043,CA,Mariposa,ARTHRITIS,31.7,16919
06043,CA,Mariposa,BPHIGH,39.0,16919
06043,CA,Mariposa,CANCER,11.5,16919
06043,CA,Mariposa,CHD,9.1,16919
06043,CA,Mariposa,COPD,8.4,16919
06043,CA,Mariposa,DIABETES,13.5,16919
06043,CA,Mariposa,OBESITY,30.5,16919
06043,CA,Mariposa,STROKE,4.6,16919
06045,CA,Mendocino,ARTHRITIS,29.3,89108
06045,CA,Mendocino,BPHIGH,38.5,89108
06045,CA,Mendocino,CANCER,9.9,89108
06045,CA,Mendocino,CHD,8.5,89108
06045,CA,Mendocino,COPD,8.5,89108
06045,CA,Mendocino,DIABETES,13.7,89108
06045,CA,Mendocino,OBESITY,29.3,89108
06045,CA,Mendocino,STROKE,4.4,89108
06047,CA,Merced,ARTHRITIS,20.2,291920
06047,CA,Merced,BPHIGH,31.2,291920
06047,CA,Merced,CANCER,5.2,291920
06047,CA,Merced,CHD,6.1,291920
06047,CA,Merced,COPD,6.1,291920
06047,CA,Merced,DIABETES,13.0,291920
06047,CA,Merced,OBESITY,33.8,291920
06047,CA,Merced,STROKE,3.4,291920
06049,CA,Modoc,ARTHRITIS,32.8,8500
06049,CA,Modoc,BPHIGH,41.3,8500
06049,CA,Modoc,CANCER,11.4,8500
06049,CA,Modoc,CHD,10.0,8500
06049,CA,Modoc,COPD,9.9,8500
06049,CA,Modoc,DIABETES,14.9,8500
06049,CA,Modoc,OBESITY,31.9,8500
06049,CA,Modoc,STROKE,5.2,8500
06051,CA,Mono,ARTHRITIS,23.9,13066
06051,CA,Mono,BPHIGH,31.5,13066
06051,CA,Mono,CANCER,8.4,13066
06051,CA,Mono,CHD,6.3,13066
06051,CA,Mono,COPD,6.0,13066
06051,CA,Mono,DIABETES,10.5,13066
06051,CA,Mono,OBESITY,31.2,13066
06051,CA,Mono,STROKE,3.2,13066
06053,CA,Monterey,ARTHRITIS,21.2,430723
06053,CA,Monterey,BPHIGH,32.0,430723
06053,CA,Monterey,CANCER,6.3,430723
06053,CA,Monterey,CHD,6.2,430723
06053,CA,Monterey,COPD,5.7,430723
06053,CA,Monterey,DIABETES,12.5,430723
06053,CA,Monterey,OBESITY,31.1,430723
06053,CA,Monterey,STROKE,3.4,430723
06055,CA,Napa,ARTHRITIS,24.0,133216
06055,CA,Napa,BPHIGH,33.0,133216
06055,CA,Napa,CANCER,8.6,133216
06055,CA,Napa,CHD,6.5,133216
06055,CA,Napa,COPD,5.7,133216
06055,CA,Napa,DIABETES,11.4,133216
06055,CA,Napa,OBESITY,27.9,133216
06055,CA,Napa,STROKE,3.4,133216
06057,CA,Nevada,ARTHRITIS,29.9,102037
06057,CA,Nevada,BPHIGH,37.5,102037
06057,CA,Nevada,CANCER,11.6,102037
06057,CA,Nevada,CHD,7.9,102037
06057,CA,Nevada,COPD,7.2,102037
06057,CA,Nevada,DIABETES,11.5,102037
06057,CA,Nevada,OBESITY,27.5,102037
06057,CA,Nevada,STROKE,4.0,102037
06059,CA,Orange,ARTHRITIS,19.1,3135755
06059,CA,Orange,BPHIGH,29.1,3135755
06059,CA,Orange,CANCER,6.8,3135755
06059,CA,Orange,CHD,5.5,3135755
06059,CA,Orange,COPD,4.7,3135755
06059,CA,Orange,DIABETES,11.5,3135755
06059,CA,Orange,OBESITY,23.9,3135755
06059,CA,Orange,STROKE,2.9,3135755
06061,CA,Placer,ARTHRITIS,24.8,423561
06061,CA,Placer,BPHIGH,32.7,423561
06061,CA,Placer,CANCER,9.2,423561
06061,CA,Placer,CHD,5.9,423561
06061,CA,Placer,COPD,5.2,423561
06061,CA,Placer,DIABETES,9.8,423561
06061,CA,Placer,OBESITY,27.3,423561
06061,CA,Placer,STROKE,3.1,423561
06063,CA,Plumas,ARTHRITIS,32.9,19131
06063,CA,Plumas,BPHIGH,40.4,19131
06063,CA,Plumas,CANCER,12.1,19131
06063,CA,Plumas,CHD,9.3,19131
06063,CA,Plumas,COPD,8.7,19131
06063,CA,Plumas,DIABETES,13.5,19131
06063,CA,Plumas,OBESITY,29.9,19131
06063,CA,Plumas,STROKE,4.6,19131
06065,CA,Riverside,ARTHRITIS,23.9,2492442
06065,CA,Riverside,BPHIGH,33.3,2492442
06065,CA,Riverside,CANCER,6.4,2492442
06065,CA,Riverside,CHD,6.0,2492442
06065,CA,Riverside,COPD,5.4,2492442
06065,CA,Riverside,DIABETES,12.4,2492442
06065,CA,Riverside,OBESITY,36.8,2492442
06065,CA,Riverside,STROKE,3.3,2492442
06067,CA,Sacramento,ARTHRITIS,23.1,1584288
06067,CA,Sacramento,BPHIGH,30.9,1584288
06067,CA,Sacramento,CANCER,6.6,1584288
06067,CA,Sacramento,CHD,5.7,1584288
06067,CA,Sacramento,COPD,5.6,1584288
06067,CA,Sacramento,DIABETES,11.2,1584288
06067,CA,Sacramento,OBESITY,29.6,1584288
06067,CA,Sacramento,STROKE,3.2,1584288
06069,CA,San Benito,ARTHRITIS,20.4,68175
06069,CA,San Benito,BPHIGH,29.9,68175
06069,CA,San Benito,CANCER,6.1,68175
06069,CA,San Benito,CHD,5.3,68175
06069,CA,San Benito,COPD,4.7,68175
06069,CA,San Benito,DIABETES,11.3,68175
06069,CA,San Benito,OBESITY,31.5,68175
06069,CA,San Benito,STROKE,2.9,68175
06071,CA,San Bernardino,ARTHRITIS,21.5,2195611
06071,CA,San Bernardino,BPHIGH,31.9,2195611
06071,CA,San Bernardino,CANCER,5.5,2195611
06071,CA,San Bernardino,CHD,5.6,2195611
06071,CA,San Bernardino,COPD,5.2,2195611
06071,CA,San Bernardino,DIABETES,12.1,2195611
06071,CA,San Bernardino,OBESITY,33.3,2195611
06071,CA,San Bernardino,STROKE,3.2,2195611
06073,CA,San Diego,ARTHRITIS,19.6,3269973
06073,CA,San Diego,BPHIGH,28.7,3269973
06073,CA,San Diego,CANCER,6.8,3269973
06073,CA,San Diego,CHD,5.2,3269973
06073,CA,San Diego,COPD,4.7,3269973
06073,CA,San Diego,DIABETES,10.0,3269973
06073,CA,San Diego,OBESITY,25.3,3269973
06073,CA,San Diego,STROKE,2.8,3269973
06075,CA,San Francisco,ARTHRITIS,17.6,808988
06075,CA,San Francisco,BPHIGH,27.0,808988
06075,CA,San Francisco,CANCER,6.0,808988
06075,CA,San Francisco,CHD,4.9,808988
06075,CA,San Francisco,COPD,3.9,808988
06075,CA,San Francisco,DIABETES,10.2,808988
06075,CA,San Francisco,OBESITY,17.2,808988
06075,CA,San Francisco,STROKE,2.6,808988
06077,CA,San Joaquin,ARTHRITIS,20.4,800965
06077,CA,San Joaquin,BPHIGH,30.4,800965
06077,CA,San Joaquin,CANCER,5.8,800965
06077,CA,San Joaquin,CHD,5.7,800965
06077,CA,San Joaquin,COPD,5.5,800965
06077,CA,San Joaquin,DIABETES,12.3,800965
06077,CA,San Joaquin,OBESITY,30.7,800965
06077,CA,San Joaquin,STROKE,3.3,800965
06079,CA,San Luis Obispo,ARTHRITIS,24.0,281639
06079,CA,San Luis Obispo,BPHIGH,31.8,281639
06079,CA,San Luis Obispo,CANCER,8.9,281639
06079,CA,San Luis Obispo,CHD,6.4,281639
06079,CA,San Luis Obispo,COPD,5.8,281639
06079,CA,San Luis Obispo,DIABETES,10.0,281639
06079,CA,San Luis Obispo,OBESITY,26.1,281639
06079,CA,San Luis Obispo,STROKE,3.3,281639
06081,CA,San Mateo,ARTHRITIS,20.2,726353
06081,CA,San Mateo,BPHIGH,29.2,726353
06081,CA,San Mateo,CANCER,6.8,726353
06081,CA,San Mateo,CHD,5.2,726353
06081,CA,San Mateo,COPD,4.0,726353
06081,CA,San Mateo,DIABETES,10.6,726353
06081,CA,San Mateo,OBESITY,22.3,726353
06081,CA,San Mateo,STROKE,2.7,726353
06083,CA,Santa Barbara,ARTHRITIS,21.8,441257
06083,CA,Santa Barbara,BPHIGH,30.4,441257
06083,CA,Santa Barbara,CANCER,6.9,441257
06083,CA,Santa Barbara,CHD,6.0,441257
06083,CA,Santa Barbara,COPD,5.6,441257
06083,CA,Santa Barbara,DIABETES,10.8,441257
06083,CA,Santa Barbara,OBESITY,26.1,441257
06083,CA,Santa Barbara,STROKE,3.2,441257
06085,CA,Santa Clara,ARTHRITIS,16.6,1877592
06085,CA,Santa Clara,BPHIGH,27.0,1877592
06085,CA,Santa Clara,CANCER,5.7,1877592
06085,CA,Santa Clara,CHD,4.5,1877592
06085,CA,Santa Clara,COPD,3.5,1877592
06085,CA,Santa Clara,DIABETES,10.5,1877592
06085,CA,Santa Clara,OBESITY,21.9,1877592
06085,CA,Santa Clara,STROKE,2.4,1877592
06087,CA,Santa Cruz,ARTHRITIS,21.7,261547
06087,CA,Santa Cruz,BPHIGH,30.5,261547
06087,CA,Santa Cruz,CANCER,8.0,261547
06087,CA,Santa Cruz,CHD,5.9,261547
06087,CA,Santa Cruz,COPD,5.4,261547
06087,CA,Santa Cruz,DIABETES,10.2,261547
06087,CA,Santa Cruz,OBESITY,25.8,261547
06087,CA,Santa Cruz,STROKE,3.1,261547
06089,CA,Shasta,ARTHRITIS,27.8,180366
06089,CA,Shasta,BPHIGH,35.9,180366
06089,CA,Shasta,CANCER,9.5,180366
06089,CA,Shasta,CHD,7.3,180366
06089,CA,Shasta,COPD,7.6,180366
06089,CA,Shasta,DIABETES,11.7,180366
06089,CA,Shasta,OBESITY,29.3,180366
06089,CA,Shasta,STROKE,3.9,180366
06091,CA,Sierra,ARTHRITIS,34.5,3200
06091,CA,Sierra,BPHIGH,42.8,3200
06091,CA,Sierra,CANCER,12.0,3200
06091,CA,Sierra,CHD,10.3,3200
06091,CA,Sierra,COPD,10.2,3200
06091,CA,Sierra,DIABETES,15.3,3200
06091,CA,Sierra,OBESITY,32.5,3200
06091,CA,Sierra,STROKE,5.2,3200
06093,CA,Siskiyou,ARTHRITIS,31.9,42905
06093,CA,Siskiyou,BPHIGH,39.4,42905
06093,CA,Siskiyou,CANCER,11.0,42905
06093,CA,Siskiyou,CHD,9.2,42905
06093,CA,Siskiyou,COPD,9.1,42905
06093,CA,Siskiyou,DIABETES,13.9,42905
06093,CA,Siskiyou,OBESITY,31.8,42905
06093,CA,Siskiyou,STROKE,4.7,42905
06095,CA,Solano,ARTHRITIS,22.4,449218
06095,CA,Solano,BPHIGH,33.3,449218
06095,CA,Solano,CANCER,6.9,449218
06095,CA,Solano,CHD,5.8,449218
06095,CA,Solano,COPD,5.3,449218
06095,CA,Solano,DIABETES,12.1,449218
06095,CA,Solano,OBESITY,31.3,449218
06095,CA,Solano,STROKE,3.3,449218
06097,CA,Sonoma,ARTHRITIS,24.5,481812
06097,CA,Sonoma,BPHIGH,31.6,481812
06097,CA,Sonoma,CANCER,9.0,481812
06097,CA,Sonoma,CHD,6.4,481812
06097,CA,Sonoma,COPD,5.8,481812
06097,CA,Sonoma,DIABETES,10.7,481812
06097,CA,Sonoma,OBESITY,26.1,481812
06097,CA,Sonoma,STROKE,3.3,481812
06099,CA,Stanislaus,ARTHRITIS,23.0,551430
06099,CA,Stanislaus,BPHIGH,31.8,551430
06099,CA,Stanislaus,CANCER,6.2,551430
06099,CA,Stanislaus,CHD,6.1,551430
06099,CA,Stanislaus,COPD,6.1,551430
06099,CA,Stanislaus,DIABETES,11.9,551430
06099,CA,Stanislaus,OBESITY,36.4,551430
06099,CA,Stanislaus,STROKE,3.4,551430
06101,CA,Sutter,ARTHRITIS,23.3,97948
06101,CA,Sutter,BPHIGH,33.3,97948
06101,CA,Sutter,CANCER,6.9,97948
06101,CA,Sutter,CHD,6.8,97948
06101,CA,Sutter,COPD,6.8,97948
06101,CA,Sutter,DIABETES,12.8,97948
06101,CA,Sutter,OBESITY,29.5,97948
06101,CA,Sutter,STROKE,3.7,97948
06103,CA,Tehama,ARTHRITIS,28.0,64896
06103,CA,Tehama,BPHIGH,35.9,64896
06103,CA,Tehama,CANCER,9.0,64896
06103,CA,Tehama,CHD,8.1,64896
06103,CA,Tehama,COPD,8.4,64896
06103,CA,Tehama,DIABETES,13.0,64896
06103,CA,Tehama,OBESITY,31.6,64896
06103,CA,Tehama,STROKE,4.3,64896
06105,CA,Trinity,ARTHRITIS,35.2,15670
06105,CA,Trinity,BPHIGH,43.7,15670
06105,CA,Trinity,CANCER,11.8,15670
06105,CA,Trinity,CHD,11.0,15670
06105,CA,Trinity,COPD,11.3,15670
06105,CA,Trinity,DIABETES,15.9,15670
06105,CA,Trinity,OBESITY,33.3,15670
06105,CA,Trinity,STROKE,5.7,15670
06107,CA,Tulare,ARTHRITIS,20.3,479468
06107,CA,Tulare,BPHIGH,31.2,479468
06107,CA,Tulare,CANCER,5.5,479468
06107,CA,Tulare,CHD,6.2,479468
06107,CA,Tulare,COPD,6.1,479468
06107,CA,Tulare,DIABETES,13.1,479468
06107,CA,Tulare,OBESITY,35.0,479468
06107,CA,Tulare,STROKE,3.4,479468
06109,CA,Tuolumne,ARTHRITIS,29.1,54204
06109,CA,Tuolumne,BPHIGH,36.8,54204
06109,CA,Tuolumne,CANCER,10.9,54204
06109,CA,Tuolumne,CHD,8.0,54204
06109,CA,Tuolumne,COPD,7.6,54204
06109,CA,Tuolumne,DIABETES,12.1,54204
06109,CA,Tuolumne,OBESITY,29.0,54204
06109,CA,Tuolumne,STROKE,4.1,54204
06111,CA,Ventura,ARTHRITIS,21.1,829590
06111,CA,Ventura,BPHIGH,30.7,829590
06111,CA,Ventura,CANCER,7.3,829590
06111,CA,Ventura,CHD,5.8,829590
06111,CA,Ventura,COPD,5.2,829590
06111,CA,Ventura,DIABETES,11.4,829590
06111,CA,Ventura,OBESITY,25.7,829590
06111,CA,Ventura,STROKE,3.1,829590
06113,CA,Yolo,ARTHRITIS,19.0,220544
06113,CA,Yolo,BPHIGH,26.0,220544
06113,CA,Yolo,CANCER,5.8,220544
06113,CA,Yolo,CHD,4.9,220544
06113,CA,Yolo,COPD,4.7,220544
06113,CA,Yolo,DIABETES,9.3,220544
06113,CA,Yolo,OBESITY,25.7,220544
06113,CA,Yolo,STROKE,2.7,220544
06115,CA,Yuba,ARTHRITIS,22.4,85722
06115,CA,Yuba,BPHIGH,30.9,85722
06115,CA,Yuba,CANCER,6.5,85722
06115,CA,Yuba,CHD,6.0,85722
06115,CA,Yuba,COPD,6.5,85722
06115,CA,Yuba,DIABETES,11.3,85722
06115,CA,Yuba,OBESITY,30.8,85722
06115,CA,Yuba,STROKE,3.4,85722
08001,CO,Adams,ARTHRITIS,20.0,533365
08001,CO,Adams,BPHIGH,27.3,533365
08001,CO,Adams,CANCER,6.1,533365
08001,CO,Adams,CHD,4.7,533365
08001,CO,Adams,COPD,5.1,533365
08001,CO,Adams,DIABETES,9.7,533365
08001,CO,Adams,OBESITY,33.2,533365
08001,CO,Adams,STROKE,2.6,533365
08003,CO,Alamosa,ARTHRITIS,23.6,16655
08003,CO,Alamosa,BPHIGH,29.0,16655
08003,CO,Alamosa,CANCER,6.7,16655
08003,CO,Alamosa,CHD,6.2,16655
08003,CO,Alamosa,COPD,6.4,16655
08003,CO,Alamosa,DIABETES,11.3,16655
08003,CO,Alamosa,OBESITY,30.3,16655
08003,CO,Alamosa,STROKE,3.4,16655
08005,CO,Arapahoe,ARTHRITIS,22.2,656061
08005,CO,Arapahoe,BPHIGH,27.8,656061
08005,CO,Arapahoe,CANCER,7.6,656061
08005,CO,Arapahoe,CHD,4.9,656061
08005,CO,Arapahoe,COPD,4.9,656061
08005,CO,Arapahoe,DIABETES,8.5,656061
08005,CO,Arapahoe,OBESITY,26.1,656061
08005,CO,Arapahoe,STROKE,2.7,656061
08007,CO,Archuleta,ARTHRITIS,31.9,14189
08007,CO,Archuleta,BPHIGH,35.4,14189
08007,CO,Archuleta,CANCER,11.5,14189
08007,CO,Archuleta,CHD,7.9,14189
08007,CO,Archuleta,COPD,7.7,14189
08007,CO,Archuleta,DIABETES,11.7,14189
08007,CO,Archuleta,OBESITY,27.6,14189
08007,CO,Archuleta,STROKE,3.9,14189
08009,CO,Baca,ARTHRITIS,33.9,3344
08009,CO,Baca,BPHIGH,37.8,3344
08009,CO,Baca,CANCER,10.9,3344
08009,CO,Baca,CHD,9.6,3344
08009,CO,Baca,COPD,10.7,3344
08009,CO,Baca,DIABETES,13.4,3344
08009,CO,Baca,OBESITY,29.9,3344
08009,CO,Baca,STROKE,5.0,3344
08011,CO,Bent,ARTHRITIS,28.3,5681
08011,CO,Bent,BPHIGH,36.9,5681
08011,CO,Bent,CANCER,7.8,5681
08011,CO,Bent,CHD,9.2,5681
08011,CO,Bent,COPD,10.1,5681
08011,CO,Bent,DIABETES,14.7,5681
08011,CO,Bent,OBESITY,33.7,5681
08011,CO,Bent,STROKE,4.9,5681
08013,CO,Boulder,ARTHRITIS,20.7,326831
08013,CO,Boulder,BPHIGH,21.9,326831
08013,CO,Boulder,CANCER,8.2,326831
08013,CO,Boulder,CHD,4.8,326831
08013,CO,Boulder,COPD,4.7,326831
08013,CO,Boulder,DIABETES,7.1,326831
08013,CO,Boulder,OBESITY,16.7,326831
08013,CO,Boulder,STROKE,2.5,326831
08014,CO,Broomfield,ARTHRITIS,22.0,76860
08014,CO,Broomfield,BPHIGH,24.5,76860
08014,CO,Broomfield,CANCER,8.2,76860
08014,CO,Broomfield,CHD,4.4,76860
08014,CO,Broomfield,COPD,4.2,76860
08014,CO,Broomfield,DIABETES,7.1,76860
08014,CO,Broomfield,OBESITY,22.3,76860
08014,CO,Broomfield,STROKE,2.3,76860
08015,CO,Chaffee,ARTHRITIS,29.2,20617
08015,CO,Chaffee,BPHIGH,32.3,20617
08015,CO,Chaffee,CANCER,10.5,20617
08015,CO,Chaffee,CHD,7.1,20617
08015,CO,Chaffee,COPD,7.1,20617
08015,CO,Chaffee,DIABETES,10.2,20617
08015,CO,Chaffee,OBESITY,25.7,20617
08015,CO,Chaffee,STROKE,3.6,20617
08017,CO,Cheyenne,ARTHRITIS,29.9,1727
08017,CO,Cheyenne,BPHIGH,33.8,1727
08017,CO,Cheyenne,CANCER,10.2,1727
08017,CO,Cheyenne,CHD,7.6,1727
08017,CO,Cheyenne,COPD,8.0,1727
08017,CO,Cheyenne,DIABETES,11.3,1727
08017,CO,Cheyenne,OBESITY,28.8,1727
08017,CO,Cheyenne,STROKE,3.9,1727
08019,CO,Clear Creek,ARTHRITIS,26.7,9147
08019,CO,Clear Creek,BPHIGH,30.3,9147
08019,CO,Clear Creek,CANCER,10.4,9147
08019,CO,Clear Creek,CHD,6.1,9147
08019,CO,Clear Creek,COPD,5.7,9147
08019,CO,Clear Creek,DIABETES,9.0,9147
08019,CO,Clear Creek,OBESITY,23.9,9147
08019,CO,Clear Creek,STROKE,3.0,9147
08021,CO,Conejos,ARTHRITIS,26.9,7521
08021,CO,Conejos,BPHIGH,32.9,7521
08021,CO,Conejos,CANCER,7.9,7521
08021,CO,Conejos,CHD,7.5,7521
08021,CO,Conejos,COPD,6.9,7521
08021,CO,Conejos,DIABETES,13.8,7521
08021,CO,Conejos,OBESITY,30.3,7521
08021,CO,Conejos,STROKE,3.9,7521
08023,CO,Costilla,ARTHRITIS,31.2,3628
08023,CO,Costilla,BPHIGH,38.1,3628
08023,CO,Costilla,CANCER,9.1,3628
08023,CO,Costilla,CHD,9.4,3628
08023,CO,Costilla,COPD,8.4,3628
08023,CO,Costilla,DIABETES,17.0,3628
08023,CO,Costilla,OBESITY,31.6,3628
08023,CO,Costilla,STROKE,4.8,3628
08025,CO,Crowley,ARTHRITIS,22.5,5636
08025,CO,Crowley,BPHIGH,31.0,5636
08025,CO,Crowley,CANCER,6.2,5636
08025,CO,Crowley,CHD,6.4,5636
08025,CO,Crowley,COPD,7.1,5636
08025,CO,Crowley,DIABETES,11.0,5636
08025,CO,Crowley,OBESITY,31.7,5636
08025,CO,Crowley,STROKE,3.5,5636
08027,CO,Custer,ARTHRITIS,35.3,5534
08027,CO,Custer,BPHIGH,38.2,5534
08027,CO,Custer,CANCER,12.9,5534
08027,CO,Custer,CHD,8.8,5534
08027,CO,Custer,COPD,8.6,5534
08027,CO,Custer,DIABETES,12.4,5534
08027,CO,Custer,OBESITY,26.6,5534
08027,CO,Custer,STROKE,4.4,5534
08029,CO,Delta,ARTHRITIS,33.5,31746
08029,CO,Delta,BPHIGH,37.5,31746
08029,CO,Delta,CANCER,11.2,31746
08029,CO,Delta,CHD,8.8,31746
08029,CO,Delta,COPD,9.2,31746
08029,CO,Delta,DIABETES,12.4,31746
08029,CO,Delta,OBESITY,26.7,31746
08029,CO,Delta,STROKE,4.5,31746
08031,CO,Denver,ARTHRITIS,18.3,716577
08031,CO,Denver,BPHIGH,21.7,716577
08031,CO,Denver,CANCER,6.0,716577
08031,CO,Denver,CHD,4.1,716577
08031,CO,Denver,COPD,4.2,716577
08031,CO,Denver,DIABETES,7.1,716577
08031,CO,Denver,OBESITY,21.6,716577
08031,CO,Denver,STROKE,2.3,716577
08033,CO,Dolores,ARTHRITIS,30.2,2513
08033,CO,Dolores,BPHIGH,35.1,2513
08033,CO,Dolores,CANCER,10.2,2513
08033,CO,Dolores,CHD,7.9,2513
08033,CO,Dolores,COPD,8.3,2513
08033,CO,Dolores,DIABETES,11.5,2513
08033,CO,Dolores,OBESITY,27.3,2513
08033,CO,Dolores,STROKE,4.1,2513
08035,CO,Douglas,ARTHRITIS,22.3,383906
08035,CO,Douglas,BPHIGH,25.8,383906
08035,CO,Douglas,CANCER,8.5,383906
08035,CO,Douglas,CHD,4.3,383906
08035,CO,Douglas,COPD,4.0,383906
08035,CO,Douglas,DIABETES,6.8,383906
08035,CO,Douglas,OBESITY,25.3,383906
08035,CO,Douglas,STROKE,2.2,383906
08037,CO,Eagle,ARTHRITIS,22.4,54381
08037,CO,Eagle,BPHIGH,25.2,54381
08037,CO,Eagle,CANCER,7.9,54381
08037,CO,Eagle,CHD,5.1,54381
08037,CO,Eagle,COPD,5.0,54381
08037,CO,Eagle,DIABETES,8.5,54381
08037,CO,Eagle,OBESITY,24.3,54381
08037,CO,Eagle,STROKE,2.6,54381
08039,CO,Elbert,ARTHRITIS,27.2,28806
08039,CO,Elbert,BPHIGH,29.9,28806
08039,CO,Elbert,CANCER,9.7,28806
08039,CO,Elbert,CHD,5.9,28806
08039,CO,Elbert,COPD,5.9,28806
08039,CO,Elbert,DIABETES,8.9,28806
08039,CO,Elbert,OBESITY,24.8,28806
08039,CO,Elbert,STROKE,3.0,28806
08041,CO,El Paso,ARTHRITIS,23.0,744215
08041,CO,El Paso,BPHIGH,28.1,744215
08041,CO,El Paso,CANCER,7.5,744215
08041,CO,El Paso,CHD,4.9,744215
08041,CO,El Paso,COPD,5.2,744215
08041,CO,El Paso,DIABETES,8.7,744215
08041,CO,El Paso,OBESITY,28.3,744215
08041,CO,El Paso,STROKE,2.7,744215
08043,CO,Fremont,ARTHRITIS,29.3,50318
08043,CO,Fremont,BPHIGH,32.6,50318
08043,CO,Fremont,CANCER,9.4,50318
08043,CO,Fremont,CHD,7.6,50318
08043,CO,Fremont,COPD,8.2,50318
08043,CO,Fremont,DIABETES,11.4,50318
08043,CO,Fremont,OBESITY,30.6,50318
08043,CO,Fremont,STROKE,3.9,50318
08045,CO,Garfield,ARTHRITIS,24.0,62707
08045,CO,Garfield,BPHIGH,27.2,62707
08045,CO,Garfield,CANCER,7.8,62707
08045,CO,Garfield,CHD,5.5,62707
08045,CO,Garfield,COPD,5.8,62707
08045,CO,Garfield,DIABETES,8.9,62707
08045,CO,Garfield,OBESITY,24.0,62707
08045,CO,Garfield,STROKE,2.9,62707
08047,CO,Gilpin,ARTHRITIS,27.6,5926
08047,CO,Gilpin,BPHIGH,31.1,5926
08047,CO,Gilpin,CANCER,10.0,5926
08047,CO,Gilpin,CHD,6.2,5926
08047,CO,Gilpin,COPD,6.1,5926
08047,CO,Gilpin,DIABETES,9.6,5926
08047,CO,Gilpin,OBESITY,25.5,5926
08047,CO,Gilpin,STROKE,3.1,5926
08049,CO,Grand,ARTHRITIS,27.2,15935
08049,CO,Grand,BPHIGH,29.8,15935
08049,CO,Grand,CANCER,9.6,15935
08049,CO,Grand,CHD,6.2,15935
08049,CO,Grand,COPD,6.2,15935
08049,CO,Grand,DIABETES,9.1,15935
08049,CO,Grand,OBESITY,24.3,15935
08049,CO,Grand,STROKE,3.1,15935
08051,CO,Gunnison,ARTHRITIS,21.2,17321
08051,CO,Gunnison,BPHIGH,24.2,17321
08051,CO,Gunnison,CANCER,7.7,17321
08051,CO,Gunnison,CHD,4.6,17321
08051,CO,Gunnison,COPD,4.6,17321
08051,CO,Gunnison,DIABETES,7.1,17321
08051,CO,Gunnison,OBESITY,23.8,17321
08051,CO,Gunnison,STROKE,2.3,17321
08053,CO,Hinsdale,ARTHRITIS,31.8,765
08053,CO,Hinsdale,BPHIGH,34.1,765
08053,CO,Hinsdale,CANCER,13.4,765
08053,CO,Hinsdale,CHD,7.5,765
08053,CO,Hinsdale,COPD,6.0,765
08053,CO,Hinsdale,DIABETES,10.0,765
08053,CO,Hinsdale,OBESITY,23.5,765
08053,CO,Hinsdale,STROKE,3.5,765
08055,CO,Huerfano,ARTHRITIS,33.1,7055
08055,CO,Huerfano,BPHIGH,37.6,7055
08055,CO,Huerfano,CANCER,11.3,7055
08055,CO,Huerfano,CHD,9.1,7055
08055,CO,Huerfano,COPD,8.6,7055
08055,CO,Huerfano,DIABETES,13.9,7055
08055,CO,Huerfano,OBESITY,27.5,7055
08055,CO,Huerfano,STROKE,4.6,7055
08057,CO,Jackson,ARTHRITIS,33.8,1309
08057,CO,Jackson,BPHIGH,38.8,1309
08057,CO,Jackson,CANCER,11.1,1309
08057,CO,Jackson,CHD,9.6,1309
08057,CO,Jackson,COPD,10.6,1309
08057,CO,Jackson,DIABETES,13.9,1309
08057,CO,Jackson,OBESITY,30.0,1309
08057,CO,Jackson,STROKE,4.9,1309
08059,CO,Jefferson,ARTHRITIS,25.0,576366
08059,CO,Jefferson,BPHIGH,27.7,576366
08059,CO,Jefferson,CANCER,8.6,576366
08059,CO,Jefferson,CHD,5.1,576366
08059,CO,Jefferson,COPD,5.0,576366
08059,CO,Jefferson,DIABETES,8.3,576366
08059,CO,Jefferson,OBESITY,23.1,576366
08059,CO,Jefferson,STROKE,2.6,576366
08061,CO,Kiowa,ARTHRITIS,33.0,1384
08061,CO,Kiowa,BPHIGH,36.1,1384
08061,CO,Kiowa,CANCER,11.8,1384
08061,CO,Kiowa,CHD,8.7,1384
08061,CO,Kiowa,COPD,8.9,1384
08061,CO,Kiowa,DIABETES,11.8,1384
08061,CO,Kiowa,OBESITY,27.1,1384
08061,CO,Kiowa,STROKE,4.4,1384
08063,CO,Kit Carson,ARTHRITIS,29.4,6994
08063,CO,Kit Carson,BPHIGH,33.3,6994
08063,CO,Kit Carson,CANCER,9.8,6994
08063,CO,Kit Carson,CHD,7.7,6994
08063,CO,Kit Carson,COPD,8.3,6994
08063,CO,Kit Carson,DIABETES,11.4,6994
08063,CO,Kit Carson,OBESITY,29.4,6994
08063,CO,Kit Carson,STROKE,4.0,6994
08065,CO,Lake,ARTHRITIS,21.7,7365
08065,CO,Lake,BPHIGH,26.4,7365
08065,CO,Lake,CANCER,7.4,7365
08065,CO,Lake,CHD,4.9,7365
08065,CO,Lake,COPD,4.7,7365
08065,CO,Lake,DIABETES,8.4,7365
08065,CO,Lake,OBESITY,23.9,7365
08065,CO,Lake,STROKE,2.5,7365
08067,CO,La Plata,ARTHRITIS,27.0,56407
08067,CO,La Plata,BPHIGH,28.6,56407
08067,CO,La Plata,CANCER,9.6,56407
08067,CO,La Plata,CHD,6.2,56407
08067,CO,La Plata,COPD,6.2,56407
08067,CO,La Plata,DIABETES,9.3,56407
08067,CO,La Plata,OBESITY,20.9,56407
08067,CO,La Plata,STROKE,3.2,56407
08069,CO,Larimer,ARTHRITIS,22.7,370771
08069,CO,Larimer,BPHIGH,25.6,370771
08069,CO,Larimer,CANCER,8.5,370771
08069,CO,Larimer,CHD,5.1,370771
08069,CO,Larimer,COPD,5.2,370771
08069,CO,Larimer,DIABETES,7.3,370771
08069,CO,Larimer,OBESITY,23.5,370771
08069,CO,Larimer,STROKE,2.6,370771
08071,CO,Las Animas,ARTHRITIS,30.6,14348
08071,CO,Las Animas,BPHIGH,35.5,14348
08071,CO,Las Animas,CANCER,9.5,14348
08071,CO,Las Animas,CHD,8.5,14348
08071,CO,Las Animas,COPD,8.2,14348
08071,CO,Las Animas,DIABETES,13.7,14348
08071,CO,Las Animas,OBESITY,32.5,14348
08071,CO,Las Animas,STROKE,4.4,14348
08073,CO,Lincoln,ARTHRITIS,27.3,5480
08073,CO,Lincoln,BPHIGH,32.6,5480
08073,CO,Lincoln,CANCER,8.8,5480
08073,CO,Lincoln,CHD,7.3,5480
08073,CO,Lincoln,COPD,7.9,5480
08073,CO,Lincoln,DIABETES,10.8,5480
08073,CO,Lincoln,OBESITY,29.8,5480
08073,CO,Lincoln,STROKE,3.8,5480
08075,CO,Logan,ARTHRITIS,27.4,20619
08075,CO,Logan,BPHIGH,33.6,20619
08075,CO,Logan,CANCER,8.7,20619
08075,CO,Logan,CHD,7.5,20619
08075,CO,Logan,COPD,8.4,20619
08075,CO,Logan,DIABETES,11.2,20619
08075,CO,Logan,OBESITY,29.7,20619
08075,CO,Logan,STROKE,4.0,20619
08077,CO,Mesa,ARTHRITIS,28.2,159681
08077,CO,Mesa,BPHIGH,31.1,159681
08077,CO,Mesa,CANCER,9.6,159681
08077,CO,Mesa,CHD,6.7,159681
08077,CO,Mesa,COPD,7.0,159681
08077,CO,Mesa,DIABETES,9.8,159681
08077,CO,Mesa,OBESITY,29.8,159681
08077,CO,Mesa,STROKE,3.5,159681
08079,CO,Mineral,ARTHRITIS,31.0,944
08079,CO,Mineral,BPHIGH,34.3,944
08079,CO,Mineral,CANCER,11.8,944
08079,CO,Mineral,CHD,7.3,944
08079,CO,Mineral,COPD,6.9,944
08079,CO,Mineral,DIABETES,10.5,944
08079,CO,Mineral,OBESITY,25.7,944
08079,CO,Mineral,STROKE,3.6,944
08081,CO,Moffat,ARTHRITIS,27.6,13327
08081,CO,Moffat,BPHIGH,32.3,13327
08081,CO,Moffat,CANCER,8.6,13327
08081,CO,Moffat,CHD,7.0,13327
08081,CO,Moffat,COPD,7.9,13327
08081,CO,Moffat,DIABETES,10.8,13327
08081,CO,Moffat,OBESITY,28.5,13327
08081,CO,Moffat,STROKE,3.7,13327
08083,CO,Montezuma,ARTHRITIS,30.4,26531
08083,CO,Montezuma,BPHIGH,33.9,26531
08083,CO,Montezuma,CANCER,10.4,26531
08083,CO,Montezuma,CHD,7.8,26531
08083,CO,Montezuma,COPD,8.3,26531
08083,CO,Montezuma,DIABETES,11.8,26531
08083,CO,Montezuma,OBESITY,28.4,26531
08083,CO,Montezuma,STROKE,4.1,26531
08085,CO,Montrose,ARTHRITIS,30.8,44156
08085,CO,Montrose,BPHIGH,34.1,44156
08085,CO,Montrose,CANCER,10.7,44156
08085,CO,Montrose,CHD,8.0,44156
08085,CO,Montrose,COPD,8.0,44156
08085,CO,Montrose,DIABETES,11.5,44156
08085,CO,Montrose,OBESITY,27.5,44156
08085,CO,Montrose,STROKE,4.1,44156
08087,CO,Morgan,ARTHRITIS,25.7,29524
08087,CO,Morgan,BPHIGH,31.6,29524
08087,CO,Morgan,CANCER,7.8,29524
08087,CO,Morgan,CHD,6.6,29524
08087,CO,Morgan,COPD,6.9,29524
08087,CO,Morgan,DIABETES,10.9,29524
08087,CO,Morgan,OBESITY,32.1,29524
08087,CO,Morgan,STROKE,3.5,29524
08089,CO,Otero,ARTHRITIS,29.8,18136
08089,CO,Otero,BPHIGH,35.6,18136
08089,CO,Otero,CANCER,8.7,18136
08089,CO,Otero,CHD,8.5,18136
08089,CO,Otero,COPD,9.0,18136
08089,CO,Otero,DIABETES,14.5,18136
08089,CO,Otero,OBESITY,34.6,18136
08089,CO,Otero,STROKE,4.6,18136
08091,CO,Ouray,ARTHRITIS,31.2,5176
08091,CO,Ouray,BPHIGH,34.0,5176
08091,CO,Ouray,CANCER,12.5,5176
08091,CO,Ouray,CHD,7.0,5176
08091,CO,Ouray,COPD,6.2,5176
08091,CO,Ouray,DIABETES,10.0,5176
08091,CO,Ouray,OBESITY,23.3,5176
08091,CO,Ouray,STROKE,3.4,5176
08093,CO,Park,ARTHRITIS,30.3,18117
08093,CO,Park,BPHIGH,32.7,18117
08093,CO,Park,CANCER,10.7,18117
08093,CO,Park,CHD,6.7,18117
08093,CO,Park,COPD,6.5,18117
08093,CO,Park,DIABETES,10.2,18117
08093,CO,Park,OBESITY,23.5,18117
08093,CO,Park,STROKE,3.3,18117
08095,CO,Phillips,ARTHRITIS,29.6,4476
08095,CO,Phillips,BPHIGH,34.1,4476
08095,CO,Phillips,CANCER,9.7,4476
08095,CO,Phillips,CHD,8.0,4476
08095,CO,Phillips,COPD,8.3,4476
08095,CO,Phillips,DIABETES,11.9,4476
08095,CO,Phillips,OBESITY,28.9,4476
08095,CO,Phillips,STROKE,4.2,4476
08097,CO,Pitkin,ARTHRITIS,26.0,16640
08097,CO,Pitkin,BPHIGH,28.8,16640
08097,CO,Pitkin,CANCER,10.5,16640
08097,CO,Pitkin,CHD,5.8,16640
08097,CO,Pitkin,COPD,4.9,16640
08097,CO,Pitkin,DIABETES,8.4,16640
08097,CO,Pitkin,OBESITY,20.7,16640
08097,CO,Pitkin,STROKE,2.8,16640
08099,CO,Prowers,ARTHRITIS,27.6,11751
08099,CO,Prowers,BPHIGH,32.5,11751
08099,CO,Prowers,CANCER,8.2,11751
08099,CO,Prowers,CHD,7.6,11751
08099,CO,Prowers,COPD,8.1,11751
08099,CO,Prowers,DIABETES,12.6,11751
08099,CO,Prowers,OBESITY,29.2,11751
08099,CO,Prowers,STROKE,4.0,11751
08101,CO,Pueblo,ARTHRITIS,28.8,169422
08101,CO,Pueblo,BPHIGH,32.2,169422
08101,CO,Pueblo,CANCER,8.1,169422
08101,CO,Pueblo,CHD,6.9,169422
08101,CO,Pueblo,COPD,7.2,169422
08101,CO,Pueblo,DIABETES,12.3,169422
08101,CO,Pueblo,OBESITY,32.1,169422
08101,CO,Pueblo,STROKE,3.7,169422
08103,CO,Rio Blanco,ARTHRITIS,27.0,6569
08103,CO,Rio Blanco,BPHIGH,31.1,6569
08103,CO,Rio Blanco,CANCER,9.2,6569
08103,CO,Rio Blanco,CHD,6.5,6569
08103,CO,Rio Blanco,COPD,6.8,6569
08103,CO,Rio Blanco,DIABETES,9.6,6569
08103,CO,Rio Blanco,OBESITY,26.7,6569
08103,CO,Rio Blanco,STROKE,3.3,6569
08105,CO,Rio Grande,ARTHRITIS,28.4,11188
08105,CO,Rio Grande,BPHIGH,33.4,11188
08105,CO,Rio Grande,CANCER,9.0,11188
08105,CO,Rio Grande,CHD,7.4,11188
08105,CO,Rio Grande,COPD,7.1,11188
08105,CO,Rio Grande,DIABETES,12.2,11188
08105,CO,Rio Grande,OBESITY,27.7,11188
08105,CO,Rio Grande,STROKE,3.8,11188
08107,CO,Routt,ARTHRITIS,24.7,25064
08107,CO,Routt,BPHIGH,27.9,25064
08107,CO,Routt,CANCER,9.5,25064
08107,CO,Routt,CHD,5.5,25064
08107,CO,Routt,COPD,5.4,25064
08107,CO,Routt,DIABETES,8.3,25064
08107,CO,Routt,OBESITY,23.7,25064
08107,CO,Routt,STROKE,2.8,25064
08109,CO,Saguache,ARTHRITIS,32.0,6688
08109,CO,Saguache,BPHIGH,38.3,6688
08109,CO,Saguache,CANCER,10.2,6688
08109,CO,Saguache,CHD,9.3,6688
08109,CO,Saguache,COPD,9.3,6688
08109,CO,Saguache,DIABETES,15.1,6688
08109,CO,Saguache,OBESITY,29.1,6688
08109,CO,Saguache,STROKE,4.7,6688
08111,CO,San Juan,ARTHRITIS,28.2,802
08111,CO,San Juan,BPHIGH,32.4,802
08111,CO,San Juan,CANCER,10.3,802
08111,CO,San Juan,CHD,6.9,802
08111,CO,San Juan,COPD,6.2,802
08111,CO,San Juan,DIABETES,10.2,802
08111,CO,San Juan,OBESITY,26.4,802
08111,CO,San Juan,STROKE,3.4,802
08113,CO,San Miguel,ARTHRITIS,25.1,7868
08113,CO,San Miguel,BPHIGH,28.7,7868
08113,CO,San Miguel,CANCER,9.3,7868
08113,CO,San Miguel,CHD,5.7,7868
08113,CO,San Miguel,COPD,5.3,7868
08113,CO,San Miguel,DIABETES,8.7,7868
08113,CO,San Miguel,OBESITY,26.3,7868
08113,CO,San Miguel,STROKE,2.8,7868
08115,CO,Sedgwick,ARTHRITIS,33.6,2299
08115,CO,Sedgwick,BPHIGH,37.8,2299
08115,CO,Sedgwick,CANCER,11.8,2299
08115,CO,Sedgwick,CHD,9.3,2299
08115,CO,Sedgwick,COPD,9.1,2299
08115,CO,Sedgwick,DIABETES,13.0,2299
08115,CO,Sedgwick,OBESITY,28.0,2299
08115,CO,Sedgwick,STROKE,4.7,2299
08117,CO,Summit,ARTHRITIS,22.7,30465
08117,CO,Summit,BPHIGH,26.3,30465
08117,CO,Summit,CANCER,8.2,30465
08117,CO,Summit,CHD,5.0,30465
08117,CO,Summit,COPD,5.0,30465
08117,CO,Summit,DIABETES,7.9,30465
08117,CO,Summit,OBESITY,24.4,30465
08117,CO,Summit,STROKE,2.5,30465
08119,CO,Teller,ARTHRITIS,30.5,24617
08119,CO,Teller,BPHIGH,33.4,24617
08119,CO,Teller,CANCER,11.2,24617
08119,CO,Teller,CHD,6.9,24617
08119,CO,Teller,COPD,6.8,24617
08119,CO,Teller,DIABETES,10.2,24617
08119,CO,Teller,OBESITY,24.1,24617
08119,CO,Teller,STROKE,3.5,24617
08121,CO,Washington,ARTHRITIS,29.4,4855
08121,CO,Washington,BPHIGH,32.6,4855
08121,CO,Washington,CANCER,10.2,4855
08121,CO,Washington,CHD,7.4,4855
08121,CO,Washington,COPD,7.6,4855
08121,CO,Washington,DIABETES,10.5,4855
08121,CO,Washington,OBESITY,26.4,4855
08121,CO,Washington,STROKE,3.8,4855
08123,CO,Weld,ARTHRITIS,21.5,359442
08123,CO,Weld,BPHIGH,27.8,359442
08123,CO,Weld,CANCER,7.1,359442
08123,CO,Weld,CHD,5.1,359442
08123,CO,Weld,COPD,5.5,359442
08123,CO,Weld,DIABETES,9.5,359442
08123,CO,Weld,OBESITY,33.8,359442
08123,CO,Weld,STROKE,2.7,359442
08125,CO,Yuma,ARTHRITIS,27.1,9862
08125,CO,Yuma,BPHIGH,31.4,9862
08125,CO,Yuma,CANCER,9.1,9862
08125,CO,Yuma,CHD,7.2,9862
08125,CO,Yuma,COPD,7.8,9862
08125,CO,Yuma,DIABETES,10.9,9862
08125,CO,Yuma,OBESITY,28.4,9862
08125,CO,Yuma,STROKE,3.8,9862
09110,CT,Capitol,ARTHRITIS,25.0,975328
09110,CT,Capitol,BPHIGH,32.5,975328
09110,CT,Capitol,CANCER,8.3,975328
09110,CT,Capitol,CHD,5.7,975328
09110,CT,Capitol,COPD,5.6,975328
09110,CT,Capitol,DIABETES,11.0,975328
09110,CT,Capitol,OBESITY,31.9,975328
09110,CT,Capitol,STROKE,3.2,975328
09120,CT,Greater Bridgeport,ARTHRITIS,21.7,327651
09120,CT,Greater Bridgeport,BPHIGH,30.6,327651
09120,CT,Greater Bridgeport,CANCER,7.4,327651
09120,CT,Greater Bridgeport,CHD,5.5,327651
09120,CT,Greater Bridgeport,COPD,5.4,327651
09120,CT,Greater Bridgeport,DIABETES,10.3,327651
09120,CT,Greater Bridgeport,OBESITY,28.1,327651
09120,CT,Greater Bridgeport,STROKE,3.4,327651
09130,CT,Lower Connecticut River Valley,ARTHRITIS,27.9,176215
09130,CT,Lower Connecticut River Valley,BPHIGH,33.5,176215
09130,CT,Lower Connecticut River Valley,CANCER,9.9,176215
09130,CT,Lower Connecticut River Valley,CHD,6.1,176215
09130,CT,Lower Connecticut River Valley,COPD,5.6,176215
09130,CT,Lower Connecticut River Valley,DIABETES,9.4,176215
09130,CT,Lower Connecticut River Valley,OBESITY,29.0,176215
09130,CT,Lower Connecticut River Valley,STROKE,3.2,176215
09140,CT,Naugatuck Valley,ARTHRITIS,26.3,456128
09140,CT,Naugatuck Valley,BPHIGH,33.3,456128
09140,CT,Naugatuck Valley,CANCER,8.9,456128
09140,CT,Naugatuck Valley,CHD,6.3,456128
09140,CT,Naugatuck Valley,COPD,6.2,456128
09140,CT,Naugatuck Valley,DIABETES,10.6,456128
09140,CT,Naugatuck Valley,OBESITY,32.5,456128
09140,CT,Naugatuck Valley,STROKE,3.4,456128
09150,CT,Northeastern Connecticut,ARTHRITIS,27.2,96692
09150,CT,Northeastern Connecticut,BPHIGH,35.1,96692
09150,CT,Northeastern Connecticut,CANCER,9.3,96692
09150,CT,Northeastern Connecticut,CHD,6.4,96692
09150,CT,Northeastern Connecticut,COPD,6.8,96692
09150,CT,Northeastern Connecticut,DIABETES,10.3,96692
09150,CT,Northeastern Connecticut,OBESITY,33.3,96692
09150,CT,Northeastern Connecticut,STROKE,3.4,96692
09160,CT,Northwest Hills,ARTHRITIS,29.3,113463
09160,CT,Northwest Hills,BPHIGH,32.4,113463
09160,CT,Northwest Hills,CANCER,10.7,113463
09160,CT,Northwest Hills,CHD,6.6,113463
09160,CT,Northwest Hills,COPD,6.5,113463
09160,CT,Northwest Hills,DIABETES,10.0,113463
09160,CT,Northwest Hills,OBESITY,28.2,113463
09160,CT,Northwest Hills,STROKE,3.4,113463
09170,CT,South Central Connecticut,ARTHRITIS,24.6,568158
09170,CT,South Central Connecticut,BPHIGH,32.8,568158
09170,CT,South Central Connecticut,CANCER,8.1,568158
09170,CT,South Central Connecticut,CHD,5.9,568158
09170,CT,South Central Connecticut,COPD,5.6,568158
09170,CT,South Central Connecticut,DIABETES,10.4,568158
09170,CT,South Central Connecticut,OBESITY,33.4,568158
09170,CT,South Central Connecticut,STROKE,3.2,568158
09180,CT,Southeastern Connecticut,ARTHRITIS,26.6,279634
09180,CT,Southeastern Connecticut,BPHIGH,34.4,279634
09180,CT,Southeastern Connecticut,CANCER,8.7,279634
09180,CT,Southeastern Connecticut,CHD,6.1,279634
09180,CT,Southeastern Connecticut,COPD,6.3,279634
09180,CT,Southeastern Connecticut,DIABETES,10.0,279634
09180,CT,Southeastern Connecticut,OBESITY,32.5,279634
09180,CT,Southeastern Connecticut,STROKE,3.3,279634
09190,CT,Western Connecticut,ARTHRITIS,21.5,623907
09190,CT,Western Connecticut,BPHIGH,28.2,623907
09190,CT,Western Connecticut,CANCER,8.4,623907
09190,CT,Western Connecticut,CHD,5.0,623907
09190,CT,Western Connecticut,COPD,4.6,623907
09190,CT,Western Connecticut,DIABETES,8.5,623907
09190,CT,Western Connecticut,OBESITY,24.7,623907
09190,CT,Western Connecticut,STROKE,2.8,623907
10001,DE,Kent,ARTHRITIS,29.1,189789
10001,DE,Kent,BPHIGH,39.5,189789
10001,DE,Kent,CANCER,8.4,189789
10001,DE,Kent,CHD,6.6,189789
10001,DE,Kent,COPD,7.6,189789
10001,DE,Kent,DIABETES,14.3,189789
10001,DE,Kent,OBESITY,43.5,189789
10001,DE,Kent,STROKE,3.8,189789
10003,DE,New Castle,ARTHRITIS,25.5,578592
10003,DE,New Castle,BPHIGH,35.2,578592
10003,DE,New Castle,CANCER,8.1,578592
10003,DE,New Castle,CHD,5.9,578592
10003,DE,New Castle,COPD,6.0,578592
10003,DE,New Castle,DIABETES,12.2,578592
10003,DE,New Castle,OBESITY,33.4,578592
10003,DE,New Castle,STROKE,3.4,578592
10005,DE,Sussex,ARTHRITIS,34.2,263509
10005,DE,Sussex,BPHIGH,43.4,263509
10005,DE,Sussex,CANCER,11.7,263509
10005,DE,Sussex,CHD,9.1,263509
10005,DE,Sussex,COPD,9.1,263509
10005,DE,Sussex,DIABETES,14.2,263509
10005,DE,Sussex,OBESITY,33.8,263509
10005,DE,Sussex,STROKE,4.4,263509
11001,DC,District of Columbia,ARTHRITIS,17.4,678972
11001,DC,District of Columbia,BPHIGH,28.5,678972
11001,DC,District of Columbia,CANCER,5.6,678972
11001,DC,District of Columbia,CHD,3.8,678972
11001,DC,District of Columbia,COPD,4.0,678972
11001,DC,District of Columbia,DIABETES,7.8,678972
11001,DC,District of Columbia,OBESITY,24.7,678972
11001,DC,District of Columbia,STROKE,2.8,678972
12001,FL,Alachua,ARTHRITIS,21.9,285994
12001,FL,Alachua,BPHIGH,30.7,285994
12001,FL,Alachua,CANCER,7.1,285994
12001,FL,Alachua,CHD,5.6,285994
12001,FL,Alachua,COPD,6.0,285994
12001,FL,Alachua,DIABETES,10.5,285994
12001,FL,Alachua,OBESITY,30.9,285994
12001,FL,Alachua,STROKE,3.0,285994
12003,FL,Baker,ARTHRITIS,26.6,28368
12003,FL,Baker,BPHIGH,36.7,28368
12003,FL,Baker,CANCER,8.2,28368
12003,FL,Baker,CHD,6.9,28368
12003,FL,Baker,COPD,8.3,28368
12003,FL,Baker,DIABETES,12.3,28368
12003,FL,Baker,OBESITY,35.3,28368
12003,FL,Baker,STROKE,3.6,28368
12005,FL,Bay,ARTHRITIS,28.7,190769
12005,FL,Bay,BPHIGH,37.7,190769
12005,FL,Bay,CANCER,9.1,190769
12005,FL,Bay,CHD,7.3,190769
12005,FL,Bay,COPD,7.9,190769
12005,FL,Bay,DIABETES,11.9,190769
12005,FL,Bay,OBESITY,33.4,190769
12005,FL,Bay,STROKE,3.7,190769
12007,FL,Bradford,ARTHRITIS,29.6,27858
12007,FL,Bradford,BPHIGH,38.5,27858
12007,FL,Bradford,CANCER,9.2,27858
12007,FL,Bradford,CHD,8.6,27858
12007,FL,Bradford,COPD,10.5,27858
12007,FL,Bradford,DIABETES,14.4,27858
12007,FL,Bradford,OBESITY,34.9,27858
12007,FL,Bradford,STROKE,4.6,27858
12009,FL,Brevard,ARTHRITIS,30.0,643979
12009,FL,Brevard,BPHIGH,38.8,643979
12009,FL,Brevard,CANCER,10.6,643979
12009,FL,Brevard,CHD,7.9,643979
12009,FL,Brevard,COPD,7.8,643979
12009,FL,Brevard,DIABETES,13.1,643979
12009,FL,Brevard,OBESITY,34.0,643979
12009,FL,Brevard,STROKE,3.9,643979
12011,FL,Broward,ARTHRITIS,23.6,1962531
12011,FL,Broward,BPHIGH,36.3,1962531
12011,FL,Broward,CANCER,7.6,1962531
12011,FL,Broward,CHD,6.7,1962531
12011,FL,Broward,COPD,6.3,1962531
12011,FL,Broward,DIABETES,13.5,1962531
12011,FL,Broward,OBESITY,30.6,1962531
12011,FL,Broward,STROKE,3.7,1962531
12013,FL,Calhoun,ARTHRITIS,30.5,13470
12013,FL,Calhoun,BPHIGH,40.3,13470
12013,FL,Calhoun,CANCER,9.2,13470
12013,FL,Calhoun,CHD,9.2,13470
12013,FL,Calhoun,COPD,11.1,13470
12013,FL,Calhoun,DIABETES,15.2,13470
12013,FL,Calhoun,OBESITY,40.0,13470
12013,FL,Calhoun,STROKE,4.8,13470
12015,FL,Charlotte,ARTHRITIS,38.5,206134
12015,FL,Charlotte,BPHIGH,45.1,206134
12015,FL,Charlotte,CANCER,14.4,206134
12015,FL,Charlotte,CHD,10.7,206134
12015,FL,Charlotte,COPD,9.7,206134
12015,FL,Charlotte,DIABETES,15.6,206134
12015,FL,Charlotte,OBESITY,30.6,206134
12015,FL,Charlotte,STROKE,5.0,206134
12017,FL,Citrus,ARTHRITIS,36.5,166696
12017,FL,Citrus,BPHIGH,42.6,166696
12017,FL,Citrus,CANCER,13.4,166696
12017,FL,Citrus,CHD,11.1,166696
12017,FL,Citrus,COPD,11.1,166696
12017,FL,Citrus,DIABETES,15.8,166696
12017,FL,Citrus,OBESITY,32.3,166696
12017,FL,Citrus,STROKE,5.3,166696
12019,FL,Clay,ARTHRITIS,26.2,232439
12019,FL,Clay,BPHIGH,36.9,232439
12019,FL,Clay,CANCER,9.0,232439
12019,FL,Clay,CHD,6.6,232439
12019,FL,Clay,COPD,7.0,232439
12019,FL,Clay,DIABETES,12.2,232439
12019,FL,Clay,OBESITY,34.9,232439
12019,FL,Clay,STROKE,3.4,232439
12021,FL,Collier,ARTHRITIS,31.3,404310
12021,FL,Collier,BPHIGH,39.2,404310
12021,FL,Collier,CANCER,13.3,404310
12021,FL,Collier,CHD,9.4,404310
12021,FL,Collier,COPD,8.0,404310
12021,FL,Collier,DIABETES,13.7,404310
12021,FL,Collier,OBESITY,26.6,404310
12021,FL,Collier,STROKE,4.4,404310
12023,FL,Columbia,ARTHRITIS,31.0,73063
12023,FL,Columbia,BPHIGH,41.5,73063
12023,FL,Columbia,CANCER,9.3,73063
12023,FL,Columbia,CHD,8.9,73063
12023,FL,Columbia,COPD,10.1,73063
12023,FL,Columbia,DIABETES,15.1,73063
12023,FL,Columbia,OBESITY,39.7,73063
12023,FL,Columbia,STROKE,4.6,73063
12027,FL,DeSoto,ARTHRITIS,30.7,35979
12027,FL,DeSoto,BPHIGH,42.4,35979
12027,FL,DeSoto,CANCER,9.3,35979
12027,FL,DeSoto,CHD,10.7,35979
12027,FL,DeSoto,COPD,12.1,35979
12027,FL,DeSoto,DIABETES,17.6,35979
12027,FL,DeSoto,OBESITY,41.0,35979
12027,FL,DeSoto,STROKE,5.5,35979
12029,FL,Dixie,ARTHRITIS,34.7,17465
12029,FL,Dixie,BPHIGH,43.3,17465
12029,FL,Dixie,CANCER,10.6,17465
12029,FL,Dixie,CHD,10.6,17465
12029,FL,Dixie,COPD,12.2,17465
12029,FL,Dixie,DIABETES,16.1,17465
12029,FL,Dixie,OBESITY,34.7,17465
12029,FL,Dixie,STROKE,5.3,17465
12031,FL,Duval,ARTHRITIS,25.2,1030822
12031,FL,Duval,BPHIGH,35.4,1030822
12031,FL,Duval,CANCER,7.4,1030822
12031,FL,Duval,CHD,6.3,1030822
12031,FL,Duval,COPD,7.0,1030822
12031,FL,Duval,DIABETES,12.8,1030822
12031,FL,Duval,OBESITY,34.3,1030822
12031,FL,Duval,STROKE,3.5,1030822
12033,FL,Escambia,ARTHRITIS,27.3,326928
12033,FL,Escambia,BPHIGH,38.8,326928
12033,FL,Escambia,CANCER,8.6,326928
12033,FL,Escambia,CHD,7.2,326928
12033,FL,Escambia,COPD,7.8,326928
12033,FL,Escambia,DIABETES,12.8,326928
12033,FL,Escambia,OBESITY,35.8,326928
12033,FL,Escambia,STROKE,3.8,326928
12035,FL,Flagler,ARTHRITIS,33.6,131439
12035,FL,Flagler,BPHIGH,39.2,131439
12035,FL,Flagler,CANCER,12.1,131439
12035,FL,Flagler,CHD,9.0,131439
12035,FL,Flagler,COPD,8.6,131439
12035,FL,Flagler,DIABETES,13.7,131439
12035,FL,Flagler,OBESITY,30.6,131439
12035,FL,Flagler,STROKE,4.4,131439
12037,FL,Franklin,ARTHRITIS,32.2,12594
12037,FL,Franklin,BPHIGH,44.0,12594
12037,FL,Franklin,CANCER,11.3,12594
12037,FL,Franklin,CHD,9.8,12594
12037,FL,Franklin,COPD,10.8,12594
12037,FL,Franklin,DIABETES,15.3,12594
12037,FL,Franklin,OBESITY,32.3,12594
12037,FL,Franklin,STROKE,4.9,12594
12039,FL,Gadsden,ARTHRITIS,31.2,43833
12039,FL,Gadsden,BPHIGH,44.6,43833
12039,FL,Gadsden,CANCER,7.9,43833
12039,FL,Gadsden,CHD,9.3,43833
12039,FL,Gadsden,COPD,11.0,43833
12039,FL,Gadsden,DIABETES,19.2,43833
12039,FL,Gadsden,OBESITY,44.6,43833
12039,FL,Gadsden,STROKE,5.9,43833
12041,FL,Gilchrist,ARTHRITIS,29.6,19587
12041,FL,Gilchrist,BPHIGH,36.3,19587
12041,FL,Gilchrist,CANCER,10.2,19587
12041,FL,Gilchrist,CHD,8.3,19587
12041,FL,Gilchrist,COPD,9.7,19587
12041,FL,Gilchrist,DIABETES,12.8,19587
12041,FL,Gilchrist,OBESITY,34.5,19587
12041,FL,Gilchrist,STROKE,4.2,19587
12043,FL,Glades,ARTHRITIS,30.5,12786
12043,FL,Glades,BPHIGH,44.0,12786
12043,FL,Glades,CANCER,9.7,12786
12043,FL,Glades,CHD,10.9,12786
12043,FL,Glades,COPD,11.7,12786
12043,FL,Glades,DIABETES,17.7,12786
12043,FL,Glades,OBESITY,37.1,12786
12043,FL,Glades,STROKE,5.5,12786
12045,FL,Gulf,ARTHRITIS,30.8,15693
12045,FL,Gulf,BPHIGH,40.5,15693
12045,FL,Gulf,CANCER,10.4,15693
12045,FL,Gulf,CHD,8.3,15693
12045,FL,Gulf,COPD,9.1,15693
12045,FL,Gulf,DIABETES,14.1,15693
12045,FL,Gulf,OBESITY,35.3,15693
12045,FL,Gulf,STROKE,4.2,15693
12047,FL,Hamilton,ARTHRITIS,31.4,13471
12047,FL,Hamilton,BPHIGH,44.3,13471
12047,FL,Hamilton,CANCER,8.6,13471
12047,FL,Hamilton,CHD,9.9,13471
12047,FL,Hamilton,COPD,12.1,13471
12047,FL,Hamilton,DIABETES,17.6,13471
12047,FL,Hamilton,OBESITY,41.5,13471
12047,FL,Hamilton,STROKE,5.5,13471
12049,FL,Hardee,ARTHRITIS,27.0,25760
12049,FL,Hardee,BPHIGH,36.9,25760
12049,FL,Hardee,CANCER,7.8,25760
12049,FL,Hardee,CHD,8.6,25760
12049,FL,Hardee,COPD,9.5,25760
12049,FL,Hardee,DIABETES,15.6,25760
12049,FL,Hardee,OBESITY,39.9,25760
12049,FL,Hardee,STROKE,4.4,25760
12051,FL,Hendry,ARTHRITIS,23.2,43333
12051,FL,Hendry,BPHIGH,37.2,43333
12051,FL,Hendry,CANCER,6.2,43333
12051,FL,Hendry,CHD,8.0,43333
12051,FL,Hendry,COPD,8.5,43333
12051,FL,Hendry,DIABETES,16.8,43333
12051,FL,Hendry,OBESITY,37.6,43333
12051,FL,Hendry,STROKE,4.2,43333
12053,FL,Hernando,ARTHRITIS,31.3,212807
12053,FL,Hernando,BPHIGH,38.5,212807
12053,FL,Hernando,CANCER,11.1,212807
12053,FL,Hernando,CHD,8.9,212807
12053,FL,Hernando,COPD,9.1,212807
12053,FL,Hernando,DIABETES,14.9,212807
12053,FL,Hernando,OBESITY,36.1,212807
12053,FL,Hernando,STROKE,4.4,212807
12055,FL,Highlands,ARTHRITIS,37.5,107614
12055,FL,Highlands,BPHIGH,46.1,107614
12055,FL,Highlands,CANCER,12.9,107614
12055,FL,Highlands,CHD,11.7,107614
12055,FL,Highlands,COPD,11.0,107614
12055,FL,Highlands,DIABETES,18.3,107614
12055,FL,Highlands,OBESITY,36.7,107614
12055,FL,Highlands,STROKE,5.6,107614
12057,FL,Hillsborough,ARTHRITIS,22.3,1535564
12057,FL,Hillsborough,BPHIGH,34.4,1535564
12057,FL,Hillsborough,CANCER,7.2,1535564
12057,FL,Hillsborough,CHD,6.0,1535564
12057,FL,Hillsborough,COPD,6.0,1535564
12057,FL,Hillsborough,DIABETES,12.5,1535564
12057,FL,Hillsborough,OBESITY,31.6,1535564
12057,FL,Hillsborough,STROKE,3.2,1535564
12059,FL,Holmes,ARTHRITIS,30.8,19944
12059,FL,Holmes,BPHIGH,41.0,19944
12059,FL,Holmes,CANCER,9.8,19944
12059,FL,Holmes,CHD,9.0,19944
12059,FL,Holmes,COPD,10.9,19944
12059,FL,Holmes,DIABETES,14.5,19944
12059,FL,Holmes,OBESITY,36.3,19944
12059,FL,Holmes,STROKE,4.6,19944
12061,FL,Indian River,ARTHRITIS,34.0,169795
12061,FL,Indian River,BPHIGH,40.0,169795
12061,FL,Indian River,CANCER,13.1,169795
12061,FL,Indian River,CHD,9.7,169795
12061,FL,Indian River,COPD,8.8,169795
12061,FL,Indian River,DIABETES,14.3,169795
12061,FL,Indian River,OBESITY,26.6,169795
12061,FL,Indian River,STROKE,4.6,169795
12063,FL,Jackson,ARTHRITIS,29.6,48622
12063,FL,Jackson,BPHIGH,41.9,48622
12063,FL,Jackson,CANCER,9.0,48622
12063,FL,Jackson,CHD,9.1,48622
12063,FL,Jackson,COPD,10.3,48622
12063,FL,Jackson,DIABETES,15.6,48622
12063,FL,Jackson,OBESITY,38.7,48622
12063,FL,Jackson,STROKE,5.0,48622
12065,FL,Jefferson,ARTHRITIS,30.5,15450
12065,FL,Jefferson,BPHIGH,46.3,15450
12065,FL,Jefferson,CANCER,10.0,15450
12065,FL,Jefferson,CHD,9.3,15450
12065,FL,Jefferson,COPD,10.3,15450
12065,FL,Jefferson,DIABETES,16.3,15450
12065,FL,Jefferson,OBESITY,35.1,15450
12065,FL,Jefferson,STROKE,5.2,15450
12067,FL,Lafayette,ARTHRITIS,28.3,8078
12067,FL,Lafayette,BPHIGH,39.4,8078
12067,FL,Lafayette,CANCER,8.9,8078
12067,FL,Lafayette,CHD,8.8,8078
12067,FL,Lafayette,COPD,10.6,8078
12067,FL,Lafayette,DIABETES,14.6,8078
12067,FL,Lafayette,OBESITY,34.7,8078
12067,FL,Lafayette,STROKE,4.5,8078
12069,FL,Lake,ARTHRITIS,30.2,424462
12069,FL,Lake,BPHIGH,38.9,424462
12069,FL,Lake,CANCER,10.9,424462
12069,FL,Lake,CHD,8.5,424462
12069,FL,Lake,COPD,8.0,424462
12069,FL,Lake,DIABETES,14.5,424462
12069,FL,Lake,OBESITY,35.3,424462
12069,FL,Lake,STROKE,4.2,424462
12071,FL,Lee,ARTHRITIS,30.7,834573
12071,FL,Lee,BPHIGH,39.6,834573
12071,FL,Lee,CANCER,11.6,834573
12071,FL,Lee,CHD,8.9,834573
12071,FL,Lee,COPD,8.2,834573
12071,FL,Lee,DIABETES,14.5,834573
12071,FL,Lee,OBESITY,30.4,834573
12071,FL,Lee,STROKE,4.3,834573
12073,FL,Leon,ARTHRITIS,21.6,296913
12073,FL,Leon,BPHIGH,32.6,296913
12073,FL,Leon,CANCER,7.0,296913
12073,FL,Leon,CHD,5.5,296913
12073,FL,Leon,COPD,5.9,296913
12073,FL,Leon,DIABETES,10.6,296913
12073,FL,Leon,OBESITY,33.1,296913
12073,FL,Leon,STROKE,3.0,296913
12075,FL,Levy,ARTHRITIS,33.5,46545
12075,FL,Levy,BPHIGH,42.6,46545
12075,FL,Levy,CANCER,10.8,46545
12075,FL,Levy,CHD,9.9,46545
12075,FL,Levy,COPD,11.0,46545
12075,FL,Levy,DIABETES,16.1,46545
12075,FL,Levy,OBESITY,33.8,46545
12075,FL,Levy,STROKE,5.0,46545
12077,FL,Liberty,ARTHRITIS,27.9,7706
12077,FL,Liberty,BPHIGH,39.5,7706
12077,FL,Liberty,CANCER,8.1,7706
12077,FL,Liberty,CHD,8.4,7706
12077,FL,Liberty,COPD,10.0,7706
12077,FL,Liberty,DIABETES,14.3,7706
12077,FL,Liberty,OBESITY,44.5,7706
12077,FL,Liberty,STROKE,4.3,7706
12079,FL,Madison,ARTHRITIS,32.0,18519
12079,FL,Madison,BPHIGH,43.9,18519
12079,FL,Madison,CANCER,9.0,18519
12079,FL,Madison,CHD,9.4,18519
12079,FL,Madison,COPD,11.1,18519
12079,FL,Madison,DIABETES,16.8,18519
12079,FL,Madison,OBESITY,38.0,18519
12079,FL,Madison,STROKE,5.5,18519
12081,FL,Manatee,ARTHRITIS,30.1,441095
12081,FL,Manatee,BPHIGH,39.5,441095
12081,FL,Manatee,CANCER,11.8,441095
12081,FL,Manatee,CHD,8.8,441095
12081,FL,Manatee,COPD,8.3,441095
12081,FL,Manatee,DIABETES,14.0,441095
12081,FL,Manatee,OBESITY,32.1,441095
12081,FL,Manatee,STROKE,4.2,441095
12083,FL,Marion,ARTHRITIS,32.1,409959
12083,FL,Marion,BPHIGH,40.9,409959
12083,FL,Marion,CANCER,11.4,409959
12083,FL,Marion,CHD,9.7,409959
12083,FL,Marion,COPD,9.8,409959
12083,FL,Marion,DIABETES,14.9,409959
12083,FL,Marion,OBESITY,36.4,409959
12083,FL,Marion,STROKE,4.8,409959
12085,FL,Martin,ARTHRITIS,32.4,163315
12085,FL,Martin,BPHIGH,37.0,163315
12085,FL,Martin,CANCER,13.3,163315
12085,FL,Martin,CHD,9.4,163315
12085,FL,Martin,COPD,8.5,163315
12085,FL,Martin,DIABETES,13.6,163315
12085,FL,Martin,OBESITY,27.0,163315
12085,FL,Martin,STROKE,4.4,163315
12086,FL,Miami-Dade,ARTHRITIS,20.7,2686867
12086,FL,Miami-Dade,BPHIGH,33.8,2686867
12086,FL,Miami-Dade,CANCER,6.1,2686867
12086,FL,Miami-Dade,CHD,6.8,2686867
12086,FL,Miami-Dade,COPD,5.3,2686867
12086,FL,Miami-Dade,DIABETES,15.4,2686867
12086,FL,Miami-Dade,OBESITY,29.5,2686867
12086,FL,Miami-Dade,STROKE,3.6,2686867
12087,FL,Monroe,ARTHRITIS,27.9,80614
12087,FL,Monroe,BPHIGH,38.0,80614
12087,FL,Monroe,CANCER,10.7,80614
12087,FL,Monroe,CHD,7.9,80614
12087,FL,Monroe,COPD,7.2,80614
12087,FL,Monroe,DIABETES,13.2,80614
12087,FL,Monroe,OBESITY,25.8,80614
12087,FL,Monroe,STROKE,3.7,80614
12089,FL,Nassau,ARTHRITIS,28.9,101501
12089,FL,Nassau,BPHIGH,36.9,101501
12089,FL,Nassau,CANCER,11.3,101501
12089,FL,Nassau,CHD,7.4,101501
12089,FL,Nassau,COPD,7.6,101501
12089,FL,Nassau,DIABETES,11.6,101501
12089,FL,Nassau,OBESITY,33.7,101501
12089,FL,Nassau,STROKE,3.6,101501
12091,FL,Okaloosa,ARTHRITIS,25.7,218464
12091,FL,Okaloosa,BPHIGH,32.7,218464
12091,FL,Okaloosa,CANCER,8.6,218464
12091,FL,Okaloosa,CHD,6.1,218464
12091,FL,Okaloosa,COPD,6.6,218464
12091,FL,Okaloosa,DIABETES,10.8,218464
12091,FL,Okaloosa,OBESITY,30.7,218464
12091,FL,Okaloosa,STROKE,3.1,218464
12093,FL,Okeechobee,ARTHRITIS,29.4,41427
12093,FL,Okeechobee,BPHIGH,41.4,41427
12093,FL,Okeechobee,CANCER,9.5,41427
12093,FL,Okeechobee,CHD,9.4,41427
12093,FL,Okeechobee,COPD,10.5,41427
12093,FL,Okeechobee,DIABETES,15.6,41427
12093,FL,Okeechobee,OBESITY,43.9,41427
12093,FL,Okeechobee,STROKE,4.7,41427
12095,FL,Orange,ARTHRITIS,20.6,1471416
12095,FL,Orange,BPHIGH,32.0,1471416
12095,FL,Orange,CANCER,6.4,1471416
12095,FL,Orange,CHD,5.6,1471416
12095,FL,Orange,COPD,5.5,1471416
12095,FL,Orange,DIABETES,11.7,1471416
12095,FL,Orange,OBESITY,33.5,1471416
12095,FL,Orange,STROKE,3.0,1471416
12097,FL,Osceola,ARTHRITIS,21.3,437784
12097,FL,Osceola,BPHIGH,34.8,437784
12097,FL,Osceola,CANCER,6.3,437784
12097,FL,Osceola,CHD,5.9,437784
12097,FL,Osceola,COPD,5.5,437784
12097,FL,Osceola,DIABETES,13.4,437784
12097,FL,Osceola,OBESITY,39.8,437784
12097,FL,Osceola,STROKE,3.1,437784
12099,FL,Palm Beach,ARTHRITIS,28.7,1533801
12099,FL,Palm Beach,BPHIGH,36.3,1533801
12099,FL,Palm Beach,CANCER,10.2,1533801
12099,FL,Palm Beach,CHD,7.9,1533801
12099,FL,Palm Beach,COPD,7.1,1533801
12099,FL,Palm Beach,DIABETES,13.7,1533801
12099,FL,Palm Beach,OBESITY,26.6,1533801
12099,FL,Palm Beach,STROKE,4.0,1533801
12101,FL,Pasco,ARTHRITIS,28.3,632996
12101,FL,Pasco,BPHIGH,38.2,632996
12101,FL,Pasco,CANCER,9.9,632996
12101,FL,Pasco,CHD,7.7,632996
12101,FL,Pasco,COPD,7.8,632996
12101,FL,Pasco,DIABETES,12.8,632996
12101,FL,Pasco,OBESITY,31.8,632996
12101,FL,Pasco,STROKE,3.8,632996
12103,FL,Pinellas,ARTHRITIS,30.4,961596
12103,FL,Pinellas,BPHIGH,37.3,961596
12103,FL,Pinellas,CANCER,11.3,961596
12103,FL,Pinellas,CHD,8.2,961596
12103,FL,Pinellas,COPD,8.1,961596
12103,FL,Pinellas,DIABETES,13.1,961596
12103,FL,Pinellas,OBESITY,31.5,961596
12103,FL,Pinellas,STROKE,4.0,961596
12105,FL,Polk,ARTHRITIS,27.5,818330
12105,FL,Polk,BPHIGH,36.2,818330
12105,FL,Polk,CANCER,8.5,818330
12105,FL,Polk,CHD,7.7,818330
12105,FL,Polk,COPD,8.0,818330
12105,FL,Polk,DIABETES,13.6,818330
12105,FL,Polk,OBESITY,40.2,818330
12105,FL,Polk,STROKE,4.0,818330
12107,FL,Putnam,ARTHRITIS,33.9,75955
12107,FL,Putnam,BPHIGH,43.4,75955
12107,FL,Putnam,CANCER,10.3,75955
12107,FL,Putnam,CHD,10.8,75955
12107,FL,Putnam,COPD,13.0,75955
12107,FL,Putnam,DIABETES,17.5,75955
12107,FL,Putnam,OBESITY,33.1,75955
12107,FL,Putnam,STROKE,5.7,75955
12109,FL,St. Johns,ARTHRITIS,27.1,320110
12109,FL,St. Johns,BPHIGH,34.6,320110
12109,FL,St. Johns,CANCER,10.6,320110
12109,FL,St. Johns,CHD,6.5,320110
12109,FL,St. Johns,COPD,6.0,320110
12109,FL,St. Johns,DIABETES,10.6,320110
12109,FL,St. Johns,OBESITY,29.2,320110
12109,FL,St. Johns,STROKE,3.1,320110
12111,FL,St. Lucie,ARTHRITIS,29.5,373586
12111,FL,St. Lucie,BPHIGH,39.9,373586
12111,FL,St. Lucie,CANCER,10.0,373586
12111,FL,St. Lucie,CHD,8.4,373586
12111,FL,St. Lucie,COPD,8.3,373586
12111,FL,St. Lucie,DIABETES,14.5,373586
12111,FL,St. Lucie,OBESITY,31.5,373586
12111,FL,St. Lucie,STROKE,4.3,373586
12113,FL,Santa Rosa,ARTHRITIS,26.6,203162
12113,FL,Santa Rosa,BPHIGH,35.3,203162
12113,FL,Santa Rosa,CANCER,9.2,203162
12113,FL,Santa Rosa,CHD,6.4,203162
12113,FL,Santa Rosa,COPD,6.8,203162
12113,FL,Santa Rosa,DIABETES,10.9,203162
12113,FL,Santa Rosa,OBESITY,32.1,203162
12113,FL,Santa Rosa,STROKE,3.2,203162
12115,FL,Sarasota,ARTHRITIS,34.0,469013
12115,FL,Sarasota,BPHIGH,41.4,469013
12115,FL,Sarasota,CANCER,14.1,469013
12115,FL,Sarasota,CHD,9.4,469013
12115,FL,Sarasota,COPD,8.4,469013
12115,FL,Sarasota,DIABETES,13.0,469013
12115,FL,Sarasota,OBESITY,29.2,469013
12115,FL,Sarasota,STROKE,4.4,469013
12117,FL,Seminole,ARTHRITIS,22.8,484271
12117,FL,Seminole,BPHIGH,32.2,484271
12117,FL,Seminole,CANCER,8.1,484271
12117,FL,Seminole,CHD,5.9,484271
12117,FL,Seminole,COPD,5.6,484271
12117,FL,Seminole,DIABETES,11.0,484271
12117,FL,Seminole,OBESITY,29.5,484271
12117,FL,Seminole,STROKE,3.0,484271
12119,FL,Sumter,ARTHRITIS,41.5,151565
12119,FL,Sumter,BPHIGH,48.0,151565
12119,FL,Sumter,CANCER,17.8,151565
12119,FL,Sumter,CHD,12.1,151565
12119,FL,Sumter,COPD,10.1,151565
12119,FL,Sumter,DIABETES,16.0,151565
12119,FL,Sumter,OBESITY,29.5,151565
12119,FL,Sumter,STROKE,5.5,151565
12121,FL,Suwannee,ARTHRITIS,31.1,46130
12121,FL,Suwannee,BPHIGH,40.9,46130
12121,FL,Suwannee,CANCER,9.9,46130
12121,FL,Suwannee,CHD,9.3,46130
12121,FL,Suwannee,COPD,10.5,46130
12121,FL,Suwannee,DIABETES,15.0,46130
12121,FL,Suwannee,OBESITY,38.3,46130
12121,FL,Suwannee,STROKE,4.7,46130
12123,FL,Taylor,ARTHRITIS,32.0,21582
12123,FL,Taylor,BPHIGH,44.3,21582
12123,FL,Taylor,CANCER,9.6,21582
12123,FL,Taylor,CHD,9.7,21582
12123,FL,Taylor,COPD,11.5,21582
12123,FL,Taylor,DIABETES,15.9,21582
12123,FL,Taylor,OBESITY,40.8,21582
12123,FL,Taylor,STROKE,5.1,21582
12125,FL,Union,ARTHRITIS,28.1,15532
12125,FL,Union,BPHIGH,41.0,15532
12125,FL,Union,CANCER,8.2,15532
12125,FL,Union,CHD,8.5,15532
12125,FL,Union,COPD,10.0,15532
12125,FL,Union,DIABETES,14.5,15532
12125,FL,Union,OBESITY,41.6,15532
12125,FL,Union,STROKE,4.5,15532
12127,FL,Volusia,ARTHRITIS,28.8,590357
12127,FL,Volusia,BPHIGH,39.1,590357
12127,FL,Volusia,CANCER,10.6,590357
12127,FL,Volusia,CHD,8.3,590357
12127,FL,Volusia,COPD,8.4,590357
12127,FL,Volusia,DIABETES,13.5,590357
12127,FL,Volusia,OBESITY,32.7,590357
12127,FL,Volusia,STROKE,4.1,590357
12129,FL,Wakulla,ARTHRITIS,27.5,36449
12129,FL,Wakulla,BPHIGH,37.4,36449
12129,FL,Wakulla,CANCER,9.0,36449
12129,FL,Wakulla,CHD,6.9,36449
12129,FL,Wakulla,COPD,7.8,36449
12129,FL,Wakulla,DIABETES,12.6,36449
12129,FL,Wakulla,OBESITY,38.9,36449
12129,FL,Wakulla,STROKE,3.5,36449
12131,FL,Walton,ARTHRITIS,29.0,86354
12131,FL,Walton,BPHIGH,36.3,86354
12131,FL,Walton,CANCER,10.3,86354
12131,FL,Walton,CHD,7.4,86354
12131,FL,Walton,COPD,7.7,86354
12131,FL,Walton,DIABETES,12.3,86354
12131,FL,Walton,OBESITY,30.1,86354
12131,FL,Walton,STROKE,3.6,86354
12133,FL,Washington,ARTHRITIS,31.5,25602
12133,FL,Washington,BPHIGH,42.3,25602
12133,FL,Washington,CANCER,9.2,25602
12133,FL,Washington,CHD,8.9,25602
12133,FL,Washington,COPD,10.7,25602
12133,FL,Washington,DIABETES,15.1,25602
12133,FL,Washington,OBESITY,40.1,25602
12133,FL,Washington,STROKE,4.6,25602
13001,GA,Appling,ARTHRITIS,31.3,18457
13001,GA,Appling,BPHIGH,43.5,18457
13001,GA,Appling,CANCER,8.5,18457
13001,GA,Appling,CHD,9.1,18457
13001,GA,Appling,COPD,11.0,18457
13001,GA,Appling,DIABETES,17.4,18457
13001,GA,Appling,OBESITY,40.6,18457
13001,GA,Appling,STROKE,5.2,18457
13003,GA,Atkinson,ARTHRITIS,28.8,8293
13003,GA,Atkinson,BPHIGH,42.5,8293
13003,GA,Atkinson,CANCER,6.8,8293
13003,GA,Atkinson,CHD,8.7,8293
13003,GA,Atkinson,COPD,11.0,8293
13003,GA,Atkinson,DIABETES,18.0,8293
13003,GA,Atkinson,OBESITY,44.0,8293
13003,GA,Atkinson,STROKE,5.1,8293
13005,GA,Bacon,ARTHRITIS,29.0,11124
13005,GA,Bacon,BPHIGH,40.4,11124
13005,GA,Bacon,CANCER,8.2,11124
13005,GA,Bacon,CHD,7.9,11124
13005,GA,Bacon,COPD,9.5,11124
13005,GA,Bacon,DIABETES,14.9,11124
13005,GA,Bacon,OBESITY,36.9,11124
13005,GA,Bacon,STROKE,4.4,11124
13007,GA,Baker,ARTHRITIS,35.8,2743
13007,GA,Baker,BPHIGH,51.6,2743
13007,GA,Baker,CANCER,8.9,2743
13007,GA,Baker,CHD,11.3,2743
13007,GA,Baker,COPD,12.4,2743
13007,GA,Baker,DIABETES,22.9,2743
13007,GA,Baker,OBESITY,43.3,2743
13007,GA,Baker,STROKE,6.9,2743
13009,GA,Baldwin,ARTHRITIS,26.4,43396
13009,GA,Baldwin,BPHIGH,40.1,43396
13009,GA,Baldwin,CANCER,6.9,43396
13009,GA,Baldwin,CHD,7.2,43396
13009,GA,Baldwin,COPD,8.1,43396
13009,GA,Baldwin,DIABETES,15.3,43396
13009,GA,Baldwin,OBESITY,38.7,43396
13009,GA,Baldwin,STROKE,4.4,43396
13011,GA,Banks,ARTHRITIS,28.9,19789
13011,GA,Banks,BPHIGH,39.0,19789
13011,GA,Banks,CANCER,8.9,19789
13011,GA,Banks,CHD,7.6,19789
13011,GA,Banks,COPD,8.8,19789
13011,GA,Banks,DIABETES,13.8,19789
13011,GA,Banks,OBESITY,34.5,19789
13011,GA,Banks,STROKE,4.0,19789
13013,GA,Barrow,ARTHRITIS,25.1,92792
13013,GA,Barrow,BPHIGH,35.6,92792
13013,GA,Barrow,CANCER,6.9,92792
13013,GA,Barrow,CHD,5.7,92792
13013,GA,Barrow,COPD,6.5,92792
13013,GA,Barrow,DIABETES,12.2,92792
13013,GA,Barrow,OBESITY,35.3,92792
13013,GA,Barrow,STROKE,3.2,92792
13015,GA,Bartow,ARTHRITIS,26.9,115041
13015,GA,Bartow,BPHIGH,36.8,115041
13015,GA,Bartow,CANCER,7.9,115041
13015,GA,Bartow,CHD,6.2,115041
13015,GA,Bartow,COPD,7.1,115041
13015,GA,Bartow,DIABETES,12.0,115041
13015,GA,Bartow,OBESITY,38.7,115041
13015,GA,Bartow,STROKE,3.4,115041
13017,GA,Ben Hill,ARTHRITIS,31.6,17128
13017,GA,Ben Hill,BPHIGH,46.6,17128
13017,GA,Ben Hill,CANCER,7.8,17128
13017,GA,Ben Hill,CHD,9.0,17128
13017,GA,Ben Hill,COPD,11.1,17128
13017,GA,Ben Hill,DIABETES,19.1,17128
13017,GA,Ben Hill,OBESITY,41.5,17128
13017,GA,Ben Hill,STROKE,5.6,17128
13019,GA,Berrien,ARTHRITIS,31.3,18570
13019,GA,Berrien,BPHIGH,41.7,18570
13019,GA,Berrien,CANCER,8.6,18570
13019,GA,Berrien,CHD,8.8,18570
13019,GA,Berrien,COPD,10.7,18570
13019,GA,Berrien,DIABETES,16.0,18570
13019,GA,Berrien,OBESITY,38.1,18570
13019,GA,Berrien,STROKE,4.8,18570
13021,GA,Bibb,ARTHRITIS,28.0,156512
13021,GA,Bibb,BPHIGH,44.6,156512
13021,GA,Bibb,CANCER,6.9,156512
13021,GA,Bibb,CHD,7.3,156512
13021,GA,Bibb,COPD,8.4,156512
13021,GA,Bibb,DIABETES,16.9,156512
13021,GA,Bibb,OBESITY,44.7,156512
13021,GA,Bibb,STROKE,4.8,156512
13023,GA,Bleckley,ARTHRITIS,29.9,12465
13023,GA,Bleckley,BPHIGH,40.2,12465
13023,GA,Bleckley,CANCER,8.3,12465
13023,GA,Bleckley,CHD,7.7,12465
13023,GA,Bleckley,COPD,8.8,12465
13023,GA,Bleckley,DIABETES,14.7,12465
13023,GA,Bleckley,OBESITY,37.7,12465
13023,GA,Bleckley,STROKE,4.3,12465
13025,GA,Brantley,ARTHRITIS,30.7,18401
13025,GA,Brantley,BPHIGH,40.3,18401
13025,GA,Brantley,CANCER,9.0,18401
13025,GA,Brantley,CHD,8.4,18401
13025,GA,Brantley,COPD,10.3,18401
13025,GA,Brantley,DIABETES,14.4,18401
13025,GA,Brantley,OBESITY,39.0,18401
13025,GA,Brantley,STROKE,4.4,18401
13027,GA,Brooks,ARTHRITIS,33.6,16245
13027,GA,Brooks,BPHIGH,47.9,16245
13027,GA,Brooks,CANCER,8.7,16245
13027,GA,Brooks,CHD,10.0,16245
13027,GA,Brooks,COPD,11.6,16245
13027,GA,Brooks,DIABETES,20.0,16245
13027,GA,Brooks,OBESITY,40.2,16245
13027,GA,Brooks,STROKE,5.9,16245
13029,GA,Bryan,ARTHRITIS,22.3,49739
13029,GA,Bryan,BPHIGH,32.8,49739
13029,GA,Bryan,CANCER,7.0,49739
13029,GA,Bryan,CHD,4.7,49739
13029,GA,Bryan,COPD,5.0,49739
13029,GA,Bryan,DIABETES,10.0,49739
13029,GA,Bryan,OBESITY,33.5,49739
13029,GA,Bryan,STROKE,2.6,49739
13031,GA,Bulloch,ARTHRITIS,22.2,84327
13031,GA,Bulloch,BPHIGH,35.1,84327
13031,GA,Bulloch,CANCER,6.1,84327
13031,GA,Bulloch,CHD,5.6,84327
13031,GA,Bulloch,COPD,6.6,84327
13031,GA,Bulloch,DIABETES,11.5,84327
13031,GA,Bulloch,OBESITY,38.9,84327
13031,GA,Bulloch,STROKE,3.3,84327
13033,GA,Burke,ARTHRITIS,31.3,24438
13033,GA,Burke,BPHIGH,45.7,24438
13033,GA,Burke,CANCER,7.4,24438
13033,GA,Burke,CHD,8.3,24438
13033,GA,Burke,COPD,9.8,24438
13033,GA,Burke,DIABETES,18.3,24438
13033,GA,Burke,OBESITY,40.1,24438
13033,GA,Burke,STROKE,5.2,24438
13035,GA,Butts,ARTHRITIS,26.3,26887
13035,GA,Butts,BPHIGH,39.6,26887
13035,GA,Butts,CANCER,7.3,26887
13035,GA,Butts,CHD,6.8,26887
13035,GA,Butts,COPD,8.0,26887
13035,GA,Butts,DIABETES,13.8,26887
13035,GA,Butts,OBESITY,38.2,26887
13035,GA,Butts,STROKE,4.0,26887
13037,GA,Calhoun,ARTHRITIS,27.2,5457
13037,GA,Calhoun,BPHIGH,46.9,5457
13037,GA,Calhoun,CANCER,6.1,5457
13037,GA,Calhoun,CHD,8.1,5457
13037,GA,Calhoun,COPD,9.3,5457
13037,GA,Calhoun,DIABETES,18.5,5457
13037,GA,Calhoun,OBESITY,43.6,5457
13037,GA,Calhoun,STROKE,5.4,5457
13039,GA,Camden,ARTHRITIS,25.1,58118
13039,GA,Camden,BPHIGH,35.7,58118
13039,GA,Camden,CANCER,7.4,58118
13039,GA,Camden,CHD,6.2,58118
13039,GA,Camden,COPD,6.9,58118
13039,GA,Camden,DIABETES,12.3,58118
13039,GA,Camden,OBESITY,37.2,58118
13039,GA,Camden,STROKE,3.5,58118
13043,GA,Candler,ARTHRITIS,29.9,11059
13043,GA,Candler,BPHIGH,42.7,11059
13043,GA,Candler,CANCER,8.1,11059
13043,GA,Candler,CHD,8.4,11059
13043,GA,Candler,COPD,9.8,11059
13043,GA,Candler,DIABETES,16.5,11059
13043,GA,Candler,OBESITY,42.2,11059
13043,GA,Candler,STROKE,4.9,11059
13045,GA,Carroll,ARTHRITIS,26.1,127098
13045,GA,Carroll,BPHIGH,36.7,127098
13045,GA,Carroll,CANCER,7.2,127098
13045,GA,Carroll,CHD,6.3,127098
13045,GA,Carroll,COPD,7.3,127098
13045,GA,Carroll,DIABETES,12.8,127098
13045,GA,Carroll,OBESITY,34.2,127098
13045,GA,Carroll,STROKE,3.5,127098
13047,GA,Catoosa,ARTHRITIS,27.8,68910
13047,GA,Catoosa,BPHIGH,36.3,68910
13047,GA,Catoosa,CANCER,9.3,68910
13047,GA,Catoosa,CHD,6.9,68910
13047,GA,Catoosa,COPD,7.5,68910
13047,GA,Catoosa,DIABETES,12.5,68910
13047,GA,Catoosa,OBESITY,34.1,68910
13047,GA,Catoosa,STROKE,3.6,68910
13049,GA,Charlton,ARTHRITIS,26.7,12934
13049,GA,Charlton,BPHIGH,41.2,12934
13049,GA,Charlton,CANCER,6.8,12934
13049,GA,Charlton,CHD,7.8,12934
13049,GA,Charlton,COPD,9.1,12934
13049,GA,Charlton,DIABETES,16.1,12934
13049,GA,Charlton,OBESITY,41.5,12934
13049,GA,Charlton,STROKE,4.5,12934
13051,GA,Chatham,ARTHRITIS,25.2,303655
13051,GA,Chatham,BPHIGH,38.8,303655
13051,GA,Chatham,CANCER,7.2,303655
13051,GA,Chatham,CHD,6.1,303655
13051,GA,Chatham,COPD,6.4,303655
13051,GA,Chatham,DIABETES,13.1,303655
13051,GA,Chatham,OBESITY,33.0,303655
13051,GA,Chatham,STROKE,3.7,303655
13053,GA,Chattahoochee,ARTHRITIS,13.9,8661
13053,GA,Chattahoochee,BPHIGH,25.7,8661
13053,GA,Chattahoochee,CANCER,3.2,8661
13053,GA,Chattahoochee,CHD,3.4,8661
13053,GA,Chattahoochee,COPD,4.3,8661
13053,GA,Chattahoochee,DIABETES,7.5,8661
13053,GA,Chattahoochee,OBESITY,35.8,8661
13053,GA,Chattahoochee,STROKE,2.0,8661
13055,GA,Chattooga,ARTHRITIS,31.3,25222
13055,GA,Chattooga,BPHIGH,42.0,25222
13055,GA,Chattooga,CANCER,8.7,25222
13055,GA,Chattooga,CHD,8.9,25222
13055,GA,Chattooga,COPD,11.3,25222
13055,GA,Chattooga,DIABETES,16.0,25222
13055,GA,Chattooga,OBESITY,35.2,25222
13055,GA,Chattooga,STROKE,4.9,25222
13057,GA,Cherokee,ARTHRITIS,24.8,286602
13057,GA,Cherokee,BPHIGH,34.1,286602
13057,GA,Cherokee,CANCER,8.5,286602
13057,GA,Cherokee,CHD,5.7,286602
13057,GA,Cherokee,COPD,5.6,286602
13057,GA,Cherokee,DIABETES,11.0,286602
13057,GA,Cherokee,OBESITY,33.5,286602
13057,GA,Cherokee,STROKE,2.9,286602
13059,GA,Clarke,ARTHRITIS,20.2,129933
13059,GA,Clarke,BPHIGH,31.1,129933
13059,GA,Clarke,CANCER,5.5,129933
13059,GA,Clarke,CHD,5.1,129933
13059,GA,Clarke,COPD,5.8,129933
13059,GA,Clarke,DIABETES,10.9,129933
13059,GA,Clarke,OBESITY,30.2,129933
13059,GA,Clarke,STROKE,3.0,129933
13061,GA,Clay,ARTHRITIS,35.1,2853
13061,GA,Clay,BPHIGH,52.1,2853
13061,GA,Clay,CANCER,9.2,2853
13061,GA,Clay,CHD,10.5,2853
13061,GA,Clay,COPD,11.0,2853
13061,GA,Clay,DIABETES,21.5,2853
13061,GA,Clay,OBESITY,41.2,2853
13061,GA,Clay,STROKE,6.6,2853
13063,GA,Clayton,ARTHRITIS,23.4,298300
13063,GA,Clayton,BPHIGH,41.4,298300
13063,GA,Clayton,CANCER,4.5,298300
13063,GA,Clayton,CHD,5.7,298300
13063,GA,Clayton,COPD,6.5,298300
13063,GA,Clayton,DIABETES,16.2,298300
13063,GA,Clayton,OBESITY,45.2,298300
13063,GA,Clayton,STROKE,4.3,298300
13065,GA,Clinch,ARTHRITIS,30.4,6746
13065,GA,Clinch,BPHIGH,43.8,6746
13065,GA,Clinch,CANCER,8.0,6746
13065,GA,Clinch,CHD,8.8,6746
13065,GA,Clinch,COPD,11.0,6746
13065,GA,Clinch,DIABETES,17.3,6746
13065,GA,Clinch,OBESITY,41.9,6746
13065,GA,Clinch,STROKE,5.2,6746
13067,GA,Cobb,ARTHRITIS,21.4,776743
13067,GA,Cobb,BPHIGH,32.1,776743
13067,GA,Cobb,CANCER,7.0,776743
13067,GA,Cobb,CHD,4.9,776743
13067,GA,Cobb,COPD,4.8,776743
13067,GA,Cobb,DIABETES,10.9,776743
13067,GA,Cobb,OBESITY,29.9,776743
13067,GA,Cobb,STROKE,2.8,776743
13069,GA,Coffee,ARTHRITIS,28.3,43317
13069,GA,Coffee,BPHIGH,41.5,43317
13069,GA,Coffee,CANCER,6.9,43317
13069,GA,Coffee,CHD,7.8,43317
13069,GA,Coffee,COPD,9.8,43317
13069,GA,Coffee,DIABETES,16.1,43317
13069,GA,Coffee,OBESITY,39.3,43317
13069,GA,Coffee,STROKE,4.7,43317
13071,GA,Colquitt,ARTHRITIS,29.2,46167
13071,GA,Colquitt,BPHIGH,43.0,46167
13071,GA,Colquitt,CANCER,7.5,46167
13071,GA,Colquitt,CHD,8.1,46167
13071,GA,Colquitt,COPD,9.6,46167
13071,GA,Colquitt,DIABETES,16.7,46167
13071,GA,Colquitt,OBESITY,35.7,46167
13071,GA,Colquitt,STROKE,4.7,46167
13073,GA,Columbia,ARTHRITIS,24.3,165162
13073,GA,Columbia,BPHIGH,36.7,165162
13073,GA,Columbia,CANCER,7.7,165162
13073,GA,Columbia,CHD,5.4,165162
13073,GA,Columbia,COPD,5.5,165162
13073,GA,Columbia,DIABETES,11.9,165162
13073,GA,Columbia,OBESITY,33.1,165162
13073,GA,Columbia,STROKE,3.0,165162
13075,GA,Cook,ARTHRITIS,29.1,17714
13075,GA,Cook,BPHIGH,42.6,17714
13075,GA,Cook,CANCER,7.8,17714
13075,GA,Cook,CHD,8.3,17714
13075,GA,Cook,COPD,10.1,17714
13075,GA,Cook,DIABETES,16.5,17714
13075,GA,Cook,OBESITY,37.6,17714
13075,GA,Cook,STROKE,4.9,17714
13077,GA,Coweta,ARTHRITIS,25.2,155892
13077,GA,Coweta,BPHIGH,35.7,155892
13077,GA,Coweta,CANCER,7.9,155892
13077,GA,Coweta,CHD,5.7,155892
13077,GA,Coweta,COPD,5.9,155892
13077,GA,Coweta,DIABETES,12.4,155892
13077,GA,Coweta,OBESITY,35.7,155892
13077,GA,Coweta,STROKE,3.2,155892
13079,GA,Crawford,ARTHRITIS,30.7,12277
13079,GA,Crawford,BPHIGH,42.5,12277
13079,GA,Crawford,CANCER,8.8,12277
13079,GA,Crawford,CHD,7.9,12277
13079,GA,Crawford,COPD,9.0,12277
13079,GA,Crawford,DIABETES,15.5,12277
13079,GA,Crawford,OBESITY,37.3,12277
13079,GA,Crawford,STROKE,4.5,12277
13081,GA,Crisp,ARTHRITIS,32.7,19631
13081,GA,Crisp,BPHIGH,47.5,19631
13081,GA,Crisp,CANCER,8.2,19631
13081,GA,Crisp,CHD,9.4,19631
13081,GA,Crisp,COPD,11.0,19631
13081,GA,Crisp,DIABETES,19.4,19631
13081,GA,Crisp,OBESITY,44.6,19631
13081,GA,Crisp,STROKE,5.7,19631
13083,GA,Dade,ARTHRITIS,29.4,16165
13083,GA,Dade,BPHIGH,37.9,16165
13083,GA,Dade,CANCER,9.6,16165
13083,GA,Dade,CHD,7.4,16165
13083,GA,Dade,COPD,8.2,16165
13083,GA,Dade,DIABETES,12.6,16165
13083,GA,Dade,OBESITY,35.1,16165
13083,GA,Dade,STROKE,3.8,16165
13085,GA,Dawson,ARTHRITIS,27.3,31732
13085,GA,Dawson,BPHIGH,35.8,31732
13085,GA,Dawson,CANCER,9.5,31732
13085,GA,Dawson,CHD,6.6,31732
13085,GA,Dawson,COPD,6.8,31732
13085,GA,Dawson,DIABETES,11.6,31732
13085,GA,Dawson,OBESITY,31.6,31732
13085,GA,Dawson,STROKE,3.3,31732
13087,GA,Decatur,ARTHRITIS,29.5,29087
13087,GA,Decatur,BPHIGH,44.8,29087
13087,GA,Decatur,CANCER,7.5,29087
13087,GA,Decatur,CHD,8.3,29087
13087,GA,Decatur,COPD,9.7,29087
13087,GA,Decatur,DIABETES,17.8,29087
13087,GA,Decatur,OBESITY,42.2,29087
13087,GA,Decatur,STROKE,5.2,29087
13089,GA,DeKalb,ARTHRITIS,20.9,762992
13089,GA,DeKalb,BPHIGH,37.4,762992
13089,GA,DeKalb,CANCER,5.8,762992
13089,GA,DeKalb,CHD,5.1,762992
13089,GA,DeKalb,COPD,5.2,762992
13089,GA,DeKalb,DIABETES,13.0,762992
13089,GA,DeKalb,OBESITY,31.8,762992
13089,GA,DeKalb,STROKE,3.5,762992
13091,GA,Dodge,ARTHRITIS,30.1,19776
13091,GA,Dodge,BPHIGH,44.7,19776
13091,GA,Dodge,CANCER,8.3,19776
13091,GA,Dodge,CHD,8.6,19776
13091,GA,Dodge,COPD,9.8,19776
13091,GA,Dodge,DIABETES,16.7,19776
13091,GA,Dodge,OBESITY,40.4,19776
13091,GA,Dodge,STROKE,5.0,19776
13093,GA,Dooly,ARTHRITIS,30.2,10981
13093,GA,Dooly,BPHIGH,47.2,10981
13093,GA,Dooly,CANCER,7.7,10981
13093,GA,Dooly,CHD,8.6,10981
13093,GA,Dooly,COPD,9.2,10981
13093,GA,Dooly,DIABETES,18.3,10981
13093,GA,Dooly,OBESITY,41.0,10981
13093,GA,Dooly,STROKE,5.3,10981
13095,GA,Dougherty,ARTHRITIS,29.6,82645
13095,GA,Dougherty,BPHIGH,47.1,82645
13095,GA,Dougherty,CANCER,6.4,82645
13095,GA,Dougherty,CHD,7.8,82645
13095,GA,Dougherty,COPD,9.1,82645
13095,GA,Dougherty,DIABETES,19.0,82645
13095,GA,Dougherty,OBESITY,41.9,82645
13095,GA,Dougherty,STROKE,5.5,82645
13097,GA,Douglas,ARTHRITIS,24.3,149160
13097,GA,Douglas,BPHIGH,37.4,149160
13097,GA,Douglas,CANCER,6.0,149160
13097,GA,Douglas,CHD,5.4,149160
13097,GA,Douglas,COPD,5.8,149160
13097,GA,Douglas,DIABETES,13.6,149160
13097,GA,Douglas,OBESITY,36.3,149160
13097,GA,Douglas,STROKE,3.5,149160
13099,GA,Early,ARTHRITIS,32.8,10563
13099,GA,Early,BPHIGH,47.4,10563
13099,GA,Early,CANCER,8.0,10563
13099,GA,Early,CHD,8.8,10563
13099,GA,Early,COPD,10.3,10563
13099,GA,Early,DIABETES,18.9,10563
13099,GA,Early,OBESITY,40.7,10563
13099,GA,Early,STROKE,5.6,10563
13101,GA,Echols,ARTHRITIS,25.5,3709
13101,GA,Echols,BPHIGH,36.1,3709
13101,GA,Echols,CANCER,7.2,3709
13101,GA,Echols,CHD,6.6,3709
13101,GA,Echols,COPD,7.4,3709
13101,GA,Echols,DIABETES,13.6,3709
13101,GA,Echols,OBESITY,38.3,3709
13101,GA,Echols,STROKE,3.6,3709
13103,GA,Effingham,ARTHRITIS,24.4,71541
13103,GA,Effingham,BPHIGH,34.6,71541
13103,GA,Effingham,CANCER,7.3,71541
13103,GA,Effingham,CHD,5.4,71541
13103,GA,Effingham,COPD,6.1,71541
13103,GA,Effingham,DIABETES,11.3,71541
13103,GA,Effingham,OBESITY,37.9,71541
13103,GA,Effingham,STROKE,3.0,71541
13105,GA,Elbert,ARTHRITIS,31.1,20013
13105,GA,Elbert,BPHIGH,44.2,20013
13105,GA,Elbert,CANCER,8.8,20013
13105,GA,Elbert,CHD,8.6,20013
13105,GA,Elbert,COPD,9.6,20013
13105,GA,Elbert,DIABETES,16.6,20013
13105,GA,Elbert,OBESITY,38.2,20013
13105,GA,Elbert,STROKE,4.9,20013
13107,GA,Emanuel,ARTHRITIS,29.5,23119
13107,GA,Emanuel,BPHIGH,43.9,23119
13107,GA,Emanuel,CANCER,7.3,23119
13107,GA,Emanuel,CHD,8.0,23119
13107,GA,Emanuel,COPD,10.0,23119
13107,GA,Emanuel,DIABETES,16.4,23119
13107,GA,Emanuel,OBESITY,42.7,23119
13107,GA,Emanuel,STROKE,4.8,23119
13109,GA,Evans,ARTHRITIS,29.2,10754
13109,GA,Evans,BPHIGH,43.2,10754
13109,GA,Evans,CANCER,7.5,10754
13109,GA,Evans,CHD,8.0,10754
13109,GA,Evans,COPD,9.6,10754
13109,GA,Evans,DIABETES,16.8,10754
13109,GA,Evans,OBESITY,42.4,10754
13109,GA,Evans,STROKE,4.8,10754
13111,GA,Fannin,ARTHRITIS,35.5,25955
13111,GA,Fannin,BPHIGH,44.8,25955
13111,GA,Fannin,CANCER,12.1,25955
13111,GA,Fannin,CHD,10.2,25955
13111,GA,Fannin,COPD,10.6,25955
13111,GA,Fannin,DIABETES,16.5,25955
13111,GA,Fannin,OBESITY,38.2,25955
13111,GA,Fannin,STROKE,5.0,25955
13113,GA,Fayette,ARTHRITIS,25.9,123351
13113,GA,Fayette,BPHIGH,37.1,123351
13113,GA,Fayette,CANCER,8.9,123351
13113,GA,Fayette,CHD,6.0,123351
13113,GA,Fayette,COPD,5.3,123351
13113,GA,Fayette,DIABETES,12.6,123351
13113,GA,Fayette,OBESITY,30.7,123351
13113,GA,Fayette,STROKE,3.3,123351
13115,GA,Floyd,ARTHRITIS,27.3,100113
13115,GA,Floyd,BPHIGH,38.6,100113
13115,GA,Floyd,CANCER,8.0,100113
13115,GA,Floyd,CHD,7.1,100113
13115,GA,Floyd,COPD,8.1,100113
13115,GA,Floyd,DIABETES,14.1,100113
13115,GA,Floyd,OBESITY,37.3,100113
13115,GA,Floyd,STROKE,3.9,100113
13117,GA,Forsyth,ARTHRITIS,20.3,272887
13117,GA,Forsyth,BPHIGH,30.2,272887
13117,GA,Forsyth,CANCER,7.5,272887
13117,GA,Forsyth,CHD,4.6,272887
13117,GA,Forsyth,COPD,4.2,272887
13117,GA,Forsyth,DIABETES,9.9,272887
13117,GA,Forsyth,OBESITY,27.7,272887
13117,GA,Forsyth,STROKE,2.4,272887
13119,GA,Franklin,ARTHRITIS,30.0,24782
13119,GA,Franklin,BPHIGH,40.7,24782
13119,GA,Franklin,CANCER,8.9,24782
13119,GA,Franklin,CHD,8.2,24782
13119,GA,Franklin,COPD,9.6,24782
13119,GA,Franklin,DIABETES,14.7,24782
13119,GA,Franklin,OBESITY,39.0,24782
13119,GA,Franklin,STROKE,4.4,24782
13121,GA,Fulton,ARTHRITIS,20.4,1079105
13121,GA,Fulton,BPHIGH,33.4,1079105
13121,GA,Fulton,CANCER,5.9,1079105
13121,GA,Fulton,CHD,4.6,1079105
13121,GA,Fulton,COPD,4.5,1079105
13121,GA,Fulton,DIABETES,10.9,1079105
13121,GA,Fulton,OBESITY,28.2,1079105
13121,GA,Fulton,STROKE,2.9,1079105
13123,GA,Gilmer,ARTHRITIS,33.7,32860
13123,GA,Gilmer,BPHIGH,41.9,32860
13123,GA,Gilmer,CANCER,11.1,32860
13123,GA,Gilmer,CHD,9.1,32860
13123,GA,Gilmer,COPD,9.5,32860
13123,GA,Gilmer,DIABETES,15.2,32860
13123,GA,Gilmer,OBESITY,34.2,32860
13123,GA,Gilmer,STROKE,4.5,32860
13125,GA,Glascock,ARTHRITIS,30.0,2954
13125,GA,Glascock,BPHIGH,40.5,2954
13125,GA,Glascock,CANCER,8.9,2954
13125,GA,Glascock,CHD,7.9,2954
13125,GA,Glascock,COPD,9.4,2954
13125,GA,Glascock,DIABETES,14.5,2954
13125,GA,Glascock,OBESITY,37.6,2954
13125,GA,Glascock,STROKE,4.3,2954
13127,GA,Glynn,ARTHRITIS,29.9,86172
13127,GA,Glynn,BPHIGH,44.0,86172
13127,GA,Glynn,CANCER,9.5,86172
13127,GA,Glynn,CHD,7.9,86172
13127,GA,Glynn,COPD,8.2,86172
13127,GA,Glynn,DIABETES,15.3,86172
13127,GA,Glynn,OBESITY,35.1,86172
13127,GA,Glynn,STROKE,4.4,86172
13129,GA,Gordon,ARTHRITIS,27.6,59757
13129,GA,Gordon,BPHIGH,38.2,59757
13129,GA,Gordon,CANCER,8.1,59757
13129,GA,Gordon,CHD,7.3,59757
13129,GA,Gordon,COPD,8.7,59757
13129,GA,Gordon,DIABETES,13.9,59757
13129,GA,Gordon,OBESITY,35.3,59757
13129,GA,Gordon,STROKE,3.9,59757
13131,GA,Grady,ARTHRITIS,30.6,26066
13131,GA,Grady,BPHIGH,44.0,26066
13131,GA,Grady,CANCER,8.3,26066
13131,GA,Grady,CHD,8.6,26066
13131,GA,Grady,COPD,9.7,26066
13131,GA,Grady,DIABETES,17.2,26066
13131,GA,Grady,OBESITY,38.5,26066
13131,GA,Grady,STROKE,5.0,26066
13133,GA,Greene,ARTHRITIS,33.0,20722
13133,GA,Greene,BPHIGH,44.9,20722
13133,GA,Greene,CANCER,11.2,20722
13133,GA,Greene,CHD,8.6,20722
13133,GA,Greene,COPD,7.9,20722
13133,GA,Greene,DIABETES,15.6,20722
13133,GA,Greene,OBESITY,33.7,20722
13133,GA,Greene,STROKE,4.6,20722
13135,GA,Gwinnett,ARTHRITIS,20.0,983526
13135,GA,Gwinnett,BPHIGH,33.4,983526
13135,GA,Gwinnett,CANCER,5.7,983526
13135,GA,Gwinnett,CHD,5.1,983526
13135,GA,Gwinnett,COPD,5.0,983526
13135,GA,Gwinnett,DIABETES,12.6,983526
13135,GA,Gwinnett,OBESITY,34.9,983526
13135,GA,Gwinnett,STROKE,3.0,983526
13137,GA,Habersham,ARTHRITIS,27.4,48757
13137,GA,Habersham,BPHIGH,37.1,48757
13137,GA,Habersham,CANCER,8.8,48757
13137,GA,Habersham,CHD,7.2,48757
13137,GA,Habersham,COPD,8.0,48757
13137,GA,Habersham,DIABETES,12.9,48757
13137,GA,Habersham,OBESITY,32.2,48757
13137,GA,Habersham,STROKE,3.8,48757
13139,GA,Hall,ARTHRITIS,26.0,217267
13139,GA,Hall,BPHIGH,36.4,217267
13139,GA,Hall,CANCER,7.8,217267
13139,GA,Hall,CHD,6.7,217267
13139,GA,Hall,COPD,7.1,217267
13139,GA,Hall,DIABETES,13.2,217267
13139,GA,Hall,OBESITY,32.3,217267
13139,GA,Hall,STROKE,3.5,217267
13141,GA,Hancock,ARTHRITIS,33.9,8676
13141,GA,Hancock,BPHIGH,53.0,8676
13141,GA,Hancock,CANCER,7.5,8676
13141,GA,Hancock,CHD,10.5,8676
13141,GA,Hancock,COPD,11.9,8676
13141,GA,Hancock,DIABETES,22.8,8676
13141,GA,Hancock,OBESITY,44.8,8676
13141,GA,Hancock,STROKE,7.0,8676
13143,GA,Haralson,ARTHRITIS,27.8,32038
13143,GA,Haralson,BPHIGH,37.3,32038
13143,GA,Haralson,CANCER,8.4,32038
13143,GA,Haralson,CHD,6.8,32038
13143,GA,Haralson,COPD,8.2,32038
13143,GA,Haralson,DIABETES,12.6,32038
13143,GA,Haralson,OBESITY,36.2,32038
13143,GA,Haralson,STROKE,3.7,32038
13145,GA,Harris,ARTHRITIS,28.2,36654
13145,GA,Harris,BPHIGH,37.5,36654
13145,GA,Harris,CANCER,9.1,36654
13145,GA,Harris,CHD,6.4,36654
13145,GA,Harris,COPD,6.3,36654
13145,GA,Harris,DIABETES,12.6,36654
13145,GA,Harris,OBESITY,33.0,36654
13145,GA,Harris,STROKE,3.5,36654
13147,GA,Hart,ARTHRITIS,31.1,27556
13147,GA,Hart,BPHIGH,42.1,27556
13147,GA,Hart,CANCER,9.5,27556
13147,GA,Hart,CHD,8.3,27556
13147,GA,Hart,COPD,9.0,27556
13147,GA,Hart,DIABETES,15.3,27556
13147,GA,Hart,OBESITY,35.1,27556
13147,GA,Hart,STROKE,4.5,27556
13149,GA,Heard,ARTHRITIS,29.6,12034
13149,GA,Heard,BPHIGH,39.6,12034
13149,GA,Heard,CANCER,8.7,12034
13149,GA,Heard,CHD,7.8,12034
13149,GA,Heard,COPD,9.2,12034
13149,GA,Heard,DIABETES,14.3,12034
13149,GA,Heard,OBESITY,35.6,12034
13149,GA,Heard,STROKE,4.2,12034
13151,GA,Henry,ARTHRITIS,24.3,254613
13151,GA,Henry,BPHIGH,38.8,254613
13151,GA,Henry,CANCER,6.0,254613
13151,GA,Henry,CHD,5.2,254613
13151,GA,Henry,COPD,5.5,254613
13151,GA,Henry,DIABETES,13.4,254613
13151,GA,Henry,OBESITY,45.2,254613
13151,GA,Henry,STROKE,3.5,254613
13153,GA,Houston,ARTHRITIS,25.4,171974
13153,GA,Houston,BPHIGH,38.7,171974
13153,GA,Houston,CANCER,6.9,171974
13153,GA,Houston,CHD,5.5,171974
13153,GA,Houston,COPD,5.9,171974
13153,GA,Houston,DIABETES,13.1,171974
13153,GA,Houston,OBESITY,39.7,171974
13153,GA,Houston,STROKE,3.3,171974
13155,GA,Irwin,ARTHRITIS,30.9,9120
13155,GA,Irwin,BPHIGH,43.1,9120
13155,GA,Irwin,CANCER,8.4,9120
13155,GA,Irwin,CHD,8.3,9120
13155,GA,Irwin,COPD,9.6,9120
13155,GA,Irwin,DIABETES,16.2,9120
13155,GA,Irwin,OBESITY,40.3,9120
13155,GA,Irwin,STROKE,4.8,9120
13157,GA,Jackson,ARTHRITIS,25.3,88615
13157,GA,Jackson,BPHIGH,34.7,88615
13157,GA,Jackson,CANCER,7.9,88615
13157,GA,Jackson,CHD,6.0,88615
13157,GA,Jackson,COPD,6.6,88615
13157,GA,Jackson,DIABETES,11.6,88615
13157,GA,Jackson,OBESITY,33.0,88615
13157,GA,Jackson,STROKE,3.2,88615
13159,GA,Jasper,ARTHRITIS,29.2,16455
13159,GA,Jasper,BPHIGH,40.2,16455
13159,GA,Jasper,CANCER,8.4,16455
13159,GA,Jasper,CHD,7.5,16455
13159,GA,Jasper,COPD,8.6,16455
13159,GA,Jasper,DIABETES,14.6,16455
13159,GA,Jasper,OBESITY,37.1,16455
13159,GA,Jasper,STROKE,4.2,16455
13161,GA,Jeff Davis,ARTHRITIS,29.9,14906
13161,GA,Jeff Davis,BPHIGH,41.2,14906
13161,GA,Jeff Davis,CANCER,7.8,14906
13161,GA,Jeff Davis,CHD,8.5,14906
13161,GA,Jeff Davis,COPD,10.6,14906
13161,GA,Jeff Davis,DIABETES,16.4,14906
13161,GA,Jeff Davis,OBESITY,40.4,14906
13161,GA,Jeff Davis,STROKE,4.8,14906
13163,GA,Jefferson,ARTHRITIS,30.9,15183
13163,GA,Jefferson,BPHIGH,47.1,15183
13163,GA,Jefferson,CANCER,7.2,15183
13163,GA,Jefferson,CHD,8.5,15183
13163,GA,Jefferson,COPD,10.1,15183
13163,GA,Jefferson,DIABETES,18.5,15183
13163,GA,Jefferson,OBESITY,41.3,15183
13163,GA,Jefferson,STROKE,5.5,15183
13165,GA,Jenkins,ARTHRITIS,30.2,8627
13165,GA,Jenkins,BPHIGH,45.5,8627
13165,GA,Jenkins,CANCER,7.1,8627
13165,GA,Jenkins,CHD,8.7,8627
13165,GA,Jenkins,COPD,10.9,8627
13165,GA,Jenkins,DIABETES,18.2,8627
13165,GA,Jenkins,OBESITY,42.5,8627
13165,GA,Jenkins,STROKE,5.5,8627
13167,GA,Johnson,ARTHRITIS,31.1,9282
13167,GA,Johnson,BPHIGH,47.5,9282
13167,GA,Johnson,CANCER,7.8,9282
13167,GA,Johnson,CHD,9.3,9282
13167,GA,Johnson,COPD,10.7,9282
13167,GA,Johnson,DIABETES,18.0,9282
13167,GA,Johnson,OBESITY,43.5,9282
13167,GA,Johnson,STROKE,5.4,9282
13169,GA,Jones,ARTHRITIS,29.2,28969
13169,GA,Jones,BPHIGH,40.2,28969
13169,GA,Jones,CANCER,8.1,28969
13169,GA,Jones,CHD,7.1,28969
13169,GA,Jones,COPD,7.9,28969
13169,GA,Jones,DIABETES,14.4,28969
13169,GA,Jones,OBESITY,39.8,28969
13169,GA,Jones,STROKE,4.2,28969
13171,GA,Lamar,ARTHRITIS,26.8,20401
13171,GA,Lamar,BPHIGH,38.7,20401
13171,GA,Lamar,CANCER,7.7,20401
13171,GA,Lamar,CHD,6.8,20401
13171,GA,Lamar,COPD,7.6,20401
13171,GA,Lamar,DIABETES,13.6,20401
13171,GA,Lamar,OBESITY,36.6,20401
13171,GA,Lamar,STROKE,3.9,20401
13173,GA,Lanier,ARTHRITIS,27.9,10452
13173,GA,Lanier,BPHIGH,41.5,10452
13173,GA,Lanier,CANCER,7.4,10452
13173,GA,Lanier,CHD,7.9,10452
13173,GA,Lanier,COPD,9.7,10452
13173,GA,Lanier,DIABETES,15.9,10452
13173,GA,Lanier,OBESITY,40.9,10452
13173,GA,Lanier,STROKE,4.6,10452
13175,GA,Laurens,ARTHRITIS,30.7,49941
13175,GA,Laurens,BPHIGH,45.3,49941
13175,GA,Laurens,CANCER,8.0,49941
13175,GA,Laurens,CHD,8.2,49941
13175,GA,Laurens,COPD,9.4,49941
13175,GA,Laurens,DIABETES,16.4,49941
13175,GA,Laurens,OBESITY,44.0,49941
13175,GA,Laurens,STROKE,4.9,49941
13177,GA,Lee,ARTHRITIS,24.7,33872
13177,GA,Lee,BPHIGH,36.8,33872
13177,GA,Lee,CANCER,7.4,33872
13177,GA,Lee,CHD,5.5,33872
13177,GA,Lee,COPD,5.9,33872
13177,GA,Lee,DIABETES,11.8,33872
13177,GA,Lee,OBESITY,39.2,33872
13177,GA,Lee,STROKE,3.2,33872
13179,GA,Liberty,ARTHRITIS,20.5,69210
13179,GA,Liberty,BPHIGH,34.3,69210
13179,GA,Liberty,CANCER,4.8,69210
13179,GA,Liberty,CHD,4.8,69210
13179,GA,Liberty,COPD,5.5,69210
13179,GA,Liberty,DIABETES,11.6,69210
13179,GA,Liberty,OBESITY,32.3,69210
13179,GA,Liberty,STROKE,3.1,69210
13181,GA,Lincoln,ARTHRITIS,34.5,7879
13181,GA,Lincoln,BPHIGH,47.1,7879
13181,GA,Lincoln,CANCER,10.0,7879
13181,GA,Lincoln,CHD,9.8,7879
13181,GA,Lincoln,COPD,10.7,7879
13181,GA,Lincoln,DIABETES,18.2,7879
13181,GA,Lincoln,OBESITY,38.0,7879
13181,GA,Lincoln,STROKE,5.5,7879
13183,GA,Long,ARTHRITIS,22.7,19594
13183,GA,Long,BPHIGH,36.1,19594
13183,GA,Long,CANCER,5.6,19594
13183,GA,Long,CHD,5.4,19594
13183,GA,Long,COPD,6.7,19594
13183,GA,Long,DIABETES,12.4,19594
13183,GA,Long,OBESITY,38.4,19594
13183,GA,Long,STROKE,3.3,19594
13185,GA,Lowndes,ARTHRITIS,23.9,120712
13185,GA,Lowndes,BPHIGH,35.9,120712
13185,GA,Lowndes,CANCER,6.2,120712
13185,GA,Lowndes,CHD,6.0,120712
13185,GA,Lowndes,COPD,7.0,120712
13185,GA,Lowndes,DIABETES,12.9,120712
13185,GA,Lowndes,OBESITY,38.7,120712
13185,GA,Lowndes,STROKE,3.7,120712
13187,GA,Lumpkin,ARTHRITIS,25.4,35258
13187,GA,Lumpkin,BPHIGH,33.7,35258
13187,GA,Lumpkin,CANCER,8.4,35258
13187,GA,Lumpkin,CHD,6.5,35258
13187,GA,Lumpkin,COPD,7.2,35258
13187,GA,Lumpkin,DIABETES,11.5,35258
13187,GA,Lumpkin,OBESITY,28.9,35258
13187,GA,Lumpkin,STROKE,3.3,35258
13189,GA,McDuffie,ARTHRITIS,30.6,21799
13189,GA,McDuffie,BPHIGH,44.4,21799
13189,GA,McDuffie,CANCER,8.1,21799
13189,GA,McDuffie,CHD,8.0,21799
13189,GA,McDuffie,COPD,9.2,21799
13189,GA,McDuffie,DIABETES,16.7,21799
13189,GA,McDuffie,OBESITY,38.9,21799
13189,GA,McDuffie,STROKE,4.9,21799
13191,GA,McIntosh,ARTHRITIS,36.6,11501
13191,GA,McIntosh,BPHIGH,50.8,11501
13191,GA,McIntosh,CANCER,10.1,11501
13191,GA,McIntosh,CHD,11.2,11501
13191,GA,McIntosh,COPD,12.3,11501
13191,GA,McIntosh,DIABETES,20.4,11501
13191,GA,McIntosh,OBESITY,40.7,11501
13191,GA,McIntosh,STROKE,6.4,11501
13193,GA,Macon,ARTHRITIS,30.7,11817
13193,GA,Macon,BPHIGH,49.4,11817
13193,GA,Macon,CANCER,6.6,11817
13193,GA,Macon,CHD,9.5,11817
13193,GA,Macon,COPD,11.3,11817
13193,GA,Macon,DIABETES,21.1,11817
13193,GA,Macon,OBESITY,43.8,11817
13193,GA,Macon,STROKE,6.3,11817
13195,GA,Madison,ARTHRITIS,29.2,32191
13195,GA,Madison,BPHIGH,40.0,32191
13195,GA,Madison,CANCER,8.6,32191
13195,GA,Madison,CHD,8.0,32191
13195,GA,Madison,COPD,9.5,32191
13195,GA,Madison,DIABETES,14.7,32191
13195,GA,Madison,OBESITY,38.1,32191
13195,GA,Madison,STROKE,4.3,32191
13197,GA,Marion,ARTHRITIS,33.0,7440
13197,GA,Marion,BPHIGH,46.5,7440
13197,GA,Marion,CANCER,8.9,7440
13197,GA,Marion,CHD,9.4,7440
13197,GA,Marion,COPD,10.5,7440
13197,GA,Marion,DIABETES,18.7,7440
13197,GA,Marion,OBESITY,38.6,7440
13197,GA,Marion,STROKE,5.5,7440
13199,GA,Meriwether,ARTHRITIS,31.1,20931
13199,GA,Meriwether,BPHIGH,45.0,20931
13199,GA,Meriwether,CANCER,8.3,20931
13199,GA,Meriwether,CHD,8.6,20931
13199,GA,Meriwether,COPD,9.9,20931
13199,GA,Meriwether,DIABETES,17.6,20931
13199,GA,Meriwether,OBESITY,41.4,20931
13199,GA,Meriwether,STROKE,5.2,20931
13201,GA,Miller,ARTHRITIS,33.7,5747
13201,GA,Miller,BPHIGH,46.1,5747
13201,GA,Miller,CANCER,9.6,5747
13201,GA,Miller,CHD,9.6,5747
13201,GA,Miller,COPD,10.7,5747
13201,GA,Miller,DIABETES,17.8,5747
13201,GA,Miller,OBESITY,41.8,5747
13201,GA,Miller,STROKE,5.5,5747
13205,GA,Mitchell,ARTHRITIS,29.5,21114
13205,GA,Mitchell,BPHIGH,47.2,21114
13205,GA,Mitchell,CANCER,7.5,21114
13205,GA,Mitchell,CHD,8.4,21114
13205,GA,Mitchell,COPD,9.8,21114
13205,GA,Mitchell,DIABETES,18.4,21114
13205,GA,Mitchell,OBESITY,45.1,21114
13205,GA,Mitchell,STROKE,5.3,21114
13207,GA,Monroe,ARTHRITIS,27.9,30625
13207,GA,Monroe,BPHIGH,39.1,30625
13207,GA,Monroe,CANCER,8.6,30625
13207,GA,Monroe,CHD,6.7,30625
13207,GA,Monroe,COPD,7.1,30625
13207,GA,Monroe,DIABETES,13.1,30625
13207,GA,Monroe,OBESITY,34.9,30625
13207,GA,Monroe,STROKE,3.8,30625
13209,GA,Montgomery,ARTHRITIS,29.0,8761
13209,GA,Montgomery,BPHIGH,42.1,8761
13209,GA,Montgomery,CANCER,7.9,8761
13209,GA,Montgomery,CHD,7.7,8761
13209,GA,Montgomery,COPD,8.7,8761
13209,GA,Montgomery,DIABETES,15.4,8761
13209,GA,Montgomery,OBESITY,39.4,8761
13209,GA,Montgomery,STROKE,4.4,8761
13211,GA,Morgan,ARTHRITIS,28.1,21460
13211,GA,Morgan,BPHIGH,39.9,21460
13211,GA,Morgan,CANCER,9.3,21460
13211,GA,Morgan,CHD,6.7,21460
13211,GA,Morgan,COPD,6.8,21460
13211,GA,Morgan,DIABETES,12.9,21460
13211,GA,Morgan,OBESITY,31.7,21460
13211,GA,Morgan,STROKE,3.7,21460
13213,GA,Murray,ARTHRITIS,27.3,41035
13213,GA,Murray,BPHIGH,36.8,41035
13213,GA,Murray,CANCER,8.2,41035
13213,GA,Murray,CHD,7.1,41035
13213,GA,Murray,COPD,8.4,41035
13213,GA,Murray,DIABETES,13.3,41035
13213,GA,Murray,OBESITY,41.5,41035
13213,GA,Murray,STROKE,3.7,41035
13215,GA,Muscogee,ARTHRITIS,26.2,201877
13215,GA,Muscogee,BPHIGH,40.9,201877
13215,GA,Muscogee,CANCER,6.4,201877
13215,GA,Muscogee,CHD,6.3,201877
13215,GA,Muscogee,COPD,7.1,201877
13215,GA,Muscogee,DIABETES,15.0,201877
13215,GA,Muscogee,OBESITY,40.3,201877
13215,GA,Muscogee,STROKE,4.1,201877
13217,GA,Newton,ARTHRITIS,25.3,120135
13217,GA,Newton,BPHIGH,40.4,120135
13217,GA,Newton,CANCER,6.3,120135
13217,GA,Newton,CHD,5.9,120135
13217,GA,Newton,COPD,6.6,120135
13217,GA,Newton,DIABETES,14.4,120135
13217,GA,Newton,OBESITY,42.4,120135
13217,GA,Newton,STROKE,3.8,120135
13219,GA,Oconee,ARTHRITIS,25.0,44182
13219,GA,Oconee,BPHIGH,33.4,44182
13219,GA,Oconee,CANCER,9.3,44182
13219,GA,Oconee,CHD,5.4,44182
13219,GA,Oconee,COPD,4.8,44182
13219,GA,Oconee,DIABETES,10.1,44182
13219,GA,Oconee,OBESITY,28.8,44182
13219,GA,Oconee,STROKE,2.7,44182
13221,GA,Oglethorpe,ARTHRITIS,29.4,15754
13221,GA,Oglethorpe,BPHIGH,39.9,15754
13221,GA,Oglethorpe,CANCER,8.9,15754
13221,GA,Oglethorpe,CHD,7.4,15754
13221,GA,Oglethorpe,COPD,8.0,15754
13221,GA,Oglethorpe,DIABETES,14.1,15754
13221,GA,Oglethorpe,OBESITY,36.4,15754
13221,GA,Oglethorpe,STROKE,4.1,15754
13223,GA,Paulding,ARTHRITIS,23.3,183164
13223,GA,Paulding,BPHIGH,35.0,183164
13223,GA,Paulding,CANCER,6.8,183164
13223,GA,Paulding,CHD,5.0,183164
13223,GA,Paulding,COPD,5.5,183164
13223,GA,Paulding,DIABETES,11.6,183164
13223,GA,Paulding,OBESITY,38.4,183164
13223,GA,Paulding,STROKE,2.9,183164
13225,GA,Peach,ARTHRITIS,26.6,28805
13225,GA,Peach,BPHIGH,40.3,28805
13225,GA,Peach,CANCER,7.1,28805
13225,GA,Peach,CHD,6.6,28805
13225,GA,Peach,COPD,7.1,28805
13225,GA,Peach,DIABETES,14.9,28805
13225,GA,Peach,OBESITY,39.3,28805
13225,GA,Peach,STROKE,4.1,28805
13227,GA,Pickens,ARTHRITIS,30.5,35969
13227,GA,Pickens,BPHIGH,40.7,35969
13227,GA,Pickens,CANCER,10.2,35969
13227,GA,Pickens,CHD,7.9,35969
13227,GA,Pickens,COPD,8.5,35969
13227,GA,Pickens,DIABETES,13.6,35969
13227,GA,Pickens,OBESITY,35.0,35969
13227,GA,Pickens,STROKE,4.0,35969
13229,GA,Pierce,ARTHRITIS,29.6,20425
13229,GA,Pierce,BPHIGH,39.5,20425
13229,GA,Pierce,CANCER,8.7,20425
13229,GA,Pierce,CHD,7.9,20425
13229,GA,Pierce,COPD,9.3,20425
13229,GA,Pierce,DIABETES,14.3,20425
13229,GA,Pierce,OBESITY,36.4,20425
13229,GA,Pierce,STROKE,4.2,20425
13231,GA,Pike,ARTHRITIS,27.1,20461
13231,GA,Pike,BPHIGH,36.6,20461
13231,GA,Pike,CANCER,8.4,20461
13231,GA,Pike,CHD,6.3,20461
13231,GA,Pike,COPD,7.1,20461
13231,GA,Pike,DIABETES,11.9,20461
13231,GA,Pike,OBESITY,36.0,20461
13231,GA,Pike,STROKE,3.4,20461
13233,GA,Polk,ARTHRITIS,28.6,44223
13233,GA,Polk,BPHIGH,38.8,44223
13233,GA,Polk,CANCER,7.8,44223
13233,GA,Polk,CHD,7.3,44223
13233,GA,Polk,COPD,8.9,44223
13233,GA,Polk,DIABETES,14.1,44223
13233,GA,Polk,OBESITY,40.4,44223
13233,GA,Polk,STROKE,4.1,44223
13235,GA,Pulaski,ARTHRITIS,31.5,10095
13235,GA,Pulaski,BPHIGH,43.6,10095
13235,GA,Pulaski,CANCER,8.6,10095
13235,GA,Pulaski,CHD,8.7,10095
13235,GA,Pulaski,COPD,10.2,10095
13235,GA,Pulaski,DIABETES,16.8,10095
13235,GA,Pulaski,OBESITY,40.8,10095
13235,GA,Pulaski,STROKE,5.1,10095
13237,GA,Putnam,ARTHRITIS,32.9,23129
13237,GA,Putnam,BPHIGH,45.2,23129
13237,GA,Putnam,CANCER,10.0,23129
13237,GA,Putnam,CHD,9.1,23129
13237,GA,Putnam,COPD,9.5,23129
13237,GA,Putnam,DIABETES,17.1,23129
13237,GA,Putnam,OBESITY,39.4,23129
13237,GA,Putnam,STROKE,4.9,23129
13239,GA,Quitman,ARTHRITIS,39.0,2280
13239,GA,Quitman,BPHIGH,54.7,2280
13239,GA,Quitman,CANCER,10.5,2280
13239,GA,Quitman,CHD,12.1,2280
13239,GA,Quitman,COPD,13.1,2280
13239,GA,Quitman,DIABETES,23.6,2280
13239,GA,Quitman,OBESITY,42.3,2280
13239,GA,Quitman,STROKE,7.3,2280
13241,GA,Rabun,ARTHRITIS,33.2,17442
13241,GA,Rabun,BPHIGH,43.8,17442
13241,GA,Rabun,CANCER,11.6,17442
13241,GA,Rabun,CHD,9.3,17442
13241,GA,Rabun,COPD,9.4,17442
13241,GA,Rabun,DIABETES,15.5,17442
13241,GA,Rabun,OBESITY,34.2,17442
13241,GA,Rabun,STROKE,4.6,17442
13243,GA,Randolph,ARTHRITIS,37.9,6078
13243,GA,Randolph,BPHIGH,54.6,6078
13243,GA,Randolph,CANCER,8.7,6078
13243,GA,Randolph,CHD,12.0,6078
13243,GA,Randolph,COPD,13.7,6078
13243,GA,Randolph,DIABETES,24.9,6078
13243,GA,Randolph,OBESITY,45.6,6078
13243,GA,Randolph,STROKE,7.9,6078
13245,GA,Richmond,ARTHRITIS,25.8,205414
13245,GA,Richmond,BPHIGH,41.9,205414
13245,GA,Richmond,CANCER,6.1,205414
13245,GA,Richmond,CHD,6.6,205414
13245,GA,Richmond,COPD,7.5,205414
13245,GA,Richmond,DIABETES,16.7,205414
13245,GA,Richmond,OBESITY,36.6,205414
13245,GA,Richmond,STROKE,4.4,205414
13247,GA,Rockdale,ARTHRITIS,26.9,95987
13247,GA,Rockdale,BPHIGH,43.2,95987
13247,GA,Rockdale,CANCER,6.4,95987
13247,GA,Rockdale,CHD,6.5,95987
13247,GA,Rockdale,COPD,6.8,95987
13247,GA,Rockdale,DIABETES,17.0,95987
13247,GA,Rockdale,OBESITY,39.0,95987
13247,GA,Rockdale,STROKE,4.4,95987
13249,GA,Schley,ARTHRITIS,30.1,4526
13249,GA,Schley,BPHIGH,41.5,4526
13249,GA,Schley,CANCER,8.7,4526
13249,GA,Schley,CHD,7.8,4526
13249,GA,Schley,COPD,8.5,4526
13249,GA,Schley,DIABETES,15.1,4526
13249,GA,Schley,OBESITY,37.4,4526
13249,GA,Schley,STROKE,4.4,4526
13251,GA,Screven,ARTHRITIS,31.6,14174
13251,GA,Screven,BPHIGH,46.1,14174
13251,GA,Screven,CANCER,8.3,14174
13251,GA,Screven,CHD,8.5,14174
13251,GA,Screven,COPD,9.7,14174
13251,GA,Screven,DIABETES,17.8,14174
13251,GA,Screven,OBESITY,40.0,14174
13251,GA,Screven,STROKE,5.2,14174
13253,GA,Seminole,ARTHRITIS,34.2,9092
13253,GA,Seminole,BPHIGH,47.0,9092
13253,GA,Seminole,CANCER,9.8,9092
13253,GA,Seminole,CHD,9.5,9092
13253,GA,Seminole,COPD,10.2,9092
13253,GA,Seminole,DIABETES,18.0,9092
13253,GA,Seminole,OBESITY,39.4,9092
13253,GA,Seminole,STROKE,5.4,9092
13255,GA,Spalding,ARTHRITIS,28.8,69946
13255,GA,Spalding,BPHIGH,43.1,69946
13255,GA,Spalding,CANCER,7.9,69946
13255,GA,Spalding,CHD,7.7,69946
13255,GA,Spalding,COPD,8.8,69946
13255,GA,Spalding,DIABETES,16.0,69946
13255,GA,Spalding,OBESITY,39.7,69946
13255,GA,Spalding,STROKE,4.6,69946
13257,GA,Stephens,ARTHRITIS,30.5,27228
13257,GA,Stephens,BPHIGH,41.1,27228
13257,GA,Stephens,CANCER,9.2,27228
13257,GA,Stephens,CHD,8.3,27228
13257,GA,Stephens,COPD,9.6,27228
13257,GA,Stephens,DIABETES,14.9,27228
13257,GA,Stephens,OBESITY,38.5,27228
13257,GA,Stephens,STROKE,4.5,27228
13259,GA,Stewart,ARTHRITIS,25.6,4674
13259,GA,Stewart,BPHIGH,43.1,4674
13259,GA,Stewart,CANCER,5.5,4674
13259,GA,Stewart,CHD,7.9,4674
13259,GA,Stewart,COPD,9.3,4674
13259,GA,Stewart,DIABETES,17.9,4674
13259,GA,Stewart,OBESITY,41.6,4674
13259,GA,Stewart,STROKE,5.2,4674
13261,GA,Sumter,ARTHRITIS,28.3,28890
13261,GA,Sumter,BPHIGH,43.6,28890
13261,GA,Sumter,CANCER,7.0,28890
13261,GA,Sumter,CHD,7.7,28890
13261,GA,Sumter,COPD,8.6,28890
13261,GA,Sumter,DIABETES,16.7,28890
13261,GA,Sumter,OBESITY,39.5,28890
13261,GA,Sumter,STROKE,4.8,28890
13263,GA,Talbot,ARTHRITIS,35.6,5718
13263,GA,Talbot,BPHIGH,52.4,5718
13263,GA,Talbot,CANCER,8.8,5718
13263,GA,Talbot,CHD,10.4,5718
13263,GA,Talbot,COPD,11.3,5718
13263,GA,Talbot,DIABETES,22.1,5718
13263,GA,Talbot,OBESITY,43.1,5718
13263,GA,Talbot,STROKE,6.6,5718
13265,GA,Taliaferro,ARTHRITIS,35.4,1609
13265,GA,Taliaferro,BPHIGH,52.2,1609
13265,GA,Taliaferro,CANCER,9.0,1609
13265,GA,Taliaferro,CHD,10.4,1609
13265,GA,Taliaferro,COPD,10.8,1609
13265,GA,Taliaferro,DIABETES,21.7,1609
13265,GA,Taliaferro,OBESITY,41.7,1609
13265,GA,Taliaferro,STROKE,6.6,1609
13267,GA,Tattnall,ARTHRITIS,28.0,24296
13267,GA,Tattnall,BPHIGH,42.5,24296
13267,GA,Tattnall,CANCER,7.1,24296
13267,GA,Tattnall,CHD,7.9,24296
13267,GA,Tattnall,COPD,9.5,24296
13267,GA,Tattnall,DIABETES,16.0,24296
13267,GA,Tattnall,OBESITY,40.7,24296
13267,GA,Tattnall,STROKE,4.6,24296
13269,GA,Taylor,ARTHRITIS,34.6,7758
13269,GA,Taylor,BPHIGH,48.6,7758
13269,GA,Taylor,CANCER,8.6,7758
13269,GA,Taylor,CHD,10.3,7758
13269,GA,Taylor,COPD,12.6,7758
13269,GA,Taylor,DIABETES,20.2,7758
13269,GA,Taylor,OBESITY,42.4,7758
13269,GA,Taylor,STROKE,6.3,7758
13271,GA,Telfair,ARTHRITIS,31.5,10920
13271,GA,Telfair,BPHIGH,47.5,10920
13271,GA,Telfair,CANCER,7.6,10920
13271,GA,Telfair,CHD,10.1,10920
13271,GA,Telfair,COPD,12.0,10920
13271,GA,Telfair,DIABETES,20.5,10920
13271,GA,Telfair,OBESITY,43.0,10920
13271,GA,Telfair,STROKE,6.1,10920
13273,GA,Terrell,ARTHRITIS,33.4,8718
13273,GA,Terrell,BPHIGH,49.6,8718
13273,GA,Terrell,CANCER,7.7,8718
13273,GA,Terrell,CHD,9.9,8718
13273,GA,Terrell,COPD,11.6,8718
13273,GA,Terrell,DIABETES,21.2,8718
13273,GA,Terrell,OBESITY,43.6,8718
13273,GA,Terrell,STROKE,6.4,8718
13275,GA,Thomas,ARTHRITIS,29.9,45649
13275,GA,Thomas,BPHIGH,43.2,45649
13275,GA,Thomas,CANCER,8.3,45649
13275,GA,Thomas,CHD,7.8,45649
13275,GA,Thomas,COPD,8.5,45649
13275,GA,Thomas,DIABETES,16.0,45649
13275,GA,Thomas,OBESITY,39.2,45649
13275,GA,Thomas,STROKE,4.6,45649
13277,GA,Tift,ARTHRITIS,28.5,41554
13277,GA,Tift,BPHIGH,41.0,41554
13277,GA,Tift,CANCER,7.4,41554
13277,GA,Tift,CHD,7.4,41554
13277,GA,Tift,COPD,8.6,41554
13277,GA,Tift,DIABETES,15.8,41554
13277,GA,Tift,OBESITY,39.4,41554
13277,GA,Tift,STROKE,4.4,41554
13279,GA,Toombs,ARTHRITIS,29.5,27040
13279,GA,Toombs,BPHIGH,41.1,27040
13279,GA,Toombs,CANCER,7.8,27040
13279,GA,Toombs,CHD,7.7,27040
13279,GA,Toombs,COPD,9.1,27040
13279,GA,Toombs,DIABETES,15.5,27040
13279,GA,Toombs,OBESITY,40.6,27040
13279,GA,Toombs,STROKE,4.5,27040
13281,GA,Towns,ARTHRITIS,36.0,13035
13281,GA,Towns,BPHIGH,45.5,13035
13281,GA,Towns,CANCER,13.4,13035
13281,GA,Towns,CHD,10.1,13035
13281,GA,Towns,COPD,9.7,13035
13281,GA,Towns,DIABETES,15.9,13035
13281,GA,Towns,OBESITY,31.9,13035
13281,GA,Towns,STROKE,4.9,13035
13283,GA,Treutlen,ARTHRITIS,30.7,6341
13283,GA,Treutlen,BPHIGH,44.3,6341
13283,GA,Treutlen,CANCER,7.7,6341
13283,GA,Treutlen,CHD,9.2,6341
13283,GA,Treutlen,COPD,11.9,6341
13283,GA,Treutlen,DIABETES,18.3,6341
13283,GA,Treutlen,OBESITY,41.2,6341
13283,GA,Treutlen,STROKE,5.5,6341
13285,GA,Troup,ARTHRITIS,27.4,70742
13285,GA,Troup,BPHIGH,40.5,70742
13285,GA,Troup,CANCER,7.4,70742
13285,GA,Troup,CHD,7.1,70742
13285,GA,Troup,COPD,8.2,70742
13285,GA,Troup,DIABETES,15.0,70742
13285,GA,Troup,OBESITY,36.0,70742
13285,GA,Troup,STROKE,4.3,70742
13287,GA,Turner,ARTHRITIS,32.2,8909
13287,GA,Turner,BPHIGH,45.9,8909
13287,GA,Turner,CANCER,8.1,8909
13287,GA,Turner,CHD,9.2,8909
13287,GA,Turner,COPD,11.1,8909
13287,GA,Turner,DIABETES,18.5,8909
13287,GA,Turner,OBESITY,44.4,8909
13287,GA,Turner,STROKE,5.6,8909
13289,GA,Twiggs,ARTHRITIS,33.6,7691
13289,GA,Twiggs,BPHIGH,47.8,7691
13289,GA,Twiggs,CANCER,8.8,7691
13289,GA,Twiggs,CHD,9.3,7691
13289,GA,Twiggs,COPD,10.3,7691
13289,GA,Twiggs,DIABETES,18.6,7691
13289,GA,Twiggs,OBESITY,39.7,7691
13289,GA,Twiggs,STROKE,5.7,7691
13291,GA,Union,ARTHRITIS,36.5,27124
13291,GA,Union,BPHIGH,45.0,27124
13291,GA,Union,CANCER,12.9,27124
13291,GA,Union,CHD,9.9,27124
13291,GA,Union,COPD,9.9,27124
13291,GA,Union,DIABETES,15.7,27124
13291,GA,Union,OBESITY,34.5,27124
13291,GA,Union,STROKE,4.8,27124
13293,GA,Upson,ARTHRITIS,29.4,28263
13293,GA,Upson,BPHIGH,42.1,28263
13293,GA,Upson,CANCER,8.3,28263
13293,GA,Upson,CHD,8.1,28263
13293,GA,Upson,COPD,9.5,28263
13293,GA,Upson,DIABETES,16.3,28263
13293,GA,Upson,OBESITY,39.2,28263
13293,GA,Upson,STROKE,4.7,28263
13295,GA,Walker,ARTHRITIS,30.5,69489
13295,GA,Walker,BPHIGH,39.6,69489
13295,GA,Walker,CANCER,9.3,69489
13295,GA,Walker,CHD,7.7,69489
13295,GA,Walker,COPD,8.8,69489
13295,GA,Walker,DIABETES,13.5,69489
13295,GA,Walker,OBESITY,38.0,69489
13295,GA,Walker,STROKE,4.0,69489
13297,GA,Walton,ARTHRITIS,27.2,106702
13297,GA,Walton,BPHIGH,38.0,106702
13297,GA,Walton,CANCER,8.1,106702
13297,GA,Walton,CHD,6.6,106702
13297,GA,Walton,COPD,7.3,106702
13297,GA,Walton,DIABETES,13.0,106702
13297,GA,Walton,OBESITY,38.3,106702
13297,GA,Walton,STROKE,3.7,106702
13299,GA,Ware,ARTHRITIS,29.2,36243
13299,GA,Ware,BPHIGH,43.3,36243
13299,GA,Ware,CANCER,7.8,36243
13299,GA,Ware,CHD,8.4,36243
13299,GA,Ware,COPD,10.0,36243
13299,GA,Ware,DIABETES,16.8,36243
13299,GA,Ware,OBESITY,41.3,36243
13299,GA,Ware,STROKE,4.9,36243
13301,GA,Warren,ARTHRITIS,33.4,5106
13301,GA,Warren,BPHIGH,50.3,5106
13301,GA,Warren,CANCER,8.2,5106
13301,GA,Warren,CHD,9.4,5106
13301,GA,Warren,COPD,10.5,5106
13301,GA,Warren,DIABETES,20.2,5106
13301,GA,Warren,OBESITY,43.5,5106
13301,GA,Warren,STROKE,6.1,5106
13303,GA,Washington,ARTHRITIS,30.2,19820
13303,GA,Washington,BPHIGH,47.1,19820
13303,GA,Washington,CANCER,7.1,19820
13303,GA,Washington,CHD,8.3,19820
13303,GA,Washington,COPD,9.7,19820
13303,GA,Washington,DIABETES,18.7,19820
13303,GA,Washington,OBESITY,43.1,19820
13303,GA,Washington,STROKE,5.4,19820
13305,GA,Wayne,ARTHRITIS,29.0,31373
13305,GA,Wayne,BPHIGH,42.7,31373
13305,GA,Wayne,CANCER,7.8,31373
13305,GA,Wayne,CHD,8.0,31373
13305,GA,Wayne,COPD,10.0,31373
13305,GA,Wayne,DIABETES,15.8,31373
13305,GA,Wayne,OBESITY,43.3,31373
13305,GA,Wayne,STROKE,4.6,31373
13307,GA,Webster,ARTHRITIS,35.3,2337
13307,GA,Webster,BPHIGH,50.7,2337
13307,GA,Webster,CANCER,9.3,2337
13307,GA,Webster,CHD,10.7,2337
13307,GA,Webster,COPD,11.4,2337
13307,GA,Webster,DIABETES,21.0,2337
13307,GA,Webster,OBESITY,42.2,2337
13307,GA,Webster,STROKE,6.4,2337
13309,GA,Wheeler,ARTHRITIS,26.9,7081
13309,GA,Wheeler,BPHIGH,43.8,7081
13309,GA,Wheeler,CANCER,6.9,7081
13309,GA,Wheeler,CHD,8.1,7081
13309,GA,Wheeler,COPD,9.6,7081
13309,GA,Wheeler,DIABETES,16.0,7081
13309,GA,Wheeler,OBESITY,41.3,7081
13309,GA,Wheeler,STROKE,4.8,7081
13311,GA,White,ARTHRITIS,30.0,29026
13311,GA,White,BPHIGH,39.8,29026
13311,GA,White,CANCER,10.2,29026
13311,GA,White,CHD,7.9,29026
13311,GA,White,COPD,8.4,29026
13311,GA,White,DIABETES,13.2,29026
13311,GA,White,OBESITY,35.0,29026
13311,GA,White,STROKE,4.0,29026
13313,GA,Whitfield,ARTHRITIS,25.3,103687
13313,GA,Whitfield,BPHIGH,35.7,103687
13313,GA,Whitfield,CANCER,7.4,103687
13313,GA,Whitfield,CHD,6.9,103687
13313,GA,Whitfield,COPD,7.5,103687
13313,GA,Whitfield,DIABETES,14.1,103687
13313,GA,Whitfield,OBESITY,37.9,103687
13313,GA,Whitfield,STROKE,3.7,103687
13315,GA,Wilcox,ARTHRITIS,29.5,8779
13315,GA,Wilcox,BPHIGH,46.2,8779
13315,GA,Wilcox,CANCER,8.0,8779
13315,GA,Wilcox,CHD,9.1,8779
13315,GA,Wilcox,COPD,10.3,8779
13315,GA,Wilcox,DIABETES,17.4,8779
13315,GA,Wilcox,OBESITY,42.6,8779
13315,GA,Wilcox,STROKE,5.3,8779
13317,GA,Wilkes,ARTHRITIS,33.0,9518
13317,GA,Wilkes,BPHIGH,47.4,9518
13317,GA,Wilkes,CANCER,8.8,9518
13317,GA,Wilkes,CHD,9.3,9518
13317,GA,Wilkes,COPD,10.2,9518
13317,GA,Wilkes,DIABETES,18.9,9518
13317,GA,Wilkes,OBESITY,40.6,9518
13317,GA,Wilkes,STROKE,5.6,9518
13319,GA,Wilkinson,ARTHRITIS,31.8,8725
13319,GA,Wilkinson,BPHIGH,45.9,8725
13319,GA,Wilkinson,CANCER,8.3,8725
13319,GA,Wilkinson,CHD,8.5,8725
13319,GA,Wilkinson,COPD,9.7,8725
13319,GA,Wilkinson,DIABETES,17.7,8725
13319,GA,Wilkinson,OBESITY,41.0,8725
13319,GA,Wilkinson,STROKE,5.2,8725
13321,GA,Worth,ARTHRITIS,32.0,20273
13321,GA,Worth,BPHIGH,44.5,20273
13321,GA,Worth,CANCER,8.7,20273
13321,GA,Worth,CHD,8.6,20273
13321,GA,Worth,COPD,10.1,20273
13321,GA,Worth,DIABETES,16.9,20273
13321,GA,Worth,OBESITY,38.9,20273
13321,GA,Worth,STROKE,5.0,20273
15001,HI,Hawaii,ARTHRITIS,27.4,207615
15001,HI,Hawaii,BPHIGH,31.0,207615
15001,HI,Hawaii,CANCER,8.3,207615
15001,HI,Hawaii,CHD,7.6,207615
15001,HI,Hawaii,COPD,7.1,207615
15001,HI,Hawaii,DIABETES,12.5,207615
15001,HI,Hawaii,OBESITY,27.2,207615
15001,HI,Hawaii,STROKE,4.4,207615
15003,HI,Honolulu,ARTHRITIS,21.8,989408
15003,HI,Honolulu,BPHIGH,31.6,989408
15003,HI,Honolulu,CANCER,6.1,989408
15003,HI,Honolulu,CHD,5.8,989408
15003,HI,Honolulu,COPD,4.7,989408
15003,HI,Honolulu,DIABETES,12.4,989408
15003,HI,Honolulu,OBESITY,25.3,989408
15003,HI,Honolulu,STROKE,3.5,989408
15005,HI,Kalawao,ARTHRITIS,34.8,81
15005,HI,Kalawao,BPHIGH,46.6,81
15005,HI,Kalawao,CANCER,9.1,81
15005,HI,Kalawao,CHD,12.8,81
15005,HI,Kalawao,COPD,9.8,81
15005,HI,Kalawao,DIABETES,22.1,81
15005,HI,Kalawao,OBESITY,38.5,81
15005,HI,Kalawao,STROKE,7.3,81
15007,HI,Kauai,ARTHRITIS,26.5,73851
15007,HI,Kauai,BPHIGH,33.1,73851
15007,HI,Kauai,CANCER,7.7,73851
15007,HI,Kauai,CHD,6.8,73851
15007,HI,Kauai,COPD,6.0,73851
15007,HI,Kauai,DIABETES,12.0,73851
15007,HI,Kauai,OBESITY,23.9,73851
15007,HI,Kauai,STROKE,3.9,73851
15009,HI,Maui,ARTHRITIS,24.6,164183
15009,HI,Maui,BPHIGH,30.7,164183
15009,HI,Maui,CANCER,7.8,164183
15009,HI,Maui,CHD,6.6,164183
15009,HI,Maui,COPD,5.9,164183
15009,HI,Maui,DIABETES,12.2,164183
15009,HI,Maui,OBESITY,26.2,164183
15009,HI,Maui,STROKE,3.8,164183
16001,ID,Ada,ARTHRITIS,25.8,524673
16001,ID,Ada,BPHIGH,31.2,524673
16001,ID,Ada,CANCER,8.2,524673
16001,ID,Ada,CHD,5.4,524673
16001,ID,Ada,COPD,5.3,524673
16001,ID,Ada,DIABETES,9.0,524673
16001,ID,Ada,OBESITY,29.0,524673
16001,ID,Ada,STROKE,2.8,524673
16003,ID,Adams,ARTHRITIS,35.7,4903
16003,ID,Adams,BPHIGH,40.7,4903
16003,ID,Adams,CANCER,11.5,4903
16003,ID,Adams,CHD,9.6,4903
16003,ID,Adams,COPD,10.0,4903
16003,ID,Adams,DIABETES,13.9,4903
16003,ID,Adams,OBESITY,34.2,4903
16003,ID,Adams,STROKE,4.9,4903
16005,ID,Bannock,ARTHRITIS,25.6,90400
16005,ID,Bannock,BPHIGH,31.0,90400
16005,ID,Bannock,CANCER,7.7,90400
16005,ID,Bannock,CHD,5.9,90400
16005,ID,Bannock,COPD,6.6,90400
16005,ID,Bannock,DIABETES,9.7,90400
16005,ID,Bannock,OBESITY,33.0,90400
16005,ID,Bannock,STROKE,3.1,90400
16007,ID,Bear Lake,ARTHRITIS,29.9,6766
16007,ID,Bear Lake,BPHIGH,34.1,6766
16007,ID,Bear Lake,CANCER,9.8,6766
16007,ID,Bear Lake,CHD,7.6,6766
16007,ID,Bear Lake,COPD,8.1,6766
16007,ID,Bear Lake,DIABETES,11.6,6766
16007,ID,Bear Lake,OBESITY,31.0,6766
16007,ID,Bear Lake,STROKE,3.9,6766
16009,ID,Benewah,ARTHRITIS,33.2,10369
16009,ID,Benewah,BPHIGH,38.0,10369
16009,ID,Benewah,CANCER,10.0,10369
16009,ID,Benewah,CHD,9.1,10369
16009,ID,Benewah,COPD,10.2,10369
16009,ID,Benewah,DIABETES,13.5,10369
16009,ID,Benewah,OBESITY,36.3,10369
16009,ID,Benewah,STROKE,4.8,10369
16011,ID,Bingham,ARTHRITIS,27.1,50395
16011,ID,Bingham,BPHIGH,33.0,50395
16011,ID,Bingham,CANCER,7.8,50395
16011,ID,Bingham,CHD,6.5,50395
16011,ID,Bingham,COPD,7.1,50395
16011,ID,Bingham,DIABETES,11.2,50395
16011,ID,Bingham,OBESITY,39.0,50395
16011,ID,Bingham,STROKE,3.4,50395
16013,ID,Blaine,ARTHRITIS,26.9,25041
16013,ID,Blaine,BPHIGH,31.0,25041
16013,ID,Blaine,CANCER,9.9,25041
16013,ID,Blaine,CHD,6.6,25041
16013,ID,Blaine,COPD,6.1,25041
16013,ID,Blaine,DIABETES,10.2,25041
16013,ID,Blaine,OBESITY,23.1,25041
16013,ID,Blaine,STROKE,3.3,25041
16015,ID,Boise,ARTHRITIS,33.6,8517
16015,ID,Boise,BPHIGH,38.0,8517
16015,ID,Boise,CANCER,11.4,8517
16015,ID,Boise,CHD,8.1,8517
16015,ID,Boise,COPD,7.7,8517
16015,ID,Boise,DIABETES,12.1,8517
16015,ID,Boise,OBESITY,31.9,8517
16015,ID,Boise,STROKE,4.0,8517
16017,ID,Bonner,ARTHRITIS,31.5,52547
16017,ID,Bonner,BPHIGH,36.7,52547
16017,ID,Bonner,CANCER,10.9,52547
16017,ID,Bonner,CHD,8.4,52547
16017,ID,Bonner,COPD,8.4,52547
16017,ID,Bonner,DIABETES,11.8,52547
16017,ID,Bonner,OBESITY,32.2,52547
16017,ID,Bonner,STROKE,4.2,52547
16019,ID,Bonneville,ARTHRITIS,25.2,131366
16019,ID,Bonneville,BPHIGH,29.9,131366
16019,ID,Bonneville,CANCER,7.6,131366
16019,ID,Bonneville,CHD,5.6,131366
16019,ID,Bonneville,COPD,6.0,131366
16019,ID,Bonneville,DIABETES,9.4,131366
16019,ID,Bonneville,OBESITY,33.3,131366
16019,ID,Bonneville,STROKE,3.0,131366
16021,ID,Boundary,ARTHRITIS,32.9,13557
16021,ID,Boundary,BPHIGH,36.1,13557
16021,ID,Boundary,CANCER,10.0,13557
16021,ID,Boundary,CHD,8.5,13557
16021,ID,Boundary,COPD,9.3,13557
16021,ID,Boundary,DIABETES,12.6,13557
16021,ID,Boundary,OBESITY,33.3,13557
16021,ID,Boundary,STROKE,4.4,13557
16023,ID,Butte,ARTHRITIS,35.4,2758
16023,ID,Butte,BPHIGH,40.3,2758
16023,ID,Butte,CANCER,10.5,2758
16023,ID,Butte,CHD,10.5,2758
16023,ID,Butte,COPD,11.8,2758
16023,ID,Butte,DIABETES,15.2,2758
16023,ID,Butte,OBESITY,35.5,2758
16023,ID,Butte,STROKE,5.4,2758
16025,ID,Camas,ARTHRITIS,31.1,1232
16025,ID,Camas,BPHIGH,36.0,1232
16025,ID,Camas,CANCER,10.5,1232
16025,ID,Camas,CHD,7.9,1232
16025,ID,Camas,COPD,7.8,1232
16025,ID,Camas,DIABETES,11.8,1232
16025,ID,Camas,OBESITY,29.7,1232
16025,ID,Camas,STROKE,4.0,1232
16027,ID,Canyon,ARTHRITIS,25.1,257674
16027,ID,Canyon,BPHIGH,30.9,257674
16027,ID,Canyon,CANCER,7.6,257674
16027,ID,Canyon,CHD,5.9,257674
16027,ID,Canyon,COPD,6.6,257674
16027,ID,Canyon,DIABETES,11.2,257674
16027,ID,Canyon,OBESITY,35.3,257674
16027,ID,Canyon,STROKE,3.2,257674
16029,ID,Caribou,ARTHRITIS,28.2,7219
16029,ID,Caribou,BPHIGH,32.5,7219
16029,ID,Caribou,CANCER,9.0,7219
16029,ID,Caribou,CHD,6.8,7219
16029,ID,Caribou,COPD,7.3,7219
16029,ID,Caribou,DIABETES,10.5,7219
16029,ID,Caribou,OBESITY,34.8,7219
16029,ID,Caribou,STROKE,3.6,7219
16031,ID,Cassia,ARTHRITIS,25.1,25696
16031,ID,Cassia,BPHIGH,32.3,25696
16031,ID,Cassia,CANCER,7.4,25696
16031,ID,Cassia,CHD,6.5,25696
16031,ID,Cassia,COPD,6.9,25696
16031,ID,Cassia,DIABETES,11.0,25696
16031,ID,Cassia,OBESITY,37.5,25696
16031,ID,Cassia,STROKE,3.4,25696
16033,ID,Clark,ARTHRITIS,28.4,801
16033,ID,Clark,BPHIGH,36.3,801
16033,ID,Clark,CANCER,8.4,801
16033,ID,Clark,CHD,8.5,801
16033,ID,Clark,COPD,8.3,801
16033,ID,Clark,DIABETES,13.8,801
16033,ID,Clark,OBESITY,36.0,801
16033,ID,Clark,STROKE,4.3,801
16035,ID,Clearwater,ARTHRITIS,34.9,9214
16035,ID,Clearwater,BPHIGH,38.5,9214
16035,ID,Clearwater,CANCER,11.1,9214
16035,ID,Clearwater,CHD,9.1,9214
16035,ID,Clearwater,COPD,9.3,9214
16035,ID,Clearwater,DIABETES,13.1,9214
16035,ID,Clearwater,OBESITY,31.8,9214
16035,ID,Clearwater,STROKE,4.7,9214
16037,ID,Custer,ARTHRITIS,34.5,4523
16037,ID,Custer,BPHIGH,40.3,4523
16037,ID,Custer,CANCER,11.8,4523
16037,ID,Custer,CHD,9.4,4523
16037,ID,Custer,COPD,9.1,4523
16037,ID,Custer,DIABETES,13.4,4523
16037,ID,Custer,OBESITY,31.5,4523
16037,ID,Custer,STROKE,4.7,4523
16039,ID,Elmore,ARTHRITIS,24.8,29724
16039,ID,Elmore,BPHIGH,31.7,29724
16039,ID,Elmore,CANCER,7.2,29724
16039,ID,Elmore,CHD,6.2,29724
16039,ID,Elmore,COPD,7.1,29724
16039,ID,Elmore,DIABETES,10.4,29724
16039,ID,Elmore,OBESITY,34.2,29724
16039,ID,Elmore,STROKE,3.3,29724
16041,ID,Franklin,ARTHRITIS,25.8,15494
16041,ID,Franklin,BPHIGH,30.9,15494
16041,ID,Franklin,CANCER,8.0,15494
16041,ID,Franklin,CHD,6.0,15494
16041,ID,Franklin,COPD,6.6,15494
16041,ID,Franklin,DIABETES,9.4,15494
16041,ID,Franklin,OBESITY,35.7,15494
16041,ID,Franklin,STROKE,3.2,15494
16043,ID,Fremont,ARTHRITIS,27.4,14196
16043,ID,Fremont,BPHIGH,30.9,14196
16043,ID,Fremont,CANCER,8.5,14196
16043,ID,Fremont,CHD,6.6,14196
16043,ID,Fremont,COPD,7.1,14196
16043,ID,Fremont,DIABETES,10.5,14196
16043,ID,Fremont,OBESITY,32.7,14196
16043,ID,Fremont,STROKE,3.4,14196
16045,ID,Gem,ARTHRITIS,30.6,21071
16045,ID,Gem,BPHIGH,35.1,21071
16045,ID,Gem,CANCER,10.0,21071
16045,ID,Gem,CHD,7.5,21071
16045,ID,Gem,COPD,7.8,21071
16045,ID,Gem,DIABETES,11.5,21071
16045,ID,Gem,OBESITY,32.9,21071
16045,ID,Gem,STROKE,3.9,21071
16047,ID,Gooding,ARTHRITIS,28.1,16061
16047,ID,Gooding,BPHIGH,34.9,16061
16047,ID,Gooding,CANCER,8.4,16061
16047,ID,Gooding,CHD,8.0,16061
16047,ID,Gooding,COPD,8.7,16061
16047,ID,Gooding,DIABETES,13.0,16061
16047,ID,Gooding,OBESITY,34.1,16061
16047,ID,Gooding,STROKE,4.2,16061
16049,ID,Idaho,ARTHRITIS,32.9,17890
16049,ID,Idaho,BPHIGH,37.9,17890
16049,ID,Idaho,CANCER,11.2,17890
16049,ID,Idaho,CHD,9.2,17890
16049,ID,Idaho,COPD,9.1,17890
16049,ID,Idaho,DIABETES,12.8,17890
16049,ID,Idaho,OBESITY,31.8,17890
16049,ID,Idaho,STROKE,4.6,17890
16051,ID,Jefferson,ARTHRITIS,23.3,34198
16051,ID,Jefferson,BPHIGH,28.7,34198
16051,ID,Jefferson,CANCER,7.5,34198
16051,ID,Jefferson,CHD,5.5,34198
16051,ID,Jefferson,COPD,6.0,34198
16051,ID,Jefferson,DIABETES,9.1,34198
16051,ID,Jefferson,OBESITY,33.1,34198
16051,ID,Jefferson,STROKE,2.9,34198
16053,ID,Jerome,ARTHRITIS,25.6,25479
16053,ID,Jerome,BPHIGH,33.0,25479
16053,ID,Jerome,CANCER,7.1,25479
16053,ID,Jerome,CHD,7.0,25479
16053,ID,Jerome,COPD,8.0,25479
16053,ID,Jerome,DIABETES,12.6,25479
16053,ID,Jerome,OBESITY,35.8,25479
16053,ID,Jerome,STROKE,3.8,25479
16055,ID,Kootenai,ARTHRITIS,29.3,185010
16055,ID,Kootenai,BPHIGH,30.1,185010
16055,ID,Kootenai,CANCER,9.4,185010
16055,ID,Kootenai,CHD,6.7,185010
16055,ID,Kootenai,COPD,7.2,185010
16055,ID,Kootenai,DIABETES,9.9,185010
16055,ID,Kootenai,OBESITY,31.7,185010
16055,ID,Kootenai,STROKE,3.5,185010
16057,ID,Latah,ARTHRITIS,22.8,41301
16057,ID,Latah,BPHIGH,28.1,41301
16057,ID,Latah,CANCER,7.2,41301
16057,ID,Latah,CHD,5.3,41301
16057,ID,Latah,COPD,5.5,41301
16057,ID,Latah,DIABETES,7.8,41301
16057,ID,Latah,OBESITY,29.0,41301
16057,ID,Latah,STROKE,2.7,41301
16059,ID,Lemhi,ARTHRITIS,35.9,8441
16059,ID,Lemhi,BPHIGH,39.6,8441
16059,ID,Lemhi,CANCER,11.7,8441
16059,ID,Lemhi,CHD,9.3,8441
16059,ID,Lemhi,COPD,9.2,8441
16059,ID,Lemhi,DIABETES,12.7,8441
16059,ID,Lemhi,OBESITY,30.4,8441
16059,ID,Lemhi,STROKE,4.7,8441
16061,ID,Lewis,ARTHRITIS,36.4,3739
16061,ID,Lewis,BPHIGH,42.3,3739
16061,ID,Lewis,CANCER,11.2,3739
16061,ID,Lewis,CHD,10.4,3739
16061,ID,Lewis,COPD,10.9,3739
16061,ID,Lewis,DIABETES,15.1,3739
16061,ID,Lewis,OBESITY,35.2,3739
16061,ID,Lewis,STROKE,5.3,3739
16063,ID,Lincoln,ARTHRITIS,25.6,5450
16063,ID,Lincoln,BPHIGH,32.1,5450
16063,ID,Lincoln,CANCER,7.4,5450
16063,ID,Lincoln,CHD,6.7,5450
16063,ID,Lincoln,COPD,7.3,5450
16063,ID,Lincoln,DIABETES,11.5,5450
16063,ID,Lincoln,OBESITY,34.2,5450
16063,ID,Lincoln,STROKE,3.5,5450
16065,ID,Madison,ARTHRITIS,12.7,54547
16065,ID,Madison,BPHIGH,17.3,54547
16065,ID,Madison,CANCER,3.4,54547
16065,ID,Madison,CHD,3.0,54547
16065,ID,Madison,COPD,4.4,54547
16065,ID,Madison,DIABETES,4.9,54547
16065,ID,Madison,OBESITY,26.2,54547
16065,ID,Madison,STROKE,1.7,54547
16067,ID,Minidoka,ARTHRITIS,25.6,22480
16067,ID,Minidoka,BPHIGH,34.0,22480
16067,ID,Minidoka,CANCER,7.5,22480
16067,ID,Minidoka,CHD,6.9,22480
16067,ID,Minidoka,COPD,7.3,22480
16067,ID,Minidoka,DIABETES,12.3,22480
16067,ID,Minidoka,OBESITY,36.4,22480
16067,ID,Minidoka,STROKE,3.7,22480
16069,ID,Nez Perce,ARTHRITIS,30.1,42987
16069,ID,Nez Perce,BPHIGH,35.7,42987
16069,ID,Nez Perce,CANCER,9.7,42987
16069,ID,Nez Perce,CHD,7.4,42987
16069,ID,Nez Perce,COPD,7.9,42987
16069,ID,Nez Perce,DIABETES,10.8,42987
16069,ID,Nez Perce,OBESITY,37.7,42987
16069,ID,Nez Perce,STROKE,3.9,42987
16071,ID,Oneida,ARTHRITIS,28.9,4953
16071,ID,Oneida,BPHIGH,33.2,4953
16071,ID,Oneida,CANCER,9.4,4953
16071,ID,Oneida,CHD,7.0,4953
16071,ID,Oneida,COPD,7.2,4953
16071,ID,Oneida,DIABETES,10.5,4953
16071,ID,Oneida,OBESITY,31.9,4953
16071,ID,Oneida,STROKE,3.6,4953
16073,ID,Owyhee,ARTHRITIS,29.9,12722
16073,ID,Owyhee,BPHIGH,35.8,12722
16073,ID,Owyhee,CANCER,8.2,12722
16073,ID,Owyhee,CHD,8.2,12722
16073,ID,Owyhee,COPD,9.3,12722
16073,ID,Owyhee,DIABETES,13.4,12722
16073,ID,Owyhee,OBESITY,33.4,12722
16073,ID,Owyhee,STROKE,4.4,12722
16075,ID,Payette,ARTHRITIS,28.6,27279
16075,ID,Payette,BPHIGH,35.5,27279
16075,ID,Payette,CANCER,9.0,27279
16075,ID,Payette,CHD,7.7,27279
16075,ID,Payette,COPD,8.4,27279
16075,ID,Payette,DIABETES,11.8,27279
16075,ID,Payette,OBESITY,31.4,27279
16075,ID,Payette,STROKE,4.0,27279
16077,ID,Power,ARTHRITIS,27.1,8253
16077,ID,Power,BPHIGH,33.6,8253
16077,ID,Power,CANCER,8.0,8253
16077,ID,Power,CHD,7.4,8253
16077,ID,Power,COPD,7.9,8253
16077,ID,Power,DIABETES,12.1,8253
16077,ID,Power,OBESITY,37.5,8253
16077,ID,Power,STROKE,3.9,8253
16079,ID,Shoshone,ARTHRITIS,34.2,14026
16079,ID,Shoshone,BPHIGH,37.4,14026
16079,ID,Shoshone,CANCER,9.9,14026
16079,ID,Shoshone,CHD,8.7,14026
16079,ID,Shoshone,COPD,9.9,14026
16079,ID,Shoshone,DIABETES,13.5,14026
16079,ID,Shoshone,OBESITY,36.1,14026
16079,ID,Shoshone,STROKE,4.6,14026
16081,ID,Teton,ARTHRITIS,24.9,12549
16081,ID,Teton,BPHIGH,29.7,12549
16081,ID,Teton,CANCER,8.0,12549
16081,ID,Teton,CHD,5.3,12549
16081,ID,Teton,COPD,5.4,12549
16081,ID,Teton,DIABETES,9.2,12549
16081,ID,Teton,OBESITY,32.0,12549
16081,ID,Teton,STROKE,2.7,12549
16083,ID,Twin Falls,ARTHRITIS,27.3,95156
16083,ID,Twin Falls,BPHIGH,31.0,95156
16083,ID,Twin Falls,CANCER,8.1,95156
16083,ID,Twin Falls,CHD,6.5,95156
16083,ID,Twin Falls,COPD,7.3,95156
16083,ID,Twin Falls,DIABETES,11.0,95156
16083,ID,Twin Falls,OBESITY,33.3,95156
16083,ID,Twin Falls,STROKE,3.5,95156
16085,ID,Valley,ARTHRITIS,32.9,12644
16085,ID,Valley,BPHIGH,39.0,12644
16085,ID,Valley,CANCER,10.9,12644
16085,ID,Valley,CHD,8.5,12644
16085,ID,Valley,COPD,8.6,12644
16085,ID,Valley,DIABETES,13.1,12644
16085,ID,Valley,OBESITY,34.0,12644
16085,ID,Valley,STROKE,4.3,12644
16087,ID,Washington,ARTHRITIS,33.6,11425
16087,ID,Washington,BPHIGH,38.3,11425
16087,ID,Washington,CANCER,10.2,11425
16087,ID,Washington,CHD,9.6,11425
16087,ID,Washington,COPD,10.0,11425
16087,ID,Washington,DIABETES,14.5,11425
16087,ID,Washington,OBESITY,33.4,11425
16087,ID,Washington,STROKE,4.9,11425
17001,IL,Adams,ARTHRITIS,29.0,64441
17001,IL,Adams,BPHIGH,37.2,64441
17001,IL,Adams,CANCER,9.7,64441
17001,IL,Adams,CHD,7.3,64441
17001,IL,Adams,COPD,8.1,64441
17001,IL,Adams,DIABETES,12.0,64441
17001,IL,Adams,OBESITY,37.8,64441
17001,IL,Adams,STROKE,3.7,64441
17003,IL,Alexander,ARTHRITIS,35.3,4695
17003,IL,Alexander,BPHIGH,47.9,4695
17003,IL,Alexander,CANCER,9.5,4695
17003,IL,Alexander,CHD,10.2,4695
17003,IL,Alexander,COPD,12.1,4695
17003,IL,Alexander,DIABETES,19.0,4695
17003,IL,Alexander,OBESITY,45.3,4695
17003,IL,Alexander,STROKE,6.0,4695
17005,IL,Bond,ARTHRITIS,27.1,16450
17005,IL,Bond,BPHIGH,35.5,16450
17005,IL,Bond,CANCER,8.6,16450
17005,IL,Bond,CHD,6.9,16450
17005,IL,Bond,COPD,8.0,16450
17005,IL,Bond,DIABETES,11.6,16450
17005,IL,Bond,OBESITY,39.0,16450
17005,IL,Bond,STROKE,3.6,16450
17007,IL,Boone,ARTHRITIS,26.8,53202
17007,IL,Boone,BPHIGH,34.9,53202
17007,IL,Boone,CANCER,8.3,53202
17007,IL,Boone,CHD,6.7,53202
17007,IL,Boone,COPD,7.4,53202
17007,IL,Boone,DIABETES,12.2,53202
17007,IL,Boone,OBESITY,36.8,53202
17007,IL,Boone,STROKE,3.5,53202
17009,IL,Brown,ARTHRITIS,24.5,6294
17009,IL,Brown,BPHIGH,36.4,6294
17009,IL,Brown,CANCER,7.1,6294
17009,IL,Brown,CHD,6.5,6294
17009,IL,Brown,COPD,8.0,6294
17009,IL,Brown,DIABETES,11.7,6294
17009,IL,Brown,OBESITY,41.5,6294
17009,IL,Brown,STROKE,3.5,6294
17011,IL,Bureau,ARTHRITIS,30.7,32729
17011,IL,Bureau,BPHIGH,37.9,32729
17011,IL,Bureau,CANCER,10.1,32729
17011,IL,Bureau,CHD,8.0,32729
17011,IL,Bureau,COPD,8.9,32729
17011,IL,Bureau,DIABETES,13.2,32729
17011,IL,Bureau,OBESITY,38.1,32729
17011,IL,Bureau,STROKE,4.1,32729
17013,IL,Calhoun,ARTHRITIS,31.4,4317
17013,IL,Calhoun,BPHIGH,38.0,4317
17013,IL,Calhoun,CANCER,11.1,4317
17013,IL,Calhoun,CHD,7.5,4317
17013,IL,Calhoun,COPD,7.8,4317
17013,IL,Calhoun,DIABETES,11.9,4317
17013,IL,Calhoun,OBESITY,35.3,4317
17013,IL,Calhoun,STROKE,3.7,4317
17015,IL,Carroll,ARTHRITIS,31.0,15526
17015,IL,Carroll,BPHIGH,39.3,15526
17015,IL,Carroll,CANCER,10.1,15526
17015,IL,Carroll,CHD,8.2,15526
17015,IL,Carroll,COPD,9.0,15526
17015,IL,Carroll,DIABETES,13.3,15526
17015,IL,Carroll,OBESITY,38.8,15526
17015,IL,Carroll,STROKE,4.1,15526
17017,IL,Cass,ARTHRITIS,28.5,12596
17017,IL,Cass,BPHIGH,37.4,12596
17017,IL,Cass,CANCER,8.6,12596
17017,IL,Cass,CHD,7.4,12596
17017,IL,Cass,COPD,8.6,12596
17017,IL,Cass,DIABETES,13.4,12596
17017,IL,Cass,OBESITY,40.6,12596
17017,IL,Cass,STROKE,3.9,12596
17019,IL,Champaign,ARTHRITIS,21.4,205644
17019,IL,Champaign,BPHIGH,28.7,205644
17019,IL,Champaign,CANCER,6.5,205644
17019,IL,Champaign,CHD,5.0,205644
17019,IL,Champaign,COPD,5.6,205644
17019,IL,Champaign,DIABETES,9.6,205644
17019,IL,Champaign,OBESITY,31.1,205644
17019,IL,Champaign,STROKE,2.7,205644
17021,IL,Christian,ARTHRITIS,29.4,33228
17021,IL,Christian,BPHIGH,37.5,33228
17021,IL,Christian,CANCER,9.3,33228
17021,IL,Christian,CHD,7.4,33228
17021,IL,Christian,COPD,8.6,33228
17021,IL,Christian,DIABETES,12.3,33228
17021,IL,Christian,OBESITY,38.1,33228
17021,IL,Christian,STROKE,3.8,33228
17023,IL,Clark,ARTHRITIS,29.7,15088
17023,IL,Clark,BPHIGH,36.8,15088
17023,IL,Clark,CANCER,9.7,15088
17023,IL,Clark,CHD,7.3,15088
17023,IL,Clark,COPD,8.3,15088
17023,IL,Clark,DIABETES,12.0,15088
17023,IL,Clark,OBESITY,37.3,15088
17023,IL,Clark,STROKE,3.7,15088
17025,IL,Clay,ARTHRITIS,31.6,12999
17025,IL,Clay,BPHIGH,39.7,12999
17025,IL,Clay,CANCER,9.9,12999
17025,IL,Clay,CHD,8.5,12999
17025,IL,Clay,COPD,10.3,12999
17025,IL,Clay,DIABETES,13.9,12999
17025,IL,Clay,OBESITY,41.5,12999
17025,IL,Clay,STROKE,4.4,12999
17027,IL,Clinton,ARTHRITIS,27.6,36785
17027,IL,Clinton,BPHIGH,35.5,36785
17027,IL,Clinton,CANCER,9.2,36785
17027,IL,Clinton,CHD,6.6,36785
17027,IL,Clinton,COPD,7.4,36785
17027,IL,Clinton,DIABETES,11.3,36785
17027,IL,Clinton,OBESITY,40.2,36785
17027,IL,Clinton,STROKE,3.4,36785
17029,IL,Coles,ARTHRITIS,27.4,46060
17029,IL,Coles,BPHIGH,34.0,46060
17029,IL,Coles,CANCER,8.4,46060
17029,IL,Coles,CHD,6.9,46060
17029,IL,Coles,COPD,8.2,46060
17029,IL,Coles,DIABETES,11.4,46060
17029,IL,Coles,OBESITY,37.7,46060
17029,IL,Coles,STROKE,3.6,46060
17031,IL,Cook,ARTHRITIS,21.7,5087072
17031,IL,Cook,BPHIGH,31.0,5087072
17031,IL,Cook,CANCER,6.4,5087072
17031,IL,Cook,CHD,5.3,5087072
17031,IL,Cook,COPD,5.7,5087072
17031,IL,Cook,DIABETES,11.8,5087072
17031,IL,Cook,OBESITY,31.0,5087072
17031,IL,Cook,STROKE,3.2,5087072
17033,IL,Crawford,ARTHRITIS,28.8,18300
17033,IL,Crawford,BPHIGH,37.6,18300
17033,IL,Crawford,CANCER,9.3,18300
17033,IL,Crawford,CHD,7.2,18300
17033,IL,Crawford,COPD,8.4,18300
17033,IL,Crawford,DIABETES,12.1,18300
17033,IL,Crawford,OBESITY,40.1,18300
17033,IL,Crawford,STROKE,3.7,18300
17035,IL,Cumberland,ARTHRITIS,29.9,10261
17035,IL,Cumberland,BPHIGH,37.2,10261
17035,IL,Cumberland,CANCER,10.0,10261
17035,IL,Cumberland,CHD,7.3,10261
17035,IL,Cumberland,COPD,8.1,10261
17035,IL,Cumberland,DIABETES,11.9,10261
17035,IL,Cumberland,OBESITY,38.7,10261
17035,IL,Cumberland,STROKE,3.7,10261
17037,IL,DeKalb,ARTHRITIS,22.7,100288
17037,IL,DeKalb,BPHIGH,30.4,100288
17037,IL,DeKalb,CANCER,7.0,100288
17037,IL,DeKalb,CHD,5.5,100288
17037,IL,DeKalb,COPD,6.3,100288
17037,IL,DeKalb,DIABETES,10.3,100288
17037,IL,DeKalb,OBESITY,35.1,100288
17037,IL,DeKalb,STROKE,2.9,100288
17039,IL,De Witt,ARTHRITIS,29.5,15365
17039,IL,De Witt,BPHIGH,37.2,15365
17039,IL,De Witt,CANCER,9.7,15365
17039,IL,De Witt,CHD,7.3,15365
17039,IL,De Witt,COPD,8.4,15365
17039,IL,De Witt,DIABETES,12.2,15365
17039,IL,De Witt,OBESITY,38.2,15365
17039,IL,De Witt,STROKE,3.7,15365
17041,IL,Douglas,ARTHRITIS,27.9,19629
17041,IL,Douglas,BPHIGH,35.4,19629
17041,IL,Douglas,CANCER,9.0,19629
17041,IL,Douglas,CHD,6.9,19629
17041,IL,Douglas,COPD,8.0,19629
17041,IL,Douglas,DIABETES,11.7,19629
17041,IL,Douglas,OBESITY,38.5,19629
17041,IL,Douglas,STROKE,3.5,19629
17043,IL,DuPage,ARTHRITIS,22.3,921213
17043,IL,DuPage,BPHIGH,30.7,921213
17043,IL,DuPage,CANCER,8.1,921213
17043,IL,DuPage,CHD,5.3,921213
17043,IL,DuPage,COPD,5.0,921213
17043,IL,DuPage,DIABETES,10.0,921213
17043,IL,DuPage,OBESITY,29.2,921213
17043,IL,DuPage,STROKE,2.7,921213
17045,IL,Edgar,ARTHRITIS,32.6,16334
17045,IL,Edgar,BPHIGH,40.3,16334
17045,IL,Edgar,CANCER,10.5,16334
17045,IL,Edgar,CHD,8.6,16334
17045,IL,Edgar,COPD,9.8,16334
17045,IL,Edgar,DIABETES,13.6,16334
17045,IL,Edgar,OBESITY,37.5,16334
17045,IL,Edgar,STROKE,4.4,16334
17047,IL,Edwards,ARTHRITIS,32.6,5968
17047,IL,Edwards,BPHIGH,40.2,5968
17047,IL,Edwards,CANCER,10.3,5968
17047,IL,Edwards,CHD,8.7,5968
17047,IL,Edwards,COPD,10.3,5968
17047,IL,Edwards,DIABETES,14.1,5968
17047,IL,Edwards,OBESITY,40.3,5968
17047,IL,Edwards,STROKE,4.5,5968
17049,IL,Effingham,ARTHRITIS,28.1,34331
17049,IL,Effingham,BPHIGH,35.2,34331
17049,IL,Effingham,CANCER,9.4,34331
17049,IL,Effingham,CHD,6.8,34331
17049,IL,Effingham,COPD,7.7,34331
17049,IL,Effingham,DIABETES,11.3,34331
17049,IL,Effingham,OBESITY,34.3,34331
17049,IL,Effingham,STROKE,3.5,34331
17051,IL,Fayette,ARTHRITIS,28.4,21164
17051,IL,Fayette,BPHIGH,37.6,21164
17051,IL,Fayette,CANCER,8.7,21164
17051,IL,Fayette,CHD,7.6,21164
17051,IL,Fayette,COPD,9.2,21164
17051,IL,Fayette,DIABETES,12.7,21164
17051,IL,Fayette,OBESITY,39.8,21164
17051,IL,Fayette,STROKE,4.0,21164
17053,IL,Ford,ARTHRITIS,29.6,13250
17053,IL,Ford,BPHIGH,37.1,13250
17053,IL,Ford,CANCER,9.4,13250
17053,IL,Ford,CHD,7.5,13250
17053,IL,Ford,COPD,8.7,13250
17053,IL,Ford,DIABETES,12.4,13250
17053,IL,Ford,OBESITY,37.7,13250
17053,IL,Ford,STROKE,3.8,13250
17055,IL,Franklin,ARTHRITIS,31.9,37138
17055,IL,Franklin,BPHIGH,38.7,37138
17055,IL,Franklin,CANCER,9.8,37138
17055,IL,Franklin,CHD,8.4,37138
17055,IL,Franklin,COPD,10.2,37138
17055,IL,Franklin,DIABETES,13.9,37138
17055,IL,Franklin,OBESITY,41.6,37138
17055,IL,Franklin,STROKE,4.4,37138
17057,IL,Fulton,ARTHRITIS,30.4,32541
17057,IL,Fulton,BPHIGH,39.2,32541
17057,IL,Fulton,CANCER,9.6,32541
17057,IL,Fulton,CHD,7.9,32541
17057,IL,Fulton,COPD,9.2,32541
17057,IL,Fulton,DIABETES,13.0,32541
17057,IL,Fulton,OBESITY,39.9,32541
17057,IL,Fulton,STROKE,4.1,32541
17059,IL,Gallatin,ARTHRITIS,34.1,4670
17059,IL,Gallatin,BPHIGH,41.6,4670
17059,IL,Gallatin,CANCER,11.0,4670
17059,IL,Gallatin,CHD,9.3,4670
17059,IL,Gallatin,COPD,10.9,4670
17059,IL,Gallatin,DIABETES,14.6,4670
17059,IL,Gallatin,OBESITY,40.8,4670
17059,IL,Gallatin,STROKE,4.8,4670
17061,IL,Greene,ARTHRITIS,31.4,11543
17061,IL,Greene,BPHIGH,38.9,11543
17061,IL,Greene,CANCER,9.9,11543
17061,IL,Greene,CHD,8.1,11543
17061,IL,Greene,COPD,9.7,11543
17061,IL,Greene,DIABETES,13.2,11543
17061,IL,Greene,OBESITY,40.2,11543
17061,IL,Greene,STROKE,4.1,11543
17063,IL,Grundy,ARTHRITIS,24.9,53578
17063,IL,Grundy,BPHIGH,32.3,53578
17063,IL,Grundy,CANCER,8.2,53578
17063,IL,Grundy,CHD,5.7,53578
17063,IL,Grundy,COPD,6.4,53578
17063,IL,Grundy,DIABETES,10.3,53578
17063,IL,Grundy,OBESITY,36.4,53578
17063,IL,Grundy,STROKE,3.0,53578
17065,IL,Hamilton,ARTHRITIS,32.1,7911
17065,IL,Hamilton,BPHIGH,39.9,7911
17065,IL,Hamilton,CANCER,10.2,7911
17065,IL,Hamilton,CHD,8.7,7911
17065,IL,Hamilton,COPD,10.1,7911
17065,IL,Hamilton,DIABETES,13.9,7911
17065,IL,Hamilton,OBESITY,40.0,7911
17065,IL,Hamilton,STROKE,4.4,7911
17067,IL,Hancock,ARTHRITIS,31.8,17186
17067,IL,Hancock,BPHIGH,39.6,17186
17067,IL,Hancock,CANCER,10.8,17186
17067,IL,Hancock,CHD,8.2,17186
17067,IL,Hancock,COPD,9.0,17186
17067,IL,Hancock,DIABETES,13.2,17186
17067,IL,Hancock,OBESITY,38.8,17186
17067,IL,Hancock,STROKE,4.1,17186
17069,IL,Hardin,ARTHRITIS,33.6,3569
17069,IL,Hardin,BPHIGH,42.1,3569
17069,IL,Hardin,CANCER,10.9,3569
17069,IL,Hardin,CHD,9.3,3569
17069,IL,Hardin,COPD,10.5,3569
17069,IL,Hardin,DIABETES,14.7,3569
17069,IL,Hardin,OBESITY,39.7,3569
17069,IL,Hardin,STROKE,4.7,3569
17071,IL,Henderson,ARTHRITIS,33.5,6088
17071,IL,Henderson,BPHIGH,41.8,6088
17071,IL,Henderson,CANCER,11.4,6088
17071,IL,Henderson,CHD,8.9,6088
17071,IL,Henderson,COPD,9.6,6088
17071,IL,Henderson,DIABETES,14.1,6088
17071,IL,Henderson,OBESITY,38.6,6088
17071,IL,Henderson,STROKE,4.5,6088
17073,IL,Henry,ARTHRITIS,29.4,48448
17073,IL,Henry,BPHIGH,36.4,48448
17073,IL,Henry,CANCER,10.0,48448
17073,IL,Henry,CHD,7.2,48448
17073,IL,Henry,COPD,7.8,48448
17073,IL,Henry,DIABETES,11.9,48448
17073,IL,Henry,OBESITY,36.9,48448
17073,IL,Henry,STROKE,3.6,48448
17075,IL,Iroquois,ARTHRITIS,31.4,26136
17075,IL,Iroquois,BPHIGH,40.0,26136
17075,IL,Iroquois,CANCER,10.1,26136
17075,IL,Iroquois,CHD,8.4,26136
17075,IL,Iroquois,COPD,9.7,26136
17075,IL,Iroquois,DIABETES,13.9,26136
17075,IL,Iroquois,OBESITY,40.6,26136
17075,IL,Iroquois,STROKE,4.3,26136
17077,IL,Jackson,ARTHRITIS,25.0,52141
17077,IL,Jackson,BPHIGH,33.6,52141
17077,IL,Jackson,CANCER,7.4,52141
17077,IL,Jackson,CHD,6.5,52141
17077,IL,Jackson,COPD,7.7,52141
17077,IL,Jackson,DIABETES,11.6,52141
17077,IL,Jackson,OBESITY,39.8,52141
17077,IL,Jackson,STROKE,3.5,52141
17079,IL,Jasper,ARTHRITIS,30.1,9144
17079,IL,Jasper,BPHIGH,36.9,9144
17079,IL,Jasper,CANCER,10.2,9144
17079,IL,Jasper,CHD,7.3,9144
17079,IL,Jasper,COPD,8.1,9144
17079,IL,Jasper,DIABETES,12.0,9144
17079,IL,Jasper,OBESITY,38.2,9144
17079,IL,Jasper,STROKE,3.7,9144
17081,IL,Jefferson,ARTHRITIS,29.7,36320
17081,IL,Jefferson,BPHIGH,38.5,36320
17081,IL,Jefferson,CANCER,9.3,36320
17081,IL,Jefferson,CHD,7.6,36320
17081,IL,Jefferson,COPD,8.8,36320
17081,IL,Jefferson,DIABETES,13.0,36320
17081,IL,Jefferson,OBESITY,39.8,36320
17081,IL,Jefferson,STROKE,4.0,36320
17083,IL,Jersey,ARTHRITIS,29.5,21091
17083,IL,Jersey,BPHIGH,36.2,21091
17083,IL,Jersey,CANCER,9.7,21091
17083,IL,Jersey,CHD,7.1,21091
17083,IL,Jersey,COPD,7.9,21091
17083,IL,Jersey,DIABETES,11.7,21091
17083,IL,Jersey,OBESITY,39.0,21091
17083,IL,Jersey,STROKE,3.6,21091
17085,IL,Jo Daviess,ARTHRITIS,33.0,21756
17085,IL,Jo Daviess,BPHIGH,40.4,21756
17085,IL,Jo Daviess,CANCER,11.9,21756
17085,IL,Jo Daviess,CHD,8.5,21756
17085,IL,Jo Daviess,COPD,8.6,21756
17085,IL,Jo Daviess,DIABETES,13.2,21756
17085,IL,Jo Daviess,OBESITY,36.1,21756
17085,IL,Jo Daviess,STROKE,4.2,21756
17087,IL,Johnson,ARTHRITIS,28.1,13326
17087,IL,Johnson,BPHIGH,38.4,13326
17087,IL,Johnson,CANCER,8.7,13326
17087,IL,Johnson,CHD,7.7,13326
17087,IL,Johnson,COPD,8.9,13326
17087,IL,Johnson,DIABETES,12.9,13326
17087,IL,Johnson,OBESITY,41.4,13326
17087,IL,Johnson,STROKE,4.0,13326
17089,IL,Kane,ARTHRITIS,23.4,514982
17089,IL,Kane,BPHIGH,30.4,514982
17089,IL,Kane,CANCER,7.6,514982
17089,IL,Kane,CHD,5.7,514982
17089,IL,Kane,COPD,5.7,514982
17089,IL,Kane,DIABETES,11.5,514982
17089,IL,Kane,OBESITY,35.1,514982
17089,IL,Kane,STROKE,3.0,514982
17091,IL,Kankakee,ARTHRITIS,27.3,105940
17091,IL,Kankakee,BPHIGH,37.7,105940
17091,IL,Kankakee,CANCER,8.3,105940
17091,IL,Kankakee,CHD,7.0,105940
17091,IL,Kankakee,COPD,7.9,105940
17091,IL,Kankakee,DIABETES,13.0,105940
17091,IL,Kankakee,OBESITY,39.8,105940
17091,IL,Kankakee,STROKE,3.8,105940
17093,IL,Kendall,ARTHRITIS,20.8,139976
17093,IL,Kendall,BPHIGH,29.6,139976
17093,IL,Kendall,CANCER,6.7,139976
17093,IL,Kendall,CHD,4.4,139976
17093,IL,Kendall,COPD,4.7,139976
17093,IL,Kendall,DIABETES,9.4,139976
17093,IL,Kendall,OBESITY,39.7,139976
17093,IL,Kendall,STROKE,2.4,139976
17095,IL,Knox,ARTHRITIS,30.3,48411
17095,IL,Knox,BPHIGH,38.7,48411
17095,IL,Knox,CANCER,9.6,48411
17095,IL,Knox,CHD,8.2,48411
17095,IL,Knox,COPD,9.4,48411
17095,IL,Knox,DIABETES,13.5,48411
17095,IL,Knox,OBESITY,39.2,48411
17095,IL,Knox,STROKE,4.3,48411
17097,IL,Lake,ARTHRITIS,22.0,708760
17097,IL,Lake,BPHIGH,32.4,708760
17097,IL,Lake,CANCER,7.7,708760
17097,IL,Lake,CHD,5.4,708760
17097,IL,Lake,COPD,5.4,708760
17097,IL,Lake,DIABETES,11.2,708760
17097,IL,Lake,OBESITY,32.9,708760
17097,IL,Lake,STROKE,2.9,708760
17099,IL,LaSalle,ARTHRITIS,29.0,108309
17099,IL,LaSalle,BPHIGH,36.4,108309
17099,IL,LaSalle,CANCER,9.3,108309
17099,IL,LaSalle,CHD,7.3,108309
17099,IL,LaSalle,COPD,8.2,108309
17099,IL,LaSalle,DIABETES,12.4,108309
17099,IL,LaSalle,OBESITY,37.8,108309
17099,IL,LaSalle,STROKE,3.7,108309
17101,IL,Lawrence,ARTHRITIS,28.2,14813
17101,IL,Lawrence,BPHIGH,38.1,14813
17101,IL,Lawrence,CANCER,8.6,14813
17101,IL,Lawrence,CHD,7.5,14813
17101,IL,Lawrence,COPD,9.2,14813
17101,IL,Lawrence,DIABETES,12.8,14813
17101,IL,Lawrence,OBESITY,40.7,14813
17101,IL,Lawrence,STROKE,4.0,14813
17103,IL,Lee,ARTHRITIS,29.0,33654
17103,IL,Lee,BPHIGH,38.0,33654
17103,IL,Lee,CANCER,9.5,33654
17103,IL,Lee,CHD,7.6,33654
17103,IL,Lee,COPD,8.4,33654
17103,IL,Lee,DIABETES,12.8,33654
17103,IL,Lee,OBESITY,38.9,33654
17103,IL,Lee,STROKE,3.9,33654
17105,IL,Livingston,ARTHRITIS,28.7,35320
17105,IL,Livingston,BPHIGH,36.6,35320
17105,IL,Livingston,CANCER,9.3,35320
17105,IL,Livingston,CHD,7.3,35320
17105,IL,Livingston,COPD,8.4,35320
17105,IL,Livingston,DIABETES,12.2,35320
17105,IL,Livingston,OBESITY,35.9,35320
17105,IL,Livingston,STROKE,3.8,35320
17107,IL,Logan,ARTHRITIS,27.4,27590
17107,IL,Logan,BPHIGH,35.6,27590
17107,IL,Logan,CANCER,8.9,27590
17107,IL,Logan,CHD,6.9,27590
17107,IL,Logan,COPD,7.9,27590
17107,IL,Logan,DIABETES,11.6,27590
17107,IL,Logan,OBESITY,38.5,27590
17107,IL,Logan,STROKE,3.6,27590
17109,IL,McDonough,ARTHRITIS,25.8,26839
17109,IL,McDonough,BPHIGH,34.1,26839
17109,IL,McDonough,CANCER,8.3,26839
17109,IL,McDonough,CHD,6.8,26839
17109,IL,McDonough,COPD,7.9,26839
17109,IL,McDonough,DIABETES,11.4,26839
17109,IL,McDonough,OBESITY,36.3,26839
17109,IL,McDonough,STROKE,3.5,26839
17111,IL,McHenry,ARTHRITIS,26.3,312800
17111,IL,McHenry,BPHIGH,33.7,312800
17111,IL,McHenry,CANCER,8.6,312800
17111,IL,McHenry,CHD,5.6,312800
17111,IL,McHenry,COPD,5.9,312800
17111,IL,McHenry,DIABETES,10.5,312800
17111,IL,McHenry,OBESITY,32.1,312800
17111,IL,McHenry,STROKE,2.9,312800
17113,IL,McLean,ARTHRITIS,22.6,170441
17113,IL,McLean,BPHIGH,30.9,170441
17113,IL,McLean,CANCER,7.4,170441
17113,IL,McLean,CHD,5.2,170441
17113,IL,McLean,COPD,5.6,170441
17113,IL,McLean,DIABETES,9.5,170441
17113,IL,McLean,OBESITY,34.5,170441
17113,IL,McLean,STROKE,2.7,170441
17115,IL,Macon,ARTHRITIS,29.7,100591
17115,IL,Macon,BPHIGH,39.2,100591
17115,IL,Macon,CANCER,9.2,100591
17115,IL,Macon,CHD,7.5,100591
17115,IL,Macon,COPD,8.5,100591
17115,IL,Macon,DIABETES,13.3,100591
17115,IL,Macon,OBESITY,42.1,100591
17115,IL,Macon,STROKE,4.1,100591
17117,IL,Macoupin,ARTHRITIS,30.4,44018
17117,IL,Macoupin,BPHIGH,38.2,44018
17117,IL,Macoupin,CANCER,9.9,44018
17117,IL,Macoupin,CHD,7.7,44018
17117,IL,Macoupin,COPD,9.1,44018
17117,IL,Macoupin,DIABETES,12.8,44018
17117,IL,Macoupin,OBESITY,37.0,44018
17117,IL,Macoupin,STROKE,4.0,44018
17119,IL,Madison,ARTHRITIS,27.9,262752
17119,IL,Madison,BPHIGH,35.5,262752
17119,IL,Madison,CANCER,8.9,262752
17119,IL,Madison,CHD,6.4,262752
17119,IL,Madison,COPD,7.2,262752
17119,IL,Madison,DIABETES,11.2,262752
17119,IL,Madison,OBESITY,38.7,262752
17119,IL,Madison,STROKE,3.4,262752
17121,IL,Marion,ARTHRITIS,30.7,36673
17121,IL,Marion,BPHIGH,38.5,36673
17121,IL,Marion,CANCER,9.6,36673
17121,IL,Marion,CHD,7.9,36673
17121,IL,Marion,COPD,9.5,36673
17121,IL,Marion,DIABETES,13.3,36673
17121,IL,Marion,OBESITY,39.5,36673
17121,IL,Marion,STROKE,4.1,36673
17123,IL,Marshall,ARTHRITIS,31.4,11683
17123,IL,Marshall,BPHIGH,38.9,11683
17123,IL,Marshall,CANCER,10.5,11683
17123,IL,Marshall,CHD,8.1,11683
17123,IL,Marshall,COPD,8.9,11683
17123,IL,Marshall,DIABETES,13.0,11683
17123,IL,Marshall,OBESITY,38.6,11683
17123,IL,Marshall,STROKE,4.1,11683
17125,IL,Mason,ARTHRITIS,31.6,12523
17125,IL,Mason,BPHIGH,39.1,12523
17125,IL,Mason,CANCER,10.3,12523
17125,IL,Mason,CHD,8.3,12523
17125,IL,Mason,COPD,9.4,12523
17125,IL,Mason,DIABETES,13.3,12523
17125,IL,Mason,OBESITY,37.3,12523
17125,IL,Mason,STROKE,4.2,12523
17127,IL,Massac,ARTHRITIS,31.9,13661
17127,IL,Massac,BPHIGH,39.9,13661
17127,IL,Massac,CANCER,9.9,13661
17127,IL,Massac,CHD,8.3,13661
17127,IL,Massac,COPD,9.7,13661
17127,IL,Massac,DIABETES,14.1,13661
17127,IL,Massac,OBESITY,40.8,13661
17127,IL,Massac,STROKE,4.4,13661
17129,IL,Menard,ARTHRITIS,29.7,11954
17129,IL,Menard,BPHIGH,36.8,11954
17129,IL,Menard,CANCER,10.0,11954
17129,IL,Menard,CHD,7.0,11954
17129,IL,Menard,COPD,7.9,11954
17129,IL,Menard,DIABETES,11.7,11954
17129,IL,Menard,OBESITY,37.9,11954
17129,IL,Menard,STROKE,3.6,11954
17131,IL,Mercer,ARTHRITIS,30.5,15487
17131,IL,Mercer,BPHIGH,37.6,15487
17131,IL,Mercer,CANCER,10.0,15487
17131,IL,Mercer,CHD,7.6,15487
17131,IL,Mercer,COPD,8.6,15487
17131,IL,Mercer,DIABETES,12.4,15487
17131,IL,Mercer,OBESITY,38.6,15487
17131,IL,Mercer,STROKE,3.9,15487
17133,IL,Monroe,ARTHRITIS,27.3,34957
17133,IL,Monroe,BPHIGH,33.9,34957
17133,IL,Monroe,CANCER,9.9,34957
17133,IL,Monroe,CHD,5.9,34957
17133,IL,Monroe,COPD,6.2,34957
17133,IL,Monroe,DIABETES,10.1,34957
17133,IL,Monroe,OBESITY,35.5,34957
17133,IL,Monroe,STROKE,3.0,34957
17135,IL,Montgomery,ARTHRITIS,29.4,27663
17135,IL,Montgomery,BPHIGH,37.4,27663
17135,IL,Montgomery,CANCER,9.5,27663
17135,IL,Montgomery,CHD,7.6,27663
17135,IL,Montgomery,COPD,8.9,27663
17135,IL,Montgomery,DIABETES,12.6,27663
17135,IL,Montgomery,OBESITY,39.1,27663
17135,IL,Montgomery,STROKE,3.9,27663
17137,IL,Morgan,ARTHRITIS,29.5,32140
17137,IL,Morgan,BPHIGH,38.0,32140
17137,IL,Morgan,CANCER,9.4,32140
17137,IL,Morgan,CHD,7.6,32140
17137,IL,Morgan,COPD,8.8,32140
17137,IL,Morgan,DIABETES,12.6,32140
17137,IL,Morgan,OBESITY,39.9,32140
17137,IL,Morgan,STROKE,3.9,32140
17139,IL,Moultrie,ARTHRITIS,29.2,14342
17139,IL,Moultrie,BPHIGH,36.1,14342
17139,IL,Moultrie,CANCER,9.4,14342
17139,IL,Moultrie,CHD,7.1,14342
17139,IL,Moultrie,COPD,8.6,14342
17139,IL,Moultrie,DIABETES,11.6,14342
17139,IL,Moultrie,OBESITY,38.4,14342
17139,IL,Moultrie,STROKE,3.7,14342
17141,IL,Ogle,ARTHRITIS,28.5,51265
17141,IL,Ogle,BPHIGH,36.9,51265
17141,IL,Ogle,CANCER,9.5,51265
17141,IL,Ogle,CHD,7.1,51265
17141,IL,Ogle,COPD,7.8,51265
17141,IL,Ogle,DIABETES,12.2,51265
17141,IL,Ogle,OBESITY,40.9,51265
17141,IL,Ogle,STROKE,3.6,51265
17143,IL,Peoria,ARTHRITIS,26.8,177513
17143,IL,Peoria,BPHIGH,36.9,177513
17143,IL,Peoria,CANCER,8.4,177513
17143,IL,Peoria,CHD,6.7,177513
17143,IL,Peoria,COPD,7.5,177513
17143,IL,Peoria,DIABETES,12.6,177513
17143,IL,Peoria,OBESITY,34.8,177513
17143,IL,Peoria,STROKE,3.7,177513
17145,IL,Perry,ARTHRITIS,29.5,20503
17145,IL,Perry,BPHIGH,38.5,20503
17145,IL,Perry,CANCER,9.0,20503
17145,IL,Perry,CHD,7.9,20503
17145,IL,Perry,COPD,9.5,20503
17145,IL,Perry,DIABETES,13.2,20503
17145,IL,Perry,OBESITY,40.7,20503
17145,IL,Perry,STROKE,4.2,20503
17147,IL,Piatt,ARTHRITIS,28.3,16714
17147,IL,Piatt,BPHIGH,35.4,16714
17147,IL,Piatt,CANCER,10.1,16714
17147,IL,Piatt,CHD,6.6,16714
17147,IL,Piatt,COPD,6.9,16714
17147,IL,Piatt,DIABETES,10.9,16714
17147,IL,Piatt,OBESITY,35.1,16714
17147,IL,Piatt,STROKE,3.3,16714
17149,IL,Pike,ARTHRITIS,31.5,14342
17149,IL,Pike,BPHIGH,39.4,14342
17149,IL,Pike,CANCER,10.0,14342
17149,IL,Pike,CHD,8.2,14342
17149,IL,Pike,COPD,9.7,14342
17149,IL,Pike,DIABETES,13.3,14342
17149,IL,Pike,OBESITY,40.6,14342
17149,IL,Pike,STROKE,4.2,14342
17151,IL,Pope,ARTHRITIS,35.4,3707
17151,IL,Pope,BPHIGH,43.0,3707
17151,IL,Pope,CANCER,12.0,3707
17151,IL,Pope,CHD,9.4,3707
17151,IL,Pope,COPD,9.9,3707
17151,IL,Pope,DIABETES,14.9,3707
17151,IL,Pope,OBESITY,39.6,3707
17151,IL,Pope,STROKE,4.7,3707
17153,IL,Pulaski,ARTHRITIS,33.2,4911
17153,IL,Pulaski,BPHIGH,45.3,4911
17153,IL,Pulaski,CANCER,8.5,4911
17153,IL,Pulaski,CHD,9.5,4911
17153,IL,Pulaski,COPD,11.6,4911
17153,IL,Pulaski,DIABETES,18.4,4911
17153,IL,Pulaski,OBESITY,45.6,4911
17153,IL,Pulaski,STROKE,5.7,4911
17155,IL,Putnam,ARTHRITIS,30.2,5561
17155,IL,Putnam,BPHIGH,37.4,5561
17155,IL,Putnam,CANCER,10.6,5561
17155,IL,Putnam,CHD,7.6,5561
17155,IL,Putnam,COPD,7.8,5561
17155,IL,Putnam,DIABETES,12.1,5561
17155,IL,Putnam,OBESITY,36.1,5561
17155,IL,Putnam,STROKE,3.7,5561
17157,IL,Randolph,ARTHRITIS,29.7,29815
17157,IL,Randolph,BPHIGH,39.1,29815
17157,IL,Randolph,CANCER,9.4,29815
17157,IL,Randolph,CHD,7.7,29815
17157,IL,Randolph,COPD,8.9,29815
17157,IL,Randolph,DIABETES,12.9,29815
17157,IL,Randolph,OBESITY,38.8,29815
17157,IL,Randolph,STROKE,4.0,29815
17159,IL,Richland,ARTHRITIS,30.7,15488
17159,IL,Richland,BPHIGH,37.5,15488
17159,IL,Richland,CANCER,10.0,15488
17159,IL,Richland,CHD,7.7,15488
17159,IL,Richland,COPD,8.9,15488
17159,IL,Richland,DIABETES,12.5,15488
17159,IL,Richland,OBESITY,39.4,15488
17159,IL,Richland,STROKE,4.0,15488
17161,IL,Rock Island,ARTHRITIS,28.7,141236
17161,IL,Rock Island,BPHIGH,36.1,141236
17161,IL,Rock Island,CANCER,8.8,141236
17161,IL,Rock Island,CHD,7.3,141236
17161,IL,Rock Island,COPD,8.1,141236
17161,IL,Rock Island,DIABETES,13.1,141236
17161,IL,Rock Island,OBESITY,39.6,141236
17161,IL,Rock Island,STROKE,3.9,141236
17163,IL,St. Clair,ARTHRITIS,28.3,251018
17163,IL,St. Clair,BPHIGH,39.0,251018
17163,IL,St. Clair,CANCER,7.9,251018
17163,IL,St. Clair,CHD,6.5,251018
17163,IL,St. Clair,COPD,7.2,251018
17163,IL,St. Clair,DIABETES,13.1,251018
17163,IL,St. Clair,OBESITY,38.8,251018
17163,IL,St. Clair,STROKE,3.8,251018
17165,IL,Saline,ARTHRITIS,31.3,22873
17165,IL,Saline,BPHIGH,39.2,22873
17165,IL,Saline,CANCER,9.8,22873
17165,IL,Saline,CHD,8.2,22873
17165,IL,Saline,COPD,9.7,22873
17165,IL,Saline,DIABETES,13.5,22873
17165,IL,Saline,OBESITY,40.3,22873
17165,IL,Saline,STROKE,4.3,22873
17167,IL,Sangamon,ARTHRITIS,28.3,193491
17167,IL,Sangamon,BPHIGH,37.0,193491
17167,IL,Sangamon,CANCER,9.1,193491
17167,IL,Sangamon,CHD,6.6,193491
17167,IL,Sangamon,COPD,7.3,193491
17167,IL,Sangamon,DIABETES,11.9,193491
17167,IL,Sangamon,OBESITY,39.6,193491
17167,IL,Sangamon,STROKE,3.5,193491
17169,IL,Schuyler,ARTHRITIS,31.9,6733
17169,IL,Schuyler,BPHIGH,41.4,6733
17169,IL,Schuyler,CANCER,10.2,6733
17169,IL,Schuyler,CHD,8.7,6733
17169,IL,Schuyler,COPD,9.8,6733
17169,IL,Schuyler,DIABETES,14.4,6733
17169,IL,Schuyler,OBESITY,40.4,6733
17169,IL,Schuyler,STROKE,4.5,6733
17171,IL,Scott,ARTHRITIS,30.5,4710
17171,IL,Scott,BPHIGH,37.4,4710
17171,IL,Scott,CANCER,10.0,4710
17171,IL,Scott,CHD,7.5,4710
17171,IL,Scott,COPD,8.6,4710
17171,IL,Scott,DIABETES,12.3,4710
17171,IL,Scott,OBESITY,38.4,4710
17171,IL,Scott,STROKE,3.8,4710
17173,IL,Shelby,ARTHRITIS,31.7,20568
17173,IL,Shelby,BPHIGH,38.9,20568
17173,IL,Shelby,CANCER,10.6,20568
17173,IL,Shelby,CHD,8.1,20568
17173,IL,Shelby,COPD,9.0,20568
17173,IL,Shelby,DIABETES,13.0,20568
17173,IL,Shelby,OBESITY,37.6,20568
17173,IL,Shelby,STROKE,4.1,20568
17175,IL,Stark,ARTHRITIS,30.6,5218
17175,IL,Stark,BPHIGH,38.5,5218
17175,IL,Stark,CANCER,10.2,5218
17175,IL,Stark,CHD,7.9,5218
17175,IL,Stark,COPD,8.8,5218
17175,IL,Stark,DIABETES,12.7,5218
17175,IL,Stark,OBESITY,38.2,5218
17175,IL,Stark,STROKE,4.0,5218
17177,IL,Stephenson,ARTHRITIS,31.9,43105
17177,IL,Stephenson,BPHIGH,40.1,43105
17177,IL,Stephenson,CANCER,10.4,43105
17177,IL,Stephenson,CHD,8.3,43105
17177,IL,Stephenson,COPD,9.1,43105
17177,IL,Stephenson,DIABETES,13.9,43105
17177,IL,Stephenson,OBESITY,40.6,43105
17177,IL,Stephenson,STROKE,4.3,43105
17179,IL,Tazewell,ARTHRITIS,28.2,129541
17179,IL,Tazewell,BPHIGH,35.3,129541
17179,IL,Tazewell,CANCER,9.6,129541
17179,IL,Tazewell,CHD,6.6,129541
17179,IL,Tazewell,COPD,7.3,129541
17179,IL,Tazewell,DIABETES,11.2,129541
17179,IL,Tazewell,OBESITY,36.3,129541
17179,IL,Tazewell,STROKE,3.4,129541
17181,IL,Union,ARTHRITIS,31.6,16667
17181,IL,Union,BPHIGH,39.8,16667
17181,IL,Union,CANCER,9.9,16667
17181,IL,Union,CHD,8.7,16667
17181,IL,Union,COPD,10.1,16667
17181,IL,Union,DIABETES,14.1,16667
17181,IL,Union,OBESITY,39.8,16667
17181,IL,Union,STROKE,4.4,16667
17183,IL,Vermilion,ARTHRITIS,30.6,71652
17183,IL,Vermilion,BPHIGH,42.2,71652
17183,IL,Vermilion,CANCER,9.1,71652
17183,IL,Vermilion,CHD,8.2,71652
17183,IL,Vermilion,COPD,9.7,71652
17183,IL,Vermilion,DIABETES,14.4,71652
17183,IL,Vermilion,OBESITY,43.8,71652
17183,IL,Vermilion,STROKE,4.4,71652
17185,IL,Wabash,ARTHRITIS,30.7,10942
17185,IL,Wabash,BPHIGH,38.4,10942
17185,IL,Wabash,CANCER,10.1,10942
17185,IL,Wabash,CHD,8.2,10942
17185,IL,Wabash,COPD,9.4,10942
17185,IL,Wabash,DIABETES,13.3,10942
17185,IL,Wabash,OBESITY,39.8,10942
17185,IL,Wabash,STROKE,4.2,10942
17187,IL,Warren,ARTHRITIS,28.4,16185
17187,IL,Warren,BPHIGH,36.1,16185
17187,IL,Warren,CANCER,9.1,16185
17187,IL,Warren,CHD,7.3,16185
17187,IL,Warren,COPD,8.2,16185
17187,IL,Warren,DIABETES,12.3,16185
17187,IL,Warren,OBESITY,37.0,16185
17187,IL,Warren,STROKE,3.7,16185
17189,IL,Washington,ARTHRITIS,29.8,13536
17189,IL,Washington,BPHIGH,36.5,13536
17189,IL,Washington,CANCER,10.1,13536
17189,IL,Washington,CHD,7.2,13536
17189,IL,Washington,COPD,7.8,13536
17189,IL,Washington,DIABETES,11.7,13536
17189,IL,Washington,OBESITY,36.8,13536
17189,IL,Washington,STROKE,3.6,13536
17191,IL,Wayne,ARTHRITIS,32.0,15761
17191,IL,Wayne,BPHIGH,39.7,15761
17191,IL,Wayne,CANCER,10.2,15761
17191,IL,Wayne,CHD,8.5,15761
17191,IL,Wayne,COPD,10.0,15761
17191,IL,Wayne,DIABETES,13.6,15761
17191,IL,Wayne,OBESITY,39.9,15761
17191,IL,Wayne,STROKE,4.3,15761
17193,IL,White,ARTHRITIS,33.0,13401
17193,IL,White,BPHIGH,40.9,13401
17193,IL,White,CANCER,10.4,13401
17193,IL,White,CHD,9.2,13401
17193,IL,White,COPD,11.0,13401
17193,IL,White,DIABETES,14.5,13401
17193,IL,White,OBESITY,39.2,13401
17193,IL,White,STROKE,4.7,13401
17195,IL,Whiteside,ARTHRITIS,29.9,54498
17195,IL,Whiteside,BPHIGH,37.1,54498
17195,IL,Whiteside,CANCER,9.7,54498
17195,IL,Whiteside,CHD,7.6,54498
17195,IL,Whiteside,COPD,8.3,54498
17195,IL,Whiteside,DIABETES,13.0,54498
17195,IL,Whiteside,OBESITY,36.2,54498
17195,IL,Whiteside,STROKE,3.8,54498
17197,IL,Will,ARTHRITIS,23.8,700728
17197,IL,Will,BPHIGH,32.0,700728
17197,IL,Will,CANCER,7.2,700728
17197,IL,Will,CHD,5.3,700728
17197,IL,Will,COPD,5.6,700728
17197,IL,Will,DIABETES,10.7,700728
17197,IL,Will,OBESITY,38.0,700728
17197,IL,Will,STROKE,2.9,700728
17199,IL,Williamson,ARTHRITIS,29.5,66706
17199,IL,Williamson,BPHIGH,37.2,66706
17199,IL,Williamson,CANCER,9.5,66706
17199,IL,Williamson,CHD,7.2,66706
17199,IL,Williamson,COPD,8.2,66706
17199,IL,Williamson,DIABETES,12.4,66706
17199,IL,Williamson,OBESITY,40.1,66706
17199,IL,Williamson,STROKE,3.7,66706
17201,IL,Winnebago,ARTHRITIS,29.3,280922
17201,IL,Winnebago,BPHIGH,38.2,280922
17201,IL,Winnebago,CANCER,8.5,280922
17201,IL,Winnebago,CHD,7.3,280922
17201,IL,Winnebago,COPD,8.3,280922
17201,IL,Winnebago,DIABETES,13.9,280922
17201,IL,Winnebago,OBESITY,42.0,280922
17201,IL,Winnebago,STROKE,4.0,280922
17203,IL,Woodford,ARTHRITIS,27.5,38285
17203,IL,Woodford,BPHIGH,34.7,38285
17203,IL,Woodford,CANCER,9.6,38285
17203,IL,Woodford,CHD,6.4,38285
17203,IL,Woodford,COPD,6.8,38285
17203,IL,Woodford,DIABETES,10.6,38285
17203,IL,Woodford,OBESITY,37.3,38285
17203,IL,Woodford,STROKE,3.2,38285
18001,IN,Adams,ARTHRITIS,31.2,36288
18001,IN,Adams,BPHIGH,39.2,36288
18001,IN,Adams,CANCER,8.8,36288
18001,IN,Adams,CHD,8.1,36288
18001,IN,Adams,COPD,10.4,36288
18001,IN,Adams,DIABETES,14.1,36288
18001,IN,Adams,OBESITY,41.7,36288
18001,IN,Adams,STROKE,4.1,36288
18003,IN,Allen,ARTHRITIS,26.0,394545
18003,IN,Allen,BPHIGH,36.7,394545
18003,IN,Allen,CANCER,7.8,394545
18003,IN,Allen,CHD,6.4,394545
18003,IN,Allen,COPD,7.6,394545
18003,IN,Allen,DIABETES,12.9,394545
18003,IN,Allen,OBESITY,39.4,394545
18003,IN,Allen,STROKE,3.4,394545
18005,IN,Bartholomew,ARTHRITIS,28.2,84003
18005,IN,Bartholomew,BPHIGH,37.1,84003
18005,IN,Bartholomew,CANCER,8.5,84003
18005,IN,Bartholomew,CHD,6.6,84003
18005,IN,Bartholomew,COPD,7.6,84003
18005,IN,Bartholomew,DIABETES,12.4,84003
18005,IN,Bartholomew,OBESITY,38.9,84003
18005,IN,Bartholomew,STROKE,3.3,84003
18007,IN,Benton,ARTHRITIS,31.7,8729
18007,IN,Benton,BPHIGH,39.8,8729
18007,IN,Benton,CANCER,9.1,8729
18007,IN,Benton,CHD,8.0,8729
18007,IN,Benton,COPD,10.0,8729
18007,IN,Benton,DIABETES,14.2,8729
18007,IN,Benton,OBESITY,42.4,8729
18007,IN,Benton,STROKE,4.0,8729
18009,IN,Blackford,ARTHRITIS,35.0,11893
18009,IN,Blackford,BPHIGH,43.9,11893
18009,IN,Blackford,CANCER,10.1,11893
18009,IN,Blackford,CHD,9.6,11893
18009,IN,Blackford,COPD,12.1,11893
18009,IN,Blackford,DIABETES,16.4,11893
18009,IN,Blackford,OBESITY,44.3,11893
18009,IN,Blackford,STROKE,4.8,11893
18011,IN,Boone,ARTHRITIS,24.9,76120
18011,IN,Boone,BPHIGH,33.4,76120
18011,IN,Boone,CANCER,8.6,76120
18011,IN,Boone,CHD,5.4,76120
18011,IN,Boone,COPD,5.9,76120
18011,IN,Boone,DIABETES,10.5,76120
18011,IN,Boone,OBESITY,32.9,76120
18011,IN,Boone,STROKE,2.6,76120
18013,IN,Brown,ARTHRITIS,34.5,15653
18013,IN,Brown,BPHIGH,43.0,15653
18013,IN,Brown,CANCER,11.1,15653
18013,IN,Brown,CHD,8.5,15653
18013,IN,Brown,COPD,9.5,15653
18013,IN,Brown,DIABETES,14.7,15653
18013,IN,Brown,OBESITY,36.1,15653
18013,IN,Brown,STROKE,4.1,15653
18015,IN,Carroll,ARTHRITIS,32.1,20525
18015,IN,Carroll,BPHIGH,40.6,20525
18015,IN,Carroll,CANCER,9.8,20525
18015,IN,Carroll,CHD,8.0,20525
18015,IN,Carroll,COPD,9.5,20525
18015,IN,Carroll,DIABETES,13.9,20525
18015,IN,Carroll,OBESITY,41.6,20525
18015,IN,Carroll,STROKE,3.9,20525
18017,IN,Cass,ARTHRITIS,31.2,37666
18017,IN,Cass,BPHIGH,41.0,37666
18017,IN,Cass,CANCER,8.8,37666
18017,IN,Cass,CHD,8.1,37666
18017,IN,Cass,COPD,10.0,37666
18017,IN,Cass,DIABETES,15.3,37666
18017,IN,Cass,OBESITY,47.4,37666
18017,IN,Cass,STROKE,4.1,37666
18019,IN,Clark,ARTHRITIS,29.6,125467
18019,IN,Clark,BPHIGH,39.8,125467
18019,IN,Clark,CANCER,8.4,125467
18019,IN,Clark,CHD,6.7,125467
18019,IN,Clark,COPD,8.1,125467
18019,IN,Clark,DIABETES,12.5,125467
18019,IN,Clark,OBESITY,43.9,125467
18019,IN,Clark,STROKE,3.4,125467
18021,IN,Clay,ARTHRITIS,32.6,26460
18021,IN,Clay,BPHIGH,41.5,26460
18021,IN,Clay,CANCER,9.4,26460
18021,IN,Clay,CHD,7.8,26460
18021,IN,Clay,COPD,9.6,26460
18021,IN,Clay,DIABETES,14.2,26460
18021,IN,Clay,OBESITY,43.3,26460
18021,IN,Clay,STROKE,3.8,26460
18023,IN,Clinton,ARTHRITIS,29.8,32730
18023,IN,Clinton,BPHIGH,38.2,32730
18023,IN,Clinton,CANCER,8.5,32730
18023,IN,Clinton,CHD,7.2,32730
18023,IN,Clinton,COPD,8.9,32730
18023,IN,Clinton,DIABETES,13.4,32730
18023,IN,Clinton,OBESITY,40.2,32730
18023,IN,Clinton,STROKE,3.6,32730
18025,IN,Crawford,ARTHRITIS,36.4,10438
18025,IN,Crawford,BPHIGH,45.6,10438
18025,IN,Crawford,CANCER,9.9,10438
18025,IN,Crawford,CHD,10.4,10438
18025,IN,Crawford,COPD,13.8,10438
18025,IN,Crawford,DIABETES,17.8,10438
18025,IN,Crawford,OBESITY,43.6,10438
18025,IN,Crawford,STROKE,5.2,10438
18027,IN,Daviess,ARTHRITIS,30.8,33656
18027,IN,Daviess,BPHIGH,38.8,33656
18027,IN,Daviess,CANCER,8.5,33656
18027,IN,Daviess,CHD,7.8,33656
18027,IN,Daviess,COPD,10.2,33656
18027,IN,Daviess,DIABETES,13.8,33656
18027,IN,Daviess,OBESITY,41.4,33656
18027,IN,Daviess,STROKE,3.9,33656
18029,IN,Dearborn,ARTHRITIS,30.9,51215
18029,IN,Dearborn,BPHIGH,38.4,51215
18029,IN,Dearborn,CANCER,9.6,51215
18029,IN,Dearborn,CHD,7.2,51215
18029,IN,Dearborn,COPD,8.3,51215
18029,IN,Dearborn,DIABETES,12.4,51215
18029,IN,Dearborn,OBESITY,35.8,51215
18029,IN,Dearborn,STROKE,3.5,51215
18031,IN,Decatur,ARTHRITIS,30.5,26399
18031,IN,Decatur,BPHIGH,37.9,26399
18031,IN,Decatur,CANCER,9.1,26399
18031,IN,Decatur,CHD,7.1,26399
18031,IN,Decatur,COPD,8.5,26399
18031,IN,Decatur,DIABETES,12.4,26399
18031,IN,Decatur,OBESITY,37.6,26399
18031,IN,Decatur,STROKE,3.5,26399
18033,IN,DeKalb,ARTHRITIS,29.5,44198
18033,IN,DeKalb,BPHIGH,38.2,44198
18033,IN,DeKalb,CANCER,9.0,44198
18033,IN,DeKalb,CHD,7.1,44198
18033,IN,DeKalb,COPD,8.6,44198
18033,IN,DeKalb,DIABETES,12.8,44198
18033,IN,DeKalb,OBESITY,43.7,44198
18033,IN,DeKalb,STROKE,3.5,44198
18035,IN,Delaware,ARTHRITIS,29.7,112321
18035,IN,Delaware,BPHIGH,36.2,112321
18035,IN,Delaware,CANCER,8.0,112321
18035,IN,Delaware,CHD,7.2,112321
18035,IN,Delaware,COPD,9.1,112321
18035,IN,Delaware,DIABETES,13.5,112321
18035,IN,Delaware,OBESITY,36.6,112321
18035,IN,Delaware,STROKE,3.7,112321
18037,IN,Dubois,ARTHRITIS,31.1,43546
18037,IN,Dubois,BPHIGH,38.0,43546
18037,IN,Dubois,CANCER,9.5,43546
18037,IN,Dubois,CHD,7.4,43546
18037,IN,Dubois,COPD,8.5,43546
18037,IN,Dubois,DIABETES,13.2,43546
18037,IN,Dubois,OBESITY,40.0,43546
18037,IN,Dubois,STROKE,3.6,43546
18039,IN,Elkhart,ARTHRITIS,27.7,206409
18039,IN,Elkhart,BPHIGH,38.3,206409
18039,IN,Elkhart,CANCER,7.8,206409
18039,IN,Elkhart,CHD,7.1,206409
18039,IN,Elkhart,COPD,8.8,206409
18039,IN,Elkhart,DIABETES,13.6,206409
18039,IN,Elkhart,OBESITY,43.8,206409
18039,IN,Elkhart,STROKE,3.7,206409
18041,IN,Fayette,ARTHRITIS,33.1,23362
18041,IN,Fayette,BPHIGH,42.6,23362
18041,IN,Fayette,CANCER,9.6,23362
18041,IN,Fayette,CHD,8.9,23362
18041,IN,Fayette,COPD,11.4,23362
18041,IN,Fayette,DIABETES,15.4,23362
18041,IN,Fayette,OBESITY,44.9,23362
18041,IN,Fayette,STROKE,4.4,23362
18043,IN,Floyd,ARTHRITIS,29.4,80809
18043,IN,Floyd,BPHIGH,38.8,80809
18043,IN,Floyd,CANCER,9.0,80809
18043,IN,Floyd,CHD,6.7,80809
18043,IN,Floyd,COPD,7.8,80809
18043,IN,Floyd,DIABETES,12.5,80809
18043,IN,Floyd,OBESITY,37.6,80809
18043,IN,Floyd,STROKE,3.3,80809
18045,IN,Fountain,ARTHRITIS,32.9,16731
18045,IN,Fountain,BPHIGH,40.7,16731
18045,IN,Fountain,CANCER,9.7,16731
18045,IN,Fountain,CHD,8.2,16731
18045,IN,Fountain,COPD,10.0,16731
18045,IN,Fountain,DIABETES,14.1,16731
18045,IN,Fountain,OBESITY,42.6,16731
18045,IN,Fountain,STROKE,4.0,16731
18047,IN,Franklin,ARTHRITIS,31.8,23096
18047,IN,Franklin,BPHIGH,40.4,23096
18047,IN,Franklin,CANCER,9.7,23096
18047,IN,Franklin,CHD,7.6,23096
18047,IN,Franklin,COPD,9.1,23096
18047,IN,Franklin,DIABETES,13.7,23096
18047,IN,Franklin,OBESITY,40.8,23096
18047,IN,Franklin,STROKE,3.7,23096
18049,IN,Fulton,ARTHRITIS,33.0,20358
18049,IN,Fulton,BPHIGH,41.2,20358
18049,IN,Fulton,CANCER,9.7,20358
18049,IN,Fulton,CHD,8.5,20358
18049,IN,Fulton,COPD,10.2,20358
18049,IN,Fulton,DIABETES,14.6,20358
18049,IN,Fulton,OBESITY,41.7,20358
18049,IN,Fulton,STROKE,4.2,20358
18051,IN,Gibson,ARTHRITIS,31.3,32904
18051,IN,Gibson,BPHIGH,38.4,32904
18051,IN,Gibson,CANCER,9.2,32904
18051,IN,Gibson,CHD,7.5,32904
18051,IN,Gibson,COPD,9.0,32904
18051,IN,Gibson,DIABETES,13.0,32904
18051,IN,Gibson,OBESITY,39.4,32904
18051,IN,Gibson,STROKE,3.7,32904
18053,IN,Grant,ARTHRITIS,31.7,66200
18053,IN,Grant,BPHIGH,41.0,66200
18053,IN,Grant,CANCER,8.9,66200
18053,IN,Grant,CHD,8.1,66200
18053,IN,Grant,COPD,10.1,66200
18053,IN,Grant,DIABETES,15.2,66200
18053,IN,Grant,OBESITY,41.1,66200
18053,IN,Grant,STROKE,4.1,66200
18055,IN,Greene,ARTHRITIS,33.0,31196
18055,IN,Greene,BPHIGH,41.5,31196
18055,IN,Greene,CANCER,9.7,31196
18055,IN,Greene,CHD,8.5,31196
18055,IN,Greene,COPD,10.5,31196
18055,IN,Greene,DIABETES,14.7,31196
18055,IN,Greene,OBESITY,40.7,31196
18055,IN,Greene,STROKE,4.2,31196
18057,IN,Hamilton,ARTHRITIS,23.8,371645
18057,IN,Hamilton,BPHIGH,32.0,371645
18057,IN,Hamilton,CANCER,8.2,371645
18057,IN,Hamilton,CHD,4.9,371645
18057,IN,Hamilton,COPD,4.7,371645
18057,IN,Hamilton,DIABETES,9.6,371645
18057,IN,Hamilton,OBESITY,32.5,371645
18057,IN,Hamilton,STROKE,2.3,371645
18059,IN,Hancock,ARTHRITIS,27.6,86166
18059,IN,Hancock,BPHIGH,37.4,86166
18059,IN,Hancock,CANCER,9.0,86166
18059,IN,Hancock,CHD,6.1,86166
18059,IN,Hancock,COPD,6.7,86166
18059,IN,Hancock,DIABETES,11.3,86166
18059,IN,Hancock,OBESITY,39.9,86166
18059,IN,Hancock,STROKE,3.0,86166
18061,IN,Harrison,ARTHRITIS,31.8,40006
18061,IN,Harrison,BPHIGH,39.2,40006
18061,IN,Harrison,CANCER,9.6,40006
18061,IN,Harrison,CHD,7.3,40006
18061,IN,Harrison,COPD,8.7,40006
18061,IN,Harrison,DIABETES,12.8,40006
18061,IN,Harrison,OBESITY,42.7,40006
18061,IN,Harrison,STROKE,3.6,40006
18063,IN,Hendricks,ARTHRITIS,26.9,186387
18063,IN,Hendricks,BPHIGH,35.2,186387
18063,IN,Hendricks,CANCER,8.1,186387
18063,IN,Hendricks,CHD,5.6,186387
18063,IN,Hendricks,COPD,6.1,186387
18063,IN,Hendricks,DIABETES,11.1,186387
18063,IN,Hendricks,OBESITY,36.4,186387
18063,IN,Hendricks,STROKE,2.8,186387
18065,IN,Henry,ARTHRITIS,31.7,48929
18065,IN,Henry,BPHIGH,40.8,48929
18065,IN,Henry,CANCER,9.3,48929
18065,IN,Henry,CHD,7.9,48929
18065,IN,Henry,COPD,9.6,48929
18065,IN,Henry,DIABETES,13.5,48929
18065,IN,Henry,OBESITY,43.7,48929
18065,IN,Henry,STROKE,3.9,48929
18067,IN,Howard,ARTHRITIS,32.2,83831
18067,IN,Howard,BPHIGH,40.1,83831
18067,IN,Howard,CANCER,9.2,83831
18067,IN,Howard,CHD,7.7,83831
18067,IN,Howard,COPD,9.4,83831
18067,IN,Howard,DIABETES,14.4,83831
18067,IN,Howard,OBESITY,36.5,83831
18067,IN,Howard,STROKE,4.0,83831
18069,IN,Huntington,ARTHRITIS,31.0,36781
18069,IN,Huntington,BPHIGH,40.7,36781
18069,IN,Huntington,CANCER,9.1,36781
18069,IN,Huntington,CHD,7.3,36781
18069,IN,Huntington,COPD,8.8,36781
18069,IN,Huntington,DIABETES,13.3,36781
18069,IN,Huntington,OBESITY,39.9,36781
18069,IN,Huntington,STROKE,3.6,36781
18071,IN,Jackson,ARTHRITIS,29.7,46460
18071,IN,Jackson,BPHIGH,37.8,46460
18071,IN,Jackson,CANCER,8.6,46460
18071,IN,Jackson,CHD,7.3,46460
18071,IN,Jackson,COPD,8.8,46460
18071,IN,Jackson,DIABETES,13.6,46460
18071,IN,Jackson,OBESITY,39.6,46460
18071,IN,Jackson,STROKE,3.6,46460
18073,IN,Jasper,ARTHRITIS,30.5,33535
18073,IN,Jasper,BPHIGH,38.6,33535
18073,IN,Jasper,CANCER,9.3,33535
18073,IN,Jasper,CHD,7.2,33535
18073,IN,Jasper,COPD,8.4,33535
18073,IN,Jasper,DIABETES,12.7,33535
18073,IN,Jasper,OBESITY,40.2,33535
18073,IN,Jasper,STROKE,3.5,33535
18075,IN,Jay,ARTHRITIS,32.8,20032
18075,IN,Jay,BPHIGH,42.0,20032
18075,IN,Jay,CANCER,9.2,20032
18075,IN,Jay,CHD,8.6,20032
18075,IN,Jay,COPD,11.0,20032
18075,IN,Jay,DIABETES,15.0,20032
18075,IN,Jay,OBESITY,43.6,20032
18075,IN,Jay,STROKE,4.3,20032
18077,IN,Jefferson,ARTHRITIS,30.8,33056
18077,IN,Jefferson,BPHIGH,39.2,33056
18077,IN,Jefferson,CANCER,9.2,33056
18077,IN,Jefferson,CHD,7.5,33056
18077,IN,Jefferson,COPD,9.2,33056
18077,IN,Jefferson,DIABETES,13.5,33056
18077,IN,Jefferson,OBESITY,36.6,33056
18077,IN,Jefferson,STROKE,3.7,33056
18079,IN,Jennings,ARTHRITIS,32.1,27622
18079,IN,Jennings,BPHIGH,40.7,27622
18079,IN,Jennings,CANCER,9.0,27622
18079,IN,Jennings,CHD,7.8,27622
18079,IN,Jennings,COPD,9.9,27622
18079,IN,Jennings,DIABETES,14.3,27622
18079,IN,Jennings,OBESITY,41.2,27622
18079,IN,Jennings,STROKE,3.9,27622
18081,IN,Johnson,ARTHRITIS,28.7,167819
18081,IN,Johnson,BPHIGH,37.8,167819
18081,IN,Johnson,CANCER,8.5,167819
18081,IN,Johnson,CHD,6.0,167819
18081,IN,Johnson,COPD,6.9,167819
18081,IN,Johnson,DIABETES,11.9,167819
18081,IN,Johnson,OBESITY,38.8,167819
18081,IN,Johnson,STROKE,2.9,167819
18083,IN,Knox,ARTHRITIS,29.9,36070
18083,IN,Knox,BPHIGH,38.6,36070
18083,IN,Knox,CANCER,9.0,36070
18083,IN,Knox,CHD,7.6,36070
18083,IN,Knox,COPD,9.3,36070
18083,IN,Knox,DIABETES,13.2,36070
18083,IN,Knox,OBESITY,36.8,36070
18083,IN,Knox,STROKE,3.8,36070
18085,IN,Kosciusko,ARTHRITIS,29.9,80364
18085,IN,Kosciusko,BPHIGH,39.8,80364
18085,IN,Kosciusko,CANCER,9.1,80364
18085,IN,Kosciusko,CHD,7.2,80364
18085,IN,Kosciusko,COPD,8.5,80364
18085,IN,Kosciusko,DIABETES,13.0,80364
18085,IN,Kosciusko,OBESITY,38.7,80364
18085,IN,Kosciusko,STROKE,3.5,80364
18087,IN,LaGrange,ARTHRITIS,28.3,40907
18087,IN,LaGrange,BPHIGH,36.1,40907
18087,IN,LaGrange,CANCER,8.0,40907
18087,IN,LaGrange,CHD,7.2,40907
18087,IN,LaGrange,COPD,9.8,40907
18087,IN,LaGrange,DIABETES,12.4,40907
18087,IN,LaGrange,OBESITY,39.6,40907
18087,IN,LaGrange,STROKE,3.6,40907
18089,IN,Lake,ARTHRITIS,28.3,500598
18089,IN,Lake,BPHIGH,39.0,500598
18089,IN,Lake,CANCER,7.8,500598
18089,IN,Lake,CHD,7.1,500598
18089,IN,Lake,COPD,8.4,500598
18089,IN,Lake,DIABETES,15.1,500598
18089,IN,Lake,OBESITY,39.9,500598
18089,IN,Lake,STROKE,4.0,500598
18091,IN,LaPorte,ARTHRITIS,31.6,111706
18091,IN,LaPorte,BPHIGH,41.7,111706
18091,IN,LaPorte,CANCER,9.1,111706
18091,IN,LaPorte,CHD,7.7,111706
18091,IN,LaPorte,COPD,9.2,111706
18091,IN,LaPorte,DIABETES,15.0,111706
18091,IN,LaPorte,OBESITY,37.0,111706
18091,IN,LaPorte,STROKE,3.9,111706
18093,IN,Lawrence,ARTHRITIS,32.8,45084
18093,IN,Lawrence,BPHIGH,40.1,45084
18093,IN,Lawrence,CANCER,9.7,45084
18093,IN,Lawrence,CHD,7.9,45084
18093,IN,Lawrence,COPD,9.5,45084
18093,IN,Lawrence,DIABETES,13.9,45084
18093,IN,Lawrence,OBESITY,42.0,45084
18093,IN,Lawrence,STROKE,3.9,45084
18095,IN,Madison,ARTHRITIS,31.8,132504
18095,IN,Madison,BPHIGH,40.6,132504
18095,IN,Madison,CANCER,8.8,132504
18095,IN,Madison,CHD,7.5,132504
18095,IN,Madison,COPD,9.2,132504
18095,IN,Madison,DIABETES,14.0,132504
18095,IN,Madison,OBESITY,36.4,132504
18095,IN,Madison,STROKE,3.8,132504
18097,IN,Marion,ARTHRITIS,25.2,968460
18097,IN,Marion,BPHIGH,38.2,968460
18097,IN,Marion,CANCER,6.6,968460
18097,IN,Marion,CHD,5.9,968460
18097,IN,Marion,COPD,7.3,968460
18097,IN,Marion,DIABETES,13.0,968460
18097,IN,Marion,OBESITY,38.3,968460
18097,IN,Marion,STROKE,3.5,968460
18099,IN,Marshall,ARTHRITIS,30.8,46352
18099,IN,Marshall,BPHIGH,40.1,46352
18099,IN,Marshall,CANCER,9.1,46352
18099,IN,Marshall,CHD,7.9,46352
18099,IN,Marshall,COPD,9.4,46352
18099,IN,Marshall,DIABETES,14.0,46352
18099,IN,Marshall,OBESITY,43.2,46352
18099,IN,Marshall,STROKE,3.9,46352
18101,IN,Martin,ARTHRITIS,32.9,9897
18101,IN,Martin,BPHIGH,41.5,9897
18101,IN,Martin,CANCER,9.9,9897
18101,IN,Martin,CHD,8.6,9897
18101,IN,Martin,COPD,10.3,9897
18101,IN,Martin,DIABETES,14.6,9897
18101,IN,Martin,OBESITY,39.1,9897
18101,IN,Martin,STROKE,4.2,9897
18103,IN,Miami,ARTHRITIS,30.5,35402
18103,IN,Miami,BPHIGH,40.1,35402
18103,IN,Miami,CANCER,8.8,35402
18103,IN,Miami,CHD,8.1,35402
18103,IN,Miami,COPD,9.9,35402
18103,IN,Miami,DIABETES,14.6,35402
18103,IN,Miami,OBESITY,44.3,35402
18103,IN,Miami,STROKE,4.0,35402
18105,IN,Monroe,ARTHRITIS,22.6,139342
18105,IN,Monroe,BPHIGH,29.7,139342
18105,IN,Monroe,CANCER,6.9,139342
18105,IN,Monroe,CHD,5.4,139342
18105,IN,Monroe,COPD,6.4,139342
18105,IN,Monroe,DIABETES,9.9,139342
18105,IN,Monroe,OBESITY,32.5,139342
18105,IN,Monroe,STROKE,2.7,139342
18107,IN,Montgomery,ARTHRITIS,31.5,38573
18107,IN,Montgomery,BPHIGH,39.7,38573
18107,IN,Montgomery,CANCER,9.1,38573
18107,IN,Montgomery,CHD,7.8,38573
18107,IN,Montgomery,COPD,9.6,38573
18107,IN,Montgomery,DIABETES,13.5,38573
18107,IN,Montgomery,OBESITY,39.2,38573
18107,IN,Montgomery,STROKE,3.9,38573
18109,IN,Morgan,ARTHRITIS,30.3,73227
18109,IN,Morgan,BPHIGH,38.9,73227
18109,IN,Morgan,CANCER,9.3,73227
18109,IN,Morgan,CHD,7.2,73227
18109,IN,Morgan,COPD,8.7,73227
18109,IN,Morgan,DIABETES,13.4,73227
18109,IN,Morgan,OBESITY,37.8,73227
18109,IN,Morgan,STROKE,3.5,73227
18111,IN,Newton,ARTHRITIS,33.1,13960
18111,IN,Newton,BPHIGH,40.7,13960
18111,IN,Newton,CANCER,9.5,13960
18111,IN,Newton,CHD,8.3,13960
18111,IN,Newton,COPD,10.0,13960
18111,IN,Newton,DIABETES,14.4,13960
18111,IN,Newton,OBESITY,43.5,13960
18111,IN,Newton,STROKE,4.1,13960
18113,IN,Noble,ARTHRITIS,29.0,47430
18113,IN,Noble,BPHIGH,37.3,47430
18113,IN,Noble,CANCER,8.8,47430
18113,IN,Noble,CHD,7.2,47430
18113,IN,Noble,COPD,8.9,47430
18113,IN,Noble,DIABETES,13.2,47430
18113,IN,Noble,OBESITY,39.6,47430
18113,IN,Noble,STROKE,3.6,47430
18115,IN,Ohio,ARTHRITIS,33.9,6004
18115,IN,Ohio,BPHIGH,41.7,6004
18115,IN,Ohio,CANCER,10.7,6004
18115,IN,Ohio,CHD,8.4,6004
18115,IN,Ohio,COPD,9.6,6004
18115,IN,Ohio,DIABETES,14.3,6004
18115,IN,Ohio,OBESITY,39.5,6004
18115,IN,Ohio,STROKE,4.1,6004
18117,IN,Orange,ARTHRITIS,34.4,19638
18117,IN,Orange,BPHIGH,41.8,19638
18117,IN,Orange,CANCER,9.7,19638
18117,IN,Orange,CHD,8.5,19638
18117,IN,Orange,COPD,10.5,19638
18117,IN,Orange,DIABETES,14.7,19638
18117,IN,Orange,OBESITY,39.7,19638
18117,IN,Orange,STROKE,4.2,19638
18119,IN,Owen,ARTHRITIS,33.7,21532
18119,IN,Owen,BPHIGH,41.3,21532
18119,IN,Owen,CANCER,9.8,21532
18119,IN,Owen,CHD,8.4,21532
18119,IN,Owen,COPD,10.3,21532
18119,IN,Owen,DIABETES,14.5,21532
18119,IN,Owen,OBESITY,41.7,21532
18119,IN,Owen,STROKE,4.1,21532
18121,IN,Parke,ARTHRITIS,34.2,16484
18121,IN,Parke,BPHIGH,42.4,16484
18121,IN,Parke,CANCER,9.7,16484
18121,IN,Parke,CHD,9.1,16484
18121,IN,Parke,COPD,11.8,16484
18121,IN,Parke,DIABETES,15.4,16484
18121,IN,Parke,OBESITY,42.3,16484
18121,IN,Parke,STROKE,4.5,16484
18123,IN,Perry,ARTHRITIS,30.8,19209
18123,IN,Perry,BPHIGH,40.4,19209
18123,IN,Perry,CANCER,9.2,19209
18123,IN,Perry,CHD,7.7,19209
18123,IN,Perry,COPD,9.2,19209
18123,IN,Perry,DIABETES,13.4,19209
18123,IN,Perry,OBESITY,37.6,19209
18123,IN,Perry,STROKE,3.8,19209
18125,IN,Pike,ARTHRITIS,33.3,12106
18125,IN,Pike,BPHIGH,40.9,12106
18125,IN,Pike,CANCER,9.9,12106
18125,IN,Pike,CHD,8.4,12106
18125,IN,Pike,COPD,10.2,12106
18125,IN,Pike,DIABETES,14.5,12106
18125,IN,Pike,OBESITY,37.9,12106
18125,IN,Pike,STROKE,4.1,12106
18127,IN,Porter,ARTHRITIS,28.9,175335
18127,IN,Porter,BPHIGH,38.5,175335
18127,IN,Porter,CANCER,8.5,175335
18127,IN,Porter,CHD,6.6,175335
18127,IN,Porter,COPD,7.4,175335
18127,IN,Porter,DIABETES,12.5,175335
18127,IN,Porter,OBESITY,39.9,175335
18127,IN,Porter,STROKE,3.2,175335
18129,IN,Posey,ARTHRITIS,31.8,25040
18129,IN,Posey,BPHIGH,39.7,25040
18129,IN,Posey,CANCER,10.1,25040
18129,IN,Posey,CHD,7.4,25040
18129,IN,Posey,COPD,8.5,25040
18129,IN,Posey,DIABETES,12.9,25040
18129,IN,Posey,OBESITY,40.4,25040
18129,IN,Posey,STROKE,3.6,25040
18131,IN,Pulaski,ARTHRITIS,32.8,12385
18131,IN,Pulaski,BPHIGH,41.7,12385
18131,IN,Pulaski,CANCER,9.9,12385
18131,IN,Pulaski,CHD,8.6,12385
18131,IN,Pulaski,COPD,10.2,12385
18131,IN,Pulaski,DIABETES,14.5,12385
18131,IN,Pulaski,OBESITY,38.7,12385
18131,IN,Pulaski,STROKE,4.2,12385
18133,IN,Putnam,ARTHRITIS,28.3,37567
18133,IN,Putnam,BPHIGH,36.5,37567
18133,IN,Putnam,CANCER,8.6,37567
18133,IN,Putnam,CHD,6.9,37567
18133,IN,Putnam,COPD,8.3,37567
18133,IN,Putnam,DIABETES,12.4,37567
18133,IN,Putnam,OBESITY,38.4,37567
18133,IN,Putnam,STROKE,3.4,37567
18135,IN,Randolph,ARTHRITIS,33.0,24216
18135,IN,Randolph,BPHIGH,41.0,24216
18135,IN,Randolph,CANCER,9.7,24216
18135,IN,Randolph,CHD,8.5,24216
18135,IN,Randolph,COPD,10.3,24216
18135,IN,Randolph,DIABETES,14.4,24216
18135,IN,Randolph,OBESITY,38.7,24216
18135,IN,Randolph,STROKE,4.2,24216
18137,IN,Ripley,ARTHRITIS,30.8,29227
18137,IN,Ripley,BPHIGH,38.2,29227
18137,IN,Ripley,CANCER,9.4,29227
18137,IN,Ripley,CHD,7.3,29227
18137,IN,Ripley,COPD,8.7,29227
18137,IN,Ripley,DIABETES,12.5,29227
18137,IN,Ripley,OBESITY,36.2,29227
18137,IN,Ripley,STROKE,3.6,29227
18139,IN,Rush,ARTHRITIS,32.3,16847
18139,IN,Rush,BPHIGH,40.1,16847
18139,IN,Rush,CANCER,9.5,16847
18139,IN,Rush,CHD,8.2,16847
18139,IN,Rush,COPD,10.1,16847
18139,IN,Rush,DIABETES,14.3,16847
18139,IN,Rush,OBESITY,39.1,16847
18139,IN,Rush,STROKE,4.0,16847
18141,IN,St. Joseph,ARTHRITIS,27.4,272848
18141,IN,St. Joseph,BPHIGH,37.2,272848
18141,IN,St. Joseph,CANCER,8.1,272848
18141,IN,St. Joseph,CHD,6.5,272848
18141,IN,St. Joseph,COPD,7.8,272848
18141,IN,St. Joseph,DIABETES,12.9,272848
18141,IN,St. Joseph,OBESITY,35.3,272848
18141,IN,St. Joseph,STROKE,3.4,272848
18143,IN,Scott,ARTHRITIS,31.2,24657
18143,IN,Scott,BPHIGH,40.6,24657
18143,IN,Scott,CANCER,8.7,24657
18143,IN,Scott,CHD,7.8,24657
18143,IN,Scott,COPD,10.4,24657
18143,IN,Scott,DIABETES,14.1,24657
18143,IN,Scott,OBESITY,42.3,24657
18143,IN,Scott,STROKE,3.9,24657
18145,IN,Shelby,ARTHRITIS,31.6,45231
18145,IN,Shelby,BPHIGH,40.3,45231
18145,IN,Shelby,CANCER,9.3,45231
18145,IN,Shelby,CHD,7.6,45231
18145,IN,Shelby,COPD,9.2,45231
18145,IN,Shelby,DIABETES,13.9,45231
18145,IN,Shelby,OBESITY,41.2,45231
18145,IN,Shelby,STROKE,3.7,45231
18147,IN,Spencer,ARTHRITIS,31.7,19910
18147,IN,Spencer,BPHIGH,40.9,19910
18147,IN,Spencer,CANCER,9.9,19910
18147,IN,Spencer,CHD,7.6,19910
18147,IN,Spencer,COPD,8.6,19910
18147,IN,Spencer,DIABETES,13.4,19910
18147,IN,Spencer,OBESITY,39.9,19910
18147,IN,Spencer,STROKE,3.6,19910
18149,IN,Starke,ARTHRITIS,33.9,23206
18149,IN,Starke,BPHIGH,41.2,23206
18149,IN,Starke,CANCER,9.6,23206
18149,IN,Starke,CHD,8.6,23206
18149,IN,Starke,COPD,10.9,23206
18149,IN,Starke,DIABETES,15.0,23206
18149,IN,Starke,OBESITY,42.4,23206
18149,IN,Starke,STROKE,4.3,23206
18151,IN,Steuben,ARTHRITIS,31.2,34917
18151,IN,Steuben,BPHIGH,39.2,34917
18151,IN,Steuben,CANCER,9.9,34917
18151,IN,Steuben,CHD,7.8,34917
18151,IN,Steuben,COPD,8.8,34917
18151,IN,Steuben,DIABETES,13.5,34917
18151,IN,Steuben,OBESITY,34.8,34917
18151,IN,Steuben,STROKE,3.7,34917
18153,IN,Sullivan,ARTHRITIS,30.9,20757
18153,IN,Sullivan,BPHIGH,41.1,20757
18153,IN,Sullivan,CANCER,8.9,20757
18153,IN,Sullivan,CHD,8.1,20757
18153,IN,Sullivan,COPD,10.3,20757
18153,IN,Sullivan,DIABETES,14.1,20757
18153,IN,Sullivan,OBESITY,43.6,20757
18153,IN,Sullivan,STROKE,4.0,20757
18155,IN,Switzerland,ARTHRITIS,33.9,10019
18155,IN,Switzerland,BPHIGH,42.8,10019
18155,IN,Switzerland,CANCER,9.5,10019
18155,IN,Switzerland,CHD,8.7,10019
18155,IN,Switzerland,COPD,10.9,10019
18155,IN,Switzerland,DIABETES,14.9,10019
18155,IN,Switzerland,OBESITY,40.4,10019
18155,IN,Switzerland,STROKE,4.3,10019
18157,IN,Tippecanoe,ARTHRITIS,21.4,188792
18157,IN,Tippecanoe,BPHIGH,29.4,188792
18157,IN,Tippecanoe,CANCER,6.2,188792
18157,IN,Tippecanoe,CHD,5.3,188792
18157,IN,Tippecanoe,COPD,6.4,188792
18157,IN,Tippecanoe,DIABETES,10.0,188792
18157,IN,Tippecanoe,OBESITY,27.9,188792
18157,IN,Tippecanoe,STROKE,2.7,188792
18159,IN,Tipton,ARTHRITIS,32.2,15256
18159,IN,Tipton,BPHIGH,39.7,15256
18159,IN,Tipton,CANCER,10.1,15256
18159,IN,Tipton,CHD,7.8,15256
18159,IN,Tipton,COPD,8.9,15256
18159,IN,Tipton,DIABETES,13.5,15256
18159,IN,Tipton,OBESITY,36.5,15256
18159,IN,Tipton,STROKE,3.8,15256
18161,IN,Union,ARTHRITIS,31.9,6973
18161,IN,Union,BPHIGH,39.2,6973
18161,IN,Union,CANCER,9.9,6973
18161,IN,Union,CHD,7.5,6973
18161,IN,Union,COPD,8.6,6973
18161,IN,Union,DIABETES,13.0,6973
18161,IN,Union,OBESITY,37.6,6973
18161,IN,Union,STROKE,3.6,6973
18163,IN,Vanderburgh,ARTHRITIS,29.9,179810
18163,IN,Vanderburgh,BPHIGH,38.4,179810
18163,IN,Vanderburgh,CANCER,8.7,179810
18163,IN,Vanderburgh,CHD,7.3,179810
18163,IN,Vanderburgh,COPD,8.6,179810
18163,IN,Vanderburgh,DIABETES,12.8,179810
18163,IN,Vanderburgh,OBESITY,38.2,179810
18163,IN,Vanderburgh,STROKE,3.7,179810
18165,IN,Vermillion,ARTHRITIS,33.6,15417
18165,IN,Vermillion,BPHIGH,40.9,15417
18165,IN,Vermillion,CANCER,9.6,15417
18165,IN,Vermillion,CHD,8.2,15417
18165,IN,Vermillion,COPD,10.1,15417
18165,IN,Vermillion,DIABETES,14.3,15417
18165,IN,Vermillion,OBESITY,40.6,15417
18165,IN,Vermillion,STROKE,4.0,15417
18167,IN,Vigo,ARTHRITIS,29.3,106153
18167,IN,Vigo,BPHIGH,37.5,106153
18167,IN,Vigo,CANCER,8.1,106153
18167,IN,Vigo,CHD,7.4,106153
18167,IN,Vigo,COPD,9.5,106153
18167,IN,Vigo,DIABETES,13.7,106153
18167,IN,Vigo,OBESITY,41.0,106153
18167,IN,Vigo,STROKE,3.8,106153
18169,IN,Wabash,ARTHRITIS,33.0,30670
18169,IN,Wabash,BPHIGH,40.0,30670
18169,IN,Wabash,CANCER,10.2,30670
18169,IN,Wabash,CHD,8.1,30670
18169,IN,Wabash,COPD,9.7,30670
18169,IN,Wabash,DIABETES,13.8,30670
18169,IN,Wabash,OBESITY,38.1,30670
18169,IN,Wabash,STROKE,4.0,30670
18171,IN,Warren,ARTHRITIS,32.8,8518
18171,IN,Warren,BPHIGH,40.5,8518
18171,IN,Warren,CANCER,10.1,8518
18171,IN,Warren,CHD,8.2,8518
18171,IN,Warren,COPD,9.6,8518
18171,IN,Warren,DIABETES,14.1,8518
18171,IN,Warren,OBESITY,41.6,8518
18171,IN,Warren,STROKE,4.0,8518
18173,IN,Warrick,ARTHRITIS,29.0,65867
18173,IN,Warrick,BPHIGH,35.3,65867
18173,IN,Warrick,CANCER,9.4,65867
18173,IN,Warrick,CHD,6.3,65867
18173,IN,Warrick,COPD,6.8,65867
18173,IN,Warrick,DIABETES,11.6,65867
18173,IN,Warrick,OBESITY,34.0,65867
18173,IN,Warrick,STROKE,3.1,65867
18175,IN,Washington,ARTHRITIS,32.3,28205
18175,IN,Washington,BPHIGH,42.3,28205
18175,IN,Washington,CANCER,9.3,28205
18175,IN,Washington,CHD,8.3,28205
18175,IN,Washington,COPD,10.6,28205
18175,IN,Washington,DIABETES,14.7,28205
18175,IN,Washington,OBESITY,41.5,28205
18175,IN,Washington,STROKE,4.1,28205
18177,IN,Wayne,ARTHRITIS,32.6,66127
18177,IN,Wayne,BPHIGH,40.9,66127
18177,IN,Wayne,CANCER,9.3,66127
18177,IN,Wayne,CHD,8.3,66127
18177,IN,Wayne,COPD,10.3,66127
18177,IN,Wayne,DIABETES,14.7,66127
18177,IN,Wayne,OBESITY,37.9,66127
18177,IN,Wayne,STROKE,4.2,66127
18179,IN,Wells,ARTHRITIS,31.4,28555
18179,IN,Wells,BPHIGH,39.2,28555
18179,IN,Wells,CANCER,9.4,28555
18179,IN,Wells,CHD,7.2,28555
18179,IN,Wells,COPD,8.5,28555
18179,IN,Wells,DIABETES,12.7,28555
18179,IN,Wells,OBESITY,41.9,28555
18179,IN,Wells,STROKE,3.5,28555
18181,IN,White,ARTHRITIS,33.1,24917
18181,IN,White,BPHIGH,40.3,24917
18181,IN,White,CANCER,9.9,24917
18181,IN,White,CHD,8.1,24917
18181,IN,White,COPD,9.5,24917
18181,IN,White,DIABETES,14.6,24917
18181,IN,White,OBESITY,44.6,24917
18181,IN,White,STROKE,4.0,24917
18183,IN,Whitley,ARTHRITIS,30.8,34742
18183,IN,Whitley,BPHIGH,38.1,34742
18183,IN,Whitley,CANCER,9.5,34742
18183,IN,Whitley,CHD,7.3,34742
18183,IN,Whitley,COPD,8.5,34742
18183,IN,Whitley,DIABETES,12.6,34742
18183,IN,Whitley,OBESITY,39.7,34742
18183,IN,Whitley,STROKE,3.5,34742
19001,IA,Adair,ARTHRITIS,31.0,7389
19001,IA,Adair,BPHIGH,39.6,7389
19001,IA,Adair,CANCER,10.4,7389
19001,IA,Adair,CHD,8.3,7389
19001,IA,Adair,COPD,8.7,7389
19001,IA,Adair,DIABETES,13.1,7389
19001,IA,Adair,OBESITY,39.9,7389
19001,IA,Adair,STROKE,4.1,7389
19003,IA,Adams,ARTHRITIS,32.3,3544
19003,IA,Adams,BPHIGH,39.8,3544
19003,IA,Adams,CANCER,11.0,3544
19003,IA,Adams,CHD,8.4,3544
19003,IA,Adams,COPD,8.4,3544
19003,IA,Adams,DIABETES,13.2,3544
19003,IA,Adams,OBESITY,39.1,3544
19003,IA,Adams,STROKE,4.1,3544
19005,IA,Allamakee,ARTHRITIS,31.0,14074
19005,IA,Allamakee,BPHIGH,39.6,14074
19005,IA,Allamakee,CANCER,10.5,14074
19005,IA,Allamakee,CHD,8.5,14074
19005,IA,Allamakee,COPD,8.6,14074
19005,IA,Allamakee,DIABETES,13.1,14074
19005,IA,Allamakee,OBESITY,42.3,14074
19005,IA,Allamakee,STROKE,4.1,14074
19007,IA,Appanoose,ARTHRITIS,33.6,12119
19007,IA,Appanoose,BPHIGH,43.3,12119
19007,IA,Appanoose,CANCER,10.5,12119
19007,IA,Appanoose,CHD,9.6,12119
19007,IA,Appanoose,COPD,10.8,12119
19007,IA,Appanoose,DIABETES,15.4,12119
19007,IA,Appanoose,OBESITY,43.4,12119
19007,IA,Appanoose,STROKE,4.8,12119
19009,IA,Audubon,ARTHRITIS,32.8,5534
19009,IA,Audubon,BPHIGH,40.2,5534
19009,IA,Audubon,CANCER,11.1,5534
19009,IA,Audubon,CHD,8.8,5534
19009,IA,Audubon,COPD,9.0,5534
19009,IA,Audubon,DIABETES,13.6,5534
19009,IA,Audubon,OBESITY,37.6,5534
19009,IA,Audubon,STROKE,4.3,5534
19011,IA,Benton,ARTHRITIS,28.7,25796
19011,IA,Benton,BPHIGH,36.2,25796
19011,IA,Benton,CANCER,9.9,25796
19011,IA,Benton,CHD,7.0,25796
19011,IA,Benton,COPD,7.1,25796
19011,IA,Benton,DIABETES,11.1,25796
19011,IA,Benton,OBESITY,40.8,25796
19011,IA,Benton,STROKE,3.4,25796
19013,IA,Black Hawk,ARTHRITIS,26.8,130471
19013,IA,Black Hawk,BPHIGH,33.9,130471
19013,IA,Black Hawk,CANCER,8.0,130471
19013,IA,Black Hawk,CHD,6.5,130471
19013,IA,Black Hawk,COPD,7.0,130471
19013,IA,Black Hawk,DIABETES,11.6,130471
19013,IA,Black Hawk,OBESITY,40.4,130471
19013,IA,Black Hawk,STROKE,3.3,130471
19015,IA,Boone,ARTHRITIS,28.0,26590
19015,IA,Boone,BPHIGH,36.4,26590
19015,IA,Boone,CANCER,9.6,26590
19015,IA,Boone,CHD,6.6,26590
19015,IA,Boone,COPD,6.8,26590
19015,IA,Boone,DIABETES,11.2,26590
19015,IA,Boone,OBESITY,43.4,26590
19015,IA,Boone,STROKE,3.3,26590
19017,IA,Bremer,ARTHRITIS,26.5,25307
19017,IA,Bremer,BPHIGH,33.4,25307
19017,IA,Bremer,CANCER,9.4,25307
19017,IA,Bremer,CHD,6.4,25307
19017,IA,Bremer,COPD,6.3,25307
19017,IA,Bremer,DIABETES,9.9,25307
19017,IA,Bremer,OBESITY,37.6,25307
19017,IA,Bremer,STROKE,3.1,25307
19019,IA,Buchanan,ARTHRITIS,27.8,20691
19019,IA,Buchanan,BPHIGH,35.6,20691
19019,IA,Buchanan,CANCER,9.5,20691
19019,IA,Buchanan,CHD,6.7,20691
19019,IA,Buchanan,COPD,7.0,20691
19019,IA,Buchanan,DIABETES,11.1,20691
19019,IA,Buchanan,OBESITY,37.6,20691
19019,IA,Buchanan,STROKE,3.3,20691
19021,IA,Buena Vista,ARTHRITIS,25.2,20567
19021,IA,Buena Vista,BPHIGH,34.3,20567
19021,IA,Buena Vista,CANCER,7.6,20567
19021,IA,Buena Vista,CHD,7.1,20567
19021,IA,Buena Vista,COPD,7.2,20567
19021,IA,Buena Vista,DIABETES,13.0,20567
19021,IA,Buena Vista,OBESITY,38.1,20567
19021,IA,Buena Vista,STROKE,3.6,20567
19023,IA,Butler,ARTHRITIS,31.7,14172
19023,IA,Butler,BPHIGH,38.8,14172
19023,IA,Butler,CANCER,10.4,14172
19023,IA,Butler,CHD,8.0,14172
19023,IA,Butler,COPD,8.3,14172
19023,IA,Butler,DIABETES,12.6,14172
19023,IA,Butler,OBESITY,39.3,14172
19023,IA,Butler,STROKE,4.0,14172
19025,IA,Calhoun,ARTHRITIS,30.2,9763
19025,IA,Calhoun,BPHIGH,37.1,9763
19025,IA,Calhoun,CANCER,10.2,9763
19025,IA,Calhoun,CHD,7.8,9763
19025,IA,Calhoun,COPD,8.0,9763
19025,IA,Calhoun,DIABETES,12.3,9763
19025,IA,Calhoun,OBESITY,39.8,9763
19025,IA,Calhoun,STROKE,3.8,9763
19027,IA,Carroll,ARTHRITIS,29.9,20522
19027,IA,Carroll,BPHIGH,37.2,20522
19027,IA,Carroll,CANCER,10.1,20522
19027,IA,Carroll,CHD,7.5,20522
19027,IA,Carroll,COPD,7.7,20522
19027,IA,Carroll,DIABETES,12.0,20522
19027,IA,Carroll,OBESITY,39.7,20522
19027,IA,Carroll,STROKE,3.7,20522
19029,IA,Cass,ARTHRITIS,32.5,13130
19029,IA,Cass,BPHIGH,39.8,13130
19029,IA,Cass,CANCER,10.6,13130
19029,IA,Cass,CHD,8.7,13130
19029,IA,Cass,COPD,9.2,13130
19029,IA,Cass,DIABETES,13.9,13130
19029,IA,Cass,OBESITY,40.7,13130
19029,IA,Cass,STROKE,4.3,13130
19031,IA,Cedar,ARTHRITIS,28.8,18302
19031,IA,Cedar,BPHIGH,36.6,18302
19031,IA,Cedar,CANCER,9.9,18302
19031,IA,Cedar,CHD,7.2,18302
19031,IA,Cedar,COPD,7.4,18302
19031,IA,Cedar,DIABETES,11.9,18302
19031,IA,Cedar,OBESITY,40.8,18302
19031,IA,Cedar,STROKE,3.6,18302
19033,IA,Cerro Gordo,ARTHRITIS,32.9,42406
19033,IA,Cerro Gordo,BPHIGH,37.6,42406
19033,IA,Cerro Gordo,CANCER,10.3,42406
19033,IA,Cerro Gordo,CHD,7.9,42406
19033,IA,Cerro Gordo,COPD,8.0,42406
19033,IA,Cerro Gordo,DIABETES,12.5,42406
19033,IA,Cerro Gordo,OBESITY,40.1,42406
19033,IA,Cerro Gordo,STROKE,3.9,42406
19035,IA,Cherokee,ARTHRITIS,31.4,11605
19035,IA,Cherokee,BPHIGH,40.3,11605
19035,IA,Cherokee,CANCER,10.8,11605
19035,IA,Cherokee,CHD,8.7,11605
19035,IA,Cherokee,COPD,9.0,11605
19035,IA,Cherokee,DIABETES,13.7,11605
19035,IA,Cherokee,OBESITY,40.6,11605
19035,IA,Cherokee,STROKE,4.3,11605
19037,IA,Chickasaw,ARTHRITIS,30.5,11658
19037,IA,Chickasaw,BPHIGH,38.6,11658
19037,IA,Chickasaw,CANCER,10.5,11658
19037,IA,Chickasaw,CHD,7.9,11658
19037,IA,Chickasaw,COPD,8.0,11658
19037,IA,Chickasaw,DIABETES,12.6,11658
19037,IA,Chickasaw,OBESITY,39.4,11658
19037,IA,Chickasaw,STROKE,3.9,11658
19039,IA,Clarke,ARTHRITIS,29.6,9588
19039,IA,Clarke,BPHIGH,38.2,9588
19039,IA,Clarke,CANCER,9.0,9588
19039,IA,Clarke,CHD,8.4,9588
19039,IA,Clarke,COPD,9.4,9588
19039,IA,Clarke,DIABETES,14.2,9588
19039,IA,Clarke,OBESITY,43.1,9588
19039,IA,Clarke,STROKE,4.3,9588
19041,IA,Clay,ARTHRITIS,29.4,16511
19041,IA,Clay,BPHIGH,37.0,16511
19041,IA,Clay,CANCER,10.2,16511
19041,IA,Clay,CHD,7.6,16511
19041,IA,Clay,COPD,7.8,16511
19041,IA,Clay,DIABETES,12.3,16511
19041,IA,Clay,OBESITY,35.2,16511
19041,IA,Clay,STROKE,3.8,16511
19043,IA,Clayton,ARTHRITIS,32.2,16969
19043,IA,Clayton,BPHIGH,41.3,16969
19043,IA,Clayton,CANCER,10.8,16969
19043,IA,Clayton,CHD,9.1,16969
19043,IA,Clayton,COPD,9.7,16969
19043,IA,Clayton,DIABETES,13.9,16969
19043,IA,Clayton,OBESITY,41.0,16969
19043,IA,Clayton,STROKE,4.5,16969
19045,IA,Clinton,ARTHRITIS,31.1,46158
19045,IA,Clinton,BPHIGH,38.4,46158
19045,IA,Clinton,CANCER,9.7,46158
19045,IA,Clinton,CHD,7.8,46158
19045,IA,Clinton,COPD,8.5,46158
19045,IA,Clinton,DIABETES,12.7,46158
19045,IA,Clinton,OBESITY,39.3,46158
19045,IA,Clinton,STROKE,3.9,46158
19047,IA,Crawford,ARTHRITIS,27.6,16013
19047,IA,Crawford,BPHIGH,37.7,16013
19047,IA,Crawford,CANCER,8.6,16013
19047,IA,Crawford,CHD,8.0,16013
19047,IA,Crawford,COPD,8.4,16013
19047,IA,Crawford,DIABETES,14.3,16013
19047,IA,Crawford,OBESITY,42.6,16013
19047,IA,Crawford,STROKE,4.0,16013
19049,IA,Dallas,ARTHRITIS,22.6,111092
19049,IA,Dallas,BPHIGH,29.4,111092
19049,IA,Dallas,CANCER,7.6,111092
19049,IA,Dallas,CHD,4.6,111092
19049,IA,Dallas,COPD,4.5,111092
19049,IA,Dallas,DIABETES,8.8,111092
19049,IA,Dallas,OBESITY,32.8,111092
19049,IA,Dallas,STROKE,2.3,111092
19051,IA,Davis,ARTHRITIS,29.3,9169
19051,IA,Davis,BPHIGH,37.0,9169
19051,IA,Davis,CANCER,9.4,9169
19051,IA,Davis,CHD,7.6,9169
19051,IA,Davis,COPD,8.5,9169
19051,IA,Davis,DIABETES,12.0,9169
19051,IA,Davis,OBESITY,37.5,9169
19051,IA,Davis,STROKE,3.8,9169
19053,IA,Decatur,ARTHRITIS,29.2,7665
19053,IA,Decatur,BPHIGH,35.3,7665
19053,IA,Decatur,CANCER,9.3,7665
19053,IA,Decatur,CHD,7.9,7665
19053,IA,Decatur,COPD,8.5,7665
19053,IA,Decatur,DIABETES,12.4,7665
19053,IA,Decatur,OBESITY,39.6,7665
19053,IA,Decatur,STROKE,3.9,7665
19055,IA,Delaware,ARTHRITIS,30.5,17600
19055,IA,Delaware,BPHIGH,37.7,17600
19055,IA,Delaware,CANCER,10.3,17600
19055,IA,Delaware,CHD,7.9,17600
19055,IA,Delaware,COPD,8.3,17600
19055,IA,Delaware,DIABETES,12.5,17600
19055,IA,Delaware,OBESITY,39.7,17600
19055,IA,Delaware,STROKE,3.9,17600
19057,IA,Des Moines,ARTHRITIS,29.8,38253
19057,IA,Des Moines,BPHIGH,35.5,38253
19057,IA,Des Moines,CANCER,9.7,38253
19057,IA,Des Moines,CHD,7.5,38253
19057,IA,Des Moines,COPD,7.9,38253
19057,IA,Des Moines,DIABETES,12.3,38253
19057,IA,Des Moines,OBESITY,34.6,38253
19057,IA,Des Moines,STROKE,3.8,38253
19059,IA,Dickinson,ARTHRITIS,30.7,18056
19059,IA,Dickinson,BPHIGH,38.5,18056
19059,IA,Dickinson,CANCER,11.7,18056
19059,IA,Dickinson,CHD,7.9,18056
19059,IA,Dickinson,COPD,7.5,18056
19059,IA,Dickinson,DIABETES,12.1,18056
19059,IA,Dickinson,OBESITY,37.2,18056
19059,IA,Dickinson,STROKE,3.8,18056
19061,IA,Dubuque,ARTHRITIS,27.4,98887
19061,IA,Dubuque,BPHIGH,31.2,98887
19061,IA,Dubuque,CANCER,9.3,98887
19061,IA,Dubuque,CHD,6.5,98887
19061,IA,Dubuque,COPD,6.8,98887
19061,IA,Dubuque,DIABETES,10.4,98887
19061,IA,Dubuque,OBESITY,34.3,98887
19061,IA,Dubuque,STROKE,3.3,98887
19063,IA,Emmet,ARTHRITIS,29.6,9229
19063,IA,Emmet,BPHIGH,38.4,9229
19063,IA,Emmet,CANCER,10.0,9229
19063,IA,Emmet,CHD,8.0,9229
19063,IA,Emmet,COPD,8.4,9229
19063,IA,Emmet,DIABETES,12.7,9229
19063,IA,Emmet,OBESITY,42.5,9229
19063,IA,Emmet,STROKE,4.0,9229
19065,IA,Fayette,ARTHRITIS,30.1,19210
19065,IA,Fayette,BPHIGH,38.8,19210
19065,IA,Fayette,CANCER,10.2,19210
19065,IA,Fayette,CHD,8.2,19210
19065,IA,Fayette,COPD,8.6,19210
19065,IA,Fayette,DIABETES,13.1,19210
19065,IA,Fayette,OBESITY,38.5,19210
19065,IA,Fayette,STROKE,4.1,19210
19067,IA,Floyd,ARTHRITIS,30.4,15326
19067,IA,Floyd,BPHIGH,37.9,15326
19067,IA,Floyd,CANCER,10.1,15326
19067,IA,Floyd,CHD,8.0,15326
19067,IA,Floyd,COPD,8.3,15326
19067,IA,Floyd,DIABETES,12.9,15326
19067,IA,Floyd,OBESITY,39.8,15326
19067,IA,Floyd,STROKE,4.0,15326
19069,IA,Franklin,ARTHRITIS,31.2,9875
19069,IA,Franklin,BPHIGH,39.0,9875
19069,IA,Franklin,CANCER,9.9,9875
19069,IA,Franklin,CHD,8.6,9875
19069,IA,Franklin,COPD,9.0,9875
19069,IA,Franklin,DIABETES,14.1,9875
19069,IA,Franklin,OBESITY,40.7,9875
19069,IA,Franklin,STROKE,4.2,9875
19071,IA,Fremont,ARTHRITIS,31.6,6458
19071,IA,Fremont,BPHIGH,38.6,6458
19071,IA,Fremont,CANCER,10.7,6458
19071,IA,Fremont,CHD,8.0,6458
19071,IA,Fremont,COPD,8.1,6458
19071,IA,Fremont,DIABETES,12.7,6458
19071,IA,Fremont,OBESITY,39.9,6458
19071,IA,Fremont,STROKE,3.9,6458
19073,IA,Greene,ARTHRITIS,31.6,8584
19073,IA,Greene,BPHIGH,38.6,8584
19073,IA,Greene,CANCER,10.7,8584
19073,IA,Greene,CHD,8.3,8584
19073,IA,Greene,COPD,8.6,8584
19073,IA,Greene,DIABETES,13.1,8584
19073,IA,Greene,OBESITY,35.8,8584
19073,IA,Greene,STROKE,4.1,8584
19075,IA,Grundy,ARTHRITIS,28.4,12384
19075,IA,Grundy,BPHIGH,35.4,12384
19075,IA,Grundy,CANCER,10.2,12384
19075,IA,Grundy,CHD,6.9,12384
19075,IA,Grundy,COPD,6.8,12384
19075,IA,Grundy,DIABETES,11.1,12384
19075,IA,Grundy,OBESITY,37.5,12384
19075,IA,Grundy,STROKE,3.4,12384
19077,IA,Guthrie,ARTHRITIS,29.7,10722
19077,IA,Guthrie,BPHIGH,37.8,10722
19077,IA,Guthrie,CANCER,10.6,10722
19077,IA,Guthrie,CHD,7.7,10722
19077,IA,Guthrie,COPD,7.6,10722
19077,IA,Guthrie,DIABETES,12.4,10722
19077,IA,Guthrie,OBESITY,37.2,10722
19077,IA,Guthrie,STROKE,3.8,10722
19079,IA,Hamilton,ARTHRITIS,28.8,14729
19079,IA,Hamilton,BPHIGH,36.9,14729
19079,IA,Hamilton,CANCER,10.0,14729
19079,IA,Hamilton,CHD,7.3,14729
19079,IA,Hamilton,COPD,7.3,14729
19079,IA,Hamilton,DIABETES,12.1,14729
19079,IA,Hamilton,OBESITY,36.5,14729
19079,IA,Hamilton,STROKE,3.6,14729
19081,IA,Hancock,ARTHRITIS,31.0,10615
19081,IA,Hancock,BPHIGH,38.0,10615
19081,IA,Hancock,CANCER,10.4,10615
19081,IA,Hancock,CHD,7.9,10615
19081,IA,Hancock,COPD,8.1,10615
19081,IA,Hancock,DIABETES,12.6,10615
19081,IA,Hancock,OBESITY,42.2,10615
19081,IA,Hancock,STROKE,3.9,10615
19083,IA,Hardin,ARTHRITIS,30.1,16463
19083,IA,Hardin,BPHIGH,38.5,16463
19083,IA,Hardin,CANCER,10.3,16463
19083,IA,Hardin,CHD,7.9,16463
19083,IA,Hardin,COPD,8.3,16463
19083,IA,Hardin,DIABETES,12.9,16463
19083,IA,Hardin,OBESITY,38.9,16463
19083,IA,Hardin,STROKE,4.0,16463
19085,IA,Harrison,ARTHRITIS,29.3,14670
19085,IA,Harrison,BPHIGH,37.0,14670
19085,IA,Harrison,CANCER,9.9,14670
19085,IA,Harrison,CHD,7.4,14670
19085,IA,Harrison,COPD,7.8,14670
19085,IA,Harrison,DIABETES,12.5,14670
19085,IA,Harrison,OBESITY,35.2,14670
19085,IA,Harrison,STROKE,3.7,14670
19087,IA,Henry,ARTHRITIS,28.6,19547
19087,IA,Henry,BPHIGH,37.3,19547
19087,IA,Henry,CANCER,9.5,19547
19087,IA,Henry,CHD,7.5,19547
19087,IA,Henry,COPD,7.8,19547
19087,IA,Henry,DIABETES,12.5,19547
19087,IA,Henry,OBESITY,38.8,19547
19087,IA,Henry,STROKE,3.7,19547
19089,IA,Howard,ARTHRITIS,29.6,9376
19089,IA,Howard,BPHIGH,37.2,9376
19089,IA,Howard,CANCER,9.9,9376
19089,IA,Howard,CHD,7.7,9376
19089,IA,Howard,COPD,8.3,9376
19089,IA,Howard,DIABETES,12.4,9376
19089,IA,Howard,OBESITY,38.0,9376
19089,IA,Howard,STROKE,3.8,9376
19091,IA,Humboldt,ARTHRITIS,30.9,9500
19091,IA,Humboldt,BPHIGH,38.8,9500
19091,IA,Humboldt,CANCER,10.2,9500
19091,IA,Humboldt,CHD,8.3,9500
19091,IA,Humboldt,COPD,8.7,9500
19091,IA,Humboldt,DIABETES,13.2,9500
19091,IA,Humboldt,OBESITY,41.4,9500
19091,IA,Humboldt,STROKE,4.1,9500
19093,IA,Ida,ARTHRITIS,30.0,6833
19093,IA,Ida,BPHIGH,37.4,6833
19093,IA,Ida,CANCER,10.2,6833
19093,IA,Ida,CHD,7.9,6833
19093,IA,Ida,COPD,8.2,6833
19093,IA,Ida,DIABETES,12.4,6833
19093,IA,Ida,OBESITY,41.0,6833
19093,IA,Ida,STROKE,3.9,6833
19095,IA,Iowa,ARTHRITIS,28.4,16381
19095,IA,Iowa,BPHIGH,36.8,16381
19095,IA,Iowa,CANCER,9.9,16381
19095,IA,Iowa,CHD,7.1,16381
19095,IA,Iowa,COPD,7.3,16381
19095,IA,Iowa,DIABETES,11.7,16381
19095,IA,Iowa,OBESITY,43.4,16381
19095,IA,Iowa,STROKE,3.5,16381
19097,IA,Jackson,ARTHRITIS,31.0,19342
19097,IA,Jackson,BPHIGH,38.5,19342
19097,IA,Jackson,CANCER,10.2,19342
19097,IA,Jackson,CHD,7.9,19342
19097,IA,Jackson,COPD,8.4,19342
19097,IA,Jackson,DIABETES,12.7,19342
19097,IA,Jackson,OBESITY,40.3,19342
19097,IA,Jackson,STROKE,3.9,19342
19099,IA,Jasper,ARTHRITIS,28.3,37919
19099,IA,Jasper,BPHIGH,36.8,37919
19099,IA,Jasper,CANCER,9.3,37919
19099,IA,Jasper,CHD,7.1,37919
19099,IA,Jasper,COPD,7.6,37919
19099,IA,Jasper,DIABETES,11.9,37919
19099,IA,Jasper,OBESITY,38.3,37919
19099,IA,Jasper,STROKE,3.6,37919
19101,IA,Jefferson,ARTHRITIS,30.1,15440
19101,IA,Jefferson,BPHIGH,39.1,15440
19101,IA,Jefferson,CANCER,10.6,15440
19101,IA,Jefferson,CHD,8.3,15440
19101,IA,Jefferson,COPD,8.1,15440
19101,IA,Jefferson,DIABETES,13.2,15440
19101,IA,Jefferson,OBESITY,39.6,15440
19101,IA,Jefferson,STROKE,4.0,15440
19103,IA,Johnson,ARTHRITIS,19.8,157528
19103,IA,Johnson,BPHIGH,28.1,157528
19103,IA,Johnson,CANCER,6.7,157528
19103,IA,Johnson,CHD,4.8,157528
19103,IA,Johnson,COPD,5.0,157528
19103,IA,Johnson,DIABETES,8.8,157528
19103,IA,Johnson,OBESITY,30.4,157528
19103,IA,Johnson,STROKE,2.5,157528
19105,IA,Jones,ARTHRITIS,28.8,20900
19105,IA,Jones,BPHIGH,36.4,20900
19105,IA,Jones,CANCER,9.7,20900
19105,IA,Jones,CHD,7.4,20900
19105,IA,Jones,COPD,7.7,20900
19105,IA,Jones,DIABETES,11.9,20900
19105,IA,Jones,OBESITY,39.7,20900
19105,IA,Jones,STROKE,3.7,20900
19107,IA,Keokuk,ARTHRITIS,30.8,9914
19107,IA,Keokuk,BPHIGH,39.6,9914
19107,IA,Keokuk,CANCER,10.1,9914
19107,IA,Keokuk,CHD,8.2,9914
19107,IA,Keokuk,COPD,8.9,9914
19107,IA,Keokuk,DIABETES,13.4,9914
19107,IA,Keokuk,OBESITY,41.4,9914
19107,IA,Keokuk,STROKE,4.1,9914
19109,IA,Kossuth,ARTHRITIS,31.1,14396
19109,IA,Kossuth,BPHIGH,38.0,14396
19109,IA,Kossuth,CANCER,11.0,14396
19109,IA,Kossuth,CHD,8.4,14396
19109,IA,Kossuth,COPD,8.2,14396
19109,IA,Kossuth,DIABETES,13.1,14396
19109,IA,Kossuth,OBESITY,38.2,14396
19109,IA,Kossuth,STROKE,4.1,14396
19111,IA,Lee,ARTHRITIS,31.2,32565
19111,IA,Lee,BPHIGH,37.7,32565
19111,IA,Lee,CANCER,10.0,32565
19111,IA,Lee,CHD,8.0,32565
19111,IA,Lee,COPD,8.6,32565
19111,IA,Lee,DIABETES,12.9,32565
19111,IA,Lee,OBESITY,37.6,32565
19111,IA,Lee,STROKE,4.0,32565
19113,IA,Linn,ARTHRITIS,26.5,228972
19113,IA,Linn,BPHIGH,31.3,228972
19113,IA,Linn,CANCER,8.7,228972
19113,IA,Linn,CHD,6.2,228972
19113,IA,Linn,COPD,6.5,228972
19113,IA,Linn,DIABETES,11.2,228972
19113,IA,Linn,OBESITY,35.4,228972
19113,IA,Linn,STROKE,3.1,228972
19115,IA,Louisa,ARTHRITIS,29.0,10513
19115,IA,Louisa,BPHIGH,36.3,10513
19115,IA,Louisa,CANCER,9.2,10513
19115,IA,Louisa,CHD,7.4,10513
19115,IA,Louisa,COPD,7.7,10513
19115,IA,Louisa,DIABETES,12.8,10513
19115,IA,Louisa,OBESITY,40.2,10513
19115,IA,Louisa,STROKE,3.7,10513
19117,IA,Lucas,ARTHRITIS,32.0,8747
19117,IA,Lucas,BPHIGH,39.7,8747
19117,IA,Lucas,CANCER,10.1,8747
19117,IA,Lucas,CHD,8.7,8747
19117,IA,Lucas,COPD,9.6,8747
19117,IA,Lucas,DIABETES,13.9,8747
19117,IA,Lucas,OBESITY,39.8,8747
19117,IA,Lucas,STROKE,4.3,8747
19119,IA,Lyon,ARTHRITIS,29.1,12324
19119,IA,Lyon,BPHIGH,37.3,12324
19119,IA,Lyon,CANCER,9.9,12324
19119,IA,Lyon,CHD,7.2,12324
19119,IA,Lyon,COPD,7.3,12324
19119,IA,Lyon,DIABETES,11.8,12324
19119,IA,Lyon,OBESITY,42.2,12324
19119,IA,Lyon,STROKE,3.5,12324
19121,IA,Madison,ARTHRITIS,26.9,16971
19121,IA,Madison,BPHIGH,33.5,16971
19121,IA,Madison,CANCER,9.2,16971
19121,IA,Madison,CHD,6.2,16971
19121,IA,Madison,COPD,6.4,16971
19121,IA,Madison,DIABETES,10.5,16971
19121,IA,Madison,OBESITY,37.2,16971
19121,IA,Madison,STROKE,3.1,16971
19123,IA,Mahaska,ARTHRITIS,28.6,21874
19123,IA,Mahaska,BPHIGH,36.0,21874
19123,IA,Mahaska,CANCER,9.2,21874
19123,IA,Mahaska,CHD,7.2,21874
19123,IA,Mahaska,COPD,7.8,21874
19123,IA,Mahaska,DIABETES,11.7,21874
19123,IA,Mahaska,OBESITY,38.6,21874
19123,IA,Mahaska,STROKE,3.6,21874
19125,IA,Marion,ARTHRITIS,27.3,33770
19125,IA,Marion,BPHIGH,34.5,33770
19125,IA,Marion,CANCER,9.7,33770
19125,IA,Marion,CHD,6.5,33770
19125,IA,Marion,COPD,6.4,33770
19125,IA,Marion,DIABETES,10.5,33770
19125,IA,Marion,OBESITY,39.4,33770
19125,IA,Marion,STROKE,3.2,33770
19127,IA,Marshall,ARTHRITIS,26.7,40014
19127,IA,Marshall,BPHIGH,34.7,40014
19127,IA,Marshall,CANCER,8.5,40014
19127,IA,Marshall,CHD,7.1,40014
19127,IA,Marshall,COPD,7.2,40014
19127,IA,Marshall,DIABETES,12.7,40014
19127,IA,Marshall,OBESITY,44.1,40014
19127,IA,Marshall,STROKE,3.6,40014
19129,IA,Mills,ARTHRITIS,28.4,14633
19129,IA,Mills,BPHIGH,35.9,14633
19129,IA,Mills,CANCER,9.9,14633
19129,IA,Mills,CHD,6.7,14633
19129,IA,Mills,COPD,6.7,14633
19129,IA,Mills,DIABETES,11.3,14633
19129,IA,Mills,OBESITY,39.2,14633
19129,IA,Mills,STROKE,3.3,14633
19131,IA,Mitchell,ARTHRITIS,30.1,10518
19131,IA,Mitchell,BPHIGH,37.8,10518
19131,IA,Mitchell,CANCER,10.3,10518
19131,IA,Mitchell,CHD,7.8,10518
19131,IA,Mitchell,COPD,7.9,10518
19131,IA,Mitchell,DIABETES,12.2,10518
19131,IA,Mitchell,OBESITY,40.1,10518
19131,IA,Mitchell,STROKE,3.8,10518
19133,IA,Monona,ARTHRITIS,31.7,8493
19133,IA,Monona,BPHIGH,39.5,8493
19133,IA,Monona,CANCER,10.5,8493
19133,IA,Monona,CHD,8.3,8493
19133,IA,Monona,COPD,8.8,8493
19133,IA,Monona,DIABETES,13.1,8493
19133,IA,Monona,OBESITY,42.2,8493
19133,IA,Monona,STROKE,4.1,8493
19135,IA,Monroe,ARTHRITIS,28.9,7504
19135,IA,Monroe,BPHIGH,36.7,7504
19135,IA,Monroe,CANCER,9.7,7504
19135,IA,Monroe,CHD,7.2,7504
19135,IA,Monroe,COPD,7.5,7504
19135,IA,Monroe,DIABETES,11.7,7504
19135,IA,Monroe,OBESITY,38.2,7504
19135,IA,Monroe,STROKE,3.6,7504
19137,IA,Montgomery,ARTHRITIS,30.5,10139
19137,IA,Montgomery,BPHIGH,38.7,10139
19137,IA,Montgomery,CANCER,10.2,10139
19137,IA,Montgomery,CHD,8.1,10139
19137,IA,Montgomery,COPD,8.6,10139
19137,IA,Montgomery,DIABETES,12.9,10139
19137,IA,Montgomery,OBESITY,39.5,10139
19137,IA,Montgomery,STROKE,4.1,10139
19139,IA,Muscatine,ARTHRITIS,27.6,42218
19139,IA,Muscatine,BPHIGH,35.4,42218
19139,IA,Muscatine,CANCER,8.7,42218
19139,IA,Muscatine,CHD,7.0,42218
19139,IA,Muscatine,COPD,7.4,42218
19139,IA,Muscatine,DIABETES,12.3,42218
19139,IA,Muscatine,OBESITY,41.4,42218
19139,IA,Muscatine,STROKE,3.5,42218
19141,IA,O'Brien,ARTHRITIS,29.4,14012
19141,IA,O'Brien,BPHIGH,36.9,14012
19141,IA,O'Brien,CANCER,9.7,14012
19141,IA,O'Brien,CHD,7.9,14012
19141,IA,O'Brien,COPD,8.4,14012
19141,IA,O'Brien,DIABETES,12.4,14012
19141,IA,O'Brien,OBESITY,38.8,14012
19141,IA,O'Brien,STROKE,3.9,14012
19143,IA,Osceola,ARTHRITIS,31.1,5978
19143,IA,Osceola,BPHIGH,39.4,5978
19143,IA,Osceola,CANCER,10.3,5978
19143,IA,Osceola,CHD,8.8,5978
19143,IA,Osceola,COPD,9.3,5978
19143,IA,Osceola,DIABETES,14.0,5978
19143,IA,Osceola,OBESITY,39.5,5978
19143,IA,Osceola,STROKE,4.4,5978
19145,IA,Page,ARTHRITIS,31.2,15014
19145,IA,Page,BPHIGH,40.8,15014
19145,IA,Page,CANCER,10.0,15014
19145,IA,Page,CHD,8.5,15014
19145,IA,Page,COPD,9.1,15014
19145,IA,Page,DIABETES,13.6,15014
19145,IA,Page,OBESITY,42.9,15014
19145,IA,Page,STROKE,4.3,15014
19147,IA,Palo Alto,ARTHRITIS,29.4,8810
19147,IA,Palo Alto,BPHIGH,37.3,8810
19147,IA,Palo Alto,CANCER,10.2,8810
19147,IA,Palo Alto,CHD,7.7,8810
19147,IA,Palo Alto,COPD,7.8,8810
19147,IA,Palo Alto,DIABETES,12.1,8810
19147,IA,Palo Alto,OBESITY,40.0,8810
19147,IA,Palo Alto,STROKE,3.8,8810
19149,IA,Plymouth,ARTHRITIS,27.7,25722
19149,IA,Plymouth,BPHIGH,35.0,25722
19149,IA,Plymouth,CANCER,9.5,25722
19149,IA,Plymouth,CHD,6.8,25722
19149,IA,Plymouth,COPD,6.8,25722
19149,IA,Plymouth,DIABETES,11.2,25722
19149,IA,Plymouth,OBESITY,39.4,25722
19149,IA,Plymouth,STROKE,3.3,25722
19151,IA,Pocahontas,ARTHRITIS,31.3,6976
19151,IA,Pocahontas,BPHIGH,38.7,6976
19151,IA,Pocahontas,CANCER,10.8,6976
19151,IA,Pocahontas,CHD,8.4,6976
19151,IA,Pocahontas,COPD,8.6,6976
19151,IA,Pocahontas,DIABETES,13.3,6976
19151,IA,Pocahontas,OBESITY,36.2,6976
19151,IA,Pocahontas,STROKE,4.2,6976
19153,IA,Polk,ARTHRITIS,25.2,505255
19153,IA,Polk,BPHIGH,31.2,505255
19153,IA,Polk,CANCER,7.4,505255
19153,IA,Polk,CHD,5.5,505255
19153,IA,Polk,COPD,5.8,505255
19153,IA,Polk,DIABETES,10.1,505255
19153,IA,Polk,OBESITY,37.0,505255
19153,IA,Polk,STROKE,2.8,505255
19155,IA,Pottawattamie,ARTHRITIS,27.3,93179
19155,IA,Pottawattamie,BPHIGH,35.3,93179
19155,IA,Pottawattamie,CANCER,9.0,93179
19155,IA,Pottawattamie,CHD,7.0,93179
19155,IA,Pottawattamie,COPD,7.8,93179
19155,IA,Pottawattamie,DIABETES,11.7,93179
19155,IA,Pottawattamie,OBESITY,39.1,93179
19155,IA,Pottawattamie,STROKE,3.6,93179
19157,IA,Poweshiek,ARTHRITIS,28.0,18453
19157,IA,Poweshiek,BPHIGH,35.2,18453
19157,IA,Poweshiek,CANCER,9.4,18453
19157,IA,Poweshiek,CHD,7.2,18453
19157,IA,Poweshiek,COPD,7.5,18453
19157,IA,Poweshiek,DIABETES,11.4,18453
19157,IA,Poweshiek,OBESITY,40.5,18453
19157,IA,Poweshiek,STROKE,3.6,18453
19159,IA,Ringgold,ARTHRITIS,30.4,4642
19159,IA,Ringgold,BPHIGH,37.9,4642
19159,IA,Ringgold,CANCER,10.6,4642
19159,IA,Ringgold,CHD,7.7,4642
19159,IA,Ringgold,COPD,7.7,4642
19159,IA,Ringgold,DIABETES,12.2,4642
19159,IA,Ringgold,OBESITY,42.7,4642
19159,IA,Ringgold,STROKE,3.8,4642
19161,IA,Sac,ARTHRITIS,31.5,9686
19161,IA,Sac,BPHIGH,37.9,9686
19161,IA,Sac,CANCER,10.7,9686
19161,IA,Sac,CHD,8.1,9686
19161,IA,Sac,COPD,8.1,9686
19161,IA,Sac,DIABETES,12.5,9686
19161,IA,Sac,OBESITY,41.3,9686
19161,IA,Sac,STROKE,3.9,9686
19163,IA,Scott,ARTHRITIS,28.8,174270
19163,IA,Scott,BPHIGH,32.8,174270
19163,IA,Scott,CANCER,8.7,174270
19163,IA,Scott,CHD,6.3,174270
19163,IA,Scott,COPD,6.7,174270
19163,IA,Scott,DIABETES,11.0,174270
19163,IA,Scott,OBESITY,40.6,174270
19163,IA,Scott,STROKE,3.3,174270
19165,IA,Shelby,ARTHRITIS,31.4,11806
19165,IA,Shelby,BPHIGH,37.4,11806
19165,IA,Shelby,CANCER,10.7,11806
19165,IA,Shelby,CHD,7.9,11806
19165,IA,Shelby,COPD,7.9,11806
19165,IA,Shelby,DIABETES,12.5,11806
19165,IA,Shelby,OBESITY,37.8,11806
19165,IA,Shelby,STROKE,3.9,11806
19167,IA,Sioux,ARTHRITIS,23.2,36246
19167,IA,Sioux,BPHIGH,32.5,36246
19167,IA,Sioux,CANCER,8.5,36246
19167,IA,Sioux,CHD,5.9,36246
19167,IA,Sioux,COPD,6.0,36246
19167,IA,Sioux,DIABETES,9.8,36246
19167,IA,Sioux,OBESITY,33.0,36246
19167,IA,Sioux,STROKE,2.9,36246
19169,IA,Story,ARTHRITIS,18.9,98566
19169,IA,Story,BPHIGH,26.4,98566
19169,IA,Story,CANCER,6.4,98566
19169,IA,Story,CHD,4.7,98566
19169,IA,Story,COPD,4.8,98566
19169,IA,Story,DIABETES,8.1,98566
19169,IA,Story,OBESITY,30.8,98566
19169,IA,Story,STROKE,2.3,98566
19171,IA,Tama,ARTHRITIS,30.2,16833
19171,IA,Tama,BPHIGH,37.7,16833
19171,IA,Tama,CANCER,9.7,16833
19171,IA,Tama,CHD,8.2,16833
19171,IA,Tama,COPD,8.8,16833
19171,IA,Tama,DIABETES,13.6,16833
19171,IA,Tama,OBESITY,40.2,16833
19171,IA,Tama,STROKE,4.1,16833
19173,IA,Taylor,ARTHRITIS,30.7,5924
19173,IA,Taylor,BPHIGH,39.1,5924
19173,IA,Taylor,CANCER,10.0,5924
19173,IA,Taylor,CHD,8.0,5924
19173,IA,Taylor,COPD,8.3,5924
19173,IA,Taylor,DIABETES,12.9,5924
19173,IA,Taylor,OBESITY,39.7,5924
19173,IA,Taylor,STROKE,4.0,5924
19175,IA,Union,ARTHRITIS,28.9,11906
19175,IA,Union,BPHIGH,37.2,11906
19175,IA,Union,CANCER,9.7,11906
19175,IA,Union,CHD,7.4,11906
19175,IA,Union,COPD,7.9,11906
19175,IA,Union,DIABETES,12.1,11906
19175,IA,Union,OBESITY,37.2,11906
19175,IA,Union,STROKE,3.7,11906
19177,IA,Van Buren,ARTHRITIS,32.1,7266
19177,IA,Van Buren,BPHIGH,40.2,7266
19177,IA,Van Buren,CANCER,10.4,7266
19177,IA,Van Buren,CHD,8.8,7266
19177,IA,Van Buren,COPD,9.8,7266
19177,IA,Van Buren,DIABETES,13.9,7266
19177,IA,Van Buren,OBESITY,39.5,7266
19177,IA,Van Buren,STROKE,4.4,7266
19179,IA,Wapello,ARTHRITIS,28.6,35166
19179,IA,Wapello,BPHIGH,35.8,35166
19179,IA,Wapello,CANCER,8.6,35166
19179,IA,Wapello,CHD,7.6,35166
19179,IA,Wapello,COPD,8.6,35166
19179,IA,Wapello,DIABETES,13.5,35166
19179,IA,Wapello,OBESITY,41.7,35166
19179,IA,Wapello,STROKE,3.9,35166
19181,IA,Warren,ARTHRITIS,26.0,55205
19181,IA,Warren,BPHIGH,32.3,55205
19181,IA,Warren,CANCER,8.9,55205
19181,IA,Warren,CHD,5.6,55205
19181,IA,Warren,COPD,5.7,55205
19181,IA,Warren,DIABETES,9.7,55205
19181,IA,Warren,OBESITY,38.7,55205
19181,IA,Warren,STROKE,2.8,55205
19183,IA,Washington,ARTHRITIS,29.1,22560
19183,IA,Washington,BPHIGH,37.3,22560
19183,IA,Washington,CANCER,9.7,22560
19183,IA,Washington,CHD,7.3,22560
19183,IA,Washington,COPD,7.6,22560
19183,IA,Washington,DIABETES,12.0,22560
19183,IA,Washington,OBESITY,38.6,22560
19183,IA,Washington,STROKE,3.6,22560
19185,IA,Wayne,ARTHRITIS,31.7,6557
19185,IA,Wayne,BPHIGH,38.8,6557
19185,IA,Wayne,CANCER,10.4,6557
19185,IA,Wayne,CHD,8.6,6557
19185,IA,Wayne,COPD,9.1,6557
19185,IA,Wayne,DIABETES,13.1,6557
19185,IA,Wayne,OBESITY,40.6,6557
19185,IA,Wayne,STROKE,4.3,6557
19187,IA,Webster,ARTHRITIS,28.0,36485
19187,IA,Webster,BPHIGH,36.9,36485
19187,IA,Webster,CANCER,9.1,36485
19187,IA,Webster,CHD,7.1,36485
19187,IA,Webster,COPD,7.7,36485
19187,IA,Webster,DIABETES,11.8,36485
19187,IA,Webster,OBESITY,41.2,36485
19187,IA,Webster,STROKE,3.6,36485
19189,IA,Winnebago,ARTHRITIS,28.7,10571
19189,IA,Winnebago,BPHIGH,36.4,10571
19189,IA,Winnebago,CANCER,9.8,10571
19189,IA,Winnebago,CHD,7.2,10571
19189,IA,Winnebago,COPD,7.4,10571
19189,IA,Winnebago,DIABETES,11.6,10571
19189,IA,Winnebago,OBESITY,38.4,10571
19189,IA,Winnebago,STROKE,3.6,10571
19191,IA,Winneshiek,ARTHRITIS,27.4,19815
19191,IA,Winneshiek,BPHIGH,34.1,19815
19191,IA,Winneshiek,CANCER,10.1,19815
19191,IA,Winneshiek,CHD,7.0,19815
19191,IA,Winneshiek,COPD,6.6,19815
19191,IA,Winneshiek,DIABETES,10.7,19815
19191,IA,Winneshiek,OBESITY,34.7,19815
19191,IA,Winneshiek,STROKE,3.4,19815
19193,IA,Woodbury,ARTHRITIS,24.7,105951
19193,IA,Woodbury,BPHIGH,34.5,105951
19193,IA,Woodbury,CANCER,7.6,105951
19193,IA,Woodbury,CHD,6.6,105951
19193,IA,Woodbury,COPD,7.3,105951
19193,IA,Woodbury,DIABETES,12.1,105951
19193,IA,Woodbury,OBESITY,39.1,105951
19193,IA,Woodbury,STROKE,3.4,105951
19195,IA,Worth,ARTHRITIS,30.7,7297
19195,IA,Worth,BPHIGH,38.1,7297
19195,IA,Worth,CANCER,10.3,7297
19195,IA,Worth,CHD,7.7,7297
19195,IA,Worth,COPD,7.8,7297
19195,IA,Worth,DIABETES,12.4,7297
19195,IA,Worth,OBESITY,40.5,7297
19195,IA,Worth,STROKE,3.8,7297
19197,IA,Wright,ARTHRITIS,30.3,12656
19197,IA,Wright,BPHIGH,38.4,12656
19197,IA,Wright,CANCER,10.1,12656
19197,IA,Wright,CHD,8.6,12656
19197,IA,Wright,COPD,8.7,12656
19197,IA,Wright,DIABETES,13.9,12656
19197,IA,Wright,OBESITY,40.7,12656
19197,IA,Wright,STROKE,4.2,12656
20001,KS,Allen,ARTHRITIS,29.8,12412
20001,KS,Allen,BPHIGH,36.5,12412
20001,KS,Allen,CANCER,9.5,12412
20001,KS,Allen,CHD,7.8,12412
20001,KS,Allen,COPD,8.5,12412
20001,KS,Allen,DIABETES,12.5,12412
20001,KS,Allen,OBESITY,37.4,12412
20001,KS,Allen,STROKE,3.9,12412
20003,KS,Anderson,ARTHRITIS,30.9,7838
20003,KS,Anderson,BPHIGH,39.2,7838
20003,KS,Anderson,CANCER,9.7,7838
20003,KS,Anderson,CHD,8.4,7838
20003,KS,Anderson,COPD,9.3,7838
20003,KS,Anderson,DIABETES,13.1,7838
20003,KS,Anderson,OBESITY,40.1,7838
20003,KS,Anderson,STROKE,4.2,7838
20005,KS,Atchison,ARTHRITIS,26.9,16016
20005,KS,Atchison,BPHIGH,34.8,16016
20005,KS,Atchison,CANCER,8.3,16016
20005,KS,Atchison,CHD,6.9,16016
20005,KS,Atchison,COPD,7.6,16016
20005,KS,Atchison,DIABETES,11.2,16016
20005,KS,Atchison,OBESITY,37.0,16016
20005,KS,Atchison,STROKE,3.4,16016
20007,KS,Barber,ARTHRITIS,32.5,4071
20007,KS,Barber,BPHIGH,40.9,4071
20007,KS,Barber,CANCER,10.6,4071
20007,KS,Barber,CHD,8.9,4071
20007,KS,Barber,COPD,9.4,4071
20007,KS,Barber,DIABETES,13.8,4071
20007,KS,Barber,OBESITY,38.6,4071
20007,KS,Barber,STROKE,4.3,4071
20009,KS,Barton,ARTHRITIS,30.2,24899
20009,KS,Barton,BPHIGH,38.3,24899
20009,KS,Barton,CANCER,9.2,24899
20009,KS,Barton,CHD,8.2,24899
20009,KS,Barton,COPD,9.0,24899
20009,KS,Barton,DIABETES,13.4,24899
20009,KS,Barton,OBESITY,38.8,24899
20009,KS,Barton,STROKE,4.0,24899
20011,KS,Bourbon,ARTHRITIS,30.7,14408
20011,KS,Bourbon,BPHIGH,38.2,14408
20011,KS,Bourbon,CANCER,9.2,14408
20011,KS,Bourbon,CHD,7.9,14408
20011,KS,Bourbon,COPD,8.9,14408
20011,KS,Bourbon,DIABETES,12.7,14408
20011,KS,Bourbon,OBESITY,36.7,14408
20011,KS,Bourbon,STROKE,4.0,14408
20013,KS,Brown,ARTHRITIS,32.2,9250
20013,KS,Brown,BPHIGH,40.4,9250
20013,KS,Brown,CANCER,9.9,9250
20013,KS,Brown,CHD,8.4,9250
20013,KS,Brown,COPD,9.0,9250
20013,KS,Brown,DIABETES,13.5,9250
20013,KS,Brown,OBESITY,39.6,9250
20013,KS,Brown,STROKE,4.2,9250
20015,KS,Butler,ARTHRITIS,26.5,68632
20015,KS,Butler,BPHIGH,34.5,68632
20015,KS,Butler,CANCER,8.4,68632
20015,KS,Butler,CHD,6.2,68632
20015,KS,Butler,COPD,6.6,68632
20015,KS,Butler,DIABETES,10.7,68632
20015,KS,Butler,OBESITY,39.0,68632
20015,KS,Butler,STROKE,3.1,68632
20017,KS,Chase,ARTHRITIS,31.6,2579
20017,KS,Chase,BPHIGH,40.0,2579
20017,KS,Chase,CANCER,10.2,2579
20017,KS,Chase,CHD,8.9,2579
20017,KS,Chase,COPD,9.3,2579
20017,KS,Chase,DIABETES,13.9,2579
20017,KS,Chase,OBESITY,38.2,2579
20017,KS,Chase,STROKE,4.3,2579
20019,KS,Chautauqua,ARTHRITIS,33.5,3347
20019,KS,Chautauqua,BPHIGH,42.6,3347
20019,KS,Chautauqua,CANCER,10.4,3347
20019,KS,Chautauqua,CHD,10.1,3347
20019,KS,Chautauqua,COPD,10.9,3347
20019,KS,Chautauqua,DIABETES,15.2,3347
20019,KS,Chautauqua,OBESITY,40.4,3347
20019,KS,Chautauqua,STROKE,5.0,3347
20021,KS,Cherokee,ARTHRITIS,31.6,19054
20021,KS,Cherokee,BPHIGH,38.8,19054
20021,KS,Cherokee,CANCER,9.3,19054
20021,KS,Cherokee,CHD,8.5,19054
20021,KS,Cherokee,COPD,9.7,19054
20021,KS,Cherokee,DIABETES,13.4,19054
20021,KS,Cherokee,OBESITY,43.8,19054
20021,KS,Cherokee,STROKE,4.3,19054
20023,KS,Cheyenne,ARTHRITIS,33.1,2636
20023,KS,Cheyenne,BPHIGH,41.5,2636
20023,KS,Cheyenne,CANCER,10.6,2636
20023,KS,Cheyenne,CHD,9.8,2636
20023,KS,Cheyenne,COPD,10.3,2636
20023,KS,Cheyenne,DIABETES,14.8,2636
20023,KS,Cheyenne,OBESITY,38.0,2636
20023,KS,Cheyenne,STROKE,4.7,2636
20025,KS,Clark,ARTHRITIS,29.7,1847
20025,KS,Clark,BPHIGH,37.8,1847
20025,KS,Clark,CANCER,9.9,1847
20025,KS,Clark,CHD,7.7,1847
20025,KS,Clark,COPD,7.6,1847
20025,KS,Clark,DIABETES,12.1,1847
20025,KS,Clark,OBESITY,36.8,1847
20025,KS,Clark,STROKE,3.7,1847
20027,KS,Clay,ARTHRITIS,31.9,8007
20027,KS,Clay,BPHIGH,39.9,8007
20027,KS,Clay,CANCER,10.4,8007
20027,KS,Clay,CHD,8.4,8007
20027,KS,Clay,COPD,8.8,8007
20027,KS,Clay,DIABETES,12.8,8007
20027,KS,Clay,OBESITY,39.6,8007
20027,KS,Clay,STROKE,4.1,8007
20029,KS,Cloud,ARTHRITIS,29.8,8854
20029,KS,Cloud,BPHIGH,38.6,8854
20029,KS,Cloud,CANCER,9.6,8854
20029,KS,Cloud,CHD,7.7,8854
20029,KS,Cloud,COPD,8.4,8854
20029,KS,Cloud,DIABETES,12.3,8854
20029,KS,Cloud,OBESITY,41.4,8854
20029,KS,Cloud,STROKE,3.8,8854
20031,KS,Coffey,ARTHRITIS,31.3,8251
20031,KS,Coffey,BPHIGH,38.5,8251
20031,KS,Coffey,CANCER,10.1,8251
20031,KS,Coffey,CHD,8.1,8251
20031,KS,Coffey,COPD,8.5,8251
20031,KS,Coffey,DIABETES,12.7,8251
20031,KS,Coffey,OBESITY,36.9,8251
20031,KS,Coffey,STROKE,3.9,8251
20033,KS,Comanche,ARTHRITIS,32.7,1655
20033,KS,Comanche,BPHIGH,40.2,1655
20033,KS,Comanche,CANCER,10.9,1655
20033,KS,Comanche,CHD,8.6,1655
20033,KS,Comanche,COPD,8.7,1655
20033,KS,Comanche,DIABETES,13.3,1655
20033,KS,Comanche,OBESITY,39.2,1655
20033,KS,Comanche,STROKE,4.2,1655
20035,KS,Cowley,ARTHRITIS,29.4,34157
20035,KS,Cowley,BPHIGH,37.6,34157
20035,KS,Cowley,CANCER,8.6,34157
20035,KS,Cowley,CHD,7.4,34157
20035,KS,Cowley,COPD,8.0,34157
20035,KS,Cowley,DIABETES,12.8,34157
20035,KS,Cowley,OBESITY,40.9,34157
20035,KS,Cowley,STROKE,3.7,34157
20037,KS,Crawford,ARTHRITIS,26.5,38764
20037,KS,Crawford,BPHIGH,35.1,38764
20037,KS,Crawford,CANCER,7.8,38764
20037,KS,Crawford,CHD,6.9,38764
20037,KS,Crawford,COPD,7.9,38764
20037,KS,Crawford,DIABETES,11.2,38764
20037,KS,Crawford,OBESITY,36.8,38764
20037,KS,Crawford,STROKE,3.5,38764
20039,KS,Decatur,ARTHRITIS,33.0,2712
20039,KS,Decatur,BPHIGH,40.2,2712
20039,KS,Decatur,CANCER,11.7,2712
20039,KS,Decatur,CHD,8.9,2712
20039,KS,Decatur,COPD,8.5,2712
20039,KS,Decatur,DIABETES,13.4,2712
20039,KS,Decatur,OBESITY,36.6,2712
20039,KS,Decatur,STROKE,4.2,2712
20041,KS,Dickinson,ARTHRITIS,30.1,18445
20041,KS,Dickinson,BPHIGH,37.1,18445
20041,KS,Dickinson,CANCER,9.9,18445
20041,KS,Dickinson,CHD,7.5,18445
20041,KS,Dickinson,COPD,7.8,18445
20041,KS,Dickinson,DIABETES,11.9,18445
20041,KS,Dickinson,OBESITY,39.5,18445
20041,KS,Dickinson,STROKE,3.7,18445
20043,KS,Doniphan,ARTHRITIS,28.5,7493
20043,KS,Doniphan,BPHIGH,35.9,7493
20043,KS,Doniphan,CANCER,9.1,7493
20043,KS,Doniphan,CHD,7.1,7493
20043,KS,Doniphan,COPD,7.5,7493
20043,KS,Doniphan,DIABETES,11.5,7493
20043,KS,Doniphan,OBESITY,37.5,7493
20043,KS,Doniphan,STROKE,3.5,7493
20045,KS,Douglas,ARTHRITIS,21.0,120553
20045,KS,Douglas,BPHIGH,26.6,120553
20045,KS,Douglas,CANCER,6.7,120553
20045,KS,Douglas,CHD,4.8,120553
20045,KS,Douglas,COPD,5.3,120553
20045,KS,Douglas,DIABETES,8.4,120553
20045,KS,Douglas,OBESITY,30.5,120553
20045,KS,Douglas,STROKE,2.5,120553
20047,KS,Edwards,ARTHRITIS,30.6,2733
20047,KS,Edwards,BPHIGH,39.9,2733
20047,KS,Edwards,CANCER,9.4,2733
20047,KS,Edwards,CHD,8.6,2733
20047,KS,Edwards,COPD,8.8,2733
20047,KS,Edwards,DIABETES,14.3,2733
20047,KS,Edwards,OBESITY,39.9,2733
20047,KS,Edwards,STROKE,4.2,2733
20049,KS,Elk,ARTHRITIS,35.5,2467
20049,KS,Elk,BPHIGH,43.7,2467
20049,KS,Elk,CANCER,11.2,2467
20049,KS,Elk,CHD,10.3,2467
20049,KS,Elk,COPD,11.1,2467
20049,KS,Elk,DIABETES,15.8,2467
20049,KS,Elk,OBESITY,40.5,2467
20049,KS,Elk,STROKE,5.0,2467
20051,KS,Ellis,ARTHRITIS,24.2,28810
20051,KS,Ellis,BPHIGH,31.7,28810
20051,KS,Ellis,CANCER,7.6,28810
20051,KS,Ellis,CHD,6.1,28810
20051,KS,Ellis,COPD,6.6,28810
20051,KS,Ellis,DIABETES,9.8,28810
20051,KS,Ellis,OBESITY,36.5,28810
20051,KS,Ellis,STROKE,3.0,28810
20053,KS,Ellsworth,ARTHRITIS,28.8,6357
20053,KS,Ellsworth,BPHIGH,37.9,6357
20053,KS,Ellsworth,CANCER,9.7,6357
20053,KS,Ellsworth,CHD,7.5,6357
20053,KS,Ellsworth,COPD,7.4,6357
20053,KS,Ellsworth,DIABETES,11.7,6357
20053,KS,Ellsworth,OBESITY,39.1,6357
20053,KS,Ellsworth,STROKE,3.7,6357
20055,KS,Finney,ARTHRITIS,22.1,37466
20055,KS,Finney,BPHIGH,32.9,37466
20055,KS,Finney,CANCER,5.9,37466
20055,KS,Finney,CHD,6.2,37466
20055,KS,Finney,COPD,6.5,37466
20055,KS,Finney,DIABETES,13.1,37466
20055,KS,Finney,OBESITY,37.3,37466
20055,KS,Finney,STROKE,3.2,37466
20057,KS,Ford,ARTHRITIS,23.3,33980
20057,KS,Ford,BPHIGH,33.2,33980
20057,KS,Ford,CANCER,5.8,33980
20057,KS,Ford,CHD,6.4,33980
20057,KS,Ford,COPD,6.6,33980
20057,KS,Ford,DIABETES,13.1,33980
20057,KS,Ford,OBESITY,39.1,33980
20057,KS,Ford,STROKE,3.3,33980
20059,KS,Franklin,ARTHRITIS,29.7,26125
20059,KS,Franklin,BPHIGH,36.2,26125
20059,KS,Franklin,CANCER,8.9,26125
20059,KS,Franklin,CHD,7.0,26125
20059,KS,Franklin,COPD,7.7,26125
20059,KS,Franklin,DIABETES,11.5,26125
20059,KS,Franklin,OBESITY,40.3,26125
20059,KS,Franklin,STROKE,3.5,26125
20061,KS,Geary,ARTHRITIS,19.9,35047
20061,KS,Geary,BPHIGH,29.5,35047
20061,KS,Geary,CANCER,5.0,35047
20061,KS,Geary,CHD,4.9,35047
20061,KS,Geary,COPD,5.9,35047
20061,KS,Geary,DIABETES,9.3,35047
20061,KS,Geary,OBESITY,34.5,35047
20061,KS,Geary,STROKE,2.7,35047
20063,KS,Gove,ARTHRITIS,30.8,2735
20063,KS,Gove,BPHIGH,38.0,2735
20063,KS,Gove,CANCER,10.5,2735
20063,KS,Gove,CHD,8.0,2735
20063,KS,Gove,COPD,8.1,2735
20063,KS,Gove,DIABETES,12.3,2735
20063,KS,Gove,OBESITY,37.4,2735
20063,KS,Gove,STROKE,3.9,2735
20065,KS,Graham,ARTHRITIS,33.8,2376
20065,KS,Graham,BPHIGH,42.4,2376
20065,KS,Graham,CANCER,11.1,2376
20065,KS,Graham,CHD,9.5,2376
20065,KS,Graham,COPD,9.4,2376
20065,KS,Graham,DIABETES,14.3,2376
20065,KS,Graham,OBESITY,36.7,2376
20065,KS,Graham,STROKE,4.6,2376
20067,KS,Grant,ARTHRITIS,22.5,7147
20067,KS,Grant,BPHIGH,31.5,7147
20067,KS,Grant,CANCER,7.0,7147
20067,KS,Grant,CHD,5.9,7147
20067,KS,Grant,COPD,5.5,7147
20067,KS,Grant,DIABETES,11.8,7147
20067,KS,Grant,OBESITY,35.4,7147
20067,KS,Grant,STROKE,2.9,7147
20069,KS,Gray,ARTHRITIS,26.5,5743
20069,KS,Gray,BPHIGH,33.7,5743
20069,KS,Gray,CANCER,8.3,5743
20069,KS,Gray,CHD,7.0,5743
20069,KS,Gray,COPD,7.6,5743
20069,KS,Gray,DIABETES,11.2,5743
20069,KS,Gray,OBESITY,39.5,5743
20069,KS,Gray,STROKE,3.4,5743
20071,KS,Greeley,ARTHRITIS,28.3,1181
20071,KS,Greeley,BPHIGH,35.7,1181
20071,KS,Greeley,CANCER,9.5,1181
20071,KS,Greeley,CHD,7.1,1181
20071,KS,Greeley,COPD,6.9,1181
20071,KS,Greeley,DIABETES,11.7,1181
20071,KS,Greeley,OBESITY,36.8,1181
20071,KS,Greeley,STROKE,3.4,1181
20073,KS,Greenwood,ARTHRITIS,33.9,5870
20073,KS,Greenwood,BPHIGH,42.0,5870
20073,KS,Greenwood,CANCER,10.7,5870
20073,KS,Greenwood,CHD,9.4,5870
20073,KS,Greenwood,COPD,9.9,5870
20073,KS,Greenwood,DIABETES,14.4,5870
20073,KS,Greenwood,OBESITY,40.7,5870
20073,KS,Greenwood,STROKE,4.5,5870
20075,KS,Hamilton,ARTHRITIS,24.4,2437
20075,KS,Hamilton,BPHIGH,33.7,2437
20075,KS,Hamilton,CANCER,7.3,2437
20075,KS,Hamilton,CHD,6.4,2437
20075,KS,Hamilton,COPD,6.5,2437
20075,KS,Hamilton,DIABETES,11.8,2437
20075,KS,Hamilton,OBESITY,40.2,2437
20075,KS,Hamilton,STROKE,3.2,2437
20077,KS,Harper,ARTHRITIS,33.3,5435
20077,KS,Harper,BPHIGH,40.6,5435
20077,KS,Harper,CANCER,9.9,5435
20077,KS,Harper,CHD,9.3,5435
20077,KS,Harper,COPD,10.6,5435
20077,KS,Harper,DIABETES,14.8,5435
20077,KS,Harper,OBESITY,41.9,5435
20077,KS,Harper,STROKE,4.7,5435
20079,KS,Harvey,ARTHRITIS,27.0,33504
20079,KS,Harvey,BPHIGH,35.0,33504
20079,KS,Harvey,CANCER,9.3,33504
20079,KS,Harvey,CHD,7.2,33504
20079,KS,Harvey,COPD,7.2,33504
20079,KS,Harvey,DIABETES,12.2,33504
20079,KS,Harvey,OBESITY,36.5,33504
20079,KS,Harvey,STROKE,3.5,33504
20081,KS,Haskell,ARTHRITIS,26.2,3630
20081,KS,Haskell,BPHIGH,34.9,3630
20081,KS,Haskell,CANCER,7.8,3630
20081,KS,Haskell,CHD,7.4,3630
20081,KS,Haskell,COPD,7.9,3630
20081,KS,Haskell,DIABETES,13.2,3630
20081,KS,Haskell,OBESITY,41.8,3630
20081,KS,Haskell,STROKE,3.7,3630
20083,KS,Hodgeman,ARTHRITIS,28.5,1655
20083,KS,Hodgeman,BPHIGH,36.8,1655
20083,KS,Hodgeman,CANCER,9.8,1655
20083,KS,Hodgeman,CHD,7.2,1655
20083,KS,Hodgeman,COPD,6.9,1655
20083,KS,Hodgeman,DIABETES,11.5,1655
20083,KS,Hodgeman,OBESITY,36.5,1655
20083,KS,Hodgeman,STROKE,3.5,1655
20085,KS,Jackson,ARTHRITIS,29.5,13368
20085,KS,Jackson,BPHIGH,36.5,13368
20085,KS,Jackson,CANCER,9.4,13368
20085,KS,Jackson,CHD,7.6,13368
20085,KS,Jackson,COPD,7.9,13368
20085,KS,Jackson,DIABETES,12.3,13368
20085,KS,Jackson,OBESITY,37.8,13368
20085,KS,Jackson,STROKE,3.7,13368
20087,KS,Jefferson,ARTHRITIS,28.8,18327
20087,KS,Jefferson,BPHIGH,35.6,18327
20087,KS,Jefferson,CANCER,9.7,18327
20087,KS,Jefferson,CHD,7.1,18327
20087,KS,Jefferson,COPD,7.3,18327
20087,KS,Jefferson,DIABETES,11.3,18327
20087,KS,Jefferson,OBESITY,34.7,18327
20087,KS,Jefferson,STROKE,3.4,18327
20089,KS,Jewell,ARTHRITIS,36.1,2847
20089,KS,Jewell,BPHIGH,44.5,2847
20089,KS,Jewell,CANCER,12.0,2847
20089,KS,Jewell,CHD,10.8,2847
20089,KS,Jewell,COPD,11.0,2847
20089,KS,Jewell,DIABETES,15.8,2847
20089,KS,Jewell,OBESITY,39.1,2847
20089,KS,Jewell,STROKE,5.1,2847
20091,KS,Johnson,ARTHRITIS,22.7,622237
20091,KS,Johnson,BPHIGH,32.0,622237
20091,KS,Johnson,CANCER,8.4,622237
20091,KS,Johnson,CHD,5.0,622237
20091,KS,Johnson,COPD,4.6,622237
20091,KS,Johnson,DIABETES,9.4,622237
20091,KS,Johnson,OBESITY,31.2,622237
20091,KS,Johnson,STROKE,2.5,622237
20093,KS,Kearny,ARTHRITIS,26.0,3823
20093,KS,Kearny,BPHIGH,34.4,3823
20093,KS,Kearny,CANCER,7.7,3823
20093,KS,Kearny,CHD,7.1,3823
20093,KS,Kearny,COPD,7.3,3823
20093,KS,Kearny,DIABETES,12.9,3823
20093,KS,Kearny,OBESITY,37.6,3823
20093,KS,Kearny,STROKE,3.6,3823
20095,KS,Kingman,ARTHRITIS,29.1,7066
20095,KS,Kingman,BPHIGH,37.3,7066
20095,KS,Kingman,CANCER,9.3,7066
20095,KS,Kingman,CHD,7.4,7066
20095,KS,Kingman,COPD,8.2,7066
20095,KS,Kingman,DIABETES,12.0,7066
20095,KS,Kingman,OBESITY,39.8,7066
20095,KS,Kingman,STROKE,3.7,7066
20097,KS,Kiowa,ARTHRITIS,29.4,2374
20097,KS,Kiowa,BPHIGH,37.2,2374
20097,KS,Kiowa,CANCER,9.9,2374
20097,KS,Kiowa,CHD,7.7,2374
20097,KS,Kiowa,COPD,7.7,2374
20097,KS,Kiowa,DIABETES,11.8,2374
20097,KS,Kiowa,OBESITY,39.0,2374
20097,KS,Kiowa,STROKE,3.7,2374
20099,KS,Labette,ARTHRITIS,31.5,19728
20099,KS,Labette,BPHIGH,40.4,19728
20099,KS,Labette,CANCER,9.3,19728
20099,KS,Labette,CHD,8.4,19728
20099,KS,Labette,COPD,9.4,19728
20099,KS,Labette,DIABETES,13.4,19728
20099,KS,Labette,OBESITY,41.3,19728
20099,KS,Labette,STROKE,4.3,19728
20101,KS,Lane,ARTHRITIS,31.9,1529
20101,KS,Lane,BPHIGH,39.1,1529
20101,KS,Lane,CANCER,10.7,1529
20101,KS,Lane,CHD,8.3,1529
20101,KS,Lane,COPD,8.3,1529
20101,KS,Lane,DIABETES,13.1,1529
20101,KS,Lane,OBESITY,36.6,1529
20101,KS,Lane,STROKE,4.0,1529
20103,KS,Leavenworth,ARTHRITIS,25.9,83518
20103,KS,Leavenworth,BPHIGH,32.9,83518
20103,KS,Leavenworth,CANCER,8.2,83518
20103,KS,Leavenworth,CHD,6.0,83518
20103,KS,Leavenworth,COPD,6.0,83518
20103,KS,Leavenworth,DIABETES,10.8,83518
20103,KS,Leavenworth,OBESITY,39.8,83518
20103,KS,Leavenworth,STROKE,3.0,83518
20105,KS,Lincoln,ARTHRITIS,33.8,2920
20105,KS,Lincoln,BPHIGH,42.0,2920
20105,KS,Lincoln,CANCER,11.0,2920
20105,KS,Lincoln,CHD,9.4,2920
20105,KS,Lincoln,COPD,9.6,2920
20105,KS,Lincoln,DIABETES,14.2,2920
20105,KS,Lincoln,OBESITY,40.2,2920
20105,KS,Lincoln,STROKE,4.5,2920
20107,KS,Linn,ARTHRITIS,31.4,9860
20107,KS,Linn,BPHIGH,37.4,9860
20107,KS,Linn,CANCER,10.1,9860
20107,KS,Linn,CHD,8.0,9860
20107,KS,Linn,COPD,8.4,9860
20107,KS,Linn,DIABETES,12.5,9860
20107,KS,Linn,OBESITY,37.2,9860
20107,KS,Linn,STROKE,3.9,9860
20109,KS,Logan,ARTHRITIS,29.4,2665
20109,KS,Logan,BPHIGH,37.2,2665
20109,KS,Logan,CANCER,9.6,2665
20109,KS,Logan,CHD,7.9,2665
20109,KS,Logan,COPD,8.4,2665
20109,KS,Logan,DIABETES,12.5,2665
20109,KS,Logan,OBESITY,39.8,2665
20109,KS,Logan,STROKE,3.9,2665
20111,KS,Lyon,ARTHRITIS,25.0,32172
20111,KS,Lyon,BPHIGH,34.0,32172
20111,KS,Lyon,CANCER,7.2,32172
20111,KS,Lyon,CHD,6.6,32172
20111,KS,Lyon,COPD,7.2,32172
20111,KS,Lyon,DIABETES,11.5,32172
20111,KS,Lyon,OBESITY,37.8,32172
20111,KS,Lyon,STROKE,3.3,32172
20113,KS,McPherson,ARTHRITIS,27.4,30091
20113,KS,McPherson,BPHIGH,35.0,30091
20113,KS,McPherson,CANCER,9.3,30091
20113,KS,McPherson,CHD,6.7,30091
20113,KS,McPherson,COPD,6.8,30091
20113,KS,McPherson,DIABETES,10.5,30091
20113,KS,McPherson,OBESITY,37.0,30091
20113,KS,McPherson,STROKE,3.3,30091
20115,KS,Marion,ARTHRITIS,29.7,11690
20115,KS,Marion,BPHIGH,37.7,11690
20115,KS,Marion,CANCER,10.1,11690
20115,KS,Marion,CHD,8.0,11690
20115,KS,Marion,COPD,8.2,11690
20115,KS,Marion,DIABETES,12.2,11690
20115,KS,Marion,OBESITY,38.7,11690
20115,KS,Marion,STROKE,3.9,11690
20117,KS,Marshall,ARTHRITIS,31.0,9933
20117,KS,Marshall,BPHIGH,38.9,9933
20117,KS,Marshall,CANCER,10.2,9933
20117,KS,Marshall,CHD,8.6,9933
20117,KS,Marshall,COPD,9.1,9933
20117,KS,Marshall,DIABETES,13.0,9933
20117,KS,Marshall,OBESITY,37.4,9933
20117,KS,Marshall,STROKE,4.2,9933
20119,KS,Meade,ARTHRITIS,27.9,3911
20119,KS,Meade,BPHIGH,36.4,3911
20119,KS,Meade,CANCER,8.7,3911
20119,KS,Meade,CHD,7.6,3911
20119,KS,Meade,COPD,8.0,3911
20119,KS,Meade,DIABETES,12.5,3911
20119,KS,Meade,OBESITY,36.8,3911
20119,KS,Meade,STROKE,3.7,3911
20121,KS,Miami,ARTHRITIS,28.4,35320
20121,KS,Miami,BPHIGH,33.5,35320
20121,KS,Miami,CANCER,9.2,35320
20121,KS,Miami,CHD,6.5,35320
20121,KS,Miami,COPD,6.7,35320
20121,KS,Miami,DIABETES,10.8,35320
20121,KS,Miami,OBESITY,35.0,35320
20121,KS,Miami,STROKE,3.2,35320
20123,KS,Mitchell,ARTHRITIS,30.8,5719
20123,KS,Mitchell,BPHIGH,38.7,5719
20123,KS,Mitchell,CANCER,10.2,5719
20123,KS,Mitchell,CHD,8.2,5719
20123,KS,Mitchell,COPD,8.4,5719
20123,KS,Mitchell,DIABETES,12.8,5719
20123,KS,Mitchell,OBESITY,39.0,5719
20123,KS,Mitchell,STROKE,3.9,5719
20125,KS,Montgomery,ARTHRITIS,31.3,30568
20125,KS,Montgomery,BPHIGH,40.0,30568
20125,KS,Montgomery,CANCER,9.2,30568
20125,KS,Montgomery,CHD,8.4,30568
20125,KS,Montgomery,COPD,9.4,30568
20125,KS,Montgomery,DIABETES,13.8,30568
20125,KS,Montgomery,OBESITY,38.9,30568
20125,KS,Montgomery,STROKE,4.3,30568
20127,KS,Morris,ARTHRITIS,33.0,5334
20127,KS,Morris,BPHIGH,40.8,5334
20127,KS,Morris,CANCER,11.0,5334
20127,KS,Morris,CHD,8.8,5334
20127,KS,Morris,COPD,8.9,5334
20127,KS,Morris,DIABETES,13.5,5334
20127,KS,Morris,OBESITY,36.7,5334
20127,KS,Morris,STROKE,4.2,5334
20129,KS,Morton,ARTHRITIS,30.4,2580
20129,KS,Morton,BPHIGH,38.2,2580
20129,KS,Morton,CANCER,9.2,2580
20129,KS,Morton,CHD,8.3,2580
20129,KS,Morton,COPD,8.8,2580
20129,KS,Morton,DIABETES,14.0,2580
20129,KS,Morton,OBESITY,37.9,2580
20129,KS,Morton,STROKE,4.2,2580
20131,KS,Nemaha,ARTHRITIS,29.1,10114
20131,KS,Nemaha,BPHIGH,36.9,10114
20131,KS,Nemaha,CANCER,9.8,10114
20131,KS,Nemaha,CHD,7.5,10114
20131,KS,Nemaha,COPD,7.6,10114
20131,KS,Nemaha,DIABETES,11.4,10114
20131,KS,Nemaha,OBESITY,38.7,10114
20131,KS,Nemaha,STROKE,3.6,10114
20133,KS,Neosho,ARTHRITIS,29.5,15420
20133,KS,Neosho,BPHIGH,38.3,15420
20133,KS,Neosho,CANCER,9.4,15420
20133,KS,Neosho,CHD,8.1,15420
20133,KS,Neosho,COPD,8.9,15420
20133,KS,Neosho,DIABETES,13.1,15420
20133,KS,Neosho,OBESITY,39.5,15420
20133,KS,Neosho,STROKE,4.0,15420
20135,KS,Ness,ARTHRITIS,31.9,2618
20135,KS,Ness,BPHIGH,39.1,2618
20135,KS,Ness,CANCER,10.6,2618
20135,KS,Ness,CHD,8.5,2618
20135,KS,Ness,COPD,8.7,2618
20135,KS,Ness,DIABETES,13.2,2618
20135,KS,Ness,OBESITY,35.2,2618
20135,KS,Ness,STROKE,4.1,2618
20137,KS,Norton,ARTHRITIS,29.2,5330
20137,KS,Norton,BPHIGH,37.8,5330
20137,KS,Norton,CANCER,9.0,5330
20137,KS,Norton,CHD,8.0,5330
20137,KS,Norton,COPD,8.6,5330
20137,KS,Norton,DIABETES,12.7,5330
20137,KS,Norton,OBESITY,42.7,5330
20137,KS,Norton,STROKE,3.9,5330
20139,KS,Osage,ARTHRITIS,31.1,15824
20139,KS,Osage,BPHIGH,39.0,15824
20139,KS,Osage,CANCER,9.8,15824
20139,KS,Osage,CHD,7.8,15824
20139,KS,Osage,COPD,8.4,15824
20139,KS,Osage,DIABETES,12.5,15824
20139,KS,Osage,OBESITY,41.8,15824
20139,KS,Osage,STROKE,3.8,15824
20141,KS,Osborne,ARTHRITIS,33.0,3427
20141,KS,Osborne,BPHIGH,40.7,3427
20141,KS,Osborne,CANCER,11.2,3427
20141,KS,Osborne,CHD,9.4,3427
20141,KS,Osborne,COPD,9.3,3427
20141,KS,Osborne,DIABETES,14.0,3427
20141,KS,Osborne,OBESITY,38.8,3427
20141,KS,Osborne,STROKE,4.4,3427
20143,KS,Ottawa,ARTHRITIS,29.9,5818
20143,KS,Ottawa,BPHIGH,37.6,5818
20143,KS,Ottawa,CANCER,9.9,5818
20143,KS,Ottawa,CHD,7.8,5818
20143,KS,Ottawa,COPD,8.2,5818
20143,KS,Ottawa,DIABETES,12.2,5818
20143,KS,Ottawa,OBESITY,38.3,5818
20143,KS,Ottawa,STROKE,3.8,5818
20145,KS,Pawnee,ARTHRITIS,29.3,6126
20145,KS,Pawnee,BPHIGH,38.7,6126
20145,KS,Pawnee,CANCER,9.6,6126
20145,KS,Pawnee,CHD,8.0,6126
20145,KS,Pawnee,COPD,8.1,6126
20145,KS,Pawnee,DIABETES,12.7,6126
20145,KS,Pawnee,OBESITY,38.2,6126
20145,KS,Pawnee,STROKE,3.9,6126
20147,KS,Phillips,ARTHRITIS,33.2,4761
20147,KS,Phillips,BPHIGH,39.8,4761
20147,KS,Phillips,CANCER,10.7,4761
20147,KS,Phillips,CHD,8.9,4761
20147,KS,Phillips,COPD,9.3,4761
20147,KS,Phillips,DIABETES,13.6,4761
20147,KS,Phillips,OBESITY,40.5,4761
20147,KS,Phillips,STROKE,4.3,4761
20149,KS,Pottawatomie,ARTHRITIS,24.9,26382
20149,KS,Pottawatomie,BPHIGH,33.2,26382
20149,KS,Pottawatomie,CANCER,8.5,26382
20149,KS,Pottawatomie,CHD,5.9,26382
20149,KS,Pottawatomie,COPD,6.1,26382
20149,KS,Pottawatomie,DIABETES,9.7,26382
20149,KS,Pottawatomie,OBESITY,35.8,26382
20149,KS,Pottawatomie,STROKE,2.9,26382
20151,KS,Pratt,ARTHRITIS,28.3,9082
20151,KS,Pratt,BPHIGH,35.9,9082
20151,KS,Pratt,CANCER,9.3,9082
20151,KS,Pratt,CHD,7.6,9082
20151,KS,Pratt,COPD,7.7,9082
20151,KS,Pratt,DIABETES,12.1,9082
20151,KS,Pratt,OBESITY,36.5,9082
20151,KS,Pratt,STROKE,3.7,9082
20153,KS,Rawlins,ARTHRITIS,34.5,2463
20153,KS,Rawlins,BPHIGH,41.7,2463
20153,KS,Rawlins,CANCER,11.5,2463
20153,KS,Rawlins,CHD,9.9,2463
20153,KS,Rawlins,COPD,9.9,2463
20153,KS,Rawlins,DIABETES,14.7,2463
20153,KS,Rawlins,OBESITY,41.9,2463
20153,KS,Rawlins,STROKE,4.7,2463
20155,KS,Reno,ARTHRITIS,29.5,61497
20155,KS,Reno,BPHIGH,35.4,61497
20155,KS,Reno,CANCER,9.1,61497
20155,KS,Reno,CHD,7.9,61497
20155,KS,Reno,COPD,8.3,61497
20155,KS,Reno,DIABETES,13.2,61497
20155,KS,Reno,OBESITY,44.0,61497
20155,KS,Reno,STROKE,3.9,61497
20157,KS,Republic,ARTHRITIS,33.6,4627
20157,KS,Republic,BPHIGH,41.9,4627
20157,KS,Republic,CANCER,11.3,4627
20157,KS,Republic,CHD,9.6,4627
20157,KS,Republic,COPD,9.9,4627
20157,KS,Republic,DIABETES,14.3,4627
20157,KS,Republic,OBESITY,41.2,4627
20157,KS,Republic,STROKE,4.6,4627
20159,KS,Rice,ARTHRITIS,28.1,9260
20159,KS,Rice,BPHIGH,36.0,9260
20159,KS,Rice,CANCER,8.9,9260
20159,KS,Rice,CHD,7.1,9260
20159,KS,Rice,COPD,7.4,9260
20159,KS,Rice,DIABETES,11.9,9260
20159,KS,Rice,OBESITY,39.5,9260
20159,KS,Rice,STROKE,3.5,9260
20161,KS,Riley,ARTHRITIS,17.1,71402
20161,KS,Riley,BPHIGH,23.2,71402
20161,KS,Riley,CANCER,4.9,71402
20161,KS,Riley,CHD,4.3,71402
20161,KS,Riley,COPD,4.9,71402
20161,KS,Riley,DIABETES,7.2,71402
20161,KS,Riley,OBESITY,26.4,71402
20161,KS,Riley,STROKE,2.2,71402
20163,KS,Rooks,ARTHRITIS,31.4,4778
20163,KS,Rooks,BPHIGH,38.1,4778
20163,KS,Rooks,CANCER,10.3,4778
20163,KS,Rooks,CHD,7.8,4778
20163,KS,Rooks,COPD,8.2,4778
20163,KS,Rooks,DIABETES,12.3,4778
20163,KS,Rooks,OBESITY,40.6,4778
20163,KS,Rooks,STROKE,3.8,4778
20165,KS,Rush,ARTHRITIS,33.4,2830
20165,KS,Rush,BPHIGH,41.2,2830
20165,KS,Rush,CANCER,11.0,2830
20165,KS,Rush,CHD,9.1,2830
20165,KS,Rush,COPD,9.4,2830
20165,KS,Rush,DIABETES,13.9,2830
20165,KS,Rush,OBESITY,38.7,2830
20165,KS,Rush,STROKE,4.4,2830
20167,KS,Russell,ARTHRITIS,33.7,6723
20167,KS,Russell,BPHIGH,41.3,6723
20167,KS,Russell,CANCER,10.6,6723
20167,KS,Russell,CHD,9.2,6723
20167,KS,Russell,COPD,9.8,6723
20167,KS,Russell,DIABETES,13.9,6723
20167,KS,Russell,OBESITY,41.5,6723
20167,KS,Russell,STROKE,4.5,6723
20169,KS,Saline,ARTHRITIS,27.8,53098
20169,KS,Saline,BPHIGH,35.5,53098
20169,KS,Saline,CANCER,8.9,53098
20169,KS,Saline,CHD,7.3,53098
20169,KS,Saline,COPD,7.6,53098
20169,KS,Saline,DIABETES,12.1,53098
20169,KS,Saline,OBESITY,41.1,53098
20169,KS,Saline,STROKE,3.6,53098
20171,KS,Scott,ARTHRITIS,27.2,4922
20171,KS,Scott,BPHIGH,35.0,4922
20171,KS,Scott,CANCER,9.1,4922
20171,KS,Scott,CHD,7.1,4922
20171,KS,Scott,COPD,6.9,4922
20171,KS,Scott,DIABETES,11.4,4922
20171,KS,Scott,OBESITY,38.1,4922
20171,KS,Scott,STROKE,3.4,4922
20173,KS,Sedgwick,ARTHRITIS,24.9,528469
20173,KS,Sedgwick,BPHIGH,34.7,528469
20173,KS,Sedgwick,CANCER,7.6,528469
20173,KS,Sedgwick,CHD,6.5,528469
20173,KS,Sedgwick,COPD,7.1,528469
20173,KS,Sedgwick,DIABETES,12.0,528469
20173,KS,Sedgwick,OBESITY,38.6,528469
20173,KS,Sedgwick,STROKE,3.4,528469
20175,KS,Seward,ARTHRITIS,21.0,21067
20175,KS,Seward,BPHIGH,31.5,21067
20175,KS,Seward,CANCER,5.3,21067
20175,KS,Seward,CHD,6.0,21067
20175,KS,Seward,COPD,6.0,21067
20175,KS,Seward,DIABETES,13.4,21067
20175,KS,Seward,OBESITY,42.7,21067
20175,KS,Seward,STROKE,3.2,21067
20177,KS,Shawnee,ARTHRITIS,27.7,177746
20177,KS,Shawnee,BPHIGH,39.0,177746
20177,KS,Shawnee,CANCER,8.8,177746
20177,KS,Shawnee,CHD,7.1,177746
20177,KS,Shawnee,COPD,7.4,177746
20177,KS,Shawnee,DIABETES,12.5,177746
20177,KS,Shawnee,OBESITY,38.3,177746
20177,KS,Shawnee,STROKE,3.5,177746
20179,KS,Sheridan,ARTHRITIS,30.4,2423
20179,KS,Sheridan,BPHIGH,37.0,2423
20179,KS,Sheridan,CANCER,10.5,2423
20179,KS,Sheridan,CHD,7.8,2423
20179,KS,Sheridan,COPD,7.5,2423
20179,KS,Sheridan,DIABETES,11.8,2423
20179,KS,Sheridan,OBESITY,34.0,2423
20179,KS,Sheridan,STROKE,3.7,2423
20181,KS,Sherman,ARTHRITIS,28.3,5844
20181,KS,Sherman,BPHIGH,37.4,5844
20181,KS,Sherman,CANCER,9.3,5844
20181,KS,Sherman,CHD,7.7,5844
20181,KS,Sherman,COPD,7.8,5844
20181,KS,Sherman,DIABETES,12.3,5844
20181,KS,Sherman,OBESITY,38.2,5844
20181,KS,Sherman,STROKE,3.7,5844
20183,KS,Smith,ARTHRITIS,33.2,3590
20183,KS,Smith,BPHIGH,40.8,3590
20183,KS,Smith,CANCER,11.6,3590
20183,KS,Smith,CHD,9.0,3590
20183,KS,Smith,COPD,8.7,3590
20183,KS,Smith,DIABETES,13.3,3590
20183,KS,Smith,OBESITY,39.0,3590
20183,KS,Smith,STROKE,4.3,3590
20185,KS,Stafford,ARTHRITIS,30.8,3909
20185,KS,Stafford,BPHIGH,38.3,3909
20185,KS,Stafford,CANCER,9.9,3909
20185,KS,Stafford,CHD,8.1,3909
20185,KS,Stafford,COPD,8.4,3909
20185,KS,Stafford,DIABETES,13.1,3909
20185,KS,Stafford,OBESITY,41.0,3909
20185,KS,Stafford,STROKE,4.0,3909
20187,KS,Stanton,ARTHRITIS,27.7,1901
20187,KS,Stanton,BPHIGH,36.6,1901
20187,KS,Stanton,CANCER,8.0,1901
20187,KS,Stanton,CHD,8.1,1901
20187,KS,Stanton,COPD,8.3,1901
20187,KS,Stanton,DIABETES,14.7,1901
20187,KS,Stanton,OBESITY,39.5,1901
20187,KS,Stanton,STROKE,4.1,1901
20189,KS,Stevens,ARTHRITIS,28.1,5077
20189,KS,Stevens,BPHIGH,37.8,5077
20189,KS,Stevens,CANCER,7.9,5077
20189,KS,Stevens,CHD,8.4,5077
20189,KS,Stevens,COPD,9.1,5077
20189,KS,Stevens,DIABETES,14.9,5077
20189,KS,Stevens,OBESITY,41.3,5077
20189,KS,Stevens,STROKE,4.2,5077
20191,KS,Sumner,ARTHRITIS,29.7,22334
20191,KS,Sumner,BPHIGH,37.5,22334
20191,KS,Sumner,CANCER,9.3,22334
20191,KS,Sumner,CHD,7.7,22334
20191,KS,Sumner,COPD,8.3,22334
20191,KS,Sumner,DIABETES,12.4,22334
20191,KS,Sumner,OBESITY,39.9,22334
20191,KS,Sumner,STROKE,3.8,22334
20193,KS,Thomas,ARTHRITIS,25.8,7865
20193,KS,Thomas,BPHIGH,33.0,7865
20193,KS,Thomas,CANCER,8.8,7865
20193,KS,Thomas,CHD,6.4,7865
20193,KS,Thomas,COPD,6.5,7865
20193,KS,Thomas,DIABETES,10.2,7865
20193,KS,Thomas,OBESITY,35.0,7865
20193,KS,Thomas,STROKE,3.1,7865
20195,KS,Trego,ARTHRITIS,32.7,2731
20195,KS,Trego,BPHIGH,39.2,2731
20195,KS,Trego,CANCER,11.2,2731
20195,KS,Trego,CHD,8.0,2731
20195,KS,Trego,COPD,7.8,2731
20195,KS,Trego,DIABETES,12.3,2731
20195,KS,Trego,OBESITY,40.5,2731
20195,KS,Trego,STROKE,3.8,2731
20197,KS,Wabaunsee,ARTHRITIS,29.4,7057
20197,KS,Wabaunsee,BPHIGH,36.2,7057
20197,KS,Wabaunsee,CANCER,9.8,7057
20197,KS,Wabaunsee,CHD,7.3,7057
20197,KS,Wabaunsee,COPD,7.3,7057
20197,KS,Wabaunsee,DIABETES,11.5,7057
20197,KS,Wabaunsee,OBESITY,35.1,7057
20197,KS,Wabaunsee,STROKE,3.5,7057
20199,KS,Wallace,ARTHRITIS,32.7,1509
20199,KS,Wallace,BPHIGH,39.9,1509
20199,KS,Wallace,CANCER,10.7,1509
20199,KS,Wallace,CHD,8.9,1509
20199,KS,Wallace,COPD,9.0,1509
20199,KS,Wallace,DIABETES,13.7,1509
20199,KS,Wallace,OBESITY,36.6,1509
20199,KS,Wallace,STROKE,4.3,1509
20201,KS,Washington,ARTHRITIS,30.2,5504
20201,KS,Washington,BPHIGH,37.3,5504
20201,KS,Washington,CANCER,10.4,5504
20201,KS,Washington,CHD,7.9,5504
20201,KS,Washington,COPD,8.0,5504
20201,KS,Washington,DIABETES,11.9,5504
20201,KS,Washington,OBESITY,34.0,5504
20201,KS,Washington,STROKE,3.8,5504
20203,KS,Wichita,ARTHRITIS,29.8,2082
20203,KS,Wichita,BPHIGH,39.2,2082
20203,KS,Wichita,CANCER,9.2,2082
20203,KS,Wichita,CHD,8.8,2082
20203,KS,Wichita,COPD,8.6,2082
20203,KS,Wichita,DIABETES,14.5,2082
20203,KS,Wichita,OBESITY,41.7,2082
20203,KS,Wichita,STROKE,4.2,2082
20205,KS,Wilson,ARTHRITIS,32.3,8382
20205,KS,Wilson,BPHIGH,40.3,8382
20205,KS,Wilson,CANCER,10.1,8382
20205,KS,Wilson,CHD,8.8,8382
20205,KS,Wilson,COPD,9.6,8382
20205,KS,Wilson,DIABETES,13.8,8382
20205,KS,Wilson,OBESITY,39.8,8382
20205,KS,Wilson,STROKE,4.3,8382
20207,KS,Woodson,ARTHRITIS,32.7,3115
20207,KS,Woodson,BPHIGH,40.8,3115
20207,KS,Woodson,CANCER,10.7,3115
20207,KS,Woodson,CHD,8.9,3115
20207,KS,Woodson,COPD,9.4,3115
20207,KS,Woodson,DIABETES,13.6,3115
20207,KS,Woodson,OBESITY,39.6,3115
20207,KS,Woodson,STROKE,4.3,3115
20209,KS,Wyandotte,ARTHRITIS,23.4,165281
20209,KS,Wyandotte,BPHIGH,37.0,165281
20209,KS,Wyandotte,CANCER,5.8,165281
20209,KS,Wyandotte,CHD,6.7,165281
20209,KS,Wyandotte,COPD,7.4,165281
20209,KS,Wyandotte,DIABETES,14.5,165281
20209,KS,Wyandotte,OBESITY,40.7,165281
20209,KS,Wyandotte,STROKE,3.8,165281
22001,LA,Acadia,ARTHRITIS,33.0,56489
22001,LA,Acadia,BPHIGH,44.6,56489
22001,LA,Acadia,CANCER,8.1,56489
22001,LA,Acadia,CHD,8.7,56489
22001,LA,Acadia,COPD,11.2,56489
22001,LA,Acadia,DIABETES,16.5,56489
22001,LA,Acadia,OBESITY,41.8,56489
22001,LA,Acadia,STROKE,4.9,56489
22003,LA,Allen,ARTHRITIS,29.3,22112
22003,LA,Allen,BPHIGH,44.0,22112
22003,LA,Allen,CANCER,7.1,22112
22003,LA,Allen,CHD,8.0,22112
22003,LA,Allen,COPD,9.7,22112
22003,LA,Allen,DIABETES,15.3,22112
22003,LA,Allen,OBESITY,44.2,22112
22003,LA,Allen,STROKE,4.5,22112
22005,LA,Ascension,ARTHRITIS,27.3,131632
22005,LA,Ascension,BPHIGH,38.9,131632
22005,LA,Ascension,CANCER,7.1,131632
22005,LA,Ascension,CHD,5.9,131632
22005,LA,Ascension,COPD,6.6,131632
22005,LA,Ascension,DIABETES,12.2,131632
22005,LA,Ascension,OBESITY,35.5,131632
22005,LA,Ascension,STROKE,3.3,131632
22007,LA,Assumption,ARTHRITIS,33.0,20160
22007,LA,Assumption,BPHIGH,45.3,20160
22007,LA,Assumption,CANCER,8.4,20160
22007,LA,Assumption,CHD,8.9,20160
22007,LA,Assumption,COPD,10.5,20160
22007,LA,Assumption,DIABETES,16.7,20160
22007,LA,Assumption,OBESITY,38.4,20160
22007,LA,Assumption,STROKE,5.1,20160
22009,LA,Avoyelles,ARTHRITIS,33.5,38408
22009,LA,Avoyelles,BPHIGH,48.2,38408
22009,LA,Avoyelles,CANCER,7.9,38408
22009,LA,Avoyelles,CHD,9.6,38408
22009,LA,Avoyelles,COPD,12.0,38408
22009,LA,Avoyelles,DIABETES,17.7,38408
22009,LA,Avoyelles,OBESITY,43.0,38408
22009,LA,Avoyelles,STROKE,5.5,38408
22011,LA,Beauregard,ARTHRITIS,30.9,36827
22011,LA,Beauregard,BPHIGH,39.7,36827
22011,LA,Beauregard,CANCER,8.2,36827
22011,LA,Beauregard,CHD,7.5,36827
22011,LA,Beauregard,COPD,8.9,36827
22011,LA,Beauregard,DIABETES,13.4,36827
22011,LA,Beauregard,OBESITY,40.7,36827
22011,LA,Beauregard,STROKE,4.0,36827
22013,LA,Bienville,ARTHRITIS,37.8,12366
22013,LA,Bienville,BPHIGH,52.5,12366
22013,LA,Bienville,CANCER,8.3,12366
22013,LA,Bienville,CHD,11.1,12366
22013,LA,Bienville,COPD,13.4,12366
22013,LA,Bienville,DIABETES,22.1,12366
22013,LA,Bienville,OBESITY,47.5,12366
22013,LA,Bienville,STROKE,6.8,12366
22015,LA,Bossier,ARTHRITIS,27.8,129795
22015,LA,Bossier,BPHIGH,39.3,129795
22015,LA,Bossier,CANCER,7.5,129795
22015,LA,Bossier,CHD,6.7,129795
22015,LA,Bossier,COPD,7.6,129795
22015,LA,Bossier,DIABETES,13.2,129795
22015,LA,Bossier,OBESITY,40.9,129795
22015,LA,Bossier,STROKE,3.8,129795
22017,LA,Caddo,ARTHRITIS,32.5,226386
22017,LA,Caddo,BPHIGH,47.1,226386
22017,LA,Caddo,CANCER,7.5,226386
22017,LA,Caddo,CHD,8.4,226386
22017,LA,Caddo,COPD,9.4,226386
22017,LA,Caddo,DIABETES,17.2,226386
22017,LA,Caddo,OBESITY,42.2,226386
22017,LA,Caddo,STROKE,5.1,226386
22019,LA,Calcasieu,ARTHRITIS,29.9,203761
22019,LA,Calcasieu,BPHIGH,42.2,203761
22019,LA,Calcasieu,CANCER,7.8,203761
22019,LA,Calcasieu,CHD,7.2,203761
22019,LA,Calcasieu,COPD,8.1,203761
22019,LA,Calcasieu,DIABETES,14.2,203761
22019,LA,Calcasieu,OBESITY,43.0,203761
22019,LA,Calcasieu,STROKE,4.0,203761
22021,LA,Caldwell,ARTHRITIS,33.3,9389
22021,LA,Caldwell,BPHIGH,45.2,9389
22021,LA,Caldwell,CANCER,8.4,9389
22021,LA,Caldwell,CHD,9.4,9389
22021,LA,Caldwell,COPD,11.7,9389
22021,LA,Caldwell,DIABETES,16.7,9389
22021,LA,Caldwell,OBESITY,38.6,9389
22021,LA,Caldwell,STROKE,5.2,9389
22023,LA,Cameron,ARTHRITIS,31.9,4768
22023,LA,Cameron,BPHIGH,41.3,4768
22023,LA,Cameron,CANCER,9.5,4768
22023,LA,Cameron,CHD,8.0,4768
22023,LA,Cameron,COPD,8.8,4768
22023,LA,Cameron,DIABETES,13.3,4768
22023,LA,Cameron,OBESITY,36.4,4768
22023,LA,Cameron,STROKE,4.0,4768
22025,LA,Catahoula,ARTHRITIS,33.2,8414
22025,LA,Catahoula,BPHIGH,46.5,8414
22025,LA,Catahoula,CANCER,7.8,8414
22025,LA,Catahoula,CHD,9.3,8414
22025,LA,Catahoula,COPD,11.6,8414
22025,LA,Catahoula,DIABETES,17.7,8414
22025,LA,Catahoula,OBESITY,41.8,8414
22025,LA,Catahoula,STROKE,5.3,8414
22027,LA,Claiborne,ARTHRITIS,36.8,13670
22027,LA,Claiborne,BPHIGH,54.3,13670
22027,LA,Claiborne,CANCER,8.0,13670
22027,LA,Claiborne,CHD,11.6,13670
22027,LA,Claiborne,COPD,14.2,13670
22027,LA,Claiborne,DIABETES,22.8,13670
22027,LA,Claiborne,OBESITY,48.5,13670
22027,LA,Claiborne,STROKE,7.1,13670
22029,LA,Concordia,ARTHRITIS,35.0,17688
22029,LA,Concordia,BPHIGH,50.1,17688
22029,LA,Concordia,CANCER,7.9,17688
22029,LA,Concordia,CHD,10.1,17688
22029,LA,Concordia,COPD,12.4,17688
22029,LA,Concordia,DIABETES,19.8,17688
22029,LA,Concordia,OBESITY,45.6,17688
22029,LA,Concordia,STROKE,6.0,17688
22031,LA,De Soto,ARTHRITIS,33.7,27114
22031,LA,De Soto,BPHIGH,47.4,27114
22031,LA,De Soto,CANCER,8.1,27114
22031,LA,De Soto,CHD,8.9,27114
22031,LA,De Soto,COPD,10.5,27114
22031,LA,De Soto,DIABETES,17.8,27114
22031,LA,De Soto,OBESITY,44.4,27114
22031,LA,De Soto,STROKE,5.3,27114
22033,LA,East Baton Rouge,ARTHRITIS,26.7,448467
22033,LA,East Baton Rouge,BPHIGH,40.3,448467
22033,LA,East Baton Rouge,CANCER,6.5,448467
22033,LA,East Baton Rouge,CHD,6.3,448467
22033,LA,East Baton Rouge,COPD,6.8,448467
22033,LA,East Baton Rouge,DIABETES,13.9,448467
22033,LA,East Baton Rouge,OBESITY,35.3,448467
22033,LA,East Baton Rouge,STROKE,3.8,448467
22035,LA,East Carroll,ARTHRITIS,31.3,6829
22035,LA,East Carroll,BPHIGH,53.0,6829
22035,LA,East Carroll,CANCER,5.7,6829
22035,LA,East Carroll,CHD,10.1,6829
22035,LA,East Carroll,COPD,13.3,6829
22035,LA,East Carroll,DIABETES,22.0,6829
22035,LA,East Carroll,OBESITY,51.2,6829
22035,LA,East Carroll,STROKE,6.8,6829
22037,LA,East Feliciana,ARTHRITIS,31.4,19229
22037,LA,East Feliciana,BPHIGH,47.7,19229
22037,LA,East Feliciana,CANCER,7.8,19229
22037,LA,East Feliciana,CHD,8.1,19229
22037,LA,East Feliciana,COPD,8.6,19229
22037,LA,East Feliciana,DIABETES,16.1,19229
22037,LA,East Feliciana,OBESITY,42.2,19229
22037,LA,East Feliciana,STROKE,4.7,19229
22039,LA,Evangeline,ARTHRITIS,32.1,31754
22039,LA,Evangeline,BPHIGH,45.1,31754
22039,LA,Evangeline,CANCER,7.5,31754
22039,LA,Evangeline,CHD,8.8,31754
22039,LA,Evangeline,COPD,11.1,31754
22039,LA,Evangeline,DIABETES,16.8,31754
22039,LA,Evangeline,OBESITY,44.7,31754
22039,LA,Evangeline,STROKE,5.0,31754
22041,LA,Franklin,ARTHRITIS,34.8,19285
22041,LA,Franklin,BPHIGH,48.1,19285
22041,LA,Franklin,CANCER,8.4,19285
22041,LA,Franklin,CHD,9.9,19285
22041,LA,Franklin,COPD,12.5,19285
22041,LA,Franklin,DIABETES,18.4,19285
22041,LA,Franklin,OBESITY,42.0,19285
22041,LA,Franklin,STROKE,5.7,19285
22043,LA,Grant,ARTHRITIS,28.8,21911
22043,LA,Grant,BPHIGH,42.0,21911
22043,LA,Grant,CANCER,7.5,21911
22043,LA,Grant,CHD,7.5,21911
22043,LA,Grant,COPD,9.0,21911
22043,LA,Grant,DIABETES,13.7,21911
22043,LA,Grant,OBESITY,39.9,21911
22043,LA,Grant,STROKE,4.0,21911
22045,LA,Iberia,ARTHRITIS,31.7,67659
22045,LA,Iberia,BPHIGH,44.8,67659
22045,LA,Iberia,CANCER,7.5,67659
22045,LA,Iberia,CHD,8.5,67659
22045,LA,Iberia,COPD,10.4,67659
22045,LA,Iberia,DIABETES,17.1,67659
22045,LA,Iberia,OBESITY,42.5,67659
22045,LA,Iberia,STROKE,4.9,67659
22047,LA,Iberville,ARTHRITIS,30.6,29617
22047,LA,Iberville,BPHIGH,44.4,29617
22047,LA,Iberville,CANCER,7.1,29617
22047,LA,Iberville,CHD,7.8,29617
22047,LA,Iberville,COPD,8.9,29617
22047,LA,Iberville,DIABETES,16.5,29617
22047,LA,Iberville,OBESITY,43.0,29617
22047,LA,Iberville,STROKE,4.7,29617
22049,LA,Jackson,ARTHRITIS,33.8,14746
22049,LA,Jackson,BPHIGH,47.9,14746
22049,LA,Jackson,CANCER,8.7,14746
22049,LA,Jackson,CHD,9.6,14746
22049,LA,Jackson,COPD,11.2,14746
22049,LA,Jackson,DIABETES,17.7,14746
22049,LA,Jackson,OBESITY,44.9,14746
22049,LA,Jackson,STROKE,5.4,14746
22051,LA,Jefferson,ARTHRITIS,29.7,421777
22051,LA,Jefferson,BPHIGH,42.7,421777
22051,LA,Jefferson,CANCER,7.8,421777
22051,LA,Jefferson,CHD,7.5,421777
22051,LA,Jefferson,COPD,7.7,421777
22051,LA,Jefferson,DIABETES,16.2,421777
22051,LA,Jefferson,OBESITY,41.6,421777
22051,LA,Jefferson,STROKE,4.1,421777
22053,LA,Jefferson Davis,ARTHRITIS,30.9,31553
22053,LA,Jefferson Davis,BPHIGH,42.8,31553
22053,LA,Jefferson Davis,CANCER,8.4,31553
22053,LA,Jefferson Davis,CHD,8.1,31553
22053,LA,Jefferson Davis,COPD,9.9,31553
22053,LA,Jefferson Davis,DIABETES,14.8,31553
22053,LA,Jefferson Davis,OBESITY,42.7,31553
22053,LA,Jefferson Davis,STROKE,4.4,31553
22055,LA,Lafayette,ARTHRITIS,26.3,249750
22055,LA,Lafayette,BPHIGH,39.1,249750
22055,LA,Lafayette,CANCER,7.4,249750
22055,LA,Lafayette,CHD,6.5,249750
22055,LA,Lafayette,COPD,7.2,249750
22055,LA,Lafayette,DIABETES,13.0,249750
22055,LA,Lafayette,OBESITY,34.5,249750
22055,LA,Lafayette,STROKE,3.6,249750
22057,LA,Lafourche,ARTHRITIS,31.6,95056
22057,LA,Lafourche,BPHIGH,43.1,95056
22057,LA,Lafourche,CANCER,8.1,95056
22057,LA,Lafourche,CHD,7.9,95056
22057,LA,Lafourche,COPD,9.5,95056
22057,LA,Lafourche,DIABETES,14.7,95056
22057,LA,Lafourche,OBESITY,47.2,95056
22057,LA,Lafourche,STROKE,4.2,95056
22059,LA,LaSalle,ARTHRITIS,27.4,14800
22059,LA,LaSalle,BPHIGH,38.4,14800
22059,LA,LaSalle,CANCER,7.5,14800
22059,LA,LaSalle,CHD,7.0,14800
22059,LA,LaSalle,COPD,8.4,14800
22059,LA,LaSalle,DIABETES,13.1,14800
22059,LA,LaSalle,OBESITY,38.6,14800
22059,LA,LaSalle,STROKE,3.8,14800
22061,LA,Lincoln,ARTHRITIS,25.5,47962
22061,LA,Lincoln,BPHIGH,38.9,47962
22061,LA,Lincoln,CANCER,6.1,47962
22061,LA,Lincoln,CHD,6.7,47962
22061,LA,Lincoln,COPD,8.0,47962
22061,LA,Lincoln,DIABETES,13.5,47962
22061,LA,Lincoln,OBESITY,42.6,47962
22061,LA,Lincoln,STROKE,4.0,47962
22063,LA,Livingston,ARTHRITIS,28.4,150145
22063,LA,Livingston,BPHIGH,40.1,150145
22063,LA,Livingston,CANCER,7.8,150145
22063,LA,Livingston,CHD,6.6,150145
22063,LA,Livingston,COPD,7.8,150145
22063,LA,Livingston,DIABETES,12.7,150145
22063,LA,Livingston,OBESITY,38.9,150145
22063,LA,Livingston,STROKE,3.4,150145
22065,LA,Madison,ARTHRITIS,35.2,9246
22065,LA,Madison,BPHIGH,53.4,9246
22065,LA,Madison,CANCER,6.8,9246
22065,LA,Madison,CHD,10.5,9246
22065,LA,Madison,COPD,13.5,9246
22065,LA,Madison,DIABETES,22.6,9246
22065,LA,Madison,OBESITY,49.9,9246
22065,LA,Madison,STROKE,7.0,9246
22067,LA,Morehouse,ARTHRITIS,35.7,23955
22067,LA,Morehouse,BPHIGH,52.6,23955
22067,LA,Morehouse,CANCER,7.8,23955
22067,LA,Morehouse,CHD,10.0,23955
22067,LA,Morehouse,COPD,12.3,23955
22067,LA,Morehouse,DIABETES,20.3,23955
22067,LA,Morehouse,OBESITY,44.8,23955
22067,LA,Morehouse,STROKE,6.2,23955
22069,LA,Natchitoches,ARTHRITIS,30.1,36291
22069,LA,Natchitoches,BPHIGH,43.6,36291
22069,LA,Natchitoches,CANCER,7.0,36291
22069,LA,Natchitoches,CHD,7.7,36291
22069,LA,Natchitoches,COPD,9.0,36291
22069,LA,Natchitoches,DIABETES,15.5,36291
22069,LA,Natchitoches,OBESITY,40.1,36291
22069,LA,Natchitoches,STROKE,4.6,36291
22071,LA,Orleans,ARTHRITIS,27.5,364136
22071,LA,Orleans,BPHIGH,41.9,364136
22071,LA,Orleans,CANCER,6.3,364136
22071,LA,Orleans,CHD,7.0,364136
22071,LA,Orleans,COPD,7.3,364136
22071,LA,Orleans,DIABETES,16.2,364136
22071,LA,Orleans,OBESITY,34.4,364136
22071,LA,Orleans,STROKE,4.5,364136
22073,LA,Ouachita,ARTHRITIS,30.9,157568
22073,LA,Ouachita,BPHIGH,44.6,157568
22073,LA,Ouachita,CANCER,7.4,157568
22073,LA,Ouachita,CHD,7.5,157568
22073,LA,Ouachita,COPD,8.8,157568
22073,LA,Ouachita,DIABETES,15.4,157568
22073,LA,Ouachita,OBESITY,43.9,157568
22073,LA,Ouachita,STROKE,4.4,157568
22075,LA,Plaquemines,ARTHRITIS,27.9,22386
22075,LA,Plaquemines,BPHIGH,40.0,22386
22075,LA,Plaquemines,CANCER,7.3,22386
22075,LA,Plaquemines,CHD,6.8,22386
22075,LA,Plaquemines,COPD,7.6,22386
22075,LA,Plaquemines,DIABETES,13.8,22386
22075,LA,Plaquemines,OBESITY,38.7,22386
22075,LA,Plaquemines,STROKE,3.8,22386
22077,LA,Pointe Coupee,ARTHRITIS,34.2,20000
22077,LA,Pointe Coupee,BPHIGH,47.5,20000
22077,LA,Pointe Coupee,CANCER,8.9,20000
22077,LA,Pointe Coupee,CHD,9.1,20000
22077,LA,Pointe Coupee,COPD,10.2,20000
22077,LA,Pointe Coupee,DIABETES,17.1,20000
22077,LA,Pointe Coupee,OBESITY,39.9,20000
22077,LA,Pointe Coupee,STROKE,5.2,20000
22079,LA,Rapides,ARTHRITIS,32.7,126260
22079,LA,Rapides,BPHIGH,43.8,126260
22079,LA,Rapides,CANCER,7.8,126260
22079,LA,Rapides,CHD,7.9,126260
22079,LA,Rapides,COPD,9.2,126260
22079,LA,Rapides,DIABETES,15.6,126260
22079,LA,Rapides,OBESITY,40.7,126260
22079,LA,Rapides,STROKE,4.5,126260
22081,LA,Red River,ARTHRITIS,35.0,7356
22081,LA,Red River,BPHIGH,49.7,7356
22081,LA,Red River,CANCER,8.1,7356
22081,LA,Red River,CHD,9.9,7356
22081,LA,Red River,COPD,12.3,7356
22081,LA,Red River,DIABETES,19.8,7356
22081,LA,Red River,OBESITY,43.9,7356
22081,LA,Red River,STROKE,6.0,7356
22083,LA,Richland,ARTHRITIS,33.2,19712
22083,LA,Richland,BPHIGH,46.7,19712
22083,LA,Richland,CANCER,7.9,19712
22083,LA,Richland,CHD,9.0,19712
22083,LA,Richland,COPD,11.0,19712
22083,LA,Richland,DIABETES,17.7,19712
22083,LA,Richland,OBESITY,43.1,19712
22083,LA,Richland,STROKE,5.3,19712
22085,LA,Sabine,ARTHRITIS,35.3,21906
22085,LA,Sabine,BPHIGH,47.1,21906
22085,LA,Sabine,CANCER,9.1,21906
22085,LA,Sabine,CHD,9.9,21906
22085,LA,Sabine,COPD,11.5,21906
22085,LA,Sabine,DIABETES,17.9,21906
22085,LA,Sabine,OBESITY,44.7,21906
22085,LA,Sabine,STROKE,5.3,21906
22087,LA,St. Bernard,ARTHRITIS,29.4,44463
22087,LA,St. Bernard,BPHIGH,42.0,44463
22087,LA,St. Bernard,CANCER,6.8,44463
22087,LA,St. Bernard,CHD,7.4,44463
22087,LA,St. Bernard,COPD,9.1,44463
22087,LA,St. Bernard,DIABETES,15.3,44463
22087,LA,St. Bernard,OBESITY,42.8,44463
22087,LA,St. Bernard,STROKE,4.2,44463
22089,LA,St. Charles,ARTHRITIS,28.5,50620
22089,LA,St. Charles,BPHIGH,41.2,50620
22089,LA,St. Charles,CANCER,7.7,50620
22089,LA,St. Charles,CHD,6.5,50620
22089,LA,St. Charles,COPD,7.1,50620
22089,LA,St. Charles,DIABETES,13.2,50620
22089,LA,St. Charles,OBESITY,37.7,50620
22089,LA,St. Charles,STROKE,3.6,50620
22091,LA,St. Helena,ARTHRITIS,34.6,10774
22091,LA,St. Helena,BPHIGH,49.3,10774
22091,LA,St. Helena,CANCER,7.8,10774
22091,LA,St. Helena,CHD,9.8,10774
22091,LA,St. Helena,COPD,11.5,10774
22091,LA,St. Helena,DIABETES,19.8,10774
22091,LA,St. Helena,OBESITY,42.7,10774
22091,LA,St. Helena,STROKE,6.1,10774
22093,LA,St. James,ARTHRITIS,31.9,19191
22093,LA,St. James,BPHIGH,46.0,19191
22093,LA,St. James,CANCER,7.9,19191
22093,LA,St. James,CHD,7.8,19191
22093,LA,St. James,COPD,8.3,19191
22093,LA,St. James,DIABETES,16.5,19191
22093,LA,St. James,OBESITY,43.7,19191
22093,LA,St. James,STROKE,4.8,19191
22095,LA,St. John the Baptist,ARTHRITIS,29.3,39592
22095,LA,St. John the Baptist,BPHIGH,46.4,39592
22095,LA,St. John the Baptist,CANCER,6.5,39592
22095,LA,St. John the Baptist,CHD,7.2,39592
22095,LA,St. John the Baptist,COPD,7.8,39592
22095,LA,St. John the Baptist,DIABETES,17.2,39592
22095,LA,St. John the Baptist,OBESITY,41.8,39592
22095,LA,St. John the Baptist,STROKE,4.6,39592
22097,LA,St. Landry,ARTHRITIS,32.8,81464
22097,LA,St. Landry,BPHIGH,47.3,81464
22097,LA,St. Landry,CANCER,7.4,81464
22097,LA,St. Landry,CHD,9.0,81464
22097,LA,St. Landry,COPD,11.2,81464
22097,LA,St. Landry,DIABETES,18.2,81464
22097,LA,St. Landry,OBESITY,40.4,81464
22097,LA,St. Landry,STROKE,5.5,81464
22099,LA,St. Martin,ARTHRITIS,31.6,51057
22099,LA,St. Martin,BPHIGH,43.7,51057
22099,LA,St. Martin,CANCER,7.9,51057
22099,LA,St. Martin,CHD,8.0,51057
22099,LA,St. Martin,COPD,9.7,51057
22099,LA,St. Martin,DIABETES,15.5,51057
22099,LA,St. Martin,OBESITY,45.3,51057
22099,LA,St. Martin,STROKE,4.6,51057
22101,LA,St. Mary,ARTHRITIS,33.6,47055
22101,LA,St. Mary,BPHIGH,47.4,47055
22101,LA,St. Mary,CANCER,8.0,47055
22101,LA,St. Mary,CHD,9.2,47055
22101,LA,St. Mary,COPD,10.8,47055
22101,LA,St. Mary,DIABETES,18.1,47055
22101,LA,St. Mary,OBESITY,45.0,47055
22101,LA,St. Mary,STROKE,5.4,47055
22103,LA,St. Tammany,ARTHRITIS,28.1,275583
22103,LA,St. Tammany,BPHIGH,38.9,275583
22103,LA,St. Tammany,CANCER,8.9,275583
22103,LA,St. Tammany,CHD,7.0,275583
22103,LA,St. Tammany,COPD,7.2,275583
22103,LA,St. Tammany,DIABETES,13.3,275583
22103,LA,St. Tammany,OBESITY,37.4,275583
22103,LA,St. Tammany,STROKE,3.6,275583
22105,LA,Tangipahoa,ARTHRITIS,29.9,138064
22105,LA,Tangipahoa,BPHIGH,40.7,138064
22105,LA,Tangipahoa,CANCER,7.2,138064
22105,LA,Tangipahoa,CHD,7.3,138064
22105,LA,Tangipahoa,COPD,8.7,138064
22105,LA,Tangipahoa,DIABETES,14.6,138064
22105,LA,Tangipahoa,OBESITY,43.0,138064
22105,LA,Tangipahoa,STROKE,4.1,138064
22107,LA,Tensas,ARTHRITIS,40.4,3764
22107,LA,Tensas,BPHIGH,57.3,3764
22107,LA,Tensas,CANCER,9.0,3764
22107,LA,Tensas,CHD,12.8,3764
22107,LA,Tensas,COPD,14.6,3764
22107,LA,Tensas,DIABETES,25.1,3764
22107,LA,Tensas,OBESITY,48.4,3764
22107,LA,Tensas,STROKE,7.9,3764
22109,LA,Terrebonne,ARTHRITIS,30.9,103616
22109,LA,Terrebonne,BPHIGH,41.4,103616
22109,LA,Terrebonne,CANCER,7.8,103616
22109,LA,Terrebonne,CHD,7.7,103616
22109,LA,Terrebonne,COPD,9.0,103616
22109,LA,Terrebonne,DIABETES,15.2,103616
22109,LA,Terrebonne,OBESITY,41.3,103616
22109,LA,Terrebonne,STROKE,4.2,103616
22111,LA,Union,ARTHRITIS,35.8,20650
22111,LA,Union,BPHIGH,48.4,20650
22111,LA,Union,CANCER,9.4,20650
22111,LA,Union,CHD,10.2,20650
22111,LA,Union,COPD,11.9,20650
22111,LA,Union,DIABETES,18.4,20650
22111,LA,Union,OBESITY,37.0,20650
22111,LA,Union,STROKE,5.6,20650
22113,LA,Vermilion,ARTHRITIS,31.6,56992
22113,LA,Vermilion,BPHIGH,42.5,56992
22113,LA,Vermilion,CANCER,8.1,56992
22113,LA,Vermilion,CHD,8.1,56992
22113,LA,Vermilion,COPD,10.0,56992
22113,LA,Vermilion,DIABETES,15.0,56992
22113,LA,Vermilion,OBESITY,42.8,56992
22113,LA,Vermilion,STROKE,4.4,56992
22115,LA,Vernon,ARTHRITIS,27.3,46250
22115,LA,Vernon,BPHIGH,38.8,46250
22115,LA,Vernon,CANCER,7.0,46250
22115,LA,Vernon,CHD,6.8,46250
22115,LA,Vernon,COPD,8.1,46250
22115,LA,Vernon,DIABETES,12.5,46250
22115,LA,Vernon,OBESITY,38.5,46250
22115,LA,Vernon,STROKE,3.7,46250
22117,LA,Washington,ARTHRITIS,34.1,44865
22117,LA,Washington,BPHIGH,46.9,44865
22117,LA,Washington,CANCER,8.1,44865
22117,LA,Washington,CHD,9.3,44865
22117,LA,Washington,COPD,11.3,44865
22117,LA,Washington,DIABETES,17.8,44865
22117,LA,Washington,OBESITY,45.5,44865
22117,LA,Washington,STROKE,5.3,44865
22119,LA,Webster,ARTHRITIS,35.1,35238
22119,LA,Webster,BPHIGH,49.4,35238
22119,LA,Webster,CANCER,8.5,35238
22119,LA,Webster,CHD,10.2,35238
22119,LA,Webster,COPD,12.6,35238
22119,LA,Webster,DIABETES,19.5,35238
22119,LA,Webster,OBESITY,44.6,35238
22119,LA,Webster,STROKE,6.0,35238
22121,LA,West Baton Rouge,ARTHRITIS,28.4,28266
22121,LA,West Baton Rouge,BPHIGH,42.6,28266
22121,LA,West Baton Rouge,CANCER,7.0,28266
22121,LA,West Baton Rouge,CHD,6.5,28266
22121,LA,West Baton Rouge,COPD,7.2,28266
22121,LA,West Baton Rouge,DIABETES,14.0,28266
22121,LA,West Baton Rouge,OBESITY,41.6,28266
22121,LA,West Baton Rouge,STROKE,3.9,28266
22123,LA,West Carroll,ARTHRITIS,34.3,9323
22123,LA,West Carroll,BPHIGH,45.6,9323
22123,LA,West Carroll,CANCER,9.4,9323
22123,LA,West Carroll,CHD,9.4,9323
22123,LA,West Carroll,COPD,11.1,9323
22123,LA,West Carroll,DIABETES,16.5,9323
22123,LA,West Carroll,OBESITY,40.1,9323
22123,LA,West Carroll,STROKE,5.1,9323
22125,LA,West Feliciana,ARTHRITIS,27.2,15371
22125,LA,West Feliciana,BPHIGH,44.4,15371
22125,LA,West Feliciana,CANCER,7.0,15371
22125,LA,West Feliciana,CHD,6.9,15371
22125,LA,West Feliciana,COPD,6.9,15371
22125,LA,West Feliciana,DIABETES,14.6,15371
22125,LA,West Feliciana,OBESITY,40.7,15371
22125,LA,West Feliciana,STROKE,4.0,15371
22127,LA,Winn,ARTHRITIS,32.0,13216
22127,LA,Winn,BPHIGH,46.6,13216
22127,LA,Winn,CANCER,8.0,13216
22127,LA,Winn,CHD,8.9,13216
22127,LA,Winn,COPD,10.3,13216
22127,LA,Winn,DIABETES,17.1,13216
22127,LA,Winn,OBESITY,45.9,13216
22127,LA,Winn,STROKE,5.0,13216
23001,ME,Androscoggin,ARTHRITIS,32.0,113765
23001,ME,Androscoggin,BPHIGH,33.5,113765
23001,ME,Androscoggin,CANCER,8.8,113765
23001,ME,Androscoggin,CHD,7.5,113765
23001,ME,Androscoggin,COPD,8.9,113765
23001,ME,Androscoggin,DIABETES,12.1,113765
23001,ME,Androscoggin,OBESITY,35.8,113765
23001,ME,Androscoggin,STROKE,3.7,113765
23003,ME,Aroostook,ARTHRITIS,36.7,67351
23003,ME,Aroostook,BPHIGH,43.3,67351
23003,ME,Aroostook,CANCER,10.5,67351
23003,ME,Aroostook,CHD,9.5,67351
23003,ME,Aroostook,COPD,11.0,67351
23003,ME,Aroostook,DIABETES,14.8,67351
23003,ME,Aroostook,OBESITY,40.0,67351
23003,ME,Aroostook,STROKE,4.5,67351
23005,ME,Cumberland,ARTHRITIS,27.2,310230
23005,ME,Cumberland,BPHIGH,32.1,310230
23005,ME,Cumberland,CANCER,9.4,310230
23005,ME,Cumberland,CHD,6.0,310230
23005,ME,Cumberland,COPD,6.1,310230
23005,ME,Cumberland,DIABETES,8.9,310230
23005,ME,Cumberland,OBESITY,26.7,310230
23005,ME,Cumberland,STROKE,2.9,310230
23007,ME,Franklin,ARTHRITIS,32.6,30828
23007,ME,Franklin,BPHIGH,36.6,30828
23007,ME,Franklin,CANCER,9.9,30828
23007,ME,Franklin,CHD,8.3,30828
23007,ME,Franklin,COPD,9.2,30828
23007,ME,Franklin,DIABETES,11.3,30828
23007,ME,Franklin,OBESITY,34.6,30828
23007,ME,Franklin,STROKE,3.9,30828
23009,ME,Hancock,ARTHRITIS,32.9,56526
23009,ME,Hancock,BPHIGH,35.8,56526
23009,ME,Hancock,CANCER,11.0,56526
23009,ME,Hancock,CHD,7.9,56526
23009,ME,Hancock,COPD,8.3,56526
23009,ME,Hancock,DIABETES,11.2,56526
23009,ME,Hancock,OBESITY,29.4,56526
23009,ME,Hancock,STROKE,3.8,56526
23011,ME,Kennebec,ARTHRITIS,32.8,127259
23011,ME,Kennebec,BPHIGH,34.6,127259
23011,ME,Kennebec,CANCER,9.3,127259
23011,ME,Kennebec,CHD,7.6,127259
23011,ME,Kennebec,COPD,8.9,127259
23011,ME,Kennebec,DIABETES,11.8,127259
23011,ME,Kennebec,OBESITY,32.5,127259
23011,ME,Kennebec,STROKE,3.6,127259
23013,ME,Knox,ARTHRITIS,34.5,40977
23013,ME,Knox,BPHIGH,36.2,40977
23013,ME,Knox,CANCER,10.9,40977
23013,ME,Knox,CHD,8.1,40977
23013,ME,Knox,COPD,8.6,40977
23013,ME,Knox,DIABETES,11.2,40977
23013,ME,Knox,OBESITY,28.8,40977
23013,ME,Knox,STROKE,3.9,40977
23015,ME,Lincoln,ARTHRITIS,37.2,36507
23015,ME,Lincoln,BPHIGH,38.8,36507
23015,ME,Lincoln,CANCER,11.9,36507
23015,ME,Lincoln,CHD,8.4,36507
23015,ME,Lincoln,COPD,8.6,36507
23015,ME,Lincoln,DIABETES,11.8,36507
23015,ME,Lincoln,OBESITY,30.9,36507
23015,ME,Lincoln,STROKE,3.9,36507
23017,ME,Oxford,ARTHRITIS,35.6,59905
23017,ME,Oxford,BPHIGH,38.1,59905
23017,ME,Oxford,CANCER,10.4,59905
23017,ME,Oxford,CHD,9.0,59905
23017,ME,Oxford,COPD,10.7,59905
23017,ME,Oxford,DIABETES,13.7,59905
23017,ME,Oxford,OBESITY,35.0,59905
23017,ME,Oxford,STROKE,4.4,59905
23019,ME,Penobscot,ARTHRITIS,31.6,155312
23019,ME,Penobscot,BPHIGH,37.2,155312
23019,ME,Penobscot,CANCER,9.5,155312
23019,ME,Penobscot,CHD,7.7,155312
23019,ME,Penobscot,COPD,8.6,155312
23019,ME,Penobscot,DIABETES,11.5,155312
23019,ME,Penobscot,OBESITY,38.0,155312
23019,ME,Penobscot,STROKE,3.6,155312
23021,ME,Piscataquis,ARTHRITIS,37.4,17486
23021,ME,Piscataquis,BPHIGH,40.5,17486
23021,ME,Piscataquis,CANCER,10.9,17486
23021,ME,Piscataquis,CHD,10.1,17486
23021,ME,Piscataquis,COPD,11.2,17486
23021,ME,Piscataquis,DIABETES,13.8,17486
23021,ME,Piscataquis,OBESITY,34.6,17486
23021,ME,Piscataquis,STROKE,4.7,17486
23023,ME,Sagadahoc,ARTHRITIS,33.2,37513
23023,ME,Sagadahoc,BPHIGH,35.0,37513
23023,ME,Sagadahoc,CANCER,10.5,37513
23023,ME,Sagadahoc,CHD,7.7,37513
23023,ME,Sagadahoc,COPD,8.1,37513
23023,ME,Sagadahoc,DIABETES,10.8,37513
23023,ME,Sagadahoc,OBESITY,29.6,37513
23023,ME,Sagadahoc,STROKE,3.6,37513
23025,ME,Somerset,ARTHRITIS,35.6,51302
23025,ME,Somerset,BPHIGH,39.3,51302
23025,ME,Somerset,CANCER,9.9,51302
23025,ME,Somerset,CHD,9.3,51302
23025,ME,Somerset,COPD,11.3,51302
23025,ME,Somerset,DIABETES,13.9,51302
23025,ME,Somerset,OBESITY,37.2,51302
23025,ME,Somerset,STROKE,4.4,51302
23027,ME,Waldo,ARTHRITIS,34.3,40620
23027,ME,Waldo,BPHIGH,36.1,40620
23027,ME,Waldo,CANCER,10.6,40620
23027,ME,Waldo,CHD,8.2,40620
23027,ME,Waldo,COPD,8.9,40620
23027,ME,Waldo,DIABETES,11.7,40620
23027,ME,Waldo,OBESITY,34.3,40620
23027,ME,Waldo,STROKE,3.8,40620
23029,ME,Washington,ARTHRITIS,39.7,31555
23029,ME,Washington,BPHIGH,43.1,31555
23029,ME,Washington,CANCER,10.8,31555
23029,ME,Washington,CHD,9.8,31555
23029,ME,Washington,COPD,11.3,31555
23029,ME,Washington,DIABETES,14.9,31555
23029,ME,Washington,OBESITY,39.8,31555
23029,ME,Washington,STROKE,4.6,31555
23031,ME,York,ARTHRITIS,31.4,218586
23031,ME,York,BPHIGH,35.3,218586
23031,ME,York,CANCER,10.5,218586
23031,ME,York,CHD,7.2,218586
23031,ME,York,COPD,7.8,218586
23031,ME,York,DIABETES,10.4,218586
23031,ME,York,OBESITY,33.1,218586
23031,ME,York,STROKE,3.4,218586
24001,MD,Allegany,ARTHRITIS,31.9,67273
24001,MD,Allegany,BPHIGH,39.6,67273
24001,MD,Allegany,CANCER,9.4,67273
24001,MD,Allegany,CHD,7.9,67273
24001,MD,Allegany,COPD,9.7,67273
24001,MD,Allegany,DIABETES,13.3,67273
24001,MD,Allegany,OBESITY,36.6,67273
24001,MD,Allegany,STROKE,4.2,67273
24003,MD,Anne Arundel,ARTHRITIS,25.2,594582
24003,MD,Anne Arundel,BPHIGH,34.5,594582
24003,MD,Anne Arundel,CANCER,8.5,594582
24003,MD,Anne Arundel,CHD,5.3,594582
24003,MD,Anne Arundel,COPD,5.2,594582
24003,MD,Anne Arundel,DIABETES,10.4,594582
24003,MD,Anne Arundel,OBESITY,34.5,594582
24003,MD,Anne Arundel,STROKE,2.9,594582
24005,MD,Baltimore,ARTHRITIS,27.5,844703
24005,MD,Baltimore,BPHIGH,36.7,844703
24005,MD,Baltimore,CANCER,8.0,844703
24005,MD,Baltimore,CHD,6.2,844703
24005,MD,Baltimore,COPD,6.5,844703
24005,MD,Baltimore,DIABETES,13.1,844703
24005,MD,Baltimore,OBESITY,34.0,844703
24005,MD,Baltimore,STROKE,3.5,844703
24009,MD,Calvert,ARTHRITIS,27.9,94728
24009,MD,Calvert,BPHIGH,36.9,94728
24009,MD,Calvert,CANCER,8.9,94728
24009,MD,Calvert,CHD,5.5,94728
24009,MD,Calvert,COPD,5.9,94728
24009,MD,Calvert,DIABETES,10.9,94728
24009,MD,Calvert,OBESITY,36.3,94728
24009,MD,Calvert,STROKE,3.0,94728
24011,MD,Caroline,ARTHRITIS,32.7,33593
24011,MD,Caroline,BPHIGH,41.3,33593
24011,MD,Caroline,CANCER,8.9,33593
24011,MD,Caroline,CHD,7.7,33593
24011,MD,Caroline,COPD,9.5,33593
24011,MD,Caroline,DIABETES,14.2,33593
24011,MD,Caroline,OBESITY,41.7,33593
24011,MD,Caroline,STROKE,4.3,33593
24013,MD,Carroll,ARTHRITIS,27.7,176639
24013,MD,Carroll,BPHIGH,34.4,176639
24013,MD,Carroll,CANCER,9.7,176639
24013,MD,Carroll,CHD,6.0,176639
24013,MD,Carroll,COPD,5.9,176639
24013,MD,Carroll,DIABETES,10.3,176639
24013,MD,Carroll,OBESITY,37.7,176639
24013,MD,Carroll,STROKE,2.9,176639
24015,MD,Cecil,ARTHRITIS,29.4,105672
24015,MD,Cecil,BPHIGH,39.2,105672
24015,MD,Cecil,CANCER,9.0,105672
24015,MD,Cecil,CHD,6.6,105672
24015,MD,Cecil,COPD,7.7,105672
24015,MD,Cecil,DIABETES,13.2,105672
24015,MD,Cecil,OBESITY,41.3,105672
24015,MD,Cecil,STROKE,3.5,105672
24017,MD,Charles,ARTHRITIS,25.6,171973
24017,MD,Charles,BPHIGH,41.4,171973
24017,MD,Charles,CANCER,6.7,171973
24017,MD,Charles,CHD,5.2,171973
24017,MD,Charles,COPD,5.5,171973
24017,MD,Charles,DIABETES,13.4,171973
24017,MD,Charles,OBESITY,41.9,171973
24017,MD,Charles,STROKE,3.4,171973
24019,MD,Dorchester,ARTHRITIS,35.4,32879
24019,MD,Dorchester,BPHIGH,44.2,32879
24019,MD,Dorchester,CANCER,9.6,32879
24019,MD,Dorchester,CHD,8.7,32879
24019,MD,Dorchester,COPD,9.9,32879
24019,MD,Dorchester,DIABETES,16.6,32879
24019,MD,Dorchester,OBESITY,41.8,32879
24019,MD,Dorchester,STROKE,4.9,32879
24021,MD,Frederick,ARTHRITIS,25.3,293391
24021,MD,Frederick,BPHIGH,33.9,293391
24021,MD,Frederick,CANCER,8.4,293391
24021,MD,Frederick,CHD,5.4,293391
24021,MD,Frederick,COPD,5.1,293391
24021,MD,Frederick,DIABETES,10.6,293391
24021,MD,Frederick,OBESITY,34.7,293391
24021,MD,Frederick,STROKE,2.8,293391
24023,MD,Garrett,ARTHRITIS,34.9,28423
24023,MD,Garrett,BPHIGH,42.4,28423
24023,MD,Garrett,CANCER,11.2,28423
24023,MD,Garrett,CHD,8.3,28423
24023,MD,Garrett,COPD,9.3,28423
24023,MD,Garrett,DIABETES,14.1,28423
24023,MD,Garrett,OBESITY,36.3,28423
24023,MD,Garrett,STROKE,4.2,28423
24025,MD,Harford,ARTHRITIS,27.6,264644
24025,MD,Harford,BPHIGH,35.9,264644
24025,MD,Harford,CANCER,8.8,264644
24025,MD,Harford,CHD,5.8,264644
24025,MD,Harford,COPD,6.1,264644
24025,MD,Harford,DIABETES,11.6,264644
24025,MD,Harford,OBESITY,35.8,264644
24025,MD,Harford,STROKE,3.1,264644
24027,MD,Howard,ARTHRITIS,24.3,336001
24027,MD,Howard,BPHIGH,34.5,336001
24027,MD,Howard,CANCER,7.7,336001
24027,MD,Howard,CHD,4.8,336001
24027,MD,Howard,COPD,4.0,336001
24027,MD,Howard,DIABETES,10.4,336001
24027,MD,Howard,OBESITY,30.0,336001
24027,MD,Howard,STROKE,2.6,336001
24029,MD,Kent,ARTHRITIS,33.3,19303
24029,MD,Kent,BPHIGH,43.0,19303
24029,MD,Kent,CANCER,11.0,19303
24029,MD,Kent,CHD,8.1,19303
24029,MD,Kent,COPD,8.1,19303
24029,MD,Kent,DIABETES,13.7,19303
24029,MD,Kent,OBESITY,35.1,19303
24029,MD,Kent,STROKE,4.2,19303
24031,MD,Montgomery,ARTHRITIS,21.4,1058474
24031,MD,Montgomery,BPHIGH,32.7,1058474
24031,MD,Montgomery,CANCER,7.4,1058474
24031,MD,Montgomery,CHD,5.3,1058474
24031,MD,Montgomery,COPD,4.5,1058474
24031,MD,Montgomery,DIABETES,10.8,1058474
24031,MD,Montgomery,OBESITY,26.1,1058474
24031,MD,Montgomery,STROKE,2.9,1058474
24033,MD,Prince George's,ARTHRITIS,25.0,947430
24033,MD,Prince George's,BPHIGH,40.0,947430
24033,MD,Prince George's,CANCER,5.6,947430
24033,MD,Prince George's,CHD,5.5,947430
24033,MD,Prince George's,COPD,5.5,947430
24033,MD,Prince George's,DIABETES,15.2,947430
24033,MD,Prince George's,OBESITY,42.2,947430
24033,MD,Prince George's,STROKE,3.9,947430
24035,MD,Queen Anne's,ARTHRITIS,30.3,52508
24035,MD,Queen Anne's,BPHIGH,38.4,52508
24035,MD,Queen Anne's,CANCER,10.4,52508
24035,MD,Queen Anne's,CHD,6.7,52508
24035,MD,Queen Anne's,COPD,6.8,52508
24035,MD,Queen Anne's,DIABETES,11.6,52508
24035,MD,Queen Anne's,OBESITY,29.4,52508
24035,MD,Queen Anne's,STROKE,3.4,52508
24037,MD,St. Mary's,ARTHRITIS,27.3,115281
24037,MD,St. Mary's,BPHIGH,34.7,115281
24037,MD,St. Mary's,CANCER,8.0,115281
24037,MD,St. Mary's,CHD,5.7,115281
24037,MD,St. Mary's,COPD,5.9,115281
24037,MD,St. Mary's,DIABETES,11.4,115281
24037,MD,St. Mary's,OBESITY,37.4,115281
24037,MD,St. Mary's,STROKE,3.0,115281
24039,MD,Somerset,ARTHRITIS,29.0,24910
24039,MD,Somerset,BPHIGH,42.7,24910
24039,MD,Somerset,CANCER,7.5,24910
24039,MD,Somerset,CHD,7.5,24910
24039,MD,Somerset,COPD,8.7,24910
24039,MD,Somerset,DIABETES,14.2,24910
24039,MD,Somerset,OBESITY,38.4,24910
24039,MD,Somerset,STROKE,4.3,24910
24041,MD,Talbot,ARTHRITIS,33.2,37823
24041,MD,Talbot,BPHIGH,41.6,37823
24041,MD,Talbot,CANCER,12.3,37823
24041,MD,Talbot,CHD,8.4,37823
24041,MD,Talbot,COPD,8.0,37823
24041,MD,Talbot,DIABETES,13.1,37823
24041,MD,Talbot,OBESITY,30.1,37823
24041,MD,Talbot,STROKE,4.3,37823
24043,MD,Washington,ARTHRITIS,30.6,155813
24043,MD,Washington,BPHIGH,38.9,155813
24043,MD,Washington,CANCER,9.0,155813
24043,MD,Washington,CHD,7.2,155813
24043,MD,Washington,COPD,8.4,155813
24043,MD,Washington,DIABETES,13.3,155813
24043,MD,Washington,OBESITY,39.0,155813
24043,MD,Washington,STROKE,3.8,155813
24045,MD,Wicomico,ARTHRITIS,28.1,104800
24045,MD,Wicomico,BPHIGH,36.7,104800
24045,MD,Wicomico,CANCER,7.8,104800
24045,MD,Wicomico,CHD,6.5,104800
24045,MD,Wicomico,COPD,7.4,104800
24045,MD,Wicomico,DIABETES,12.6,104800
24045,MD,Wicomico,OBESITY,39.6,104800
24045,MD,Wicomico,STROKE,3.7,104800
24047,MD,Worcester,ARTHRITIS,34.1,54171
24047,MD,Worcester,BPHIGH,42.1,54171
24047,MD,Worcester,CANCER,11.6,54171
24047,MD,Worcester,CHD,8.1,54171
24047,MD,Worcester,COPD,8.0,54171
24047,MD,Worcester,DIABETES,13.7,54171
24047,MD,Worcester,OBESITY,33.1,54171
24047,MD,Worcester,STROKE,4.2,54171
24510,MD,Baltimore,ARTHRITIS,25.8,565239
24510,MD,Baltimore,BPHIGH,40.6,565239
24510,MD,Baltimore,CANCER,5.9,565239
24510,MD,Baltimore,CHD,6.4,565239
24510,MD,Baltimore,COPD,7.3,565239
24510,MD,Baltimore,DIABETES,14.4,565239
24510,MD,Baltimore,OBESITY,38.7,565239
24510,MD,Baltimore,STROKE,4.4,565239
25001,MA,Barnstable,ARTHRITIS,35.4,231735
25001,MA,Barnstable,BPHIGH,38.2,231735
25001,MA,Barnstable,CANCER,13.2,231735
25001,MA,Barnstable,CHD,8.0,231735
25001,MA,Barnstable,COPD,7.3,231735
25001,MA,Barnstable,DIABETES,10.7,231735
25001,MA,Barnstable,OBESITY,26.3,231735
25001,MA,Barnstable,STROKE,3.8,231735
25003,MA,Berkshire,ARTHRITIS,31.1,126818
25003,MA,Berkshire,BPHIGH,34.8,126818
25003,MA,Berkshire,CANCER,10.8,126818
25003,MA,Berkshire,CHD,7.8,126818
25003,MA,Berkshire,COPD,7.7,126818
25003,MA,Berkshire,DIABETES,10.9,126818
25003,MA,Berkshire,OBESITY,31.2,126818
25003,MA,Berkshire,STROKE,3.7,126818
25005,MA,Bristol,ARTHRITIS,27.9,581841
25005,MA,Bristol,BPHIGH,33.5,581841
25005,MA,Bristol,CANCER,8.9,581841
25005,MA,Bristol,CHD,6.8,581841
25005,MA,Bristol,COPD,7.6,581841
25005,MA,Bristol,DIABETES,10.8,581841
25005,MA,Bristol,OBESITY,32.1,581841
25005,MA,Bristol,STROKE,3.5,581841
25007,MA,Dukes,ARTHRITIS,31.1,20819
25007,MA,Dukes,BPHIGH,36.0,20819
25007,MA,Dukes,CANCER,11.7,20819
25007,MA,Dukes,CHD,7.3,20819
25007,MA,Dukes,COPD,6.8,20819
25007,MA,Dukes,DIABETES,10.6,20819
25007,MA,Dukes,OBESITY,25.5,20819
25007,MA,Dukes,STROKE,3.5,20819
25009,MA,Essex,ARTHRITIS,25.5,810089
25009,MA,Essex,BPHIGH,32.1,810089
25009,MA,Essex,CANCER,8.8,810089
25009,MA,Essex,CHD,6.2,810089
25009,MA,Essex,COPD,6.3,810089
25009,MA,Essex,DIABETES,10.3,810089
25009,MA,Essex,OBESITY,30.0,810089
25009,MA,Essex,STROKE,3.1,810089
25011,MA,Franklin,ARTHRITIS,31.5,70836
25011,MA,Franklin,BPHIGH,36.3,70836
25011,MA,Franklin,CANCER,10.9,70836
25011,MA,Franklin,CHD,7.3,70836
25011,MA,Franklin,COPD,7.7,70836
25011,MA,Franklin,DIABETES,10.8,70836
25011,MA,Franklin,OBESITY,26.3,70836
25011,MA,Franklin,STROKE,3.6,70836
25013,MA,Hampden,ARTHRITIS,29.5,460291
25013,MA,Hampden,BPHIGH,34.7,460291
25013,MA,Hampden,CANCER,8.5,460291
25013,MA,Hampden,CHD,7.0,460291
25013,MA,Hampden,COPD,7.7,460291
25013,MA,Hampden,DIABETES,12.1,460291
25013,MA,Hampden,OBESITY,34.9,460291
25013,MA,Hampden,STROKE,3.7,460291
25015,MA,Hampshire,ARTHRITIS,23.5,162502
25015,MA,Hampshire,BPHIGH,26.7,162502
25015,MA,Hampshire,CANCER,8.5,162502
25015,MA,Hampshire,CHD,5.5,162502
25015,MA,Hampshire,COPD,5.6,162502
25015,MA,Hampshire,DIABETES,8.2,162502
25015,MA,Hampshire,OBESITY,22.2,162502
25015,MA,Hampshire,STROKE,2.7,162502
25017,MA,Middlesex,ARTHRITIS,22.9,1623952
25017,MA,Middlesex,BPHIGH,27.6,1623952
25017,MA,Middlesex,CANCER,8.1,1623952
25017,MA,Middlesex,CHD,4.9,1623952
25017,MA,Middlesex,COPD,4.6,1623952
25017,MA,Middlesex,DIABETES,8.5,1623952
25017,MA,Middlesex,OBESITY,23.8,1623952
25017,MA,Middlesex,STROKE,2.5,1623952
25019,MA,Nantucket,ARTHRITIS,24.7,14444
25019,MA,Nantucket,BPHIGH,29.4,14444
25019,MA,Nantucket,CANCER,8.8,14444
25019,MA,Nantucket,CHD,5.1,14444
25019,MA,Nantucket,COPD,4.6,14444
25019,MA,Nantucket,DIABETES,8.6,14444
25019,MA,Nantucket,OBESITY,27.7,14444
25019,MA,Nantucket,STROKE,2.5,14444
25021,MA,Norfolk,ARTHRITIS,25.3,727473
25021,MA,Norfolk,BPHIGH,29.8,727473
25021,MA,Norfolk,CANCER,8.9,727473
25021,MA,Norfolk,CHD,5.2,727473
25021,MA,Norfolk,COPD,4.9,727473
25021,MA,Norfolk,DIABETES,9.0,727473
25021,MA,Norfolk,OBESITY,23.5,727473
25021,MA,Norfolk,STROKE,2.7,727473
25023,MA,Plymouth,ARTHRITIS,27.1,535308
25023,MA,Plymouth,BPHIGH,32.6,535308
25023,MA,Plymouth,CANCER,9.6,535308
25023,MA,Plymouth,CHD,6.2,535308
25023,MA,Plymouth,COPD,6.4,535308
25023,MA,Plymouth,DIABETES,10.3,535308
25023,MA,Plymouth,OBESITY,29.7,535308
25023,MA,Plymouth,STROKE,3.2,535308
25025,MA,Suffolk,ARTHRITIS,19.2,768425
25025,MA,Suffolk,BPHIGH,27.4,768425
25025,MA,Suffolk,CANCER,5.8,768425
25025,MA,Suffolk,CHD,4.8,768425
25025,MA,Suffolk,COPD,5.1,768425
25025,MA,Suffolk,DIABETES,9.3,768425
25025,MA,Suffolk,OBESITY,24.2,768425
25025,MA,Suffolk,STROKE,2.8,768425
25027,MA,Worcester,ARTHRITIS,26.9,866866
25027,MA,Worcester,BPHIGH,33.2,866866
25027,MA,Worcester,CANCER,8.5,866866
25027,MA,Worcester,CHD,6.0,866866
25027,MA,Worcester,COPD,6.3,866866
25027,MA,Worcester,DIABETES,10.4,866866
25027,MA,Worcester,OBESITY,32.6,866866
25027,MA,Worcester,STROKE,3.1,866866
26001,MI,Alcona,ARTHRITIS,40.5,10489
26001,MI,Alcona,BPHIGH,46.0,10489
26001,MI,Alcona,CANCER,13.6,10489
26001,MI,Alcona,CHD,11.0,10489
26001,MI,Alcona,COPD,11.9,10489
26001,MI,Alcona,DIABETES,16.0,10489
26001,MI,Alcona,OBESITY,39.0,10489
26001,MI,Alcona,STROKE,5.2,10489
26003,MI,Alger,ARTHRITIS,33.7,8757
26003,MI,Alger,BPHIGH,40.6,8757
26003,MI,Alger,CANCER,10.9,8757
26003,MI,Alger,CHD,8.7,8757
26003,MI,Alger,COPD,9.6,8757
26003,MI,Alger,DIABETES,13.2,8757
26003,MI,Alger,OBESITY,36.1,8757
26003,MI,Alger,STROKE,4.3,8757
26005,MI,Allegan,ARTHRITIS,29.6,121939
26005,MI,Allegan,BPHIGH,34.7,121939
26005,MI,Allegan,CANCER,9.5,121939
26005,MI,Allegan,CHD,7.1,121939
26005,MI,Allegan,COPD,8.2,121939
26005,MI,Allegan,DIABETES,11.6,121939
26005,MI,Allegan,OBESITY,35.6,121939
26005,MI,Allegan,STROKE,3.5,121939
26007,MI,Alpena,ARTHRITIS,36.2,28904
26007,MI,Alpena,BPHIGH,41.6,28904
26007,MI,Alpena,CANCER,11.2,28904
26007,MI,Alpena,CHD,9.5,28904
26007,MI,Alpena,COPD,11.4,28904
26007,MI,Alpena,DIABETES,14.2,28904
26007,MI,Alpena,OBESITY,41.3,28904
26007,MI,Alpena,STROKE,4.6,28904
26009,MI,Antrim,ARTHRITIS,34.8,24409
26009,MI,Antrim,BPHIGH,39.9,24409
26009,MI,Antrim,CANCER,12.1,24409
26009,MI,Antrim,CHD,8.5,24409
26009,MI,Antrim,COPD,9.0,24409
26009,MI,Antrim,DIABETES,12.8,24409
26009,MI,Antrim,OBESITY,36.4,24409
26009,MI,Antrim,STROKE,4.0,24409
26011,MI,Arenac,ARTHRITIS,36.7,15145
26011,MI,Arenac,BPHIGH,42.7,15145
26011,MI,Arenac,CANCER,11.7,15145
26011,MI,Arenac,CHD,9.8,15145
26011,MI,Arenac,COPD,11.4,15145
26011,MI,Arenac,DIABETES,14.7,15145
26011,MI,Arenac,OBESITY,38.6,15145
26011,MI,Arenac,STROKE,4.7,15145
26013,MI,Baraga,ARTHRITIS,33.5,8310
26013,MI,Baraga,BPHIGH,40.9,8310
26013,MI,Baraga,CANCER,10.0,8310
26013,MI,Baraga,CHD,9.0,8310
26013,MI,Baraga,COPD,10.6,8310
26013,MI,Baraga,DIABETES,14.5,8310
26013,MI,Baraga,OBESITY,40.3,8310
26013,MI,Baraga,STROKE,4.6,8310
26015,MI,Barry,ARTHRITIS,31.0,63808
26015,MI,Barry,BPHIGH,35.3,63808
26015,MI,Barry,CANCER,10.1,63808
26015,MI,Barry,CHD,7.2,63808
26015,MI,Barry,COPD,8.3,63808
26015,MI,Barry,DIABETES,11.2,63808
26015,MI,Barry,OBESITY,37.0,63808
26015,MI,Barry,STROKE,3.5,63808
26017,MI,Bay,ARTHRITIS,32.4,102500
26017,MI,Bay,BPHIGH,37.7,102500
26017,MI,Bay,CANCER,10.2,102500
26017,MI,Bay,CHD,7.8,102500
26017,MI,Bay,COPD,9.3,102500
26017,MI,Bay,DIABETES,12.6,102500
26017,MI,Bay,OBESITY,38.0,102500
26017,MI,Bay,STROKE,3.9,102500
26019,MI,Benzie,ARTHRITIS,35.2,18441
26019,MI,Benzie,BPHIGH,39.9,18441
26019,MI,Benzie,CANCER,12.2,18441
26019,MI,Benzie,CHD,8.5,18441
26019,MI,Benzie,COPD,9.0,18441
26019,MI,Benzie,DIABETES,12.8,18441
26019,MI,Benzie,OBESITY,35.4,18441
26019,MI,Benzie,STROKE,4.1,18441
26021,MI,Berrien,ARTHRITIS,32.5,152261
26021,MI,Berrien,BPHIGH,39.8,152261
26021,MI,Berrien,CANCER,10.0,152261
26021,MI,Berrien,CHD,8.0,152261
26021,MI,Berrien,COPD,9.2,152261
26021,MI,Berrien,DIABETES,13.5,152261
26021,MI,Berrien,OBESITY,38.8,152261
26021,MI,Berrien,STROKE,4.2,152261
26023,MI,Branch,ARTHRITIS,32.2,45215
26023,MI,Branch,BPHIGH,39.6,45215
26023,MI,Branch,CANCER,9.7,45215
26023,MI,Branch,CHD,8.3,45215
26023,MI,Branch,COPD,10.2,45215
26023,MI,Branch,DIABETES,13.3,45215
26023,MI,Branch,OBESITY,36.0,45215
26023,MI,Branch,STROKE,4.2,45215
26025,MI,Calhoun,ARTHRITIS,31.4,133366
26025,MI,Calhoun,BPHIGH,39.4,133366
26025,MI,Calhoun,CANCER,9.1,133366
26025,MI,Calhoun,CHD,7.6,133366
26025,MI,Calhoun,COPD,9.2,133366
26025,MI,Calhoun,DIABETES,13.3,133366
26025,MI,Calhoun,OBESITY,42.5,133366
26025,MI,Calhoun,STROKE,4.0,133366
26027,MI,Cass,ARTHRITIS,33.1,51642
26027,MI,Cass,BPHIGH,39.3,51642
26027,MI,Cass,CANCER,10.3,51642
26027,MI,Cass,CHD,8.3,51642
26027,MI,Cass,COPD,9.7,51642
26027,MI,Cass,DIABETES,13.1,51642
26027,MI,Cass,OBESITY,36.2,51642
26027,MI,Cass,STROKE,4.2,51642
26029,MI,Charlevoix,ARTHRITIS,34.4,26159
26029,MI,Charlevoix,BPHIGH,38.9,26159
26029,MI,Charlevoix,CANCER,11.9,26159
26029,MI,Charlevoix,CHD,8.2,26159
26029,MI,Charlevoix,COPD,8.6,26159
26029,MI,Charlevoix,DIABETES,12.3,26159
26029,MI,Charlevoix,OBESITY,35.0,26159
26029,MI,Charlevoix,STROKE,3.9,26159
26031,MI,Cheboygan,ARTHRITIS,36.3,26048
26031,MI,Cheboygan,BPHIGH,42.4,26048
26031,MI,Cheboygan,CANCER,11.8,26048
26031,MI,Cheboygan,CHD,9.5,26048
26031,MI,Cheboygan,COPD,10.9,26048
26031,MI,Cheboygan,DIABETES,14.6,26048
26031,MI,Cheboygan,OBESITY,41.1,26048
26031,MI,Cheboygan,STROKE,4.6,26048
26033,MI,Chippewa,ARTHRITIS,30.3,36264
26033,MI,Chippewa,BPHIGH,38.6,36264
26033,MI,Chippewa,CANCER,8.8,36264
26033,MI,Chippewa,CHD,7.8,36264
26033,MI,Chippewa,COPD,9.1,36264
26033,MI,Chippewa,DIABETES,12.7,36264
26033,MI,Chippewa,OBESITY,35.6,36264
26033,MI,Chippewa,STROKE,4.0,36264
26035,MI,Clare,ARTHRITIS,37.4,31316
26035,MI,Clare,BPHIGH,44.5,31316
26035,MI,Clare,CANCER,11.1,31316
26035,MI,Clare,CHD,10.2,31316
26035,MI,Clare,COPD,12.7,31316
26035,MI,Clare,DIABETES,15.4,31316
26035,MI,Clare,OBESITY,40.5,31316
26035,MI,Clare,STROKE,5.1,31316
26037,MI,Clinton,ARTHRITIS,30.0,79720
26037,MI,Clinton,BPHIGH,33.9,79720
26037,MI,Clinton,CANCER,9.8,79720
26037,MI,Clinton,CHD,6.6,79720
26037,MI,Clinton,COPD,7.3,79720
26037,MI,Clinton,DIABETES,10.6,79720
26037,MI,Clinton,OBESITY,35.2,79720
26037,MI,Clinton,STROKE,3.2,79720
26039,MI,Crawford,ARTHRITIS,36.9,13538
26039,MI,Crawford,BPHIGH,42.4,13538
26039,MI,Crawford,CANCER,11.7,13538
26039,MI,Crawford,CHD,10.0,13538
26039,MI,Crawford,COPD,11.6,13538
26039,MI,Crawford,DIABETES,14.9,13538
26039,MI,Crawford,OBESITY,37.5,13538
26039,MI,Crawford,STROKE,4.8,13538
26041,MI,Delta,ARTHRITIS,35.5,36790
26041,MI,Delta,BPHIGH,40.1,36790
26041,MI,Delta,CANCER,11.4,36790
26041,MI,Delta,CHD,9.1,36790
26041,MI,Delta,COPD,10.5,36790
26041,MI,Delta,DIABETES,13.8,36790
26041,MI,Delta,OBESITY,39.9,36790
26041,MI,Delta,STROKE,4.4,36790
26043,MI,Dickinson,ARTHRITIS,33.8,25982
26043,MI,Dickinson,BPHIGH,39.2,25982
26043,MI,Dickinson,CANCER,11.2,25982
26043,MI,Dickinson,CHD,8.3,25982
26043,MI,Dickinson,COPD,9.2,25982
26043,MI,Dickinson,DIABETES,12.6,25982
26043,MI,Dickinson,OBESITY,38.1,25982
26043,MI,Dickinson,STROKE,4.0,25982
26045,MI,Eaton,ARTHRITIS,29.8,108820
26045,MI,Eaton,BPHIGH,35.9,108820
26045,MI,Eaton,CANCER,9.7,108820
26045,MI,Eaton,CHD,6.8,108820
26045,MI,Eaton,COPD,7.5,108820
26045,MI,Eaton,DIABETES,11.4,108820
26045,MI,Eaton,OBESITY,38.9,108820
26045,MI,Eaton,STROKE,3.4,108820
26047,MI,Emmet,ARTHRITIS,31.7,34123
26047,MI,Emmet,BPHIGH,37.6,34123
26047,MI,Emmet,CANCER,11.2,34123
26047,MI,Emmet,CHD,7.5,34123
26047,MI,Emmet,COPD,7.8,34123
26047,MI,Emmet,DIABETES,11.5,34123
26047,MI,Emmet,OBESITY,32.7,34123
26047,MI,Emmet,STROKE,3.6,34123
26049,MI,Genesee,ARTHRITIS,32.2,401522
26049,MI,Genesee,BPHIGH,39.0,401522
26049,MI,Genesee,CANCER,9.1,401522
26049,MI,Genesee,CHD,7.8,401522
26049,MI,Genesee,COPD,9.5,401522
26049,MI,Genesee,DIABETES,13.2,401522
26049,MI,Genesee,OBESITY,40.6,401522
26049,MI,Genesee,STROKE,4.2,401522
26051,MI,Gladwin,ARTHRITIS,37.3,25853
26051,MI,Gladwin,BPHIGH,43.4,25853
26051,MI,Gladwin,CANCER,11.7,25853
26051,MI,Gladwin,CHD,10.1,25853
26051,MI,Gladwin,COPD,11.9,25853
26051,MI,Gladwin,DIABETES,15.0,25853
26051,MI,Gladwin,OBESITY,40.6,25853
26051,MI,Gladwin,STROKE,4.9,25853
26053,MI,Gogebic,ARTHRITIS,37.2,14224
26053,MI,Gogebic,BPHIGH,43.8,14224
26053,MI,Gogebic,CANCER,12.2,14224
26053,MI,Gogebic,CHD,10.3,14224
26053,MI,Gogebic,COPD,11.3,14224
26053,MI,Gogebic,DIABETES,15.2,14224
26053,MI,Gogebic,OBESITY,37.0,14224
26053,MI,Gogebic,STROKE,4.9,14224
26055,MI,Grand Traverse,ARTHRITIS,30.2,96421
26055,MI,Grand Traverse,BPHIGH,35.2,96421
26055,MI,Grand Traverse,CANCER,10.6,96421
26055,MI,Grand Traverse,CHD,6.8,96421
26055,MI,Grand Traverse,COPD,7.4,96421
26055,MI,Grand Traverse,DIABETES,10.7,96421
26055,MI,Grand Traverse,OBESITY,35.3,96421
26055,MI,Grand Traverse,STROKE,3.3,96421
26057,MI,Gratiot,ARTHRITIS,29.1,41368
26057,MI,Gratiot,BPHIGH,35.8,41368
26057,MI,Gratiot,CANCER,8.6,41368
26057,MI,Gratiot,CHD,7.3,41368
26057,MI,Gratiot,COPD,8.8,41368
26057,MI,Gratiot,DIABETES,11.6,41368
26057,MI,Gratiot,OBESITY,36.7,41368
26057,MI,Gratiot,STROKE,3.7,41368
26059,MI,Hillsdale,ARTHRITIS,33.0,45587
26059,MI,Hillsdale,BPHIGH,40.5,45587
26059,MI,Hillsdale,CANCER,10.3,45587
26059,MI,Hillsdale,CHD,8.7,45587
26059,MI,Hillsdale,COPD,10.5,45587
26059,MI,Hillsdale,DIABETES,13.5,45587
26059,MI,Hillsdale,OBESITY,37.6,45587
26059,MI,Hillsdale,STROKE,4.2,45587
26061,MI,Houghton,ARTHRITIS,26.0,37599
26061,MI,Houghton,BPHIGH,31.5,37599
26061,MI,Houghton,CANCER,8.5,37599
26061,MI,Houghton,CHD,6.6,37599
26061,MI,Houghton,COPD,7.6,37599
26061,MI,Houghton,DIABETES,10.0,37599
26061,MI,Houghton,OBESITY,33.7,37599
26061,MI,Houghton,STROKE,3.2,37599
26063,MI,Huron,ARTHRITIS,35.8,30927
26063,MI,Huron,BPHIGH,41.8,30927
26063,MI,Huron,CANCER,11.6,30927
26063,MI,Huron,CHD,9.4,30927
26063,MI,Huron,COPD,10.8,30927
26063,MI,Huron,DIABETES,14.3,30927
26063,MI,Huron,OBESITY,38.6,30927
26063,MI,Huron,STROKE,4.6,30927
26065,MI,Ingham,ARTHRITIS,25.0,284637
26065,MI,Ingham,BPHIGH,32.0,284637
26065,MI,Ingham,CANCER,7.1,284637
26065,MI,Ingham,CHD,5.6,284637
26065,MI,Ingham,COPD,6.5,284637
26065,MI,Ingham,DIABETES,10.2,284637
26065,MI,Ingham,OBESITY,34.5,284637
26065,MI,Ingham,STROKE,2.9,284637
26067,MI,Ionia,ARTHRITIS,28.4,66262
26067,MI,Ionia,BPHIGH,35.8,66262
26067,MI,Ionia,CANCER,8.5,66262
26067,MI,Ionia,CHD,6.7,66262
26067,MI,Ionia,COPD,8.1,66262
26067,MI,Ionia,DIABETES,11.1,66262
26067,MI,Ionia,OBESITY,40.2,66262
26067,MI,Ionia,STROKE,3.4,66262
26069,MI,Iosco,ARTHRITIS,38.5,25373
26069,MI,Iosco,BPHIGH,45.7,25373
26069,MI,Iosco,CANCER,12.5,25373
26069,MI,Iosco,CHD,10.9,25373
26069,MI,Iosco,COPD,12.7,25373
26069,MI,Iosco,DIABETES,15.9,25373
26069,MI,Iosco,OBESITY,38.8,25373
26069,MI,Iosco,STROKE,5.3,25373
26071,MI,Iron,ARTHRITIS,38.3,11740
26071,MI,Iron,BPHIGH,45.0,11740
26071,MI,Iron,CANCER,12.6,11740
26071,MI,Iron,CHD,10.3,11740
26071,MI,Iron,COPD,11.5,11740
26071,MI,Iron,DIABETES,15.3,11740
26071,MI,Iron,OBESITY,39.0,11740
26071,MI,Iron,STROKE,5.0,11740
26073,MI,Isabella,ARTHRITIS,25.1,64118
26073,MI,Isabella,BPHIGH,32.1,64118
26073,MI,Isabella,CANCER,7.1,64118
26073,MI,Isabella,CHD,6.2,64118
26073,MI,Isabella,COPD,8.2,64118
26073,MI,Isabella,DIABETES,10.5,64118
26073,MI,Isabella,OBESITY,39.5,64118
26073,MI,Isabella,STROKE,3.2,64118
26075,MI,Jackson,ARTHRITIS,32.3,159424
26075,MI,Jackson,BPHIGH,38.9,159424
26075,MI,Jackson,CANCER,9.5,159424
26075,MI,Jackson,CHD,7.5,159424
26075,MI,Jackson,COPD,8.7,159424
26075,MI,Jackson,DIABETES,12.5,159424
26075,MI,Jackson,OBESITY,39.2,159424
26075,MI,Jackson,STROKE,3.7,159424
26077,MI,Kalamazoo,ARTHRITIS,25.3,262215
26077,MI,Kalamazoo,BPHIGH,31.4,262215
26077,MI,Kalamazoo,CANCER,8.1,262215
26077,MI,Kalamazoo,CHD,5.9,262215
26077,MI,Kalamazoo,COPD,6.9,262215
26077,MI,Kalamazoo,DIABETES,9.7,262215
26077,MI,Kalamazoo,OBESITY,37.4,262215
26077,MI,Kalamazoo,STROKE,3.1,262215
26079,MI,Kalkaska,ARTHRITIS,34.2,18490
26079,MI,Kalkaska,BPHIGH,40.3,18490
26079,MI,Kalkaska,CANCER,10.4,18490
26079,MI,Kalkaska,CHD,8.7,18490
26079,MI,Kalkaska,COPD,10.5,18490
26079,MI,Kalkaska,DIABETES,13.5,18490
26079,MI,Kalkaska,OBESITY,38.7,18490
26079,MI,Kalkaska,STROKE,4.3,18490
26081,MI,Kent,ARTHRITIS,25.1,661354
26081,MI,Kent,BPHIGH,32.2,661354
26081,MI,Kent,CANCER,8.1,661354
26081,MI,Kent,CHD,5.7,661354
26081,MI,Kent,COPD,6.4,661354
26081,MI,Kent,DIABETES,10.3,661354
26081,MI,Kent,OBESITY,34.8,661354
26081,MI,Kent,STROKE,2.9,661354
26083,MI,Keweenaw,ARTHRITIS,37.2,2172
26083,MI,Keweenaw,BPHIGH,42.7,2172
26083,MI,Keweenaw,CANCER,13.9,2172
26083,MI,Keweenaw,CHD,9.5,2172
26083,MI,Keweenaw,COPD,9.0,2172
26083,MI,Keweenaw,DIABETES,13.4,2172
26083,MI,Keweenaw,OBESITY,33.7,2172
26083,MI,Keweenaw,STROKE,4.3,2172
26085,MI,Lake,ARTHRITIS,37.9,12734
26085,MI,Lake,BPHIGH,45.7,12734
26085,MI,Lake,CANCER,10.6,12734
26085,MI,Lake,CHD,10.9,12734
26085,MI,Lake,COPD,13.4,12734
26085,MI,Lake,DIABETES,17.2,12734
26085,MI,Lake,OBESITY,40.5,12734
26085,MI,Lake,STROKE,5.6,12734
26087,MI,Lapeer,ARTHRITIS,31.6,88977
26087,MI,Lapeer,BPHIGH,37.2,88977
26087,MI,Lapeer,CANCER,10.0,88977
26087,MI,Lapeer,CHD,7.6,88977
26087,MI,Lapeer,COPD,9.0,88977
26087,MI,Lapeer,DIABETES,11.9,88977
26087,MI,Lapeer,OBESITY,35.5,88977
26087,MI,Lapeer,STROKE,3.7,88977
26089,MI,Leelanau,ARTHRITIS,35.2,23019
26089,MI,Leelanau,BPHIGH,39.6,23019
26089,MI,Leelanau,CANCER,13.3,23019
26089,MI,Leelanau,CHD,8.3,23019
26089,MI,Leelanau,COPD,7.8,23019
26089,MI,Leelanau,DIABETES,12.2,23019
26089,MI,Leelanau,OBESITY,31.7,23019
26089,MI,Leelanau,STROKE,3.8,23019
26091,MI,Lenawee,ARTHRITIS,29.8,97520
26091,MI,Lenawee,BPHIGH,37.6,97520
26091,MI,Lenawee,CANCER,9.7,97520
26091,MI,Lenawee,CHD,7.6,97520
26091,MI,Lenawee,COPD,8.8,97520
26091,MI,Lenawee,DIABETES,12.4,97520
26091,MI,Lenawee,OBESITY,40.6,97520
26091,MI,Lenawee,STROKE,3.8,97520
26093,MI,Livingston,ARTHRITIS,28.4,196757
26093,MI,Livingston,BPHIGH,32.3,196757
26093,MI,Livingston,CANCER,10.3,196757
26093,MI,Livingston,CHD,6.2,196757
26093,MI,Livingston,COPD,6.8,196757
26093,MI,Livingston,DIABETES,9.7,196757
26093,MI,Livingston,OBESITY,32.3,196757
26093,MI,Livingston,STROKE,3.0,196757
26095,MI,Luce,ARTHRITIS,32.2,6435
26095,MI,Luce,BPHIGH,41.7,6435
26095,MI,Luce,CANCER,9.8,6435
26095,MI,Luce,CHD,8.9,6435
26095,MI,Luce,COPD,10.1,6435
26095,MI,Luce,DIABETES,14.1,6435
26095,MI,Luce,OBESITY,40.9,6435
26095,MI,Luce,STROKE,4.5,6435
26097,MI,Mackinac,ARTHRITIS,37.9,10851
26097,MI,Mackinac,BPHIGH,43.2,10851
26097,MI,Mackinac,CANCER,11.6,10851
26097,MI,Mackinac,CHD,10.4,10851
26097,MI,Mackinac,COPD,11.7,10851
26097,MI,Mackinac,DIABETES,16.4,10851
26097,MI,Mackinac,OBESITY,41.2,10851
26097,MI,Mackinac,STROKE,5.2,10851
26099,MI,Macomb,ARTHRITIS,30.0,875101
26099,MI,Macomb,BPHIGH,37.7,875101
26099,MI,Macomb,CANCER,9.0,875101
26099,MI,Macomb,CHD,6.8,875101
26099,MI,Macomb,COPD,8.2,875101
26099,MI,Macomb,DIABETES,11.4,875101
26099,MI,Macomb,OBESITY,37.5,875101
26099,MI,Macomb,STROKE,3.5,875101
26101,MI,Manistee,ARTHRITIS,35.1,25562
26101,MI,Manistee,BPHIGH,40.8,25562
26101,MI,Manistee,CANCER,11.5,25562
26101,MI,Manistee,CHD,9.1,25562
26101,MI,Manistee,COPD,10.2,25562
26101,MI,Manistee,DIABETES,13.7,25562
26101,MI,Manistee,OBESITY,36.6,25562
26101,MI,Manistee,STROKE,4.4,25562
26103,MI,Marquette,ARTHRITIS,28.1,66999
26103,MI,Marquette,BPHIGH,34.0,66999
26103,MI,Marquette,CANCER,9.3,66999
26103,MI,Marquette,CHD,6.9,66999
26103,MI,Marquette,COPD,7.8,66999
26103,MI,Marquette,DIABETES,10.6,66999
26103,MI,Marquette,OBESITY,36.4,66999
26103,MI,Marquette,STROKE,3.3,66999
26105,MI,Mason,ARTHRITIS,35.9,29159
26105,MI,Mason,BPHIGH,40.7,29159
26105,MI,Mason,CANCER,11.5,29159
26105,MI,Mason,CHD,8.9,29159
26105,MI,Mason,COPD,10.1,29159
26105,MI,Mason,DIABETES,13.8,29159
26105,MI,Mason,OBESITY,40.4,29159
26105,MI,Mason,STROKE,4.4,29159
26107,MI,Mecosta,ARTHRITIS,31.5,41099
26107,MI,Mecosta,BPHIGH,37.4,41099
26107,MI,Mecosta,CANCER,9.7,41099
26107,MI,Mecosta,CHD,8.2,41099
26107,MI,Mecosta,COPD,10.0,41099
26107,MI,Mecosta,DIABETES,12.4,41099
26107,MI,Mecosta,OBESITY,37.1,41099
26107,MI,Mecosta,STROKE,4.1,41099
26109,MI,Menominee,ARTHRITIS,35.9,22945
26109,MI,Menominee,BPHIGH,42.0,22945
26109,MI,Menominee,CANCER,11.6,22945
26109,MI,Menominee,CHD,9.3,22945
26109,MI,Menominee,COPD,10.6,22945
26109,MI,Menominee,DIABETES,13.9,22945
26109,MI,Menominee,OBESITY,38.9,22945
26109,MI,Menominee,STROKE,4.5,22945
26111,MI,Midland,ARTHRITIS,30.6,84039
26111,MI,Midland,BPHIGH,35.5,84039
26111,MI,Midland,CANCER,10.0,84039
26111,MI,Midland,CHD,7.1,84039
26111,MI,Midland,COPD,7.7,84039
26111,MI,Midland,DIABETES,10.8,84039
26111,MI,Midland,OBESITY,31.8,84039
26111,MI,Midland,STROKE,3.4,84039
26113,MI,Missaukee,ARTHRITIS,34.1,15311
26113,MI,Missaukee,BPHIGH,40.2,15311
26113,MI,Missaukee,CANCER,10.6,15311
26113,MI,Missaukee,CHD,8.6,15311
26113,MI,Missaukee,COPD,10.3,15311
26113,MI,Missaukee,DIABETES,13.3,15311
26113,MI,Missaukee,OBESITY,39.3,15311
26113,MI,Missaukee,STROKE,4.2,15311
26115,MI,Monroe,ARTHRITIS,32.7,155045
26115,MI,Monroe,BPHIGH,37.6,155045
26115,MI,Monroe,CANCER,9.9,155045
26115,MI,Monroe,CHD,7.4,155045
26115,MI,Monroe,COPD,8.6,155045
26115,MI,Monroe,DIABETES,12.3,155045
26115,MI,Monroe,OBESITY,40.6,155045
26115,MI,Monroe,STROKE,3.6,155045
26117,MI,Montcalm,ARTHRITIS,30.5,68154
26117,MI,Montcalm,BPHIGH,37.7,68154
26117,MI,Montcalm,CANCER,9.0,68154
26117,MI,Montcalm,CHD,7.6,68154
26117,MI,Montcalm,COPD,9.5,68154
26117,MI,Montcalm,DIABETES,12.4,68154
26117,MI,Montcalm,OBESITY,42.5,68154
26117,MI,Montcalm,STROKE,3.8,68154
26119,MI,Montmorency,ARTHRITIS,39.8,9678
26119,MI,Montmorency,BPHIGH,45.7,9678
26119,MI,Montmorency,CANCER,12.7,9678
26119,MI,Montmorency,CHD,11.2,9678
26119,MI,Montmorency,COPD,12.9,9678
26119,MI,Montmorency,DIABETES,16.5,9678
26119,MI,Montmorency,OBESITY,38.6,9678
26119,MI,Montmorency,STROKE,5.4,9678
26121,MI,Muskegon,ARTHRITIS,30.6,176564
26121,MI,Muskegon,BPHIGH,36.7,176564
26121,MI,Muskegon,CANCER,9.0,176564
26121,MI,Muskegon,CHD,7.4,176564
26121,MI,Muskegon,COPD,9.1,176564
26121,MI,Muskegon,DIABETES,12.7,176564
26121,MI,Muskegon,OBESITY,44.3,176564
26121,MI,Muskegon,STROKE,3.9,176564
26123,MI,Newaygo,ARTHRITIS,33.6,51108
26123,MI,Newaygo,BPHIGH,39.8,51108
26123,MI,Newaygo,CANCER,10.1,51108
26123,MI,Newaygo,CHD,8.5,51108
26123,MI,Newaygo,COPD,10.4,51108
26123,MI,Newaygo,DIABETES,13.2,51108
26123,MI,Newaygo,OBESITY,37.8,51108
26123,MI,Newaygo,STROKE,4.2,51108
26125,MI,Oakland,ARTHRITIS,24.8,1270426
26125,MI,Oakland,BPHIGH,34.5,1270426
26125,MI,Oakland,CANCER,8.7,1270426
26125,MI,Oakland,CHD,5.9,1270426
26125,MI,Oakland,COPD,5.9,1270426
26125,MI,Oakland,DIABETES,10.2,1270426
26125,MI,Oakland,OBESITY,31.3,1270426
26125,MI,Oakland,STROKE,3.0,1270426
26127,MI,Oceana,ARTHRITIS,33.4,26981
26127,MI,Oceana,BPHIGH,39.2,26981
26127,MI,Oceana,CANCER,10.3,26981
26127,MI,Oceana,CHD,8.7,26981
26127,MI,Oceana,COPD,10.0,26981
26127,MI,Oceana,DIABETES,13.7,26981
26127,MI,Oceana,OBESITY,40.6,26981
26127,MI,Oceana,STROKE,4.3,26981
26129,MI,Ogemaw,ARTHRITIS,38.2,20990
26129,MI,Ogemaw,BPHIGH,43.4,20990
26129,MI,Ogemaw,CANCER,11.6,20990
26129,MI,Ogemaw,CHD,10.1,20990
26129,MI,Ogemaw,COPD,12.0,20990
26129,MI,Ogemaw,DIABETES,15.3,20990
26129,MI,Ogemaw,OBESITY,39.4,20990
26129,MI,Ogemaw,STROKE,4.9,20990
26131,MI,Ontonagon,ARTHRITIS,41.5,5906
26131,MI,Ontonagon,BPHIGH,47.8,5906
26131,MI,Ontonagon,CANCER,13.9,5906
26131,MI,Ontonagon,CHD,11.6,5906
26131,MI,Ontonagon,COPD,12.4,5906
26131,MI,Ontonagon,DIABETES,16.5,5906
26131,MI,Ontonagon,OBESITY,37.0,5906
26131,MI,Ontonagon,STROKE,5.5,5906
26133,MI,Osceola,ARTHRITIS,34.8,23330
26133,MI,Osceola,BPHIGH,40.4,23330
26133,MI,Osceola,CANCER,10.5,23330
26133,MI,Osceola,CHD,9.1,23330
26133,MI,Osceola,COPD,10.9,23330
26133,MI,Osceola,DIABETES,13.7,23330
26133,MI,Osceola,OBESITY,39.6,23330
26133,MI,Osceola,STROKE,4.4,23330
26135,MI,Oscoda,ARTHRITIS,39.0,8545
26135,MI,Oscoda,BPHIGH,45.4,8545
26135,MI,Oscoda,CANCER,12.1,8545
26135,MI,Oscoda,CHD,11.2,8545
26135,MI,Oscoda,COPD,13.5,8545
26135,MI,Oscoda,DIABETES,16.5,8545
26135,MI,Oscoda,OBESITY,38.4,8545
26135,MI,Oscoda,STROKE,5.5,8545
26137,MI,Otsego,ARTHRITIS,32.4,25747
26137,MI,Otsego,BPHIGH,38.2,25747
26137,MI,Otsego,CANCER,10.6,25747
26137,MI,Otsego,CHD,7.9,25747
26137,MI,Otsego,COPD,9.1,25747
26137,MI,Otsego,DIABETES,12.3,25747
26137,MI,Otsego,OBESITY,38.1,25747
26137,MI,Otsego,STROKE,3.8,25747
26139,MI,Ottawa,ARTHRITIS,24.9,303372
26139,MI,Ottawa,BPHIGH,31.3,303372
26139,MI,Ottawa,CANCER,8.6,303372
26139,MI,Ottawa,CHD,5.8,303372
26139,MI,Ottawa,COPD,6.4,303372
26139,MI,Ottawa,DIABETES,9.4,303372
26139,MI,Ottawa,OBESITY,32.3,303372
26139,MI,Ottawa,STROKE,2.9,303372
26141,MI,Presque Isle,ARTHRITIS,39.8,13285
26141,MI,Presque Isle,BPHIGH,44.5,13285
26141,MI,Presque Isle,CANCER,13.0,13285
26141,MI,Presque Isle,CHD,10.8,13285
26141,MI,Presque Isle,COPD,11.9,13285
26141,MI,Presque Isle,DIABETES,15.6,13285
26141,MI,Presque Isle,OBESITY,40.9,13285
26141,MI,Presque Isle,STROKE,5.1,13285
26143,MI,Roscommon,ARTHRITIS,38.6,23863
26143,MI,Roscommon,BPHIGH,45.1,23863
26143,MI,Roscommon,CANCER,13.0,23863
26143,MI,Roscommon,CHD,10.7,23863
26143,MI,Roscommon,COPD,12.0,23863
26143,MI,Roscommon,DIABETES,15.7,23863
26143,MI,Roscommon,OBESITY,39.2,23863
26143,MI,Roscommon,STROKE,5.1,23863
26145,MI,Saginaw,ARTHRITIS,31.9,187782
26145,MI,Saginaw,BPHIGH,40.1,187782
26145,MI,Saginaw,CANCER,9.2,187782
26145,MI,Saginaw,CHD,8.0,187782
26145,MI,Saginaw,COPD,9.6,187782
26145,MI,Saginaw,DIABETES,14.1,187782
26145,MI,Saginaw,OBESITY,36.6,187782
26145,MI,Saginaw,STROKE,4.3,187782
26147,MI,St. Clair,ARTHRITIS,32.0,159874
26147,MI,St. Clair,BPHIGH,38.7,159874
26147,MI,St. Clair,CANCER,10.1,159874
26147,MI,St. Clair,CHD,7.7,159874
26147,MI,St. Clair,COPD,9.2,159874
26147,MI,St. Clair,DIABETES,12.2,159874
26147,MI,St. Clair,OBESITY,36.5,159874
26147,MI,St. Clair,STROKE,3.8,159874
26149,MI,St. Joseph,ARTHRITIS,31.3,60878
26149,MI,St. Joseph,BPHIGH,37.6,60878
26149,MI,St. Joseph,CANCER,9.5,60878
26149,MI,St. Joseph,CHD,7.8,60878
26149,MI,St. Joseph,COPD,9.6,60878
26149,MI,St. Joseph,DIABETES,12.8,60878
26149,MI,St. Joseph,OBESITY,38.3,60878
26149,MI,St. Joseph,STROKE,3.9,60878
26151,MI,Sanilac,ARTHRITIS,34.2,40368
26151,MI,Sanilac,BPHIGH,40.8,40368
26151,MI,Sanilac,CANCER,10.6,40368
26151,MI,Sanilac,CHD,8.9,40368
26151,MI,Sanilac,COPD,10.7,40368
26151,MI,Sanilac,DIABETES,13.8,40368
26151,MI,Sanilac,OBESITY,40.0,40368
26151,MI,Sanilac,STROKE,4.4,40368
26153,MI,Schoolcraft,ARTHRITIS,38.3,8149
26153,MI,Schoolcraft,BPHIGH,43.9,8149
26153,MI,Schoolcraft,CANCER,12.0,8149
26153,MI,Schoolcraft,CHD,10.3,8149
26153,MI,Schoolcraft,COPD,11.9,8149
26153,MI,Schoolcraft,DIABETES,15.8,8149
26153,MI,Schoolcraft,OBESITY,40.3,8149
26153,MI,Schoolcraft,STROKE,5.1,8149
26155,MI,Shiawassee,ARTHRITIS,32.3,68025
26155,MI,Shiawassee,BPHIGH,37.6,68025
26155,MI,Shiawassee,CANCER,10.0,68025
26155,MI,Shiawassee,CHD,7.7,68025
26155,MI,Shiawassee,COPD,9.2,68025
26155,MI,Shiawassee,DIABETES,12.5,68025
26155,MI,Shiawassee,OBESITY,38.8,68025
26155,MI,Shiawassee,STROKE,3.8,68025
26157,MI,Tuscola,ARTHRITIS,33.5,52826
26157,MI,Tuscola,BPHIGH,39.4,52826
26157,MI,Tuscola,CANCER,10.3,52826
26157,MI,Tuscola,CHD,8.4,52826
26157,MI,Tuscola,COPD,10.2,52826
26157,MI,Tuscola,DIABETES,13.2,52826
26157,MI,Tuscola,OBESITY,41.7,52826
26157,MI,Tuscola,STROKE,4.2,52826
26159,MI,Van Buren,ARTHRITIS,32.7,75798
26159,MI,Van Buren,BPHIGH,38.4,75798
26159,MI,Van Buren,CANCER,9.7,75798
26159,MI,Van Buren,CHD,8.0,75798
26159,MI,Van Buren,COPD,9.5,75798
26159,MI,Van Buren,DIABETES,13.5,75798
26159,MI,Van Buren,OBESITY,39.4,75798
26159,MI,Van Buren,STROKE,4.0,75798
26161,MI,Washtenaw,ARTHRITIS,22.1,365536
26161,MI,Washtenaw,BPHIGH,28.2,365536
26161,MI,Washtenaw,CANCER,7.7,365536
26161,MI,Washtenaw,CHD,5.1,365536
26161,MI,Washtenaw,COPD,5.4,365536
26161,MI,Washtenaw,DIABETES,8.7,365536
26161,MI,Washtenaw,OBESITY,27.5,365536
26161,MI,Washtenaw,STROKE,2.7,365536
26163,MI,Wayne,ARTHRITIS,29.7,1751169
26163,MI,Wayne,BPHIGH,40.3,1751169
26163,MI,Wayne,CANCER,7.6,1751169
26163,MI,Wayne,CHD,7.4,1751169
26163,MI,Wayne,COPD,9.2,1751169
26163,MI,Wayne,DIABETES,14.3,1751169
26163,MI,Wayne,OBESITY,37.4,1751169
26163,MI,Wayne,STROKE,4.4,1751169
26165,MI,Wexford,ARTHRITIS,32.9,34122
26165,MI,Wexford,BPHIGH,39.2,34122
26165,MI,Wexford,CANCER,10.1,34122
26165,MI,Wexford,CHD,8.4,34122
26165,MI,Wexford,COPD,10.2,34122
26165,MI,Wexford,DIABETES,13.0,34122
26165,MI,Wexford,OBESITY,39.0,34122
26165,MI,Wexford,STROKE,4.1,34122
27001,MN,Aitkin,ARTHRITIS,33.1,16102
27001,MN,Aitkin,BPHIGH,41.9,16102
27001,MN,Aitkin,CANCER,12.6,16102
27001,MN,Aitkin,CHD,10.2,16102
27001,MN,Aitkin,COPD,9.2,16102
27001,MN,Aitkin,DIABETES,15.2,16102
27001,MN,Aitkin,OBESITY,33.2,16102
27001,MN,Aitkin,STROKE,5.0,16102
27003,MN,Anoka,ARTHRITIS,21.7,372441
27003,MN,Anoka,BPHIGH,31.3,372441
27003,MN,Anoka,CANCER,8.0,372441
27003,MN,Anoka,CHD,5.7,372441
27003,MN,Anoka,COPD,5.2,372441
27003,MN,Anoka,DIABETES,10.6,372441
27003,MN,Anoka,OBESITY,36.2,372441
27003,MN,Anoka,STROKE,3.0,372441
27005,MN,Becker,ARTHRITIS,27.8,35283
27005,MN,Becker,BPHIGH,37.9,35283
27005,MN,Becker,CANCER,10.3,35283
27005,MN,Becker,CHD,7.8,35283
27005,MN,Becker,COPD,7.2,35283
27005,MN,Becker,DIABETES,11.8,35283
27005,MN,Becker,OBESITY,37.3,35283
27005,MN,Becker,STROKE,3.9,35283
27007,MN,Beltrami,ARTHRITIS,26.3,46718
27007,MN,Beltrami,BPHIGH,32.3,46718
27007,MN,Beltrami,CANCER,8.4,46718
27007,MN,Beltrami,CHD,6.9,46718
27007,MN,Beltrami,COPD,6.9,46718
27007,MN,Beltrami,DIABETES,11.3,46718
27007,MN,Beltrami,OBESITY,38.5,46718
27007,MN,Beltrami,STROKE,3.7,46718
27009,MN,Benton,ARTHRITIS,22.2,41600
27009,MN,Benton,BPHIGH,30.8,41600
27009,MN,Benton,CANCER,7.9,41600
27009,MN,Benton,CHD,5.9,41600
27009,MN,Benton,COPD,5.9,41600
27009,MN,Benton,DIABETES,10.2,41600
27009,MN,Benton,OBESITY,41.5,41600
27009,MN,Benton,STROKE,3.1,41600
27011,MN,Big Stone,ARTHRITIS,29.5,5105
27011,MN,Big Stone,BPHIGH,37.0,5105
27011,MN,Big Stone,CANCER,11.4,5105
27011,MN,Big Stone,CHD,8.8,5105
27011,MN,Big Stone,COPD,7.8,5105
27011,MN,Big Stone,DIABETES,13.2,5105
27011,MN,Big Stone,OBESITY,37.6,5105
27011,MN,Big Stone,STROKE,4.4,5105
27013,MN,Blue Earth,ARTHRITIS,20.2,70006
27013,MN,Blue Earth,BPHIGH,28.9,70006
27013,MN,Blue Earth,CANCER,7.1,70006
27013,MN,Blue Earth,CHD,5.5,70006
27013,MN,Blue Earth,COPD,5.4,70006
27013,MN,Blue Earth,DIABETES,9.4,70006
27013,MN,Blue Earth,OBESITY,33.8,70006
27013,MN,Blue Earth,STROKE,2.9,70006
27015,MN,Brown,ARTHRITIS,25.8,25628
27015,MN,Brown,BPHIGH,34.3,25628
27015,MN,Brown,CANCER,9.9,25628
27015,MN,Brown,CHD,7.2,25628
27015,MN,Brown,COPD,6.6,25628
27015,MN,Brown,DIABETES,11.5,25628
27015,MN,Brown,OBESITY,35.5,25628
27015,MN,Brown,STROKE,3.7,25628
27017,MN,Carlton,ARTHRITIS,24.3,36825
27017,MN,Carlton,BPHIGH,33.3,36825
27017,MN,Carlton,CANCER,9.2,36825
27017,MN,Carlton,CHD,6.8,36825
27017,MN,Carlton,COPD,6.4,36825
27017,MN,Carlton,DIABETES,11.7,36825
27017,MN,Carlton,OBESITY,38.8,36825
27017,MN,Carlton,STROKE,3.5,36825
27019,MN,Carver,ARTHRITIS,20.9,111057
27019,MN,Carver,BPHIGH,26.8,111057
27019,MN,Carver,CANCER,8.4,111057
27019,MN,Carver,CHD,5.0,111057
27019,MN,Carver,COPD,4.3,111057
27019,MN,Carver,DIABETES,8.5,111057
27019,MN,Carver,OBESITY,32.0,111057
27019,MN,Carver,STROKE,2.5,111057
27021,MN,Cass,ARTHRITIS,29.5,31446
27021,MN,Cass,BPHIGH,39.2,31446
27021,MN,Cass,CANCER,11.3,31446
27021,MN,Cass,CHD,9.0,31446
27021,MN,Cass,COPD,8.2,31446
27021,MN,Cass,DIABETES,14.2,31446
27021,MN,Cass,OBESITY,36.9,31446
27021,MN,Cass,STROKE,4.4,31446
27023,MN,Chippewa,ARTHRITIS,27.4,12172
27023,MN,Chippewa,BPHIGH,34.8,12172
27023,MN,Chippewa,CANCER,10.0,12172
27023,MN,Chippewa,CHD,8.2,12172
27023,MN,Chippewa,COPD,7.6,12172
27023,MN,Chippewa,DIABETES,12.8,12172
27023,MN,Chippewa,OBESITY,40.4,12172
27023,MN,Chippewa,STROKE,4.1,12172
27025,MN,Chisago,ARTHRITIS,25.3,58535
27025,MN,Chisago,BPHIGH,32.3,58535
27025,MN,Chisago,CANCER,8.9,58535
27025,MN,Chisago,CHD,6.2,58535
27025,MN,Chisago,COPD,5.7,58535
27025,MN,Chisago,DIABETES,10.3,58535
27025,MN,Chisago,OBESITY,36.5,58535
27025,MN,Chisago,STROKE,3.1,58535
27027,MN,Clay,ARTHRITIS,20.1,66258
27027,MN,Clay,BPHIGH,29.8,66258
27027,MN,Clay,CANCER,7.5,66258
27027,MN,Clay,CHD,5.5,66258
27027,MN,Clay,COPD,5.2,66258
27027,MN,Clay,DIABETES,9.3,66258
27027,MN,Clay,OBESITY,32.9,66258
27027,MN,Clay,STROKE,2.8,66258
27029,MN,Clearwater,ARTHRITIS,27.2,8644
27029,MN,Clearwater,BPHIGH,34.8,8644
27029,MN,Clearwater,CANCER,9.8,8644
27029,MN,Clearwater,CHD,8.2,8644
27029,MN,Clearwater,COPD,8.0,8644
27029,MN,Clearwater,DIABETES,12.8,8644
27029,MN,Clearwater,OBESITY,34.5,8644
27029,MN,Clearwater,STROKE,4.3,8644
27031,MN,Cook,ARTHRITIS,28.3,5639
27031,MN,Cook,BPHIGH,37.2,5639
27031,MN,Cook,CANCER,11.7,5639
27031,MN,Cook,CHD,8.1,5639
27031,MN,Cook,COPD,6.6,5639
27031,MN,Cook,DIABETES,12.9,5639
27031,MN,Cook,OBESITY,35.3,5639
27031,MN,Cook,STROKE,4.0,5639
27033,MN,Cottonwood,ARTHRITIS,27.7,11319
27033,MN,Cottonwood,BPHIGH,37.0,11319
27033,MN,Cottonwood,CANCER,10.1,11319
27033,MN,Cottonwood,CHD,8.4,11319
27033,MN,Cottonwood,COPD,7.6,11319
27033,MN,Cottonwood,DIABETES,13.1,11319
27033,MN,Cottonwood,OBESITY,39.2,11319
27033,MN,Cottonwood,STROKE,4.2,11319
27035,MN,Crow Wing,ARTHRITIS,28.0,68304
27035,MN,Crow Wing,BPHIGH,36.3,68304
27035,MN,Crow Wing,CANCER,10.6,68304
27035,MN,Crow Wing,CHD,7.9,68304
27035,MN,Crow Wing,COPD,6.9,68304
27035,MN,Crow Wing,DIABETES,11.8,68304
27035,MN,Crow Wing,OBESITY,37.5,68304
27035,MN,Crow Wing,STROKE,3.8,68304
27037,MN,Dakota,ARTHRITIS,22.1,447440
27037,MN,Dakota,BPHIGH,29.7,447440
27037,MN,Dakota,CANCER,8.3,447440
27037,MN,Dakota,CHD,5.1,447440
27037,MN,Dakota,COPD,4.6,447440
27037,MN,Dakota,DIABETES,9.7,447440
27037,MN,Dakota,OBESITY,34.5,447440
27037,MN,Dakota,STROKE,2.7,447440
27039,MN,Dodge,ARTHRITIS,22.8,21088
27039,MN,Dodge,BPHIGH,29.6,21088
27039,MN,Dodge,CANCER,8.6,21088
27039,MN,Dodge,CHD,5.7,21088
27039,MN,Dodge,COPD,5.1,21088
27039,MN,Dodge,DIABETES,9.6,21088
27039,MN,Dodge,OBESITY,35.2,21088
27039,MN,Dodge,STROKE,2.9,21088
27041,MN,Douglas,ARTHRITIS,27.7,39953
27041,MN,Douglas,BPHIGH,33.5,39953
27041,MN,Douglas,CANCER,10.5,39953
27041,MN,Douglas,CHD,7.3,39953
27041,MN,Douglas,COPD,6.4,39953
27041,MN,Douglas,DIABETES,11.4,39953
27041,MN,Douglas,OBESITY,35.2,39953
27041,MN,Douglas,STROKE,3.7,39953
27043,MN,Faribault,ARTHRITIS,28.1,13873
27043,MN,Faribault,BPHIGH,36.5,13873
27043,MN,Faribault,CANCER,10.3,13873
27043,MN,Faribault,CHD,8.4,13873
27043,MN,Faribault,COPD,7.8,13873
27043,MN,Faribault,DIABETES,12.8,13873
27043,MN,Faribault,OBESITY,37.6,13873
27043,MN,Faribault,STROKE,4.2,13873
27045,MN,Fillmore,ARTHRITIS,26.7,21522
27045,MN,Fillmore,BPHIGH,36.2,21522
27045,MN,Fillmore,CANCER,10.2,21522
27045,MN,Fillmore,CHD,7.5,21522
27045,MN,Fillmore,COPD,6.9,21522
27045,MN,Fillmore,DIABETES,11.8,21522
27045,MN,Fillmore,OBESITY,40.5,21522
27045,MN,Fillmore,STROKE,3.8,21522
27047,MN,Freeborn,ARTHRITIS,27.5,30515
27047,MN,Freeborn,BPHIGH,35.9,30515
27047,MN,Freeborn,CANCER,10.0,30515
27047,MN,Freeborn,CHD,8.1,30515
27047,MN,Freeborn,COPD,7.4,30515
27047,MN,Freeborn,DIABETES,12.9,30515
27047,MN,Freeborn,OBESITY,36.0,30515
27047,MN,Freeborn,STROKE,4.1,30515
27049,MN,Goodhue,ARTHRITIS,24.7,48035
27049,MN,Goodhue,BPHIGH,34.4,48035
27049,MN,Goodhue,CANCER,9.7,48035
27049,MN,Goodhue,CHD,6.9,48035
27049,MN,Goodhue,COPD,6.4,48035
27049,MN,Goodhue,DIABETES,10.9,48035
27049,MN,Goodhue,OBESITY,36.0,48035
27049,MN,Goodhue,STROKE,3.5,48035
27051,MN,Grant,ARTHRITIS,27.7,6139
27051,MN,Grant,BPHIGH,36.9,6139
27051,MN,Grant,CANCER,10.4,6139
27051,MN,Grant,CHD,8.4,6139
27051,MN,Grant,COPD,7.7,6139
27051,MN,Grant,DIABETES,12.7,6139
27051,MN,Grant,OBESITY,39.7,6139
27051,MN,Grant,STROKE,4.1,6139
27053,MN,Hennepin,ARTHRITIS,18.7,1258713
27053,MN,Hennepin,BPHIGH,28.7,1258713
27053,MN,Hennepin,CANCER,7.6,1258713
27053,MN,Hennepin,CHD,5.0,1258713
27053,MN,Hennepin,COPD,4.4,1258713
27053,MN,Hennepin,DIABETES,8.1,1258713
27053,MN,Hennepin,OBESITY,27.1,1258713
27053,MN,Hennepin,STROKE,2.8,1258713
27055,MN,Houston,ARTHRITIS,26.7,18582
27055,MN,Houston,BPHIGH,33.2,18582
27055,MN,Houston,CANCER,10.6,18582
27055,MN,Houston,CHD,7.2,18582
27055,MN,Houston,COPD,6.4,18582
27055,MN,Houston,DIABETES,11.3,18582
27055,MN,Houston,OBESITY,34.1,18582
27055,MN,Houston,STROKE,3.6,18582
27057,MN,Hubbard,ARTHRITIS,29.7,22132
27057,MN,Hubbard,BPHIGH,35.2,22132
27057,MN,Hubbard,CANCER,11.2,22132
27057,MN,Hubbard,CHD,8.3,22132
27057,MN,Hubbard,COPD,7.3,22132
27057,MN,Hubbard,DIABETES,13.3,22132
27057,MN,Hubbard,OBESITY,35.4,22132
27057,MN,Hubbard,STROKE,4.1,22132
27059,MN,Isanti,ARTHRITIS,24.7,43182
27059,MN,Isanti,BPHIGH,31.9,43182
27059,MN,Isanti,CANCER,8.8,43182
27059,MN,Isanti,CHD,6.5,43182
27059,MN,Isanti,COPD,6.3,43182
27059,MN,Isanti,DIABETES,10.5,43182
27059,MN,Isanti,OBESITY,32.8,43182
27059,MN,Isanti,STROKE,3.3,43182
27061,MN,Itasca,ARTHRITIS,28.8,45365
27061,MN,Itasca,BPHIGH,37.8,45365
27061,MN,Itasca,CANCER,10.8,45365
27061,MN,Itasca,CHD,8.3,45365
27061,MN,Itasca,COPD,7.5,45365
27061,MN,Itasca,DIABETES,13.7,45365
27061,MN,Itasca,OBESITY,36.0,45365
27061,MN,Itasca,STROKE,4.1,45365
27063,MN,Jackson,ARTHRITIS,26.5,9919
27063,MN,Jackson,BPHIGH,35.3,9919
27063,MN,Jackson,CANCER,10.4,9919
27063,MN,Jackson,CHD,7.5,9919
27063,MN,Jackson,COPD,6.6,9919
27063,MN,Jackson,DIABETES,11.7,9919
27063,MN,Jackson,OBESITY,35.8,9919
27063,MN,Jackson,STROKE,3.8,9919
27065,MN,Kanabec,ARTHRITIS,28.1,16602
27065,MN,Kanabec,BPHIGH,35.8,16602
27065,MN,Kanabec,CANCER,9.7,16602
27065,MN,Kanabec,CHD,7.8,16602
27065,MN,Kanabec,COPD,7.9,16602
27065,MN,Kanabec,DIABETES,12.8,16602
27065,MN,Kanabec,OBESITY,37.6,16602
27065,MN,Kanabec,STROKE,4.0,16602
27067,MN,Kandiyohi,ARTHRITIS,25.1,43813
27067,MN,Kandiyohi,BPHIGH,33.4,43813
27067,MN,Kandiyohi,CANCER,9.3,43813
27067,MN,Kandiyohi,CHD,7.2,43813
27067,MN,Kandiyohi,COPD,6.6,43813
27067,MN,Kandiyohi,DIABETES,12.3,43813
27067,MN,Kandiyohi,OBESITY,40.6,43813
27067,MN,Kandiyohi,STROKE,3.7,43813
27069,MN,Kittson,ARTHRITIS,28.7,4060
27069,MN,Kittson,BPHIGH,36.9,4060
27069,MN,Kittson,CANCER,11.2,4060
27069,MN,Kittson,CHD,8.2,4060
27069,MN,Kittson,COPD,7.1,4060
27069,MN,Kittson,DIABETES,12.5,4060
27069,MN,Kittson,OBESITY,34.0,4060
27069,MN,Kittson,STROKE,4.0,4060
27071,MN,Koochiching,ARTHRITIS,29.4,11751
27071,MN,Koochiching,BPHIGH,39.0,11751
27071,MN,Koochiching,CANCER,11.3,11751
27071,MN,Koochiching,CHD,8.7,11751
27071,MN,Koochiching,COPD,7.7,11751
27071,MN,Koochiching,DIABETES,13.4,11751
27071,MN,Koochiching,OBESITY,37.0,11751
27071,MN,Koochiching,STROKE,4.3,11751
27073,MN,Lac qui Parle,ARTHRITIS,28.3,6630
27073,MN,Lac qui Parle,BPHIGH,36.3,6630
27073,MN,Lac qui Parle,CANCER,11.4,6630
27073,MN,Lac qui Parle,CHD,8.3,6630
27073,MN,Lac qui Parle,COPD,7.0,6630
27073,MN,Lac qui Parle,DIABETES,12.2,6630
27073,MN,Lac qui Parle,OBESITY,34.0,6630
27073,MN,Lac qui Parle,STROKE,4.0,6630
27075,MN,Lake,ARTHRITIS,29.4,10855
27075,MN,Lake,BPHIGH,35.8,10855
27075,MN,Lake,CANCER,11.3,10855
27075,MN,Lake,CHD,8.4,10855
27075,MN,Lake,COPD,7.4,10855
27075,MN,Lake,DIABETES,12.5,10855
27075,MN,Lake,OBESITY,35.4,10855
27075,MN,Lake,STROKE,4.2,10855
27077,MN,Lake of the Woods,ARTHRITIS,29.0,3778
27077,MN,Lake of the Woods,BPHIGH,37.2,3778
27077,MN,Lake of the Woods,CANCER,11.0,3778
27077,MN,Lake of the Woods,CHD,8.1,3778
27077,MN,Lake of the Woods,COPD,7.3,3778
27077,MN,Lake of the Woods,DIABETES,12.9,3778
27077,MN,Lake of the Woods,OBESITY,36.2,3778
27077,MN,Lake of the Woods,STROKE,4.0,3778
27079,MN,Le Sueur,ARTHRITIS,24.4,29255
27079,MN,Le Sueur,BPHIGH,32.8,29255
27079,MN,Le Sueur,CANCER,9.4,29255
27079,MN,Le Sueur,CHD,6.5,29255
27079,MN,Le Sueur,COPD,5.8,29255
27079,MN,Le Sueur,DIABETES,10.9,29255
27079,MN,Le Sueur,OBESITY,35.3,29255
27079,MN,Le Sueur,STROKE,3.3,29255
27081,MN,Lincoln,ARTHRITIS,27.4,5521
27081,MN,Lincoln,BPHIGH,35.8,5521
27081,MN,Lincoln,CANCER,10.7,5521
27081,MN,Lincoln,CHD,7.9,5521
27081,MN,Lincoln,COPD,7.1,5521
27081,MN,Lincoln,DIABETES,12.0,5521
27081,MN,Lincoln,OBESITY,36.6,5521
27081,MN,Lincoln,STROKE,4.0,5521
27083,MN,Lyon,ARTHRITIS,24.1,25427
27083,MN,Lyon,BPHIGH,31.8,25427
27083,MN,Lyon,CANCER,8.7,25427
27083,MN,Lyon,CHD,6.6,25427
27083,MN,Lyon,COPD,6.2,25427
27083,MN,Lyon,DIABETES,11.0,25427
27083,MN,Lyon,OBESITY,37.9,25427
27083,MN,Lyon,STROKE,3.4,25427
27085,MN,McLeod,ARTHRITIS,26.1,36785
27085,MN,McLeod,BPHIGH,33.5,36785
27085,MN,McLeod,CANCER,9.5,36785
27085,MN,McLeod,CHD,6.8,36785
27085,MN,McLeod,COPD,6.3,36785
27085,MN,McLeod,DIABETES,11.4,36785
27085,MN,McLeod,OBESITY,42.0,36785
27085,MN,McLeod,STROKE,3.5,36785
27087,MN,Mahnomen,ARTHRITIS,29.0,5280
27087,MN,Mahnomen,BPHIGH,38.1,5280
27087,MN,Mahnomen,CANCER,8.8,5280
27087,MN,Mahnomen,CHD,9.7,5280
27087,MN,Mahnomen,COPD,10.2,5280
27087,MN,Mahnomen,DIABETES,16.8,5280
27087,MN,Mahnomen,OBESITY,43.8,5280
27087,MN,Mahnomen,STROKE,5.3,5280
27089,MN,Marshall,ARTHRITIS,27.8,8810
27089,MN,Marshall,BPHIGH,36.1,8810
27089,MN,Marshall,CANCER,10.3,8810
27089,MN,Marshall,CHD,7.8,8810
27089,MN,Marshall,COPD,7.0,8810
27089,MN,Marshall,DIABETES,12.1,8810
27089,MN,Marshall,OBESITY,39.0,8810
27089,MN,Marshall,STROKE,3.9,8810
27091,MN,Martin,ARTHRITIS,27.4,19657
27091,MN,Martin,BPHIGH,35.1,19657
27091,MN,Martin,CANCER,10.6,19657
27091,MN,Martin,CHD,8.3,19657
27091,MN,Martin,COPD,7.5,19657
27091,MN,Martin,DIABETES,13.0,19657
27091,MN,Martin,OBESITY,36.3,19657
27091,MN,Martin,STROKE,4.1,19657
27093,MN,Meeker,ARTHRITIS,25.7,23490
27093,MN,Meeker,BPHIGH,34.2,23490
27093,MN,Meeker,CANCER,9.9,23490
27093,MN,Meeker,CHD,7.4,23490
27093,MN,Meeker,COPD,6.8,23490
27093,MN,Meeker,DIABETES,12.2,23490
27093,MN,Meeker,OBESITY,37.1,23490
27093,MN,Meeker,STROKE,3.7,23490
27095,MN,Mille Lacs,ARTHRITIS,24.8,27427
27095,MN,Mille Lacs,BPHIGH,35.8,27427
27095,MN,Mille Lacs,CANCER,9.3,27427
27095,MN,Mille Lacs,CHD,7.2,27427
27095,MN,Mille Lacs,COPD,7.1,27427
27095,MN,Mille Lacs,DIABETES,12.0,27427
27095,MN,Mille Lacs,OBESITY,38.5,27427
27095,MN,Mille Lacs,STROKE,3.7,27427
27097,MN,Morrison,ARTHRITIS,28.0,34250
27097,MN,Morrison,BPHIGH,35.4,34250
27097,MN,Morrison,CANCER,9.8,34250
27097,MN,Morrison,CHD,7.7,34250
27097,MN,Morrison,COPD,7.2,34250
27097,MN,Morrison,DIABETES,12.0,34250
27097,MN,Morrison,OBESITY,37.2,34250
27097,MN,Morrison,STROKE,3.8,34250
27099,MN,Mower,ARTHRITIS,24.8,40058
27099,MN,Mower,BPHIGH,33.2,40058
27099,MN,Mower,CANCER,8.8,40058
27099,MN,Mower,CHD,7.0,40058
27099,MN,Mower,COPD,6.7,40058
27099,MN,Mower,DIABETES,11.8,40058
27099,MN,Mower,OBESITY,37.9,40058
27099,MN,Mower,STROKE,3.7,40058
27101,MN,Murray,ARTHRITIS,28.6,8049
27101,MN,Murray,BPHIGH,36.8,8049
27101,MN,Murray,CANCER,11.1,8049
27101,MN,Murray,CHD,8.4,8049
27101,MN,Murray,COPD,7.2,8049
27101,MN,Murray,DIABETES,12.6,8049
27101,MN,Murray,OBESITY,36.3,8049
27101,MN,Murray,STROKE,4.1,8049
27103,MN,Nicollet,ARTHRITIS,22.6,34242
27103,MN,Nicollet,BPHIGH,29.5,34242
27103,MN,Nicollet,CANCER,8.5,34242
27103,MN,Nicollet,CHD,6.0,34242
27103,MN,Nicollet,COPD,5.5,34242
27103,MN,Nicollet,DIABETES,9.8,34242
27103,MN,Nicollet,OBESITY,33.2,34242
27103,MN,Nicollet,STROKE,3.1,34242
27105,MN,Nobles,ARTHRITIS,23.7,21727
27105,MN,Nobles,BPHIGH,33.0,21727
27105,MN,Nobles,CANCER,8.1,21727
27105,MN,Nobles,CHD,7.7,21727
27105,MN,Nobles,COPD,7.3,21727
27105,MN,Nobles,DIABETES,13.5,21727
27105,MN,Nobles,OBESITY,38.6,21727
27105,MN,Nobles,STROKE,4.0,21727
27107,MN,Norman,ARTHRITIS,26.8,6329
27107,MN,Norman,BPHIGH,36.8,6329
27107,MN,Norman,CANCER,10.0,6329
27107,MN,Norman,CHD,7.9,6329
27107,MN,Norman,COPD,7.3,6329
27107,MN,Norman,DIABETES,12.5,6329
27107,MN,Norman,OBESITY,35.6,6329
27107,MN,Norman,STROKE,4.0,6329
27109,MN,Olmsted,ARTHRITIS,21.9,164784
27109,MN,Olmsted,BPHIGH,30.1,164784
27109,MN,Olmsted,CANCER,8.6,164784
27109,MN,Olmsted,CHD,5.5,164784
27109,MN,Olmsted,COPD,4.7,164784
27109,MN,Olmsted,DIABETES,9.5,164784
27109,MN,Olmsted,OBESITY,36.4,164784
27109,MN,Olmsted,STROKE,2.8,164784
27111,MN,Otter Tail,ARTHRITIS,28.7,60626
27111,MN,Otter Tail,BPHIGH,33.5,60626
27111,MN,Otter Tail,CANCER,11.1,60626
27111,MN,Otter Tail,CHD,8.1,60626
27111,MN,Otter Tail,COPD,7.2,60626
27111,MN,Otter Tail,DIABETES,12.1,60626
27111,MN,Otter Tail,OBESITY,34.3,60626
27111,MN,Otter Tail,STROKE,4.0,60626
27113,MN,Pennington,ARTHRITIS,25.1,13714
27113,MN,Pennington,BPHIGH,34.2,13714
27113,MN,Pennington,CANCER,9.3,13714
27113,MN,Pennington,CHD,6.8,13714
27113,MN,Pennington,COPD,6.3,13714
27113,MN,Pennington,DIABETES,11.2,13714
27113,MN,Pennington,OBESITY,40.2,13714
27113,MN,Pennington,STROKE,3.5,13714
27115,MN,Pine,ARTHRITIS,27.9,30197
27115,MN,Pine,BPHIGH,38.5,30197
27115,MN,Pine,CANCER,9.8,30197
27115,MN,Pine,CHD,8.1,30197
27115,MN,Pine,COPD,7.8,30197
27115,MN,Pine,DIABETES,13.1,30197
27115,MN,Pine,OBESITY,39.6,30197
27115,MN,Pine,STROKE,4.1,30197
27117,MN,Pipestone,ARTHRITIS,27.2,9245
27117,MN,Pipestone,BPHIGH,36.3,9245
27117,MN,Pipestone,CANCER,10.0,9245
27117,MN,Pipestone,CHD,7.9,9245
27117,MN,Pipestone,COPD,7.5,9245
27117,MN,Pipestone,DIABETES,12.7,9245
27117,MN,Pipestone,OBESITY,38.5,9245
27117,MN,Pipestone,STROKE,4.1,9245
27119,MN,Polk,ARTHRITIS,25.5,30412
27119,MN,Polk,BPHIGH,32.0,30412
27119,MN,Polk,CANCER,9.3,30412
27119,MN,Polk,CHD,7.1,30412
27119,MN,Polk,COPD,6.7,30412
27119,MN,Polk,DIABETES,11.3,30412
27119,MN,Polk,OBESITY,39.4,30412
27119,MN,Polk,STROKE,3.6,30412
27121,MN,Pope,ARTHRITIS,28.2,11400
27121,MN,Pope,BPHIGH,36.8,11400
27121,MN,Pope,CANCER,10.9,11400
27121,MN,Pope,CHD,8.1,11400
27121,MN,Pope,COPD,7.1,11400
27121,MN,Pope,DIABETES,12.2,11400
27121,MN,Pope,OBESITY,38.9,11400
27121,MN,Pope,STROKE,4.0,11400
27123,MN,Ramsey,ARTHRITIS,20.6,536075
27123,MN,Ramsey,BPHIGH,30.1,536075
27123,MN,Ramsey,CANCER,7.7,536075
27123,MN,Ramsey,CHD,5.7,536075
27123,MN,Ramsey,COPD,5.2,536075
27123,MN,Ramsey,DIABETES,10.5,536075
27123,MN,Ramsey,OBESITY,32.1,536075
27123,MN,Ramsey,STROKE,3.0,536075
27125,MN,Red Lake,ARTHRITIS,27.2,3911
27125,MN,Red Lake,BPHIGH,35.6,3911
27125,MN,Red Lake,CANCER,10.3,3911
27125,MN,Red Lake,CHD,7.7,3911
27125,MN,Red Lake,COPD,6.8,3911
27125,MN,Red Lake,DIABETES,12.0,3911
27125,MN,Red Lake,OBESITY,38.6,3911
27125,MN,Red Lake,STROKE,3.8,3911
27127,MN,Redwood,ARTHRITIS,27.2,15288
27127,MN,Redwood,BPHIGH,35.1,15288
27127,MN,Redwood,CANCER,9.9,15288
27127,MN,Redwood,CHD,7.9,15288
27127,MN,Redwood,COPD,7.4,15288
27127,MN,Redwood,DIABETES,12.8,15288
27127,MN,Redwood,OBESITY,36.5,15288
27127,MN,Redwood,STROKE,4.1,15288
27129,MN,Renville,ARTHRITIS,26.6,14348
27129,MN,Renville,BPHIGH,35.6,14348
27129,MN,Renville,CANCER,9.9,14348
27129,MN,Renville,CHD,8.0,14348
27129,MN,Renville,COPD,7.5,14348
27129,MN,Renville,DIABETES,13.1,14348
27129,MN,Renville,OBESITY,38.8,14348
27129,MN,Renville,STROKE,4.0,14348
27131,MN,Rice,ARTHRITIS,22.1,67948
27131,MN,Rice,BPHIGH,31.8,67948
27131,MN,Rice,CANCER,8.0,67948
27131,MN,Rice,CHD,6.0,67948
27131,MN,Rice,COPD,5.5,67948
27131,MN,Rice,DIABETES,10.1,67948
27131,MN,Rice,OBESITY,37.5,67948
27131,MN,Rice,STROKE,3.1,67948
27133,MN,Rock,ARTHRITIS,25.4,9551
27133,MN,Rock,BPHIGH,33.2,9551
27133,MN,Rock,CANCER,9.7,9551
27133,MN,Rock,CHD,7.2,9551
27133,MN,Rock,COPD,6.7,9551
27133,MN,Rock,DIABETES,11.4,9551
27133,MN,Rock,OBESITY,36.6,9551
27133,MN,Rock,STROKE,3.7,9551
27135,MN,Roseau,ARTHRITIS,25.6,15252
27135,MN,Roseau,BPHIGH,32.5,15252
27135,MN,Roseau,CANCER,9.5,15252
27135,MN,Roseau,CHD,7.2,15252
27135,MN,Roseau,COPD,6.8,15252
27135,MN,Roseau,DIABETES,11.8,15252
27135,MN,Roseau,OBESITY,35.9,15252
27135,MN,Roseau,STROKE,3.7,15252
27137,MN,St. Louis,ARTHRITIS,25.3,200514
27137,MN,St. Louis,BPHIGH,32.1,200514
27137,MN,St. Louis,CANCER,9.2,200514
27137,MN,St. Louis,CHD,7.0,200514
27137,MN,St. Louis,COPD,6.5,200514
27137,MN,St. Louis,DIABETES,11.2,200514
27137,MN,St. Louis,OBESITY,35.2,200514
27137,MN,St. Louis,STROKE,3.5,200514
27139,MN,Scott,ARTHRITIS,19.9,155814
27139,MN,Scott,BPHIGH,30.3,155814
27139,MN,Scott,CANCER,7.6,155814
27139,MN,Scott,CHD,4.8,155814
27139,MN,Scott,COPD,4.3,155814
27139,MN,Scott,DIABETES,9.4,155814
27139,MN,Scott,OBESITY,32.0,155814
27139,MN,Scott,STROKE,2.5,155814
27141,MN,Sherburne,ARTHRITIS,21.3,102206
27141,MN,Sherburne,BPHIGH,28.7,102206
27141,MN,Sherburne,CANCER,7.6,102206
27141,MN,Sherburne,CHD,5.0,102206
27141,MN,Sherburne,COPD,4.9,102206
27141,MN,Sherburne,DIABETES,9.0,102206
27141,MN,Sherburne,OBESITY,39.0,102206
27141,MN,Sherburne,STROKE,2.6,102206
27143,MN,Sibley,ARTHRITIS,25.6,15084
27143,MN,Sibley,BPHIGH,34.0,15084
27143,MN,Sibley,CANCER,9.3,15084
27143,MN,Sibley,CHD,7.2,15084
27143,MN,Sibley,COPD,6.7,15084
27143,MN,Sibley,DIABETES,11.5,15084
27143,MN,Sibley,OBESITY,38.8,15084
27143,MN,Sibley,STROKE,3.6,15084
27145,MN,Stearns,ARTHRITIS,21.8,160977
27145,MN,Stearns,BPHIGH,30.1,160977
27145,MN,Stearns,CANCER,8.2,160977
27145,MN,Stearns,CHD,6.1,160977
27145,MN,Stearns,COPD,5.8,160977
27145,MN,Stearns,DIABETES,10.1,160977
27145,MN,Stearns,OBESITY,36.0,160977
27145,MN,Stearns,STROKE,3.2,160977
27147,MN,Steele,ARTHRITIS,24.6,37421
27147,MN,Steele,BPHIGH,33.3,37421
27147,MN,Steele,CANCER,9.3,37421
27147,MN,Steele,CHD,6.7,37421
27147,MN,Steele,COPD,6.1,37421
27147,MN,Steele,DIABETES,10.9,37421
27147,MN,Steele,OBESITY,37.4,37421
27147,MN,Steele,STROKE,3.4,37421
27149,MN,Stevens,ARTHRITIS,22.0,9728
27149,MN,Stevens,BPHIGH,28.7,9728
27149,MN,Stevens,CANCER,8.0,9728
27149,MN,Stevens,CHD,6.0,9728
27149,MN,Stevens,COPD,5.5,9728
27149,MN,Stevens,DIABETES,9.7,9728
27149,MN,Stevens,OBESITY,36.8,9728
27149,MN,Stevens,STROKE,3.0,9728
27151,MN,Swift,ARTHRITIS,28.1,9719
27151,MN,Swift,BPHIGH,37.9,9719
27151,MN,Swift,CANCER,10.5,9719
27151,MN,Swift,CHD,8.6,9719
27151,MN,Swift,COPD,7.8,9719
27151,MN,Swift,DIABETES,13.2,9719
27151,MN,Swift,OBESITY,38.4,9719
27151,MN,Swift,STROKE,4.3,9719
27153,MN,Todd,ARTHRITIS,28.8,25667
27153,MN,Todd,BPHIGH,38.0,25667
27153,MN,Todd,CANCER,10.3,25667
27153,MN,Todd,CHD,8.7,25667
27153,MN,Todd,COPD,8.3,25667
27153,MN,Todd,DIABETES,13.3,25667
27153,MN,Todd,OBESITY,39.3,25667
27153,MN,Todd,STROKE,4.4,25667
27155,MN,Traverse,ARTHRITIS,29.1,3136
27155,MN,Traverse,BPHIGH,37.9,3136
27155,MN,Traverse,CANCER,11.0,3136
27155,MN,Traverse,CHD,8.7,3136
27155,MN,Traverse,COPD,7.7,3136
27155,MN,Traverse,DIABETES,13.2,3136
27155,MN,Traverse,OBESITY,38.7,3136
27155,MN,Traverse,STROKE,4.4,3136
27157,MN,Wabasha,ARTHRITIS,27.8,21683
27157,MN,Wabasha,BPHIGH,33.6,21683
27157,MN,Wabasha,CANCER,10.6,21683
27157,MN,Wabasha,CHD,7.4,21683
27157,MN,Wabasha,COPD,6.5,21683
27157,MN,Wabasha,DIABETES,11.6,21683
27157,MN,Wabasha,OBESITY,37.5,21683
27157,MN,Wabasha,STROKE,3.7,21683
27159,MN,Wadena,ARTHRITIS,27.9,14241
27159,MN,Wadena,BPHIGH,34.9,14241
27159,MN,Wadena,CANCER,9.7,14241
27159,MN,Wadena,CHD,7.9,14241
27159,MN,Wadena,COPD,7.8,14241
27159,MN,Wadena,DIABETES,12.7,14241
27159,MN,Wadena,OBESITY,38.4,14241
27159,MN,Wadena,STROKE,4.1,14241
27161,MN,Waseca,ARTHRITIS,25.0,18981
27161,MN,Waseca,BPHIGH,32.4,18981
27161,MN,Waseca,CANCER,9.0,18981
27161,MN,Waseca,CHD,6.8,18981
27161,MN,Waseca,COPD,6.5,18981
27161,MN,Waseca,DIABETES,11.4,18981
27161,MN,Waseca,OBESITY,39.1,18981
27161,MN,Waseca,STROKE,3.5,18981
27163,MN,Washington,ARTHRITIS,21.3,278936
27163,MN,Washington,BPHIGH,29.4,278936
27163,MN,Washington,CANCER,8.8,278936
27163,MN,Washington,CHD,5.2,278936
27163,MN,Washington,COPD,4.5,278936
27163,MN,Washington,DIABETES,10.3,278936
27163,MN,Washington,OBESITY,32.5,278936
27163,MN,Washington,STROKE,2.7,278936
27165,MN,Watonwan,ARTHRITIS,25.6,11077
27165,MN,Watonwan,BPHIGH,34.5,11077
27165,MN,Watonwan,CANCER,9.2,11077
27165,MN,Watonwan,CHD,7.6,11077
27165,MN,Watonwan,COPD,6.9,11077
27165,MN,Watonwan,DIABETES,12.9,11077
27165,MN,Watonwan,OBESITY,36.8,11077
27165,MN,Watonwan,STROKE,3.9,11077
27167,MN,Wilkin,ARTHRITIS,26.8,6306
27167,MN,Wilkin,BPHIGH,35.4,6306
27167,MN,Wilkin,CANCER,9.6,6306
27167,MN,Wilkin,CHD,7.6,6306
27167,MN,Wilkin,COPD,7.3,6306
27167,MN,Wilkin,DIABETES,12.3,6306
27167,MN,Wilkin,OBESITY,38.6,6306
27167,MN,Wilkin,STROKE,3.9,6306
27169,MN,Winona,ARTHRITIS,21.8,49721
27169,MN,Winona,BPHIGH,30.0,49721
27169,MN,Winona,CANCER,8.3,49721
27169,MN,Winona,CHD,6.1,49721
27169,MN,Winona,COPD,5.8,49721
27169,MN,Winona,DIABETES,9.8,49721
27169,MN,Winona,OBESITY,33.8,49721
27169,MN,Winona,STROKE,3.1,49721
27171,MN,Wright,ARTHRITIS,22.4,151150
27171,MN,Wright,BPHIGH,30.8,151150
27171,MN,Wright,CANCER,8.2,151150
27171,MN,Wright,CHD,5.2,151150
27171,MN,Wright,COPD,4.9,151150
27171,MN,Wright,DIABETES,9.2,151150
27171,MN,Wright,OBESITY,35.4,151150
27171,MN,Wright,STROKE,2.7,151150
27173,MN,Yellow Medicine,ARTHRITIS,27.7,9467
27173,MN,Yellow Medicine,BPHIGH,35.6,9467
27173,MN,Yellow Medicine,CANCER,9.8,9467
27173,MN,Yellow Medicine,CHD,7.7,9467
27173,MN,Yellow Medicine,COPD,7.2,9467
27173,MN,Yellow Medicine,DIABETES,12.4,9467
27173,MN,Yellow Medicine,OBESITY,38.8,9467
27173,MN,Yellow Medicine,STROKE,3.9,9467
28001,MS,Adams,ARTHRITIS,33.8,28746
28001,MS,Adams,BPHIGH,51.7,28746
28001,MS,Adams,CANCER,7.7,28746
28001,MS,Adams,CHD,9.7,28746
28001,MS,Adams,COPD,11.0,28746
28001,MS,Adams,DIABETES,20.6,28746
28001,MS,Adams,OBESITY,41.2,28746
28001,MS,Adams,STROKE,6.3,28746
28003,MS,Alcorn,ARTHRITIS,32.0,34135
28003,MS,Alcorn,BPHIGH,45.7,34135
28003,MS,Alcorn,CANCER,8.9,34135
28003,MS,Alcorn,CHD,8.3,34135
28003,MS,Alcorn,COPD,9.9,34135
28003,MS,Alcorn,DIABETES,15.0,34135
28003,MS,Alcorn,OBESITY,40.0,34135
28003,MS,Alcorn,STROKE,4.5,34135
28005,MS,Amite,ARTHRITIS,37.5,12442
28005,MS,Amite,BPHIGH,52.4,12442
28005,MS,Amite,CANCER,9.5,12442
28005,MS,Amite,CHD,10.9,12442
28005,MS,Amite,COPD,12.2,12442
28005,MS,Amite,DIABETES,20.6,12442
28005,MS,Amite,OBESITY,45.0,12442
28005,MS,Amite,STROKE,6.5,12442
28007,MS,Attala,ARTHRITIS,33.5,17359
28007,MS,Attala,BPHIGH,48.4,17359
28007,MS,Attala,CANCER,8.1,17359
28007,MS,Attala,CHD,8.5,17359
28007,MS,Attala,COPD,9.8,17359
28007,MS,Attala,DIABETES,16.9,17359
28007,MS,Attala,OBESITY,42.6,17359
28007,MS,Attala,STROKE,5.3,17359
28009,MS,Benton,ARTHRITIS,33.5,7438
28009,MS,Benton,BPHIGH,48.3,7438
28009,MS,Benton,CANCER,8.3,7438
28009,MS,Benton,CHD,8.8,7438
28009,MS,Benton,COPD,10.2,7438
28009,MS,Benton,DIABETES,17.4,7438
28009,MS,Benton,OBESITY,42.4,7438
28009,MS,Benton,STROKE,5.2,7438
28011,MS,Bolivar,ARTHRITIS,33.5,28968
28011,MS,Bolivar,BPHIGH,51.9,28968
28011,MS,Bolivar,CANCER,6.7,28968
28011,MS,Bolivar,CHD,8.9,28968
28011,MS,Bolivar,COPD,10.7,28968
28011,MS,Bolivar,DIABETES,20.5,28968
28011,MS,Bolivar,OBESITY,46.5,28968
28011,MS,Bolivar,STROKE,6.1,28968
28013,MS,Calhoun,ARTHRITIS,34.4,12685
28013,MS,Calhoun,BPHIGH,49.0,12685
28013,MS,Calhoun,CANCER,8.7,12685
28013,MS,Calhoun,CHD,9.5,12685
28013,MS,Calhoun,COPD,11.4,12685
28013,MS,Calhoun,DIABETES,18.2,12685
28013,MS,Calhoun,OBESITY,41.1,12685
28013,MS,Calhoun,STROKE,5.6,12685
28015,MS,Carroll,ARTHRITIS,34.8,9535
28015,MS,Carroll,BPHIGH,50.1,9535
28015,MS,Carroll,CANCER,9.3,9535
28015,MS,Carroll,CHD,10.3,9535
28015,MS,Carroll,COPD,11.3,9535
28015,MS,Carroll,DIABETES,18.6,9535
28015,MS,Carroll,OBESITY,40.0,9535
28015,MS,Carroll,STROKE,5.9,9535
28017,MS,Chickasaw,ARTHRITIS,32.6,16866
28017,MS,Chickasaw,BPHIGH,47.8,16866
28017,MS,Chickasaw,CANCER,7.6,16866
28017,MS,Chickasaw,CHD,8.8,16866
28017,MS,Chickasaw,COPD,10.6,16866
28017,MS,Chickasaw,DIABETES,18.4,16866
28017,MS,Chickasaw,OBESITY,43.3,16866
28017,MS,Chickasaw,STROKE,5.6,16866
28019,MS,Choctaw,ARTHRITIS,34.0,8088
28019,MS,Choctaw,BPHIGH,47.9,8088
28019,MS,Choctaw,CANCER,9.5,8088
28019,MS,Choctaw,CHD,9.0,8088
28019,MS,Choctaw,COPD,9.7,8088
28019,MS,Choctaw,DIABETES,16.9,8088
28019,MS,Choctaw,OBESITY,40.2,8088
28019,MS,Choctaw,STROKE,5.2,8088
28021,MS,Claiborne,ARTHRITIS,30.5,8617
28021,MS,Claiborne,BPHIGH,51.2,8617
28021,MS,Claiborne,CANCER,5.7,8617
28021,MS,Claiborne,CHD,8.5,8617
28021,MS,Claiborne,COPD,9.8,8617
28021,MS,Claiborne,DIABETES,20.4,8617
28021,MS,Claiborne,OBESITY,47.8,8617
28021,MS,Claiborne,STROKE,6.1,8617
28023,MS,Clarke,ARTHRITIS,34.8,15228
28023,MS,Clarke,BPHIGH,49.5,15228
28023,MS,Clarke,CANCER,8.9,15228
28023,MS,Clarke,CHD,9.3,15228
28023,MS,Clarke,COPD,10.6,15228
28023,MS,Clarke,DIABETES,17.8,15228
28023,MS,Clarke,OBESITY,38.6,15228
28023,MS,Clarke,STROKE,5.5,15228
28025,MS,Clay,ARTHRITIS,33.0,18206
28025,MS,Clay,BPHIGH,50.5,18206
28025,MS,Clay,CANCER,7.4,18206
28025,MS,Clay,CHD,8.8,18206
28025,MS,Clay,COPD,10.3,18206
28025,MS,Clay,DIABETES,19.1,18206
28025,MS,Clay,OBESITY,47.6,18206
28025,MS,Clay,STROKE,5.8,18206
28027,MS,Coahoma,ARTHRITIS,33.3,20077
28027,MS,Coahoma,BPHIGH,53.4,20077
28027,MS,Coahoma,CANCER,6.2,20077
28027,MS,Coahoma,CHD,9.1,20077
28027,MS,Coahoma,COPD,11.1,20077
28027,MS,Coahoma,DIABETES,21.8,20077
28027,MS,Coahoma,OBESITY,46.4,20077
28027,MS,Coahoma,STROKE,6.5,20077
28029,MS,Copiah,ARTHRITIS,32.3,27664
28029,MS,Copiah,BPHIGH,48.6,27664
28029,MS,Copiah,CANCER,7.7,27664
28029,MS,Copiah,CHD,8.5,27664
28029,MS,Copiah,COPD,9.7,27664
28029,MS,Copiah,DIABETES,18.2,27664
28029,MS,Copiah,OBESITY,41.8,27664
28029,MS,Copiah,STROKE,5.4,27664
28031,MS,Covington,ARTHRITIS,30.9,18059
28031,MS,Covington,BPHIGH,46.3,18059
28031,MS,Covington,CANCER,7.9,18059
28031,MS,Covington,CHD,7.9,18059
28031,MS,Covington,COPD,9.1,18059
28031,MS,Covington,DIABETES,15.6,18059
28031,MS,Covington,OBESITY,40.4,18059
28031,MS,Covington,STROKE,4.7,18059
28033,MS,DeSoto,ARTHRITIS,26.3,193247
28033,MS,DeSoto,BPHIGH,40.0,193247
28033,MS,DeSoto,CANCER,7.0,193247
28033,MS,DeSoto,CHD,5.6,193247
28033,MS,DeSoto,COPD,6.2,193247
28033,MS,DeSoto,DIABETES,12.4,193247
28033,MS,DeSoto,OBESITY,37.3,193247
28033,MS,DeSoto,STROKE,3.4,193247
28035,MS,Forrest,ARTHRITIS,26.4,78208
28035,MS,Forrest,BPHIGH,39.5,78208
28035,MS,Forrest,CANCER,6.6,78208
28035,MS,Forrest,CHD,6.2,78208
28035,MS,Forrest,COPD,7.4,78208
28035,MS,Forrest,DIABETES,13.1,78208
28035,MS,Forrest,OBESITY,35.8,78208
28035,MS,Forrest,STROKE,3.8,78208
28037,MS,Franklin,ARTHRITIS,35.0,7610
28037,MS,Franklin,BPHIGH,50.3,7610
28037,MS,Franklin,CANCER,8.9,7610
28037,MS,Franklin,CHD,9.7,7610
28037,MS,Franklin,COPD,11.3,7610
28037,MS,Franklin,DIABETES,18.5,7610
28037,MS,Franklin,OBESITY,40.4,7610
28037,MS,Franklin,STROKE,5.7,7610
28039,MS,George,ARTHRITIS,29.0,25619
28039,MS,George,BPHIGH,39.8,25619
28039,MS,George,CANCER,8.0,25619
28039,MS,George,CHD,7.2,25619
28039,MS,George,COPD,8.7,25619
28039,MS,George,DIABETES,13.1,25619
28039,MS,George,OBESITY,37.2,25619
28039,MS,George,STROKE,3.9,25619
28041,MS,Greene,ARTHRITIS,28.3,13601
28041,MS,Greene,BPHIGH,43.1,13601
28041,MS,Greene,CANCER,7.3,13601
28041,MS,Greene,CHD,7.4,13601
28041,MS,Greene,COPD,8.8,13601
28041,MS,Greene,DIABETES,14.0,13601
28041,MS,Greene,OBESITY,41.9,13601
28041,MS,Greene,STROKE,4.2,13601
28043,MS,Grenada,ARTHRITIS,32.0,21065
28043,MS,Grenada,BPHIGH,48.2,21065
28043,MS,Grenada,CANCER,8.0,21065
28043,MS,Grenada,CHD,8.5,21065
28043,MS,Grenada,COPD,9.9,21065
28043,MS,Grenada,DIABETES,17.6,21065
28043,MS,Grenada,OBESITY,46.1,21065
28043,MS,Grenada,STROKE,5.3,21065
28045,MS,Hancock,ARTHRITIS,33.0,46159
28045,MS,Hancock,BPHIGH,43.3,46159
28045,MS,Hancock,CANCER,10.0,46159
28045,MS,Hancock,CHD,8.2,46159
28045,MS,Hancock,COPD,8.8,46159
28045,MS,Hancock,DIABETES,14.3,46159
28045,MS,Hancock,OBESITY,37.3,46159
28045,MS,Hancock,STROKE,4.3,46159
28047,MS,Harrison,ARTHRITIS,28.3,210612
28047,MS,Harrison,BPHIGH,42.3,210612
28047,MS,Harrison,CANCER,7.9,210612
28047,MS,Harrison,CHD,7.2,210612
28047,MS,Harrison,COPD,8.0,210612
28047,MS,Harrison,DIABETES,14.1,210612
28047,MS,Harrison,OBESITY,36.5,210612
28047,MS,Harrison,STROKE,4.0,210612
28049,MS,Hinds,ARTHRITIS,28.1,214870
28049,MS,Hinds,BPHIGH,47.9,214870
28049,MS,Hinds,CANCER,6.1,214870
28049,MS,Hinds,CHD,7.0,214870
28049,MS,Hinds,COPD,7.7,214870
28049,MS,Hinds,DIABETES,17.0,214870
28049,MS,Hinds,OBESITY,44.0,214870
28049,MS,Hinds,STROKE,4.9,214870
28051,MS,Holmes,ARTHRITIS,34.1,15777
28051,MS,Holmes,BPHIGH,55.3,15777
28051,MS,Holmes,CANCER,5.8,15777
28051,MS,Holmes,CHD,9.4,15777
28051,MS,Holmes,COPD,11.6,15777
28051,MS,Holmes,DIABETES,23.3,15777
28051,MS,Holmes,OBESITY,50.7,15777
28051,MS,Holmes,STROKE,7.0,15777
28053,MS,Humphreys,ARTHRITIS,36.2,7216
28053,MS,Humphreys,BPHIGH,57.3,7216
28053,MS,Humphreys,CANCER,6.8,7216
28053,MS,Humphreys,CHD,10.8,7216
28053,MS,Humphreys,COPD,13.4,7216
28053,MS,Humphreys,DIABETES,24.7,7216
28053,MS,Humphreys,OBESITY,52.4,7216
28053,MS,Humphreys,STROKE,7.7,7216
28055,MS,Issaquena,ARTHRITIS,25.7,1256
28055,MS,Issaquena,BPHIGH,46.1,1256
28055,MS,Issaquena,CANCER,5.3,1256
28055,MS,Issaquena,CHD,7.8,1256
28055,MS,Issaquena,COPD,9.5,1256
28055,MS,Issaquena,DIABETES,16.4,1256
28055,MS,Issaquena,OBESITY,45.3,1256
28055,MS,Issaquena,STROKE,5.1,1256
28057,MS,Itawamba,ARTHRITIS,29.5,24093
28057,MS,Itawamba,BPHIGH,40.0,24093
28057,MS,Itawamba,CANCER,8.6,24093
28057,MS,Itawamba,CHD,7.1,24093
28057,MS,Itawamba,COPD,8.2,24093
28057,MS,Itawamba,DIABETES,12.2,24093
28057,MS,Itawamba,OBESITY,36.2,24093
28057,MS,Itawamba,STROKE,3.7,24093
28059,MS,Jackson,ARTHRITIS,29.2,146389
28059,MS,Jackson,BPHIGH,45.0,146389
28059,MS,Jackson,CANCER,8.1,146389
28059,MS,Jackson,CHD,7.1,146389
28059,MS,Jackson,COPD,7.7,146389
28059,MS,Jackson,DIABETES,15.0,146389
28059,MS,Jackson,OBESITY,40.7,146389
28059,MS,Jackson,STROKE,4.0,146389
28061,MS,Jasper,ARTHRITIS,34.0,16013
28061,MS,Jasper,BPHIGH,50.6,16013
28061,MS,Jasper,CANCER,8.1,16013
28061,MS,Jasper,CHD,9.1,16013
28061,MS,Jasper,COPD,10.0,16013
28061,MS,Jasper,DIABETES,19.0,16013
28061,MS,Jasper,OBESITY,44.9,16013
28061,MS,Jasper,STROKE,5.8,16013
28063,MS,Jefferson,ARTHRITIS,34.2,6941
28063,MS,Jefferson,BPHIGH,57.1,6941
28063,MS,Jefferson,CANCER,6.3,6941
28063,MS,Jefferson,CHD,9.8,6941
28063,MS,Jefferson,COPD,11.5,6941
28063,MS,Jefferson,DIABETES,23.6,6941
28063,MS,Jefferson,OBESITY,51.5,6941
28063,MS,Jefferson,STROKE,7.2,6941
28065,MS,Jefferson Davis,ARTHRITIS,36.3,10969
28065,MS,Jefferson Davis,BPHIGH,54.8,10969
28065,MS,Jefferson Davis,CANCER,8.3,10969
28065,MS,Jefferson Davis,CHD,10.3,10969
28065,MS,Jefferson Davis,COPD,11.6,10969
28065,MS,Jefferson Davis,DIABETES,21.8,10969
28065,MS,Jefferson Davis,OBESITY,45.4,10969
28065,MS,Jefferson Davis,STROKE,6.8,10969
28067,MS,Jones,ARTHRITIS,31.4,66250
28067,MS,Jones,BPHIGH,46.5,66250
28067,MS,Jones,CANCER,8.3,66250
28067,MS,Jones,CHD,8.1,66250
28067,MS,Jones,COPD,9.3,66250
28067,MS,Jones,DIABETES,16.0,66250
28067,MS,Jones,OBESITY,41.6,66250
28067,MS,Jones,STROKE,4.7,66250
28069,MS,Kemper,ARTHRITIS,31.9,8584
28069,MS,Kemper,BPHIGH,49.9,8584
28069,MS,Kemper,CANCER,7.5,8584
28069,MS,Kemper,CHD,8.9,8584
28069,MS,Kemper,COPD,9.5,8584
28069,MS,Kemper,DIABETES,18.4,8584
28069,MS,Kemper,OBESITY,43.7,8584
28069,MS,Kemper,STROKE,5.7,8584
28071,MS,Lafayette,ARTHRITIS,23.8,58467
28071,MS,Lafayette,BPHIGH,34.1,58467
28071,MS,Lafayette,CANCER,6.4,58467
28071,MS,Lafayette,CHD,5.4,58467
28071,MS,Lafayette,COPD,6.2,58467
28071,MS,Lafayette,DIABETES,10.9,58467
28071,MS,Lafayette,OBESITY,34.4,58467
28071,MS,Lafayette,STROKE,3.1,58467
28073,MS,Lamar,ARTHRITIS,28.0,66217
28073,MS,Lamar,BPHIGH,40.5,66217
28073,MS,Lamar,CANCER,8.1,66217
28073,MS,Lamar,CHD,6.4,66217
28073,MS,Lamar,COPD,7.1,66217
28073,MS,Lamar,DIABETES,12.4,66217
28073,MS,Lamar,OBESITY,38.7,66217
28073,MS,Lamar,STROKE,3.6,66217
28075,MS,Lauderdale,ARTHRITIS,32.3,70527
28075,MS,Lauderdale,BPHIGH,47.5,70527
28075,MS,Lauderdale,CANCER,7.9,70527
28075,MS,Lauderdale,CHD,8.4,70527
28075,MS,Lauderdale,COPD,9.7,70527
28075,MS,Lauderdale,DIABETES,16.7,70527
28075,MS,Lauderdale,OBESITY,42.1,70527
28075,MS,Lauderdale,STROKE,5.2,70527
28077,MS,Lawrence,ARTHRITIS,34.3,11741
28077,MS,Lawrence,BPHIGH,50.2,11741
28077,MS,Lawrence,CANCER,8.3,11741
28077,MS,Lawrence,CHD,9.6,11741
28077,MS,Lawrence,COPD,11.8,11741
28077,MS,Lawrence,DIABETES,18.8,11741
28077,MS,Lawrence,OBESITY,46.3,11741
28077,MS,Lawrence,STROKE,5.8,11741
28079,MS,Leake,ARTHRITIS,31.8,21258
28079,MS,Leake,BPHIGH,47.9,21258
28079,MS,Leake,CANCER,7.7,21258
28079,MS,Leake,CHD,8.3,21258
28079,MS,Leake,COPD,9.7,21258
28079,MS,Leake,DIABETES,17.0,21258
28079,MS,Leake,OBESITY,42.8,21258
28079,MS,Leake,STROKE,5.1,21258
28081,MS,Lee,ARTHRITIS,28.3,82799
28081,MS,Lee,BPHIGH,44.3,82799
28081,MS,Lee,CANCER,7.8,82799
28081,MS,Lee,CHD,6.6,82799
28081,MS,Lee,COPD,7.3,82799
28081,MS,Lee,DIABETES,13.9,82799
28081,MS,Lee,OBESITY,36.4,82799
28081,MS,Lee,STROKE,3.8,82799
28083,MS,Leflore,ARTHRITIS,31.7,26378
28083,MS,Leflore,BPHIGH,51.5,26378
28083,MS,Leflore,CANCER,6.0,26378
28083,MS,Leflore,CHD,8.5,26378
28083,MS,Leflore,COPD,10.6,26378
28083,MS,Leflore,DIABETES,20.9,26378
28083,MS,Leflore,OBESITY,43.4,26378
28083,MS,Leflore,STROKE,6.2,26378
28085,MS,Lincoln,ARTHRITIS,30.5,34702
28085,MS,Lincoln,BPHIGH,45.3,34702
28085,MS,Lincoln,CANCER,8.2,34702
28085,MS,Lincoln,CHD,7.8,34702
28085,MS,Lincoln,COPD,9.2,34702
28085,MS,Lincoln,DIABETES,15.7,34702
28085,MS,Lincoln,OBESITY,40.5,34702
28085,MS,Lincoln,STROKE,4.6,34702
28087,MS,Lowndes,ARTHRITIS,28.6,57283
28087,MS,Lowndes,BPHIGH,45.1,57283
28087,MS,Lowndes,CANCER,7.5,57283
28087,MS,Lowndes,CHD,7.2,57283
28087,MS,Lowndes,COPD,8.0,57283
28087,MS,Lowndes,DIABETES,15.5,57283
28087,MS,Lowndes,OBESITY,37.5,57283
28087,MS,Lowndes,STROKE,4.5,57283
28089,MS,Madison,ARTHRITIS,25.9,112511
28089,MS,Madison,BPHIGH,40.3,112511
28089,MS,Madison,CANCER,7.6,112511
28089,MS,Madison,CHD,5.7,112511
28089,MS,Madison,COPD,5.8,112511
28089,MS,Madison,DIABETES,12.4,112511
28089,MS,Madison,OBESITY,36.3,112511
28089,MS,Madison,STROKE,3.4,112511
28091,MS,Marion,ARTHRITIS,33.8,24224
28091,MS,Marion,BPHIGH,48.0,24224
28091,MS,Marion,CANCER,8.2,24224
28091,MS,Marion,CHD,8.8,24224
28091,MS,Marion,COPD,10.6,24224
28091,MS,Marion,DIABETES,17.2,24224
28091,MS,Marion,OBESITY,43.5,24224
28091,MS,Marion,STROKE,5.3,24224
28093,MS,Marshall,ARTHRITIS,33.2,34123
28093,MS,Marshall,BPHIGH,49.3,34123
28093,MS,Marshall,CANCER,7.5,34123
28093,MS,Marshall,CHD,8.7,34123
28093,MS,Marshall,COPD,10.5,34123
28093,MS,Marshall,DIABETES,18.5,34123
28093,MS,Marshall,OBESITY,41.9,34123
28093,MS,Marshall,STROKE,5.6,34123
28095,MS,Monroe,ARTHRITIS,32.6,33609
28095,MS,Monroe,BPHIGH,47.9,33609
28095,MS,Monroe,CANCER,8.7,33609
28095,MS,Monroe,CHD,8.6,33609
28095,MS,Monroe,COPD,9.9,33609
28095,MS,Monroe,DIABETES,16.7,33609
28095,MS,Monroe,OBESITY,42.9,33609
28095,MS,Monroe,STROKE,5.1,33609
28097,MS,Montgomery,ARTHRITIS,35.2,9600
28097,MS,Montgomery,BPHIGH,51.2,9600
28097,MS,Montgomery,CANCER,8.7,9600
28097,MS,Montgomery,CHD,10.0,9600
28097,MS,Montgomery,COPD,11.4,9600
28097,MS,Montgomery,DIABETES,19.6,9600
28097,MS,Montgomery,OBESITY,43.5,9600
28097,MS,Montgomery,STROKE,6.1,9600
28099,MS,Neshoba,ARTHRITIS,32.1,28789
28099,MS,Neshoba,BPHIGH,44.4,28789
28099,MS,Neshoba,CANCER,7.8,28789
28099,MS,Neshoba,CHD,8.5,28789
28099,MS,Neshoba,COPD,10.4,28789
28099,MS,Neshoba,DIABETES,16.5,28789
28099,MS,Neshoba,OBESITY,43.1,28789
28099,MS,Neshoba,STROKE,4.9,28789
28101,MS,Newton,ARTHRITIS,30.7,21019
28101,MS,Newton,BPHIGH,44.6,21019
28101,MS,Newton,CANCER,7.8,21019
28101,MS,Newton,CHD,8.0,21019
28101,MS,Newton,COPD,9.4,21019
28101,MS,Newton,DIABETES,15.7,21019
28101,MS,Newton,OBESITY,40.9,21019
28101,MS,Newton,STROKE,4.8,21019
28103,MS,Noxubee,ARTHRITIS,33.2,9914
28103,MS,Noxubee,BPHIGH,52.2,9914
28103,MS,Noxubee,CANCER,6.5,9914
28103,MS,Noxubee,CHD,9.2,9914
28103,MS,Noxubee,COPD,11.0,9914
28103,MS,Noxubee,DIABETES,21.2,9914
28103,MS,Noxubee,OBESITY,46.4,9914
28103,MS,Noxubee,STROKE,6.5,9914
28105,MS,Oktibbeha,ARTHRITIS,22.1,51203
28105,MS,Oktibbeha,BPHIGH,34.6,51203
28105,MS,Oktibbeha,CANCER,5.2,51203
28105,MS,Oktibbeha,CHD,5.3,51203
28105,MS,Oktibbeha,COPD,6.2,51203
28105,MS,Oktibbeha,DIABETES,10.9,51203
28105,MS,Oktibbeha,OBESITY,34.5,51203
28105,MS,Oktibbeha,STROKE,3.2,51203
28107,MS,Panola,ARTHRITIS,32.9,32669
28107,MS,Panola,BPHIGH,48.6,32669
28107,MS,Panola,CANCER,7.5,32669
28107,MS,Panola,CHD,8.8,32669
28107,MS,Panola,COPD,10.6,32669
28107,MS,Panola,DIABETES,18.4,32669
28107,MS,Panola,OBESITY,46.3,32669
28107,MS,Panola,STROKE,5.5,32669
28109,MS,Pearl River,ARTHRITIS,32.5,57978
28109,MS,Pearl River,BPHIGH,42.8,57978
28109,MS,Pearl River,CANCER,8.9,57978
28109,MS,Pearl River,CHD,8.1,57978
28109,MS,Pearl River,COPD,9.3,57978
28109,MS,Pearl River,DIABETES,14.4,57978
28109,MS,Pearl River,OBESITY,38.0,57978
28109,MS,Pearl River,STROKE,4.4,57978
28111,MS,Perry,ARTHRITIS,32.7,11315
28111,MS,Perry,BPHIGH,46.7,11315
28111,MS,Perry,CANCER,8.7,11315
28111,MS,Perry,CHD,8.6,11315
28111,MS,Perry,COPD,10.2,11315
28111,MS,Perry,DIABETES,16.2,11315
28111,MS,Perry,OBESITY,43.7,11315
28111,MS,Perry,STROKE,4.9,11315
28113,MS,Pike,ARTHRITIS,32.3,39394
28113,MS,Pike,BPHIGH,50.2,39394
28113,MS,Pike,CANCER,7.2,39394
28113,MS,Pike,CHD,8.7,39394
28113,MS,Pike,COPD,10.5,39394
28113,MS,Pike,DIABETES,18.9,39394
28113,MS,Pike,OBESITY,46.0,39394
28113,MS,Pike,STROKE,5.7,39394
28115,MS,Pontotoc,ARTHRITIS,29.8,31535
28115,MS,Pontotoc,BPHIGH,42.0,31535
28115,MS,Pontotoc,CANCER,7.9,31535
28115,MS,Pontotoc,CHD,7.2,31535
28115,MS,Pontotoc,COPD,8.6,31535
28115,MS,Pontotoc,DIABETES,13.8,31535
28115,MS,Pontotoc,OBESITY,38.9,31535
28115,MS,Pontotoc,STROKE,4.0,31535
28117,MS,Prentiss,ARTHRITIS,29.4,25135
28117,MS,Prentiss,BPHIGH,41.9,25135
28117,MS,Prentiss,CANCER,8.4,25135
28117,MS,Prentiss,CHD,7.6,25135
28117,MS,Prentiss,COPD,9.1,25135
28117,MS,Prentiss,DIABETES,13.9,25135
28117,MS,Prentiss,OBESITY,40.5,25135
28117,MS,Prentiss,STROKE,4.2,25135
28119,MS,Quitman,ARTHRITIS,34.5,5546
28119,MS,Quitman,BPHIGH,54.8,5546
28119,MS,Quitman,CANCER,6.5,5546
28119,MS,Quitman,CHD,9.7,5546
28119,MS,Quitman,COPD,12.4,5546
28119,MS,Quitman,DIABETES,22.8,5546
28119,MS,Quitman,OBESITY,51.2,5546
28119,MS,Quitman,STROKE,7.0,5546
28121,MS,Rankin,ARTHRITIS,28.1,160417
28121,MS,Rankin,BPHIGH,40.7,160417
28121,MS,Rankin,CANCER,8.2,160417
28121,MS,Rankin,CHD,6.0,160417
28121,MS,Rankin,COPD,6.4,160417
28121,MS,Rankin,DIABETES,12.1,160417
28121,MS,Rankin,OBESITY,36.6,160417
28121,MS,Rankin,STROKE,3.4,160417
28123,MS,Scott,ARTHRITIS,32.1,27507
28123,MS,Scott,BPHIGH,46.7,27507
28123,MS,Scott,CANCER,7.2,27507
28123,MS,Scott,CHD,8.6,27507
28123,MS,Scott,COPD,10.5,27507
28123,MS,Scott,DIABETES,18.3,27507
28123,MS,Scott,OBESITY,43.4,27507
28123,MS,Scott,STROKE,5.4,27507
28125,MS,Sharkey,ARTHRITIS,37.6,3336
28125,MS,Sharkey,BPHIGH,58.4,3336
28125,MS,Sharkey,CANCER,7.3,3336
28125,MS,Sharkey,CHD,11.3,3336
28125,MS,Sharkey,COPD,13.3,3336
28125,MS,Sharkey,DIABETES,25.2,3336
28125,MS,Sharkey,OBESITY,50.3,3336
28125,MS,Sharkey,STROKE,7.8,3336
28127,MS,Simpson,ARTHRITIS,32.0,25715
28127,MS,Simpson,BPHIGH,46.2,25715
28127,MS,Simpson,CANCER,8.2,25715
28127,MS,Simpson,CHD,8.1,25715
28127,MS,Simpson,COPD,9.4,25715
28127,MS,Simpson,DIABETES,16.2,25715
28127,MS,Simpson,OBESITY,40.2,25715
28127,MS,Simpson,STROKE,4.9,25715
28129,MS,Smith,ARTHRITIS,33.9,14099
28129,MS,Smith,BPHIGH,48.5,14099
28129,MS,Smith,CANCER,9.1,14099
28129,MS,Smith,CHD,9.3,14099
28129,MS,Smith,COPD,11.0,14099
28129,MS,Smith,DIABETES,16.9,14099
28129,MS,Smith,OBESITY,43.6,14099
28129,MS,Smith,STROKE,5.3,14099
28131,MS,Stone,ARTHRITIS,29.9,18756
28131,MS,Stone,BPHIGH,43.0,18756
28131,MS,Stone,CANCER,8.2,18756
28131,MS,Stone,CHD,7.4,18756
28131,MS,Stone,COPD,8.6,18756
28131,MS,Stone,DIABETES,14.0,18756
28131,MS,Stone,OBESITY,41.0,18756
28131,MS,Stone,STROKE,4.1,18756
28133,MS,Sunflower,ARTHRITIS,29.6,24468
28133,MS,Sunflower,BPHIGH,50.4,24468
28133,MS,Sunflower,CANCER,5.6,24468
28133,MS,Sunflower,CHD,8.1,24468
28133,MS,Sunflower,COPD,10.1,24468
28133,MS,Sunflower,DIABETES,19.3,24468
28133,MS,Sunflower,OBESITY,48.6,24468
28133,MS,Sunflower,STROKE,5.8,24468
28135,MS,Tallahatchie,ARTHRITIS,31.0,11837
28135,MS,Tallahatchie,BPHIGH,50.7,11837
28135,MS,Tallahatchie,CANCER,6.7,11837
28135,MS,Tallahatchie,CHD,8.6,11837
28135,MS,Tallahatchie,COPD,10.2,11837
28135,MS,Tallahatchie,DIABETES,18.9,11837
28135,MS,Tallahatchie,OBESITY,44.9,11837
28135,MS,Tallahatchie,STROKE,5.7,11837
28137,MS,Tate,ARTHRITIS,29.4,28261
28137,MS,Tate,BPHIGH,41.8,28261
28137,MS,Tate,CANCER,7.7,28261
28137,MS,Tate,CHD,7.1,28261
28137,MS,Tate,COPD,8.1,28261
28137,MS,Tate,DIABETES,14.2,28261
28137,MS,Tate,OBESITY,36.1,28261
28137,MS,Tate,STROKE,4.1,28261
28139,MS,Tippah,ARTHRITIS,31.6,21287
28139,MS,Tippah,BPHIGH,43.5,21287
28139,MS,Tippah,CANCER,8.4,21287
28139,MS,Tippah,CHD,8.1,21287
28139,MS,Tippah,COPD,9.8,21287
28139,MS,Tippah,DIABETES,15.3,21287
28139,MS,Tippah,OBESITY,43.3,21287
28139,MS,Tippah,STROKE,4.6,21287
28141,MS,Tishomingo,ARTHRITIS,34.6,18507
28141,MS,Tishomingo,BPHIGH,44.5,18507
28141,MS,Tishomingo,CANCER,9.7,18507
28141,MS,Tishomingo,CHD,9.0,18507
28141,MS,Tishomingo,COPD,10.7,18507
28141,MS,Tishomingo,DIABETES,15.0,18507
28141,MS,Tishomingo,OBESITY,39.5,18507
28141,MS,Tishomingo,STROKE,4.7,18507
28143,MS,Tunica,ARTHRITIS,31.5,9234
28143,MS,Tunica,BPHIGH,52.8,9234
28143,MS,Tunica,CANCER,5.5,9234
28143,MS,Tunica,CHD,8.5,9234
28143,MS,Tunica,COPD,11.2,9234
28143,MS,Tunica,DIABETES,21.4,9234
28143,MS,Tunica,OBESITY,51.0,9234
28143,MS,Tunica,STROKE,6.3,9234
28145,MS,Union,ARTHRITIS,30.3,28284
28145,MS,Union,BPHIGH,43.0,28284
28145,MS,Union,CANCER,8.4,28284
28145,MS,Union,CHD,7.7,28284
28145,MS,Union,COPD,9.3,28284
28145,MS,Union,DIABETES,14.1,28284
28145,MS,Union,OBESITY,41.6,28284
28145,MS,Union,STROKE,4.3,28284
28147,MS,Walthall,ARTHRITIS,34.1,13863
28147,MS,Walthall,BPHIGH,49.6,13863
28147,MS,Walthall,CANCER,8.2,13863
28147,MS,Walthall,CHD,9.0,13863
28147,MS,Walthall,COPD,10.4,13863
28147,MS,Walthall,DIABETES,17.8,13863
28147,MS,Walthall,OBESITY,43.1,13863
28147,MS,Walthall,STROKE,5.5,13863
28149,MS,Warren,ARTHRITIS,31.0,42298
28149,MS,Warren,BPHIGH,46.4,42298
28149,MS,Warren,CANCER,7.7,42298
28149,MS,Warren,CHD,7.5,42298
28149,MS,Warren,COPD,8.2,42298
28149,MS,Warren,DIABETES,16.2,42298
28149,MS,Warren,OBESITY,43.8,42298
28149,MS,Warren,STROKE,4.7,42298
28151,MS,Washington,ARTHRITIS,33.7,41946
28151,MS,Washington,BPHIGH,53.9,41946
28151,MS,Washington,CANCER,6.6,41946
28151,MS,Washington,CHD,9.1,41946
28151,MS,Washington,COPD,11.1,41946
28151,MS,Washington,DIABETES,21.0,41946
28151,MS,Washington,OBESITY,44.2,41946
28151,MS,Washington,STROKE,6.5,41946
28153,MS,Wayne,ARTHRITIS,33.4,19703
28153,MS,Wayne,BPHIGH,47.7,19703
28153,MS,Wayne,CANCER,7.9,19703
28153,MS,Wayne,CHD,9.0,19703
28153,MS,Wayne,COPD,10.7,19703
28153,MS,Wayne,DIABETES,17.8,19703
28153,MS,Wayne,OBESITY,44.2,19703
28153,MS,Wayne,STROKE,5.5,19703
28155,MS,Webster,ARTHRITIS,30.5,9988
28155,MS,Webster,BPHIGH,43.2,9988
28155,MS,Webster,CANCER,8.6,9988
28155,MS,Webster,CHD,7.3,9988
28155,MS,Webster,COPD,8.5,9988
28155,MS,Webster,DIABETES,13.7,9988
28155,MS,Webster,OBESITY,36.5,9988
28155,MS,Webster,STROKE,4.1,9988
28157,MS,Wilkinson,ARTHRITIS,33.0,8058
28157,MS,Wilkinson,BPHIGH,52.9,8058
28157,MS,Wilkinson,CANCER,6.8,8058
28157,MS,Wilkinson,CHD,9.1,8058
28157,MS,Wilkinson,COPD,10.5,8058
28157,MS,Wilkinson,DIABETES,20.6,8058
28157,MS,Wilkinson,OBESITY,47.4,8058
28157,MS,Wilkinson,STROKE,6.2,8058
28159,MS,Winston,ARTHRITIS,35.1,17416
28159,MS,Winston,BPHIGH,50.8,17416
28159,MS,Winston,CANCER,8.1,17416
28159,MS,Winston,CHD,9.6,17416
28159,MS,Winston,COPD,11.0,17416
28159,MS,Winston,DIABETES,19.5,17416
28159,MS,Winston,OBESITY,41.7,17416
28159,MS,Winston,STROKE,5.9,17416
28161,MS,Yalobusha,ARTHRITIS,35.2,12386
28161,MS,Yalobusha,BPHIGH,50.7,12386
28161,MS,Yalobusha,CANCER,8.5,12386
28161,MS,Yalobusha,CHD,9.6,12386
28161,MS,Yalobusha,COPD,11.4,12386
28161,MS,Yalobusha,DIABETES,19.0,12386
28161,MS,Yalobusha,OBESITY,40.1,12386
28161,MS,Yalobusha,STROKE,5.8,12386
28163,MS,Yazoo,ARTHRITIS,29.5,25796
28163,MS,Yazoo,BPHIGH,49.5,25796
28163,MS,Yazoo,CANCER,6.0,25796
28163,MS,Yazoo,CHD,8.3,25796
28163,MS,Yazoo,COPD,10.7,25796
28163,MS,Yazoo,DIABETES,18.5,25796
28163,MS,Yazoo,OBESITY,50.5,25796
28163,MS,Yazoo,STROKE,5.5,25796
29001,MO,Adair,ARTHRITIS,24.2,25122
29001,MO,Adair,BPHIGH,30.3,25122
29001,MO,Adair,CANCER,7.4,25122
29001,MO,Adair,CHD,6.1,25122
29001,MO,Adair,COPD,7.5,25122
29001,MO,Adair,DIABETES,10.0,25122
29001,MO,Adair,OBESITY,34.7,25122
29001,MO,Adair,STROKE,3.1,25122
29003,MO,Andrew,ARTHRITIS,30.7,18127
29003,MO,Andrew,BPHIGH,38.3,18127
29003,MO,Andrew,CANCER,9.9,18127
29003,MO,Andrew,CHD,7.1,18127
29003,MO,Andrew,COPD,8.1,18127
29003,MO,Andrew,DIABETES,11.6,18127
29003,MO,Andrew,OBESITY,36.0,18127
29003,MO,Andrew,STROKE,3.6,18127
29005,MO,Atchison,ARTHRITIS,35.1,5107
29005,MO,Atchison,BPHIGH,43.5,5107
29005,MO,Atchison,CANCER,11.1,5107
29005,MO,Atchison,CHD,9.4,5107
29005,MO,Atchison,COPD,10.9,5107
29005,MO,Atchison,DIABETES,14.9,5107
29005,MO,Atchison,OBESITY,41.6,5107
29005,MO,Atchison,STROKE,4.7,5107
29007,MO,Audrain,ARTHRITIS,32.4,24394
29007,MO,Audrain,BPHIGH,39.6,24394
29007,MO,Audrain,CANCER,9.2,24394
29007,MO,Audrain,CHD,8.3,24394
29007,MO,Audrain,COPD,10.7,24394
29007,MO,Audrain,DIABETES,14.1,24394
29007,MO,Audrain,OBESITY,40.0,24394
29007,MO,Audrain,STROKE,4.4,24394
29009,MO,Barry,ARTHRITIS,34.3,35265
29009,MO,Barry,BPHIGH,40.9,35265
29009,MO,Barry,CANCER,9.8,35265
29009,MO,Barry,CHD,9.2,35265
29009,MO,Barry,COPD,11.3,35265
29009,MO,Barry,DIABETES,15.0,35265
29009,MO,Barry,OBESITY,37.8,35265
29009,MO,Barry,STROKE,4.7,35265
29011,MO,Barton,ARTHRITIS,34.4,11731
29011,MO,Barton,BPHIGH,41.8,11731
29011,MO,Barton,CANCER,9.8,11731
29011,MO,Barton,CHD,9.5,11731
29011,MO,Barton,COPD,12.2,11731
29011,MO,Barton,DIABETES,15.2,11731
29011,MO,Barton,OBESITY,40.7,11731
29011,MO,Barton,STROKE,4.9,11731
29013,MO,Bates,ARTHRITIS,32.3,16242
29013,MO,Bates,BPHIGH,40.2,16242
29013,MO,Bates,CANCER,9.5,16242
29013,MO,Bates,CHD,8.5,16242
29013,MO,Bates,COPD,10.7,16242
29013,MO,Bates,DIABETES,13.8,16242
29013,MO,Bates,OBESITY,41.2,16242
29013,MO,Bates,STROKE,4.4,16242
29015,MO,Benton,ARTHRITIS,38.6,20552
29015,MO,Benton,BPHIGH,45.5,20552
29015,MO,Benton,CANCER,12.1,20552
29015,MO,Benton,CHD,10.9,20552
29015,MO,Benton,COPD,12.4,20552
29015,MO,Benton,DIABETES,16.7,20552
29015,MO,Benton,OBESITY,38.9,20552
29015,MO,Benton,STROKE,5.4,20552
29017,MO,Bollinger,ARTHRITIS,34.0,10544
29017,MO,Bollinger,BPHIGH,41.7,10544
29017,MO,Bollinger,CANCER,9.9,10544
29017,MO,Bollinger,CHD,8.9,10544
29017,MO,Bollinger,COPD,11.2,10544
29017,MO,Bollinger,DIABETES,14.1,10544
29017,MO,Bollinger,OBESITY,39.3,10544
29017,MO,Bollinger,STROKE,4.6,10544
29019,MO,Boone,ARTHRITIS,23.1,189463
29019,MO,Boone,BPHIGH,30.1,189463
29019,MO,Boone,CANCER,7.0,189463
29019,MO,Boone,CHD,5.2,189463
29019,MO,Boone,COPD,6.0,189463
29019,MO,Boone,DIABETES,9.5,189463
29019,MO,Boone,OBESITY,29.8,189463
29019,MO,Boone,STROKE,2.7,189463
29021,MO,Buchanan,ARTHRITIS,29.6,82956
29021,MO,Buchanan,BPHIGH,37.9,82956
29021,MO,Buchanan,CANCER,8.5,82956
29021,MO,Buchanan,CHD,7.6,82956
29021,MO,Buchanan,COPD,9.3,82956
29021,MO,Buchanan,DIABETES,13.0,82956
29021,MO,Buchanan,OBESITY,42.9,82956
29021,MO,Buchanan,STROKE,3.9,82956
29023,MO,Butler,ARTHRITIS,34.5,41948
29023,MO,Butler,BPHIGH,42.5,41948
29023,MO,Butler,CANCER,9.2,41948
29023,MO,Butler,CHD,9.0,41948
29023,MO,Butler,COPD,11.8,41948
29023,MO,Butler,DIABETES,15.3,41948
29023,MO,Butler,OBESITY,41.1,41948
29023,MO,Butler,STROKE,4.8,41948
29025,MO,Caldwell,ARTHRITIS,32.0,8955
29025,MO,Caldwell,BPHIGH,39.1,8955
29025,MO,Caldwell,CANCER,9.8,8955
29025,MO,Caldwell,CHD,8.1,8955
29025,MO,Caldwell,COPD,9.8,8955
29025,MO,Caldwell,DIABETES,13.0,8955
29025,MO,Caldwell,OBESITY,38.9,8955
29025,MO,Caldwell,STROKE,4.1,8955
29027,MO,Callaway,ARTHRITIS,29.5,44731
29027,MO,Callaway,BPHIGH,37.0,44731
29027,MO,Callaway,CANCER,8.9,44731
29027,MO,Callaway,CHD,7.1,44731
29027,MO,Callaway,COPD,8.4,44731
29027,MO,Callaway,DIABETES,11.9,44731
29027,MO,Callaway,OBESITY,36.9,44731
29027,MO,Callaway,STROKE,3.6,44731
29029,MO,Camden,ARTHRITIS,36.3,44044
29029,MO,Camden,BPHIGH,42.3,44044
29029,MO,Camden,CANCER,12.0,44044
29029,MO,Camden,CHD,9.4,44044
29029,MO,Camden,COPD,10.2,44044
29029,MO,Camden,DIABETES,14.7,44044
29029,MO,Camden,OBESITY,35.6,44044
29029,MO,Camden,STROKE,4.6,44044
29031,MO,Cape Girardeau,ARTHRITIS,27.7,82984
29031,MO,Cape Girardeau,BPHIGH,35.4,82984
29031,MO,Cape Girardeau,CANCER,8.5,82984
29031,MO,Cape Girardeau,CHD,6.6,82984
29031,MO,Cape Girardeau,COPD,7.7,82984
29031,MO,Cape Girardeau,DIABETES,11.2,82984
29031,MO,Cape Girardeau,OBESITY,34.7,82984
29031,MO,Cape Girardeau,STROKE,3.4,82984
29033,MO,Carroll,ARTHRITIS,33.2,8391
29033,MO,Carroll,BPHIGH,39.9,8391
29033,MO,Carroll,CANCER,10.2,8391
29033,MO,Carroll,CHD,8.6,8391
29033,MO,Carroll,COPD,10.3,8391
29033,MO,Carroll,DIABETES,13.9,8391
29033,MO,Carroll,OBESITY,38.6,8391
29033,MO,Carroll,STROKE,4.4,8391
29035,MO,Carter,ARTHRITIS,35.8,5303
29035,MO,Carter,BPHIGH,43.3,5303
29035,MO,Carter,CANCER,9.8,5303
29035,MO,Carter,CHD,9.7,5303
29035,MO,Carter,COPD,12.7,5303
29035,MO,Carter,DIABETES,15.7,5303
29035,MO,Carter,OBESITY,40.0,5303
29035,MO,Carter,STROKE,5.0,5303
29037,MO,Cass,ARTHRITIS,28.8,111732
29037,MO,Cass,BPHIGH,35.3,111732
29037,MO,Cass,CANCER,9.3,111732
29037,MO,Cass,CHD,6.4,111732
29037,MO,Cass,COPD,7.3,111732
29037,MO,Cass,DIABETES,11.5,111732
29037,MO,Cass,OBESITY,38.0,111732
29037,MO,Cass,STROKE,3.3,111732
29039,MO,Cedar,ARTHRITIS,35.2,14672
29039,MO,Cedar,BPHIGH,42.6,14672
29039,MO,Cedar,CANCER,10.6,14672
29039,MO,Cedar,CHD,9.9,14672
29039,MO,Cedar,COPD,12.2,14672
29039,MO,Cedar,DIABETES,15.6,14672
29039,MO,Cedar,OBESITY,39.8,14672
29039,MO,Cedar,STROKE,5.0,14672
29041,MO,Chariton,ARTHRITIS,34.6,7399
29041,MO,Chariton,BPHIGH,41.0,7399
29041,MO,Chariton,CANCER,10.8,7399
29041,MO,Chariton,CHD,9.1,7399
29041,MO,Chariton,COPD,10.4,7399
29041,MO,Chariton,DIABETES,14.0,7399
29041,MO,Chariton,OBESITY,38.3,7399
29041,MO,Chariton,STROKE,4.6,7399
29043,MO,Christian,ARTHRITIS,29.3,94422
29043,MO,Christian,BPHIGH,35.0,94422
29043,MO,Christian,CANCER,9.1,94422
29043,MO,Christian,CHD,6.3,94422
29043,MO,Christian,COPD,7.2,94422
29043,MO,Christian,DIABETES,10.7,94422
29043,MO,Christian,OBESITY,36.3,94422
29043,MO,Christian,STROKE,3.2,94422
29045,MO,Clark,ARTHRITIS,34.8,6641
29045,MO,Clark,BPHIGH,42.0,6641
29045,MO,Clark,CANCER,10.2,6641
29045,MO,Clark,CHD,9.5,6641
29045,MO,Clark,COPD,11.7,6641
29045,MO,Clark,DIABETES,14.9,6641
29045,MO,Clark,OBESITY,41.7,6641
29045,MO,Clark,STROKE,4.8,6641
29047,MO,Clay,ARTHRITIS,27.2,259772
29047,MO,Clay,BPHIGH,34.9,259772
29047,MO,Clay,CANCER,8.1,259772
29047,MO,Clay,CHD,5.8,259772
29047,MO,Clay,COPD,6.4,259772
29047,MO,Clay,DIABETES,10.8,259772
29047,MO,Clay,OBESITY,37.4,259772
29047,MO,Clay,STROKE,3.0,259772
29049,MO,Clinton,ARTHRITIS,30.7,21548
29049,MO,Clinton,BPHIGH,38.3,21548
29049,MO,Clinton,CANCER,9.5,21548
29049,MO,Clinton,CHD,7.5,21548
29049,MO,Clinton,COPD,8.6,21548
29049,MO,Clinton,DIABETES,12.0,21548
29049,MO,Clinton,OBESITY,39.5,21548
29049,MO,Clinton,STROKE,3.8,21548
29051,MO,Cole,ARTHRITIS,28.3,77278
29051,MO,Cole,BPHIGH,36.9,77278
29051,MO,Cole,CANCER,8.9,77278
29051,MO,Cole,CHD,6.3,77278
29051,MO,Cole,COPD,7.1,77278
29051,MO,Cole,DIABETES,11.0,77278
29051,MO,Cole,OBESITY,36.6,77278
29051,MO,Cole,STROKE,3.3,77278
29053,MO,Cooper,ARTHRITIS,30.1,16947
29053,MO,Cooper,BPHIGH,37.5,16947
29053,MO,Cooper,CANCER,9.3,16947
29053,MO,Cooper,CHD,7.3,16947
29053,MO,Cooper,COPD,8.6,16947
29053,MO,Cooper,DIABETES,12.2,16947
29053,MO,Cooper,OBESITY,37.5,16947
29053,MO,Cooper,STROKE,3.8,16947
29055,MO,Crawford,ARTHRITIS,32.9,22719
29055,MO,Crawford,BPHIGH,39.2,22719
29055,MO,Crawford,CANCER,9.8,22719
29055,MO,Crawford,CHD,8.7,22719
29055,MO,Crawford,COPD,11.0,22719
29055,MO,Crawford,DIABETES,14.1,22719
29055,MO,Crawford,OBESITY,41.9,22719
29055,MO,Crawford,STROKE,4.4,22719
29057,MO,Dade,ARTHRITIS,36.0,7716
29057,MO,Dade,BPHIGH,43.8,7716
29057,MO,Dade,CANCER,10.7,7716
29057,MO,Dade,CHD,10.0,7716
29057,MO,Dade,COPD,12.2,7716
29057,MO,Dade,DIABETES,16.0,7716
29057,MO,Dade,OBESITY,40.7,7716
29057,MO,Dade,STROKE,5.1,7716
29059,MO,Dallas,ARTHRITIS,33.7,17768
29059,MO,Dallas,BPHIGH,41.0,17768
29059,MO,Dallas,CANCER,9.8,17768
29059,MO,Dallas,CHD,9.1,17768
29059,MO,Dallas,COPD,11.7,17768
29059,MO,Dallas,DIABETES,14.9,17768
29059,MO,Dallas,OBESITY,39.5,17768
29059,MO,Dallas,STROKE,4.7,17768
29061,MO,Daviess,ARTHRITIS,33.8,8551
29061,MO,Daviess,BPHIGH,41.1,8551
29061,MO,Daviess,CANCER,10.2,8551
29061,MO,Daviess,CHD,9.1,8551
29061,MO,Daviess,COPD,11.2,8551
29061,MO,Daviess,DIABETES,14.2,8551
29061,MO,Daviess,OBESITY,38.4,8551
29061,MO,Daviess,STROKE,4.6,8551
29063,MO,DeKalb,ARTHRITIS,31.6,9899
29063,MO,DeKalb,BPHIGH,39.2,9899
29063,MO,DeKalb,CANCER,9.8,9899
29063,MO,DeKalb,CHD,7.8,9899
29063,MO,DeKalb,COPD,9.0,9899
29063,MO,DeKalb,DIABETES,12.5,9899
29063,MO,DeKalb,OBESITY,38.9,9899
29063,MO,DeKalb,STROKE,4.0,9899
29065,MO,Dent,ARTHRITIS,34.2,14647
29065,MO,Dent,BPHIGH,41.7,14647
29065,MO,Dent,CANCER,10.2,14647
29065,MO,Dent,CHD,9.2,14647
29065,MO,Dent,COPD,11.2,14647
29065,MO,Dent,DIABETES,14.6,14647
29065,MO,Dent,OBESITY,39.5,14647
29065,MO,Dent,STROKE,4.7,14647
29067,MO,Douglas,ARTHRITIS,35.8,12228
29067,MO,Douglas,BPHIGH,42.9,12228
29067,MO,Douglas,CANCER,10.7,12228
29067,MO,Douglas,CHD,9.6,12228
29067,MO,Douglas,COPD,11.7,12228
29067,MO,Douglas,DIABETES,15.3,12228
29067,MO,Douglas,OBESITY,38.0,12228
29067,MO,Douglas,STROKE,4.9,12228
29069,MO,Dunklin,ARTHRITIS,34.6,27032
29069,MO,Dunklin,BPHIGH,44.1,27032
29069,MO,Dunklin,CANCER,8.9,27032
29069,MO,Dunklin,CHD,9.3,27032
29069,MO,Dunklin,COPD,12.3,27032
29069,MO,Dunklin,DIABETES,16.0,27032
29069,MO,Dunklin,OBESITY,46.2,27032
29069,MO,Dunklin,STROKE,5.0,27032
29071,MO,Franklin,ARTHRITIS,31.2,106404
29071,MO,Franklin,BPHIGH,37.4,106404
29071,MO,Franklin,CANCER,9.6,106404
29071,MO,Franklin,CHD,7.3,106404
29071,MO,Franklin,COPD,8.5,106404
29071,MO,Franklin,DIABETES,12.2,106404
29071,MO,Franklin,OBESITY,39.6,106404
29071,MO,Franklin,STROKE,3.7,106404
29073,MO,Gasconade,ARTHRITIS,34.3,14705
29073,MO,Gasconade,BPHIGH,40.7,14705
29073,MO,Gasconade,CANCER,10.7,14705
29073,MO,Gasconade,CHD,8.6,14705
29073,MO,Gasconade,COPD,10.0,14705
29073,MO,Gasconade,DIABETES,13.5,14705
29073,MO,Gasconade,OBESITY,39.3,14705
29073,MO,Gasconade,STROKE,4.3,14705
29075,MO,Gentry,ARTHRITIS,31.6,6287
29075,MO,Gentry,BPHIGH,38.9,6287
29075,MO,Gentry,CANCER,9.5,6287
29075,MO,Gentry,CHD,8.0,6287
29075,MO,Gentry,COPD,10.1,6287
29075,MO,Gentry,DIABETES,13.2,6287
29075,MO,Gentry,OBESITY,41.2,6287
29075,MO,Gentry,STROKE,4.1,6287
29077,MO,Greene,ARTHRITIS,28.0,304611
29077,MO,Greene,BPHIGH,33.1,304611
29077,MO,Greene,CANCER,8.3,304611
29077,MO,Greene,CHD,6.5,304611
29077,MO,Greene,COPD,7.8,304611
29077,MO,Greene,DIABETES,11.0,304611
29077,MO,Greene,OBESITY,36.7,304611
29077,MO,Greene,STROKE,3.4,304611
29079,MO,Grundy,ARTHRITIS,33.5,9815
29079,MO,Grundy,BPHIGH,41.0,9815
29079,MO,Grundy,CANCER,10.4,9815
29079,MO,Grundy,CHD,9.2,9815
29079,MO,Grundy,COPD,11.2,9815
29079,MO,Grundy,DIABETES,14.3,9815
29079,MO,Grundy,OBESITY,39.0,9815
29079,MO,Grundy,STROKE,4.7,9815
29081,MO,Harrison,ARTHRITIS,34.6,8220
29081,MO,Harrison,BPHIGH,41.3,8220
29081,MO,Harrison,CANCER,10.4,8220
29081,MO,Harrison,CHD,9.4,8220
29081,MO,Harrison,COPD,11.5,8220
29081,MO,Harrison,DIABETES,14.7,8220
29081,MO,Harrison,OBESITY,39.3,8220
29081,MO,Harrison,STROKE,4.8,8220
29083,MO,Henry,ARTHRITIS,34.2,22485
29083,MO,Henry,BPHIGH,41.3,22485
29083,MO,Henry,CANCER,10.3,22485
29083,MO,Henry,CHD,9.1,22485
29083,MO,Henry,COPD,11.1,22485
29083,MO,Henry,DIABETES,14.4,22485
29083,MO,Henry,OBESITY,38.5,22485
29083,MO,Henry,STROKE,4.6,22485
29085,MO,Hickory,ARTHRITIS,42.6,8718
29085,MO,Hickory,BPHIGH,50.1,8718
29085,MO,Hickory,CANCER,12.4,8718
29085,MO,Hickory,CHD,13.1,8718
29085,MO,Hickory,COPD,16.0,8718
29085,MO,Hickory,DIABETES,19.7,8718
29085,MO,Hickory,OBESITY,43.0,8718
29085,MO,Hickory,STROKE,6.7,8718
29087,MO,Holt,ARTHRITIS,34.5,4248
29087,MO,Holt,BPHIGH,41.3,4248
29087,MO,Holt,CANCER,11.0,4248
29087,MO,Holt,CHD,9.1,4248
29087,MO,Holt,COPD,10.3,4248
29087,MO,Holt,DIABETES,14.1,4248
29087,MO,Holt,OBESITY,36.6,4248
29087,MO,Holt,STROKE,4.5,4248
29089,MO,Howard,ARTHRITIS,30.0,10101
29089,MO,Howard,BPHIGH,36.7,10101
29089,MO,Howard,CANCER,9.2,10101
29089,MO,Howard,CHD,7.3,10101
29089,MO,Howard,COPD,8.5,10101
29089,MO,Howard,DIABETES,12.0,10101
29089,MO,Howard,OBESITY,34.8,10101
29089,MO,Howard,STROKE,3.7,10101
29091,MO,Howell,ARTHRITIS,34.7,40735
29091,MO,Howell,BPHIGH,40.7,40735
29091,MO,Howell,CANCER,9.5,40735
29091,MO,Howell,CHD,9.1,40735
29091,MO,Howell,COPD,12.0,40735
29091,MO,Howell,DIABETES,14.9,40735
29091,MO,Howell,OBESITY,36.8,40735
29091,MO,Howell,STROKE,4.8,40735
29093,MO,Iron,ARTHRITIS,35.0,9440
29093,MO,Iron,BPHIGH,42.5,9440
29093,MO,Iron,CANCER,10.1,9440
29093,MO,Iron,CHD,9.3,9440
29093,MO,Iron,COPD,11.5,9440
29093,MO,Iron,DIABETES,15.0,9440
29093,MO,Iron,OBESITY,42.3,9440
29093,MO,Iron,STROKE,4.7,9440
29095,MO,Jackson,ARTHRITIS,26.7,718560
29095,MO,Jackson,BPHIGH,35.7,718560
29095,MO,Jackson,CANCER,7.4,718560
29095,MO,Jackson,CHD,6.2,718560
29095,MO,Jackson,COPD,7.4,718560
29095,MO,Jackson,DIABETES,12.1,718560
29095,MO,Jackson,OBESITY,37.2,718560
29095,MO,Jackson,STROKE,3.6,718560
29097,MO,Jasper,ARTHRITIS,29.2,125056
29097,MO,Jasper,BPHIGH,37.3,125056
29097,MO,Jasper,CANCER,8.4,125056
29097,MO,Jasper,CHD,7.2,125056
29097,MO,Jasper,COPD,9.2,125056
29097,MO,Jasper,DIABETES,12.8,125056
29097,MO,Jasper,OBESITY,40.0,125056
29097,MO,Jasper,STROKE,3.8,125056
29099,MO,Jefferson,ARTHRITIS,29.3,231230
29099,MO,Jefferson,BPHIGH,35.5,231230
29099,MO,Jefferson,CANCER,9.0,231230
29099,MO,Jefferson,CHD,6.6,231230
29099,MO,Jefferson,COPD,7.9,231230
29099,MO,Jefferson,DIABETES,11.2,231230
29099,MO,Jefferson,OBESITY,40.3,231230
29099,MO,Jefferson,STROKE,3.3,231230
29101,MO,Johnson,ARTHRITIS,24.0,54962
29101,MO,Johnson,BPHIGH,30.1,54962
29101,MO,Johnson,CANCER,7.1,54962
29101,MO,Johnson,CHD,5.5,54962
29101,MO,Johnson,COPD,6.9,54962
29101,MO,Johnson,DIABETES,9.6,54962
29101,MO,Johnson,OBESITY,35.3,54962
29101,MO,Johnson,STROKE,2.9,54962
29103,MO,Knox,ARTHRITIS,34.3,3723
29103,MO,Knox,BPHIGH,42.0,3723
29103,MO,Knox,CANCER,10.0,3723
29103,MO,Knox,CHD,9.7,3723
29103,MO,Knox,COPD,12.4,3723
29103,MO,Knox,DIABETES,15.1,3723
29103,MO,Knox,OBESITY,39.5,3723
29103,MO,Knox,STROKE,4.9,3723
29105,MO,Laclede,ARTHRITIS,32.6,36680
29105,MO,Laclede,BPHIGH,39.8,36680
29105,MO,Laclede,CANCER,9.2,36680
29105,MO,Laclede,CHD,8.6,36680
29105,MO,Laclede,COPD,11.1,36680
29105,MO,Laclede,DIABETES,14.0,36680
29105,MO,Laclede,OBESITY,38.5,36680
29105,MO,Laclede,STROKE,4.5,36680
29107,MO,Lafayette,ARTHRITIS,30.4,33196
29107,MO,Lafayette,BPHIGH,37.0,33196
29107,MO,Lafayette,CANCER,9.5,33196
29107,MO,Lafayette,CHD,7.2,33196
29107,MO,Lafayette,COPD,8.5,33196
29107,MO,Lafayette,DIABETES,11.8,33196
29107,MO,Lafayette,OBESITY,37.0,33196
29107,MO,Lafayette,STROKE,3.7,33196
29109,MO,Lawrence,ARTHRITIS,31.5,38872
29109,MO,Lawrence,BPHIGH,39.1,38872
29109,MO,Lawrence,CANCER,9.0,38872
29109,MO,Lawrence,CHD,8.4,38872
29109,MO,Lawrence,COPD,10.7,38872
29109,MO,Lawrence,DIABETES,13.7,38872
29109,MO,Lawrence,OBESITY,40.1,38872
29109,MO,Lawrence,STROKE,4.3,38872
29111,MO,Lewis,ARTHRITIS,30.4,9818
29111,MO,Lewis,BPHIGH,37.2,9818
29111,MO,Lewis,CANCER,8.9,9818
29111,MO,Lewis,CHD,7.9,9818
29111,MO,Lewis,COPD,9.9,9818
29111,MO,Lewis,DIABETES,12.7,9818
29111,MO,Lewis,OBESITY,36.6,9818
29111,MO,Lewis,STROKE,4.1,9818
29113,MO,Lincoln,ARTHRITIS,27.6,64699
29113,MO,Lincoln,BPHIGH,34.3,64699
29113,MO,Lincoln,CANCER,8.2,64699
29113,MO,Lincoln,CHD,6.3,64699
29113,MO,Lincoln,COPD,7.9,64699
29113,MO,Lincoln,DIABETES,11.1,64699
29113,MO,Lincoln,OBESITY,39.9,64699
29113,MO,Lincoln,STROKE,3.3,64699
29115,MO,Linn,ARTHRITIS,32.7,11791
29115,MO,Linn,BPHIGH,39.3,11791
29115,MO,Linn,CANCER,10.0,11791
29115,MO,Linn,CHD,8.5,11791
29115,MO,Linn,COPD,10.4,11791
29115,MO,Linn,DIABETES,13.5,11791
29115,MO,Linn,OBESITY,35.7,11791
29115,MO,Linn,STROKE,4.3,11791
29117,MO,Livingston,ARTHRITIS,31.6,14557
29117,MO,Livingston,BPHIGH,38.3,14557
29117,MO,Livingston,CANCER,9.4,14557
29117,MO,Livingston,CHD,7.8,14557
29117,MO,Livingston,COPD,9.7,14557
29117,MO,Livingston,DIABETES,12.6,14557
29117,MO,Livingston,OBESITY,39.4,14557
29117,MO,Livingston,STROKE,4.1,14557
29119,MO,McDonald,ARTHRITIS,32.3,23903
29119,MO,McDonald,BPHIGH,41.0,23903
29119,MO,McDonald,CANCER,8.4,23903
29119,MO,McDonald,CHD,9.0,23903
29119,MO,McDonald,COPD,11.9,23903
29119,MO,McDonald,DIABETES,15.8,23903
29119,MO,McDonald,OBESITY,43.0,23903
29119,MO,McDonald,STROKE,4.8,23903
29121,MO,Macon,ARTHRITIS,32.7,15161
29121,MO,Macon,BPHIGH,39.1,15161
29121,MO,Macon,CANCER,10.2,15161
29121,MO,Macon,CHD,8.2,15161
29121,MO,Macon,COPD,9.3,15161
29121,MO,Macon,DIABETES,12.9,15161
29121,MO,Macon,OBESITY,34.4,15161
29121,MO,Macon,STROKE,4.1,15161
29123,MO,Madison,ARTHRITIS,31.9,12698
29123,MO,Madison,BPHIGH,38.6,12698
29123,MO,Madison,CANCER,9.5,12698
29123,MO,Madison,CHD,7.9,12698
29123,MO,Madison,COPD,9.8,12698
29123,MO,Madison,DIABETES,13.2,12698
29123,MO,Madison,OBESITY,37.7,12698
29123,MO,Madison,STROKE,4.1,12698
29125,MO,Maries,ARTHRITIS,33.4,8430
29125,MO,Maries,BPHIGH,40.1,8430
29125,MO,Maries,CANCER,10.1,8430
29125,MO,Maries,CHD,8.5,8430
29125,MO,Maries,COPD,10.3,8430
29125,MO,Maries,DIABETES,13.6,8430
29125,MO,Maries,OBESITY,38.2,8430
29125,MO,Maries,STROKE,4.3,8430
29127,MO,Marion,ARTHRITIS,30.8,28336
29127,MO,Marion,BPHIGH,38.2,28336
29127,MO,Marion,CANCER,9.3,28336
29127,MO,Marion,CHD,7.5,28336
29127,MO,Marion,COPD,9.1,28336
29127,MO,Marion,DIABETES,12.8,28336
29127,MO,Marion,OBESITY,39.6,28336
29127,MO,Marion,STROKE,3.9,28336
29129,MO,Mercer,ARTHRITIS,36.0,3469
29129,MO,Mercer,BPHIGH,43.4,3469
29129,MO,Mercer,CANCER,10.5,3469
29129,MO,Mercer,CHD,9.8,3469
29129,MO,Mercer,COPD,11.8,3469
29129,MO,Mercer,DIABETES,15.6,3469
29129,MO,Mercer,OBESITY,41.1,3469
29129,MO,Mercer,STROKE,4.9,3469
29131,MO,Miller,ARTHRITIS,32.1,25590
29131,MO,Miller,BPHIGH,38.8,25590
29131,MO,Miller,CANCER,9.6,25590
29131,MO,Miller,CHD,8.2,25590
29131,MO,Miller,COPD,9.9,25590
29131,MO,Miller,DIABETES,13.2,25590
29131,MO,Miller,OBESITY,37.5,25590
29131,MO,Miller,STROKE,4.1,25590
29133,MO,Mississippi,ARTHRITIS,34.6,11822
29133,MO,Mississippi,BPHIGH,44.4,11822
29133,MO,Mississippi,CANCER,8.4,11822
29133,MO,Mississippi,CHD,9.2,11822
29133,MO,Mississippi,COPD,12.3,11822
29133,MO,Mississippi,DIABETES,16.7,11822
29133,MO,Mississippi,OBESITY,47.6,11822
29133,MO,Mississippi,STROKE,5.2,11822
29135,MO,Moniteau,ARTHRITIS,29.4,15256
29135,MO,Moniteau,BPHIGH,36.3,15256
29135,MO,Moniteau,CANCER,8.7,15256
29135,MO,Moniteau,CHD,7.1,15256
29135,MO,Moniteau,COPD,8.7,15256
29135,MO,Moniteau,DIABETES,11.9,15256
29135,MO,Moniteau,OBESITY,39.2,15256
29135,MO,Moniteau,STROKE,3.7,15256
29137,MO,Monroe,ARTHRITIS,34.9,8698
29137,MO,Monroe,BPHIGH,42.2,8698
29137,MO,Monroe,CANCER,10.8,8698
29137,MO,Monroe,CHD,9.6,8698
29137,MO,Monroe,COPD,11.4,8698
29137,MO,Monroe,DIABETES,15.0,8698
29137,MO,Monroe,OBESITY,37.8,8698
29137,MO,Monroe,STROKE,4.9,8698
29139,MO,Montgomery,ARTHRITIS,33.6,11459
29139,MO,Montgomery,BPHIGH,40.4,11459
29139,MO,Montgomery,CANCER,9.7,11459
29139,MO,Montgomery,CHD,8.5,11459
29139,MO,Montgomery,COPD,10.6,11459
29139,MO,Montgomery,DIABETES,13.9,11459
29139,MO,Montgomery,OBESITY,37.3,11459
29139,MO,Montgomery,STROKE,4.4,11459
29141,MO,Morgan,ARTHRITIS,35.2,21970
29141,MO,Morgan,BPHIGH,43.0,21970
29141,MO,Morgan,CANCER,10.5,21970
29141,MO,Morgan,CHD,10.1,21970
29141,MO,Morgan,COPD,12.5,21970
29141,MO,Morgan,DIABETES,15.8,21970
29141,MO,Morgan,OBESITY,38.2,21970
29141,MO,Morgan,STROKE,5.1,21970
29143,MO,New Madrid,ARTHRITIS,35.1,15424
29143,MO,New Madrid,BPHIGH,43.6,15424
29143,MO,New Madrid,CANCER,9.1,15424
29143,MO,New Madrid,CHD,9.1,15424
29143,MO,New Madrid,COPD,11.9,15424
29143,MO,New Madrid,DIABETES,16.1,15424
29143,MO,New Madrid,OBESITY,43.2,15424
29143,MO,New Madrid,STROKE,5.1,15424
29145,MO,Newton,ARTHRITIS,31.6,60677
29145,MO,Newton,BPHIGH,38.4,60677
29145,MO,Newton,CANCER,9.3,60677
29145,MO,Newton,CHD,7.9,60677
29145,MO,Newton,COPD,9.5,60677
29145,MO,Newton,DIABETES,13.4,60677
29145,MO,Newton,OBESITY,38.8,60677
29145,MO,Newton,STROKE,4.1,60677
29147,MO,Nodaway,ARTHRITIS,26.1,20695
29147,MO,Nodaway,BPHIGH,33.0,20695
29147,MO,Nodaway,CANCER,8.1,20695
29147,MO,Nodaway,CHD,6.7,20695
29147,MO,Nodaway,COPD,7.7,20695
29147,MO,Nodaway,DIABETES,10.6,20695
29147,MO,Nodaway,OBESITY,36.1,20695
29147,MO,Nodaway,STROKE,3.3,20695
29149,MO,Oregon,ARTHRITIS,36.7,8720
29149,MO,Oregon,BPHIGH,43.8,8720
29149,MO,Oregon,CANCER,10.3,8720
29149,MO,Oregon,CHD,10.4,8720
29149,MO,Oregon,COPD,13.3,8720
29149,MO,Oregon,DIABETES,16.5,8720
29149,MO,Oregon,OBESITY,41.1,8720
29149,MO,Oregon,STROKE,5.4,8720
29151,MO,Osage,ARTHRITIS,29.3,13468
29151,MO,Osage,BPHIGH,35.9,13468
29151,MO,Osage,CANCER,9.4,13468
29151,MO,Osage,CHD,6.9,13468
29151,MO,Osage,COPD,8.0,13468
29151,MO,Osage,DIABETES,11.2,13468
29151,MO,Osage,OBESITY,35.6,13468
29151,MO,Osage,STROKE,3.5,13468
29153,MO,Ozark,ARTHRITIS,39.4,8970
29153,MO,Ozark,BPHIGH,47.7,8970
29153,MO,Ozark,CANCER,11.6,8970
29153,MO,Ozark,CHD,12.0,8970
29153,MO,Ozark,COPD,14.9,8970
29153,MO,Ozark,DIABETES,18.3,8970
29153,MO,Ozark,OBESITY,42.5,8970
29153,MO,Ozark,STROKE,6.1,8970
29155,MO,Pemiscot,ARTHRITIS,35.4,14613
29155,MO,Pemiscot,BPHIGH,45.0,14613
29155,MO,Pemiscot,CANCER,8.5,14613
29155,MO,Pemiscot,CHD,9.7,14613
29155,MO,Pemiscot,COPD,13.3,14613
29155,MO,Pemiscot,DIABETES,17.9,14613
29155,MO,Pemiscot,OBESITY,44.9,14613
29155,MO,Pemiscot,STROKE,5.6,14613
29157,MO,Perry,ARTHRITIS,31.3,18950
29157,MO,Perry,BPHIGH,38.4,18950
29157,MO,Perry,CANCER,9.6,18950
29157,MO,Perry,CHD,7.7,18950
29157,MO,Perry,COPD,9.2,18950
29157,MO,Perry,DIABETES,12.5,18950
29157,MO,Perry,OBESITY,36.0,18950
29157,MO,Perry,STROKE,3.9,18950
29159,MO,Pettis,ARTHRITIS,30.1,43530
29159,MO,Pettis,BPHIGH,36.3,43530
29159,MO,Pettis,CANCER,8.8,43530
29159,MO,Pettis,CHD,7.4,43530
29159,MO,Pettis,COPD,9.0,43530
29159,MO,Pettis,DIABETES,12.6,43530
29159,MO,Pettis,OBESITY,36.1,43530
29159,MO,Pettis,STROKE,3.9,43530
29161,MO,Phelps,ARTHRITIS,28.7,45284
29161,MO,Phelps,BPHIGH,35.4,45284
29161,MO,Phelps,CANCER,8.4,45284
29161,MO,Phelps,CHD,7.1,45284
29161,MO,Phelps,COPD,8.4,45284
29161,MO,Phelps,DIABETES,11.7,45284
29161,MO,Phelps,OBESITY,34.6,45284
29161,MO,Phelps,STROKE,3.6,45284
29163,MO,Pike,ARTHRITIS,31.4,17935
29163,MO,Pike,BPHIGH,40.3,17935
29163,MO,Pike,CANCER,9.1,17935
29163,MO,Pike,CHD,8.3,17935
29163,MO,Pike,COPD,10.3,17935
29163,MO,Pike,DIABETES,13.5,17935
29163,MO,Pike,OBESITY,38.3,17935
29163,MO,Pike,STROKE,4.3,17935
29165,MO,Platte,ARTHRITIS,25.9,111940
29165,MO,Platte,BPHIGH,33.9,111940
29165,MO,Platte,CANCER,8.5,111940
29165,MO,Platte,CHD,5.6,111940
29165,MO,Platte,COPD,5.9,111940
29165,MO,Platte,DIABETES,10.0,111940
29165,MO,Platte,OBESITY,37.0,111940
29165,MO,Platte,STROKE,2.8,111940
29167,MO,Polk,ARTHRITIS,30.8,32780
29167,MO,Polk,BPHIGH,38.0,32780
29167,MO,Polk,CANCER,9.1,32780
29167,MO,Polk,CHD,8.1,32780
29167,MO,Polk,COPD,10.1,32780
29167,MO,Polk,DIABETES,13.0,32780
29167,MO,Polk,OBESITY,38.7,32780
29167,MO,Polk,STROKE,4.1,32780
29169,MO,Pulaski,ARTHRITIS,20.8,53812
29169,MO,Pulaski,BPHIGH,28.5,53812
29169,MO,Pulaski,CANCER,5.4,53812
29169,MO,Pulaski,CHD,4.5,53812
29169,MO,Pulaski,COPD,5.8,53812
29169,MO,Pulaski,DIABETES,8.6,53812
29169,MO,Pulaski,OBESITY,35.8,53812
29169,MO,Pulaski,STROKE,2.5,53812
29171,MO,Putnam,ARTHRITIS,34.7,4638
29171,MO,Putnam,BPHIGH,40.8,4638
29171,MO,Putnam,CANCER,10.7,4638
29171,MO,Putnam,CHD,8.7,4638
29171,MO,Putnam,COPD,9.9,4638
29171,MO,Putnam,DIABETES,13.6,4638
29171,MO,Putnam,OBESITY,35.0,4638
29171,MO,Putnam,STROKE,4.3,4638
29173,MO,Ralls,ARTHRITIS,35.0,10489
29173,MO,Ralls,BPHIGH,41.8,10489
29173,MO,Ralls,CANCER,10.5,10489
29173,MO,Ralls,CHD,8.8,10489
29173,MO,Ralls,COPD,10.5,10489
29173,MO,Ralls,DIABETES,14.1,10489
29173,MO,Ralls,OBESITY,40.1,10489
29173,MO,Ralls,STROKE,4.5,10489
29175,MO,Randolph,ARTHRITIS,30.4,24109
29175,MO,Randolph,BPHIGH,37.8,24109
29175,MO,Randolph,CANCER,8.7,24109
29175,MO,Randolph,CHD,7.6,24109
29175,MO,Randolph,COPD,9.6,24109
29175,MO,Randolph,DIABETES,12.7,24109
29175,MO,Randolph,OBESITY,37.7,24109
29175,MO,Randolph,STROKE,4.0,24109
29177,MO,Ray,ARTHRITIS,32.0,23182
29177,MO,Ray,BPHIGH,39.8,23182
29177,MO,Ray,CANCER,9.6,23182
29177,MO,Ray,CHD,7.9,23182
29177,MO,Ray,COPD,9.6,23182
29177,MO,Ray,DIABETES,13.3,23182
29177,MO,Ray,OBESITY,39.6,23182
29177,MO,Ray,STROKE,4.0,23182
29179,MO,Reynolds,ARTHRITIS,36.1,5950
29179,MO,Reynolds,BPHIGH,43.2,5950
29179,MO,Reynolds,CANCER,10.4,5950
29179,MO,Reynolds,CHD,10.2,5950
29179,MO,Reynolds,COPD,12.7,5950
29179,MO,Reynolds,DIABETES,15.9,5950
29179,MO,Reynolds,OBESITY,41.2,5950
29179,MO,Reynolds,STROKE,5.2,5950
29181,MO,Ripley,ARTHRITIS,34.7,10806
29181,MO,Ripley,BPHIGH,41.8,10806
29181,MO,Ripley,CANCER,9.6,10806
29181,MO,Ripley,CHD,9.7,10806
29181,MO,Ripley,COPD,12.8,10806
29181,MO,Ripley,DIABETES,15.6,10806
29181,MO,Ripley,OBESITY,41.3,10806
29181,MO,Ripley,STROKE,5.0,10806
29183,MO,St. Charles,ARTHRITIS,26.3,416659
29183,MO,St. Charles,BPHIGH,31.9,416659
29183,MO,St. Charles,CANCER,9.0,416659
29183,MO,St. Charles,CHD,5.6,416659
29183,MO,St. Charles,COPD,5.8,416659
29183,MO,St. Charles,DIABETES,10.3,416659
29183,MO,St. Charles,OBESITY,35.7,416659
29183,MO,St. Charles,STROKE,2.8,416659
29185,MO,St. Clair,ARTHRITIS,36.3,9752
29185,MO,St. Clair,BPHIGH,45.0,9752
29185,MO,St. Clair,CANCER,11.1,9752
29185,MO,St. Clair,CHD,10.5,9752
29185,MO,St. Clair,COPD,12.5,9752
29185,MO,St. Clair,DIABETES,16.2,9752
29185,MO,St. Clair,OBESITY,37.6,9752
29185,MO,St. Clair,STROKE,5.3,9752
29186,MO,Ste. Genevieve,ARTHRITIS,32.4,18642
29186,MO,Ste. Genevieve,BPHIGH,39.4,18642
29186,MO,Ste. Genevieve,CANCER,9.9,18642
29186,MO,Ste. Genevieve,CHD,7.9,18642
29186,MO,Ste. Genevieve,COPD,9.1,18642
29186,MO,Ste. Genevieve,DIABETES,12.5,18642
29186,MO,Ste. Genevieve,OBESITY,37.2,18642
29186,MO,Ste. Genevieve,STROKE,3.9,18642
29187,MO,St. Francois,ARTHRITIS,30.5,67058
29187,MO,St. Francois,BPHIGH,39.2,67058
29187,MO,St. Francois,CANCER,8.6,67058
29187,MO,St. Francois,CHD,7.7,67058
29187,MO,St. Francois,COPD,10.1,67058
29187,MO,St. Francois,DIABETES,12.9,67058
29187,MO,St. Francois,OBESITY,40.3,67058
29187,MO,St. Francois,STROKE,4.0,67058
29189,MO,St. Louis,ARTHRITIS,28.0,987059
29189,MO,St. Louis,BPHIGH,36.9,987059
29189,MO,St. Louis,CANCER,8.5,987059
29189,MO,St. Louis,CHD,6.1,987059
29189,MO,St. Louis,COPD,6.5,987059
29189,MO,St. Louis,DIABETES,11.5,987059
29189,MO,St. Louis,OBESITY,31.3,987059
29189,MO,St. Louis,STROKE,3.4,987059
29195,MO,Saline,ARTHRITIS,28.2,23049
29195,MO,Saline,BPHIGH,35.3,23049
29195,MO,Saline,CANCER,8.3,23049
29195,MO,Saline,CHD,7.1,23049
29195,MO,Saline,COPD,8.2,23049
29195,MO,Saline,DIABETES,12.4,23049
29195,MO,Saline,OBESITY,37.7,23049
29195,MO,Saline,STROKE,3.7,23049
29197,MO,Schuyler,ARTHRITIS,31.2,4053
29197,MO,Schuyler,BPHIGH,38.2,4053
29197,MO,Schuyler,CANCER,9.7,4053
29197,MO,Schuyler,CHD,7.6,4053
29197,MO,Schuyler,COPD,8.9,4053
29197,MO,Schuyler,DIABETES,12.2,4053
29197,MO,Schuyler,OBESITY,38.8,4053
29197,MO,Schuyler,STROKE,3.9,4053
29199,MO,Scotland,ARTHRITIS,31.6,4676
29199,MO,Scotland,BPHIGH,38.3,4676
29199,MO,Scotland,CANCER,9.7,4676
29199,MO,Scotland,CHD,8.4,4676
29199,MO,Scotland,COPD,10.4,4676
29199,MO,Scotland,DIABETES,12.8,4676
29199,MO,Scotland,OBESITY,37.1,4676
29199,MO,Scotland,STROKE,4.3,4676
29201,MO,Scott,ARTHRITIS,31.0,37889
29201,MO,Scott,BPHIGH,39.8,37889
29201,MO,Scott,CANCER,9.0,37889
29201,MO,Scott,CHD,7.8,37889
29201,MO,Scott,COPD,9.9,37889
29201,MO,Scott,DIABETES,13.4,37889
29201,MO,Scott,OBESITY,38.1,37889
29201,MO,Scott,STROKE,4.2,37889
29203,MO,Shannon,ARTHRITIS,35.2,7238
29203,MO,Shannon,BPHIGH,42.5,7238
29203,MO,Shannon,CANCER,10.5,7238
29203,MO,Shannon,CHD,9.5,7238
29203,MO,Shannon,COPD,11.7,7238
29203,MO,Shannon,DIABETES,15.2,7238
29203,MO,Shannon,OBESITY,37.0,7238
29203,MO,Shannon,STROKE,4.9,7238
29205,MO,Shelby,ARTHRITIS,34.4,5931
29205,MO,Shelby,BPHIGH,42.6,5931
29205,MO,Shelby,CANCER,10.2,5931
29205,MO,Shelby,CHD,9.6,5931
29205,MO,Shelby,COPD,11.8,5931
29205,MO,Shelby,DIABETES,14.9,5931
29205,MO,Shelby,OBESITY,40.3,5931
29205,MO,Shelby,STROKE,4.8,5931
29207,MO,Stoddard,ARTHRITIS,34.8,28397
29207,MO,Stoddard,BPHIGH,40.2,28397
29207,MO,Stoddard,CANCER,9.6,28397
29207,MO,Stoddard,CHD,8.8,28397
29207,MO,Stoddard,COPD,11.4,28397
29207,MO,Stoddard,DIABETES,14.2,28397
29207,MO,Stoddard,OBESITY,37.6,28397
29207,MO,Stoddard,STROKE,4.6,28397
29209,MO,Stone,ARTHRITIS,38.3,32658
29209,MO,Stone,BPHIGH,45.5,32658
29209,MO,Stone,CANCER,12.3,32658
29209,MO,Stone,CHD,10.2,32658
29209,MO,Stone,COPD,11.3,32658
29209,MO,Stone,DIABETES,15.6,32658
29209,MO,Stone,OBESITY,41.1,32658
29209,MO,Stone,STROKE,5.0,32658
29211,MO,Sullivan,ARTHRITIS,33.1,5797
29211,MO,Sullivan,BPHIGH,41.1,5797
29211,MO,Sullivan,CANCER,9.5,5797
29211,MO,Sullivan,CHD,8.9,5797
29211,MO,Sullivan,COPD,10.3,5797
29211,MO,Sullivan,DIABETES,15.1,5797
29211,MO,Sullivan,OBESITY,40.1,5797
29211,MO,Sullivan,STROKE,4.5,5797
29213,MO,Taney,ARTHRITIS,32.4,56775
29213,MO,Taney,BPHIGH,39.4,56775
29213,MO,Taney,CANCER,10.0,56775
29213,MO,Taney,CHD,8.3,56775
29213,MO,Taney,COPD,9.5,56775
29213,MO,Taney,DIABETES,13.3,56775
29213,MO,Taney,OBESITY,35.7,56775
29213,MO,Taney,STROKE,4.2,56775
29215,MO,Texas,ARTHRITIS,34.2,25619
29215,MO,Texas,BPHIGH,43.8,25619
29215,MO,Texas,CANCER,9.7,25619
29215,MO,Texas,CHD,9.6,25619
29215,MO,Texas,COPD,12.2,25619
29215,MO,Texas,DIABETES,15.8,25619
29215,MO,Texas,OBESITY,42.1,25619
29215,MO,Texas,STROKE,4.9,25619
29217,MO,Vernon,ARTHRITIS,33.4,19710
29217,MO,Vernon,BPHIGH,40.5,19710
29217,MO,Vernon,CANCER,9.7,19710
29217,MO,Vernon,CHD,9.0,19710
29217,MO,Vernon,COPD,11.3,19710
29217,MO,Vernon,DIABETES,14.3,19710
29217,MO,Vernon,OBESITY,37.8,19710
29217,MO,Vernon,STROKE,4.6,19710
29219,MO,Warren,ARTHRITIS,30.8,37806
29219,MO,Warren,BPHIGH,37.8,37806
29219,MO,Warren,CANCER,9.2,37806
29219,MO,Warren,CHD,7.3,37806
29219,MO,Warren,COPD,8.7,37806
29219,MO,Warren,DIABETES,12.3,37806
29219,MO,Warren,OBESITY,39.0,37806
29219,MO,Warren,STROKE,3.7,37806
29221,MO,Washington,ARTHRITIS,32.7,23534
29221,MO,Washington,BPHIGH,41.0,23534
29221,MO,Washington,CANCER,9.0,23534
29221,MO,Washington,CHD,8.8,23534
29221,MO,Washington,COPD,11.9,23534
29221,MO,Washington,DIABETES,14.8,23534
29221,MO,Washington,OBESITY,41.9,23534
29221,MO,Washington,STROKE,4.6,23534
29223,MO,Wayne,ARTHRITIS,37.7,10811
29223,MO,Wayne,BPHIGH,45.4,10811
29223,MO,Wayne,CANCER,10.7,10811
29223,MO,Wayne,CHD,11.1,10811
29223,MO,Wayne,COPD,14.3,10811
29223,MO,Wayne,DIABETES,17.4,10811
29223,MO,Wayne,OBESITY,41.5,10811
29223,MO,Wayne,STROKE,5.7,10811
29225,MO,Webster,ARTHRITIS,29.2,41472
29225,MO,Webster,BPHIGH,37.1,41472
29225,MO,Webster,CANCER,8.6,41472
29225,MO,Webster,CHD,7.4,41472
29225,MO,Webster,COPD,9.4,41472
29225,MO,Webster,DIABETES,12.2,41472
29225,MO,Webster,OBESITY,41.7,41472
29225,MO,Webster,STROKE,3.8,41472
29227,MO,Worth,ARTHRITIS,36.7,1907
29227,MO,Worth,BPHIGH,43.8,1907
29227,MO,Worth,CANCER,11.2,1907
29227,MO,Worth,CHD,9.9,1907
29227,MO,Worth,COPD,11.7,1907
29227,MO,Worth,DIABETES,15.5,1907
29227,MO,Worth,OBESITY,40.2,1907
29227,MO,Worth,STROKE,5.0,1907
29229,MO,Wright,ARTHRITIS,34.1,19403
29229,MO,Wright,BPHIGH,41.3,19403
29229,MO,Wright,CANCER,9.6,19403
29229,MO,Wright,CHD,9.5,19403
29229,MO,Wright,COPD,12.6,19403
29229,MO,Wright,DIABETES,15.5,19403
29229,MO,Wright,OBESITY,42.2,19403
29229,MO,Wright,STROKE,5.0,19403
29510,MO,St. Louis,ARTHRITIS,25.6,281754
29510,MO,St. Louis,BPHIGH,37.5,281754
29510,MO,St. Louis,CANCER,6.5,281754
29510,MO,St. Louis,CHD,6.1,281754
29510,MO,St. Louis,COPD,7.4,281754
29510,MO,St. Louis,DIABETES,13.3,281754
29510,MO,St. Louis,OBESITY,37.0,281754
29510,MO,St. Louis,STROKE,3.9,281754
30001,MT,Beaverhead,ARTHRITIS,29.5,9885
30001,MT,Beaverhead,BPHIGH,34.0,9885
30001,MT,Beaverhead,CANCER,9.8,9885
30001,MT,Beaverhead,CHD,7.4,9885
30001,MT,Beaverhead,COPD,7.5,9885
30001,MT,Beaverhead,DIABETES,10.5,9885
30001,MT,Beaverhead,OBESITY,28.3,9885
30001,MT,Beaverhead,STROKE,3.8,9885
30003,MT,Big Horn,ARTHRITIS,27.7,12751
30003,MT,Big Horn,BPHIGH,35.6,12751
30003,MT,Big Horn,CANCER,7.2,12751
30003,MT,Big Horn,CHD,8.3,12751
30003,MT,Big Horn,COPD,10.0,12751
30003,MT,Big Horn,DIABETES,15.1,12751
30003,MT,Big Horn,OBESITY,35.5,12751
30003,MT,Big Horn,STROKE,5.0,12751
30005,MT,Blaine,ARTHRITIS,30.2,6899
30005,MT,Blaine,BPHIGH,36.9,6899
30005,MT,Blaine,CANCER,8.4,6899
30005,MT,Blaine,CHD,8.3,6899
30005,MT,Blaine,COPD,9.3,6899
30005,MT,Blaine,DIABETES,14.3,6899
30005,MT,Blaine,OBESITY,41.1,6899
30005,MT,Blaine,STROKE,4.7,6899
30007,MT,Broadwater,ARTHRITIS,30.1,8032
30007,MT,Broadwater,BPHIGH,35.3,8032
30007,MT,Broadwater,CANCER,10.3,8032
30007,MT,Broadwater,CHD,7.2,8032
30007,MT,Broadwater,COPD,7.5,8032
30007,MT,Broadwater,DIABETES,10.4,8032
30007,MT,Broadwater,OBESITY,30.7,8032
30007,MT,Broadwater,STROKE,3.7,8032
30009,MT,Carbon,ARTHRITIS,33.9,11419
30009,MT,Carbon,BPHIGH,40.1,11419
30009,MT,Carbon,CANCER,11.4,11419
30009,MT,Carbon,CHD,8.0,11419
30009,MT,Carbon,COPD,8.0,11419
30009,MT,Carbon,DIABETES,11.8,11419
30009,MT,Carbon,OBESITY,33.0,11419
30009,MT,Carbon,STROKE,4.1,11419
30011,MT,Carter,ARTHRITIS,34.2,1418
30011,MT,Carter,BPHIGH,39.9,1418
30011,MT,Carter,CANCER,11.9,1418
30011,MT,Carter,CHD,9.2,1418
30011,MT,Carter,COPD,9.5,1418
30011,MT,Carter,DIABETES,12.3,1418
30011,MT,Carter,OBESITY,32.9,1418
30011,MT,Carter,STROKE,4.7,1418
30013,MT,Cascade,ARTHRITIS,31.0,84900
30013,MT,Cascade,BPHIGH,33.9,84900
30013,MT,Cascade,CANCER,9.2,84900
30013,MT,Cascade,CHD,6.7,84900
30013,MT,Cascade,COPD,7.5,84900
30013,MT,Cascade,DIABETES,10.4,84900
30013,MT,Cascade,OBESITY,35.3,84900
30013,MT,Cascade,STROKE,3.6,84900
30015,MT,Chouteau,ARTHRITIS,31.4,5847
30015,MT,Chouteau,BPHIGH,37.5,5847
30015,MT,Chouteau,CANCER,9.9,5847
30015,MT,Chouteau,CHD,7.9,5847
30015,MT,Chouteau,COPD,8.5,5847
30015,MT,Chouteau,DIABETES,12.2,5847
30015,MT,Chouteau,OBESITY,35.6,5847
30015,MT,Chouteau,STROKE,4.2,5847
30017,MT,Custer,ARTHRITIS,29.9,11985
30017,MT,Custer,BPHIGH,33.7,11985
30017,MT,Custer,CANCER,9.6,11985
30017,MT,Custer,CHD,6.8,11985
30017,MT,Custer,COPD,7.4,11985
30017,MT,Custer,DIABETES,10.5,11985
30017,MT,Custer,OBESITY,32.6,11985
30017,MT,Custer,STROKE,3.6,11985
30019,MT,Daniels,ARTHRITIS,32.1,1633
30019,MT,Daniels,BPHIGH,36.5,1633
30019,MT,Daniels,CANCER,11.2,1633
30019,MT,Daniels,CHD,8.1,1633
30019,MT,Daniels,COPD,7.9,1633
30019,MT,Daniels,DIABETES,11.2,1633
30019,MT,Daniels,OBESITY,33.5,1633
30019,MT,Daniels,STROKE,4.1,1633
30021,MT,Dawson,ARTHRITIS,28.8,8810
30021,MT,Dawson,BPHIGH,33.2,8810
30021,MT,Dawson,CANCER,9.8,8810
30021,MT,Dawson,CHD,6.8,8810
30021,MT,Dawson,COPD,7.0,8810
30021,MT,Dawson,DIABETES,10.1,8810
30021,MT,Dawson,OBESITY,32.8,8810
30021,MT,Dawson,STROKE,3.5,8810
30023,MT,Deer Lodge,ARTHRITIS,32.7,9673
30023,MT,Deer Lodge,BPHIGH,38.1,9673
30023,MT,Deer Lodge,CANCER,10.5,9673
30023,MT,Deer Lodge,CHD,8.8,9673
30023,MT,Deer Lodge,COPD,9.8,9673
30023,MT,Deer Lodge,DIABETES,12.9,9673
30023,MT,Deer Lodge,OBESITY,32.4,9673
30023,MT,Deer Lodge,STROKE,4.6,9673
30025,MT,Fallon,ARTHRITIS,29.2,2994
30025,MT,Fallon,BPHIGH,32.7,2994
30025,MT,Fallon,CANCER,9.6,2994
30025,MT,Fallon,CHD,6.8,2994
30025,MT,Fallon,COPD,7.4,2994
30025,MT,Fallon,DIABETES,10.2,2994
30025,MT,Fallon,OBESITY,31.4,2994
30025,MT,Fallon,STROKE,3.6,2994
30027,MT,Fergus,ARTHRITIS,30.9,11772
30027,MT,Fergus,BPHIGH,37.3,11772
30027,MT,Fergus,CANCER,10.7,11772
30027,MT,Fergus,CHD,8.0,11772
30027,MT,Fergus,COPD,8.5,11772
30027,MT,Fergus,DIABETES,11.4,11772
30027,MT,Fergus,OBESITY,31.2,11772
30027,MT,Fergus,STROKE,4.2,11772
30029,MT,Flathead,ARTHRITIS,28.7,113679
30029,MT,Flathead,BPHIGH,31.1,113679
30029,MT,Flathead,CANCER,10.0,113679
30029,MT,Flathead,CHD,6.5,113679
30029,MT,Flathead,COPD,7.0,113679
30029,MT,Flathead,DIABETES,9.3,113679
30029,MT,Flathead,OBESITY,31.2,113679
30029,MT,Flathead,STROKE,3.4,113679
30031,MT,Gallatin,ARTHRITIS,21.5,126409
30031,MT,Gallatin,BPHIGH,23.7,126409
30031,MT,Gallatin,CANCER,7.2,126409
30031,MT,Gallatin,CHD,4.3,126409
30031,MT,Gallatin,COPD,4.5,126409
30031,MT,Gallatin,DIABETES,6.7,126409
30031,MT,Gallatin,OBESITY,23.0,126409
30031,MT,Gallatin,STROKE,2.3,126409
30033,MT,Garfield,ARTHRITIS,32.3,1211
30033,MT,Garfield,BPHIGH,36.6,1211
30033,MT,Garfield,CANCER,11.0,1211
30033,MT,Garfield,CHD,8.3,1211
30033,MT,Garfield,COPD,8.6,1211
30033,MT,Garfield,DIABETES,11.5,1211
30033,MT,Garfield,OBESITY,30.6,1211
30033,MT,Garfield,STROKE,4.3,1211
30035,MT,Glacier,ARTHRITIS,29.3,13609
30035,MT,Glacier,BPHIGH,36.2,13609
30035,MT,Glacier,CANCER,7.0,13609
30035,MT,Glacier,CHD,8.5,13609
30035,MT,Glacier,COPD,10.8,13609
30035,MT,Glacier,DIABETES,15.5,13609
30035,MT,Glacier,OBESITY,39.7,13609
30035,MT,Glacier,STROKE,5.3,13609
30037,MT,Golden Valley,ARTHRITIS,38.3,835
30037,MT,Golden Valley,BPHIGH,43.3,835
30037,MT,Golden Valley,CANCER,12.5,835
30037,MT,Golden Valley,CHD,10.6,835
30037,MT,Golden Valley,COPD,11.1,835
30037,MT,Golden Valley,DIABETES,14.7,835
30037,MT,Golden Valley,OBESITY,32.5,835
30037,MT,Golden Valley,STROKE,5.4,835
30039,MT,Granite,ARTHRITIS,34.0,3595
30039,MT,Granite,BPHIGH,39.4,3595
30039,MT,Granite,CANCER,11.8,3595
30039,MT,Granite,CHD,9.0,3595
30039,MT,Granite,COPD,9.0,3595
30039,MT,Granite,DIABETES,12.3,3595
30039,MT,Granite,OBESITY,30.4,3595
30039,MT,Granite,STROKE,4.6,3595
30041,MT,Hill,ARTHRITIS,28.6,16276
30041,MT,Hill,BPHIGH,36.3,16276
30041,MT,Hill,CANCER,8.3,16276
30041,MT,Hill,CHD,7.5,16276
30041,MT,Hill,COPD,8.5,16276
30041,MT,Hill,DIABETES,12.1,16276
30041,MT,Hill,OBESITY,38.5,16276
30041,MT,Hill,STROKE,4.0,16276
30043,MT,Jefferson,ARTHRITIS,30.6,13048
30043,MT,Jefferson,BPHIGH,33.4,13048
30043,MT,Jefferson,CANCER,10.5,13048
30043,MT,Jefferson,CHD,6.7,13048
30043,MT,Jefferson,COPD,7.0,13048
30043,MT,Jefferson,DIABETES,10.3,13048
30043,MT,Jefferson,OBESITY,32.8,13048
30043,MT,Jefferson,STROKE,3.5,13048
30045,MT,Judith Basin,ARTHRITIS,35.2,2093
30045,MT,Judith Basin,BPHIGH,39.9,2093
30045,MT,Judith Basin,CANCER,11.6,2093
30045,MT,Judith Basin,CHD,9.2,2093
30045,MT,Judith Basin,COPD,9.4,2093
30045,MT,Judith Basin,DIABETES,12.9,2093
30045,MT,Judith Basin,OBESITY,31.5,2093
30045,MT,Judith Basin,STROKE,4.7,2093
30047,MT,Lake,ARTHRITIS,32.8,33338
30047,MT,Lake,BPHIGH,36.4,33338
30047,MT,Lake,CANCER,10.3,33338
30047,MT,Lake,CHD,8.3,33338
30047,MT,Lake,COPD,8.8,33338
30047,MT,Lake,DIABETES,12.2,33338
30047,MT,Lake,OBESITY,33.0,33338
30047,MT,Lake,STROKE,4.5,33338
30049,MT,Lewis and Clark,ARTHRITIS,30.8,75011
30049,MT,Lewis and Clark,BPHIGH,30.6,75011
30049,MT,Lewis and Clark,CANCER,9.7,75011
30049,MT,Lewis and Clark,CHD,6.0,75011
30049,MT,Lewis and Clark,COPD,6.3,75011
30049,MT,Lewis and Clark,DIABETES,9.3,75011
30049,MT,Lewis and Clark,OBESITY,31.0,75011
30049,MT,Lewis and Clark,STROKE,3.2,75011
30051,MT,Liberty,ARTHRITIS,34.6,1974
30051,MT,Liberty,BPHIGH,39.4,1974
30051,MT,Liberty,CANCER,10.8,1974
30051,MT,Liberty,CHD,9.6,1974
30051,MT,Liberty,COPD,10.9,1974
30051,MT,Liberty,DIABETES,13.1,1974
30051,MT,Liberty,OBESITY,34.0,1974
30051,MT,Liberty,STROKE,5.1,1974
30053,MT,Lincoln,ARTHRITIS,38.2,21895
30053,MT,Lincoln,BPHIGH,42.6,21895
30053,MT,Lincoln,CANCER,11.7,21895
30053,MT,Lincoln,CHD,9.9,21895
30053,MT,Lincoln,COPD,10.7,21895
30053,MT,Lincoln,DIABETES,14.0,21895
30053,MT,Lincoln,OBESITY,37.8,21895
30053,MT,Lincoln,STROKE,5.1,21895
30055,MT,McCone,ARTHRITIS,32.9,1676
30055,MT,McCone,BPHIGH,38.1,1676
30055,MT,McCone,CANCER,11.8,1676
30055,MT,McCone,CHD,8.1,1676
30055,MT,McCone,COPD,7.8,1676
30055,MT,McCone,DIABETES,11.1,1676
30055,MT,McCone,OBESITY,32.4,1676
30055,MT,McCone,STROKE,4.1,1676
30057,MT,Madison,ARTHRITIS,32.8,9521
30057,MT,Madison,BPHIGH,35.8,9521
30057,MT,Madison,CANCER,11.6,9521
30057,MT,Madison,CHD,7.7,9521
30057,MT,Madison,COPD,7.3,9521
30057,MT,Madison,DIABETES,10.6,9521
30057,MT,Madison,OBESITY,28.7,9521
30057,MT,Madison,STROKE,3.8,9521
30059,MT,Meagher,ARTHRITIS,35.1,2071
30059,MT,Meagher,BPHIGH,39.0,2071
30059,MT,Meagher,CANCER,12.5,2071
30059,MT,Meagher,CHD,9.1,2071
30059,MT,Meagher,COPD,8.9,2071
30059,MT,Meagher,DIABETES,12.5,2071
30059,MT,Meagher,OBESITY,32.3,2071
30059,MT,Meagher,STROKE,4.6,2071
30061,MT,Mineral,ARTHRITIS,35.0,5090
30061,MT,Mineral,BPHIGH,39.3,5090
30061,MT,Mineral,CANCER,11.6,5090
30061,MT,Mineral,CHD,9.1,5090
30061,MT,Mineral,COPD,9.3,5090
30061,MT,Mineral,DIABETES,12.8,5090
30061,MT,Mineral,OBESITY,36.0,5090
30061,MT,Mineral,STROKE,4.6,5090
30063,MT,Missoula,ARTHRITIS,22.7,121849
30063,MT,Missoula,BPHIGH,26.3,121849
30063,MT,Missoula,CANCER,8.0,121849
30063,MT,Missoula,CHD,5.2,121849
30063,MT,Missoula,COPD,5.4,121849
30063,MT,Missoula,DIABETES,8.3,121849
30063,MT,Missoula,OBESITY,26.2,121849
30063,MT,Missoula,STROKE,2.8,121849
30065,MT,Musselshell,ARTHRITIS,33.3,5308
30065,MT,Musselshell,BPHIGH,38.8,5308
30065,MT,Musselshell,CANCER,11.0,5308
30065,MT,Musselshell,CHD,8.6,5308
30065,MT,Musselshell,COPD,9.2,5308
30065,MT,Musselshell,DIABETES,12.7,5308
30065,MT,Musselshell,OBESITY,35.6,5308
30065,MT,Musselshell,STROKE,4.5,5308
30067,MT,Park,ARTHRITIS,29.7,17903
30067,MT,Park,BPHIGH,34.0,17903
30067,MT,Park,CANCER,10.5,17903
30067,MT,Park,CHD,7.3,17903
30067,MT,Park,COPD,7.6,17903
30067,MT,Park,DIABETES,10.5,17903
30067,MT,Park,OBESITY,30.4,17903
30067,MT,Park,STROKE,3.7,17903
30069,MT,Petroleum,ARTHRITIS,34.6,554
30069,MT,Petroleum,BPHIGH,39.6,554
30069,MT,Petroleum,CANCER,12.1,554
30069,MT,Petroleum,CHD,9.0,554
30069,MT,Petroleum,COPD,8.6,554
30069,MT,Petroleum,DIABETES,12.4,554
30069,MT,Petroleum,OBESITY,32.9,554
30069,MT,Petroleum,STROKE,4.5,554
30071,MT,Phillips,ARTHRITIS,31.6,4249
30071,MT,Phillips,BPHIGH,35.8,4249
30071,MT,Phillips,CANCER,10.6,4249
30071,MT,Phillips,CHD,8.2,4249
30071,MT,Phillips,COPD,8.6,4249
30071,MT,Phillips,DIABETES,12.0,4249
30071,MT,Phillips,OBESITY,38.8,4249
30071,MT,Phillips,STROKE,4.3,4249
30073,MT,Pondera,ARTHRITIS,33.4,6125
30073,MT,Pondera,BPHIGH,37.6,6125
30073,MT,Pondera,CANCER,10.0,6125
30073,MT,Pondera,CHD,8.9,6125
30073,MT,Pondera,COPD,10.3,6125
30073,MT,Pondera,DIABETES,13.6,6125
30073,MT,Pondera,OBESITY,37.2,6125
30073,MT,Pondera,STROKE,4.9,6125
30075,MT,Powder River,ARTHRITIS,34.1,1743
30075,MT,Powder River,BPHIGH,37.1,1743
30075,MT,Powder River,CANCER,11.9,1743
30075,MT,Powder River,CHD,8.4,1743
30075,MT,Powder River,COPD,8.3,1743
30075,MT,Powder River,DIABETES,11.9,1743
30075,MT,Powder River,OBESITY,30.4,1743
30075,MT,Powder River,STROKE,4.2,1743
30077,MT,Powell,ARTHRITIS,29.7,7133
30077,MT,Powell,BPHIGH,35.0,7133
30077,MT,Powell,CANCER,9.1,7133
30077,MT,Powell,CHD,7.6,7133
30077,MT,Powell,COPD,8.1,7133
30077,MT,Powell,DIABETES,11.3,7133
30077,MT,Powell,OBESITY,35.8,7133
30077,MT,Powell,STROKE,3.9,7133
30079,MT,Prairie,ARTHRITIS,40.4,1112
30079,MT,Prairie,BPHIGH,44.8,1112
30079,MT,Prairie,CANCER,13.5,1112
30079,MT,Prairie,CHD,12.3,1112
30079,MT,Prairie,COPD,12.8,1112
30079,MT,Prairie,DIABETES,16.2,1112
30079,MT,Prairie,OBESITY,33.5,1112
30079,MT,Prairie,STROKE,6.3,1112
30081,MT,Ravalli,ARTHRITIS,32.9,47738
30081,MT,Ravalli,BPHIGH,34.3,47738
30081,MT,Ravalli,CANCER,11.2,47738
30081,MT,Ravalli,CHD,7.5,47738
30081,MT,Ravalli,COPD,7.6,47738
30081,MT,Ravalli,DIABETES,10.4,47738
30081,MT,Ravalli,OBESITY,31.9,47738
30081,MT,Ravalli,STROKE,3.8,47738
30083,MT,Richland,ARTHRITIS,26.1,11173
30083,MT,Richland,BPHIGH,31.3,11173
30083,MT,Richland,CANCER,9.0,11173
30083,MT,Richland,CHD,6.2,11173
30083,MT,Richland,COPD,6.4,11173
30083,MT,Richland,DIABETES,9.2,11173
30083,MT,Richland,OBESITY,37.9,11173
30083,MT,Richland,STROKE,3.2,11173
30085,MT,Roosevelt,ARTHRITIS,28.5,10319
30085,MT,Roosevelt,BPHIGH,36.0,10319
30085,MT,Roosevelt,CANCER,7.0,10319
30085,MT,Roosevelt,CHD,7.5,10319
30085,MT,Roosevelt,COPD,9.6,10319
30085,MT,Roosevelt,DIABETES,14.1,10319
30085,MT,Roosevelt,OBESITY,41.0,10319
30085,MT,Roosevelt,STROKE,4.6,10319
30087,MT,Rosebud,ARTHRITIS,31.2,8160
30087,MT,Rosebud,BPHIGH,39.4,8160
30087,MT,Rosebud,CANCER,8.7,8160
30087,MT,Rosebud,CHD,8.2,8160
30087,MT,Rosebud,COPD,9.5,8160
30087,MT,Rosebud,DIABETES,13.6,8160
30087,MT,Rosebud,OBESITY,39.5,8160
30087,MT,Rosebud,STROKE,4.6,8160
30089,MT,Sanders,ARTHRITIS,36.4,13684
30089,MT,Sanders,BPHIGH,40.4,13684
30089,MT,Sanders,CANCER,12.0,13684
30089,MT,Sanders,CHD,10.2,13684
30089,MT,Sanders,COPD,10.8,13684
30089,MT,Sanders,DIABETES,13.7,13684
30089,MT,Sanders,OBESITY,34.9,13684
30089,MT,Sanders,STROKE,5.2,13684
30091,MT,Sheridan,ARTHRITIS,32.1,3498
30091,MT,Sheridan,BPHIGH,37.5,3498
30091,MT,Sheridan,CANCER,10.6,3498
30091,MT,Sheridan,CHD,7.9,3498
30091,MT,Sheridan,COPD,8.3,3498
30091,MT,Sheridan,DIABETES,11.5,3498
30091,MT,Sheridan,OBESITY,35.5,3498
30091,MT,Sheridan,STROKE,4.1,3498
30093,MT,Silver Bow,ARTHRITIS,27.9,36360
30093,MT,Silver Bow,BPHIGH,32.5,36360
30093,MT,Silver Bow,CANCER,8.9,36360
30093,MT,Silver Bow,CHD,6.8,36360
30093,MT,Silver Bow,COPD,7.6,36360
30093,MT,Silver Bow,DIABETES,10.2,36360
30093,MT,Silver Bow,OBESITY,32.3,36360
30093,MT,Silver Bow,STROKE,3.6,36360
30095,MT,Stillwater,ARTHRITIS,32.0,9173
30095,MT,Stillwater,BPHIGH,35.1,9173
30095,MT,Stillwater,CANCER,10.8,9173
30095,MT,Stillwater,CHD,7.3,9173
30095,MT,Stillwater,COPD,7.5,9173
30095,MT,Stillwater,DIABETES,10.8,9173
30095,MT,Stillwater,OBESITY,30.2,9173
30095,MT,Stillwater,STROKE,3.8,9173
30097,MT,Sweet Grass,ARTHRITIS,32.4,3763
30097,MT,Sweet Grass,BPHIGH,36.1,3763
30097,MT,Sweet Grass,CANCER,11.3,3763
30097,MT,Sweet Grass,CHD,7.9,3763
30097,MT,Sweet Grass,COPD,7.7,3763
30097,MT,Sweet Grass,DIABETES,10.9,3763
30097,MT,Sweet Grass,OBESITY,29.4,3763
30097,MT,Sweet Grass,STROKE,4.0,3763
30099,MT,Teton,ARTHRITIS,31.0,6430
30099,MT,Teton,BPHIGH,35.0,6430
30099,MT,Teton,CANCER,10.5,6430
30099,MT,Teton,CHD,7.8,6430
30099,MT,Teton,COPD,8.1,6430
30099,MT,Teton,DIABETES,11.0,6430
30099,MT,Teton,OBESITY,30.9,6430
30099,MT,Teton,STROKE,4.1,6430
30101,MT,Toole,ARTHRITIS,27.9,5133
30101,MT,Toole,BPHIGH,34.1,5133
30101,MT,Toole,CANCER,8.2,5133
30101,MT,Toole,CHD,7.5,5133
30101,MT,Toole,COPD,8.8,5133
30101,MT,Toole,DIABETES,11.5,5133
30101,MT,Toole,OBESITY,35.6,5133
30101,MT,Toole,STROKE,4.0,5133
30103,MT,Treasure,ARTHRITIS,34.8,772
30103,MT,Treasure,BPHIGH,40.0,772
30103,MT,Treasure,CANCER,12.4,772
30103,MT,Treasure,CHD,9.2,772
30103,MT,Treasure,COPD,8.7,772
30103,MT,Treasure,DIABETES,12.5,772
30103,MT,Treasure,OBESITY,33.2,772
30103,MT,Treasure,STROKE,4.6,772
30105,MT,Valley,ARTHRITIS,33.4,7474
30105,MT,Valley,BPHIGH,39.3,7474
30105,MT,Valley,CANCER,10.9,7474
30105,MT,Valley,CHD,8.2,7474
30105,MT,Valley,COPD,8.4,7474
30105,MT,Valley,DIABETES,11.6,7474
30105,MT,Valley,OBESITY,32.7,7474
30105,MT,Valley,STROKE,4.3,7474
30107,MT,Wheatland,ARTHRITIS,34.4,2057
30107,MT,Wheatland,BPHIGH,38.9,2057
30107,MT,Wheatland,CANCER,10.6,2057
30107,MT,Wheatland,CHD,9.1,2057
30107,MT,Wheatland,COPD,10.0,2057
30107,MT,Wheatland,DIABETES,13.0,2057
30107,MT,Wheatland,OBESITY,32.0,2057
30107,MT,Wheatland,STROKE,4.7,2057
30109,MT,Wibaux,ARTHRITIS,32.1,910
30109,MT,Wibaux,BPHIGH,37.2,910
30109,MT,Wibaux,CANCER,10.9,910
30109,MT,Wibaux,CHD,8.2,910
30109,MT,Wibaux,COPD,8.4,910
30109,MT,Wibaux,DIABETES,11.6,910
30109,MT,Wibaux,OBESITY,32.5,910
30109,MT,Wibaux,STROKE,4.2,910
30111,MT,Yellowstone,ARTHRITIS,27.3,170843
30111,MT,Yellowstone,BPHIGH,31.7,170843
30111,MT,Yellowstone,CANCER,9.1,170843
30111,MT,Yellowstone,CHD,6.0,170843
30111,MT,Yellowstone,COPD,6.4,170843
30111,MT,Yellowstone,DIABETES,9.5,170843
30111,MT,Yellowstone,OBESITY,34.0,170843
30111,MT,Yellowstone,STROKE,3.2,170843
31001,NE,Adams,ARTHRITIS,26.8,30899
31001,NE,Adams,BPHIGH,35.6,30899
31001,NE,Adams,CANCER,9.1,30899
31001,NE,Adams,CHD,7.1,30899
31001,NE,Adams,COPD,7.0,30899
31001,NE,Adams,DIABETES,11.8,30899
31001,NE,Adams,OBESITY,41.2,30899
31001,NE,Adams,STROKE,3.4,30899
31003,NE,Antelope,ARTHRITIS,30.1,6302
31003,NE,Antelope,BPHIGH,38.7,6302
31003,NE,Antelope,CANCER,10.8,6302
31003,NE,Antelope,CHD,8.2,6302
31003,NE,Antelope,COPD,8.1,6302
31003,NE,Antelope,DIABETES,12.9,6302
31003,NE,Antelope,OBESITY,42.4,6302
31003,NE,Antelope,STROKE,4.0,6302
31005,NE,Arthur,ARTHRITIS,28.2,412
31005,NE,Arthur,BPHIGH,37.3,412
31005,NE,Arthur,CANCER,10.5,412
31005,NE,Arthur,CHD,8.0,412
31005,NE,Arthur,COPD,7.5,412
31005,NE,Arthur,DIABETES,12.1,412
31005,NE,Arthur,OBESITY,41.7,412
31005,NE,Arthur,STROKE,3.9,412
31007,NE,Banner,ARTHRITIS,30.5,674
31007,NE,Banner,BPHIGH,39.2,674
31007,NE,Banner,CANCER,11.4,674
31007,NE,Banner,CHD,8.2,674
31007,NE,Banner,COPD,7.5,674
31007,NE,Banner,DIABETES,13.1,674
31007,NE,Banner,OBESITY,38.5,674
31007,NE,Banner,STROKE,3.9,674
31009,NE,Blaine,ARTHRITIS,30.6,436
31009,NE,Blaine,BPHIGH,39.7,436
31009,NE,Blaine,CANCER,10.7,436
31009,NE,Blaine,CHD,8.3,436
31009,NE,Blaine,COPD,8.1,436
31009,NE,Blaine,DIABETES,13.3,436
31009,NE,Blaine,OBESITY,39.3,436
31009,NE,Blaine,STROKE,4.0,436
31011,NE,Boone,ARTHRITIS,30.1,5310
31011,NE,Boone,BPHIGH,37.4,5310
31011,NE,Boone,CANCER,10.7,5310
31011,NE,Boone,CHD,8.2,5310
31011,NE,Boone,COPD,8.0,5310
31011,NE,Boone,DIABETES,12.7,5310
31011,NE,Boone,OBESITY,33.1,5310
31011,NE,Boone,STROKE,4.1,5310
31013,NE,Box Butte,ARTHRITIS,27.7,10692
31013,NE,Box Butte,BPHIGH,36.6,10692
31013,NE,Box Butte,CANCER,9.4,10692
31013,NE,Box Butte,CHD,7.7,10692
31013,NE,Box Butte,COPD,7.6,10692
31013,NE,Box Butte,DIABETES,13.0,10692
31013,NE,Box Butte,OBESITY,38.8,10692
31013,NE,Box Butte,STROKE,3.8,10692
31015,NE,Boyd,ARTHRITIS,33.2,1725
31015,NE,Boyd,BPHIGH,43.0,1725
31015,NE,Boyd,CANCER,12.2,1725
31015,NE,Boyd,CHD,9.8,1725
31015,NE,Boyd,COPD,9.3,1725
31015,NE,Boyd,DIABETES,14.8,1725
31015,NE,Boyd,OBESITY,37.9,1725
31015,NE,Boyd,STROKE,4.8,1725
31017,NE,Brown,ARTHRITIS,30.1,2853
31017,NE,Brown,BPHIGH,39.3,2853
31017,NE,Brown,CANCER,10.8,2853
31017,NE,Brown,CHD,8.5,2853
31017,NE,Brown,COPD,8.4,2853
31017,NE,Brown,DIABETES,13.2,2853
31017,NE,Brown,OBESITY,40.2,2853
31017,NE,Brown,STROKE,4.2,2853
31019,NE,Buffalo,ARTHRITIS,23.0,50697
31019,NE,Buffalo,BPHIGH,32.0,50697
31019,NE,Buffalo,CANCER,8.1,50697
31019,NE,Buffalo,CHD,5.9,50697
31019,NE,Buffalo,COPD,5.8,50697
31019,NE,Buffalo,DIABETES,9.6,50697
31019,NE,Buffalo,OBESITY,37.3,50697
31019,NE,Buffalo,STROKE,2.9,50697
31021,NE,Burt,ARTHRITIS,28.7,6727
31021,NE,Burt,BPHIGH,39.9,6727
31021,NE,Burt,CANCER,10.6,6727
31021,NE,Burt,CHD,8.3,6727
31021,NE,Burt,COPD,8.1,6727
31021,NE,Burt,DIABETES,13.1,6727
31021,NE,Burt,OBESITY,40.3,6727
31021,NE,Burt,STROKE,4.1,6727
31023,NE,Butler,ARTHRITIS,27.0,8459
31023,NE,Butler,BPHIGH,34.8,8459
31023,NE,Butler,CANCER,9.7,8459
31023,NE,Butler,CHD,7.1,8459
31023,NE,Butler,COPD,7.0,8459
31023,NE,Butler,DIABETES,11.3,8459
31023,NE,Butler,OBESITY,38.6,8459
31023,NE,Butler,STROKE,3.5,8459
31025,NE,Cass,ARTHRITIS,25.7,27446
31025,NE,Cass,BPHIGH,34.5,27446
31025,NE,Cass,CANCER,9.4,27446
31025,NE,Cass,CHD,6.4,27446
31025,NE,Cass,COPD,6.2,27446
31025,NE,Cass,DIABETES,10.8,27446
31025,NE,Cass,OBESITY,40.2,27446
31025,NE,Cass,STROKE,3.2,27446
31027,NE,Cedar,ARTHRITIS,27.6,8262
31027,NE,Cedar,BPHIGH,35.5,8262
31027,NE,Cedar,CANCER,10.4,8262
31027,NE,Cedar,CHD,7.3,8262
31027,NE,Cedar,COPD,6.9,8262
31027,NE,Cedar,DIABETES,11.3,8262
31027,NE,Cedar,OBESITY,40.2,8262
31027,NE,Cedar,STROKE,3.6,8262
31029,NE,Chase,ARTHRITIS,28.7,3724
31029,NE,Chase,BPHIGH,36.8,3724
31029,NE,Chase,CANCER,10.4,3724
31029,NE,Chase,CHD,8.1,3724
31029,NE,Chase,COPD,7.7,3724
31029,NE,Chase,DIABETES,12.7,3724
31029,NE,Chase,OBESITY,36.9,3724
31029,NE,Chase,STROKE,4.0,3724
31031,NE,Cherry,ARTHRITIS,29.1,5492
31031,NE,Cherry,BPHIGH,37.5,5492
31031,NE,Cherry,CANCER,10.2,5492
31031,NE,Cherry,CHD,8.2,5492
31031,NE,Cherry,COPD,8.1,5492
31031,NE,Cherry,DIABETES,13.1,5492
31031,NE,Cherry,OBESITY,40.8,5492
31031,NE,Cherry,STROKE,4.1,5492
31033,NE,Cheyenne,ARTHRITIS,28.1,9541
31033,NE,Cheyenne,BPHIGH,37.5,9541
31033,NE,Cheyenne,CANCER,9.9,9541
31033,NE,Cheyenne,CHD,7.9,9541
31033,NE,Cheyenne,COPD,8.0,9541
31033,NE,Cheyenne,DIABETES,12.9,9541
31033,NE,Cheyenne,OBESITY,34.7,9541
31033,NE,Cheyenne,STROKE,4.0,9541
31035,NE,Clay,ARTHRITIS,27.2,6116
31035,NE,Clay,BPHIGH,35.5,6116
31035,NE,Clay,CANCER,9.7,6116
31035,NE,Clay,CHD,7.3,6116
31035,NE,Clay,COPD,7.2,6116
31035,NE,Clay,DIABETES,11.8,6116
31035,NE,Clay,OBESITY,40.1,6116
31035,NE,Clay,STROKE,3.6,6116
31037,NE,Colfax,ARTHRITIS,22.0,10566
31037,NE,Colfax,BPHIGH,32.1,10566
31037,NE,Colfax,CANCER,7.0,10566
31037,NE,Colfax,CHD,6.6,10566
31037,NE,Colfax,COPD,6.5,10566
31037,NE,Colfax,DIABETES,13.2,10566
31037,NE,Colfax,OBESITY,38.8,10566
31037,NE,Colfax,STROKE,3.5,10566
31039,NE,Cuming,ARTHRITIS,27.6,8918
31039,NE,Cuming,BPHIGH,37.5,8918
31039,NE,Cuming,CANCER,10.0,8918
31039,NE,Cuming,CHD,7.7,8918
31039,NE,Cuming,COPD,7.3,8918
31039,NE,Cuming,DIABETES,12.1,8918
31039,NE,Cuming,OBESITY,40.4,8918
31039,NE,Cuming,STROKE,3.8,8918
31041,NE,Custer,ARTHRITIS,28.0,10581
31041,NE,Custer,BPHIGH,37.9,10581
31041,NE,Custer,CANCER,10.3,10581
31041,NE,Custer,CHD,7.7,10581
31041,NE,Custer,COPD,7.5,10581
31041,NE,Custer,DIABETES,12.2,10581
31041,NE,Custer,OBESITY,40.0,10581
31041,NE,Custer,STROKE,3.8,10581
31043,NE,Dakota,ARTHRITIS,21.6,21268
31043,NE,Dakota,BPHIGH,31.7,21268
31043,NE,Dakota,CANCER,6.6,21268
31043,NE,Dakota,CHD,6.3,21268
31043,NE,Dakota,COPD,6.3,21268
31043,NE,Dakota,DIABETES,12.8,21268
31043,NE,Dakota,OBESITY,44.3,21268
31043,NE,Dakota,STROKE,3.3,21268
31045,NE,Dawes,ARTHRITIS,24.6,8133
31045,NE,Dawes,BPHIGH,32.2,8133
31045,NE,Dawes,CANCER,8.7,8133
31045,NE,Dawes,CHD,6.5,8133
31045,NE,Dawes,COPD,6.3,8133
31045,NE,Dawes,DIABETES,10.6,8133
31045,NE,Dawes,OBESITY,35.5,8133
31045,NE,Dawes,STROKE,3.2,8133
31047,NE,Dawson,ARTHRITIS,23.9,24085
31047,NE,Dawson,BPHIGH,35.0,24085
31047,NE,Dawson,CANCER,7.5,24085
31047,NE,Dawson,CHD,7.0,24085
31047,NE,Dawson,COPD,6.9,24085
31047,NE,Dawson,DIABETES,13.5,24085
31047,NE,Dawson,OBESITY,41.1,24085
31047,NE,Dawson,STROKE,3.6,24085
31049,NE,Deuel,ARTHRITIS,31.9,1871
31049,NE,Deuel,BPHIGH,41.6,1871
31049,NE,Deuel,CANCER,11.5,1871
31049,NE,Deuel,CHD,9.1,1871
31049,NE,Deuel,COPD,8.5,1871
31049,NE,Deuel,DIABETES,14.2,1871
31049,NE,Deuel,OBESITY,39.8,1871
31049,NE,Deuel,STROKE,4.4,1871
31051,NE,Dixon,ARTHRITIS,27.7,5491
31051,NE,Dixon,BPHIGH,36.8,5491
31051,NE,Dixon,CANCER,10.0,5491
31051,NE,Dixon,CHD,8.3,5491
31051,NE,Dixon,COPD,8.1,5491
31051,NE,Dixon,DIABETES,13.2,5491
31051,NE,Dixon,OBESITY,43.3,5491
31051,NE,Dixon,STROKE,4.1,5491
31053,NE,Dodge,ARTHRITIS,27.1,37187
31053,NE,Dodge,BPHIGH,34.1,37187
31053,NE,Dodge,CANCER,8.8,37187
31053,NE,Dodge,CHD,7.0,37187
31053,NE,Dodge,COPD,7.2,37187
31053,NE,Dodge,DIABETES,11.9,37187
31053,NE,Dodge,OBESITY,39.7,37187
31053,NE,Dodge,STROKE,3.6,37187
31055,NE,Douglas,ARTHRITIS,21.6,589540
31055,NE,Douglas,BPHIGH,30.6,589540
31055,NE,Douglas,CANCER,7.4,589540
31055,NE,Douglas,CHD,5.3,589540
31055,NE,Douglas,COPD,5.6,589540
31055,NE,Douglas,DIABETES,9.8,589540
31055,NE,Douglas,OBESITY,36.9,589540
31055,NE,Douglas,STROKE,2.9,589540
31057,NE,Dundy,ARTHRITIS,32.0,1561
31057,NE,Dundy,BPHIGH,41.2,1561
31057,NE,Dundy,CANCER,11.6,1561
31057,NE,Dundy,CHD,9.0,1561
31057,NE,Dundy,COPD,8.6,1561
31057,NE,Dundy,DIABETES,14.2,1561
31057,NE,Dundy,OBESITY,37.0,1561
31057,NE,Dundy,STROKE,4.4,1561
31059,NE,Fillmore,ARTHRITIS,28.4,5548
31059,NE,Fillmore,BPHIGH,36.9,5548
31059,NE,Fillmore,CANCER,10.5,5548
31059,NE,Fillmore,CHD,7.6,5548
31059,NE,Fillmore,COPD,7.3,5548
31059,NE,Fillmore,DIABETES,12.3,5548
31059,NE,Fillmore,OBESITY,42.1,5548
31059,NE,Fillmore,STROKE,3.7,5548
31061,NE,Franklin,ARTHRITIS,32.6,2825
31061,NE,Franklin,BPHIGH,41.9,2825
31061,NE,Franklin,CANCER,11.3,2825
31061,NE,Franklin,CHD,9.5,2825
31061,NE,Franklin,COPD,9.2,2825
31061,NE,Franklin,DIABETES,14.2,2825
31061,NE,Franklin,OBESITY,39.2,2825
31061,NE,Franklin,STROKE,4.6,2825
31063,NE,Frontier,ARTHRITIS,28.1,2585
31063,NE,Frontier,BPHIGH,36.5,2585
31063,NE,Frontier,CANCER,10.6,2585
31063,NE,Frontier,CHD,7.9,2585
31063,NE,Frontier,COPD,7.4,2585
31063,NE,Frontier,DIABETES,11.9,2585
31063,NE,Frontier,OBESITY,37.4,2585
31063,NE,Frontier,STROKE,3.8,2585
31065,NE,Furnas,ARTHRITIS,31.8,4556
31065,NE,Furnas,BPHIGH,39.6,4556
31065,NE,Furnas,CANCER,10.9,4556
31065,NE,Furnas,CHD,8.7,4556
31065,NE,Furnas,COPD,8.5,4556
31065,NE,Furnas,DIABETES,13.5,4556
31065,NE,Furnas,OBESITY,44.4,4556
31065,NE,Furnas,STROKE,4.2,4556
31067,NE,Gage,ARTHRITIS,29.3,21634
31067,NE,Gage,BPHIGH,39.6,21634
31067,NE,Gage,CANCER,9.9,21634
31067,NE,Gage,CHD,7.9,21634
31067,NE,Gage,COPD,8.1,21634
31067,NE,Gage,DIABETES,12.6,21634
31067,NE,Gage,OBESITY,41.8,21634
31067,NE,Gage,STROKE,3.9,21634
31069,NE,Garden,ARTHRITIS,33.8,1794
31069,NE,Garden,BPHIGH,44.0,1794
31069,NE,Garden,CANCER,11.8,1794
31069,NE,Garden,CHD,10.2,1794
31069,NE,Garden,COPD,9.9,1794
31069,NE,Garden,DIABETES,15.5,1794
31069,NE,Garden,OBESITY,40.2,1794
31069,NE,Garden,STROKE,5.0,1794
31071,NE,Garfield,ARTHRITIS,30.1,1763
31071,NE,Garfield,BPHIGH,38.0,1763
31071,NE,Garfield,CANCER,11.8,1763
31071,NE,Garfield,CHD,8.4,1763
31071,NE,Garfield,COPD,7.5,1763
31071,NE,Garfield,DIABETES,12.3,1763
31071,NE,Garfield,OBESITY,38.8,1763
31071,NE,Garfield,STROKE,4.0,1763
31073,NE,Gosper,ARTHRITIS,28.6,1847
31073,NE,Gosper,BPHIGH,37.6,1847
31073,NE,Gosper,CANCER,10.8,1847
31073,NE,Gosper,CHD,8.0,1847
31073,NE,Gosper,COPD,7.2,1847
31073,NE,Gosper,DIABETES,12.4,1847
31073,NE,Gosper,OBESITY,38.4,1847
31073,NE,Gosper,STROKE,3.8,1847
31075,NE,Grant,ARTHRITIS,29.4,565
31075,NE,Grant,BPHIGH,37.6,565
31075,NE,Grant,CANCER,10.9,565
31075,NE,Grant,CHD,7.8,565
31075,NE,Grant,COPD,7.3,565
31075,NE,Grant,DIABETES,12.1,565
31075,NE,Grant,OBESITY,36.5,565
31075,NE,Grant,STROKE,3.8,565
31077,NE,Greeley,ARTHRITIS,28.3,2219
31077,NE,Greeley,BPHIGH,37.8,2219
31077,NE,Greeley,CANCER,10.7,2219
31077,NE,Greeley,CHD,8.3,2219
31077,NE,Greeley,COPD,8.0,2219
31077,NE,Greeley,DIABETES,12.6,2219
31077,NE,Greeley,OBESITY,34.7,2219
31077,NE,Greeley,STROKE,4.1,2219
31079,NE,Hall,ARTHRITIS,25.2,62197
31079,NE,Hall,BPHIGH,32.8,62197
31079,NE,Hall,CANCER,7.8,62197
31079,NE,Hall,CHD,6.7,62197
31079,NE,Hall,COPD,6.9,62197
31079,NE,Hall,DIABETES,12.0,62197
31079,NE,Hall,OBESITY,41.2,62197
31079,NE,Hall,STROKE,3.5,62197
31081,NE,Hamilton,ARTHRITIS,27.8,9537
31081,NE,Hamilton,BPHIGH,34.3,9537
31081,NE,Hamilton,CANCER,9.8,9537
31081,NE,Hamilton,CHD,6.8,9537
31081,NE,Hamilton,COPD,6.4,9537
31081,NE,Hamilton,DIABETES,10.5,9537
31081,NE,Hamilton,OBESITY,40.7,9537
31081,NE,Hamilton,STROKE,3.3,9537
31083,NE,Harlan,ARTHRITIS,30.4,3045
31083,NE,Harlan,BPHIGH,39.4,3045
31083,NE,Harlan,CANCER,11.3,3045
31083,NE,Harlan,CHD,8.5,3045
31083,NE,Harlan,COPD,8.0,3045
31083,NE,Harlan,DIABETES,13.0,3045
31083,NE,Harlan,OBESITY,35.4,3045
31083,NE,Harlan,STROKE,4.1,3045
31085,NE,Hayes,ARTHRITIS,31.9,846
31085,NE,Hayes,BPHIGH,40.8,846
31085,NE,Hayes,CANCER,11.7,846
31085,NE,Hayes,CHD,9.5,846
31085,NE,Hayes,COPD,8.7,846
31085,NE,Hayes,DIABETES,14.1,846
31085,NE,Hayes,OBESITY,41.0,846
31085,NE,Hayes,STROKE,4.5,846
31087,NE,Hitchcock,ARTHRITIS,29.7,2552
31087,NE,Hitchcock,BPHIGH,40.4,2552
31087,NE,Hitchcock,CANCER,11.1,2552
31087,NE,Hitchcock,CHD,8.7,2552
31087,NE,Hitchcock,COPD,8.5,2552
31087,NE,Hitchcock,DIABETES,13.4,2552
31087,NE,Hitchcock,OBESITY,41.6,2552
31087,NE,Hitchcock,STROKE,4.3,2552
31089,NE,Holt,ARTHRITIS,29.6,10093
31089,NE,Holt,BPHIGH,36.6,10093
31089,NE,Holt,CANCER,10.5,10093
31089,NE,Holt,CHD,8.2,10093
31089,NE,Holt,COPD,8.1,10093
31089,NE,Holt,DIABETES,12.9,10093
31089,NE,Holt,OBESITY,38.4,10093
31089,NE,Holt,STROKE,4.0,10093
31091,NE,Hooker,ARTHRITIS,31.3,679
31091,NE,Hooker,BPHIGH,39.8,679
31091,NE,Hooker,CANCER,11.2,679
31091,NE,Hooker,CHD,8.6,679
31091,NE,Hooker,COPD,8.3,679
31091,NE,Hooker,DIABETES,13.3,679
31091,NE,Hooker,OBESITY,39.7,679
31091,NE,Hooker,STROKE,4.3,679
31093,NE,Howard,ARTHRITIS,28.5,6527
31093,NE,Howard,BPHIGH,37.6,6527
31093,NE,Howard,CANCER,10.4,6527
31093,NE,Howard,CHD,7.3,6527
31093,NE,Howard,COPD,7.0,6527
31093,NE,Howard,DIABETES,11.5,6527
31093,NE,Howard,OBESITY,38.6,6527
31093,NE,Howard,STROKE,3.6,6527
31095,NE,Jefferson,ARTHRITIS,30.4,7054
31095,NE,Jefferson,BPHIGH,37.6,7054
31095,NE,Jefferson,CANCER,10.6,7054
31095,NE,Jefferson,CHD,8.1,7054
31095,NE,Jefferson,COPD,7.7,7054
31095,NE,Jefferson,DIABETES,13.4,7054
31095,NE,Jefferson,OBESITY,37.4,7054
31095,NE,Jefferson,STROKE,4.0,7054
31097,NE,Johnson,ARTHRITIS,24.4,5198
31097,NE,Johnson,BPHIGH,34.3,5198
31097,NE,Johnson,CANCER,8.2,5198
31097,NE,Johnson,CHD,6.8,5198
31097,NE,Johnson,COPD,6.9,5198
31097,NE,Johnson,DIABETES,11.6,5198
31097,NE,Johnson,OBESITY,38.1,5198
31097,NE,Johnson,STROKE,3.5,5198
31099,NE,Kearney,ARTHRITIS,26.2,6770
31099,NE,Kearney,BPHIGH,33.3,6770
31099,NE,Kearney,CANCER,9.9,6770
31099,NE,Kearney,CHD,6.7,6770
31099,NE,Kearney,COPD,6.2,6770
31099,NE,Kearney,DIABETES,10.8,6770
31099,NE,Kearney,OBESITY,38.3,6770
31099,NE,Kearney,STROKE,3.3,6770
31101,NE,Keith,ARTHRITIS,29.1,8113
31101,NE,Keith,BPHIGH,38.4,8113
31101,NE,Keith,CANCER,11.2,8113
31101,NE,Keith,CHD,8.5,8113
31101,NE,Keith,COPD,8.0,8113
31101,NE,Keith,DIABETES,13.2,8113
31101,NE,Keith,OBESITY,35.4,8113
31101,NE,Keith,STROKE,4.2,8113
31103,NE,Keya Paha,ARTHRITIS,32.5,805
31103,NE,Keya Paha,BPHIGH,41.7,805
31103,NE,Keya Paha,CANCER,12.4,805
31103,NE,Keya Paha,CHD,10.1,805
31103,NE,Keya Paha,COPD,9.0,805
31103,NE,Keya Paha,DIABETES,14.2,805
31103,NE,Keya Paha,OBESITY,36.6,805
31103,NE,Keya Paha,STROKE,4.8,805
31105,NE,Kimball,ARTHRITIS,32.5,3289
31105,NE,Kimball,BPHIGH,40.9,3289
31105,NE,Kimball,CANCER,10.9,3289
31105,NE,Kimball,CHD,9.7,3289
31105,NE,Kimball,COPD,9.8,3289
31105,NE,Kimball,DIABETES,15.2,3289
31105,NE,Kimball,OBESITY,42.1,3289
31105,NE,Kimball,STROKE,4.9,3289
31107,NE,Knox,ARTHRITIS,31.7,8298
31107,NE,Knox,BPHIGH,38.8,8298
31107,NE,Knox,CANCER,11.0,8298
31107,NE,Knox,CHD,8.9,8298
31107,NE,Knox,COPD,9.0,8298
31107,NE,Knox,DIABETES,14.1,8298
31107,NE,Knox,OBESITY,39.8,8298
31107,NE,Knox,STROKE,4.5,8298
31109,NE,Lancaster,ARTHRITIS,22.5,326716
31109,NE,Lancaster,BPHIGH,30.0,326716
31109,NE,Lancaster,CANCER,7.7,326716
31109,NE,Lancaster,CHD,5.5,326716
31109,NE,Lancaster,COPD,5.5,326716
31109,NE,Lancaster,DIABETES,9.6,326716
31109,NE,Lancaster,OBESITY,34.4,326716
31109,NE,Lancaster,STROKE,2.8,326716
31111,NE,Lincoln,ARTHRITIS,28.1,33365
31111,NE,Lincoln,BPHIGH,37.5,33365
31111,NE,Lincoln,CANCER,9.5,33365
31111,NE,Lincoln,CHD,8.0,33365
31111,NE,Lincoln,COPD,8.0,33365
31111,NE,Lincoln,DIABETES,12.9,33365
31111,NE,Lincoln,OBESITY,40.1,33365
31111,NE,Lincoln,STROKE,4.0,33365
31113,NE,Logan,ARTHRITIS,29.7,655
31113,NE,Logan,BPHIGH,38.8,655
31113,NE,Logan,CANCER,11.4,655
31113,NE,Logan,CHD,7.8,655
31113,NE,Logan,COPD,7.1,655
31113,NE,Logan,DIABETES,12.0,655
31113,NE,Logan,OBESITY,35.9,655
31113,NE,Logan,STROKE,3.8,655
31115,NE,Loup,ARTHRITIS,31.5,592
31115,NE,Loup,BPHIGH,40.1,592
31115,NE,Loup,CANCER,12.0,592
31115,NE,Loup,CHD,8.7,592
31115,NE,Loup,COPD,7.8,592
31115,NE,Loup,DIABETES,13.5,592
31115,NE,Loup,OBESITY,36.4,592
31115,NE,Loup,STROKE,4.2,592
31117,NE,McPherson,ARTHRITIS,32.3,383
31117,NE,McPherson,BPHIGH,40.3,383
31117,NE,McPherson,CANCER,12.1,383
31117,NE,McPherson,CHD,9.2,383
31117,NE,McPherson,COPD,8.2,383
31117,NE,McPherson,DIABETES,13.3,383
31117,NE,McPherson,OBESITY,38.5,383
31117,NE,McPherson,STROKE,4.4,383
31119,NE,Madison,ARTHRITIS,24.5,35627
31119,NE,Madison,BPHIGH,35.1,35627
31119,NE,Madison,CANCER,8.7,35627
31119,NE,Madison,CHD,6.7,35627
31119,NE,Madison,COPD,6.7,35627
31119,NE,Madison,DIABETES,11.8,35627
31119,NE,Madison,OBESITY,40.0,35627
31119,NE,Madison,STROKE,3.4,35627
31121,NE,Merrick,ARTHRITIS,28.5,7755
31121,NE,Merrick,BPHIGH,36.1,7755
31121,NE,Merrick,CANCER,9.8,7755
31121,NE,Merrick,CHD,7.5,7755
31121,NE,Merrick,COPD,7.4,7755
31121,NE,Merrick,DIABETES,11.7,7755
31121,NE,Merrick,OBESITY,39.3,7755
31121,NE,Merrick,STROKE,3.7,7755
31123,NE,Morrill,ARTHRITIS,29.1,4504
31123,NE,Morrill,BPHIGH,37.2,4504
31123,NE,Morrill,CANCER,9.8,4504
31123,NE,Morrill,CHD,8.3,4504
31123,NE,Morrill,COPD,8.4,4504
31123,NE,Morrill,DIABETES,13.3,4504
31123,NE,Morrill,OBESITY,41.6,4504
31123,NE,Morrill,STROKE,4.2,4504
31125,NE,Nance,ARTHRITIS,28.8,3274
31125,NE,Nance,BPHIGH,37.4,3274
31125,NE,Nance,CANCER,9.7,3274
31125,NE,Nance,CHD,7.8,3274
31125,NE,Nance,COPD,8.4,3274
31125,NE,Nance,DIABETES,12.7,3274
31125,NE,Nance,OBESITY,41.0,3274
31125,NE,Nance,STROKE,3.9,3274
31127,NE,Nemaha,ARTHRITIS,25.9,7076
31127,NE,Nemaha,BPHIGH,33.7,7076
31127,NE,Nemaha,CANCER,9.1,7076
31127,NE,Nemaha,CHD,7.4,7076
31127,NE,Nemaha,COPD,7.6,7076
31127,NE,Nemaha,DIABETES,11.7,7076
31127,NE,Nemaha,OBESITY,40.7,7076
31127,NE,Nemaha,STROKE,3.7,7076
31129,NE,Nuckolls,ARTHRITIS,31.0,4095
31129,NE,Nuckolls,BPHIGH,40.0,4095
31129,NE,Nuckolls,CANCER,11.5,4095
31129,NE,Nuckolls,CHD,8.4,4095
31129,NE,Nuckolls,COPD,7.9,4095
31129,NE,Nuckolls,DIABETES,12.7,4095
31129,NE,Nuckolls,OBESITY,41.8,4095
31129,NE,Nuckolls,STROKE,4.1,4095
31131,NE,Otoe,ARTHRITIS,27.3,16335
31131,NE,Otoe,BPHIGH,36.7,16335
31131,NE,Otoe,CANCER,9.7,16335
31131,NE,Otoe,CHD,7.0,16335
31131,NE,Otoe,COPD,6.8,16335
31131,NE,Otoe,DIABETES,11.9,16335
31131,NE,Otoe,OBESITY,40.7,16335
31131,NE,Otoe,STROKE,3.4,16335
31133,NE,Pawnee,ARTHRITIS,32.5,2512
31133,NE,Pawnee,BPHIGH,42.2,2512
31133,NE,Pawnee,CANCER,11.8,2512
31133,NE,Pawnee,CHD,9.9,2512
31133,NE,Pawnee,COPD,9.8,2512
31133,NE,Pawnee,DIABETES,14.4,2512
31133,NE,Pawnee,OBESITY,37.5,2512
31133,NE,Pawnee,STROKE,4.9,2512
31135,NE,Perkins,ARTHRITIS,28.0,2795
31135,NE,Perkins,BPHIGH,36.7,2795
31135,NE,Perkins,CANCER,10.4,2795
31135,NE,Perkins,CHD,7.6,2795
31135,NE,Perkins,COPD,7.3,2795
31135,NE,Perkins,DIABETES,11.9,2795
31135,NE,Perkins,OBESITY,40.6,2795
31135,NE,Perkins,STROKE,3.7,2795
31137,NE,Phelps,ARTHRITIS,27.7,9057
31137,NE,Phelps,BPHIGH,35.3,9057
31137,NE,Phelps,CANCER,9.7,9057
31137,NE,Phelps,CHD,7.3,9057
31137,NE,Phelps,COPD,7.3,9057
31137,NE,Phelps,DIABETES,11.5,9057
31137,NE,Phelps,OBESITY,38.6,9057
31137,NE,Phelps,STROKE,3.7,9057
31139,NE,Pierce,ARTHRITIS,27.0,7299
31139,NE,Pierce,BPHIGH,34.4,7299
31139,NE,Pierce,CANCER,9.8,7299
31139,NE,Pierce,CHD,7.0,7299
31139,NE,Pierce,COPD,6.8,7299
31139,NE,Pierce,DIABETES,10.9,7299
31139,NE,Pierce,OBESITY,38.9,7299
31139,NE,Pierce,STROKE,3.5,7299
31141,NE,Platte,ARTHRITIS,25.5,34609
31141,NE,Platte,BPHIGH,34.9,34609
31141,NE,Platte,CANCER,8.8,34609
31141,NE,Platte,CHD,6.8,34609
31141,NE,Platte,COPD,6.6,34609
31141,NE,Platte,DIABETES,11.9,34609
31141,NE,Platte,OBESITY,41.8,34609
31141,NE,Platte,STROKE,3.4,34609
31143,NE,Polk,ARTHRITIS,29.3,5228
31143,NE,Polk,BPHIGH,37.0,5228
31143,NE,Polk,CANCER,10.4,5228
31143,NE,Polk,CHD,7.6,5228
31143,NE,Polk,COPD,7.2,5228
31143,NE,Polk,DIABETES,12.0,5228
31143,NE,Polk,OBESITY,40.4,5228
31143,NE,Polk,STROKE,3.7,5228
31145,NE,Red Willow,ARTHRITIS,28.7,10457
31145,NE,Red Willow,BPHIGH,38.6,10457
31145,NE,Red Willow,CANCER,9.7,10457
31145,NE,Red Willow,CHD,7.6,10457
31145,NE,Red Willow,COPD,7.6,10457
31145,NE,Red Willow,DIABETES,12.1,10457
31145,NE,Red Willow,OBESITY,42.1,10457
31145,NE,Red Willow,STROKE,3.8,10457
31147,NE,Richardson,ARTHRITIS,31.1,7689
31147,NE,Richardson,BPHIGH,41.1,7689
31147,NE,Richardson,CANCER,10.6,7689
31147,NE,Richardson,CHD,8.4,7689
31147,NE,Richardson,COPD,8.4,7689
31147,NE,Richardson,DIABETES,14.0,7689
31147,NE,Richardson,OBESITY,45.3,7689
31147,NE,Richardson,STROKE,4.2,7689
31149,NE,Rock,ARTHRITIS,30.3,1271
31149,NE,Rock,BPHIGH,38.3,1271
31149,NE,Rock,CANCER,11.5,1271
31149,NE,Rock,CHD,8.2,1271
31149,NE,Rock,COPD,7.7,1271
31149,NE,Rock,DIABETES,12.5,1271
31149,NE,Rock,OBESITY,38.8,1271
31149,NE,Rock,STROKE,3.9,1271
31151,NE,Saline,ARTHRITIS,24.1,14555
31151,NE,Saline,BPHIGH,32.0,14555
31151,NE,Saline,CANCER,7.8,14555
31151,NE,Saline,CHD,6.5,14555
31151,NE,Saline,COPD,6.5,14555
31151,NE,Saline,DIABETES,11.8,14555
31151,NE,Saline,OBESITY,40.4,14555
31151,NE,Saline,STROKE,3.3,14555
31153,NE,Sarpy,ARTHRITIS,21.2,199886
31153,NE,Sarpy,BPHIGH,30.1,199886
31153,NE,Sarpy,CANCER,7.4,199886
31153,NE,Sarpy,CHD,4.7,199886
31153,NE,Sarpy,COPD,4.6,199886
31153,NE,Sarpy,DIABETES,9.4,199886
31153,NE,Sarpy,OBESITY,35.9,199886
31153,NE,Sarpy,STROKE,2.5,199886
31155,NE,Saunders,ARTHRITIS,26.3,23463
31155,NE,Saunders,BPHIGH,34.8,23463
31155,NE,Saunders,CANCER,9.4,23463
31155,NE,Saunders,CHD,6.4,23463
31155,NE,Saunders,COPD,6.1,23463
31155,NE,Saunders,DIABETES,10.5,23463
31155,NE,Saunders,OBESITY,39.3,23463
31155,NE,Saunders,STROKE,3.1,23463
31157,NE,Scotts Bluff,ARTHRITIS,28.2,35699
31157,NE,Scotts Bluff,BPHIGH,37.7,35699
31157,NE,Scotts Bluff,CANCER,9.2,35699
31157,NE,Scotts Bluff,CHD,7.5,35699
31157,NE,Scotts Bluff,COPD,7.6,35699
31157,NE,Scotts Bluff,DIABETES,13.0,35699
31157,NE,Scotts Bluff,OBESITY,39.1,35699
31157,NE,Scotts Bluff,STROKE,3.8,35699
31159,NE,Seward,ARTHRITIS,24.9,17671
31159,NE,Seward,BPHIGH,32.0,17671
31159,NE,Seward,CANCER,8.8,17671
31159,NE,Seward,CHD,6.0,17671
31159,NE,Seward,COPD,5.9,17671
31159,NE,Seward,DIABETES,9.5,17671
31159,NE,Seward,OBESITY,34.5,17671
31159,NE,Seward,STROKE,3.0,17671
31161,NE,Sheridan,ARTHRITIS,30.4,4928
31161,NE,Sheridan,BPHIGH,40.7,4928
31161,NE,Sheridan,CANCER,11.2,4928
31161,NE,Sheridan,CHD,8.9,4928
31161,NE,Sheridan,COPD,8.7,4928
31161,NE,Sheridan,DIABETES,13.9,4928
31161,NE,Sheridan,OBESITY,36.0,4928
31161,NE,Sheridan,STROKE,4.5,4928
31163,NE,Sherman,ARTHRITIS,31.1,2983
31163,NE,Sherman,BPHIGH,39.9,2983
31163,NE,Sherman,CANCER,11.2,2983
31163,NE,Sherman,CHD,9.0,2983
31163,NE,Sherman,COPD,8.8,2983
31163,NE,Sherman,DIABETES,13.7,2983
31163,NE,Sherman,OBESITY,41.4,2983
31163,NE,Sherman,STROKE,4.4,2983
31165,NE,Sioux,ARTHRITIS,33.9,1154
31165,NE,Sioux,BPHIGH,43.9,1154
31165,NE,Sioux,CANCER,11.8,1154
31165,NE,Sioux,CHD,10.9,1154
31165,NE,Sioux,COPD,10.6,1154
31165,NE,Sioux,DIABETES,16.0,1154
31165,NE,Sioux,OBESITY,42.6,1154
31165,NE,Sioux,STROKE,5.2,1154
31167,NE,Stanton,ARTHRITIS,27.0,5856
31167,NE,Stanton,BPHIGH,34.3,5856
31167,NE,Stanton,CANCER,9.9,5856
31167,NE,Stanton,CHD,7.1,5856
31167,NE,Stanton,COPD,6.8,5856
31167,NE,Stanton,DIABETES,11.5,5856
31167,NE,Stanton,OBESITY,39.8,5856
31167,NE,Stanton,STROKE,3.5,5856
31169,NE,Thayer,ARTHRITIS,30.2,4829
31169,NE,Thayer,BPHIGH,38.4,4829
31169,NE,Thayer,CANCER,10.8,4829
31169,NE,Thayer,CHD,8.4,4829
31169,NE,Thayer,COPD,8.4,4829
31169,NE,Thayer,DIABETES,13.2,4829
31169,NE,Thayer,OBESITY,40.0,4829
31169,NE,Thayer,STROKE,4.2,4829
31171,NE,Thomas,ARTHRITIS,28.5,677
31171,NE,Thomas,BPHIGH,36.0,677
31171,NE,Thomas,CANCER,11.0,677
31171,NE,Thomas,CHD,7.3,677
31171,NE,Thomas,COPD,6.7,677
31171,NE,Thomas,DIABETES,11.3,677
31171,NE,Thomas,OBESITY,36.6,677
31171,NE,Thomas,STROKE,3.6,677
31173,NE,Thurston,ARTHRITIS,23.3,6557
31173,NE,Thurston,BPHIGH,35.8,6557
31173,NE,Thurston,CANCER,7.0,6557
31173,NE,Thurston,CHD,6.9,6557
31173,NE,Thurston,COPD,7.8,6557
31173,NE,Thurston,DIABETES,13.4,6557
31173,NE,Thurston,OBESITY,45.4,6557
31173,NE,Thurston,STROKE,3.9,6557
31175,NE,Valley,ARTHRITIS,30.5,4012
31175,NE,Valley,BPHIGH,38.5,4012
31175,NE,Valley,CANCER,11.0,4012
31175,NE,Valley,CHD,8.5,4012
31175,NE,Valley,COPD,8.2,4012
31175,NE,Valley,DIABETES,12.9,4012
31175,NE,Valley,OBESITY,41.8,4012
31175,NE,Valley,STROKE,4.2,4012
31177,NE,Washington,ARTHRITIS,26.9,21152
31177,NE,Washington,BPHIGH,34.2,21152
31177,NE,Washington,CANCER,9.8,21152
31177,NE,Washington,CHD,6.3,21152
31177,NE,Washington,COPD,6.0,21152
31177,NE,Washington,DIABETES,10.7,21152
31177,NE,Washington,OBESITY,41.2,21152
31177,NE,Washington,STROKE,3.1,21152
31179,NE,Wayne,ARTHRITIS,21.5,9874
31179,NE,Wayne,BPHIGH,29.0,9874
31179,NE,Wayne,CANCER,7.5,9874
31179,NE,Wayne,CHD,5.8,9874
31179,NE,Wayne,COPD,5.8,9874
31179,NE,Wayne,DIABETES,9.7,9874
31179,NE,Wayne,OBESITY,37.3,9874
31179,NE,Wayne,STROKE,2.9,9874
31181,NE,Webster,ARTHRITIS,29.9,3351
31181,NE,Webster,BPHIGH,37.4,3351
31181,NE,Webster,CANCER,10.2,3351
31181,NE,Webster,CHD,7.6,3351
31181,NE,Webster,COPD,7.7,3351
31181,NE,Webster,DIABETES,12.9,3351
31181,NE,Webster,OBESITY,39.1,3351
31181,NE,Webster,STROKE,3.8,3351
31183,NE,Wheeler,ARTHRITIS,31.2,775
31183,NE,Wheeler,BPHIGH,40.6,775
31183,NE,Wheeler,CANCER,12.1,775
31183,NE,Wheeler,CHD,8.5,775
31183,NE,Wheeler,COPD,7.6,775
31183,NE,Wheeler,DIABETES,13.2,775
31183,NE,Wheeler,OBESITY,38.4,775
31183,NE,Wheeler,STROKE,4.0,775
31185,NE,York,ARTHRITIS,26.0,14356
31185,NE,York,BPHIGH,34.0,14356
31185,NE,York,CANCER,9.3,14356
31185,NE,York,CHD,7.1,14356
31185,NE,York,COPD,7.0,14356
31185,NE,York,DIABETES,11.2,14356
31185,NE,York,OBESITY,40.9,14356
31185,NE,York,STROKE,3.5,14356
32001,NV,Churchill,ARTHRITIS,29.7,25803
32001,NV,Churchill,BPHIGH,35.4,25803
32001,NV,Churchill,CANCER,9.1,25803
32001,NV,Churchill,CHD,7.3,25803
32001,NV,Churchill,COPD,8.2,25803
32001,NV,Churchill,DIABETES,11.7,25803
32001,NV,Churchill,OBESITY,37.8,25803
32001,NV,Churchill,STROKE,3.8,25803
32003,NV,Clark,ARTHRITIS,23.9,2336573
32003,NV,Clark,BPHIGH,34.5,2336573
32003,NV,Clark,CANCER,6.8,2336573
32003,NV,Clark,CHD,6.2,2336573
32003,NV,Clark,COPD,6.9,2336573
32003,NV,Clark,DIABETES,12.4,2336573
32003,NV,Clark,OBESITY,31.4,2336573
32003,NV,Clark,STROKE,3.4,2336573
32005,NV,Douglas,ARTHRITIS,34.1,49545
32005,NV,Douglas,BPHIGH,38.2,49545
32005,NV,Douglas,CANCER,12.6,49545
32005,NV,Douglas,CHD,8.5,49545
32005,NV,Douglas,COPD,8.2,49545
32005,NV,Douglas,DIABETES,12.2,49545
32005,NV,Douglas,OBESITY,27.1,49545
32005,NV,Douglas,STROKE,4.2,49545
32007,NV,Elko,ARTHRITIS,25.1,54293
32007,NV,Elko,BPHIGH,32.1,54293
32007,NV,Elko,CANCER,7.3,54293
32007,NV,Elko,CHD,6.2,54293
32007,NV,Elko,COPD,7.3,54293
32007,NV,Elko,DIABETES,11.0,54293
32007,NV,Elko,OBESITY,38.0,54293
32007,NV,Elko,STROKE,3.3,54293
32009,NV,Esmeralda,ARTHRITIS,37.1,736
32009,NV,Esmeralda,BPHIGH,44.8,736
32009,NV,Esmeralda,CANCER,11.8,736
32009,NV,Esmeralda,CHD,12.1,736
32009,NV,Esmeralda,COPD,12.5,736
32009,NV,Esmeralda,DIABETES,17.7,736
32009,NV,Esmeralda,OBESITY,36.1,736
32009,NV,Esmeralda,STROKE,6.1,736
32011,NV,Eureka,ARTHRITIS,33.9,1917
32011,NV,Eureka,BPHIGH,41.5,1917
32011,NV,Eureka,CANCER,9.6,1917
32011,NV,Eureka,CHD,9.9,1917
32011,NV,Eureka,COPD,12.1,1917
32011,NV,Eureka,DIABETES,16.1,1917
32011,NV,Eureka,OBESITY,38.8,1917
32011,NV,Eureka,STROKE,5.2,1917
32013,NV,Humboldt,ARTHRITIS,27.4,17136
32013,NV,Humboldt,BPHIGH,32.0,17136
32013,NV,Humboldt,CANCER,8.1,17136
32013,NV,Humboldt,CHD,6.6,17136
32013,NV,Humboldt,COPD,7.6,17136
32013,NV,Humboldt,DIABETES,11.5,17136
32013,NV,Humboldt,OBESITY,36.2,17136
32013,NV,Humboldt,STROKE,3.5,17136
32015,NV,Lander,ARTHRITIS,28.5,5769
32015,NV,Lander,BPHIGH,36.0,5769
32015,NV,Lander,CANCER,8.5,5769
32015,NV,Lander,CHD,7.7,5769
32015,NV,Lander,COPD,9.0,5769
32015,NV,Lander,DIABETES,13.0,5769
32015,NV,Lander,OBESITY,35.1,5769
32015,NV,Lander,STROKE,4.1,5769
32017,NV,Lincoln,ARTHRITIS,30.7,4452
32017,NV,Lincoln,BPHIGH,37.0,4452
32017,NV,Lincoln,CANCER,10.6,4452
32017,NV,Lincoln,CHD,7.9,4452
32017,NV,Lincoln,COPD,8.3,4452
32017,NV,Lincoln,DIABETES,11.8,4452
32017,NV,Lincoln,OBESITY,31.6,4452
32017,NV,Lincoln,STROKE,4.0,4452
32019,NV,Lyon,ARTHRITIS,27.9,62583
32019,NV,Lyon,BPHIGH,37.5,62583
32019,NV,Lyon,CANCER,9.5,62583
32019,NV,Lyon,CHD,7.5,62583
32019,NV,Lyon,COPD,8.5,62583
32019,NV,Lyon,DIABETES,12.3,62583
32019,NV,Lyon,OBESITY,35.2,62583
32019,NV,Lyon,STROKE,3.9,62583
32021,NV,Mineral,ARTHRITIS,36.0,4528
32021,NV,Mineral,BPHIGH,44.0,4528
32021,NV,Mineral,CANCER,10.4,4528
32021,NV,Mineral,CHD,11.1,4528
32021,NV,Mineral,COPD,12.9,4528
32021,NV,Mineral,DIABETES,17.6,4528
32021,NV,Mineral,OBESITY,38.2,4528
32021,NV,Mineral,STROKE,6.0,4528
32023,NV,Nye,ARTHRITIS,35.6,55720
32023,NV,Nye,BPHIGH,42.3,55720
32023,NV,Nye,CANCER,11.3,55720
32023,NV,Nye,CHD,10.1,55720
32023,NV,Nye,COPD,11.0,55720
32023,NV,Nye,DIABETES,15.7,55720
32023,NV,Nye,OBESITY,39.7,55720
32023,NV,Nye,STROKE,5.2,55720
32027,NV,Pershing,ARTHRITIS,26.9,6364
32027,NV,Pershing,BPHIGH,35.4,6364
32027,NV,Pershing,CANCER,8.4,6364
32027,NV,Pershing,CHD,7.4,6364
32027,NV,Pershing,COPD,8.0,6364
32027,NV,Pershing,DIABETES,12.1,6364
32027,NV,Pershing,OBESITY,35.7,6364
32027,NV,Pershing,STROKE,3.8,6364
32029,NV,Storey,ARTHRITIS,33.6,4177
32029,NV,Storey,BPHIGH,38.5,4177
32029,NV,Storey,CANCER,12.4,4177
32029,NV,Storey,CHD,8.4,4177
32029,NV,Storey,COPD,8.1,4177
32029,NV,Storey,DIABETES,12.4,4177
32029,NV,Storey,OBESITY,31.6,4177
32029,NV,Storey,STROKE,4.1,4177
32031,NV,Washoe,ARTHRITIS,25.4,498022
32031,NV,Washoe,BPHIGH,29.7,498022
32031,NV,Washoe,CANCER,8.3,498022
32031,NV,Washoe,CHD,6.1,498022
32031,NV,Washoe,COPD,6.7,498022
32031,NV,Washoe,DIABETES,10.0,498022
32031,NV,Washoe,OBESITY,28.5,498022
32031,NV,Washoe,STROKE,3.2,498022
32033,NV,White Pine,ARTHRITIS,29.8,8522
32033,NV,White Pine,BPHIGH,36.4,8522
32033,NV,White Pine,CANCER,9.2,8522
32033,NV,White Pine,CHD,8.1,8522
32033,NV,White Pine,COPD,9.1,8522
32033,NV,White Pine,DIABETES,12.6,8522
32033,NV,White Pine,OBESITY,34.4,8522
32033,NV,White Pine,STROKE,4.2,8522
32510,NV,Carson City,ARTHRITIS,28.0,58036
32510,NV,Carson City,BPHIGH,34.5,58036
32510,NV,Carson City,CANCER,9.2,58036
32510,NV,Carson City,CHD,7.2,58036
32510,NV,Carson City,COPD,7.8,58036
32510,NV,Carson City,DIABETES,12.1,58036
32510,NV,Carson City,OBESITY,33.1,58036
32510,NV,Carson City,STROKE,3.7,58036
33001,NH,Belknap,ARTHRITIS,31.3,65027
33001,NH,Belknap,BPHIGH,35.7,65027
33001,NH,Belknap,CANCER,11.3,65027
33001,NH,Belknap,CHD,7.0,65027
33001,NH,Belknap,COPD,7.5,65027
33001,NH,Belknap,DIABETES,10.5,65027
33001,NH,Belknap,OBESITY,30.5,65027
33001,NH,Belknap,STROKE,3.6,65027
33003,NH,Carroll,ARTHRITIS,32.8,52448
33003,NH,Carroll,BPHIGH,35.1,52448
33003,NH,Carroll,CANCER,12.5,52448
33003,NH,Carroll,CHD,7.8,52448
33003,NH,Carroll,COPD,7.5,52448
33003,NH,Carroll,DIABETES,10.7,52448
33003,NH,Carroll,OBESITY,30.7,52448
33003,NH,Carroll,STROKE,3.8,52448
33005,NH,Cheshire,ARTHRITIS,29.8,77703
33005,NH,Cheshire,BPHIGH,33.3,77703
33005,NH,Cheshire,CANCER,10.6,77703
33005,NH,Cheshire,CHD,6.6,77703
33005,NH,Cheshire,COPD,7.1,77703
33005,NH,Cheshire,DIABETES,9.5,77703
33005,NH,Cheshire,OBESITY,29.9,77703
33005,NH,Cheshire,STROKE,3.4,77703
33007,NH,Coos,ARTHRITIS,33.8,31372
33007,NH,Coos,BPHIGH,38.2,31372
33007,NH,Coos,CANCER,10.9,31372
33007,NH,Coos,CHD,8.4,31372
33007,NH,Coos,COPD,9.5,31372
33007,NH,Coos,DIABETES,13.0,31372
33007,NH,Coos,OBESITY,36.4,31372
33007,NH,Coos,STROKE,4.4,31372
33009,NH,Grafton,ARTHRITIS,28.5,93146
33009,NH,Grafton,BPHIGH,31.8,93146
33009,NH,Grafton,CANCER,10.2,93146
33009,NH,Grafton,CHD,6.4,93146
33009,NH,Grafton,COPD,6.4,93146
33009,NH,Grafton,DIABETES,9.3,93146
33009,NH,Grafton,OBESITY,25.8,93146
33009,NH,Grafton,STROKE,3.2,93146
33011,NH,Hillsborough,ARTHRITIS,25.8,427354
33011,NH,Hillsborough,BPHIGH,31.5,427354
33011,NH,Hillsborough,CANCER,9.0,427354
33011,NH,Hillsborough,CHD,5.6,427354
33011,NH,Hillsborough,COPD,5.7,427354
33011,NH,Hillsborough,DIABETES,9.2,427354
33011,NH,Hillsborough,OBESITY,33.1,427354
33011,NH,Hillsborough,STROKE,2.9,427354
33013,NH,Merrimack,ARTHRITIS,28.0,157103
33013,NH,Merrimack,BPHIGH,31.8,157103
33013,NH,Merrimack,CANCER,9.7,157103
33013,NH,Merrimack,CHD,5.9,157103
33013,NH,Merrimack,COPD,6.4,157103
33013,NH,Merrimack,DIABETES,9.1,157103
33013,NH,Merrimack,OBESITY,33.2,157103
33013,NH,Merrimack,STROKE,3.1,157103
33015,NH,Rockingham,ARTHRITIS,26.7,320689
33015,NH,Rockingham,BPHIGH,34.7,320689
33015,NH,Rockingham,CANCER,10.1,320689
33015,NH,Rockingham,CHD,5.7,320689
33015,NH,Rockingham,COPD,5.7,320689
33015,NH,Rockingham,DIABETES,9.1,320689
33015,NH,Rockingham,OBESITY,31.2,320689
33015,NH,Rockingham,STROKE,2.9,320689
33017,NH,Strafford,ARTHRITIS,26.0,133243
33017,NH,Strafford,BPHIGH,30.9,133243
33017,NH,Strafford,CANCER,8.6,133243
33017,NH,Strafford,CHD,5.3,133243
33017,NH,Strafford,COPD,6.0,133243
33017,NH,Strafford,DIABETES,8.6,133243
33017,NH,Strafford,OBESITY,32.4,133243
33017,NH,Strafford,STROKE,2.8,133243
33019,NH,Sullivan,ARTHRITIS,31.6,43969
33019,NH,Sullivan,BPHIGH,36.1,43969
33019,NH,Sullivan,CANCER,10.5,43969
33019,NH,Sullivan,CHD,7.3,43969
33019,NH,Sullivan,COPD,8.0,43969
33019,NH,Sullivan,DIABETES,11.2,43969
33019,NH,Sullivan,OBESITY,33.5,43969
33019,NH,Sullivan,STROKE,3.8,43969
34001,NJ,Atlantic,ARTHRITIS,25.0,275213
34001,NJ,Atlantic,BPHIGH,36.1,275213
34001,NJ,Atlantic,CANCER,8.1,275213
34001,NJ,Atlantic,CHD,6.8,275213
34001,NJ,Atlantic,COPD,6.5,275213
34001,NJ,Atlantic,DIABETES,12.7,275213
34001,NJ,Atlantic,OBESITY,30.7,275213
34001,NJ,Atlantic,STROKE,3.7,275213
34003,NJ,Bergen,ARTHRITIS,20.3,957736
34003,NJ,Bergen,BPHIGH,32.5,957736
34003,NJ,Bergen,CANCER,7.6,957736
34003,NJ,Bergen,CHD,5.2,957736
34003,NJ,Bergen,COPD,4.4,957736
34003,NJ,Bergen,DIABETES,9.7,957736
34003,NJ,Bergen,OBESITY,25.6,957736
34003,NJ,Bergen,STROKE,2.8,957736
34005,NJ,Burlington,ARTHRITIS,25.3,469167
34005,NJ,Burlington,BPHIGH,34.0,469167
34005,NJ,Burlington,CANCER,8.2,469167
34005,NJ,Burlington,CHD,5.6,469167
34005,NJ,Burlington,COPD,5.2,469167
34005,NJ,Burlington,DIABETES,10.5,469167
34005,NJ,Burlington,OBESITY,30.2,469167
34005,NJ,Burlington,STROKE,3.1,469167
34007,NJ,Camden,ARTHRITIS,23.8,527196
34007,NJ,Camden,BPHIGH,33.4,527196
34007,NJ,Camden,CANCER,7.3,527196
34007,NJ,Camden,CHD,5.7,527196
34007,NJ,Camden,COPD,5.7,527196
34007,NJ,Camden,DIABETES,11.4,527196
34007,NJ,Camden,OBESITY,29.8,527196
34007,NJ,Camden,STROKE,3.3,527196
34009,NJ,Cape May,ARTHRITIS,30.0,94610
34009,NJ,Cape May,BPHIGH,38.9,94610
34009,NJ,Cape May,CANCER,11.5,94610
34009,NJ,Cape May,CHD,7.8,94610
34009,NJ,Cape May,COPD,7.2,94610
34009,NJ,Cape May,DIABETES,11.7,94610
34009,NJ,Cape May,OBESITY,33.5,94610
34009,NJ,Cape May,STROKE,3.9,94610
34011,NJ,Cumberland,ARTHRITIS,25.1,152326
34011,NJ,Cumberland,BPHIGH,38.8,152326
34011,NJ,Cumberland,CANCER,7.0,152326
34011,NJ,Cumberland,CHD,7.0,152326
34011,NJ,Cumberland,COPD,7.4,152326
34011,NJ,Cumberland,DIABETES,13.5,152326
34011,NJ,Cumberland,OBESITY,40.4,152326
34011,NJ,Cumberland,STROKE,4.0,152326
34013,NJ,Essex,ARTHRITIS,20.4,851117
34013,NJ,Essex,BPHIGH,31.7,851117
34013,NJ,Essex,CANCER,5.8,851117
34013,NJ,Essex,CHD,5.6,851117
34013,NJ,Essex,COPD,5.5,851117
34013,NJ,Essex,DIABETES,12.0,851117
34013,NJ,Essex,OBESITY,29.6,851117
34013,NJ,Essex,STROKE,3.6,851117
34015,NJ,Gloucester,ARTHRITIS,24.4,308423
34015,NJ,Gloucester,BPHIGH,36.6,308423
34015,NJ,Gloucester,CANCER,8.1,308423
34015,NJ,Gloucester,CHD,5.4,308423
34015,NJ,Gloucester,COPD,5.4,308423
34015,NJ,Gloucester,DIABETES,10.3,308423
34015,NJ,Gloucester,OBESITY,31.5,308423
34015,NJ,Gloucester,STROKE,3.0,308423
34017,NJ,Hudson,ARTHRITIS,16.5,705472
34017,NJ,Hudson,BPHIGH,28.6,705472
34017,NJ,Hudson,CANCER,4.9,705472
34017,NJ,Hudson,CHD,4.7,705472
34017,NJ,Hudson,COPD,4.1,705472
34017,NJ,Hudson,DIABETES,10.5,705472
34017,NJ,Hudson,OBESITY,27.9,705472
34017,NJ,Hudson,STROKE,2.6,705472
34019,NJ,Hunterdon,ARTHRITIS,24.8,130183
34019,NJ,Hunterdon,BPHIGH,31.7,130183
34019,NJ,Hunterdon,CANCER,9.9,130183
34019,NJ,Hunterdon,CHD,5.8,130183
34019,NJ,Hunterdon,COPD,4.9,130183
34019,NJ,Hunterdon,DIABETES,9.2,130183
34019,NJ,Hunterdon,OBESITY,26.3,130183
34019,NJ,Hunterdon,STROKE,2.8,130183
34021,NJ,Mercer,ARTHRITIS,20.5,381671
34021,NJ,Mercer,BPHIGH,31.2,381671
34021,NJ,Mercer,CANCER,7.0,381671
34021,NJ,Mercer,CHD,5.4,381671
34021,NJ,Mercer,COPD,4.9,381671
34021,NJ,Mercer,DIABETES,11.1,381671
34021,NJ,Mercer,OBESITY,25.4,381671
34021,NJ,Mercer,STROKE,3.1,381671
34023,NJ,Middlesex,ARTHRITIS,20.7,863623
34023,NJ,Middlesex,BPHIGH,33.2,863623
34023,NJ,Middlesex,CANCER,6.5,863623
34023,NJ,Middlesex,CHD,5.1,863623
34023,NJ,Middlesex,COPD,4.4,863623
34023,NJ,Middlesex,DIABETES,11.6,863623
34023,NJ,Middlesex,OBESITY,29.9,863623
34023,NJ,Middlesex,STROKE,2.8,863623
34025,NJ,Monmouth,ARTHRITIS,24.1,642799
34025,NJ,Monmouth,BPHIGH,32.9,642799
34025,NJ,Monmouth,CANCER,8.9,642799
34025,NJ,Monmouth,CHD,5.7,642799
34025,NJ,Monmouth,COPD,5.0,642799
34025,NJ,Monmouth,DIABETES,9.8,642799
34025,NJ,Monmouth,OBESITY,30.4,642799
34025,NJ,Monmouth,STROKE,2.9,642799
34027,NJ,Morris,ARTHRITIS,21.5,514423
34027,NJ,Morris,BPHIGH,31.0,514423
34027,NJ,Morris,CANCER,8.6,514423
34027,NJ,Morris,CHD,5.1,514423
34027,NJ,Morris,COPD,4.2,514423
34027,NJ,Morris,DIABETES,9.0,514423
34027,NJ,Morris,OBESITY,22.8,514423
34027,NJ,Morris,STROKE,2.6,514423
34029,NJ,Ocean,ARTHRITIS,29.8,659197
34029,NJ,Ocean,BPHIGH,35.0,659197
34029,NJ,Ocean,CANCER,10.0,659197
34029,NJ,Ocean,CHD,7.0,659197
34029,NJ,Ocean,COPD,6.8,659197
34029,NJ,Ocean,DIABETES,11.4,659197
34029,NJ,Ocean,OBESITY,29.8,659197
34029,NJ,Ocean,STROKE,3.6,659197
34031,NJ,Passaic,ARTHRITIS,21.4,513395
34031,NJ,Passaic,BPHIGH,32.4,513395
34031,NJ,Passaic,CANCER,6.7,513395
34031,NJ,Passaic,CHD,6.1,513395
34031,NJ,Passaic,COPD,5.8,513395
34031,NJ,Passaic,DIABETES,12.7,513395
34031,NJ,Passaic,OBESITY,31.0,513395
34031,NJ,Passaic,STROKE,3.4,513395
34033,NJ,Salem,ARTHRITIS,26.9,65338
34033,NJ,Salem,BPHIGH,37.4,65338
34033,NJ,Salem,CANCER,8.7,65338
34033,NJ,Salem,CHD,6.9,65338
34033,NJ,Salem,COPD,7.2,65338
34033,NJ,Salem,DIABETES,11.9,65338
34033,NJ,Salem,OBESITY,34.0,65338
34033,NJ,Salem,STROKE,3.8,65338
34035,NJ,Somerset,ARTHRITIS,21.2,348842
34035,NJ,Somerset,BPHIGH,30.6,348842
34035,NJ,Somerset,CANCER,7.6,348842
34035,NJ,Somerset,CHD,4.9,348842
34035,NJ,Somerset,COPD,4.1,348842
34035,NJ,Somerset,DIABETES,10.1,348842
34035,NJ,Somerset,OBESITY,26.3,348842
34035,NJ,Somerset,STROKE,2.6,348842
34037,NJ,Sussex,ARTHRITIS,23.9,146132
34037,NJ,Sussex,BPHIGH,33.3,146132
34037,NJ,Sussex,CANCER,9.0,146132
34037,NJ,Sussex,CHD,5.8,146132
34037,NJ,Sussex,COPD,5.4,146132
34037,NJ,Sussex,DIABETES,9.5,146132
34037,NJ,Sussex,OBESITY,26.9,146132
34037,NJ,Sussex,STROKE,2.9,146132
34039,NJ,Union,ARTHRITIS,19.5,572726
34039,NJ,Union,BPHIGH,33.7,572726
34039,NJ,Union,CANCER,6.4,572726
34039,NJ,Union,CHD,5.5,572726
34039,NJ,Union,COPD,5.0,572726
34039,NJ,Union,DIABETES,11.6,572726
34039,NJ,Union,OBESITY,29.7,572726
34039,NJ,Union,STROKE,3.2,572726
34041,NJ,Warren,ARTHRITIS,26.4,111252
34041,NJ,Warren,BPHIGH,34.5,111252
34041,NJ,Warren,CANCER,9.4,111252
34041,NJ,Warren,CHD,6.1,111252
34041,NJ,Warren,COPD,5.8,111252
34041,NJ,Warren,DIABETES,10.0,111252
34041,NJ,Warren,OBESITY,32.5,111252
34041,NJ,Warren,STROKE,3.2,111252
35001,NM,Bernalillo,ARTHRITIS,24.9,671586
35001,NM,Bernalillo,BPHIGH,33.5,671586
35001,NM,Bernalillo,CANCER,7.2,671586
35001,NM,Bernalillo,CHD,6.5,671586
35001,NM,Bernalillo,COPD,5.6,671586
35001,NM,Bernalillo,DIABETES,11.6,671586
35001,NM,Bernalillo,OBESITY,33.0,671586
35001,NM,Bernalillo,STROKE,3.4,671586
35003,NM,Catron,ARTHRITIS,38.8,3825
35003,NM,Catron,BPHIGH,47.1,3825
35003,NM,Catron,CANCER,13.1,3825
35003,NM,Catron,CHD,12.4,3825
35003,NM,Catron,COPD,11.3,3825
35003,NM,Catron,DIABETES,17.7,3825
35003,NM,Catron,OBESITY,31.6,3825
35003,NM,Catron,STROKE,6.1,3825
35005,NM,Chaves,ARTHRITIS,26.5,63561
35005,NM,Chaves,BPHIGH,36.9,63561
35005,NM,Chaves,CANCER,6.7,63561
35005,NM,Chaves,CHD,7.5,63561
35005,NM,Chaves,COPD,7.4,63561
35005,NM,Chaves,DIABETES,14.3,63561
35005,NM,Chaves,OBESITY,39.8,63561
35005,NM,Chaves,STROKE,4.0,63561
35006,NM,Cibola,ARTHRITIS,27.3,26780
35006,NM,Cibola,BPHIGH,36.8,26780
35006,NM,Cibola,CANCER,6.8,26780
35006,NM,Cibola,CHD,8.3,26780
35006,NM,Cibola,COPD,8.4,26780
35006,NM,Cibola,DIABETES,16.6,26780
35006,NM,Cibola,OBESITY,39.1,26780
35006,NM,Cibola,STROKE,4.7,26780
35007,NM,Colfax,ARTHRITIS,30.6,12255
35007,NM,Colfax,BPHIGH,39.2,12255
35007,NM,Colfax,CANCER,9.4,12255
35007,NM,Colfax,CHD,9.3,12255
35007,NM,Colfax,COPD,8.1,12255
35007,NM,Colfax,DIABETES,15.5,12255
35007,NM,Colfax,OBESITY,31.5,12255
35007,NM,Colfax,STROKE,4.7,12255
35009,NM,Curry,ARTHRITIS,23.0,47222
35009,NM,Curry,BPHIGH,32.2,47222
35009,NM,Curry,CANCER,5.9,47222
35009,NM,Curry,CHD,6.4,47222
35009,NM,Curry,COPD,6.7,47222
35009,NM,Curry,DIABETES,12.0,47222
35009,NM,Curry,OBESITY,39.4,47222
35009,NM,Curry,STROKE,3.5,47222
35011,NM,De Baca,ARTHRITIS,31.9,1657
35011,NM,De Baca,BPHIGH,40.6,1657
35011,NM,De Baca,CANCER,10.0,1657
35011,NM,De Baca,CHD,9.8,1657
35011,NM,De Baca,COPD,8.8,1657
35011,NM,De Baca,DIABETES,15.3,1657
35011,NM,De Baca,OBESITY,32.5,1657
35011,NM,De Baca,STROKE,4.9,1657
35013,NM,DoÃ±a Ana,ARTHRITIS,23.3,225210
35013,NM,DoÃ±a Ana,BPHIGH,32.5,225210
35013,NM,DoÃ±a Ana,CANCER,6.1,225210
35013,NM,DoÃ±a Ana,CHD,6.7,225210
35013,NM,DoÃ±a Ana,COPD,6.0,225210
35013,NM,DoÃ±a Ana,DIABETES,13.7,225210
35013,NM,DoÃ±a Ana,OBESITY,35.9,225210
35013,NM,DoÃ±a Ana,STROKE,3.6,225210
35015,NM,Eddy,ARTHRITIS,22.6,60275
35015,NM,Eddy,BPHIGH,32.2,60275
35015,NM,Eddy,CANCER,6.6,60275
35015,NM,Eddy,CHD,6.3,60275
35015,NM,Eddy,COPD,5.9,60275
35015,NM,Eddy,DIABETES,11.6,60275
35015,NM,Eddy,OBESITY,39.8,60275
35015,NM,Eddy,STROKE,3.3,60275
35017,NM,Grant,ARTHRITIS,31.5,27472
35017,NM,Grant,BPHIGH,39.7,27472
35017,NM,Grant,CANCER,9.8,27472
35017,NM,Grant,CHD,9.8,27472
35017,NM,Grant,COPD,8.5,27472
35017,NM,Grant,DIABETES,15.9,27472
35017,NM,Grant,OBESITY,32.8,27472
35017,NM,Grant,STROKE,4.9,27472
35019,NM,Guadalupe,ARTHRITIS,24.7,4292
35019,NM,Guadalupe,BPHIGH,37.2,4292
35019,NM,Guadalupe,CANCER,6.1,4292
35019,NM,Guadalupe,CHD,8.3,4292
35019,NM,Guadalupe,COPD,6.4,4292
35019,NM,Guadalupe,DIABETES,16.5,4292
35019,NM,Guadalupe,OBESITY,36.8,4292
35019,NM,Guadalupe,STROKE,4.3,4292
35021,NM,Harding,ARTHRITIS,37.2,624
35021,NM,Harding,BPHIGH,47.5,624
35021,NM,Harding,CANCER,11.7,624
35021,NM,Harding,CHD,12.9,624
35021,NM,Harding,COPD,10.8,624
35021,NM,Harding,DIABETES,19.6,624
35021,NM,Harding,OBESITY,35.3,624
35021,NM,Harding,STROKE,6.4,624
35023,NM,Hidalgo,ARTHRITIS,29.1,3965
35023,NM,Hidalgo,BPHIGH,39.2,3965
35023,NM,Hidalgo,CANCER,8.1,3965
35023,NM,Hidalgo,CHD,9.2,3965
35023,NM,Hidalgo,COPD,8.3,3965
35023,NM,Hidalgo,DIABETES,16.4,3965
35023,NM,Hidalgo,OBESITY,34.5,3965
35023,NM,Hidalgo,STROKE,4.8,3965
35025,NM,Lea,ARTHRITIS,21.7,72101
35025,NM,Lea,BPHIGH,32.3,72101
35025,NM,Lea,CANCER,5.5,72101
35025,NM,Lea,CHD,6.2,72101
35025,NM,Lea,COPD,6.3,72101
35025,NM,Lea,DIABETES,12.0,72101
35025,NM,Lea,OBESITY,37.0,72101
35025,NM,Lea,STROKE,3.4,72101
35027,NM,Lincoln,ARTHRITIS,32.9,20029
35027,NM,Lincoln,BPHIGH,41.3,20029
35027,NM,Lincoln,CANCER,11.1,20029
35027,NM,Lincoln,CHD,9.6,20029
35027,NM,Lincoln,COPD,8.5,20029
35027,NM,Lincoln,DIABETES,14.4,20029
35027,NM,Lincoln,OBESITY,30.0,20029
35027,NM,Lincoln,STROKE,4.7,20029
35028,NM,Los Alamos,ARTHRITIS,22.3,19444
35028,NM,Los Alamos,BPHIGH,28.0,19444
35028,NM,Los Alamos,CANCER,8.6,19444
35028,NM,Los Alamos,CHD,4.9,19444
35028,NM,Los Alamos,COPD,3.7,19444
35028,NM,Los Alamos,DIABETES,8.0,19444
35028,NM,Los Alamos,OBESITY,25.4,19444
35028,NM,Los Alamos,STROKE,2.4,19444
35029,NM,Luna,ARTHRITIS,28.2,25316
35029,NM,Luna,BPHIGH,39.0,25316
35029,NM,Luna,CANCER,7.2,25316
35029,NM,Luna,CHD,10.1,25316
35029,NM,Luna,COPD,9.5,25316
35029,NM,Luna,DIABETES,17.7,25316
35029,NM,Luna,OBESITY,35.7,25316
35029,NM,Luna,STROKE,5.3,25316
35031,NM,McKinley,ARTHRITIS,27.2,68797
35031,NM,McKinley,BPHIGH,38.2,68797
35031,NM,McKinley,CANCER,6.0,68797
35031,NM,McKinley,CHD,9.5,68797
35031,NM,McKinley,COPD,11.5,68797
35031,NM,McKinley,DIABETES,19.0,68797
35031,NM,McKinley,OBESITY,41.3,68797
35031,NM,McKinley,STROKE,6.0,68797
35033,NM,Mora,ARTHRITIS,29.7,4123
35033,NM,Mora,BPHIGH,40.9,4123
35033,NM,Mora,CANCER,8.4,4123
35033,NM,Mora,CHD,9.6,4123
35033,NM,Mora,COPD,6.6,4123
35033,NM,Mora,DIABETES,18.5,4123
35033,NM,Mora,OBESITY,33.1,4123
35033,NM,Mora,STROKE,4.7,4123
35035,NM,Otero,ARTHRITIS,24.7,68835
35035,NM,Otero,BPHIGH,34.2,68835
35035,NM,Otero,CANCER,7.0,68835
35035,NM,Otero,CHD,7.2,68835
35035,NM,Otero,COPD,7.2,68835
35035,NM,Otero,DIABETES,12.7,68835
35035,NM,Otero,OBESITY,37.1,68835
35035,NM,Otero,STROKE,3.9,68835
35037,NM,Quay,ARTHRITIS,32.0,8510
35037,NM,Quay,BPHIGH,41.9,8510
35037,NM,Quay,CANCER,9.3,8510
35037,NM,Quay,CHD,10.3,8510
35037,NM,Quay,COPD,9.9,8510
35037,NM,Quay,DIABETES,17.2,8510
35037,NM,Quay,OBESITY,37.6,8510
35037,NM,Quay,STROKE,5.4,8510
35039,NM,Rio Arriba,ARTHRITIS,27.8,39876
35039,NM,Rio Arriba,BPHIGH,36.8,39876
35039,NM,Rio Arriba,CANCER,7.1,39876
35039,NM,Rio Arriba,CHD,8.4,39876
35039,NM,Rio Arriba,COPD,7.0,39876
35039,NM,Rio Arriba,DIABETES,17.2,39876
35039,NM,Rio Arriba,OBESITY,39.9,39876
35039,NM,Rio Arriba,STROKE,4.5,39876
35041,NM,Roosevelt,ARTHRITIS,23.1,18787
35041,NM,Roosevelt,BPHIGH,30.9,18787
35041,NM,Roosevelt,CANCER,6.4,18787
35041,NM,Roosevelt,CHD,6.5,18787
35041,NM,Roosevelt,COPD,6.6,18787
35041,NM,Roosevelt,DIABETES,11.5,18787
35041,NM,Roosevelt,OBESITY,32.6,18787
35041,NM,Roosevelt,STROKE,3.4,18787
35043,NM,Sandoval,ARTHRITIS,25.2,155936
35043,NM,Sandoval,BPHIGH,34.0,155936
35043,NM,Sandoval,CANCER,8.0,155936
35043,NM,Sandoval,CHD,6.4,155936
35043,NM,Sandoval,COPD,5.6,155936
35043,NM,Sandoval,DIABETES,11.8,155936
35043,NM,Sandoval,OBESITY,32.6,155936
35043,NM,Sandoval,STROKE,3.4,155936
35045,NM,San Juan,ARTHRITIS,27.8,120675
35045,NM,San Juan,BPHIGH,34.2,120675
35045,NM,San Juan,CANCER,7.4,120675
35045,NM,San Juan,CHD,8.3,120675
35045,NM,San Juan,COPD,9.2,120675
35045,NM,San Juan,DIABETES,14.5,120675
35045,NM,San Juan,OBESITY,35.1,120675
35045,NM,San Juan,STROKE,4.7,120675
35047,NM,San Miguel,ARTHRITIS,27.5,26668
35047,NM,San Miguel,BPHIGH,37.1,26668
35047,NM,San Miguel,CANCER,7.4,26668
35047,NM,San Miguel,CHD,8.5,26668
35047,NM,San Miguel,COPD,6.5,26668
35047,NM,San Miguel,DIABETES,17.1,26668
35047,NM,San Miguel,OBESITY,37.3,26668
35047,NM,San Miguel,STROKE,4.4,26668
35049,NM,Santa Fe,ARTHRITIS,26.7,155956
35049,NM,Santa Fe,BPHIGH,33.2,155956
35049,NM,Santa Fe,CANCER,9.7,155956
35049,NM,Santa Fe,CHD,7.6,155956
35049,NM,Santa Fe,COPD,6.3,155956
35049,NM,Santa Fe,DIABETES,12.6,155956
35049,NM,Santa Fe,OBESITY,25.6,155956
35049,NM,Santa Fe,STROKE,3.8,155956
35051,NM,Sierra,ARTHRITIS,37.8,11488
35051,NM,Sierra,BPHIGH,46.2,11488
35051,NM,Sierra,CANCER,12.1,11488
35051,NM,Sierra,CHD,12.7,11488
35051,NM,Sierra,COPD,11.9,11488
35051,NM,Sierra,DIABETES,18.2,11488
35051,NM,Sierra,OBESITY,36.8,11488
35051,NM,Sierra,STROKE,6.4,11488
35053,NM,Socorro,ARTHRITIS,26.7,15963
35053,NM,Socorro,BPHIGH,36.6,15963
35053,NM,Socorro,CANCER,7.3,15963
35053,NM,Socorro,CHD,8.7,15963
35053,NM,Socorro,COPD,8.1,15963
35053,NM,Socorro,DIABETES,15.7,15963
35053,NM,Socorro,OBESITY,36.2,15963
35053,NM,Socorro,STROKE,4.6,15963
35055,NM,Taos,ARTHRITIS,30.5,34405
35055,NM,Taos,BPHIGH,38.1,34405
35055,NM,Taos,CANCER,9.6,34405
35055,NM,Taos,CHD,8.7,34405
35055,NM,Taos,COPD,7.0,34405
35055,NM,Taos,DIABETES,15.2,34405
35055,NM,Taos,OBESITY,27.9,34405
35055,NM,Taos,STROKE,4.4,34405
35057,NM,Torrance,ARTHRITIS,30.9,15633
35057,NM,Torrance,BPHIGH,39.8,15633
35057,NM,Torrance,CANCER,8.4,15633
35057,NM,Torrance,CHD,9.6,15633
35057,NM,Torrance,COPD,9.6,15633
35057,NM,Torrance,DIABETES,16.5,15633
35057,NM,Torrance,OBESITY,34.5,15633
35057,NM,Torrance,STROKE,5.0,15633
35059,NM,Union,ARTHRITIS,28.6,3964
35059,NM,Union,BPHIGH,38.2,3964
35059,NM,Union,CANCER,8.5,3964
35059,NM,Union,CHD,8.7,3964
35059,NM,Union,COPD,8.4,3964
35059,NM,Union,DIABETES,14.7,3964
35059,NM,Union,OBESITY,34.3,3964
35059,NM,Union,STROKE,4.5,3964
35061,NM,Valencia,ARTHRITIS,25.8,79141
35061,NM,Valencia,BPHIGH,35.2,79141
35061,NM,Valencia,CANCER,7.0,79141
35061,NM,Valencia,CHD,7.4,79141
35061,NM,Valencia,COPD,6.6,79141
35061,NM,Valencia,DIABETES,14.6,79141
35061,NM,Valencia,OBESITY,35.4,79141
35061,NM,Valencia,STROKE,3.9,79141
36001,NY,Albany,ARTHRITIS,23.9,316659
36001,NY,Albany,BPHIGH,31.7,316659
36001,NY,Albany,CANCER,8.2,316659
36001,NY,Albany,CHD,5.5,316659
36001,NY,Albany,COPD,5.7,316659
36001,NY,Albany,DIABETES,9.2,316659
36001,NY,Albany,OBESITY,29.8,316659
36001,NY,Albany,STROKE,3.0,316659
36003,NY,Allegany,ARTHRITIS,28.5,46651
36003,NY,Allegany,BPHIGH,35.5,46651
36003,NY,Allegany,CANCER,9.4,46651
36003,NY,Allegany,CHD,7.3,46651
36003,NY,Allegany,COPD,8.1,46651
36003,NY,Allegany,DIABETES,11.1,46651
36003,NY,Allegany,OBESITY,34.4,46651
36003,NY,Allegany,STROKE,3.7,46651
36005,NY,Bronx,ARTHRITIS,23.0,1356476
36005,NY,Bronx,BPHIGH,36.5,1356476
36005,NY,Bronx,CANCER,5.1,1356476
36005,NY,Bronx,CHD,7.0,1356476
36005,NY,Bronx,COPD,6.9,1356476
36005,NY,Bronx,DIABETES,16.1,1356476
36005,NY,Bronx,OBESITY,33.5,1356476
36005,NY,Bronx,STROKE,4.4,1356476
36007,NY,Broome,ARTHRITIS,29.8,196077
36007,NY,Broome,BPHIGH,35.0,196077
36007,NY,Broome,CANCER,9.1,196077
36007,NY,Broome,CHD,7.1,196077
36007,NY,Broome,COPD,7.7,196077
36007,NY,Broome,DIABETES,10.9,196077
36007,NY,Broome,OBESITY,33.1,196077
36007,NY,Broome,STROKE,3.7,196077
36009,NY,Cattaraugus,ARTHRITIS,29.8,75600
36009,NY,Cattaraugus,BPHIGH,38.1,75600
36009,NY,Cattaraugus,CANCER,9.8,75600
36009,NY,Cattaraugus,CHD,8.0,75600
36009,NY,Cattaraugus,COPD,9.4,75600
36009,NY,Cattaraugus,DIABETES,12.1,75600
36009,NY,Cattaraugus,OBESITY,35.7,75600
36009,NY,Cattaraugus,STROKE,4.1,75600
36011,NY,Cayuga,ARTHRITIS,29.8,74485
36011,NY,Cayuga,BPHIGH,36.8,74485
36011,NY,Cayuga,CANCER,9.9,74485
36011,NY,Cayuga,CHD,7.7,74485
36011,NY,Cayuga,COPD,8.6,74485
36011,NY,Cayuga,DIABETES,11.8,74485
36011,NY,Cayuga,OBESITY,35.7,74485
36011,NY,Cayuga,STROKE,3.9,74485
36013,NY,Chautauqua,ARTHRITIS,30.4,124891
36013,NY,Chautauqua,BPHIGH,37.3,124891
36013,NY,Chautauqua,CANCER,9.9,124891
36013,NY,Chautauqua,CHD,7.9,124891
36013,NY,Chautauqua,COPD,8.8,124891
36013,NY,Chautauqua,DIABETES,12.6,124891
36013,NY,Chautauqua,OBESITY,36.3,124891
36013,NY,Chautauqua,STROKE,4.0,124891
36015,NY,Chemung,ARTHRITIS,28.8,81325
36015,NY,Chemung,BPHIGH,36.8,81325
36015,NY,Chemung,CANCER,9.6,81325
36015,NY,Chemung,CHD,7.3,81325
36015,NY,Chemung,COPD,8.2,81325
36015,NY,Chemung,DIABETES,11.5,81325
36015,NY,Chemung,OBESITY,30.7,81325
36015,NY,Chemung,STROKE,3.8,81325
36017,NY,Chenango,ARTHRITIS,31.6,45920
36017,NY,Chenango,BPHIGH,37.1,45920
36017,NY,Chenango,CANCER,10.5,45920
36017,NY,Chenango,CHD,8.1,45920
36017,NY,Chenango,COPD,9.0,45920
36017,NY,Chenango,DIABETES,12.3,45920
36017,NY,Chenango,OBESITY,36.3,45920
36017,NY,Chenango,STROKE,4.1,45920
36019,NY,Clinton,ARTHRITIS,27.7,78115
36019,NY,Clinton,BPHIGH,34.1,78115
36019,NY,Clinton,CANCER,9.2,78115
36019,NY,Clinton,CHD,7.0,78115
36019,NY,Clinton,COPD,7.8,78115
36019,NY,Clinton,DIABETES,10.7,78115
36019,NY,Clinton,OBESITY,33.2,78115
36019,NY,Clinton,STROKE,3.5,78115
36021,NY,Columbia,ARTHRITIS,31.0,60470
36021,NY,Columbia,BPHIGH,37.0,60470
36021,NY,Columbia,CANCER,11.2,60470
36021,NY,Columbia,CHD,7.8,60470
36021,NY,Columbia,COPD,7.7,60470
36021,NY,Columbia,DIABETES,11.8,60470
36021,NY,Columbia,OBESITY,30.8,60470
36021,NY,Columbia,STROKE,3.9,60470
36023,NY,Cortland,ARTHRITIS,25.4,45752
36023,NY,Cortland,BPHIGH,31.1,45752
36023,NY,Cortland,CANCER,8.5,45752
36023,NY,Cortland,CHD,6.2,45752
36023,NY,Cortland,COPD,6.9,45752
36023,NY,Cortland,DIABETES,9.3,45752
36023,NY,Cortland,OBESITY,30.5,45752
36023,NY,Cortland,STROKE,3.1,45752
36025,NY,Delaware,ARTHRITIS,31.7,44410
36025,NY,Delaware,BPHIGH,39.6,44410
36025,NY,Delaware,CANCER,10.7,44410
36025,NY,Delaware,CHD,8.5,44410
36025,NY,Delaware,COPD,9.0,44410
36025,NY,Delaware,DIABETES,12.5,44410
36025,NY,Delaware,OBESITY,32.8,44410
36025,NY,Delaware,STROKE,4.3,44410
36027,NY,Dutchess,ARTHRITIS,25.7,297150
36027,NY,Dutchess,BPHIGH,33.4,297150
36027,NY,Dutchess,CANCER,8.8,297150
36027,NY,Dutchess,CHD,6.0,297150
36027,NY,Dutchess,COPD,5.9,297150
36027,NY,Dutchess,DIABETES,9.9,297150
36027,NY,Dutchess,OBESITY,28.2,297150
36027,NY,Dutchess,STROKE,3.1,297150
36029,NY,Erie,ARTHRITIS,27.8,946147
36029,NY,Erie,BPHIGH,33.0,946147
36029,NY,Erie,CANCER,8.8,946147
36029,NY,Erie,CHD,6.5,946147
36029,NY,Erie,COPD,6.9,946147
36029,NY,Erie,DIABETES,10.8,946147
36029,NY,Erie,OBESITY,32.8,946147
36029,NY,Erie,STROKE,3.4,946147
36031,NY,Essex,ARTHRITIS,31.9,36775
36031,NY,Essex,BPHIGH,37.9,36775
36031,NY,Essex,CANCER,11.1,36775
36031,NY,Essex,CHD,8.1,36775
36031,NY,Essex,COPD,8.3,36775
36031,NY,Essex,DIABETES,11.8,36775
36031,NY,Essex,OBESITY,34.8,36775
36031,NY,Essex,STROKE,4.0,36775
36033,NY,Franklin,ARTHRITIS,30.5,46502
36033,NY,Franklin,BPHIGH,36.4,46502
36033,NY,Franklin,CANCER,9.5,46502
36033,NY,Franklin,CHD,7.6,46502
36033,NY,Franklin,COPD,8.6,46502
36033,NY,Franklin,DIABETES,12.2,46502
36033,NY,Franklin,OBESITY,40.7,46502
36033,NY,Franklin,STROKE,3.9,46502
36035,NY,Fulton,ARTHRITIS,31.7,52234
36035,NY,Fulton,BPHIGH,38.3,52234
36035,NY,Fulton,CANCER,9.8,52234
36035,NY,Fulton,CHD,7.8,52234
36035,NY,Fulton,COPD,9.1,52234
36035,NY,Fulton,DIABETES,12.1,52234
36035,NY,Fulton,OBESITY,35.8,52234
36035,NY,Fulton,STROKE,4.0,52234
36037,NY,Genesee,ARTHRITIS,29.0,57529
36037,NY,Genesee,BPHIGH,35.1,57529
36037,NY,Genesee,CANCER,9.8,57529
36037,NY,Genesee,CHD,6.9,57529
36037,NY,Genesee,COPD,7.4,57529
36037,NY,Genesee,DIABETES,10.7,57529
36037,NY,Genesee,OBESITY,30.2,57529
36037,NY,Genesee,STROKE,3.5,57529
36039,NY,Greene,ARTHRITIS,30.5,47062
36039,NY,Greene,BPHIGH,36.6,47062
36039,NY,Greene,CANCER,10.4,47062
36039,NY,Greene,CHD,7.6,47062
36039,NY,Greene,COPD,8.0,47062
36039,NY,Greene,DIABETES,11.7,47062
36039,NY,Greene,OBESITY,34.4,47062
36039,NY,Greene,STROKE,3.9,47062
36041,NY,Hamilton,ARTHRITIS,34.6,5082
36041,NY,Hamilton,BPHIGH,41.5,5082
36041,NY,Hamilton,CANCER,12.7,5082
36041,NY,Hamilton,CHD,9.3,5082
36041,NY,Hamilton,COPD,9.4,5082
36041,NY,Hamilton,DIABETES,13.4,5082
36041,NY,Hamilton,OBESITY,31.0,5082
36041,NY,Hamilton,STROKE,4.5,5082
36043,NY,Herkimer,ARTHRITIS,32.2,59484
36043,NY,Herkimer,BPHIGH,36.4,59484
36043,NY,Herkimer,CANCER,10.3,59484
36043,NY,Herkimer,CHD,7.6,59484
36043,NY,Herkimer,COPD,8.4,59484
36043,NY,Herkimer,DIABETES,11.3,59484
36043,NY,Herkimer,OBESITY,37.0,59484
36043,NY,Herkimer,STROKE,3.9,59484
36045,NY,Jefferson,ARTHRITIS,25.5,114787
36045,NY,Jefferson,BPHIGH,30.8,114787
36045,NY,Jefferson,CANCER,8.0,114787
36045,NY,Jefferson,CHD,6.0,114787
36045,NY,Jefferson,COPD,6.9,114787
36045,NY,Jefferson,DIABETES,10.0,114787
36045,NY,Jefferson,OBESITY,37.8,114787
36045,NY,Jefferson,STROKE,3.1,114787
36047,NY,Kings,ARTHRITIS,20.7,2561225
36047,NY,Kings,BPHIGH,30.4,2561225
36047,NY,Kings,CANCER,5.8,2561225
36047,NY,Kings,CHD,5.7,2561225
36047,NY,Kings,COPD,5.8,2561225
36047,NY,Kings,DIABETES,12.0,2561225
36047,NY,Kings,OBESITY,25.1,2561225
36047,NY,Kings,STROKE,3.6,2561225
36049,NY,Lewis,ARTHRITIS,31.2,26548
36049,NY,Lewis,BPHIGH,36.3,26548
36049,NY,Lewis,CANCER,10.0,26548
36049,NY,Lewis,CHD,7.7,26548
36049,NY,Lewis,COPD,8.6,26548
36049,NY,Lewis,DIABETES,11.8,26548
36049,NY,Lewis,OBESITY,40.9,26548
36049,NY,Lewis,STROKE,3.9,26548
36051,NY,Livingston,ARTHRITIS,27.9,61158
36051,NY,Livingston,BPHIGH,33.7,61158
36051,NY,Livingston,CANCER,9.6,61158
36051,NY,Livingston,CHD,6.6,61158
36051,NY,Livingston,COPD,7.1,61158
36051,NY,Livingston,DIABETES,10.1,61158
36051,NY,Livingston,OBESITY,30.8,61158
36051,NY,Livingston,STROKE,3.4,61158
36053,NY,Madison,ARTHRITIS,28.7,66921
36053,NY,Madison,BPHIGH,33.7,66921
36053,NY,Madison,CANCER,9.8,66921
36053,NY,Madison,CHD,6.7,66921
36053,NY,Madison,COPD,7.1,66921
36053,NY,Madison,DIABETES,10.3,66921
36053,NY,Madison,OBESITY,36.4,66921
36053,NY,Madison,STROKE,3.4,66921
36055,NY,Monroe,ARTHRITIS,27.3,748482
36055,NY,Monroe,BPHIGH,33.7,748482
36055,NY,Monroe,CANCER,8.9,748482
36055,NY,Monroe,CHD,6.3,748482
36055,NY,Monroe,COPD,6.3,748482
36055,NY,Monroe,DIABETES,11.2,748482
36055,NY,Monroe,OBESITY,31.4,748482
36055,NY,Monroe,STROKE,3.3,748482
36057,NY,Montgomery,ARTHRITIS,29.2,49368
36057,NY,Montgomery,BPHIGH,35.3,49368
36057,NY,Montgomery,CANCER,9.1,49368
36057,NY,Montgomery,CHD,7.4,49368
36057,NY,Montgomery,COPD,8.2,49368
36057,NY,Montgomery,DIABETES,11.5,49368
36057,NY,Montgomery,OBESITY,38.8,49368
36057,NY,Montgomery,STROKE,3.8,49368
36059,NY,Nassau,ARTHRITIS,23.1,1381715
36059,NY,Nassau,BPHIGH,31.8,1381715
36059,NY,Nassau,CANCER,8.4,1381715
36059,NY,Nassau,CHD,5.4,1381715
36059,NY,Nassau,COPD,4.8,1381715
36059,NY,Nassau,DIABETES,10.1,1381715
36059,NY,Nassau,OBESITY,28.4,1381715
36059,NY,Nassau,STROKE,2.9,1381715
36061,NY,New York,ARTHRITIS,20.3,1597451
36061,NY,New York,BPHIGH,27.2,1597451
36061,NY,New York,CANCER,7.2,1597451
36061,NY,New York,CHD,4.9,1597451
36061,NY,New York,COPD,4.4,1597451
36061,NY,New York,DIABETES,8.9,1597451
36061,NY,New York,OBESITY,19.2,1597451
36061,NY,New York,STROKE,2.7,1597451
36063,NY,Niagara,ARTHRITIS,28.7,209457
36063,NY,Niagara,BPHIGH,37.0,209457
36063,NY,Niagara,CANCER,9.8,209457
36063,NY,Niagara,CHD,7.0,209457
36063,NY,Niagara,COPD,7.7,209457
36063,NY,Niagara,DIABETES,11.3,209457
36063,NY,Niagara,OBESITY,39.5,209457
36063,NY,Niagara,STROKE,3.7,209457
36065,NY,Oneida,ARTHRITIS,29.6,227555
36065,NY,Oneida,BPHIGH,36.6,227555
36065,NY,Oneida,CANCER,9.4,227555
36065,NY,Oneida,CHD,7.3,227555
36065,NY,Oneida,COPD,8.0,227555
36065,NY,Oneida,DIABETES,11.5,227555
36065,NY,Oneida,OBESITY,36.1,227555
36065,NY,Oneida,STROKE,3.7,227555
36067,NY,Onondaga,ARTHRITIS,26.9,467873
36067,NY,Onondaga,BPHIGH,35.6,467873
36067,NY,Onondaga,CANCER,9.1,467873
36067,NY,Onondaga,CHD,6.5,467873
36067,NY,Onondaga,COPD,6.8,467873
36067,NY,Onondaga,DIABETES,10.9,467873
36067,NY,Onondaga,OBESITY,36.9,467873
36067,NY,Onondaga,STROKE,3.4,467873
36069,NY,Ontario,ARTHRITIS,29.3,112494
36069,NY,Ontario,BPHIGH,34.1,112494
36069,NY,Ontario,CANCER,10.3,112494
36069,NY,Ontario,CHD,6.8,112494
36069,NY,Ontario,COPD,6.8,112494
36069,NY,Ontario,DIABETES,10.5,112494
36069,NY,Ontario,OBESITY,30.7,112494
36069,NY,Ontario,STROKE,3.4,112494
36071,NY,Orange,ARTHRITIS,24.1,407470
36071,NY,Orange,BPHIGH,31.9,407470
36071,NY,Orange,CANCER,7.6,407470
36071,NY,Orange,CHD,5.8,407470
36071,NY,Orange,COPD,6.1,407470
36071,NY,Orange,DIABETES,11.2,407470
36071,NY,Orange,OBESITY,32.2,407470
36071,NY,Orange,STROKE,3.2,407470
36073,NY,Orleans,ARTHRITIS,29.5,39124
36073,NY,Orleans,BPHIGH,35.7,39124
36073,NY,Orleans,CANCER,9.5,39124
36073,NY,Orleans,CHD,7.5,39124
36073,NY,Orleans,COPD,8.5,39124
36073,NY,Orleans,DIABETES,11.7,39124
36073,NY,Orleans,OBESITY,32.9,39124
36073,NY,Orleans,STROKE,3.9,39124
36075,NY,Oswego,ARTHRITIS,28.6,118162
36075,NY,Oswego,BPHIGH,35.2,118162
36075,NY,Oswego,CANCER,9.2,118162
36075,NY,Oswego,CHD,7.2,118162
36075,NY,Oswego,COPD,8.3,118162
36075,NY,Oswego,DIABETES,11.2,118162
36075,NY,Oswego,OBESITY,36.4,118162
36075,NY,Oswego,STROKE,3.7,118162
36077,NY,Otsego,ARTHRITIS,26.7,60126
36077,NY,Otsego,BPHIGH,32.1,60126
36077,NY,Otsego,CANCER,9.3,60126
36077,NY,Otsego,CHD,6.8,60126
36077,NY,Otsego,COPD,7.2,60126
36077,NY,Otsego,DIABETES,10.2,60126
36077,NY,Otsego,OBESITY,29.9,60126
36077,NY,Otsego,STROKE,3.4,60126
36079,NY,Putnam,ARTHRITIS,25.6,98060
36079,NY,Putnam,BPHIGH,30.4,98060
36079,NY,Putnam,CANCER,9.3,98060
36079,NY,Putnam,CHD,5.8,98060
36079,NY,Putnam,COPD,5.3,98060
36079,NY,Putnam,DIABETES,9.7,98060
36079,NY,Putnam,OBESITY,27.5,98060
36079,NY,Putnam,STROKE,2.9,98060
36081,NY,Queens,ARTHRITIS,20.4,2252196
36081,NY,Queens,BPHIGH,33.6,2252196
36081,NY,Queens,CANCER,6.1,2252196
36081,NY,Queens,CHD,6.0,2252196
36081,NY,Queens,COPD,5.4,2252196
36081,NY,Queens,DIABETES,14.3,2252196
36081,NY,Queens,OBESITY,24.0,2252196
36081,NY,Queens,STROKE,3.5,2252196
36083,NY,Rensselaer,ARTHRITIS,26.4,159305
36083,NY,Rensselaer,BPHIGH,32.1,159305
36083,NY,Rensselaer,CANCER,8.9,159305
36083,NY,Rensselaer,CHD,6.0,159305
36083,NY,Rensselaer,COPD,6.5,159305
36083,NY,Rensselaer,DIABETES,9.9,159305
36083,NY,Rensselaer,OBESITY,31.5,159305
36083,NY,Rensselaer,STROKE,3.1,159305
36085,NY,Richmond,ARTHRITIS,24.4,490687
36085,NY,Richmond,BPHIGH,34.1,490687
36085,NY,Richmond,CANCER,7.6,490687
36085,NY,Richmond,CHD,5.8,490687
36085,NY,Richmond,COPD,6.0,490687
36085,NY,Richmond,DIABETES,11.9,490687
36085,NY,Richmond,OBESITY,30.3,490687
36085,NY,Richmond,STROKE,3.2,490687
36087,NY,Rockland,ARTHRITIS,24.0,340807
36087,NY,Rockland,BPHIGH,32.3,340807
36087,NY,Rockland,CANCER,7.9,340807
36087,NY,Rockland,CHD,6.3,340807
36087,NY,Rockland,COPD,6.1,340807
36087,NY,Rockland,DIABETES,11.3,340807
36087,NY,Rockland,OBESITY,30.5,340807
36087,NY,Rockland,STROKE,3.4,340807
36089,NY,St. Lawrence,ARTHRITIS,29.2,106940
36089,NY,St. Lawrence,BPHIGH,36.5,106940
36089,NY,St. Lawrence,CANCER,9.1,106940
36089,NY,St. Lawrence,CHD,7.3,106940
36089,NY,St. Lawrence,COPD,8.6,106940
36089,NY,St. Lawrence,DIABETES,11.9,106940
36089,NY,St. Lawrence,OBESITY,41.8,106940
36089,NY,St. Lawrence,STROKE,3.8,106940
36091,NY,Saratoga,ARTHRITIS,27.9,238711
36091,NY,Saratoga,BPHIGH,32.3,238711
36091,NY,Saratoga,CANCER,9.8,238711
36091,NY,Saratoga,CHD,6.0,238711
36091,NY,Saratoga,COPD,5.8,238711
36091,NY,Saratoga,DIABETES,9.6,238711
36091,NY,Saratoga,OBESITY,33.1,238711
36091,NY,Saratoga,STROKE,3.0,238711
36093,NY,Schenectady,ARTHRITIS,25.5,159902
36093,NY,Schenectady,BPHIGH,33.0,159902
36093,NY,Schenectady,CANCER,8.4,159902
36093,NY,Schenectady,CHD,6.1,159902
36093,NY,Schenectady,COPD,6.4,159902
36093,NY,Schenectady,DIABETES,10.2,159902
36093,NY,Schenectady,OBESITY,34.3,159902
36093,NY,Schenectady,STROKE,3.3,159902
36095,NY,Schoharie,ARTHRITIS,29.1,30105
36095,NY,Schoharie,BPHIGH,36.8,30105
36095,NY,Schoharie,CANCER,10.4,30105
36095,NY,Schoharie,CHD,7.6,30105
36095,NY,Schoharie,COPD,7.9,30105
36095,NY,Schoharie,DIABETES,11.3,30105
36095,NY,Schoharie,OBESITY,32.4,30105
36095,NY,Schoharie,STROKE,3.8,30105
36097,NY,Schuyler,ARTHRITIS,31.9,17507
36097,NY,Schuyler,BPHIGH,37.8,17507
36097,NY,Schuyler,CANCER,10.6,17507
36097,NY,Schuyler,CHD,8.2,17507
36097,NY,Schuyler,COPD,9.0,17507
36097,NY,Schuyler,DIABETES,12.4,17507
36097,NY,Schuyler,OBESITY,31.7,17507
36097,NY,Schuyler,STROKE,4.1,17507
36099,NY,Seneca,ARTHRITIS,29.5,32349
36099,NY,Seneca,BPHIGH,36.4,32349
36099,NY,Seneca,CANCER,10.0,32349
36099,NY,Seneca,CHD,7.8,32349
36099,NY,Seneca,COPD,8.7,32349
36099,NY,Seneca,DIABETES,11.6,32349
36099,NY,Seneca,OBESITY,34.7,32349
36099,NY,Seneca,STROKE,4.0,32349
36101,NY,Steuben,ARTHRITIS,31.1,92162
36101,NY,Steuben,BPHIGH,35.7,92162
36101,NY,Steuben,CANCER,10.0,92162
36101,NY,Steuben,CHD,7.5,92162
36101,NY,Steuben,COPD,8.3,92162
36101,NY,Steuben,DIABETES,11.5,92162
36101,NY,Steuben,OBESITY,34.8,92162
36101,NY,Steuben,STROKE,3.8,92162
36103,NY,Suffolk,ARTHRITIS,23.9,1523170
36103,NY,Suffolk,BPHIGH,31.7,1523170
36103,NY,Suffolk,CANCER,8.6,1523170
36103,NY,Suffolk,CHD,5.7,1523170
36103,NY,Suffolk,COPD,5.4,1523170
36103,NY,Suffolk,DIABETES,10.0,1523170
36103,NY,Suffolk,OBESITY,29.7,1523170
36103,NY,Suffolk,STROKE,3.0,1523170
36105,NY,Sullivan,ARTHRITIS,27.9,79920
36105,NY,Sullivan,BPHIGH,35.8,79920
36105,NY,Sullivan,CANCER,8.9,79920
36105,NY,Sullivan,CHD,7.2,79920
36105,NY,Sullivan,COPD,7.5,79920
36105,NY,Sullivan,DIABETES,12.1,79920
36105,NY,Sullivan,OBESITY,31.9,79920
36105,NY,Sullivan,STROKE,3.7,79920
36107,NY,Tioga,ARTHRITIS,30.2,47715
36107,NY,Tioga,BPHIGH,36.9,47715
36107,NY,Tioga,CANCER,10.5,47715
36107,NY,Tioga,CHD,7.6,47715
36107,NY,Tioga,COPD,8.1,47715
36107,NY,Tioga,DIABETES,11.3,47715
36107,NY,Tioga,OBESITY,30.5,47715
36107,NY,Tioga,STROKE,3.8,47715
36109,NY,Tompkins,ARTHRITIS,21.3,103558
36109,NY,Tompkins,BPHIGH,26.1,103558
36109,NY,Tompkins,CANCER,7.6,103558
36109,NY,Tompkins,CHD,4.8,103558
36109,NY,Tompkins,COPD,4.8,103558
36109,NY,Tompkins,DIABETES,7.6,103558
36109,NY,Tompkins,OBESITY,24.6,103558
36109,NY,Tompkins,STROKE,2.4,103558
36111,NY,Ulster,ARTHRITIS,27.7,182333
36111,NY,Ulster,BPHIGH,37.0,182333
36111,NY,Ulster,CANCER,9.5,182333
36111,NY,Ulster,CHD,6.8,182333
36111,NY,Ulster,COPD,6.9,182333
36111,NY,Ulster,DIABETES,10.9,182333
36111,NY,Ulster,OBESITY,30.5,182333
36111,NY,Ulster,STROKE,3.5,182333
36113,NY,Warren,ARTHRITIS,30.1,65380
36113,NY,Warren,BPHIGH,35.8,65380
36113,NY,Warren,CANCER,10.7,65380
36113,NY,Warren,CHD,7.2,65380
36113,NY,Warren,COPD,7.4,65380
36113,NY,Warren,DIABETES,11.2,65380
36113,NY,Warren,OBESITY,31.0,65380
36113,NY,Warren,STROKE,3.6,65380
36115,NY,Washington,ARTHRITIS,30.7,60047
36115,NY,Washington,BPHIGH,36.2,60047
36115,NY,Washington,CANCER,10.2,60047
36115,NY,Washington,CHD,7.4,60047
36115,NY,Washington,COPD,8.1,60047
36115,NY,Washington,DIABETES,11.2,60047
36115,NY,Washington,OBESITY,31.4,60047
36115,NY,Washington,STROKE,3.8,60047
36117,NY,Wayne,ARTHRITIS,29.1,90829
36117,NY,Wayne,BPHIGH,34.0,90829
36117,NY,Wayne,CANCER,10.1,90829
36117,NY,Wayne,CHD,7.3,90829
36117,NY,Wayne,COPD,7.7,90829
36117,NY,Wayne,DIABETES,11.2,90829
36117,NY,Wayne,OBESITY,37.4,90829
36117,NY,Wayne,STROKE,3.7,90829
36119,NY,Westchester,ARTHRITIS,24.1,990817
36119,NY,Westchester,BPHIGH,29.8,990817
36119,NY,Westchester,CANCER,8.1,990817
36119,NY,Westchester,CHD,5.6,990817
36119,NY,Westchester,COPD,4.9,990817
36119,NY,Westchester,DIABETES,10.5,990817
36119,NY,Westchester,OBESITY,26.0,990817
36119,NY,Westchester,STROKE,3.0,990817
36121,NY,Wyoming,ARTHRITIS,28.7,39532
36121,NY,Wyoming,BPHIGH,36.6,39532
36121,NY,Wyoming,CANCER,9.6,39532
36121,NY,Wyoming,CHD,7.3,39532
36121,NY,Wyoming,COPD,8.1,39532
36121,NY,Wyoming,DIABETES,11.2,39532
36121,NY,Wyoming,OBESITY,35.6,39532
36121,NY,Wyoming,STROKE,3.7,39532
36123,NY,Yates,ARTHRITIS,30.1,24472
36123,NY,Yates,BPHIGH,35.8,24472
36123,NY,Yates,CANCER,10.3,24472
36123,NY,Yates,CHD,7.9,24472
36123,NY,Yates,COPD,8.9,24472
36123,NY,Yates,DIABETES,11.6,24472
36123,NY,Yates,OBESITY,33.9,24472
36123,NY,Yates,STROKE,4.0,24472
37001,NC,Alamance,ARTHRITIS,28.0,179165
37001,NC,Alamance,BPHIGH,36.5,179165
37001,NC,Alamance,CANCER,7.9,179165
37001,NC,Alamance,CHD,6.7,179165
37001,NC,Alamance,COPD,7.4,179165
37001,NC,Alamance,DIABETES,12.2,179165
37001,NC,Alamance,OBESITY,38.5,179165
37001,NC,Alamance,STROKE,3.8,179165
37003,NC,Alexander,ARTHRITIS,30.8,36473
37003,NC,Alexander,BPHIGH,39.1,36473
37003,NC,Alexander,CANCER,9.3,36473
37003,NC,Alexander,CHD,8.0,36473
37003,NC,Alexander,COPD,9.2,36473
37003,NC,Alexander,DIABETES,12.7,36473
37003,NC,Alexander,OBESITY,36.5,36473
37003,NC,Alexander,STROKE,4.1,36473
37005,NC,Alleghany,ARTHRITIS,36.0,11342
37005,NC,Alleghany,BPHIGH,44.9,11342
37005,NC,Alleghany,CANCER,11.3,11342
37005,NC,Alleghany,CHD,10.5,11342
37005,NC,Alleghany,COPD,11.6,11342
37005,NC,Alleghany,DIABETES,16.0,11342
37005,NC,Alleghany,OBESITY,36.5,11342
37005,NC,Alleghany,STROKE,5.3,11342
37007,NC,Anson,ARTHRITIS,31.6,21897
37007,NC,Anson,BPHIGH,46.6,21897
37007,NC,Anson,CANCER,7.4,21897
37007,NC,Anson,CHD,8.8,21897
37007,NC,Anson,COPD,10.5,21897
37007,NC,Anson,DIABETES,17.2,21897
37007,NC,Anson,OBESITY,43.3,21897
37007,NC,Anson,STROKE,5.5,21897
37009,NC,Ashe,ARTHRITIS,34.8,27063
37009,NC,Ashe,BPHIGH,42.9,27063
37009,NC,Ashe,CANCER,11.3,27063
37009,NC,Ashe,CHD,9.4,27063
37009,NC,Ashe,COPD,10.0,27063
37009,NC,Ashe,DIABETES,14.0,27063
37009,NC,Ashe,OBESITY,36.2,27063
37009,NC,Ashe,STROKE,4.6,27063
37011,NC,Avery,ARTHRITIS,31.5,17561
37011,NC,Avery,BPHIGH,39.9,17561
37011,NC,Avery,CANCER,9.9,17561
37011,NC,Avery,CHD,8.4,17561
37011,NC,Avery,COPD,9.2,17561
37011,NC,Avery,DIABETES,12.9,17561
37011,NC,Avery,OBESITY,37.1,17561
37011,NC,Avery,STROKE,4.2,17561
37013,NC,Beaufort,ARTHRITIS,34.3,44481
37013,NC,Beaufort,BPHIGH,45.0,44481
37013,NC,Beaufort,CANCER,9.9,44481
37013,NC,Beaufort,CHD,9.2,44481
37013,NC,Beaufort,COPD,10.0,44481
37013,NC,Beaufort,DIABETES,15.6,44481
37013,NC,Beaufort,OBESITY,36.8,44481
37013,NC,Beaufort,STROKE,5.0,44481
37015,NC,Bertie,ARTHRITIS,33.7,16922
37015,NC,Bertie,BPHIGH,50.0,16922
37015,NC,Bertie,CANCER,7.9,16922
37015,NC,Bertie,CHD,9.6,16922
37015,NC,Bertie,COPD,10.7,16922
37015,NC,Bertie,DIABETES,19.3,16922
37015,NC,Bertie,OBESITY,43.0,16922
37015,NC,Bertie,STROKE,6.3,16922
37017,NC,Bladen,ARTHRITIS,33.0,29484
37017,NC,Bladen,BPHIGH,46.3,29484
37017,NC,Bladen,CANCER,8.9,29484
37017,NC,Bladen,CHD,9.1,29484
37017,NC,Bladen,COPD,10.0,29484
37017,NC,Bladen,DIABETES,16.6,29484
37017,NC,Bladen,OBESITY,41.3,29484
37017,NC,Bladen,STROKE,5.3,29484
37019,NC,Brunswick,ARTHRITIS,35.7,159964
37019,NC,Brunswick,BPHIGH,41.6,159964
37019,NC,Brunswick,CANCER,12.3,159964
37019,NC,Brunswick,CHD,8.8,159964
37019,NC,Brunswick,COPD,8.5,159964
37019,NC,Brunswick,DIABETES,13.5,159964
37019,NC,Brunswick,OBESITY,32.8,159964
37019,NC,Brunswick,STROKE,4.3,159964
37021,NC,Buncombe,ARTHRITIS,27.6,275901
37021,NC,Buncombe,BPHIGH,36.1,275901
37021,NC,Buncombe,CANCER,9.7,275901
37021,NC,Buncombe,CHD,6.7,275901
37021,NC,Buncombe,COPD,6.9,275901
37021,NC,Buncombe,DIABETES,10.9,275901
37021,NC,Buncombe,OBESITY,31.3,275901
37021,NC,Buncombe,STROKE,3.4,275901
37023,NC,Burke,ARTHRITIS,32.0,88338
37023,NC,Burke,BPHIGH,40.4,88338
37023,NC,Burke,CANCER,9.5,88338
37023,NC,Burke,CHD,8.6,88338
37023,NC,Burke,COPD,9.8,88338
37023,NC,Burke,DIABETES,13.8,88338
37023,NC,Burke,OBESITY,36.8,88338
37023,NC,Burke,STROKE,4.4,88338
37025,NC,Cabarrus,ARTHRITIS,25.1,240016
37025,NC,Cabarrus,BPHIGH,34.7,240016
37025,NC,Cabarrus,CANCER,7.2,240016
37025,NC,Cabarrus,CHD,5.5,240016
37025,NC,Cabarrus,COPD,5.8,240016
37025,NC,Cabarrus,DIABETES,10.8,240016
37025,NC,Cabarrus,OBESITY,33.3,240016
37025,NC,Cabarrus,STROKE,3.1,240016
37027,NC,Caldwell,ARTHRITIS,31.0,80574
37027,NC,Caldwell,BPHIGH,39.8,80574
37027,NC,Caldwell,CANCER,9.6,80574
37027,NC,Caldwell,CHD,8.4,80574
37027,NC,Caldwell,COPD,9.6,80574
37027,NC,Caldwell,DIABETES,13.2,80574
37027,NC,Caldwell,OBESITY,33.4,80574
37027,NC,Caldwell,STROKE,4.3,80574
37029,NC,Camden,ARTHRITIS,27.9,11137
37029,NC,Camden,BPHIGH,35.6,11137
37029,NC,Camden,CANCER,8.6,11137
37029,NC,Camden,CHD,6.1,11137
37029,NC,Camden,COPD,6.5,11137
37029,NC,Camden,DIABETES,10.7,11137
37029,NC,Camden,OBESITY,35.2,11137
37029,NC,Camden,STROKE,3.3,11137
37031,NC,Carteret,ARTHRITIS,32.5,69615
37031,NC,Carteret,BPHIGH,40.5,69615
37031,NC,Carteret,CANCER,11.3,69615
37031,NC,Carteret,CHD,8.1,69615
37031,NC,Carteret,COPD,8.1,69615
37031,NC,Carteret,DIABETES,12.5,69615
37031,NC,Carteret,OBESITY,34.0,69615
37031,NC,Carteret,STROKE,4.0,69615
37033,NC,Caswell,ARTHRITIS,32.0,22807
37033,NC,Caswell,BPHIGH,44.1,22807
37033,NC,Caswell,CANCER,8.6,22807
37033,NC,Caswell,CHD,8.5,22807
37033,NC,Caswell,COPD,9.5,22807
37033,NC,Caswell,DIABETES,15.5,22807
37033,NC,Caswell,OBESITY,39.3,22807
37033,NC,Caswell,STROKE,5.0,22807
37035,NC,Catawba,ARTHRITIS,28.6,164645
37035,NC,Catawba,BPHIGH,37.4,164645
37035,NC,Catawba,CANCER,8.9,164645
37035,NC,Catawba,CHD,7.1,164645
37035,NC,Catawba,COPD,7.8,164645
37035,NC,Catawba,DIABETES,12.1,164645
37035,NC,Catawba,OBESITY,37.4,164645
37035,NC,Catawba,STROKE,3.7,164645
37037,NC,Chatham,ARTHRITIS,31.4,81624
37037,NC,Chatham,BPHIGH,39.9,81624
37037,NC,Chatham,CANCER,10.6,81624
37037,NC,Chatham,CHD,7.8,81624
37037,NC,Chatham,COPD,7.3,81624
37037,NC,Chatham,DIABETES,12.9,81624
37037,NC,Chatham,OBESITY,30.1,81624
37037,NC,Chatham,STROKE,4.0,81624
37039,NC,Cherokee,ARTHRITIS,36.9,29959
37039,NC,Cherokee,BPHIGH,44.8,29959
37039,NC,Cherokee,CANCER,12.1,29959
37039,NC,Cherokee,CHD,10.3,29959
37039,NC,Cherokee,COPD,10.8,29959
37039,NC,Cherokee,DIABETES,15.2,29959
37039,NC,Cherokee,OBESITY,34.8,29959
37039,NC,Cherokee,STROKE,5.1,29959
37041,NC,Chowan,ARTHRITIS,34.3,13891
37041,NC,Chowan,BPHIGH,47.1,13891
37041,NC,Chowan,CANCER,9.6,13891
37041,NC,Chowan,CHD,9.5,13891
37041,NC,Chowan,COPD,10.5,13891
37041,NC,Chowan,DIABETES,17.0,13891
37041,NC,Chowan,OBESITY,40.4,13891
37041,NC,Chowan,STROKE,5.5,13891
37043,NC,Clay,ARTHRITIS,36.2,11864
37043,NC,Clay,BPHIGH,44.3,11864
37043,NC,Clay,CANCER,12.7,11864
37043,NC,Clay,CHD,9.9,11864
37043,NC,Clay,COPD,10.0,11864
37043,NC,Clay,DIABETES,14.3,11864
37043,NC,Clay,OBESITY,35.3,11864
37043,NC,Clay,STROKE,4.8,11864
37045,NC,Cleveland,ARTHRITIS,30.5,101378
37045,NC,Cleveland,BPHIGH,41.1,101378
37045,NC,Cleveland,CANCER,8.6,101378
37045,NC,Cleveland,CHD,7.8,101378
37045,NC,Cleveland,COPD,9.1,101378
37045,NC,Cleveland,DIABETES,13.6,101378
37045,NC,Cleveland,OBESITY,38.6,101378
37045,NC,Cleveland,STROKE,4.4,101378
37047,NC,Columbus,ARTHRITIS,31.9,50121
37047,NC,Columbus,BPHIGH,44.6,50121
37047,NC,Columbus,CANCER,8.4,50121
37047,NC,Columbus,CHD,8.6,50121
37047,NC,Columbus,COPD,10.0,50121
37047,NC,Columbus,DIABETES,15.6,50121
37047,NC,Columbus,OBESITY,41.1,50121
37047,NC,Columbus,STROKE,5.1,50121
37049,NC,Craven,ARTHRITIS,29.4,102391
37049,NC,Craven,BPHIGH,39.5,102391
37049,NC,Craven,CANCER,8.8,102391
37049,NC,Craven,CHD,7.4,102391
37049,NC,Craven,COPD,7.9,102391
37049,NC,Craven,DIABETES,12.5,102391
37049,NC,Craven,OBESITY,36.9,102391
37049,NC,Craven,STROKE,4.0,102391
37051,NC,Cumberland,ARTHRITIS,25.1,337890
37051,NC,Cumberland,BPHIGH,37.6,337890
37051,NC,Cumberland,CANCER,5.9,337890
37051,NC,Cumberland,CHD,5.7,337890
37051,NC,Cumberland,COPD,6.5,337890
37051,NC,Cumberland,DIABETES,12.2,337890
37051,NC,Cumberland,OBESITY,40.1,337890
37051,NC,Cumberland,STROKE,3.6,337890
37053,NC,Currituck,ARTHRITIS,28.1,31593
37053,NC,Currituck,BPHIGH,35.2,31593
37053,NC,Currituck,CANCER,9.1,31593
37053,NC,Currituck,CHD,6.3,31593
37053,NC,Currituck,COPD,6.7,31593
37053,NC,Currituck,DIABETES,10.7,31593
37053,NC,Currituck,OBESITY,34.5,31593
37053,NC,Currituck,STROKE,3.2,31593
37055,NC,Dare,ARTHRITIS,30.4,38110
37055,NC,Dare,BPHIGH,38.0,38110
37055,NC,Dare,CANCER,11.0,38110
37055,NC,Dare,CHD,7.1,38110
37055,NC,Dare,COPD,7.0,38110
37055,NC,Dare,DIABETES,11.2,38110
37055,NC,Dare,OBESITY,31.6,38110
37055,NC,Dare,STROKE,3.5,38110
37057,NC,Davidson,ARTHRITIS,30.0,174804
37057,NC,Davidson,BPHIGH,38.6,174804
37057,NC,Davidson,CANCER,9.0,174804
37057,NC,Davidson,CHD,7.6,174804
37057,NC,Davidson,COPD,8.7,174804
37057,NC,Davidson,DIABETES,12.7,174804
37057,NC,Davidson,OBESITY,36.2,174804
37057,NC,Davidson,STROKE,4.1,174804
37059,NC,Davie,ARTHRITIS,31.1,44599
37059,NC,Davie,BPHIGH,39.1,44599
37059,NC,Davie,CANCER,10.0,44599
37059,NC,Davie,CHD,7.5,44599
37059,NC,Davie,COPD,7.8,44599
37059,NC,Davie,DIABETES,12.1,44599
37059,NC,Davie,OBESITY,33.4,44599
37059,NC,Davie,STROKE,3.9,44599
37061,NC,Duplin,ARTHRITIS,30.5,49520
37061,NC,Duplin,BPHIGH,42.9,49520
37061,NC,Duplin,CANCER,8.2,49520
37061,NC,Duplin,CHD,8.4,49520
37061,NC,Duplin,COPD,9.4,49520
37061,NC,Duplin,DIABETES,15.5,49520
37061,NC,Duplin,OBESITY,39.4,49520
37061,NC,Duplin,STROKE,4.9,49520
37063,NC,Durham,ARTHRITIS,21.8,336892
37063,NC,Durham,BPHIGH,32.9,336892
37063,NC,Durham,CANCER,6.3,336892
37063,NC,Durham,CHD,5.0,336892
37063,NC,Durham,COPD,5.1,336892
37063,NC,Durham,DIABETES,10.5,336892
37063,NC,Durham,OBESITY,36.1,336892
37063,NC,Durham,STROKE,3.0,336892
37065,NC,Edgecombe,ARTHRITIS,32.7,48832
37065,NC,Edgecombe,BPHIGH,47.6,48832
37065,NC,Edgecombe,CANCER,7.5,48832
37065,NC,Edgecombe,CHD,8.8,48832
37065,NC,Edgecombe,COPD,10.0,48832
37065,NC,Edgecombe,DIABETES,17.9,48832
37065,NC,Edgecombe,OBESITY,43.7,48832
37065,NC,Edgecombe,STROKE,5.7,48832
37067,NC,Forsyth,ARTHRITIS,26.1,392921
37067,NC,Forsyth,BPHIGH,36.7,392921
37067,NC,Forsyth,CANCER,7.7,392921
37067,NC,Forsyth,CHD,6.5,392921
37067,NC,Forsyth,COPD,7.0,392921
37067,NC,Forsyth,DIABETES,12.4,392921
37067,NC,Forsyth,OBESITY,41.2,392921
37067,NC,Forsyth,STROKE,3.7,392921
37069,NC,Franklin,ARTHRITIS,28.6,77001
37069,NC,Franklin,BPHIGH,38.6,77001
37069,NC,Franklin,CANCER,8.0,77001
37069,NC,Franklin,CHD,6.8,77001
37069,NC,Franklin,COPD,7.6,77001
37069,NC,Franklin,DIABETES,12.8,77001
37069,NC,Franklin,OBESITY,38.8,77001
37069,NC,Franklin,STROKE,3.9,77001
37071,NC,Gaston,ARTHRITIS,28.2,237242
37071,NC,Gaston,BPHIGH,37.1,237242
37071,NC,Gaston,CANCER,8.0,237242
37071,NC,Gaston,CHD,6.7,237242
37071,NC,Gaston,COPD,7.7,237242
37071,NC,Gaston,DIABETES,12.3,237242
37071,NC,Gaston,OBESITY,36.2,237242
37071,NC,Gaston,STROKE,3.7,237242
37073,NC,Gates,ARTHRITIS,33.4,10343
37073,NC,Gates,BPHIGH,44.6,10343
37073,NC,Gates,CANCER,9.0,10343
37073,NC,Gates,CHD,8.6,10343
37073,NC,Gates,COPD,9.5,10343
37073,NC,Gates,DIABETES,15.8,10343
37073,NC,Gates,OBESITY,39.0,10343
37073,NC,Gates,STROKE,5.1,10343
37075,NC,Graham,ARTHRITIS,32.5,8052
37075,NC,Graham,BPHIGH,40.5,8052
37075,NC,Graham,CANCER,10.5,8052
37075,NC,Graham,CHD,8.7,8052
37075,NC,Graham,COPD,9.2,8052
37075,NC,Graham,DIABETES,13.1,8052
37075,NC,Graham,OBESITY,35.1,8052
37075,NC,Graham,STROKE,4.3,8052
37077,NC,Granville,ARTHRITIS,28.5,62192
37077,NC,Granville,BPHIGH,40.7,62192
37077,NC,Granville,CANCER,7.8,62192
37077,NC,Granville,CHD,7.2,62192
37077,NC,Granville,COPD,8.0,62192
37077,NC,Granville,DIABETES,13.6,62192
37077,NC,Granville,OBESITY,36.2,62192
37077,NC,Granville,STROKE,4.2,62192
37079,NC,Greene,ARTHRITIS,29.1,20530
37079,NC,Greene,BPHIGH,43.0,20530
37079,NC,Greene,CANCER,6.9,20530
37079,NC,Greene,CHD,8.1,20530
37079,NC,Greene,COPD,9.6,20530
37079,NC,Greene,DIABETES,15.9,20530
37079,NC,Greene,OBESITY,42.8,20530
37079,NC,Greene,STROKE,4.9,20530
37081,NC,Guilford,ARTHRITIS,26.3,549866
37081,NC,Guilford,BPHIGH,36.9,549866
37081,NC,Guilford,CANCER,7.1,549866
37081,NC,Guilford,CHD,6.1,549866
37081,NC,Guilford,COPD,6.5,549866
37081,NC,Guilford,DIABETES,12.2,549866
37081,NC,Guilford,OBESITY,38.0,549866
37081,NC,Guilford,STROKE,3.6,549866
37083,NC,Halifax,ARTHRITIS,34.4,47298
37083,NC,Halifax,BPHIGH,49.7,47298
37083,NC,Halifax,CANCER,7.8,47298
37083,NC,Halifax,CHD,9.8,47298
37083,NC,Halifax,COPD,11.5,47298
37083,NC,Halifax,DIABETES,19.4,47298
37083,NC,Halifax,OBESITY,42.6,47298
37083,NC,Halifax,STROKE,6.3,47298
37085,NC,Harnett,ARTHRITIS,26.3,141477
37085,NC,Harnett,BPHIGH,37.7,141477
37085,NC,Harnett,CANCER,7.0,141477
37085,NC,Harnett,CHD,6.2,141477
37085,NC,Harnett,COPD,7.1,141477
37085,NC,Harnett,DIABETES,11.8,141477
37085,NC,Harnett,OBESITY,36.9,141477
37085,NC,Harnett,STROKE,3.5,141477
37087,NC,Haywood,ARTHRITIS,32.4,62969
37087,NC,Haywood,BPHIGH,40.2,62969
37087,NC,Haywood,CANCER,10.8,62969
37087,NC,Haywood,CHD,8.3,62969
37087,NC,Haywood,COPD,8.7,62969
37087,NC,Haywood,DIABETES,12.4,62969
37087,NC,Haywood,OBESITY,33.3,62969
37087,NC,Haywood,STROKE,4.1,62969
37089,NC,Henderson,ARTHRITIS,31.7,119230
37089,NC,Henderson,BPHIGH,38.8,119230
37089,NC,Henderson,CANCER,10.8,119230
37089,NC,Henderson,CHD,8.2,119230
37089,NC,Henderson,COPD,8.2,119230
37089,NC,Henderson,DIABETES,12.5,119230
37089,NC,Henderson,OBESITY,30.3,119230
37089,NC,Henderson,STROKE,4.1,119230
37091,NC,Hertford,ARTHRITIS,32.7,19453
37091,NC,Hertford,BPHIGH,48.1,19453
37091,NC,Hertford,CANCER,7.5,19453
37091,NC,Hertford,CHD,9.1,19453
37091,NC,Hertford,COPD,10.2,19453
37091,NC,Hertford,DIABETES,18.9,19453
37091,NC,Hertford,OBESITY,42.5,19453
37091,NC,Hertford,STROKE,6.0,19453
37093,NC,Hoke,ARTHRITIS,26.1,54446
37093,NC,Hoke,BPHIGH,38.2,54446
37093,NC,Hoke,CANCER,5.7,54446
37093,NC,Hoke,CHD,6.0,54446
37093,NC,Hoke,COPD,7.0,54446
37093,NC,Hoke,DIABETES,13.3,54446
37093,NC,Hoke,OBESITY,38.5,54446
37093,NC,Hoke,STROKE,3.8,54446
37095,NC,Hyde,ARTHRITIS,33.2,4607
37095,NC,Hyde,BPHIGH,46.5,4607
37095,NC,Hyde,CANCER,8.9,4607
37095,NC,Hyde,CHD,9.6,4607
37095,NC,Hyde,COPD,10.8,4607
37095,NC,Hyde,DIABETES,17.0,4607
37095,NC,Hyde,OBESITY,41.0,4607
37095,NC,Hyde,STROKE,5.5,4607
37097,NC,Iredell,ARTHRITIS,27.1,199710
37097,NC,Iredell,BPHIGH,36.4,199710
37097,NC,Iredell,CANCER,8.5,199710
37097,NC,Iredell,CHD,6.2,199710
37097,NC,Iredell,COPD,6.6,199710
37097,NC,Iredell,DIABETES,10.7,199710
37097,NC,Iredell,OBESITY,32.8,199710
37097,NC,Iredell,STROKE,3.3,199710
37099,NC,Jackson,ARTHRITIS,28.1,44574
37099,NC,Jackson,BPHIGH,35.5,44574
37099,NC,Jackson,CANCER,8.7,44574
37099,NC,Jackson,CHD,7.4,44574
37099,NC,Jackson,COPD,8.2,44574
37099,NC,Jackson,DIABETES,12.1,44574
37099,NC,Jackson,OBESITY,34.5,44574
37099,NC,Jackson,STROKE,3.8,44574
37101,NC,Johnston,ARTHRITIS,25.7,241955
37101,NC,Johnston,BPHIGH,35.1,241955
37101,NC,Johnston,CANCER,7.3,241955
37101,NC,Johnston,CHD,5.9,241955
37101,NC,Johnston,COPD,6.6,241955
37101,NC,Johnston,DIABETES,11.6,241955
37101,NC,Johnston,OBESITY,35.1,241955
37101,NC,Johnston,STROKE,3.3,241955
37103,NC,Jones,ARTHRITIS,34.5,9401
37103,NC,Jones,BPHIGH,46.3,9401
37103,NC,Jones,CANCER,9.1,9401
37103,NC,Jones,CHD,9.4,9401
37103,NC,Jones,COPD,10.8,9401
37103,NC,Jones,DIABETES,17.0,9401
37103,NC,Jones,OBESITY,40.0,9401
37103,NC,Jones,STROKE,5.5,9401
37105,NC,Lee,ARTHRITIS,28.8,67059
37105,NC,Lee,BPHIGH,38.4,67059
37105,NC,Lee,CANCER,7.9,67059
37105,NC,Lee,CHD,7.2,67059
37105,NC,Lee,COPD,8.0,67059
37105,NC,Lee,DIABETES,13.5,67059
37105,NC,Lee,OBESITY,37.8,67059
37105,NC,Lee,STROKE,4.0,67059
37107,NC,Lenoir,ARTHRITIS,33.3,54895
37107,NC,Lenoir,BPHIGH,46.9,54895
37107,NC,Lenoir,CANCER,8.1,54895
37107,NC,Lenoir,CHD,9.5,54895
37107,NC,Lenoir,COPD,11.1,54895
37107,NC,Lenoir,DIABETES,17.8,54895
37107,NC,Lenoir,OBESITY,42.4,54895
37107,NC,Lenoir,STROKE,5.8,54895
37109,NC,Lincoln,ARTHRITIS,29.5,95675
37109,NC,Lincoln,BPHIGH,37.6,95675
37109,NC,Lincoln,CANCER,9.4,95675
37109,NC,Lincoln,CHD,7.0,95675
37109,NC,Lincoln,COPD,7.6,95675
37109,NC,Lincoln,DIABETES,11.5,95675
37109,NC,Lincoln,OBESITY,35.0,95675
37109,NC,Lincoln,STROKE,3.6,95675
37111,NC,McDowell,ARTHRITIS,31.8,44893
37111,NC,McDowell,BPHIGH,39.8,44893
37111,NC,McDowell,CANCER,9.7,44893
37111,NC,McDowell,CHD,8.3,44893
37111,NC,McDowell,COPD,9.6,44893
37111,NC,McDowell,DIABETES,13.0,44893
37111,NC,McDowell,OBESITY,35.2,44893
37111,NC,McDowell,STROKE,4.3,44893
37113,NC,Macon,ARTHRITIS,34.5,38412
37113,NC,Macon,BPHIGH,43.5,38412
37113,NC,Macon,CANCER,11.5,38412
37113,NC,Macon,CHD,9.6,38412
37113,NC,Macon,COPD,10.1,38412
37113,NC,Macon,DIABETES,14.2,38412
37113,NC,Macon,OBESITY,35.3,38412
37113,NC,Macon,STROKE,4.7,38412
37115,NC,Madison,ARTHRITIS,30.4,22071
37115,NC,Madison,BPHIGH,38.3,22071
37115,NC,Madison,CANCER,10.1,22071
37115,NC,Madison,CHD,7.6,22071
37115,NC,Madison,COPD,8.1,22071
37115,NC,Madison,DIABETES,11.6,22071
37115,NC,Madison,OBESITY,34.6,22071
37115,NC,Madison,STROKE,3.8,22071
37117,NC,Martin,ARTHRITIS,34.8,21447
37117,NC,Martin,BPHIGH,47.5,21447
37117,NC,Martin,CANCER,9.0,21447
37117,NC,Martin,CHD,9.5,21447
37117,NC,Martin,COPD,10.6,21447
37117,NC,Martin,DIABETES,17.8,21447
37117,NC,Martin,OBESITY,40.4,21447
37117,NC,Martin,STROKE,5.8,21447
37119,NC,Mecklenburg,ARTHRITIS,21.9,1163701
37119,NC,Mecklenburg,BPHIGH,31.0,1163701
37119,NC,Mecklenburg,CANCER,6.2,1163701
37119,NC,Mecklenburg,CHD,4.8,1163701
37119,NC,Mecklenburg,COPD,5.0,1163701
37119,NC,Mecklenburg,DIABETES,10.1,1163701
37119,NC,Mecklenburg,OBESITY,29.7,1163701
37119,NC,Mecklenburg,STROKE,2.8,1163701
37121,NC,Mitchell,ARTHRITIS,32.8,14999
37121,NC,Mitchell,BPHIGH,40.3,14999
37121,NC,Mitchell,CANCER,10.8,14999
37121,NC,Mitchell,CHD,8.4,14999
37121,NC,Mitchell,COPD,9.0,14999
37121,NC,Mitchell,DIABETES,12.8,14999
37121,NC,Mitchell,OBESITY,37.2,14999
37121,NC,Mitchell,STROKE,4.2,14999
37123,NC,Montgomery,ARTHRITIS,32.5,26085
37123,NC,Montgomery,BPHIGH,42.8,26085
37123,NC,Montgomery,CANCER,9.2,26085
37123,NC,Montgomery,CHD,8.8,26085
37123,NC,Montgomery,COPD,9.8,26085
37123,NC,Montgomery,DIABETES,15.1,26085
37123,NC,Montgomery,OBESITY,38.7,26085
37123,NC,Montgomery,STROKE,4.8,26085
37125,NC,Moore,ARTHRITIS,29.8,106898
37125,NC,Moore,BPHIGH,38.3,106898
37125,NC,Moore,CANCER,10.3,106898
37125,NC,Moore,CHD,7.3,106898
37125,NC,Moore,COPD,7.0,106898
37125,NC,Moore,DIABETES,11.5,106898
37125,NC,Moore,OBESITY,32.6,106898
37125,NC,Moore,STROKE,3.7,106898
37127,NC,Nash,ARTHRITIS,30.1,96551
37127,NC,Nash,BPHIGH,42.5,96551
37127,NC,Nash,CANCER,7.8,96551
37127,NC,Nash,CHD,7.5,96551
37127,NC,Nash,COPD,8.3,96551
37127,NC,Nash,DIABETES,15.0,96551
37127,NC,Nash,OBESITY,38.4,96551
37127,NC,Nash,STROKE,4.6,96551
37129,NC,New Hanover,ARTHRITIS,27.0,238852
37129,NC,New Hanover,BPHIGH,34.7,238852
37129,NC,New Hanover,CANCER,8.7,238852
37129,NC,New Hanover,CHD,6.3,238852
37129,NC,New Hanover,COPD,6.5,238852
37129,NC,New Hanover,DIABETES,10.6,238852
37129,NC,New Hanover,OBESITY,31.1,238852
37129,NC,New Hanover,STROKE,3.3,238852
37131,NC,Northampton,ARTHRITIS,37.3,16715
37131,NC,Northampton,BPHIGH,52.0,16715
37131,NC,Northampton,CANCER,9.4,16715
37131,NC,Northampton,CHD,10.6,16715
37131,NC,Northampton,COPD,11.2,16715
37131,NC,Northampton,DIABETES,20.3,16715
37131,NC,Northampton,OBESITY,42.7,16715
37131,NC,Northampton,STROKE,6.7,16715
37133,NC,Onslow,ARTHRITIS,19.7,213676
37133,NC,Onslow,BPHIGH,28.8,213676
37133,NC,Onslow,CANCER,5.4,213676
37133,NC,Onslow,CHD,4.7,213676
37133,NC,Onslow,COPD,5.6,213676
37133,NC,Onslow,DIABETES,8.6,213676
37133,NC,Onslow,OBESITY,33.4,213676
37133,NC,Onslow,STROKE,2.6,213676
37135,NC,Orange,ARTHRITIS,22.9,150626
37135,NC,Orange,BPHIGH,30.2,150626
37135,NC,Orange,CANCER,7.6,150626
37135,NC,Orange,CHD,5.2,150626
37135,NC,Orange,COPD,5.0,150626
37135,NC,Orange,DIABETES,9.3,150626
37135,NC,Orange,OBESITY,28.0,150626
37135,NC,Orange,STROKE,2.7,150626
37137,NC,Pamlico,ARTHRITIS,35.7,12423
37137,NC,Pamlico,BPHIGH,46.0,12423
37137,NC,Pamlico,CANCER,11.3,12423
37137,NC,Pamlico,CHD,9.6,12423
37137,NC,Pamlico,COPD,9.6,12423
37137,NC,Pamlico,DIABETES,15.2,12423
37137,NC,Pamlico,OBESITY,36.0,12423
37137,NC,Pamlico,STROKE,5.0,12423
37139,NC,Pasquotank,ARTHRITIS,27.9,41444
37139,NC,Pasquotank,BPHIGH,39.3,41444
37139,NC,Pasquotank,CANCER,7.8,41444
37139,NC,Pasquotank,CHD,6.7,41444
37139,NC,Pasquotank,COPD,7.2,41444
37139,NC,Pasquotank,DIABETES,13.0,41444
37139,NC,Pasquotank,OBESITY,38.3,41444
37139,NC,Pasquotank,STROKE,4.0,41444
37141,NC,Pender,ARTHRITIS,28.8,68521
37141,NC,Pender,BPHIGH,37.3,68521
37141,NC,Pender,CANCER,8.7,68521
37141,NC,Pender,CHD,6.8,68521
37141,NC,Pender,COPD,7.3,68521
37141,NC,Pender,DIABETES,11.8,68521
37141,NC,Pender,OBESITY,36.3,68521
37141,NC,Pender,STROKE,3.6,68521
37143,NC,Perquimans,ARTHRITIS,34.7,13377
37143,NC,Perquimans,BPHIGH,44.9,13377
37143,NC,Perquimans,CANCER,10.6,13377
37143,NC,Perquimans,CHD,9.2,13377
37143,NC,Perquimans,COPD,9.7,13377
37143,NC,Perquimans,DIABETES,15.3,13377
37143,NC,Perquimans,OBESITY,37.3,13377
37143,NC,Perquimans,STROKE,5.0,13377
37145,NC,Person,ARTHRITIS,31.7,39737
37145,NC,Person,BPHIGH,43.2,39737
37145,NC,Person,CANCER,8.8,39737
37145,NC,Person,CHD,8.2,39737
37145,NC,Person,COPD,9.1,39737
37145,NC,Person,DIABETES,14.9,39737
37145,NC,Person,OBESITY,38.8,39737
37145,NC,Person,STROKE,4.7,39737
37147,NC,Pitt,ARTHRITIS,25.2,175119
37147,NC,Pitt,BPHIGH,34.7,175119
37147,NC,Pitt,CANCER,6.5,175119
37147,NC,Pitt,CHD,6.0,175119
37147,NC,Pitt,COPD,6.7,175119
37147,NC,Pitt,DIABETES,12.0,175119
37147,NC,Pitt,OBESITY,39.0,175119
37147,NC,Pitt,STROKE,3.6,175119
37149,NC,Polk,ARTHRITIS,35.6,20060
37149,NC,Polk,BPHIGH,43.8,20060
37149,NC,Polk,CANCER,12.5,20060
37149,NC,Polk,CHD,9.5,20060
37149,NC,Polk,COPD,9.4,20060
37149,NC,Polk,DIABETES,14.1,20060
37149,NC,Polk,OBESITY,35.2,20060
37149,NC,Polk,STROKE,4.7,20060
37151,NC,Randolph,ARTHRITIS,30.1,147458
37151,NC,Randolph,BPHIGH,39.1,147458
37151,NC,Randolph,CANCER,8.8,147458
37151,NC,Randolph,CHD,7.8,147458
37151,NC,Randolph,COPD,9.2,147458
37151,NC,Randolph,DIABETES,13.2,147458
37151,NC,Randolph,OBESITY,39.9,147458
37151,NC,Randolph,STROKE,4.1,147458
37153,NC,Richmond,ARTHRITIS,31.8,42324
37153,NC,Richmond,BPHIGH,43.9,42324
37153,NC,Richmond,CANCER,7.9,42324
37153,NC,Richmond,CHD,8.8,42324
37153,NC,Richmond,COPD,10.6,42324
37153,NC,Richmond,DIABETES,16.4,42324
37153,NC,Richmond,OBESITY,42.9,42324
37153,NC,Richmond,STROKE,5.2,42324
37155,NC,Robeson,ARTHRITIS,32.3,117365
37155,NC,Robeson,BPHIGH,45.6,117365
37155,NC,Robeson,CANCER,6.7,117365
37155,NC,Robeson,CHD,9.3,117365
37155,NC,Robeson,COPD,11.4,117365
37155,NC,Robeson,DIABETES,18.4,117365
37155,NC,Robeson,OBESITY,47.9,117365
37155,NC,Robeson,STROKE,5.8,117365
37157,NC,Rockingham,ARTHRITIS,31.9,92518
37157,NC,Rockingham,BPHIGH,42.5,92518
37157,NC,Rockingham,CANCER,9.1,92518
37157,NC,Rockingham,CHD,8.4,92518
37157,NC,Rockingham,COPD,9.7,92518
37157,NC,Rockingham,DIABETES,14.5,92518
37157,NC,Rockingham,OBESITY,37.3,92518
37157,NC,Rockingham,STROKE,4.7,92518
37159,NC,Rowan,ARTHRITIS,29.3,151661
37159,NC,Rowan,BPHIGH,37.7,151661
37159,NC,Rowan,CANCER,8.3,151661
37159,NC,Rowan,CHD,7.3,151661
37159,NC,Rowan,COPD,8.4,151661
37159,NC,Rowan,DIABETES,12.7,151661
37159,NC,Rowan,OBESITY,37.4,151661
37159,NC,Rowan,STROKE,4.0,151661
37161,NC,Rutherford,ARTHRITIS,32.4,65507
37161,NC,Rutherford,BPHIGH,41.7,65507
37161,NC,Rutherford,CANCER,9.8,65507
37161,NC,Rutherford,CHD,8.9,65507
37161,NC,Rutherford,COPD,10.3,65507
37161,NC,Rutherford,DIABETES,14.4,65507
37161,NC,Rutherford,OBESITY,38.1,65507
37161,NC,Rutherford,STROKE,4.7,65507
37163,NC,Sampson,ARTHRITIS,30.0,59601
37163,NC,Sampson,BPHIGH,42.6,59601
37163,NC,Sampson,CANCER,7.7,59601
37163,NC,Sampson,CHD,8.1,59601
37163,NC,Sampson,COPD,9.2,59601
37163,NC,Sampson,DIABETES,15.6,59601
37163,NC,Sampson,OBESITY,41.8,59601
37163,NC,Sampson,STROKE,4.7,59601
37165,NC,Scotland,ARTHRITIS,30.7,34376
37165,NC,Scotland,BPHIGH,46.1,34376
37165,NC,Scotland,CANCER,7.3,34376
37165,NC,Scotland,CHD,9.0,34376
37165,NC,Scotland,COPD,10.9,34376
37165,NC,Scotland,DIABETES,17.4,34376
37165,NC,Scotland,OBESITY,45.2,34376
37165,NC,Scotland,STROKE,5.6,34376
37167,NC,Stanly,ARTHRITIS,29.5,65699
37167,NC,Stanly,BPHIGH,38.4,65699
37167,NC,Stanly,CANCER,8.8,65699
37167,NC,Stanly,CHD,7.6,65699
37167,NC,Stanly,COPD,8.6,65699
37167,NC,Stanly,DIABETES,12.7,65699
37167,NC,Stanly,OBESITY,36.3,65699
37167,NC,Stanly,STROKE,4.0,65699
37169,NC,Stokes,ARTHRITIS,33.3,45532
37169,NC,Stokes,BPHIGH,41.0,45532
37169,NC,Stokes,CANCER,10.2,45532
37169,NC,Stokes,CHD,8.4,45532
37169,NC,Stokes,COPD,9.4,45532
37169,NC,Stokes,DIABETES,13.2,45532
37169,NC,Stokes,OBESITY,37.1,45532
37169,NC,Stokes,STROKE,4.3,45532
37171,NC,Surry,ARTHRITIS,32.1,71462
37171,NC,Surry,BPHIGH,40.4,71462
37171,NC,Surry,CANCER,9.7,71462
37171,NC,Surry,CHD,8.7,71462
37171,NC,Surry,COPD,10.1,71462
37171,NC,Surry,DIABETES,13.7,71462
37171,NC,Surry,OBESITY,40.9,71462
37171,NC,Surry,STROKE,4.5,71462
37173,NC,Swain,ARTHRITIS,31.5,13916
37173,NC,Swain,BPHIGH,41.7,13916
37173,NC,Swain,CANCER,9.0,13916
37173,NC,Swain,CHD,8.7,13916
37173,NC,Swain,COPD,10.3,13916
37173,NC,Swain,DIABETES,15.2,13916
37173,NC,Swain,OBESITY,40.7,13916
37173,NC,Swain,STROKE,4.8,13916
37175,NC,Transylvania,ARTHRITIS,34.4,33549
37175,NC,Transylvania,BPHIGH,42.3,33549
37175,NC,Transylvania,CANCER,12.2,33549
37175,NC,Transylvania,CHD,9.0,33549
37175,NC,Transylvania,COPD,8.5,33549
37175,NC,Transylvania,DIABETES,12.9,33549
37175,NC,Transylvania,OBESITY,33.7,33549
37175,NC,Transylvania,STROKE,4.3,33549
37177,NC,Tyrrell,ARTHRITIS,33.4,3461
37177,NC,Tyrrell,BPHIGH,46.2,3461
37177,NC,Tyrrell,CANCER,8.7,3461
37177,NC,Tyrrell,CHD,9.7,3461
37177,NC,Tyrrell,COPD,10.6,3461
37177,NC,Tyrrell,DIABETES,17.5,3461
37177,NC,Tyrrell,OBESITY,41.3,3461
37177,NC,Tyrrell,STROKE,5.7,3461
37179,NC,Union,ARTHRITIS,24.6,256452
37179,NC,Union,BPHIGH,33.6,256452
37179,NC,Union,CANCER,7.6,256452
37179,NC,Union,CHD,5.5,256452
37179,NC,Union,COPD,5.7,256452
37179,NC,Union,DIABETES,10.5,256452
37179,NC,Union,OBESITY,33.4,256452
37179,NC,Union,STROKE,2.9,256452
37181,NC,Vance,ARTHRITIS,31.1,42301
37181,NC,Vance,BPHIGH,45.1,42301
37181,NC,Vance,CANCER,7.5,42301
37181,NC,Vance,CHD,8.3,42301
37181,NC,Vance,COPD,9.4,42301
37181,NC,Vance,DIABETES,16.8,42301
37181,NC,Vance,OBESITY,42.6,42301
37181,NC,Vance,STROKE,5.2,42301
37183,NC,Wake,ARTHRITIS,21.5,1190275
37183,NC,Wake,BPHIGH,32.2,1190275
37183,NC,Wake,CANCER,6.9,1190275
37183,NC,Wake,CHD,4.7,1190275
37183,NC,Wake,COPD,4.6,1190275
37183,NC,Wake,DIABETES,9.5,1190275
37183,NC,Wake,OBESITY,29.3,1190275
37183,NC,Wake,STROKE,2.6,1190275
37185,NC,Warren,ARTHRITIS,35.7,18836
37185,NC,Warren,BPHIGH,50.4,18836
37185,NC,Warren,CANCER,8.8,18836
37185,NC,Warren,CHD,10.5,18836
37185,NC,Warren,COPD,11.5,18836
37185,NC,Warren,DIABETES,20.0,18836
37185,NC,Warren,OBESITY,43.9,18836
37185,NC,Warren,STROKE,6.5,18836
37187,NC,Washington,ARTHRITIS,37.9,10713
37187,NC,Washington,BPHIGH,51.8,10713
37187,NC,Washington,CANCER,9.4,10713
37187,NC,Washington,CHD,11.1,10713
37187,NC,Washington,COPD,12.4,10713
37187,NC,Washington,DIABETES,20.6,10713
37187,NC,Washington,OBESITY,43.6,10713
37187,NC,Washington,STROKE,6.8,10713
37189,NC,Watauga,ARTHRITIS,24.0,54748
37189,NC,Watauga,BPHIGH,31.3,54748
37189,NC,Watauga,CANCER,7.5,54748
37189,NC,Watauga,CHD,6.3,54748
37189,NC,Watauga,COPD,7.0,54748
37189,NC,Watauga,DIABETES,9.8,54748
37189,NC,Watauga,OBESITY,33.0,54748
37189,NC,Watauga,STROKE,3.1,54748
37191,NC,Wayne,ARTHRITIS,28.6,118686
37191,NC,Wayne,BPHIGH,41.1,118686
37191,NC,Wayne,CANCER,7.4,118686
37191,NC,Wayne,CHD,7.4,118686
37191,NC,Wayne,COPD,8.4,118686
37191,NC,Wayne,DIABETES,14.2,118686
37191,NC,Wayne,OBESITY,39.5,118686
37191,NC,Wayne,STROKE,4.4,118686
37193,NC,Wilkes,ARTHRITIS,32.7,66013
37193,NC,Wilkes,BPHIGH,41.5,66013
37193,NC,Wilkes,CANCER,10.1,66013
37193,NC,Wilkes,CHD,9.0,66013
37193,NC,Wilkes,COPD,10.4,66013
37193,NC,Wilkes,DIABETES,13.9,66013
37193,NC,Wilkes,OBESITY,38.0,66013
37193,NC,Wilkes,STROKE,4.7,66013
37195,NC,Wilson,ARTHRITIS,31.6,78970
37195,NC,Wilson,BPHIGH,44.7,78970
37195,NC,Wilson,CANCER,7.7,78970
37195,NC,Wilson,CHD,8.6,78970
37195,NC,Wilson,COPD,9.9,78970
37195,NC,Wilson,DIABETES,16.8,78970
37195,NC,Wilson,OBESITY,38.4,78970
37195,NC,Wilson,STROKE,5.2,78970
37197,NC,Yadkin,ARTHRITIS,31.2,37774
37197,NC,Yadkin,BPHIGH,40.6,37774
37197,NC,Yadkin,CANCER,9.7,37774
37197,NC,Yadkin,CHD,8.4,37774
37197,NC,Yadkin,COPD,9.5,37774
37197,NC,Yadkin,DIABETES,13.3,37774
37197,NC,Yadkin,OBESITY,36.3,37774
37197,NC,Yadkin,STROKE,4.3,37774
37199,NC,Yancey,ARTHRITIS,33.6,18938
37199,NC,Yancey,BPHIGH,41.4,18938
37199,NC,Yancey,CANCER,10.9,18938
37199,NC,Yancey,CHD,9.1,18938
37199,NC,Yancey,COPD,10.0,18938
37199,NC,Yancey,DIABETES,13.7,18938
37199,NC,Yancey,OBESITY,35.6,18938
37199,NC,Yancey,STROKE,4.5,18938
38001,ND,Adams,ARTHRITIS,34.5,2163
38001,ND,Adams,BPHIGH,41.2,2163
38001,ND,Adams,CANCER,11.7,2163
38001,ND,Adams,CHD,9.7,2163
38001,ND,Adams,COPD,9.2,2163
38001,ND,Adams,DIABETES,14.1,2163
38001,ND,Adams,OBESITY,34.8,2163
38001,ND,Adams,STROKE,4.8,2163
38003,ND,Barnes,ARTHRITIS,29.3,10726
38003,ND,Barnes,BPHIGH,36.2,10726
38003,ND,Barnes,CANCER,9.8,10726
38003,ND,Barnes,CHD,7.5,10726
38003,ND,Barnes,COPD,7.0,10726
38003,ND,Barnes,DIABETES,11.5,10726
38003,ND,Barnes,OBESITY,37.7,10726
38003,ND,Barnes,STROKE,3.7,10726
38005,ND,Benson,ARTHRITIS,30.3,5745
38005,ND,Benson,BPHIGH,40.3,5745
38005,ND,Benson,CANCER,8.2,5745
38005,ND,Benson,CHD,9.0,5745
38005,ND,Benson,COPD,9.8,5745
38005,ND,Benson,DIABETES,15.4,5745
38005,ND,Benson,OBESITY,43.3,5745
38005,ND,Benson,STROKE,4.8,5745
38007,ND,Billings,ARTHRITIS,30.2,1034
38007,ND,Billings,BPHIGH,38.5,1034
38007,ND,Billings,CANCER,10.6,1034
38007,ND,Billings,CHD,8.4,1034
38007,ND,Billings,COPD,7.2,1034
38007,ND,Billings,DIABETES,12.1,1034
38007,ND,Billings,OBESITY,36.4,1034
38007,ND,Billings,STROKE,3.9,1034
38009,ND,Bottineau,ARTHRITIS,31.1,6349
38009,ND,Bottineau,BPHIGH,38.8,6349
38009,ND,Bottineau,CANCER,10.9,6349
38009,ND,Bottineau,CHD,8.0,6349
38009,ND,Bottineau,COPD,7.3,6349
38009,ND,Bottineau,DIABETES,11.9,6349
38009,ND,Bottineau,OBESITY,37.7,6349
38009,ND,Bottineau,STROKE,3.9,6349
38011,ND,Bowman,ARTHRITIS,30.5,2867
38011,ND,Bowman,BPHIGH,36.7,2867
38011,ND,Bowman,CANCER,10.7,2867
38011,ND,Bowman,CHD,7.8,2867
38011,ND,Bowman,COPD,7.4,2867
38011,ND,Bowman,DIABETES,11.4,2867
38011,ND,Bowman,OBESITY,36.3,2867
38011,ND,Bowman,STROKE,3.8,2867
38013,ND,Burke,ARTHRITIS,29.9,2134
38013,ND,Burke,BPHIGH,37.2,2134
38013,ND,Burke,CANCER,10.5,2134
38013,ND,Burke,CHD,7.3,2134
38013,ND,Burke,COPD,6.7,2134
38013,ND,Burke,DIABETES,11.1,2134
38013,ND,Burke,OBESITY,37.3,2134
38013,ND,Burke,STROKE,3.5,2134
38015,ND,Burleigh,ARTHRITIS,25.7,100012
38015,ND,Burleigh,BPHIGH,30.8,100012
38015,ND,Burleigh,CANCER,8.9,100012
38015,ND,Burleigh,CHD,5.9,100012
38015,ND,Burleigh,COPD,5.6,100012
38015,ND,Burleigh,DIABETES,9.3,100012
38015,ND,Burleigh,OBESITY,35.2,100012
38015,ND,Burleigh,STROKE,2.9,100012
38017,ND,Cass,ARTHRITIS,21.3,196362
38017,ND,Cass,BPHIGH,27.5,196362
38017,ND,Cass,CANCER,6.7,196362
38017,ND,Cass,CHD,4.8,196362
38017,ND,Cass,COPD,4.5,196362
38017,ND,Cass,DIABETES,7.9,196362
38017,ND,Cass,OBESITY,33.8,196362
38017,ND,Cass,STROKE,2.4,196362
38019,ND,Cavalier,ARTHRITIS,32.2,3596
38019,ND,Cavalier,BPHIGH,39.7,3596
38019,ND,Cavalier,CANCER,11.7,3596
38019,ND,Cavalier,CHD,8.5,3596
38019,ND,Cavalier,COPD,7.2,3596
38019,ND,Cavalier,DIABETES,11.8,3596
38019,ND,Cavalier,OBESITY,39.5,3596
38019,ND,Cavalier,STROKE,4.0,3596
38021,ND,Dickey,ARTHRITIS,28.8,4900
38021,ND,Dickey,BPHIGH,35.1,4900
38021,ND,Dickey,CANCER,9.4,4900
38021,ND,Dickey,CHD,7.3,4900
38021,ND,Dickey,COPD,7.0,4900
38021,ND,Dickey,DIABETES,11.2,4900
38021,ND,Dickey,OBESITY,38.7,4900
38021,ND,Dickey,STROKE,3.6,4900
38023,ND,Divide,ARTHRITIS,31.7,2135
38023,ND,Divide,BPHIGH,38.6,2135
38023,ND,Divide,CANCER,11.1,2135
38023,ND,Divide,CHD,8.6,2135
38023,ND,Divide,COPD,7.8,2135
38023,ND,Divide,DIABETES,12.6,2135
38023,ND,Divide,OBESITY,37.4,2135
38023,ND,Divide,STROKE,4.1,2135
38025,ND,Dunn,ARTHRITIS,27.3,4019
38025,ND,Dunn,BPHIGH,35.2,4019
38025,ND,Dunn,CANCER,9.0,4019
38025,ND,Dunn,CHD,7.1,4019
38025,ND,Dunn,COPD,6.8,4019
38025,ND,Dunn,DIABETES,11.5,4019
38025,ND,Dunn,OBESITY,36.7,4019
38025,ND,Dunn,STROKE,3.6,4019
38027,ND,Eddy,ARTHRITIS,32.6,2263
38027,ND,Eddy,BPHIGH,39.1,2263
38027,ND,Eddy,CANCER,10.3,2263
38027,ND,Eddy,CHD,8.8,2263
38027,ND,Eddy,COPD,8.7,2263
38027,ND,Eddy,DIABETES,13.5,2263
38027,ND,Eddy,OBESITY,38.7,2263
38027,ND,Eddy,STROKE,4.4,2263
38029,ND,Emmons,ARTHRITIS,33.1,3224
38029,ND,Emmons,BPHIGH,40.8,3224
38029,ND,Emmons,CANCER,11.8,3224
38029,ND,Emmons,CHD,9.5,3224
38029,ND,Emmons,COPD,8.8,3224
38029,ND,Emmons,DIABETES,13.5,3224
38029,ND,Emmons,OBESITY,38.1,3224
38029,ND,Emmons,STROKE,4.6,3224
38031,ND,Foster,ARTHRITIS,31.2,3309
38031,ND,Foster,BPHIGH,37.8,3309
38031,ND,Foster,CANCER,10.8,3309
38031,ND,Foster,CHD,7.8,3309
38031,ND,Foster,COPD,7.2,3309
38031,ND,Foster,DIABETES,11.8,3309
38031,ND,Foster,OBESITY,35.7,3309
38031,ND,Foster,STROKE,3.8,3309
38033,ND,Golden Valley,ARTHRITIS,33.6,1743
38033,ND,Golden Valley,BPHIGH,41.1,1743
38033,ND,Golden Valley,CANCER,11.2,1743
38033,ND,Golden Valley,CHD,9.4,1743
38033,ND,Golden Valley,COPD,8.8,1743
38033,ND,Golden Valley,DIABETES,13.7,1743
38033,ND,Golden Valley,OBESITY,37.6,1743
38033,ND,Golden Valley,STROKE,4.5,1743
38035,ND,Grand Forks,ARTHRITIS,22.7,72708
38035,ND,Grand Forks,BPHIGH,28.2,72708
38035,ND,Grand Forks,CANCER,7.0,72708
38035,ND,Grand Forks,CHD,5.4,72708
38035,ND,Grand Forks,COPD,5.3,72708
38035,ND,Grand Forks,DIABETES,9.1,72708
38035,ND,Grand Forks,OBESITY,35.2,72708
38035,ND,Grand Forks,STROKE,2.7,72708
38037,ND,Grant,ARTHRITIS,36.4,2215
38037,ND,Grant,BPHIGH,44.5,2215
38037,ND,Grant,CANCER,12.2,2215
38037,ND,Grant,CHD,11.0,2215
38037,ND,Grant,COPD,10.3,2215
38037,ND,Grant,DIABETES,15.2,2215
38037,ND,Grant,OBESITY,41.3,2215
38037,ND,Grant,STROKE,5.3,2215
38039,ND,Griggs,ARTHRITIS,33.7,2248
38039,ND,Griggs,BPHIGH,41.0,2248
38039,ND,Griggs,CANCER,12.3,2248
38039,ND,Griggs,CHD,9.0,2248
38039,ND,Griggs,COPD,7.7,2248
38039,ND,Griggs,DIABETES,12.3,2248
38039,ND,Griggs,OBESITY,36.8,2248
38039,ND,Griggs,STROKE,4.3,2248
38041,ND,Hettinger,ARTHRITIS,30.0,2415
38041,ND,Hettinger,BPHIGH,37.3,2415
38041,ND,Hettinger,CANCER,10.4,2415
38041,ND,Hettinger,CHD,8.1,2415
38041,ND,Hettinger,COPD,7.5,2415
38041,ND,Hettinger,DIABETES,11.7,2415
38041,ND,Hettinger,OBESITY,37.4,2415
38041,ND,Hettinger,STROKE,3.9,2415
38043,ND,Kidder,ARTHRITIS,33.4,2342
38043,ND,Kidder,BPHIGH,39.7,2342
38043,ND,Kidder,CANCER,11.4,2342
38043,ND,Kidder,CHD,8.9,2342
38043,ND,Kidder,COPD,8.1,2342
38043,ND,Kidder,DIABETES,12.8,2342
38043,ND,Kidder,OBESITY,39.9,2342
38043,ND,Kidder,STROKE,4.3,2342
38045,ND,LaMoure,ARTHRITIS,32.4,4096
38045,ND,LaMoure,BPHIGH,38.2,4096
38045,ND,LaMoure,CANCER,11.4,4096
38045,ND,LaMoure,CHD,8.8,4096
38045,ND,LaMoure,COPD,8.0,4096
38045,ND,LaMoure,DIABETES,12.5,4096
38045,ND,LaMoure,OBESITY,34.4,4096
38045,ND,LaMoure,STROKE,4.2,4096
38047,ND,Logan,ARTHRITIS,33.0,1869
38047,ND,Logan,BPHIGH,40.5,1869
38047,ND,Logan,CANCER,11.4,1869
38047,ND,Logan,CHD,9.6,1869
38047,ND,Logan,COPD,8.9,1869
38047,ND,Logan,DIABETES,13.2,1869
38047,ND,Logan,OBESITY,39.8,1869
38047,ND,Logan,STROKE,4.6,1869
38049,ND,McHenry,ARTHRITIS,30.8,5131
38049,ND,McHenry,BPHIGH,38.4,5131
38049,ND,McHenry,CANCER,10.1,5131
38049,ND,McHenry,CHD,7.8,5131
38049,ND,McHenry,COPD,7.6,5131
38049,ND,McHenry,DIABETES,11.9,5131
38049,ND,McHenry,OBESITY,42.1,5131
38049,ND,McHenry,STROKE,3.8,5131
38051,ND,McIntosh,ARTHRITIS,35.6,2488
38051,ND,McIntosh,BPHIGH,42.4,2488
38051,ND,McIntosh,CANCER,12.1,2488
38051,ND,McIntosh,CHD,10.1,2488
38051,ND,McIntosh,COPD,9.7,2488
38051,ND,McIntosh,DIABETES,14.4,2488
38051,ND,McIntosh,OBESITY,35.8,2488
38051,ND,McIntosh,STROKE,5.0,2488
38053,ND,McKenzie,ARTHRITIS,23.4,14252
38053,ND,McKenzie,BPHIGH,30.4,14252
38053,ND,McKenzie,CANCER,6.7,14252
38053,ND,McKenzie,CHD,5.4,14252
38053,ND,McKenzie,COPD,5.6,14252
38053,ND,McKenzie,DIABETES,9.6,14252
38053,ND,McKenzie,OBESITY,41.1,14252
38053,ND,McKenzie,STROKE,2.8,14252
38055,ND,McLean,ARTHRITIS,32.6,9832
38055,ND,McLean,BPHIGH,39.0,9832
38055,ND,McLean,CANCER,11.1,9832
38055,ND,McLean,CHD,8.1,9832
38055,ND,McLean,COPD,7.2,9832
38055,ND,McLean,DIABETES,12.1,9832
38055,ND,McLean,OBESITY,40.2,9832
38055,ND,McLean,STROKE,3.9,9832
38057,ND,Mercer,ARTHRITIS,31.0,8309
38057,ND,Mercer,BPHIGH,38.2,8309
38057,ND,Mercer,CANCER,10.2,8309
38057,ND,Mercer,CHD,8.2,8309
38057,ND,Mercer,COPD,7.9,8309
38057,ND,Mercer,DIABETES,12.2,8309
38057,ND,Mercer,OBESITY,39.8,8309
38057,ND,Mercer,STROKE,4.0,8309
38059,ND,Morton,ARTHRITIS,26.4,33895
38059,ND,Morton,BPHIGH,32.6,33895
38059,ND,Morton,CANCER,8.8,33895
38059,ND,Morton,CHD,6.2,33895
38059,ND,Morton,COPD,5.9,33895
38059,ND,Morton,DIABETES,9.6,33895
38059,ND,Morton,OBESITY,38.6,33895
38059,ND,Morton,STROKE,3.0,33895
38061,ND,Mountrail,ARTHRITIS,26.4,9383
38061,ND,Mountrail,BPHIGH,34.7,9383
38061,ND,Mountrail,CANCER,7.3,9383
38061,ND,Mountrail,CHD,6.9,9383
38061,ND,Mountrail,COPD,7.3,9383
38061,ND,Mountrail,DIABETES,12.8,9383
38061,ND,Mountrail,OBESITY,42.2,9383
38061,ND,Mountrail,STROKE,3.7,9383
38063,ND,Nelson,ARTHRITIS,32.9,2991
38063,ND,Nelson,BPHIGH,40.0,2991
38063,ND,Nelson,CANCER,11.4,2991
38063,ND,Nelson,CHD,8.5,2991
38063,ND,Nelson,COPD,7.5,2991
38063,ND,Nelson,DIABETES,12.4,2991
38063,ND,Nelson,OBESITY,39.6,2991
38063,ND,Nelson,STROKE,4.0,2991
38065,ND,Oliver,ARTHRITIS,30.7,1879
38065,ND,Oliver,BPHIGH,37.3,1879
38065,ND,Oliver,CANCER,11.0,1879
38065,ND,Oliver,CHD,7.9,1879
38065,ND,Oliver,COPD,7.0,1879
38065,ND,Oliver,DIABETES,11.7,1879
38065,ND,Oliver,OBESITY,34.6,1879
38065,ND,Oliver,STROKE,3.8,1879
38067,ND,Pembina,ARTHRITIS,32.1,6661
38067,ND,Pembina,BPHIGH,38.5,6661
38067,ND,Pembina,CANCER,10.6,6661
38067,ND,Pembina,CHD,8.6,6661
38067,ND,Pembina,COPD,7.8,6661
38067,ND,Pembina,DIABETES,12.8,6661
38067,ND,Pembina,OBESITY,41.9,6661
38067,ND,Pembina,STROKE,4.1,6661
38069,ND,Pierce,ARTHRITIS,31.3,3902
38069,ND,Pierce,BPHIGH,36.9,3902
38069,ND,Pierce,CANCER,10.6,3902
38069,ND,Pierce,CHD,8.0,3902
38069,ND,Pierce,COPD,7.5,3902
38069,ND,Pierce,DIABETES,12.1,3902
38069,ND,Pierce,OBESITY,40.7,3902
38069,ND,Pierce,STROKE,3.9,3902
38071,ND,Ramsey,ARTHRITIS,30.0,11463
38071,ND,Ramsey,BPHIGH,36.8,11463
38071,ND,Ramsey,CANCER,9.9,11463
38071,ND,Ramsey,CHD,8.1,11463
38071,ND,Ramsey,COPD,7.9,11463
38071,ND,Ramsey,DIABETES,12.3,11463
38071,ND,Ramsey,OBESITY,40.8,11463
38071,ND,Ramsey,STROKE,4.0,11463
38073,ND,Ransom,ARTHRITIS,29.3,5603
38073,ND,Ransom,BPHIGH,36.9,5603
38073,ND,Ransom,CANCER,10.0,5603
38073,ND,Ransom,CHD,7.8,5603
38073,ND,Ransom,COPD,7.4,5603
38073,ND,Ransom,DIABETES,12.1,5603
38073,ND,Ransom,OBESITY,37.9,5603
38073,ND,Ransom,STROKE,3.8,5603
38075,ND,Renville,ARTHRITIS,28.9,2279
38075,ND,Renville,BPHIGH,36.2,2279
38075,ND,Renville,CANCER,9.8,2279
38075,ND,Renville,CHD,7.2,2279
38075,ND,Renville,COPD,6.9,2279
38075,ND,Renville,DIABETES,11.1,2279
38075,ND,Renville,OBESITY,39.0,2279
38075,ND,Renville,STROKE,3.5,2279
38077,ND,Richland,ARTHRITIS,27.9,16558
38077,ND,Richland,BPHIGH,34.7,16558
38077,ND,Richland,CANCER,9.2,16558
38077,ND,Richland,CHD,7.0,16558
38077,ND,Richland,COPD,6.6,16558
38077,ND,Richland,DIABETES,10.5,16558
38077,ND,Richland,OBESITY,36.1,16558
38077,ND,Richland,STROKE,3.4,16558
38079,ND,Rolette,ARTHRITIS,30.1,11728
38079,ND,Rolette,BPHIGH,40.3,11728
38079,ND,Rolette,CANCER,6.9,11728
38079,ND,Rolette,CHD,8.5,11728
38079,ND,Rolette,COPD,9.7,11728
38079,ND,Rolette,DIABETES,17.9,11728
38079,ND,Rolette,OBESITY,50.2,11728
38079,ND,Rolette,STROKE,5.0,11728
38081,ND,Sargent,ARTHRITIS,29.5,3776
38081,ND,Sargent,BPHIGH,36.7,3776
38081,ND,Sargent,CANCER,10.2,3776
38081,ND,Sargent,CHD,7.7,3776
38081,ND,Sargent,COPD,7.0,3776
38081,ND,Sargent,DIABETES,11.8,3776
38081,ND,Sargent,OBESITY,41.2,3776
38081,ND,Sargent,STROKE,3.7,3776
38083,ND,Sheridan,ARTHRITIS,36.4,1266
38083,ND,Sheridan,BPHIGH,44.1,1266
38083,ND,Sheridan,CANCER,13.4,1266
38083,ND,Sheridan,CHD,10.5,1266
38083,ND,Sheridan,COPD,9.0,1266
38083,ND,Sheridan,DIABETES,13.9,1266
38083,ND,Sheridan,OBESITY,36.2,1266
38083,ND,Sheridan,STROKE,5.0,1266
38085,ND,Sioux,ARTHRITIS,29.9,3643
38085,ND,Sioux,BPHIGH,41.3,3643
38085,ND,Sioux,CANCER,5.9,3643
38085,ND,Sioux,CHD,9.9,3643
38085,ND,Sioux,COPD,12.2,3643
38085,ND,Sioux,DIABETES,20.2,3643
38085,ND,Sioux,OBESITY,49.1,3643
38085,ND,Sioux,STROKE,6.0,3643
38087,ND,Slope,ARTHRITIS,35.9,674
38087,ND,Slope,BPHIGH,44.4,674
38087,ND,Slope,CANCER,12.6,674
38087,ND,Slope,CHD,10.3,674
38087,ND,Slope,COPD,9.4,674
38087,ND,Slope,DIABETES,14.6,674
38087,ND,Slope,OBESITY,38.3,674
38087,ND,Slope,STROKE,4.9,674
38089,ND,Stark,ARTHRITIS,24.2,33001
38089,ND,Stark,BPHIGH,31.7,33001
38089,ND,Stark,CANCER,7.8,33001
38089,ND,Stark,CHD,6.0,33001
38089,ND,Stark,COPD,6.0,33001
38089,ND,Stark,DIABETES,9.5,33001
38089,ND,Stark,OBESITY,37.4,33001
38089,ND,Stark,STROKE,3.0,33001
38091,ND,Steele,ARTHRITIS,32.0,1782
38091,ND,Steele,BPHIGH,38.8,1782
38091,ND,Steele,CANCER,11.1,1782
38091,ND,Steele,CHD,8.7,1782
38091,ND,Steele,COPD,7.9,1782
38091,ND,Steele,DIABETES,12.7,1782
38091,ND,Steele,OBESITY,35.0,1782
38091,ND,Steele,STROKE,4.1,1782
38093,ND,Stutsman,ARTHRITIS,28.9,21392
38093,ND,Stutsman,BPHIGH,33.7,21392
38093,ND,Stutsman,CANCER,9.4,21392
38093,ND,Stutsman,CHD,7.3,21392
38093,ND,Stutsman,COPD,7.3,21392
38093,ND,Stutsman,DIABETES,10.9,21392
38093,ND,Stutsman,OBESITY,39.7,21392
38093,ND,Stutsman,STROKE,3.6,21392
38095,ND,Towner,ARTHRITIS,35.4,2030
38095,ND,Towner,BPHIGH,43.3,2030
38095,ND,Towner,CANCER,11.3,2030
38095,ND,Towner,CHD,10.1,2030
38095,ND,Towner,COPD,9.9,2030
38095,ND,Towner,DIABETES,15.0,2030
38095,ND,Towner,OBESITY,43.9,2030
38095,ND,Towner,STROKE,4.9,2030
38097,ND,Traill,ARTHRITIS,28.0,7908
38097,ND,Traill,BPHIGH,34.3,7908
38097,ND,Traill,CANCER,9.7,7908
38097,ND,Traill,CHD,6.8,7908
38097,ND,Traill,COPD,6.2,7908
38097,ND,Traill,DIABETES,10.5,7908
38097,ND,Traill,OBESITY,38.2,7908
38097,ND,Traill,STROKE,3.3,7908
38099,ND,Walsh,ARTHRITIS,31.4,10305
38099,ND,Walsh,BPHIGH,37.4,10305
38099,ND,Walsh,CANCER,10.1,10305
38099,ND,Walsh,CHD,8.2,10305
38099,ND,Walsh,COPD,7.8,10305
38099,ND,Walsh,DIABETES,12.4,10305
38099,ND,Walsh,OBESITY,35.8,10305
38099,ND,Walsh,STROKE,4.1,10305
38101,ND,Ward,ARTHRITIS,24.3,68332
38101,ND,Ward,BPHIGH,31.4,68332
38101,ND,Ward,CANCER,7.6,68332
38101,ND,Ward,CHD,5.3,68332
38101,ND,Ward,COPD,5.2,68332
38101,ND,Ward,DIABETES,8.8,68332
38101,ND,Ward,OBESITY,33.9,68332
38101,ND,Ward,STROKE,2.7,68332
38103,ND,Wells,ARTHRITIS,34.8,3876
38103,ND,Wells,BPHIGH,40.6,3876
38103,ND,Wells,CANCER,11.7,3876
38103,ND,Wells,CHD,9.5,3876
38103,ND,Wells,COPD,9.0,3876
38103,ND,Wells,DIABETES,13.8,3876
38103,ND,Wells,OBESITY,37.8,3876
38103,ND,Wells,STROKE,4.6,3876
38105,ND,Williams,ARTHRITIS,21.8,39113
38105,ND,Williams,BPHIGH,30.4,39113
38105,ND,Williams,CANCER,6.5,39113
38105,ND,Williams,CHD,5.1,39113
38105,ND,Williams,COPD,5.4,39113
38105,ND,Williams,DIABETES,8.9,39113
38105,ND,Williams,OBESITY,40.4,39113
38105,ND,Williams,STROKE,2.7,39113
39001,OH,Adams,ARTHRITIS,33.6,27521
39001,OH,Adams,BPHIGH,40.6,27521
39001,OH,Adams,CANCER,9.5,27521
39001,OH,Adams,CHD,9.2,27521
39001,OH,Adams,COPD,11.8,27521
39001,OH,Adams,DIABETES,15.7,27521
39001,OH,Adams,OBESITY,40.3,27521
39001,OH,Adams,STROKE,4.6,27521
39003,OH,Allen,ARTHRITIS,31.9,100838
39003,OH,Allen,BPHIGH,38.7,100838
39003,OH,Allen,CANCER,9.0,100838
39003,OH,Allen,CHD,7.9,100838
39003,OH,Allen,COPD,9.1,100838
39003,OH,Allen,DIABETES,14.5,100838
39003,OH,Allen,OBESITY,39.7,100838
39003,OH,Allen,STROKE,3.9,100838
39005,OH,Ashland,ARTHRITIS,32.8,52190
39005,OH,Ashland,BPHIGH,40.4,52190
39005,OH,Ashland,CANCER,9.8,52190
39005,OH,Ashland,CHD,8.2,52190
39005,OH,Ashland,COPD,9.6,52190
39005,OH,Ashland,DIABETES,13.9,52190
39005,OH,Ashland,OBESITY,38.3,52190
39005,OH,Ashland,STROKE,4.0,52190
39007,OH,Ashtabula,ARTHRITIS,33.9,96845
39007,OH,Ashtabula,BPHIGH,41.7,96845
39007,OH,Ashtabula,CANCER,9.6,96845
39007,OH,Ashtabula,CHD,9.2,96845
39007,OH,Ashtabula,COPD,11.0,96845
39007,OH,Ashtabula,DIABETES,16.2,96845
39007,OH,Ashtabula,OBESITY,45.8,96845
39007,OH,Ashtabula,STROKE,4.5,96845
39009,OH,Athens,ARTHRITIS,24.9,62706
39009,OH,Athens,BPHIGH,33.4,62706
39009,OH,Athens,CANCER,7.3,62706
39009,OH,Athens,CHD,6.2,62706
39009,OH,Athens,COPD,7.7,62706
39009,OH,Athens,DIABETES,11.5,62706
39009,OH,Athens,OBESITY,34.5,62706
39009,OH,Athens,STROKE,3.1,62706
39011,OH,Auglaize,ARTHRITIS,30.8,46050
39011,OH,Auglaize,BPHIGH,37.6,46050
39011,OH,Auglaize,CANCER,9.8,46050
39011,OH,Auglaize,CHD,7.5,46050
39011,OH,Auglaize,COPD,8.1,46050
39011,OH,Auglaize,DIABETES,12.2,46050
39011,OH,Auglaize,OBESITY,39.5,46050
39011,OH,Auglaize,STROKE,3.5,46050
39013,OH,Belmont,ARTHRITIS,33.8,64918
39013,OH,Belmont,BPHIGH,41.4,64918
39013,OH,Belmont,CANCER,10.0,64918
39013,OH,Belmont,CHD,8.6,64918
39013,OH,Belmont,COPD,9.8,64918
39013,OH,Belmont,DIABETES,14.5,64918
39013,OH,Belmont,OBESITY,40.9,64918
39013,OH,Belmont,STROKE,4.1,64918
39015,OH,Brown,ARTHRITIS,34.2,43777
39015,OH,Brown,BPHIGH,42.2,43777
39015,OH,Brown,CANCER,9.7,43777
39015,OH,Brown,CHD,8.7,43777
39015,OH,Brown,COPD,10.4,43777
39015,OH,Brown,DIABETES,14.5,43777
39015,OH,Brown,OBESITY,41.6,43777
39015,OH,Brown,STROKE,4.2,43777
39017,OH,Butler,ARTHRITIS,27.4,393043
39017,OH,Butler,BPHIGH,35.3,393043
39017,OH,Butler,CANCER,8.2,393043
39017,OH,Butler,CHD,6.6,393043
39017,OH,Butler,COPD,7.2,393043
39017,OH,Butler,DIABETES,12.5,393043
39017,OH,Butler,OBESITY,39.0,393043
39017,OH,Butler,STROKE,3.3,393043
39019,OH,Carroll,ARTHRITIS,35.5,26758
39019,OH,Carroll,BPHIGH,41.1,26758
39019,OH,Carroll,CANCER,10.4,26758
39019,OH,Carroll,CHD,9.1,26758
39019,OH,Carroll,COPD,10.5,26758
39019,OH,Carroll,DIABETES,14.9,26758
39019,OH,Carroll,OBESITY,38.9,26758
39019,OH,Carroll,STROKE,4.4,26758
39021,OH,Champaign,ARTHRITIS,31.7,38845
39021,OH,Champaign,BPHIGH,38.0,38845
39021,OH,Champaign,CANCER,9.7,38845
39021,OH,Champaign,CHD,7.5,38845
39021,OH,Champaign,COPD,8.5,38845
39021,OH,Champaign,DIABETES,12.7,38845
39021,OH,Champaign,OBESITY,43.2,38845
39021,OH,Champaign,STROKE,3.6,38845
39023,OH,Clark,ARTHRITIS,32.9,134610
39023,OH,Clark,BPHIGH,41.6,134610
39023,OH,Clark,CANCER,9.6,134610
39023,OH,Clark,CHD,8.4,134610
39023,OH,Clark,COPD,9.9,134610
39023,OH,Clark,DIABETES,15.0,134610
39023,OH,Clark,OBESITY,42.2,134610
39023,OH,Clark,STROKE,4.2,134610
39025,OH,Clermont,ARTHRITIS,30.1,211972
39025,OH,Clermont,BPHIGH,36.2,211972
39025,OH,Clermont,CANCER,9.5,211972
39025,OH,Clermont,CHD,7.0,211972
39025,OH,Clermont,COPD,7.6,211972
39025,OH,Clermont,DIABETES,12.6,211972
39025,OH,Clermont,OBESITY,34.7,211972
39025,OH,Clermont,STROKE,3.3,211972
39027,OH,Clinton,ARTHRITIS,32.2,41938
39027,OH,Clinton,BPHIGH,38.1,41938
39027,OH,Clinton,CANCER,9.5,41938
39027,OH,Clinton,CHD,8.0,41938
39027,OH,Clinton,COPD,9.3,41938
39027,OH,Clinton,DIABETES,13.5,41938
39027,OH,Clinton,OBESITY,39.7,41938
39027,OH,Clinton,STROKE,3.9,41938
39029,OH,Columbiana,ARTHRITIS,34.1,100182
39029,OH,Columbiana,BPHIGH,42.1,100182
39029,OH,Columbiana,CANCER,10.1,100182
39029,OH,Columbiana,CHD,8.8,100182
39029,OH,Columbiana,COPD,10.3,100182
39029,OH,Columbiana,DIABETES,15.2,100182
39029,OH,Columbiana,OBESITY,41.1,100182
39029,OH,Columbiana,STROKE,4.3,100182
39031,OH,Coshocton,ARTHRITIS,35.4,36869
39031,OH,Coshocton,BPHIGH,41.3,36869
39031,OH,Coshocton,CANCER,9.8,36869
39031,OH,Coshocton,CHD,9.1,36869
39031,OH,Coshocton,COPD,11.1,36869
39031,OH,Coshocton,DIABETES,15.3,36869
39031,OH,Coshocton,OBESITY,41.5,36869
39031,OH,Coshocton,STROKE,4.5,36869
39033,OH,Crawford,ARTHRITIS,33.7,41529
39033,OH,Crawford,BPHIGH,40.0,41529
39033,OH,Crawford,CANCER,10.0,41529
39033,OH,Crawford,CHD,8.8,41529
39033,OH,Crawford,COPD,10.3,41529
39033,OH,Crawford,DIABETES,14.6,41529
39033,OH,Crawford,OBESITY,39.5,41529
39033,OH,Crawford,STROKE,4.2,41529
39035,OH,Cuyahoga,ARTHRITIS,28.7,1233088
39035,OH,Cuyahoga,BPHIGH,38.5,1233088
39035,OH,Cuyahoga,CANCER,8.1,1233088
39035,OH,Cuyahoga,CHD,6.9,1233088
39035,OH,Cuyahoga,COPD,7.7,1233088
39035,OH,Cuyahoga,DIABETES,13.4,1233088
39035,OH,Cuyahoga,OBESITY,35.3,1233088
39035,OH,Cuyahoga,STROKE,4.0,1233088
39037,OH,Darke,ARTHRITIS,32.9,51415
39037,OH,Darke,BPHIGH,39.7,51415
39037,OH,Darke,CANCER,10.0,51415
39037,OH,Darke,CHD,8.5,51415
39037,OH,Darke,COPD,9.7,51415
39037,OH,Darke,DIABETES,14.3,51415
39037,OH,Darke,OBESITY,36.4,51415
39037,OH,Darke,STROKE,4.1,51415
39039,OH,Defiance,ARTHRITIS,30.8,38315
39039,OH,Defiance,BPHIGH,37.2,38315
39039,OH,Defiance,CANCER,9.4,38315
39039,OH,Defiance,CHD,7.6,38315
39039,OH,Defiance,COPD,8.2,38315
39039,OH,Defiance,DIABETES,13.3,38315
39039,OH,Defiance,OBESITY,35.3,38315
39039,OH,Defiance,STROKE,3.6,38315
39041,OH,Delaware,ARTHRITIS,26.2,231636
39041,OH,Delaware,BPHIGH,31.3,231636
39041,OH,Delaware,CANCER,8.8,231636
39041,OH,Delaware,CHD,5.0,231636
39041,OH,Delaware,COPD,4.9,231636
39041,OH,Delaware,DIABETES,10.1,231636
39041,OH,Delaware,OBESITY,31.5,231636
39041,OH,Delaware,STROKE,2.5,231636
39043,OH,Erie,ARTHRITIS,33.3,74035
39043,OH,Erie,BPHIGH,41.6,74035
39043,OH,Erie,CANCER,10.4,74035
39043,OH,Erie,CHD,8.3,74035
39043,OH,Erie,COPD,8.9,74035
39043,OH,Erie,DIABETES,14.4,74035
39043,OH,Erie,OBESITY,40.1,74035
39043,OH,Erie,STROKE,4.0,74035
39045,OH,Fairfield,ARTHRITIS,30.0,165360
39045,OH,Fairfield,BPHIGH,36.3,165360
39045,OH,Fairfield,CANCER,8.8,165360
39045,OH,Fairfield,CHD,6.6,165360
39045,OH,Fairfield,COPD,7.2,165360
39045,OH,Fairfield,DIABETES,12.2,165360
39045,OH,Fairfield,OBESITY,35.6,165360
39045,OH,Fairfield,STROKE,3.3,165360
39047,OH,Fayette,ARTHRITIS,31.5,28817
39047,OH,Fayette,BPHIGH,41.6,28817
39047,OH,Fayette,CANCER,9.1,28817
39047,OH,Fayette,CHD,8.2,28817
39047,OH,Fayette,COPD,10.2,28817
39047,OH,Fayette,DIABETES,14.3,28817
39047,OH,Fayette,OBESITY,41.3,28817
39047,OH,Fayette,STROKE,4.1,28817
39049,OH,Franklin,ARTHRITIS,24.5,1326063
39049,OH,Franklin,BPHIGH,32.9,1326063
39049,OH,Franklin,CANCER,6.8,1326063
39049,OH,Franklin,CHD,5.6,1326063
39049,OH,Franklin,COPD,6.3,1326063
39049,OH,Franklin,DIABETES,11.8,1326063
39049,OH,Franklin,OBESITY,33.7,1326063
39049,OH,Franklin,STROKE,3.1,1326063
39051,OH,Fulton,ARTHRITIS,32.2,42007
39051,OH,Fulton,BPHIGH,37.8,42007
39051,OH,Fulton,CANCER,9.6,42007
39051,OH,Fulton,CHD,7.4,42007
39051,OH,Fulton,COPD,8.1,42007
39051,OH,Fulton,DIABETES,13.3,42007
39051,OH,Fulton,OBESITY,37.0,42007
39051,OH,Fulton,STROKE,3.6,42007
39053,OH,Gallia,ARTHRITIS,35.1,28986
39053,OH,Gallia,BPHIGH,41.5,28986
39053,OH,Gallia,CANCER,9.8,28986
39053,OH,Gallia,CHD,9.2,28986
39053,OH,Gallia,COPD,11.0,28986
39053,OH,Gallia,DIABETES,15.3,28986
39053,OH,Gallia,OBESITY,36.6,28986
39053,OH,Gallia,STROKE,4.4,28986
39055,OH,Geauga,ARTHRITIS,30.9,95407
39055,OH,Geauga,BPHIGH,37.5,95407
39055,OH,Geauga,CANCER,10.8,95407
39055,OH,Geauga,CHD,7.4,95407
39055,OH,Geauga,COPD,7.6,95407
39055,OH,Geauga,DIABETES,12.4,95407
39055,OH,Geauga,OBESITY,32.6,95407
39055,OH,Geauga,STROKE,3.5,95407
39057,OH,Greene,ARTHRITIS,28.9,169691
39057,OH,Greene,BPHIGH,35.4,169691
39057,OH,Greene,CANCER,9.0,169691
39057,OH,Greene,CHD,6.4,169691
39057,OH,Greene,COPD,6.6,169691
39057,OH,Greene,DIABETES,11.2,169691
39057,OH,Greene,OBESITY,37.8,169691
39057,OH,Greene,STROKE,3.1,169691
39059,OH,Guernsey,ARTHRITIS,34.0,38089
39059,OH,Guernsey,BPHIGH,40.2,38089
39059,OH,Guernsey,CANCER,9.9,38089
39059,OH,Guernsey,CHD,8.9,38089
39059,OH,Guernsey,COPD,10.6,38089
39059,OH,Guernsey,DIABETES,14.8,38089
39059,OH,Guernsey,OBESITY,38.3,38089
39059,OH,Guernsey,STROKE,4.3,38089
39061,OH,Hamilton,ARTHRITIS,27.7,827058
39061,OH,Hamilton,BPHIGH,36.3,827058
39061,OH,Hamilton,CANCER,7.8,827058
39061,OH,Hamilton,CHD,6.5,827058
39061,OH,Hamilton,COPD,7.1,827058
39061,OH,Hamilton,DIABETES,13.2,827058
39061,OH,Hamilton,OBESITY,35.6,827058
39061,OH,Hamilton,STROKE,3.5,827058
39063,OH,Hancock,ARTHRITIS,28.7,74704
39063,OH,Hancock,BPHIGH,36.2,74704
39063,OH,Hancock,CANCER,9.1,74704
39063,OH,Hancock,CHD,6.9,74704
39063,OH,Hancock,COPD,7.5,74704
39063,OH,Hancock,DIABETES,12.5,74704
39063,OH,Hancock,OBESITY,39.3,74704
39063,OH,Hancock,STROKE,3.3,74704
39065,OH,Hardin,ARTHRITIS,29.8,30368
39065,OH,Hardin,BPHIGH,38.1,30368
39065,OH,Hardin,CANCER,8.4,30368
39065,OH,Hardin,CHD,7.5,30368
39065,OH,Hardin,COPD,9.1,30368
39065,OH,Hardin,DIABETES,12.9,30368
39065,OH,Hardin,OBESITY,40.3,30368
39065,OH,Hardin,STROKE,3.6,30368
39067,OH,Harrison,ARTHRITIS,35.1,14159
39067,OH,Harrison,BPHIGH,43.0,14159
39067,OH,Harrison,CANCER,10.2,14159
39067,OH,Harrison,CHD,9.1,14159
39067,OH,Harrison,COPD,10.6,14159
39067,OH,Harrison,DIABETES,15.6,14159
39067,OH,Harrison,OBESITY,41.4,14159
39067,OH,Harrison,STROKE,4.4,14159
39069,OH,Henry,ARTHRITIS,30.3,27520
39069,OH,Henry,BPHIGH,38.1,27520
39069,OH,Henry,CANCER,9.7,27520
39069,OH,Henry,CHD,7.6,27520
39069,OH,Henry,COPD,8.3,27520
39069,OH,Henry,DIABETES,13.1,27520
39069,OH,Henry,OBESITY,38.6,27520
39069,OH,Henry,STROKE,3.7,27520
39071,OH,Highland,ARTHRITIS,33.8,43614
39071,OH,Highland,BPHIGH,40.1,43614
39071,OH,Highland,CANCER,9.7,43614
39071,OH,Highland,CHD,8.5,43614
39071,OH,Highland,COPD,10.4,43614
39071,OH,Highland,DIABETES,14.7,43614
39071,OH,Highland,OBESITY,41.3,43614
39071,OH,Highland,STROKE,4.2,43614
39073,OH,Hocking,ARTHRITIS,35.8,27540
39073,OH,Hocking,BPHIGH,42.5,27540
39073,OH,Hocking,CANCER,10.2,27540
39073,OH,Hocking,CHD,9.2,27540
39073,OH,Hocking,COPD,10.9,27540
39073,OH,Hocking,DIABETES,15.7,27540
39073,OH,Hocking,OBESITY,36.1,27540
39073,OH,Hocking,STROKE,4.4,27540
39075,OH,Holmes,ARTHRITIS,29.6,44386
39075,OH,Holmes,BPHIGH,35.3,44386
39075,OH,Holmes,CANCER,8.1,44386
39075,OH,Holmes,CHD,7.8,44386
39075,OH,Holmes,COPD,10.7,44386
39075,OH,Holmes,DIABETES,12.7,44386
39075,OH,Holmes,OBESITY,38.2,44386
39075,OH,Holmes,STROKE,3.9,44386
39077,OH,Huron,ARTHRITIS,32.3,58199
39077,OH,Huron,BPHIGH,37.7,58199
39077,OH,Huron,CANCER,9.3,58199
39077,OH,Huron,CHD,7.7,58199
39077,OH,Huron,COPD,9.0,58199
39077,OH,Huron,DIABETES,13.5,58199
39077,OH,Huron,OBESITY,35.0,58199
39077,OH,Huron,STROKE,3.8,58199
39079,OH,Jackson,ARTHRITIS,33.5,32606
39079,OH,Jackson,BPHIGH,42.7,32606
39079,OH,Jackson,CANCER,9.3,32606
39079,OH,Jackson,CHD,8.4,32606
39079,OH,Jackson,COPD,10.5,32606
39079,OH,Jackson,DIABETES,14.9,32606
39079,OH,Jackson,OBESITY,44.9,32606
39079,OH,Jackson,STROKE,4.1,32606
39081,OH,Jefferson,ARTHRITIS,34.7,64026
39081,OH,Jefferson,BPHIGH,41.9,64026
39081,OH,Jefferson,CANCER,10.1,64026
39081,OH,Jefferson,CHD,8.7,64026
39081,OH,Jefferson,COPD,10.1,64026
39081,OH,Jefferson,DIABETES,15.1,64026
39081,OH,Jefferson,OBESITY,42.5,64026
39081,OH,Jefferson,STROKE,4.2,64026
39083,OH,Knox,ARTHRITIS,30.9,63320
39083,OH,Knox,BPHIGH,37.5,63320
39083,OH,Knox,CANCER,9.6,63320
39083,OH,Knox,CHD,7.5,63320
39083,OH,Knox,COPD,8.5,63320
39083,OH,Knox,DIABETES,12.6,63320
39083,OH,Knox,OBESITY,37.1,63320
39083,OH,Knox,STROKE,3.6,63320
39085,OH,Lake,ARTHRITIS,32.0,231640
39085,OH,Lake,BPHIGH,37.9,231640
39085,OH,Lake,CANCER,10.2,231640
39085,OH,Lake,CHD,7.3,231640
39085,OH,Lake,COPD,7.7,231640
39085,OH,Lake,DIABETES,12.9,231640
39085,OH,Lake,OBESITY,36.9,231640
39085,OH,Lake,STROKE,3.5,231640
39087,OH,Lawrence,ARTHRITIS,34.4,56118
39087,OH,Lawrence,BPHIGH,42.9,56118
39087,OH,Lawrence,CANCER,9.5,56118
39087,OH,Lawrence,CHD,8.6,56118
39087,OH,Lawrence,COPD,10.6,56118
39087,OH,Lawrence,DIABETES,15.1,56118
39087,OH,Lawrence,OBESITY,41.6,56118
39087,OH,Lawrence,STROKE,4.3,56118
39089,OH,Licking,ARTHRITIS,30.1,183201
39089,OH,Licking,BPHIGH,35.5,183201
39089,OH,Licking,CANCER,9.1,183201
39089,OH,Licking,CHD,6.8,183201
39089,OH,Licking,COPD,7.6,183201
39089,OH,Licking,DIABETES,12.9,183201
39089,OH,Licking,OBESITY,37.5,183201
39089,OH,Licking,STROKE,3.4,183201
39091,OH,Logan,ARTHRITIS,32.6,46057
39091,OH,Logan,BPHIGH,39.0,46057
39091,OH,Logan,CANCER,9.6,46057
39091,OH,Logan,CHD,8.0,46057
39091,OH,Logan,COPD,9.2,46057
39091,OH,Logan,DIABETES,14.0,46057
39091,OH,Logan,OBESITY,39.3,46057
39091,OH,Logan,STROKE,3.9,46057
39093,OH,Lorain,ARTHRITIS,32.0,317910
39093,OH,Lorain,BPHIGH,38.8,317910
39093,OH,Lorain,CANCER,9.3,317910
39093,OH,Lorain,CHD,7.6,317910
39093,OH,Lorain,COPD,8.2,317910
39093,OH,Lorain,DIABETES,14.2,317910
39093,OH,Lorain,OBESITY,36.8,317910
39093,OH,Lorain,STROKE,3.7,317910
39095,OH,Lucas,ARTHRITIS,30.6,425484
39095,OH,Lucas,BPHIGH,37.2,425484
39095,OH,Lucas,CANCER,8.2,425484
39095,OH,Lucas,CHD,7.5,425484
39095,OH,Lucas,COPD,8.6,425484
39095,OH,Lucas,DIABETES,14.0,425484
39095,OH,Lucas,OBESITY,36.1,425484
39095,OH,Lucas,STROKE,3.9,425484
39097,OH,Madison,ARTHRITIS,28.7,44602
39097,OH,Madison,BPHIGH,37.5,44602
39097,OH,Madison,CANCER,8.6,44602
39097,OH,Madison,CHD,6.8,44602
39097,OH,Madison,COPD,7.8,44602
39097,OH,Madison,DIABETES,12.4,44602
39097,OH,Madison,OBESITY,37.3,44602
39097,OH,Madison,STROKE,3.4,44602
39099,OH,Mahoning,ARTHRITIS,34.2,225596
39099,OH,Mahoning,BPHIGH,40.2,225596
39099,OH,Mahoning,CANCER,9.7,225596
39099,OH,Mahoning,CHD,8.4,225596
39099,OH,Mahoning,COPD,9.5,225596
39099,OH,Mahoning,DIABETES,14.8,225596
39099,OH,Mahoning,OBESITY,38.6,225596
39099,OH,Mahoning,STROKE,4.3,225596
39101,OH,Marion,ARTHRITIS,32.8,64851
39101,OH,Marion,BPHIGH,41.3,64851
39101,OH,Marion,CANCER,9.1,64851
39101,OH,Marion,CHD,8.3,64851
39101,OH,Marion,COPD,10.0,64851
39101,OH,Marion,DIABETES,14.8,64851
39101,OH,Marion,OBESITY,44.2,64851
39101,OH,Marion,STROKE,4.1,64851
39103,OH,Medina,ARTHRITIS,30.5,184042
39103,OH,Medina,BPHIGH,37.1,184042
39103,OH,Medina,CANCER,10.2,184042
39103,OH,Medina,CHD,6.8,184042
39103,OH,Medina,COPD,7.0,184042
39103,OH,Medina,DIABETES,11.9,184042
39103,OH,Medina,OBESITY,36.3,184042
39103,OH,Medina,STROKE,3.2,184042
39105,OH,Meigs,ARTHRITIS,36.5,21767
39105,OH,Meigs,BPHIGH,45.1,21767
39105,OH,Meigs,CANCER,10.0,21767
39105,OH,Meigs,CHD,10.3,21767
39105,OH,Meigs,COPD,12.9,21767
39105,OH,Meigs,DIABETES,17.3,21767
39105,OH,Meigs,OBESITY,44.5,21767
39105,OH,Meigs,STROKE,5.0,21767
39107,OH,Mercer,ARTHRITIS,29.7,42439
39107,OH,Mercer,BPHIGH,37.8,42439
39107,OH,Mercer,CANCER,9.7,42439
39107,OH,Mercer,CHD,7.3,42439
39107,OH,Mercer,COPD,7.9,42439
39107,OH,Mercer,DIABETES,12.1,42439
39107,OH,Mercer,OBESITY,36.3,42439
39107,OH,Mercer,STROKE,3.5,42439
39109,OH,Miami,ARTHRITIS,30.9,110876
39109,OH,Miami,BPHIGH,37.2,110876
39109,OH,Miami,CANCER,9.7,110876
39109,OH,Miami,CHD,7.3,110876
39109,OH,Miami,COPD,8.0,110876
39109,OH,Miami,DIABETES,12.7,110876
39109,OH,Miami,OBESITY,33.6,110876
39109,OH,Miami,STROKE,3.5,110876
39111,OH,Monroe,ARTHRITIS,36.7,13153
39111,OH,Monroe,BPHIGH,43.3,13153
39111,OH,Monroe,CANCER,10.5,13153
39111,OH,Monroe,CHD,9.9,13153
39111,OH,Monroe,COPD,11.6,13153
39111,OH,Monroe,DIABETES,16.1,13153
39111,OH,Monroe,OBESITY,40.4,13153
39111,OH,Monroe,STROKE,4.8,13153
39113,OH,Montgomery,ARTHRITIS,29.1,533796
39113,OH,Montgomery,BPHIGH,37.0,533796
39113,OH,Montgomery,CANCER,8.5,533796
39113,OH,Montgomery,CHD,7.2,533796
39113,OH,Montgomery,COPD,8.1,533796
39113,OH,Montgomery,DIABETES,14.5,533796
39113,OH,Montgomery,OBESITY,37.0,533796
39113,OH,Montgomery,STROKE,3.9,533796
39115,OH,Morgan,ARTHRITIS,34.9,13646
39115,OH,Morgan,BPHIGH,43.1,13646
39115,OH,Morgan,CANCER,10.2,13646
39115,OH,Morgan,CHD,9.4,13646
39115,OH,Morgan,COPD,11.1,13646
39115,OH,Morgan,DIABETES,16.0,13646
39115,OH,Morgan,OBESITY,41.1,13646
39115,OH,Morgan,STROKE,4.6,13646
39117,OH,Morrow,ARTHRITIS,31.9,35595
39117,OH,Morrow,BPHIGH,38.2,35595
39117,OH,Morrow,CANCER,9.7,35595
39117,OH,Morrow,CHD,7.8,35595
39117,OH,Morrow,COPD,9.2,35595
39117,OH,Morrow,DIABETES,13.8,35595
39117,OH,Morrow,OBESITY,40.0,35595
39117,OH,Morrow,STROKE,3.8,35595
39119,OH,Muskingum,ARTHRITIS,31.9,86305
39119,OH,Muskingum,BPHIGH,39.9,86305
39119,OH,Muskingum,CANCER,9.4,86305
39119,OH,Muskingum,CHD,8.0,86305
39119,OH,Muskingum,COPD,9.6,86305
39119,OH,Muskingum,DIABETES,14.4,86305
39119,OH,Muskingum,OBESITY,43.9,86305
39119,OH,Muskingum,STROKE,3.9,86305
39121,OH,Noble,ARTHRITIS,37.8,14311
39121,OH,Noble,BPHIGH,47.9,14311
39121,OH,Noble,CANCER,12.2,14311
39121,OH,Noble,CHD,11.9,14311
39121,OH,Noble,COPD,11.8,14311
39121,OH,Noble,DIABETES,18.0,14311
39121,OH,Noble,OBESITY,41.6,14311
39121,OH,Noble,STROKE,5.4,14311
39123,OH,Ottawa,ARTHRITIS,34.8,39803
39123,OH,Ottawa,BPHIGH,41.9,39803
39123,OH,Ottawa,CANCER,11.6,39803
39123,OH,Ottawa,CHD,8.5,39803
39123,OH,Ottawa,COPD,8.5,39803
39123,OH,Ottawa,DIABETES,13.8,39803
39123,OH,Ottawa,OBESITY,38.0,39803
39123,OH,Ottawa,STROKE,3.9,39803
39125,OH,Paulding,ARTHRITIS,32.9,18706
39125,OH,Paulding,BPHIGH,40.0,18706
39125,OH,Paulding,CANCER,9.8,18706
39125,OH,Paulding,CHD,8.1,18706
39125,OH,Paulding,COPD,9.2,18706
39125,OH,Paulding,DIABETES,14.1,18706
39125,OH,Paulding,OBESITY,41.3,18706
39125,OH,Paulding,STROKE,3.9,18706
39127,OH,Perry,ARTHRITIS,31.8,35551
39127,OH,Perry,BPHIGH,40.5,35551
39127,OH,Perry,CANCER,9.4,35551
39127,OH,Perry,CHD,8.3,35551
39127,OH,Perry,COPD,10.1,35551
39127,OH,Perry,DIABETES,14.3,35551
39127,OH,Perry,OBESITY,38.6,35551
39127,OH,Perry,STROKE,4.0,35551
39129,OH,Pickaway,ARTHRITIS,28.9,61086
39129,OH,Pickaway,BPHIGH,38.7,61086
39129,OH,Pickaway,CANCER,8.5,61086
39129,OH,Pickaway,CHD,7.1,61086
39129,OH,Pickaway,COPD,8.5,61086
39129,OH,Pickaway,DIABETES,12.6,61086
39129,OH,Pickaway,OBESITY,39.8,61086
39129,OH,Pickaway,STROKE,3.5,61086
39131,OH,Pike,ARTHRITIS,34.5,27001
39131,OH,Pike,BPHIGH,43.7,27001
39131,OH,Pike,CANCER,9.5,27001
39131,OH,Pike,CHD,9.6,27001
39131,OH,Pike,COPD,12.5,27001
39131,OH,Pike,DIABETES,16.2,27001
39131,OH,Pike,OBESITY,43.2,27001
39131,OH,Pike,STROKE,4.8,27001
39133,OH,Portage,ARTHRITIS,28.6,162665
39133,OH,Portage,BPHIGH,34.7,162665
39133,OH,Portage,CANCER,8.7,162665
39133,OH,Portage,CHD,6.8,162665
39133,OH,Portage,COPD,7.6,162665
39133,OH,Portage,DIABETES,11.8,162665
39133,OH,Portage,OBESITY,32.9,162665
39133,OH,Portage,STROKE,3.3,162665
39135,OH,Preble,ARTHRITIS,32.8,40556
39135,OH,Preble,BPHIGH,39.0,40556
39135,OH,Preble,CANCER,9.9,40556
39135,OH,Preble,CHD,7.9,40556
39135,OH,Preble,COPD,9.1,40556
39135,OH,Preble,DIABETES,13.4,40556
39135,OH,Preble,OBESITY,39.7,40556
39135,OH,Preble,STROKE,3.8,40556
39137,OH,Putnam,ARTHRITIS,30.5,34199
39137,OH,Putnam,BPHIGH,36.6,34199
39137,OH,Putnam,CANCER,9.8,34199
39137,OH,Putnam,CHD,7.0,34199
39137,OH,Putnam,COPD,7.4,34199
39137,OH,Putnam,DIABETES,12.3,34199
39137,OH,Putnam,OBESITY,43.7,34199
39137,OH,Putnam,STROKE,3.3,34199
39139,OH,Richland,ARTHRITIS,31.0,125064
39139,OH,Richland,BPHIGH,38.9,125064
39139,OH,Richland,CANCER,9.2,125064
39139,OH,Richland,CHD,8.3,125064
39139,OH,Richland,COPD,9.7,125064
39139,OH,Richland,DIABETES,14.5,125064
39139,OH,Richland,OBESITY,39.0,125064
39139,OH,Richland,STROKE,4.1,125064
39141,OH,Ross,ARTHRITIS,32.2,76501
39141,OH,Ross,BPHIGH,40.7,76501
39141,OH,Ross,CANCER,9.0,76501
39141,OH,Ross,CHD,8.1,76501
39141,OH,Ross,COPD,10.0,76501
39141,OH,Ross,DIABETES,15.0,76501
39141,OH,Ross,OBESITY,44.3,76501
39141,OH,Ross,STROKE,4.1,76501
39143,OH,Sandusky,ARTHRITIS,33.5,58709
39143,OH,Sandusky,BPHIGH,39.7,58709
39143,OH,Sandusky,CANCER,9.4,58709
39143,OH,Sandusky,CHD,8.0,58709
39143,OH,Sandusky,COPD,8.8,58709
39143,OH,Sandusky,DIABETES,14.4,58709
39143,OH,Sandusky,OBESITY,40.7,58709
39143,OH,Sandusky,STROKE,3.9,58709
39145,OH,Scioto,ARTHRITIS,33.5,71969
39145,OH,Scioto,BPHIGH,43.6,71969
39145,OH,Scioto,CANCER,9.3,71969
39145,OH,Scioto,CHD,9.0,71969
39145,OH,Scioto,COPD,11.4,71969
39145,OH,Scioto,DIABETES,15.3,71969
39145,OH,Scioto,OBESITY,44.7,71969
39145,OH,Scioto,STROKE,4.4,71969
39147,OH,Seneca,ARTHRITIS,31.4,54527
39147,OH,Seneca,BPHIGH,36.0,54527
39147,OH,Seneca,CANCER,9.2,54527
39147,OH,Seneca,CHD,7.4,54527
39147,OH,Seneca,COPD,8.5,54527
39147,OH,Seneca,DIABETES,13.2,54527
39147,OH,Seneca,OBESITY,35.8,54527
39147,OH,Seneca,STROKE,3.6,54527
39149,OH,Shelby,ARTHRITIS,31.4,47765
39149,OH,Shelby,BPHIGH,38.2,47765
39149,OH,Shelby,CANCER,9.3,47765
39149,OH,Shelby,CHD,7.7,47765
39149,OH,Shelby,COPD,8.8,47765
39149,OH,Shelby,DIABETES,13.3,47765
39149,OH,Shelby,OBESITY,39.6,47765
39149,OH,Shelby,STROKE,3.7,47765
39151,OH,Stark,ARTHRITIS,32.1,372716
39151,OH,Stark,BPHIGH,38.5,372716
39151,OH,Stark,CANCER,9.4,372716
39151,OH,Stark,CHD,7.9,372716
39151,OH,Stark,COPD,8.8,372716
39151,OH,Stark,DIABETES,13.7,372716
39151,OH,Stark,OBESITY,40.4,372716
39151,OH,Stark,STROKE,3.9,372716
39153,OH,Summit,ARTHRITIS,31.2,535733
39153,OH,Summit,BPHIGH,37.5,535733
39153,OH,Summit,CANCER,9.2,535733
39153,OH,Summit,CHD,7.0,535733
39153,OH,Summit,COPD,7.9,535733
39153,OH,Summit,DIABETES,13.7,535733
39153,OH,Summit,OBESITY,37.6,535733
39153,OH,Summit,STROKE,3.6,535733
39155,OH,Trumbull,ARTHRITIS,35.1,200373
39155,OH,Trumbull,BPHIGH,40.2,200373
39155,OH,Trumbull,CANCER,9.8,200373
39155,OH,Trumbull,CHD,8.9,200373
39155,OH,Trumbull,COPD,10.2,200373
39155,OH,Trumbull,DIABETES,15.5,200373
39155,OH,Trumbull,OBESITY,39.7,200373
39155,OH,Trumbull,STROKE,4.4,200373
39157,OH,Tuscarawas,ARTHRITIS,30.7,91874
39157,OH,Tuscarawas,BPHIGH,39.9,91874
39157,OH,Tuscarawas,CANCER,9.7,91874
39157,OH,Tuscarawas,CHD,8.2,91874
39157,OH,Tuscarawas,COPD,9.7,91874
39157,OH,Tuscarawas,DIABETES,13.6,91874
39157,OH,Tuscarawas,OBESITY,43.4,91874
39157,OH,Tuscarawas,STROKE,4.0,91874
39159,OH,Union,ARTHRITIS,26.0,69637
39159,OH,Union,BPHIGH,32.0,69637
39159,OH,Union,CANCER,8.0,69637
39159,OH,Union,CHD,5.2,69637
39159,OH,Union,COPD,5.7,69637
39159,OH,Union,DIABETES,10.2,69637
39159,OH,Union,OBESITY,39.8,69637
39159,OH,Union,STROKE,2.6,69637
39161,OH,Van Wert,ARTHRITIS,31.2,28704
39161,OH,Van Wert,BPHIGH,38.8,28704
39161,OH,Van Wert,CANCER,9.8,28704
39161,OH,Van Wert,CHD,7.8,28704
39161,OH,Van Wert,COPD,8.8,28704
39161,OH,Van Wert,DIABETES,13.2,28704
39161,OH,Van Wert,OBESITY,37.3,28704
39161,OH,Van Wert,STROKE,3.7,28704
39163,OH,Vinton,ARTHRITIS,33.8,12474
39163,OH,Vinton,BPHIGH,41.2,12474
39163,OH,Vinton,CANCER,9.5,12474
39163,OH,Vinton,CHD,8.9,12474
39163,OH,Vinton,COPD,11.4,12474
39163,OH,Vinton,DIABETES,15.4,12474
39163,OH,Vinton,OBESITY,40.3,12474
39163,OH,Vinton,STROKE,4.4,12474
39165,OH,Warren,ARTHRITIS,26.7,252148
39165,OH,Warren,BPHIGH,32.2,252148
39165,OH,Warren,CANCER,8.8,252148
39165,OH,Warren,CHD,5.8,252148
39165,OH,Warren,COPD,5.8,252148
39165,OH,Warren,DIABETES,11.0,252148
39165,OH,Warren,OBESITY,32.6,252148
39165,OH,Warren,STROKE,2.8,252148
39167,OH,Washington,ARTHRITIS,34.3,58577
39167,OH,Washington,BPHIGH,41.2,58577
39167,OH,Washington,CANCER,10.4,58577
39167,OH,Washington,CHD,8.6,58577
39167,OH,Washington,COPD,9.6,58577
39167,OH,Washington,DIABETES,13.8,58577
39167,OH,Washington,OBESITY,43.7,58577
39167,OH,Washington,STROKE,4.1,58577
39169,OH,Wayne,ARTHRITIS,30.4,116510
39169,OH,Wayne,BPHIGH,37.1,116510
39169,OH,Wayne,CANCER,9.4,116510
39169,OH,Wayne,CHD,7.6,116510
39169,OH,Wayne,COPD,8.7,116510
39169,OH,Wayne,DIABETES,12.9,116510
39169,OH,Wayne,OBESITY,37.5,116510
39169,OH,Wayne,STROKE,3.7,116510
39171,OH,Williams,ARTHRITIS,32.3,36591
39171,OH,Williams,BPHIGH,39.9,36591
39171,OH,Williams,CANCER,9.7,36591
39171,OH,Williams,CHD,8.3,36591
39171,OH,Williams,COPD,9.5,36591
39171,OH,Williams,DIABETES,14.4,36591
39171,OH,Williams,OBESITY,40.6,36591
39171,OH,Williams,STROKE,4.0,36591
39173,OH,Wood,ARTHRITIS,26.6,132650
39173,OH,Wood,BPHIGH,33.1,132650
39173,OH,Wood,CANCER,8.2,132650
39173,OH,Wood,CHD,6.1,132650
39173,OH,Wood,COPD,6.6,132650
39173,OH,Wood,DIABETES,10.7,132650
39173,OH,Wood,OBESITY,37.4,132650
39173,OH,Wood,STROKE,2.9,132650
39175,OH,Wyandot,ARTHRITIS,31.9,21457
39175,OH,Wyandot,BPHIGH,39.1,21457
39175,OH,Wyandot,CANCER,10.1,21457
39175,OH,Wyandot,CHD,7.6,21457
39175,OH,Wyandot,COPD,8.4,21457
39175,OH,Wyandot,DIABETES,13.0,21457
39175,OH,Wyandot,OBESITY,35.6,21457
39175,OH,Wyandot,STROKE,3.6,21457
40001,OK,Adair,ARTHRITIS,32.2,19627
40001,OK,Adair,BPHIGH,44.0,19627
40001,OK,Adair,CANCER,7.7,19627
40001,OK,Adair,CHD,9.6,19627
40001,OK,Adair,COPD,11.7,19627
40001,OK,Adair,DIABETES,17.5,19627
40001,OK,Adair,OBESITY,46.2,19627
40001,OK,Adair,STROKE,5.3,19627
40003,OK,Alfalfa,ARTHRITIS,29.8,5673
40003,OK,Alfalfa,BPHIGH,42.7,5673
40003,OK,Alfalfa,CANCER,9.0,5673
40003,OK,Alfalfa,CHD,8.3,5673
40003,OK,Alfalfa,COPD,8.5,5673
40003,OK,Alfalfa,DIABETES,13.5,5673
40003,OK,Alfalfa,OBESITY,40.6,5673
40003,OK,Alfalfa,STROKE,4.0,5673
40005,OK,Atoka,ARTHRITIS,31.3,14525
40005,OK,Atoka,BPHIGH,42.7,14525
40005,OK,Atoka,CANCER,8.4,14525
40005,OK,Atoka,CHD,8.9,14525
40005,OK,Atoka,COPD,10.3,14525
40005,OK,Atoka,DIABETES,14.6,14525
40005,OK,Atoka,OBESITY,40.3,14525
40005,OK,Atoka,STROKE,4.6,14525
40007,OK,Beaver,ARTHRITIS,29.9,5018
40007,OK,Beaver,BPHIGH,41.3,5018
40007,OK,Beaver,CANCER,9.1,5018
40007,OK,Beaver,CHD,8.4,5018
40007,OK,Beaver,COPD,8.5,5018
40007,OK,Beaver,DIABETES,13.9,5018
40007,OK,Beaver,OBESITY,38.4,5018
40007,OK,Beaver,STROKE,4.1,5018
40009,OK,Beckham,ARTHRITIS,28.2,22042
40009,OK,Beckham,BPHIGH,40.9,22042
40009,OK,Beckham,CANCER,7.6,22042
40009,OK,Beckham,CHD,7.9,22042
40009,OK,Beckham,COPD,9.5,22042
40009,OK,Beckham,DIABETES,13.3,22042
40009,OK,Beckham,OBESITY,40.0,22042
40009,OK,Beckham,STROKE,4.0,22042
40011,OK,Blaine,ARTHRITIS,31.5,8539
40011,OK,Blaine,BPHIGH,43.1,8539
40011,OK,Blaine,CANCER,9.2,8539
40011,OK,Blaine,CHD,8.6,8539
40011,OK,Blaine,COPD,9.4,8539
40011,OK,Blaine,DIABETES,14.3,8539
40011,OK,Blaine,OBESITY,38.3,8539
40011,OK,Blaine,STROKE,4.3,8539
40013,OK,Bryan,ARTHRITIS,29.3,48967
40013,OK,Bryan,BPHIGH,40.3,48967
40013,OK,Bryan,CANCER,8.2,48967
40013,OK,Bryan,CHD,8.1,48967
40013,OK,Bryan,COPD,9.4,48967
40013,OK,Bryan,DIABETES,13.4,48967
40013,OK,Bryan,OBESITY,40.0,48967
40013,OK,Bryan,STROKE,4.2,48967
40015,OK,Caddo,ARTHRITIS,28.6,26214
40015,OK,Caddo,BPHIGH,41.6,26214
40015,OK,Caddo,CANCER,7.3,26214
40015,OK,Caddo,CHD,8.2,26214
40015,OK,Caddo,COPD,9.5,26214
40015,OK,Caddo,DIABETES,14.9,26214
40015,OK,Caddo,OBESITY,40.2,26214
40015,OK,Caddo,STROKE,4.3,26214
40017,OK,Canadian,ARTHRITIS,25.7,175829
40017,OK,Canadian,BPHIGH,35.6,175829
40017,OK,Canadian,CANCER,7.4,175829
40017,OK,Canadian,CHD,5.6,175829
40017,OK,Canadian,COPD,5.9,175829
40017,OK,Canadian,DIABETES,10.4,175829
40017,OK,Canadian,OBESITY,39.0,175829
40017,OK,Canadian,STROKE,2.8,175829
40019,OK,Carter,ARTHRITIS,30.7,48596
40019,OK,Carter,BPHIGH,41.3,48596
40019,OK,Carter,CANCER,8.1,48596
40019,OK,Carter,CHD,7.7,48596
40019,OK,Carter,COPD,8.8,48596
40019,OK,Carter,DIABETES,13.7,48596
40019,OK,Carter,OBESITY,39.7,48596
40019,OK,Carter,STROKE,4.0,48596
40021,OK,Cherokee,ARTHRITIS,29.0,48185
40021,OK,Cherokee,BPHIGH,40.6,48185
40021,OK,Cherokee,CANCER,7.9,48185
40021,OK,Cherokee,CHD,8.1,48185
40021,OK,Cherokee,COPD,8.9,48185
40021,OK,Cherokee,DIABETES,14.3,48185
40021,OK,Cherokee,OBESITY,42.9,48185
40021,OK,Cherokee,STROKE,4.2,48185
40023,OK,Choctaw,ARTHRITIS,34.0,14276
40023,OK,Choctaw,BPHIGH,46.1,14276
40023,OK,Choctaw,CANCER,9.0,14276
40023,OK,Choctaw,CHD,9.9,14276
40023,OK,Choctaw,COPD,11.5,14276
40023,OK,Choctaw,DIABETES,17.2,14276
40023,OK,Choctaw,OBESITY,45.4,14276
40023,OK,Choctaw,STROKE,5.3,14276
40025,OK,Cimarron,ARTHRITIS,31.5,2191
40025,OK,Cimarron,BPHIGH,41.9,2191
40025,OK,Cimarron,CANCER,10.6,2191
40025,OK,Cimarron,CHD,8.7,2191
40025,OK,Cimarron,COPD,8.1,2191
40025,OK,Cimarron,DIABETES,13.7,2191
40025,OK,Cimarron,OBESITY,37.6,2191
40025,OK,Cimarron,STROKE,4.1,2191
40027,OK,Cleveland,ARTHRITIS,24.4,301193
40027,OK,Cleveland,BPHIGH,34.2,301193
40027,OK,Cleveland,CANCER,7.4,301193
40027,OK,Cleveland,CHD,5.9,301193
40027,OK,Cleveland,COPD,6.4,301193
40027,OK,Cleveland,DIABETES,10.9,301193
40027,OK,Cleveland,OBESITY,36.3,301193
40027,OK,Cleveland,STROKE,3.0,301193
40029,OK,Coal,ARTHRITIS,35.1,5266
40029,OK,Coal,BPHIGH,45.5,5266
40029,OK,Coal,CANCER,9.2,5266
40029,OK,Coal,CHD,10.4,5266
40029,OK,Coal,COPD,12.4,5266
40029,OK,Coal,DIABETES,17.2,5266
40029,OK,Coal,OBESITY,42.6,5266
40029,OK,Coal,STROKE,5.4,5266
40031,OK,Comanche,ARTHRITIS,26.9,121574
40031,OK,Comanche,BPHIGH,37.5,121574
40031,OK,Comanche,CANCER,6.7,121574
40031,OK,Comanche,CHD,6.6,121574
40031,OK,Comanche,COPD,7.5,121574
40031,OK,Comanche,DIABETES,12.8,121574
40031,OK,Comanche,OBESITY,43.0,121574
40031,OK,Comanche,STROKE,3.6,121574
40033,OK,Cotton,ARTHRITIS,32.9,5427
40033,OK,Cotton,BPHIGH,44.2,5427
40033,OK,Cotton,CANCER,9.3,5427
40033,OK,Cotton,CHD,9.2,5427
40033,OK,Cotton,COPD,10.5,5427
40033,OK,Cotton,DIABETES,15.4,5427
40033,OK,Cotton,OBESITY,43.1,5427
40033,OK,Cotton,STROKE,4.7,5427
40035,OK,Craig,ARTHRITIS,32.7,14494
40035,OK,Craig,BPHIGH,44.7,14494
40035,OK,Craig,CANCER,8.7,14494
40035,OK,Craig,CHD,9.6,14494
40035,OK,Craig,COPD,11.2,14494
40035,OK,Craig,DIABETES,15.9,14494
40035,OK,Craig,OBESITY,41.8,14494
40035,OK,Craig,STROKE,5.1,14494
40037,OK,Creek,ARTHRITIS,31.1,73332
40037,OK,Creek,BPHIGH,39.5,73332
40037,OK,Creek,CANCER,9.0,73332
40037,OK,Creek,CHD,8.0,73332
40037,OK,Creek,COPD,8.9,73332
40037,OK,Creek,DIABETES,13.4,73332
40037,OK,Creek,OBESITY,39.8,73332
40037,OK,Creek,STROKE,4.1,73332
40039,OK,Custer,ARTHRITIS,25.7,28266
40039,OK,Custer,BPHIGH,35.1,28266
40039,OK,Custer,CANCER,7.3,28266
40039,OK,Custer,CHD,6.9,28266
40039,OK,Custer,COPD,7.5,28266
40039,OK,Custer,DIABETES,11.8,28266
40039,OK,Custer,OBESITY,41.0,28266
40039,OK,Custer,STROKE,3.4,28266
40041,OK,Delaware,ARTHRITIS,36.5,41703
40041,OK,Delaware,BPHIGH,47.1,41703
40041,OK,Delaware,CANCER,10.1,41703
40041,OK,Delaware,CHD,10.4,41703
40041,OK,Delaware,COPD,11.5,41703
40041,OK,Delaware,DIABETES,16.7,41703
40041,OK,Delaware,OBESITY,37.8,41703
40041,OK,Delaware,STROKE,5.3,41703
40043,OK,Dewey,ARTHRITIS,30.6,4286
40043,OK,Dewey,BPHIGH,41.8,4286
40043,OK,Dewey,CANCER,9.2,4286
40043,OK,Dewey,CHD,8.3,4286
40043,OK,Dewey,COPD,9.2,4286
40043,OK,Dewey,DIABETES,13.5,4286
40043,OK,Dewey,OBESITY,38.2,4286
40043,OK,Dewey,STROKE,4.1,4286
40045,OK,Ellis,ARTHRITIS,33.0,3648
40045,OK,Ellis,BPHIGH,43.7,3648
40045,OK,Ellis,CANCER,10.3,3648
40045,OK,Ellis,CHD,9.1,3648
40045,OK,Ellis,COPD,9.5,3648
40045,OK,Ellis,DIABETES,14.1,3648
40045,OK,Ellis,OBESITY,39.6,3648
40045,OK,Ellis,STROKE,4.4,3648
40047,OK,Garfield,ARTHRITIS,26.6,62023
40047,OK,Garfield,BPHIGH,38.9,62023
40047,OK,Garfield,CANCER,8.1,62023
40047,OK,Garfield,CHD,7.3,62023
40047,OK,Garfield,COPD,8.2,62023
40047,OK,Garfield,DIABETES,12.6,62023
40047,OK,Garfield,OBESITY,41.7,62023
40047,OK,Garfield,STROKE,3.7,62023
40049,OK,Garvin,ARTHRITIS,30.6,25865
40049,OK,Garvin,BPHIGH,41.7,25865
40049,OK,Garvin,CANCER,8.6,25865
40049,OK,Garvin,CHD,8.2,25865
40049,OK,Garvin,COPD,9.6,25865
40049,OK,Garvin,DIABETES,14.1,25865
40049,OK,Garvin,OBESITY,38.6,25865
40049,OK,Garvin,STROKE,4.2,25865
40051,OK,Grady,ARTHRITIS,28.3,57375
40051,OK,Grady,BPHIGH,39.3,57375
40051,OK,Grady,CANCER,8.3,57375
40051,OK,Grady,CHD,7.1,57375
40051,OK,Grady,COPD,7.9,57375
40051,OK,Grady,DIABETES,12.0,57375
40051,OK,Grady,OBESITY,38.4,57375
40051,OK,Grady,STROKE,3.6,57375
40053,OK,Grant,ARTHRITIS,32.6,4083
40053,OK,Grant,BPHIGH,42.4,4083
40053,OK,Grant,CANCER,10.0,4083
40053,OK,Grant,CHD,8.8,4083
40053,OK,Grant,COPD,9.2,4083
40053,OK,Grant,DIABETES,13.5,4083
40053,OK,Grant,OBESITY,36.3,4083
40053,OK,Grant,STROKE,4.3,4083
40055,OK,Greer,ARTHRITIS,28.6,5466
40055,OK,Greer,BPHIGH,40.8,5466
40055,OK,Greer,CANCER,8.1,5466
40055,OK,Greer,CHD,7.6,5466
40055,OK,Greer,COPD,8.4,5466
40055,OK,Greer,DIABETES,13.0,5466
40055,OK,Greer,OBESITY,42.1,5466
40055,OK,Greer,STROKE,3.9,5466
40057,OK,Harmon,ARTHRITIS,32.2,2392
40057,OK,Harmon,BPHIGH,44.7,2392
40057,OK,Harmon,CANCER,8.5,2392
40057,OK,Harmon,CHD,9.4,2392
40057,OK,Harmon,COPD,10.1,2392
40057,OK,Harmon,DIABETES,17.0,2392
40057,OK,Harmon,OBESITY,42.4,2392
40057,OK,Harmon,STROKE,4.8,2392
40059,OK,Harper,ARTHRITIS,31.7,3190
40059,OK,Harper,BPHIGH,41.9,3190
40059,OK,Harper,CANCER,9.3,3190
40059,OK,Harper,CHD,8.5,3190
40059,OK,Harper,COPD,9.0,3190
40059,OK,Harper,DIABETES,14.0,3190
40059,OK,Harper,OBESITY,39.4,3190
40059,OK,Harper,STROKE,4.1,3190
40061,OK,Haskell,ARTHRITIS,32.6,11832
40061,OK,Haskell,BPHIGH,44.1,11832
40061,OK,Haskell,CANCER,9.2,11832
40061,OK,Haskell,CHD,9.5,11832
40061,OK,Haskell,COPD,10.8,11832
40061,OK,Haskell,DIABETES,15.4,11832
40061,OK,Haskell,OBESITY,42.2,11832
40061,OK,Haskell,STROKE,4.9,11832
40063,OK,Hughes,ARTHRITIS,30.7,13436
40063,OK,Hughes,BPHIGH,43.0,13436
40063,OK,Hughes,CANCER,8.2,13436
40063,OK,Hughes,CHD,9.0,13436
40063,OK,Hughes,COPD,10.5,13436
40063,OK,Hughes,DIABETES,15.1,13436
40063,OK,Hughes,OBESITY,41.9,13436
40063,OK,Hughes,STROKE,4.7,13436
40065,OK,Jackson,ARTHRITIS,27.0,24669
40065,OK,Jackson,BPHIGH,39.1,24669
40065,OK,Jackson,CANCER,7.5,24669
40065,OK,Jackson,CHD,7.3,24669
40065,OK,Jackson,COPD,7.9,24669
40065,OK,Jackson,DIABETES,13.2,24669
40065,OK,Jackson,OBESITY,40.4,24669
40065,OK,Jackson,STROKE,3.7,24669
40067,OK,Jefferson,ARTHRITIS,33.5,5347
40067,OK,Jefferson,BPHIGH,45.6,5347
40067,OK,Jefferson,CANCER,9.3,5347
40067,OK,Jefferson,CHD,10.1,5347
40067,OK,Jefferson,COPD,11.6,5347
40067,OK,Jefferson,DIABETES,16.3,5347
40067,OK,Jefferson,OBESITY,41.2,5347
40067,OK,Jefferson,STROKE,5.1,5347
40069,OK,Johnston,ARTHRITIS,32.1,10216
40069,OK,Johnston,BPHIGH,42.3,10216
40069,OK,Johnston,CANCER,8.6,10216
40069,OK,Johnston,CHD,9.3,10216
40069,OK,Johnston,COPD,10.8,10216
40069,OK,Johnston,DIABETES,15.3,10216
40069,OK,Johnston,OBESITY,39.4,10216
40069,OK,Johnston,STROKE,4.8,10216
40071,OK,Kay,ARTHRITIS,31.6,43641
40071,OK,Kay,BPHIGH,41.4,43641
40071,OK,Kay,CANCER,9.0,43641
40071,OK,Kay,CHD,8.6,43641
40071,OK,Kay,COPD,9.6,43641
40071,OK,Kay,DIABETES,14.1,43641
40071,OK,Kay,OBESITY,42.6,43641
40071,OK,Kay,STROKE,4.3,43641
40073,OK,Kingfisher,ARTHRITIS,28.3,15481
40073,OK,Kingfisher,BPHIGH,38.1,15481
40073,OK,Kingfisher,CANCER,8.4,15481
40073,OK,Kingfisher,CHD,7.2,15481
40073,OK,Kingfisher,COPD,7.7,15481
40073,OK,Kingfisher,DIABETES,11.9,15481
40073,OK,Kingfisher,OBESITY,37.1,15481
40073,OK,Kingfisher,STROKE,3.6,15481
40075,OK,Kiowa,ARTHRITIS,34.1,8398
40075,OK,Kiowa,BPHIGH,45.4,8398
40075,OK,Kiowa,CANCER,9.4,8398
40075,OK,Kiowa,CHD,10.1,8398
40075,OK,Kiowa,COPD,11.4,8398
40075,OK,Kiowa,DIABETES,16.6,8398
40075,OK,Kiowa,OBESITY,42.7,8398
40075,OK,Kiowa,STROKE,5.1,8398
40077,OK,Latimer,ARTHRITIS,34.6,9526
40077,OK,Latimer,BPHIGH,45.1,9526
40077,OK,Latimer,CANCER,9.2,9526
40077,OK,Latimer,CHD,10.6,9526
40077,OK,Latimer,COPD,12.1,9526
40077,OK,Latimer,DIABETES,17.0,9526
40077,OK,Latimer,OBESITY,42.3,9526
40077,OK,Latimer,STROKE,5.5,9526
40079,OK,Le Flore,ARTHRITIS,31.3,49596
40079,OK,Le Flore,BPHIGH,42.5,49596
40079,OK,Le Flore,CANCER,8.4,49596
40079,OK,Le Flore,CHD,9.1,49596
40079,OK,Le Flore,COPD,10.8,49596
40079,OK,Le Flore,DIABETES,15.1,49596
40079,OK,Le Flore,OBESITY,40.3,49596
40079,OK,Le Flore,STROKE,4.7,49596
40081,OK,Lincoln,ARTHRITIS,32.3,34562
40081,OK,Lincoln,BPHIGH,43.3,34562
40081,OK,Lincoln,CANCER,9.2,34562
40081,OK,Lincoln,CHD,8.6,34562
40081,OK,Lincoln,COPD,9.8,34562
40081,OK,Lincoln,DIABETES,14.1,34562
40081,OK,Lincoln,OBESITY,44.1,34562
40081,OK,Lincoln,STROKE,4.3,34562
40083,OK,Logan,ARTHRITIS,28.6,53029
40083,OK,Logan,BPHIGH,39.8,53029
40083,OK,Logan,CANCER,8.4,53029
40083,OK,Logan,CHD,6.9,53029
40083,OK,Logan,COPD,7.4,53029
40083,OK,Logan,DIABETES,12.0,53029
40083,OK,Logan,OBESITY,40.2,53029
40083,OK,Logan,STROKE,3.5,53029
40085,OK,Love,ARTHRITIS,30.4,10296
40085,OK,Love,BPHIGH,41.6,10296
40085,OK,Love,CANCER,8.6,10296
40085,OK,Love,CHD,8.5,10296
40085,OK,Love,COPD,9.3,10296
40085,OK,Love,DIABETES,14.4,10296
40085,OK,Love,OBESITY,38.8,10296
40085,OK,Love,STROKE,4.3,10296
40087,OK,McClain,ARTHRITIS,27.8,47072
40087,OK,McClain,BPHIGH,38.8,47072
40087,OK,McClain,CANCER,8.2,47072
40087,OK,McClain,CHD,6.6,47072
40087,OK,McClain,COPD,7.1,47072
40087,OK,McClain,DIABETES,11.3,47072
40087,OK,McClain,OBESITY,38.5,47072
40087,OK,McClain,STROKE,3.3,47072
40089,OK,McCurtain,ARTHRITIS,31.4,30660
40089,OK,McCurtain,BPHIGH,42.6,30660
40089,OK,McCurtain,CANCER,8.3,30660
40089,OK,McCurtain,CHD,8.9,30660
40089,OK,McCurtain,COPD,10.5,30660
40089,OK,McCurtain,DIABETES,15.5,30660
40089,OK,McCurtain,OBESITY,42.6,30660
40089,OK,McCurtain,STROKE,4.8,30660
40091,OK,McIntosh,ARTHRITIS,37.2,19603
40091,OK,McIntosh,BPHIGH,49.1,19603
40091,OK,McIntosh,CANCER,10.1,19603
40091,OK,McIntosh,CHD,11.1,19603
40091,OK,McIntosh,COPD,12.4,19603
40091,OK,McIntosh,DIABETES,17.7,19603
40091,OK,McIntosh,OBESITY,44.8,19603
40091,OK,McIntosh,STROKE,5.6,19603
40093,OK,Major,ARTHRITIS,31.9,7581
40093,OK,Major,BPHIGH,40.8,7581
40093,OK,Major,CANCER,9.7,7581
40093,OK,Major,CHD,8.4,7581
40093,OK,Major,COPD,9.1,7581
40093,OK,Major,DIABETES,13.3,7581
40093,OK,Major,OBESITY,41.9,7581
40093,OK,Major,STROKE,4.1,7581
40095,OK,Marshall,ARTHRITIS,32.9,15970
40095,OK,Marshall,BPHIGH,43.9,15970
40095,OK,Marshall,CANCER,9.5,15970
40095,OK,Marshall,CHD,9.6,15970
40095,OK,Marshall,COPD,10.5,15970
40095,OK,Marshall,DIABETES,15.7,15970
40095,OK,Marshall,OBESITY,39.4,15970
40095,OK,Marshall,STROKE,4.8,15970
40097,OK,Mayes,ARTHRITIS,32.0,39889
40097,OK,Mayes,BPHIGH,43.2,39889
40097,OK,Mayes,CANCER,8.7,39889
40097,OK,Mayes,CHD,8.7,39889
40097,OK,Mayes,COPD,10.0,39889
40097,OK,Mayes,DIABETES,14.6,39889
40097,OK,Mayes,OBESITY,41.8,39889
40097,OK,Mayes,STROKE,4.5,39889
40099,OK,Murray,ARTHRITIS,31.9,13754
40099,OK,Murray,BPHIGH,43.0,13754
40099,OK,Murray,CANCER,9.3,13754
40099,OK,Murray,CHD,8.7,13754
40099,OK,Murray,COPD,9.5,13754
40099,OK,Murray,DIABETES,14.3,13754
40099,OK,Murray,OBESITY,41.4,13754
40099,OK,Murray,STROKE,4.4,13754
40101,OK,Muskogee,ARTHRITIS,30.8,66677
40101,OK,Muskogee,BPHIGH,42.6,66677
40101,OK,Muskogee,CANCER,7.9,66677
40101,OK,Muskogee,CHD,8.5,66677
40101,OK,Muskogee,COPD,10.1,66677
40101,OK,Muskogee,DIABETES,15.2,66677
40101,OK,Muskogee,OBESITY,41.5,66677
40101,OK,Muskogee,STROKE,4.6,66677
40103,OK,Noble,ARTHRITIS,32.1,10832
40103,OK,Noble,BPHIGH,41.7,10832
40103,OK,Noble,CANCER,9.7,10832
40103,OK,Noble,CHD,8.2,10832
40103,OK,Noble,COPD,8.8,10832
40103,OK,Noble,DIABETES,13.3,10832
40103,OK,Noble,OBESITY,41.6,10832
40103,OK,Noble,STROKE,4.1,10832
40105,OK,Nowata,ARTHRITIS,33.0,9438
40105,OK,Nowata,BPHIGH,43.5,9438
40105,OK,Nowata,CANCER,9.1,9438
40105,OK,Nowata,CHD,9.0,9438
40105,OK,Nowata,COPD,10.2,9438
40105,OK,Nowata,DIABETES,15.2,9438
40105,OK,Nowata,OBESITY,40.5,9438
40105,OK,Nowata,STROKE,4.7,9438
40107,OK,Okfuskee,ARTHRITIS,32.1,11300
40107,OK,Okfuskee,BPHIGH,46.0,11300
40107,OK,Okfuskee,CANCER,8.2,11300
40107,OK,Okfuskee,CHD,10.1,11300
40107,OK,Okfuskee,COPD,12.1,11300
40107,OK,Okfuskee,DIABETES,17.3,11300
40107,OK,Okfuskee,OBESITY,45.8,11300
40107,OK,Okfuskee,STROKE,5.4,11300
40109,OK,Oklahoma,ARTHRITIS,26.8,808866
40109,OK,Oklahoma,BPHIGH,37.1,808866
40109,OK,Oklahoma,CANCER,6.9,808866
40109,OK,Oklahoma,CHD,6.7,808866
40109,OK,Oklahoma,COPD,7.0,808866
40109,OK,Oklahoma,DIABETES,12.6,808866
40109,OK,Oklahoma,OBESITY,37.7,808866
40109,OK,Oklahoma,STROKE,3.5,808866
40111,OK,Okmulgee,ARTHRITIS,32.4,37035
40111,OK,Okmulgee,BPHIGH,43.8,37035
40111,OK,Okmulgee,CANCER,8.4,37035
40111,OK,Okmulgee,CHD,8.6,37035
40111,OK,Okmulgee,COPD,9.9,37035
40111,OK,Okmulgee,DIABETES,15.4,37035
40111,OK,Okmulgee,OBESITY,45.0,37035
40111,OK,Okmulgee,STROKE,4.6,37035
40113,OK,Osage,ARTHRITIS,32.2,46130
40113,OK,Osage,BPHIGH,45.6,46130
40113,OK,Osage,CANCER,9.1,46130
40113,OK,Osage,CHD,8.7,46130
40113,OK,Osage,COPD,9.2,46130
40113,OK,Osage,DIABETES,14.4,46130
40113,OK,Osage,OBESITY,46.4,46130
40113,OK,Osage,STROKE,4.5,46130
40115,OK,Ottawa,ARTHRITIS,30.9,30287
40115,OK,Ottawa,BPHIGH,41.0,30287
40115,OK,Ottawa,CANCER,8.5,30287
40115,OK,Ottawa,CHD,9.1,30287
40115,OK,Ottawa,COPD,10.7,30287
40115,OK,Ottawa,DIABETES,15.2,30287
40115,OK,Ottawa,OBESITY,41.7,30287
40115,OK,Ottawa,STROKE,4.7,30287
40117,OK,Pawnee,ARTHRITIS,32.0,15864
40117,OK,Pawnee,BPHIGH,42.1,15864
40117,OK,Pawnee,CANCER,9.2,15864
40117,OK,Pawnee,CHD,8.8,15864
40117,OK,Pawnee,COPD,9.9,15864
40117,OK,Pawnee,DIABETES,14.3,15864
40117,OK,Pawnee,OBESITY,39.7,15864
40117,OK,Pawnee,STROKE,4.4,15864
40119,OK,Payne,ARTHRITIS,21.4,83352
40119,OK,Payne,BPHIGH,30.6,83352
40119,OK,Payne,CANCER,6.3,83352
40119,OK,Payne,CHD,5.7,83352
40119,OK,Payne,COPD,6.7,83352
40119,OK,Payne,DIABETES,9.8,83352
40119,OK,Payne,OBESITY,33.9,83352
40119,OK,Payne,STROKE,2.9,83352
40121,OK,Pittsburg,ARTHRITIS,32.2,43479
40121,OK,Pittsburg,BPHIGH,43.5,43479
40121,OK,Pittsburg,CANCER,9.0,43479
40121,OK,Pittsburg,CHD,8.9,43479
40121,OK,Pittsburg,COPD,9.9,43479
40121,OK,Pittsburg,DIABETES,14.3,43479
40121,OK,Pittsburg,OBESITY,40.1,43479
40121,OK,Pittsburg,STROKE,4.5,43479
40123,OK,Pontotoc,ARTHRITIS,28.1,38396
40123,OK,Pontotoc,BPHIGH,40.2,38396
40123,OK,Pontotoc,CANCER,8.3,38396
40123,OK,Pontotoc,CHD,7.4,38396
40123,OK,Pontotoc,COPD,7.9,38396
40123,OK,Pontotoc,DIABETES,12.3,38396
40123,OK,Pontotoc,OBESITY,39.9,38396
40123,OK,Pontotoc,STROKE,3.8,38396
40125,OK,Pottawatomie,ARTHRITIS,30.8,73791
40125,OK,Pottawatomie,BPHIGH,40.9,73791
40125,OK,Pottawatomie,CANCER,8.2,73791
40125,OK,Pottawatomie,CHD,7.5,73791
40125,OK,Pottawatomie,COPD,8.9,73791
40125,OK,Pottawatomie,DIABETES,13.0,73791
40125,OK,Pottawatomie,OBESITY,41.2,73791
40125,OK,Pottawatomie,STROKE,3.9,73791
40127,OK,Pushmataha,ARTHRITIS,35.6,10800
40127,OK,Pushmataha,BPHIGH,46.9,10800
40127,OK,Pushmataha,CANCER,9.6,10800
40127,OK,Pushmataha,CHD,11.0,10800
40127,OK,Pushmataha,COPD,12.8,10800
40127,OK,Pushmataha,DIABETES,17.7,10800
40127,OK,Pushmataha,OBESITY,39.1,10800
40127,OK,Pushmataha,STROKE,5.6,10800
40129,OK,Roger Mills,ARTHRITIS,33.6,3295
40129,OK,Roger Mills,BPHIGH,43.8,3295
40129,OK,Roger Mills,CANCER,10.2,3295
40129,OK,Roger Mills,CHD,9.3,3295
40129,OK,Roger Mills,COPD,9.9,3295
40129,OK,Roger Mills,DIABETES,14.6,3295
40129,OK,Roger Mills,OBESITY,40.3,3295
40129,OK,Roger Mills,STROKE,4.5,3295
40131,OK,Rogers,ARTHRITIS,27.5,100248
40131,OK,Rogers,BPHIGH,37.8,100248
40131,OK,Rogers,CANCER,8.6,100248
40131,OK,Rogers,CHD,7.2,100248
40131,OK,Rogers,COPD,7.6,100248
40131,OK,Rogers,DIABETES,12.4,100248
40131,OK,Rogers,OBESITY,40.1,100248
40131,OK,Rogers,STROKE,3.6,100248
40133,OK,Seminole,ARTHRITIS,32.6,23565
40133,OK,Seminole,BPHIGH,44.4,23565
40133,OK,Seminole,CANCER,8.5,23565
40133,OK,Seminole,CHD,9.6,23565
40133,OK,Seminole,COPD,11.4,23565
40133,OK,Seminole,DIABETES,16.1,23565
40133,OK,Seminole,OBESITY,45.0,23565
40133,OK,Seminole,STROKE,5.0,23565
40135,OK,Sequoyah,ARTHRITIS,33.0,40291
40135,OK,Sequoyah,BPHIGH,44.7,40291
40135,OK,Sequoyah,CANCER,8.7,40291
40135,OK,Sequoyah,CHD,9.7,40291
40135,OK,Sequoyah,COPD,11.5,40291
40135,OK,Sequoyah,DIABETES,16.6,40291
40135,OK,Sequoyah,OBESITY,47.1,40291
40135,OK,Sequoyah,STROKE,5.1,40291
40137,OK,Stephens,ARTHRITIS,32.3,44014
40137,OK,Stephens,BPHIGH,43.7,44014
40137,OK,Stephens,CANCER,9.3,44014
40137,OK,Stephens,CHD,8.8,44014
40137,OK,Stephens,COPD,9.8,44014
40137,OK,Stephens,DIABETES,14.2,44014
40137,OK,Stephens,OBESITY,39.1,44014
40137,OK,Stephens,STROKE,4.4,44014
40139,OK,Texas,ARTHRITIS,24.1,20371
40139,OK,Texas,BPHIGH,37.5,20371
40139,OK,Texas,CANCER,6.2,20371
40139,OK,Texas,CHD,7.0,20371
40139,OK,Texas,COPD,7.2,20371
40139,OK,Texas,DIABETES,13.7,20371
40139,OK,Texas,OBESITY,44.1,20371
40139,OK,Texas,STROKE,3.5,20371
40141,OK,Tillman,ARTHRITIS,31.6,6869
40141,OK,Tillman,BPHIGH,43.6,6869
40141,OK,Tillman,CANCER,8.8,6869
40141,OK,Tillman,CHD,9.2,6869
40141,OK,Tillman,COPD,9.8,6869
40141,OK,Tillman,DIABETES,16.2,6869
40141,OK,Tillman,OBESITY,44.0,6869
40141,OK,Tillman,STROKE,4.7,6869
40143,OK,Tulsa,ARTHRITIS,24.8,682868
40143,OK,Tulsa,BPHIGH,35.6,682868
40143,OK,Tulsa,CANCER,7.3,682868
40143,OK,Tulsa,CHD,6.6,682868
40143,OK,Tulsa,COPD,7.2,682868
40143,OK,Tulsa,DIABETES,11.7,682868
40143,OK,Tulsa,OBESITY,35.7,682868
40143,OK,Tulsa,STROKE,3.4,682868
40145,OK,Wagoner,ARTHRITIS,28.3,89280
40145,OK,Wagoner,BPHIGH,38.7,89280
40145,OK,Wagoner,CANCER,8.4,89280
40145,OK,Wagoner,CHD,6.8,89280
40145,OK,Wagoner,COPD,7.4,89280
40145,OK,Wagoner,DIABETES,11.9,89280
40145,OK,Wagoner,OBESITY,36.1,89280
40145,OK,Wagoner,STROKE,3.5,89280
40147,OK,Washington,ARTHRITIS,31.6,53706
40147,OK,Washington,BPHIGH,39.6,53706
40147,OK,Washington,CANCER,9.2,53706
40147,OK,Washington,CHD,8.2,53706
40147,OK,Washington,COPD,8.8,53706
40147,OK,Washington,DIABETES,13.2,53706
40147,OK,Washington,OBESITY,42.4,53706
40147,OK,Washington,STROKE,4.1,53706
40149,OK,Washita,ARTHRITIS,31.4,10736
40149,OK,Washita,BPHIGH,40.5,10736
40149,OK,Washita,CANCER,9.4,10736
40149,OK,Washita,CHD,8.4,10736
40149,OK,Washita,COPD,9.3,10736
40149,OK,Washita,DIABETES,13.4,10736
40149,OK,Washita,OBESITY,39.5,10736
40149,OK,Washita,STROKE,4.1,10736
40151,OK,Woods,ARTHRITIS,27.0,8564
40151,OK,Woods,BPHIGH,36.1,8564
40151,OK,Woods,CANCER,8.2,8564
40151,OK,Woods,CHD,7.2,8564
40151,OK,Woods,COPD,7.6,8564
40151,OK,Woods,DIABETES,11.1,8564
40151,OK,Woods,OBESITY,36.6,8564
40151,OK,Woods,STROKE,3.5,8564
40153,OK,Woodward,ARTHRITIS,27.8,19947
40153,OK,Woodward,BPHIGH,39.5,19947
40153,OK,Woodward,CANCER,8.3,19947
40153,OK,Woodward,CHD,7.5,19947
40153,OK,Woodward,COPD,8.2,19947
40153,OK,Woodward,DIABETES,12.1,19947
40153,OK,Woodward,OBESITY,41.5,19947
40153,OK,Woodward,STROKE,3.7,19947
41001,OR,Baker,ARTHRITIS,34.8,16912
41001,OR,Baker,BPHIGH,38.7,16912
41001,OR,Baker,CANCER,11.5,16912
41001,OR,Baker,CHD,9.0,16912
41001,OR,Baker,COPD,9.1,16912
41001,OR,Baker,DIABETES,13.6,16912
41001,OR,Baker,OBESITY,37.7,16912
41001,OR,Baker,STROKE,4.4,16912
41003,OR,Benton,ARTHRITIS,25.1,97713
41003,OR,Benton,BPHIGH,27.4,97713
41003,OR,Benton,CANCER,8.0,97713
41003,OR,Benton,CHD,5.7,97713
41003,OR,Benton,COPD,5.7,97713
41003,OR,Benton,DIABETES,9.3,97713
41003,OR,Benton,OBESITY,25.9,97713
41003,OR,Benton,STROKE,2.8,97713
41005,OR,Clackamas,ARTHRITIS,27.4,423173
41005,OR,Clackamas,BPHIGH,32.1,423173
41005,OR,Clackamas,CANCER,9.7,423173
41005,OR,Clackamas,CHD,6.1,423173
41005,OR,Clackamas,COPD,6.0,423173
41005,OR,Clackamas,DIABETES,10.5,423173
41005,OR,Clackamas,OBESITY,34.0,423173
41005,OR,Clackamas,STROKE,3.1,423173
41007,OR,Clatsop,ARTHRITIS,32.8,41102
41007,OR,Clatsop,BPHIGH,37.1,41102
41007,OR,Clatsop,CANCER,10.8,41102
41007,OR,Clatsop,CHD,8.0,41102
41007,OR,Clatsop,COPD,8.3,41102
41007,OR,Clatsop,DIABETES,12.6,41102
41007,OR,Clatsop,OBESITY,34.8,41102
41007,OR,Clatsop,STROKE,4.0,41102
41009,OR,Columbia,ARTHRITIS,31.4,53880
41009,OR,Columbia,BPHIGH,34.9,53880
41009,OR,Columbia,CANCER,9.8,53880
41009,OR,Columbia,CHD,7.2,53880
41009,OR,Columbia,COPD,7.9,53880
41009,OR,Columbia,DIABETES,12.1,53880
41009,OR,Columbia,OBESITY,33.5,53880
41009,OR,Columbia,STROKE,3.7,53880
41011,OR,Coos,ARTHRITIS,36.4,64212
41011,OR,Coos,BPHIGH,40.7,64212
41011,OR,Coos,CANCER,11.5,64212
41011,OR,Coos,CHD,9.4,64212
41011,OR,Coos,COPD,9.9,64212
41011,OR,Coos,DIABETES,14.2,64212
41011,OR,Coos,OBESITY,34.1,64212
41011,OR,Coos,STROKE,4.7,64212
41013,OR,Crook,ARTHRITIS,33.4,26952
41013,OR,Crook,BPHIGH,37.7,26952
41013,OR,Crook,CANCER,10.9,26952
41013,OR,Crook,CHD,7.9,26952
41013,OR,Crook,COPD,8.1,26952
41013,OR,Crook,DIABETES,12.5,26952
41013,OR,Crook,OBESITY,36.1,26952
41013,OR,Crook,STROKE,3.9,26952
41015,OR,Curry,ARTHRITIS,38.9,23296
41015,OR,Curry,BPHIGH,43.6,23296
41015,OR,Curry,CANCER,13.3,23296
41015,OR,Curry,CHD,10.5,23296
41015,OR,Curry,COPD,10.5,23296
41015,OR,Curry,DIABETES,15.7,23296
41015,OR,Curry,OBESITY,38.4,23296
41015,OR,Curry,STROKE,5.2,23296
41017,OR,Deschutes,ARTHRITIS,28.9,208513
41017,OR,Deschutes,BPHIGH,33.0,208513
41017,OR,Deschutes,CANCER,10.1,208513
41017,OR,Deschutes,CHD,6.4,208513
41017,OR,Deschutes,COPD,6.4,208513
41017,OR,Deschutes,DIABETES,10.2,208513
41017,OR,Deschutes,OBESITY,27.2,208513
41017,OR,Deschutes,STROKE,3.2,208513
41019,OR,Douglas,ARTHRITIS,34.6,112435
41019,OR,Douglas,BPHIGH,39.4,112435
41019,OR,Douglas,CANCER,11.3,112435
41019,OR,Douglas,CHD,9.1,112435
41019,OR,Douglas,COPD,9.7,112435
41019,OR,Douglas,DIABETES,14.3,112435
41019,OR,Douglas,OBESITY,37.6,112435
41019,OR,Douglas,STROKE,4.5,112435
41021,OR,Gilliam,ARTHRITIS,37.0,2026
41021,OR,Gilliam,BPHIGH,41.1,2026
41021,OR,Gilliam,CANCER,12.1,2026
41021,OR,Gilliam,CHD,9.8,2026
41021,OR,Gilliam,COPD,10.4,2026
41021,OR,Gilliam,DIABETES,14.8,2026
41021,OR,Gilliam,OBESITY,35.4,2026
41021,OR,Gilliam,STROKE,4.9,2026
41023,OR,Grant,ARTHRITIS,36.9,7215
41023,OR,Grant,BPHIGH,41.0,7215
41023,OR,Grant,CANCER,12.3,7215
41023,OR,Grant,CHD,10.0,7215
41023,OR,Grant,COPD,10.2,7215
41023,OR,Grant,DIABETES,14.6,7215
41023,OR,Grant,OBESITY,33.6,7215
41023,OR,Grant,STROKE,4.9,7215
41025,OR,Harney,ARTHRITIS,35.6,7440
41025,OR,Harney,BPHIGH,42.0,7440
41025,OR,Harney,CANCER,11.2,7440
41025,OR,Harney,CHD,9.8,7440
41025,OR,Harney,COPD,10.6,7440
41025,OR,Harney,DIABETES,15.0,7440
41025,OR,Harney,OBESITY,38.8,7440
41025,OR,Harney,STROKE,4.9,7440
41027,OR,Hood River,ARTHRITIS,27.1,23745
41027,OR,Hood River,BPHIGH,32.1,23745
41027,OR,Hood River,CANCER,8.8,23745
41027,OR,Hood River,CHD,6.4,23745
41027,OR,Hood River,COPD,6.4,23745
41027,OR,Hood River,DIABETES,11.3,23745
41027,OR,Hood River,OBESITY,31.5,23745
41027,OR,Hood River,STROKE,3.2,23745
41029,OR,Jackson,ARTHRITIS,30.6,220768
41029,OR,Jackson,BPHIGH,36.1,220768
41029,OR,Jackson,CANCER,10.2,220768
41029,OR,Jackson,CHD,7.5,220768
41029,OR,Jackson,COPD,8.0,220768
41029,OR,Jackson,DIABETES,12.7,220768
41029,OR,Jackson,OBESITY,32.8,220768
41029,OR,Jackson,STROKE,3.8,220768
41031,OR,Jefferson,ARTHRITIS,30.4,25454
41031,OR,Jefferson,BPHIGH,35.5,25454
41031,OR,Jefferson,CANCER,9.1,25454
41031,OR,Jefferson,CHD,7.6,25454
41031,OR,Jefferson,COPD,8.0,25454
41031,OR,Jefferson,DIABETES,13.4,25454
41031,OR,Jefferson,OBESITY,35.5,25454
41031,OR,Jefferson,STROKE,3.9,25454
41033,OR,Josephine,ARTHRITIS,36.1,87821
41033,OR,Josephine,BPHIGH,39.0,87821
41033,OR,Josephine,CANCER,11.4,87821
41033,OR,Josephine,CHD,9.5,87821
41033,OR,Josephine,COPD,10.4,87821
41033,OR,Josephine,DIABETES,14.8,87821
41033,OR,Josephine,OBESITY,33.8,87821
41033,OR,Josephine,STROKE,4.9,87821
41035,OR,Klamath,ARTHRITIS,32.4,70003
41035,OR,Klamath,BPHIGH,40.0,70003
41035,OR,Klamath,CANCER,9.9,70003
41035,OR,Klamath,CHD,8.6,70003
41035,OR,Klamath,COPD,9.4,70003
41035,OR,Klamath,DIABETES,14.1,70003
41035,OR,Klamath,OBESITY,37.9,70003
41035,OR,Klamath,STROKE,4.3,70003
41037,OR,Lake,ARTHRITIS,34.4,8293
41037,OR,Lake,BPHIGH,40.6,8293
41037,OR,Lake,CANCER,10.7,8293
41037,OR,Lake,CHD,9.4,8293
41037,OR,Lake,COPD,10.0,8293
41037,OR,Lake,DIABETES,14.7,8293
41037,OR,Lake,OBESITY,37.7,8293
41037,OR,Lake,STROKE,4.7,8293
41039,OR,Lane,ARTHRITIS,29.2,381181
41039,OR,Lane,BPHIGH,33.3,381181
41039,OR,Lane,CANCER,9.5,381181
41039,OR,Lane,CHD,6.8,381181
41039,OR,Lane,COPD,7.5,381181
41039,OR,Lane,DIABETES,10.8,381181
41039,OR,Lane,OBESITY,34.3,381181
41039,OR,Lane,STROKE,3.6,381181
41041,OR,Lincoln,ARTHRITIS,36.2,50821
41041,OR,Lincoln,BPHIGH,41.6,50821
41041,OR,Lincoln,CANCER,12.4,50821
41041,OR,Lincoln,CHD,9.5,50821
41041,OR,Lincoln,COPD,9.8,50821
41041,OR,Lincoln,DIABETES,14.9,50821
41041,OR,Lincoln,OBESITY,35.7,50821
41041,OR,Lincoln,STROKE,4.7,50821
41043,OR,Linn,ARTHRITIS,31.7,131496
41043,OR,Linn,BPHIGH,34.4,131496
41043,OR,Linn,CANCER,9.3,131496
41043,OR,Linn,CHD,7.1,131496
41043,OR,Linn,COPD,8.0,131496
41043,OR,Linn,DIABETES,12.0,131496
41043,OR,Linn,OBESITY,40.1,131496
41043,OR,Linn,STROKE,3.7,131496
41045,OR,Malheur,ARTHRITIS,28.3,32044
41045,OR,Malheur,BPHIGH,36.3,32044
41045,OR,Malheur,CANCER,8.0,32044
41045,OR,Malheur,CHD,7.8,32044
41045,OR,Malheur,COPD,8.6,32044
41045,OR,Malheur,DIABETES,13.9,32044
41045,OR,Malheur,OBESITY,41.2,32044
41045,OR,Malheur,STROKE,4.0,32044
41047,OR,Marion,ARTHRITIS,27.1,346741
41047,OR,Marion,BPHIGH,33.3,346741
41047,OR,Marion,CANCER,8.0,346741
41047,OR,Marion,CHD,6.5,346741
41047,OR,Marion,COPD,7.2,346741
41047,OR,Marion,DIABETES,12.5,346741
41047,OR,Marion,OBESITY,43.4,346741
41047,OR,Marion,STROKE,3.5,346741
41049,OR,Morrow,ARTHRITIS,29.1,12302
41049,OR,Morrow,BPHIGH,35.5,12302
41049,OR,Morrow,CANCER,7.9,12302
41049,OR,Morrow,CHD,7.9,12302
41049,OR,Morrow,COPD,8.9,12302
41049,OR,Morrow,DIABETES,14.5,12302
41049,OR,Morrow,OBESITY,39.2,12302
41049,OR,Morrow,STROKE,4.1,12302
41051,OR,Multnomah,ARTHRITIS,22.3,789698
41051,OR,Multnomah,BPHIGH,28.5,789698
41051,OR,Multnomah,CANCER,7.2,789698
41051,OR,Multnomah,CHD,5.2,789698
41051,OR,Multnomah,COPD,5.3,789698
41051,OR,Multnomah,DIABETES,9.5,789698
41051,OR,Multnomah,OBESITY,28.9,789698
41051,OR,Multnomah,STROKE,2.7,789698
41053,OR,Polk,ARTHRITIS,28.7,89805
41053,OR,Polk,BPHIGH,31.5,89805
41053,OR,Polk,CANCER,9.0,89805
41053,OR,Polk,CHD,6.6,89805
41053,OR,Polk,COPD,7.0,89805
41053,OR,Polk,DIABETES,10.9,89805
41053,OR,Polk,OBESITY,32.5,89805
41053,OR,Polk,STROKE,3.4,89805
41055,OR,Sherman,ARTHRITIS,35.3,1951
41055,OR,Sherman,BPHIGH,40.2,1951
41055,OR,Sherman,CANCER,11.3,1951
41055,OR,Sherman,CHD,9.4,1951
41055,OR,Sherman,COPD,9.9,1951
41055,OR,Sherman,DIABETES,14.2,1951
41055,OR,Sherman,OBESITY,36.6,1951
41055,OR,Sherman,STROKE,4.7,1951
41057,OR,Tillamook,ARTHRITIS,33.3,27417
41057,OR,Tillamook,BPHIGH,37.6,27417
41057,OR,Tillamook,CANCER,11.4,27417
41057,OR,Tillamook,CHD,8.6,27417
41057,OR,Tillamook,COPD,9.0,27417
41057,OR,Tillamook,DIABETES,13.5,27417
41057,OR,Tillamook,OBESITY,32.1,27417
41057,OR,Tillamook,STROKE,4.3,27417
41059,OR,Umatilla,ARTHRITIS,28.0,80053
41059,OR,Umatilla,BPHIGH,32.7,80053
41059,OR,Umatilla,CANCER,8.0,80053
41059,OR,Umatilla,CHD,7.0,80053
41059,OR,Umatilla,COPD,7.8,80053
41059,OR,Umatilla,DIABETES,12.5,80053
41059,OR,Umatilla,OBESITY,37.7,80053
41059,OR,Umatilla,STROKE,3.6,80053
41061,OR,Union,ARTHRITIS,31.6,25944
41061,OR,Union,BPHIGH,35.9,25944
41061,OR,Union,CANCER,9.9,25944
41061,OR,Union,CHD,7.8,25944
41061,OR,Union,COPD,8.4,25944
41061,OR,Union,DIABETES,12.2,25944
41061,OR,Union,OBESITY,35.8,25944
41061,OR,Union,STROKE,3.9,25944
41063,OR,Wallowa,ARTHRITIS,34.5,7674
41063,OR,Wallowa,BPHIGH,38.5,7674
41063,OR,Wallowa,CANCER,12.1,7674
41063,OR,Wallowa,CHD,8.3,7674
41063,OR,Wallowa,COPD,8.2,7674
41063,OR,Wallowa,DIABETES,12.6,7674
41063,OR,Wallowa,OBESITY,34.2,7674
41063,OR,Wallowa,STROKE,4.1,7674
41065,OR,Wasco,ARTHRITIS,30.8,26333
41065,OR,Wasco,BPHIGH,35.4,26333
41065,OR,Wasco,CANCER,9.5,26333
41065,OR,Wasco,CHD,7.9,26333
41065,OR,Wasco,COPD,8.6,26333
41065,OR,Wasco,DIABETES,13.3,26333
41065,OR,Wasco,OBESITY,37.9,26333
41065,OR,Wasco,STROKE,4.0,26333
41067,OR,Washington,ARTHRITIS,22.4,598865
41067,OR,Washington,BPHIGH,29.9,598865
41067,OR,Washington,CANCER,7.6,598865
41067,OR,Washington,CHD,5.0,598865
41067,OR,Washington,COPD,5.0,598865
41067,OR,Washington,DIABETES,9.9,598865
41067,OR,Washington,OBESITY,32.4,598865
41067,OR,Washington,STROKE,2.6,598865
41069,OR,Wheeler,ARTHRITIS,40.5,1436
41069,OR,Wheeler,BPHIGH,45.2,1436
41069,OR,Wheeler,CANCER,13.7,1436
41069,OR,Wheeler,CHD,11.3,1436
41069,OR,Wheeler,COPD,11.4,1436
41069,OR,Wheeler,DIABETES,16.5,1436
41069,OR,Wheeler,OBESITY,35.8,1436
41069,OR,Wheeler,STROKE,5.6,1436
41071,OR,Yamhill,ARTHRITIS,27.5,108644
41071,OR,Yamhill,BPHIGH,33.2,108644
41071,OR,Yamhill,CANCER,8.8,108644
41071,OR,Yamhill,CHD,6.4,108644
41071,OR,Yamhill,COPD,6.8,108644
41071,OR,Yamhill,DIABETES,11.2,108644
41071,OR,Yamhill,OBESITY,37.0,108644
41071,OR,Yamhill,STROKE,3.3,108644
44001,RI,Bristol,ARTHRITIS,26.6,50255
44001,RI,Bristol,BPHIGH,32.4,50255
44001,RI,Bristol,CANCER,10.1,50255
44001,RI,Bristol,CHD,6.0,50255
44001,RI,Bristol,COPD,5.9,50255
44001,RI,Bristol,DIABETES,9.8,50255
44001,RI,Bristol,OBESITY,25.6,50255
44001,RI,Bristol,STROKE,2.9,50255
44003,RI,Kent,ARTHRITIS,28.4,171278
44003,RI,Kent,BPHIGH,36.8,171278
44003,RI,Kent,CANCER,9.4,171278
44003,RI,Kent,CHD,6.4,171278
44003,RI,Kent,COPD,7.0,171278
44003,RI,Kent,DIABETES,11.8,171278
44003,RI,Kent,OBESITY,33.0,171278
44003,RI,Kent,STROKE,3.3,171278
44005,RI,Newport,ARTHRITIS,28.7,83832
44005,RI,Newport,BPHIGH,35.1,83832
44005,RI,Newport,CANCER,11.2,83832
44005,RI,Newport,CHD,6.9,83832
44005,RI,Newport,COPD,6.3,83832
44005,RI,Newport,DIABETES,10.3,83832
44005,RI,Newport,OBESITY,27.4,83832
44005,RI,Newport,STROKE,3.3,83832
44007,RI,Providence,ARTHRITIS,23.7,660615
44007,RI,Providence,BPHIGH,33.0,660615
44007,RI,Providence,CANCER,7.2,660615
44007,RI,Providence,CHD,6.2,660615
44007,RI,Providence,COPD,6.7,660615
44007,RI,Providence,DIABETES,11.6,660615
44007,RI,Providence,OBESITY,33.4,660615
44007,RI,Providence,STROKE,3.2,660615
44009,RI,Washington,ARTHRITIS,26.9,129982
44009,RI,Washington,BPHIGH,33.1,129982
44009,RI,Washington,CANCER,10.2,129982
44009,RI,Washington,CHD,6.4,129982
44009,RI,Washington,COPD,6.3,129982
44009,RI,Washington,DIABETES,9.0,129982
44009,RI,Washington,OBESITY,27.0,129982
44009,RI,Washington,STROKE,3.1,129982
45001,SC,Abbeville,ARTHRITIS,33.2,24434
45001,SC,Abbeville,BPHIGH,43.7,24434
45001,SC,Abbeville,CANCER,9.3,24434
45001,SC,Abbeville,CHD,8.6,24434
45001,SC,Abbeville,COPD,9.9,24434
45001,SC,Abbeville,DIABETES,16.9,24434
45001,SC,Abbeville,OBESITY,37.6,24434
45001,SC,Abbeville,STROKE,5.0,24434
45003,SC,Aiken,ARTHRITIS,29.2,177130
45003,SC,Aiken,BPHIGH,38.9,177130
45003,SC,Aiken,CANCER,9.2,177130
45003,SC,Aiken,CHD,7.1,177130
45003,SC,Aiken,COPD,7.5,177130
45003,SC,Aiken,DIABETES,13.9,177130
45003,SC,Aiken,OBESITY,34.4,177130
45003,SC,Aiken,STROKE,4.1,177130
45005,SC,Allendale,ARTHRITIS,32.9,7369
45005,SC,Allendale,BPHIGH,50.1,7369
45005,SC,Allendale,CANCER,6.9,7369
45005,SC,Allendale,CHD,9.1,7369
45005,SC,Allendale,COPD,10.7,7369
45005,SC,Allendale,DIABETES,21.6,7369
45005,SC,Allendale,OBESITY,46.7,7369
45005,SC,Allendale,STROKE,6.4,7369
45007,SC,Anderson,ARTHRITIS,31.5,213076
45007,SC,Anderson,BPHIGH,38.0,213076
45007,SC,Anderson,CANCER,9.1,213076
45007,SC,Anderson,CHD,7.2,213076
45007,SC,Anderson,COPD,8.2,213076
45007,SC,Anderson,DIABETES,13.3,213076
45007,SC,Anderson,OBESITY,36.3,213076
45007,SC,Anderson,STROKE,4.0,213076
45009,SC,Bamberg,ARTHRITIS,33.1,12974
45009,SC,Bamberg,BPHIGH,47.1,12974
45009,SC,Bamberg,CANCER,8.0,12974
45009,SC,Bamberg,CHD,8.7,12974
45009,SC,Bamberg,COPD,9.9,12974
45009,SC,Bamberg,DIABETES,19.5,12974
45009,SC,Bamberg,OBESITY,42.0,12974
45009,SC,Bamberg,STROKE,5.9,12974
45011,SC,Barnwell,ARTHRITIS,31.7,20447
45011,SC,Barnwell,BPHIGH,45.7,20447
45011,SC,Barnwell,CANCER,8.2,20447
45011,SC,Barnwell,CHD,9.2,20447
45011,SC,Barnwell,COPD,11.6,20447
45011,SC,Barnwell,DIABETES,19.4,20447
45011,SC,Barnwell,OBESITY,44.2,20447
45011,SC,Barnwell,STROKE,5.9,20447
45013,SC,Beaufort,ARTHRITIS,30.3,198979
45013,SC,Beaufort,BPHIGH,38.2,198979
45013,SC,Beaufort,CANCER,11.4,198979
45013,SC,Beaufort,CHD,7.5,198979
45013,SC,Beaufort,COPD,7.0,198979
45013,SC,Beaufort,DIABETES,12.7,198979
45013,SC,Beaufort,OBESITY,29.6,198979
45013,SC,Beaufort,STROKE,4.0,198979
45015,SC,Berkeley,ARTHRITIS,25.5,255217
45015,SC,Berkeley,BPHIGH,36.4,255217
45015,SC,Berkeley,CANCER,7.4,255217
45015,SC,Berkeley,CHD,5.6,255217
45015,SC,Berkeley,COPD,6.2,255217
45015,SC,Berkeley,DIABETES,12.9,255217
45015,SC,Berkeley,OBESITY,37.9,255217
45015,SC,Berkeley,STROKE,3.3,255217
45017,SC,Calhoun,ARTHRITIS,33.1,14186
45017,SC,Calhoun,BPHIGH,45.3,14186
45017,SC,Calhoun,CANCER,9.3,14186
45017,SC,Calhoun,CHD,8.2,14186
45017,SC,Calhoun,COPD,8.8,14186
45017,SC,Calhoun,DIABETES,17.3,14186
45017,SC,Calhoun,OBESITY,40.7,14186
45017,SC,Calhoun,STROKE,5.0,14186
45019,SC,Charleston,ARTHRITIS,25.2,424367
45019,SC,Charleston,BPHIGH,32.3,424367
45019,SC,Charleston,CANCER,8.4,424367
45019,SC,Charleston,CHD,5.5,424367
45019,SC,Charleston,COPD,5.7,424367
45019,SC,Charleston,DIABETES,11.4,424367
45019,SC,Charleston,OBESITY,30.0,424367
45019,SC,Charleston,STROKE,3.2,424367
45021,SC,Cherokee,ARTHRITIS,30.5,56714
45021,SC,Cherokee,BPHIGH,39.8,56714
45021,SC,Cherokee,CANCER,8.5,56714
45021,SC,Cherokee,CHD,7.7,56714
45021,SC,Cherokee,COPD,9.4,56714
45021,SC,Cherokee,DIABETES,15.0,56714
45021,SC,Cherokee,OBESITY,38.8,56714
45021,SC,Cherokee,STROKE,4.4,56714
45023,SC,Chester,ARTHRITIS,31.5,32226
45023,SC,Chester,BPHIGH,43.8,32226
45023,SC,Chester,CANCER,8.4,32226
45023,SC,Chester,CHD,8.3,32226
45023,SC,Chester,COPD,9.9,32226
45023,SC,Chester,DIABETES,16.9,32226
45023,SC,Chester,OBESITY,37.9,32226
45023,SC,Chester,STROKE,5.1,32226
45025,SC,Chesterfield,ARTHRITIS,32.2,44031
45025,SC,Chesterfield,BPHIGH,44.6,44031
45025,SC,Chesterfield,CANCER,8.3,44031
45025,SC,Chesterfield,CHD,8.5,44031
45025,SC,Chesterfield,COPD,10.3,44031
45025,SC,Chesterfield,DIABETES,18.1,44031
45025,SC,Chesterfield,OBESITY,45.2,44031
45025,SC,Chesterfield,STROKE,5.2,44031
45027,SC,Clarendon,ARTHRITIS,34.2,31004
45027,SC,Clarendon,BPHIGH,48.1,31004
45027,SC,Clarendon,CANCER,9.0,31004
45027,SC,Clarendon,CHD,9.3,31004
45027,SC,Clarendon,COPD,10.5,31004
45027,SC,Clarendon,DIABETES,19.6,31004
45027,SC,Clarendon,OBESITY,38.0,31004
45027,SC,Clarendon,STROKE,5.8,31004
45029,SC,Colleton,ARTHRITIS,32.8,38874
45029,SC,Colleton,BPHIGH,44.1,38874
45029,SC,Colleton,CANCER,8.6,38874
45029,SC,Colleton,CHD,8.4,38874
45029,SC,Colleton,COPD,10.0,38874
45029,SC,Colleton,DIABETES,17.3,38874
45029,SC,Colleton,OBESITY,39.3,38874
45029,SC,Colleton,STROKE,5.2,38874
45031,SC,Darlington,ARTHRITIS,31.9,62416
45031,SC,Darlington,BPHIGH,44.6,62416
45031,SC,Darlington,CANCER,8.1,62416
45031,SC,Darlington,CHD,8.0,62416
45031,SC,Darlington,COPD,9.4,62416
45031,SC,Darlington,DIABETES,17.6,62416
45031,SC,Darlington,OBESITY,45.6,62416
45031,SC,Darlington,STROKE,5.0,62416
45033,SC,Dillon,ARTHRITIS,32.8,27698
45033,SC,Dillon,BPHIGH,47.4,27698
45033,SC,Dillon,CANCER,7.5,27698
45033,SC,Dillon,CHD,9.1,27698
45033,SC,Dillon,COPD,11.8,27698
45033,SC,Dillon,DIABETES,20.3,27698
45033,SC,Dillon,OBESITY,45.3,27698
45033,SC,Dillon,STROKE,6.0,27698
45035,SC,Dorchester,ARTHRITIS,24.7,169833
45035,SC,Dorchester,BPHIGH,35.3,169833
45035,SC,Dorchester,CANCER,7.8,169833
45035,SC,Dorchester,CHD,5.9,169833
45035,SC,Dorchester,COPD,6.5,169833
45035,SC,Dorchester,DIABETES,12.8,169833
45035,SC,Dorchester,OBESITY,35.4,169833
45035,SC,Dorchester,STROKE,3.4,169833
45037,SC,Edgefield,ARTHRITIS,29.1,27607
45037,SC,Edgefield,BPHIGH,40.3,27607
45037,SC,Edgefield,CANCER,8.2,27607
45037,SC,Edgefield,CHD,7.7,27607
45037,SC,Edgefield,COPD,8.8,27607
45037,SC,Edgefield,DIABETES,16.2,27607
45037,SC,Edgefield,OBESITY,39.9,27607
45037,SC,Edgefield,STROKE,4.6,27607
45039,SC,Fairfield,ARTHRITIS,33.7,20422
45039,SC,Fairfield,BPHIGH,49.1,20422
45039,SC,Fairfield,CANCER,8.6,20422
45039,SC,Fairfield,CHD,9.1,20422
45039,SC,Fairfield,COPD,10.3,20422
45039,SC,Fairfield,DIABETES,20.5,20422
45039,SC,Fairfield,OBESITY,45.7,20422
45039,SC,Fairfield,STROKE,5.9,20422
45041,SC,Florence,ARTHRITIS,28.4,137214
45041,SC,Florence,BPHIGH,42.6,137214
45041,SC,Florence,CANCER,7.7,137214
45041,SC,Florence,CHD,7.0,137214
45041,SC,Florence,COPD,8.1,137214
45041,SC,Florence,DIABETES,15.5,137214
45041,SC,Florence,OBESITY,40.6,137214
45041,SC,Florence,STROKE,4.5,137214
45043,SC,Georgetown,ARTHRITIS,32.5,65731
45043,SC,Georgetown,BPHIGH,44.1,65731
45043,SC,Georgetown,CANCER,11.5,65731
45043,SC,Georgetown,CHD,8.6,65731
45043,SC,Georgetown,COPD,8.6,65731
45043,SC,Georgetown,DIABETES,16.9,65731
45043,SC,Georgetown,OBESITY,31.8,65731
45043,SC,Georgetown,STROKE,4.8,65731
45045,SC,Greenville,ARTHRITIS,25.0,558036
45045,SC,Greenville,BPHIGH,35.6,558036
45045,SC,Greenville,CANCER,8.3,558036
45045,SC,Greenville,CHD,6.1,558036
45045,SC,Greenville,COPD,6.4,558036
45045,SC,Greenville,DIABETES,12.2,558036
45045,SC,Greenville,OBESITY,32.5,558036
45045,SC,Greenville,STROKE,3.3,558036
45047,SC,Greenwood,ARTHRITIS,31.6,69460
45047,SC,Greenwood,BPHIGH,40.8,69460
45047,SC,Greenwood,CANCER,8.6,69460
45047,SC,Greenwood,CHD,7.5,69460
45047,SC,Greenwood,COPD,8.6,69460
45047,SC,Greenwood,DIABETES,15.4,69460
45047,SC,Greenwood,OBESITY,36.8,69460
45047,SC,Greenwood,STROKE,4.5,69460
45049,SC,Hampton,ARTHRITIS,30.7,18122
45049,SC,Hampton,BPHIGH,46.7,18122
45049,SC,Hampton,CANCER,7.3,18122
45049,SC,Hampton,CHD,8.6,18122
45049,SC,Hampton,COPD,10.1,18122
45049,SC,Hampton,DIABETES,20.2,18122
45049,SC,Hampton,OBESITY,41.6,18122
45049,SC,Hampton,STROKE,5.6,18122
45051,SC,Horry,ARTHRITIS,33.1,397478
45051,SC,Horry,BPHIGH,42.0,397478
45051,SC,Horry,CANCER,11.1,397478
45051,SC,Horry,CHD,8.1,397478
45051,SC,Horry,COPD,9.0,397478
45051,SC,Horry,DIABETES,14.9,397478
45051,SC,Horry,OBESITY,32.3,397478
45051,SC,Horry,STROKE,4.3,397478
45053,SC,Jasper,ARTHRITIS,31.7,33544
45053,SC,Jasper,BPHIGH,43.3,33544
45053,SC,Jasper,CANCER,9.4,33544
45053,SC,Jasper,CHD,8.3,33544
45053,SC,Jasper,COPD,8.9,33544
45053,SC,Jasper,DIABETES,17.0,33544
45053,SC,Jasper,OBESITY,35.0,33544
45053,SC,Jasper,STROKE,4.8,33544
45055,SC,Kershaw,ARTHRITIS,29.4,69905
45055,SC,Kershaw,BPHIGH,40.1,69905
45055,SC,Kershaw,CANCER,8.8,69905
45055,SC,Kershaw,CHD,7.0,69905
45055,SC,Kershaw,COPD,7.9,69905
45055,SC,Kershaw,DIABETES,14.8,69905
45055,SC,Kershaw,OBESITY,36.6,69905
45055,SC,Kershaw,STROKE,4.1,69905
45057,SC,Lancaster,ARTHRITIS,29.9,108215
45057,SC,Lancaster,BPHIGH,37.3,108215
45057,SC,Lancaster,CANCER,9.6,108215
45057,SC,Lancaster,CHD,7.1,108215
45057,SC,Lancaster,COPD,7.5,108215
45057,SC,Lancaster,DIABETES,14.1,108215
45057,SC,Lancaster,OBESITY,36.1,108215
45057,SC,Lancaster,STROKE,3.9,108215
45059,SC,Laurens,ARTHRITIS,31.4,68873
45059,SC,Laurens,BPHIGH,40.5,68873
45059,SC,Laurens,CANCER,8.6,68873
45059,SC,Laurens,CHD,7.7,68873
45059,SC,Laurens,COPD,9.0,68873
45059,SC,Laurens,DIABETES,15.6,68873
45059,SC,Laurens,OBESITY,36.3,68873
45059,SC,Laurens,STROKE,4.5,68873
45061,SC,Lee,ARTHRITIS,31.9,15967
45061,SC,Lee,BPHIGH,48.3,15967
45061,SC,Lee,CANCER,7.2,15967
45061,SC,Lee,CHD,8.6,15967
45061,SC,Lee,COPD,10.4,15967
45061,SC,Lee,DIABETES,20.1,15967
45061,SC,Lee,OBESITY,43.7,15967
45061,SC,Lee,STROKE,5.9,15967
45063,SC,Lexington,ARTHRITIS,27.8,309528
45063,SC,Lexington,BPHIGH,37.1,309528
45063,SC,Lexington,CANCER,8.6,309528
45063,SC,Lexington,CHD,6.2,309528
45063,SC,Lexington,COPD,6.9,309528
45063,SC,Lexington,DIABETES,12.3,309528
45063,SC,Lexington,OBESITY,36.2,309528
45063,SC,Lexington,STROKE,3.5,309528
45065,SC,McCormick,ARTHRITIS,39.2,9941
45065,SC,McCormick,BPHIGH,51.5,9941
45065,SC,McCormick,CANCER,12.2,9941
45065,SC,McCormick,CHD,11.1,9941
45065,SC,McCormick,COPD,11.0,9941
45065,SC,McCormick,DIABETES,20.6,9941
45065,SC,McCormick,OBESITY,36.9,9941
45065,SC,McCormick,STROKE,6.3,9941
45067,SC,Marion,ARTHRITIS,34.4,28508
45067,SC,Marion,BPHIGH,49.6,28508
45067,SC,Marion,CANCER,7.7,28508
45067,SC,Marion,CHD,9.5,28508
45067,SC,Marion,COPD,11.8,28508
45067,SC,Marion,DIABETES,22.0,28508
45067,SC,Marion,OBESITY,45.3,28508
45067,SC,Marion,STROKE,6.4,28508
45069,SC,Marlboro,ARTHRITIS,31.9,25704
45069,SC,Marlboro,BPHIGH,49.1,25704
45069,SC,Marlboro,CANCER,7.3,25704
45069,SC,Marlboro,CHD,9.0,25704
45069,SC,Marlboro,COPD,11.4,25704
45069,SC,Marlboro,DIABETES,20.5,25704
45069,SC,Marlboro,OBESITY,41.0,25704
45069,SC,Marlboro,STROKE,6.0,25704
45071,SC,Newberry,ARTHRITIS,30.3,38825
45071,SC,Newberry,BPHIGH,42.4,38825
45071,SC,Newberry,CANCER,8.8,38825
45071,SC,Newberry,CHD,7.8,38825
45071,SC,Newberry,COPD,8.7,38825
45071,SC,Newberry,DIABETES,16.1,38825
45071,SC,Newberry,OBESITY,38.1,38825
45071,SC,Newberry,STROKE,4.5,38825
45073,SC,Oconee,ARTHRITIS,34.1,81221
45073,SC,Oconee,BPHIGH,39.8,81221
45073,SC,Oconee,CANCER,10.7,81221
45073,SC,Oconee,CHD,8.7,81221
45073,SC,Oconee,COPD,9.9,81221
45073,SC,Oconee,DIABETES,15.3,81221
45073,SC,Oconee,OBESITY,38.2,81221
45073,SC,Oconee,STROKE,4.6,81221
45075,SC,Orangeburg,ARTHRITIS,32.5,82820
45075,SC,Orangeburg,BPHIGH,47.3,82820
45075,SC,Orangeburg,CANCER,7.5,82820
45075,SC,Orangeburg,CHD,8.4,82820
45075,SC,Orangeburg,COPD,9.6,82820
45075,SC,Orangeburg,DIABETES,19.0,82820
45075,SC,Orangeburg,OBESITY,42.2,82820
45075,SC,Orangeburg,STROKE,5.7,82820
45077,SC,Pickens,ARTHRITIS,26.4,135495
45077,SC,Pickens,BPHIGH,34.9,135495
45077,SC,Pickens,CANCER,8.4,135495
45077,SC,Pickens,CHD,6.7,135495
45077,SC,Pickens,COPD,7.8,135495
45077,SC,Pickens,DIABETES,12.1,135495
45077,SC,Pickens,OBESITY,35.4,135495
45077,SC,Pickens,STROKE,3.6,135495
45079,SC,Richland,ARTHRITIS,25.4,425138
45079,SC,Richland,BPHIGH,36.5,425138
45079,SC,Richland,CANCER,6.3,425138
45079,SC,Richland,CHD,5.4,425138
45079,SC,Richland,COPD,5.8,425138
45079,SC,Richland,DIABETES,13.0,425138
45079,SC,Richland,OBESITY,34.7,425138
45079,SC,Richland,STROKE,3.5,425138
45081,SC,Saluda,ARTHRITIS,31.9,19123
45081,SC,Saluda,BPHIGH,42.4,19123
45081,SC,Saluda,CANCER,9.1,19123
45081,SC,Saluda,CHD,8.5,19123
45081,SC,Saluda,COPD,9.6,19123
45081,SC,Saluda,DIABETES,16.8,19123
45081,SC,Saluda,OBESITY,43.6,19123
45081,SC,Saluda,STROKE,4.9,19123
45083,SC,Spartanburg,ARTHRITIS,28.3,356698
45083,SC,Spartanburg,BPHIGH,38.2,356698
45083,SC,Spartanburg,CANCER,8.0,356698
45083,SC,Spartanburg,CHD,6.5,356698
45083,SC,Spartanburg,COPD,7.5,356698
45083,SC,Spartanburg,DIABETES,13.5,356698
45083,SC,Spartanburg,OBESITY,37.9,356698
45083,SC,Spartanburg,STROKE,3.7,356698
45085,SC,Sumter,ARTHRITIS,29.0,104165
45085,SC,Sumter,BPHIGH,41.6,104165
45085,SC,Sumter,CANCER,7.3,104165
45085,SC,Sumter,CHD,7.0,104165
45085,SC,Sumter,COPD,8.0,104165
45085,SC,Sumter,DIABETES,15.8,104165
45085,SC,Sumter,OBESITY,42.7,104165
45085,SC,Sumter,STROKE,4.6,104165
45087,SC,Union,ARTHRITIS,34.8,26629
45087,SC,Union,BPHIGH,47.4,26629
45087,SC,Union,CANCER,9.0,26629
45087,SC,Union,CHD,9.4,26629
45087,SC,Union,COPD,11.9,26629
45087,SC,Union,DIABETES,19.1,26629
45087,SC,Union,OBESITY,44.0,26629
45087,SC,Union,STROKE,5.8,26629
45089,SC,Williamsburg,ARTHRITIS,32.0,29891
45089,SC,Williamsburg,BPHIGH,49.9,29891
45089,SC,Williamsburg,CANCER,7.5,29891
45089,SC,Williamsburg,CHD,8.6,29891
45089,SC,Williamsburg,COPD,10.0,29891
45089,SC,Williamsburg,DIABETES,20.4,29891
45089,SC,Williamsburg,OBESITY,45.0,29891
45089,SC,Williamsburg,STROKE,6.0,29891
45091,SC,York,ARTHRITIS,25.2,298320
45091,SC,York,BPHIGH,35.5,298320
45091,SC,York,CANCER,8.2,298320
45091,SC,York,CHD,5.3,298320
45091,SC,York,COPD,6.0,298320
45091,SC,York,DIABETES,11.8,298320
45091,SC,York,OBESITY,37.3,298320
45091,SC,York,STROKE,3.1,298320
46003,SD,Aurora,ARTHRITIS,28.0,2782
46003,SD,Aurora,BPHIGH,34.7,2782
46003,SD,Aurora,CANCER,10.0,2782
46003,SD,Aurora,CHD,7.6,2782
46003,SD,Aurora,COPD,7.4,2782
46003,SD,Aurora,DIABETES,12.2,2782
46003,SD,Aurora,OBESITY,36.4,2782
46003,SD,Aurora,STROKE,3.8,2782
46005,SD,Beadle,ARTHRITIS,26.6,19591
46005,SD,Beadle,BPHIGH,34.9,19591
46005,SD,Beadle,CANCER,9.1,19591
46005,SD,Beadle,CHD,7.8,19591
46005,SD,Beadle,COPD,8.1,19591
46005,SD,Beadle,DIABETES,13.4,19591
46005,SD,Beadle,OBESITY,35.4,19591
46005,SD,Beadle,STROKE,4.0,19591
46007,SD,Bennett,ARTHRITIS,28.9,3305
46007,SD,Bennett,BPHIGH,38.9,3305
46007,SD,Bennett,CANCER,7.9,3305
46007,SD,Bennett,CHD,9.8,3305
46007,SD,Bennett,COPD,11.5,3305
46007,SD,Bennett,DIABETES,18.7,3305
46007,SD,Bennett,OBESITY,42.4,3305
46007,SD,Bennett,STROKE,5.7,3305
46009,SD,Bon Homme,ARTHRITIS,27.9,7065
46009,SD,Bon Homme,BPHIGH,36.7,7065
46009,SD,Bon Homme,CANCER,9.7,7065
46009,SD,Bon Homme,CHD,8.1,7065
46009,SD,Bon Homme,COPD,8.0,7065
46009,SD,Bon Homme,DIABETES,12.8,7065
46009,SD,Bon Homme,OBESITY,37.0,7065
46009,SD,Bon Homme,STROKE,4.1,7065
46011,SD,Brookings,ARTHRITIS,18.8,35980
46011,SD,Brookings,BPHIGH,25.5,35980
46011,SD,Brookings,CANCER,7.2,35980
46011,SD,Brookings,CHD,5.0,35980
46011,SD,Brookings,COPD,4.9,35980
46011,SD,Brookings,DIABETES,8.5,35980
46011,SD,Brookings,OBESITY,35.7,35980
46011,SD,Brookings,STROKE,2.5,35980
46013,SD,Brown,ARTHRITIS,27.8,37733
46013,SD,Brown,BPHIGH,31.7,37733
46013,SD,Brown,CANCER,9.3,37733
46013,SD,Brown,CHD,6.5,37733
46013,SD,Brown,COPD,6.3,37733
46013,SD,Brown,DIABETES,11.2,37733
46013,SD,Brown,OBESITY,35.1,37733
46013,SD,Brown,STROKE,3.3,37733
46015,SD,Brule,ARTHRITIS,29.9,5311
46015,SD,Brule,BPHIGH,37.0,5311
46015,SD,Brule,CANCER,10.4,5311
46015,SD,Brule,CHD,8.2,5311
46015,SD,Brule,COPD,8.1,5311
46015,SD,Brule,DIABETES,13.2,5311
46015,SD,Brule,OBESITY,38.2,5311
46015,SD,Brule,STROKE,4.2,5311
46017,SD,Buffalo,ARTHRITIS,25.8,1884
46017,SD,Buffalo,BPHIGH,35.6,1884
46017,SD,Buffalo,CANCER,5.6,1884
46017,SD,Buffalo,CHD,8.0,1884
46017,SD,Buffalo,COPD,9.9,1884
46017,SD,Buffalo,DIABETES,17.5,1884
46017,SD,Buffalo,OBESITY,48.5,1884
46017,SD,Buffalo,STROKE,4.9,1884
46019,SD,Butte,ARTHRITIS,28.8,10863
46019,SD,Butte,BPHIGH,35.8,10863
46019,SD,Butte,CANCER,9.9,10863
46019,SD,Butte,CHD,7.9,10863
46019,SD,Butte,COPD,8.1,10863
46019,SD,Butte,DIABETES,12.5,10863
46019,SD,Butte,OBESITY,35.7,10863
46019,SD,Butte,STROKE,4.0,10863
46021,SD,Campbell,ARTHRITIS,32.9,1340
46021,SD,Campbell,BPHIGH,40.0,1340
46021,SD,Campbell,CANCER,13.0,1340
46021,SD,Campbell,CHD,9.4,1340
46021,SD,Campbell,COPD,8.1,1340
46021,SD,Campbell,DIABETES,13.8,1340
46021,SD,Campbell,OBESITY,33.0,1340
46021,SD,Campbell,STROKE,4.5,1340
46023,SD,Charles Mix,ARTHRITIS,30.0,9240
46023,SD,Charles Mix,BPHIGH,38.3,9240
46023,SD,Charles Mix,CANCER,9.7,9240
46023,SD,Charles Mix,CHD,9.0,9240
46023,SD,Charles Mix,COPD,9.3,9240
46023,SD,Charles Mix,DIABETES,15.3,9240
46023,SD,Charles Mix,OBESITY,40.4,9240
46023,SD,Charles Mix,STROKE,4.7,9240
46025,SD,Clark,ARTHRITIS,29.4,3948
46025,SD,Clark,BPHIGH,36.6,3948
46025,SD,Clark,CANCER,11.0,3948
46025,SD,Clark,CHD,8.6,3948
46025,SD,Clark,COPD,8.4,3948
46025,SD,Clark,DIABETES,13.1,3948
46025,SD,Clark,OBESITY,34.1,3948
46025,SD,Clark,STROKE,4.3,3948
46027,SD,Clay,ARTHRITIS,18.3,15431
46027,SD,Clay,BPHIGH,24.5,15431
46027,SD,Clay,CANCER,6.4,15431
46027,SD,Clay,CHD,4.9,15431
46027,SD,Clay,COPD,5.1,15431
46027,SD,Clay,DIABETES,8.1,15431
46027,SD,Clay,OBESITY,34.7,15431
46027,SD,Clay,STROKE,2.5,15431
46029,SD,Codington,ARTHRITIS,27.5,28971
46029,SD,Codington,BPHIGH,33.2,28971
46029,SD,Codington,CANCER,10.0,28971
46029,SD,Codington,CHD,7.4,28971
46029,SD,Codington,COPD,7.3,28971
46029,SD,Codington,DIABETES,12.1,28971
46029,SD,Codington,OBESITY,35.9,28971
46029,SD,Codington,STROKE,3.8,28971
46031,SD,Corson,ARTHRITIS,30.5,3782
46031,SD,Corson,BPHIGH,40.1,3782
46031,SD,Corson,CANCER,7.6,3782
46031,SD,Corson,CHD,10.4,3782
46031,SD,Corson,COPD,12.5,3782
46031,SD,Corson,DIABETES,19.9,3782
46031,SD,Corson,OBESITY,43.5,3782
46031,SD,Corson,STROKE,6.0,3782
46033,SD,Custer,ARTHRITIS,33.8,9117
46033,SD,Custer,BPHIGH,40.3,9117
46033,SD,Custer,CANCER,13.0,9117
46033,SD,Custer,CHD,8.9,9117
46033,SD,Custer,COPD,7.9,9117
46033,SD,Custer,DIABETES,13.9,9117
46033,SD,Custer,OBESITY,33.9,9117
46033,SD,Custer,STROKE,4.3,9117
46035,SD,Davison,ARTHRITIS,27.8,19922
46035,SD,Davison,BPHIGH,35.6,19922
46035,SD,Davison,CANCER,10.0,19922
46035,SD,Davison,CHD,7.5,19922
46035,SD,Davison,COPD,7.5,19922
46035,SD,Davison,DIABETES,12.2,19922
46035,SD,Davison,OBESITY,38.0,19922
46035,SD,Davison,STROKE,3.8,19922
46037,SD,Day,ARTHRITIS,32.1,5451
46037,SD,Day,BPHIGH,39.2,5451
46037,SD,Day,CANCER,11.7,5451
46037,SD,Day,CHD,9.5,5451
46037,SD,Day,COPD,9.0,5451
46037,SD,Day,DIABETES,14.7,5451
46037,SD,Day,OBESITY,34.8,5451
46037,SD,Day,STROKE,4.7,5451
46039,SD,Deuel,ARTHRITIS,28.3,4354
46039,SD,Deuel,BPHIGH,34.6,4354
46039,SD,Deuel,CANCER,10.6,4354
46039,SD,Deuel,CHD,7.6,4354
46039,SD,Deuel,COPD,7.3,4354
46039,SD,Deuel,DIABETES,11.9,4354
46039,SD,Deuel,OBESITY,33.3,4354
46039,SD,Deuel,STROKE,3.8,4354
46041,SD,Dewey,ARTHRITIS,26.8,5208
46041,SD,Dewey,BPHIGH,38.1,5208
46041,SD,Dewey,CANCER,6.4,5208
46041,SD,Dewey,CHD,8.3,5208
46041,SD,Dewey,COPD,10.3,5208
46041,SD,Dewey,DIABETES,18.0,5208
46041,SD,Dewey,OBESITY,43.6,5208
46041,SD,Dewey,STROKE,5.1,5208
46043,SD,Douglas,ARTHRITIS,30.9,2838
46043,SD,Douglas,BPHIGH,38.2,2838
46043,SD,Douglas,CANCER,11.4,2838
46043,SD,Douglas,CHD,8.9,2838
46043,SD,Douglas,COPD,8.5,2838
46043,SD,Douglas,DIABETES,13.6,2838
46043,SD,Douglas,OBESITY,35.1,2838
46043,SD,Douglas,STROKE,4.4,2838
46045,SD,Edmunds,ARTHRITIS,30.0,4057
46045,SD,Edmunds,BPHIGH,36.5,4057
46045,SD,Edmunds,CANCER,11.3,4057
46045,SD,Edmunds,CHD,8.1,4057
46045,SD,Edmunds,COPD,7.6,4057
46045,SD,Edmunds,DIABETES,12.4,4057
46045,SD,Edmunds,OBESITY,33.7,4057
46045,SD,Edmunds,STROKE,4.0,4057
46047,SD,Fall River,ARTHRITIS,34.8,7393
46047,SD,Fall River,BPHIGH,43.1,7393
46047,SD,Fall River,CANCER,12.1,7393
46047,SD,Fall River,CHD,10.5,7393
46047,SD,Fall River,COPD,10.2,7393
46047,SD,Fall River,DIABETES,16.4,7393
46047,SD,Fall River,OBESITY,38.0,7393
46047,SD,Fall River,STROKE,5.2,7393
46049,SD,Faulk,ARTHRITIS,31.6,2151
46049,SD,Faulk,BPHIGH,38.6,2151
46049,SD,Faulk,CANCER,11.1,2151
46049,SD,Faulk,CHD,9.5,2151
46049,SD,Faulk,COPD,9.4,2151
46049,SD,Faulk,DIABETES,14.4,2151
46049,SD,Faulk,OBESITY,36.3,2151
46049,SD,Faulk,STROKE,4.7,2151
46051,SD,Grant,ARTHRITIS,29.6,7553
46051,SD,Grant,BPHIGH,36.5,7553
46051,SD,Grant,CANCER,11.2,7553
46051,SD,Grant,CHD,8.2,7553
46051,SD,Grant,COPD,7.7,7553
46051,SD,Grant,DIABETES,12.8,7553
46051,SD,Grant,OBESITY,37.3,7553
46051,SD,Grant,STROKE,4.1,7553
46053,SD,Gregory,ARTHRITIS,31.2,4018
46053,SD,Gregory,BPHIGH,38.9,4018
46053,SD,Gregory,CANCER,11.6,4018
46053,SD,Gregory,CHD,9.2,4018
46053,SD,Gregory,COPD,8.8,4018
46053,SD,Gregory,DIABETES,14.1,4018
46053,SD,Gregory,OBESITY,35.9,4018
46053,SD,Gregory,STROKE,4.6,4018
46055,SD,Haakon,ARTHRITIS,30.7,1851
46055,SD,Haakon,BPHIGH,38.0,1851
46055,SD,Haakon,CANCER,11.7,1851
46055,SD,Haakon,CHD,9.1,1851
46055,SD,Haakon,COPD,8.5,1851
46055,SD,Haakon,DIABETES,13.5,1851
46055,SD,Haakon,OBESITY,33.7,1851
46055,SD,Haakon,STROKE,4.5,1851
46057,SD,Hamlin,ARTHRITIS,23.9,6451
46057,SD,Hamlin,BPHIGH,30.3,6451
46057,SD,Hamlin,CANCER,8.7,6451
46057,SD,Hamlin,CHD,6.2,6451
46057,SD,Hamlin,COPD,6.1,6451
46057,SD,Hamlin,DIABETES,10.1,6451
46057,SD,Hamlin,OBESITY,34.6,6451
46057,SD,Hamlin,STROKE,3.1,6451
46059,SD,Hand,ARTHRITIS,29.5,3107
46059,SD,Hand,BPHIGH,35.7,3107
46059,SD,Hand,CANCER,11.6,3107
46059,SD,Hand,CHD,7.9,3107
46059,SD,Hand,COPD,7.0,3107
46059,SD,Hand,DIABETES,11.9,3107
46059,SD,Hand,OBESITY,33.9,3107
46059,SD,Hand,STROKE,3.8,3107
46061,SD,Hanson,ARTHRITIS,26.7,3471
46061,SD,Hanson,BPHIGH,33.9,3471
46061,SD,Hanson,CANCER,9.1,3471
46061,SD,Hanson,CHD,6.9,3471
46061,SD,Hanson,COPD,7.4,3471
46061,SD,Hanson,DIABETES,12.1,3471
46061,SD,Hanson,OBESITY,36.6,3471
46061,SD,Hanson,STROKE,3.5,3471
46063,SD,Harding,ARTHRITIS,27.1,1324
46063,SD,Harding,BPHIGH,34.0,1324
46063,SD,Harding,CANCER,10.5,1324
46063,SD,Harding,CHD,7.0,1324
46063,SD,Harding,COPD,6.3,1324
46063,SD,Harding,DIABETES,11.2,1324
46063,SD,Harding,OBESITY,35.3,1324
46063,SD,Harding,STROKE,3.4,1324
46065,SD,Hughes,ARTHRITIS,25.5,17624
46065,SD,Hughes,BPHIGH,32.0,17624
46065,SD,Hughes,CANCER,9.6,17624
46065,SD,Hughes,CHD,6.3,17624
46065,SD,Hughes,COPD,5.9,17624
46065,SD,Hughes,DIABETES,10.8,17624
46065,SD,Hughes,OBESITY,34.0,17624
46065,SD,Hughes,STROKE,3.2,17624
46067,SD,Hutchinson,ARTHRITIS,28.5,7394
46067,SD,Hutchinson,BPHIGH,35.3,7394
46067,SD,Hutchinson,CANCER,10.8,7394
46067,SD,Hutchinson,CHD,7.7,7394
46067,SD,Hutchinson,COPD,7.3,7394
46067,SD,Hutchinson,DIABETES,12.1,7394
46067,SD,Hutchinson,OBESITY,34.4,7394
46067,SD,Hutchinson,STROKE,3.8,7394
46069,SD,Hyde,ARTHRITIS,30.6,1186
46069,SD,Hyde,BPHIGH,37.4,1186
46069,SD,Hyde,CANCER,11.0,1186
46069,SD,Hyde,CHD,8.8,1186
46069,SD,Hyde,COPD,8.4,1186
46069,SD,Hyde,DIABETES,13.6,1186
46069,SD,Hyde,OBESITY,35.3,1186
46069,SD,Hyde,STROKE,4.4,1186
46071,SD,Jackson,ARTHRITIS,28.9,2776
46071,SD,Jackson,BPHIGH,40.2,2776
46071,SD,Jackson,CANCER,8.0,2776
46071,SD,Jackson,CHD,10.3,2776
46071,SD,Jackson,COPD,12.3,2776
46071,SD,Jackson,DIABETES,18.6,2776
46071,SD,Jackson,OBESITY,40.9,2776
46071,SD,Jackson,STROKE,6.0,2776
46073,SD,Jerauld,ARTHRITIS,32.1,1660
46073,SD,Jerauld,BPHIGH,39.2,1660
46073,SD,Jerauld,CANCER,12.4,1660
46073,SD,Jerauld,CHD,8.9,1660
46073,SD,Jerauld,COPD,8.1,1660
46073,SD,Jerauld,DIABETES,13.8,1660
46073,SD,Jerauld,OBESITY,35.6,1660
46073,SD,Jerauld,STROKE,4.4,1660
46075,SD,Jones,ARTHRITIS,32.8,855
46075,SD,Jones,BPHIGH,41.0,855
46075,SD,Jones,CANCER,12.2,855
46075,SD,Jones,CHD,9.5,855
46075,SD,Jones,COPD,8.8,855
46075,SD,Jones,DIABETES,14.7,855
46075,SD,Jones,OBESITY,35.4,855
46075,SD,Jones,STROKE,4.6,855
46077,SD,Kingsbury,ARTHRITIS,28.9,5276
46077,SD,Kingsbury,BPHIGH,35.5,5276
46077,SD,Kingsbury,CANCER,10.9,5276
46077,SD,Kingsbury,CHD,7.9,5276
46077,SD,Kingsbury,COPD,7.4,5276
46077,SD,Kingsbury,DIABETES,12.1,5276
46077,SD,Kingsbury,OBESITY,35.6,5276
46077,SD,Kingsbury,STROKE,3.9,5276
46079,SD,Lake,ARTHRITIS,28.1,11031
46079,SD,Lake,BPHIGH,35.8,11031
46079,SD,Lake,CANCER,10.7,11031
46079,SD,Lake,CHD,7.5,11031
46079,SD,Lake,COPD,6.8,11031
46079,SD,Lake,DIABETES,12.0,11031
46079,SD,Lake,OBESITY,32.5,11031
46079,SD,Lake,STROKE,3.6,11031
46081,SD,Lawrence,ARTHRITIS,29.0,28053
46081,SD,Lawrence,BPHIGH,33.0,28053
46081,SD,Lawrence,CANCER,10.8,28053
46081,SD,Lawrence,CHD,7.6,28053
46081,SD,Lawrence,COPD,7.1,28053
46081,SD,Lawrence,DIABETES,11.4,28053
46081,SD,Lawrence,OBESITY,32.7,28053
46081,SD,Lawrence,STROKE,3.8,28053
46083,SD,Lincoln,ARTHRITIS,22.0,73238
46083,SD,Lincoln,BPHIGH,28.9,73238
46083,SD,Lincoln,CANCER,8.8,73238
46083,SD,Lincoln,CHD,5.1,73238
46083,SD,Lincoln,COPD,4.8,73238
46083,SD,Lincoln,DIABETES,8.8,73238
46083,SD,Lincoln,OBESITY,34.9,73238
46083,SD,Lincoln,STROKE,2.6,73238
46085,SD,Lyman,ARTHRITIS,29.5,3705
46085,SD,Lyman,BPHIGH,38.7,3705
46085,SD,Lyman,CANCER,9.2,3705
46085,SD,Lyman,CHD,9.2,3705
46085,SD,Lyman,COPD,9.5,3705
46085,SD,Lyman,DIABETES,15.8,3705
46085,SD,Lyman,OBESITY,40.1,3705
46085,SD,Lyman,STROKE,4.8,3705
46087,SD,McCook,ARTHRITIS,26.6,5809
46087,SD,McCook,BPHIGH,32.8,5809
46087,SD,McCook,CANCER,9.9,5809
46087,SD,McCook,CHD,6.7,5809
46087,SD,McCook,COPD,6.4,5809
46087,SD,McCook,DIABETES,11.0,5809
46087,SD,McCook,OBESITY,36.1,5809
46087,SD,McCook,STROKE,3.4,5809
46089,SD,McPherson,ARTHRITIS,33.6,2334
46089,SD,McPherson,BPHIGH,40.9,2334
46089,SD,McPherson,CANCER,12.5,2334
46089,SD,McPherson,CHD,10.3,2334
46089,SD,McPherson,COPD,9.7,2334
46089,SD,McPherson,DIABETES,14.8,2334
46089,SD,McPherson,OBESITY,34.9,2334
46089,SD,McPherson,STROKE,5.1,2334
46091,SD,Marshall,ARTHRITIS,29.5,4390
46091,SD,Marshall,BPHIGH,36.0,4390
46091,SD,Marshall,CANCER,10.7,4390
46091,SD,Marshall,CHD,7.8,4390
46091,SD,Marshall,COPD,7.3,4390
46091,SD,Marshall,DIABETES,12.7,4390
46091,SD,Marshall,OBESITY,35.9,4390
46091,SD,Marshall,STROKE,3.9,4390
46093,SD,Meade,ARTHRITIS,25.5,30954
46093,SD,Meade,BPHIGH,31.3,30954
46093,SD,Meade,CANCER,8.8,30954
46093,SD,Meade,CHD,6.1,30954
46093,SD,Meade,COPD,6.0,30954
46093,SD,Meade,DIABETES,9.5,30954
46093,SD,Meade,OBESITY,30.4,30954
46093,SD,Meade,STROKE,3.0,30954
46095,SD,Mellette,ARTHRITIS,31.4,1851
46095,SD,Mellette,BPHIGH,42.5,1851
46095,SD,Mellette,CANCER,8.3,1851
46095,SD,Mellette,CHD,11.5,1851
46095,SD,Mellette,COPD,13.7,1851
46095,SD,Mellette,DIABETES,21.1,1851
46095,SD,Mellette,OBESITY,45.6,1851
46095,SD,Mellette,STROKE,6.6,1851
46097,SD,Miner,ARTHRITIS,30.3,2280
46097,SD,Miner,BPHIGH,37.7,2280
46097,SD,Miner,CANCER,11.1,2280
46097,SD,Miner,CHD,8.6,2280
46097,SD,Miner,COPD,8.2,2280
46097,SD,Miner,DIABETES,13.3,2280
46097,SD,Miner,OBESITY,35.7,2280
46097,SD,Miner,STROKE,4.3,2280
46099,SD,Minnehaha,ARTHRITIS,22.9,206930
46099,SD,Minnehaha,BPHIGH,31.7,206930
46099,SD,Minnehaha,CANCER,8.0,206930
46099,SD,Minnehaha,CHD,5.5,206930
46099,SD,Minnehaha,COPD,5.6,206930
46099,SD,Minnehaha,DIABETES,10.6,206930
46099,SD,Minnehaha,OBESITY,37.4,206930
46099,SD,Minnehaha,STROKE,2.8,206930
46101,SD,Moody,ARTHRITIS,27.3,6450
46101,SD,Moody,BPHIGH,34.1,6450
46101,SD,Moody,CANCER,10.1,6450
46101,SD,Moody,CHD,7.2,6450
46101,SD,Moody,COPD,6.7,6450
46101,SD,Moody,DIABETES,12.1,6450
46101,SD,Moody,OBESITY,33.6,6450
46101,SD,Moody,STROKE,3.7,6450
46102,SD,Oglala Lakota,ARTHRITIS,26.7,13434
46102,SD,Oglala Lakota,BPHIGH,38.9,13434
46102,SD,Oglala Lakota,CANCER,5.1,13434
46102,SD,Oglala Lakota,CHD,9.7,13434
46102,SD,Oglala Lakota,COPD,13.6,13434
46102,SD,Oglala Lakota,DIABETES,21.1,13434
46102,SD,Oglala Lakota,OBESITY,47.0,13434
46102,SD,Oglala Lakota,STROKE,6.3,13434
46103,SD,Pennington,ARTHRITIS,26.8,115903
46103,SD,Pennington,BPHIGH,34.6,115903
46103,SD,Pennington,CANCER,9.4,115903
46103,SD,Pennington,CHD,7.0,115903
46103,SD,Pennington,COPD,6.8,115903
46103,SD,Pennington,DIABETES,12.1,115903
46103,SD,Pennington,OBESITY,33.7,115903
46103,SD,Pennington,STROKE,3.5,115903
46105,SD,Perkins,ARTHRITIS,32.4,2834
46105,SD,Perkins,BPHIGH,38.7,2834
46105,SD,Perkins,CANCER,12.0,2834
46105,SD,Perkins,CHD,9.3,2834
46105,SD,Perkins,COPD,8.9,2834
46105,SD,Perkins,DIABETES,14.3,2834
46105,SD,Perkins,OBESITY,36.0,2834
46105,SD,Perkins,STROKE,4.6,2834
46107,SD,Potter,ARTHRITIS,31.3,2413
46107,SD,Potter,BPHIGH,37.9,2413
46107,SD,Potter,CANCER,12.2,2413
46107,SD,Potter,CHD,8.5,2413
46107,SD,Potter,COPD,7.4,2413
46107,SD,Potter,DIABETES,13.1,2413
46107,SD,Potter,OBESITY,34.8,2413
46107,SD,Potter,STROKE,4.1,2413
46109,SD,Roberts,ARTHRITIS,31.3,10206
46109,SD,Roberts,BPHIGH,39.6,10206
46109,SD,Roberts,CANCER,10.1,10206
46109,SD,Roberts,CHD,9.5,10206
46109,SD,Roberts,COPD,9.7,10206
46109,SD,Roberts,DIABETES,16.3,10206
46109,SD,Roberts,OBESITY,43.0,10206
46109,SD,Roberts,STROKE,5.0,10206
46111,SD,Sanborn,ARTHRITIS,29.1,2399
46111,SD,Sanborn,BPHIGH,35.9,2399
46111,SD,Sanborn,CANCER,10.4,2399
46111,SD,Sanborn,CHD,7.8,2399
46111,SD,Sanborn,COPD,7.8,2399
46111,SD,Sanborn,DIABETES,12.6,2399
46111,SD,Sanborn,OBESITY,36.3,2399
46111,SD,Sanborn,STROKE,3.9,2399
46115,SD,Spink,ARTHRITIS,30.0,6166
46115,SD,Spink,BPHIGH,37.3,6166
46115,SD,Spink,CANCER,11.4,6166
46115,SD,Spink,CHD,8.3,6166
46115,SD,Spink,COPD,8.0,6166
46115,SD,Spink,DIABETES,12.9,6166
46115,SD,Spink,OBESITY,36.0,6166
46115,SD,Spink,STROKE,4.2,6166
46117,SD,Stanley,ARTHRITIS,27.7,3043
46117,SD,Stanley,BPHIGH,33.6,3043
46117,SD,Stanley,CANCER,10.6,3043
46117,SD,Stanley,CHD,6.9,3043
46117,SD,Stanley,COPD,6.3,3043
46117,SD,Stanley,DIABETES,11.1,3043
46117,SD,Stanley,OBESITY,35.2,3043
46117,SD,Stanley,STROKE,3.4,3043
46119,SD,Sully,ARTHRITIS,29.6,1494
46119,SD,Sully,BPHIGH,37.6,1494
46119,SD,Sully,CANCER,11.6,1494
46119,SD,Sully,CHD,8.1,1494
46119,SD,Sully,COPD,7.1,1494
46119,SD,Sully,DIABETES,12.5,1494
46119,SD,Sully,OBESITY,34.7,1494
46119,SD,Sully,STROKE,3.9,1494
46121,SD,Todd,ARTHRITIS,27.1,9199
46121,SD,Todd,BPHIGH,38.5,9199
46121,SD,Todd,CANCER,5.5,9199
46121,SD,Todd,CHD,9.5,9199
46121,SD,Todd,COPD,13.2,9199
46121,SD,Todd,DIABETES,20.7,9199
46121,SD,Todd,OBESITY,49.3,9199
46121,SD,Todd,STROKE,6.2,9199
46123,SD,Tripp,ARTHRITIS,31.9,5621
46123,SD,Tripp,BPHIGH,39.9,5621
46123,SD,Tripp,CANCER,11.1,5621
46123,SD,Tripp,CHD,9.8,5621
46123,SD,Tripp,COPD,10.0,5621
46123,SD,Tripp,DIABETES,15.3,5621
46123,SD,Tripp,OBESITY,37.0,5621
46123,SD,Tripp,STROKE,5.0,5621
46125,SD,Turner,ARTHRITIS,27.7,9027
46125,SD,Turner,BPHIGH,34.3,9027
46125,SD,Turner,CANCER,10.1,9027
46125,SD,Turner,CHD,7.3,9027
46125,SD,Turner,COPD,7.1,9027
46125,SD,Turner,DIABETES,11.8,9027
46125,SD,Turner,OBESITY,34.0,9027
46125,SD,Turner,STROKE,3.6,9027
46127,SD,Union,ARTHRITIS,25.1,17183
46127,SD,Union,BPHIGH,32.0,17183
46127,SD,Union,CANCER,9.9,17183
46127,SD,Union,CHD,6.4,17183
46127,SD,Union,COPD,5.9,17183
46127,SD,Union,DIABETES,10.6,17183
46127,SD,Union,OBESITY,31.2,17183
46127,SD,Union,STROKE,3.2,17183
46129,SD,Walworth,ARTHRITIS,30.1,5269
46129,SD,Walworth,BPHIGH,36.7,5269
46129,SD,Walworth,CANCER,10.9,5269
46129,SD,Walworth,CHD,8.4,5269
46129,SD,Walworth,COPD,7.9,5269
46129,SD,Walworth,DIABETES,13.4,5269
46129,SD,Walworth,OBESITY,34.3,5269
46129,SD,Walworth,STROKE,4.2,5269
46135,SD,Yankton,ARTHRITIS,27.5,23517
46135,SD,Yankton,BPHIGH,35.0,23517
46135,SD,Yankton,CANCER,10.2,23517
46135,SD,Yankton,CHD,7.1,23517
46135,SD,Yankton,COPD,6.7,23517
46135,SD,Yankton,DIABETES,11.8,23517
46135,SD,Yankton,OBESITY,38.3,23517
46135,SD,Yankton,STROKE,3.6,23517
46137,SD,Ziebach,ARTHRITIS,28.3,2322
46137,SD,Ziebach,BPHIGH,39.4,2322
46137,SD,Ziebach,CANCER,6.7,2322
46137,SD,Ziebach,CHD,9.2,2322
46137,SD,Ziebach,COPD,11.2,2322
46137,SD,Ziebach,DIABETES,18.7,2322
46137,SD,Ziebach,OBESITY,47.2,2322
46137,SD,Ziebach,STROKE,5.5,2322
47001,TN,Anderson,ARTHRITIS,34.2,80234
47001,TN,Anderson,BPHIGH,41.8,80234
47001,TN,Anderson,CANCER,9.4,80234
47001,TN,Anderson,CHD,7.8,80234
47001,TN,Anderson,COPD,9.5,80234
47001,TN,Anderson,DIABETES,14.1,80234
47001,TN,Anderson,OBESITY,42.0,80234
47001,TN,Anderson,STROKE,3.9,80234
47003,TN,Bedford,ARTHRITIS,30.3,53055
47003,TN,Bedford,BPHIGH,39.4,53055
47003,TN,Bedford,CANCER,7.8,53055
47003,TN,Bedford,CHD,7.0,53055
47003,TN,Bedford,COPD,9.2,53055
47003,TN,Bedford,DIABETES,13.5,53055
47003,TN,Bedford,OBESITY,44.4,53055
47003,TN,Bedford,STROKE,3.7,53055
47005,TN,Benton,ARTHRITIS,38.3,16103
47005,TN,Benton,BPHIGH,46.0,16103
47005,TN,Benton,CANCER,10.4,16103
47005,TN,Benton,CHD,10.0,16103
47005,TN,Benton,COPD,12.7,16103
47005,TN,Benton,DIABETES,16.9,16103
47005,TN,Benton,OBESITY,40.8,16103
47005,TN,Benton,STROKE,5.0,16103
47007,TN,Bledsoe,ARTHRITIS,37.3,15060
47007,TN,Bledsoe,BPHIGH,45.7,15060
47007,TN,Bledsoe,CANCER,9.4,15060
47007,TN,Bledsoe,CHD,10.2,15060
47007,TN,Bledsoe,COPD,13.5,15060
47007,TN,Bledsoe,DIABETES,17.3,15060
47007,TN,Bledsoe,OBESITY,41.9,15060
47007,TN,Bledsoe,STROKE,5.2,15060
47009,TN,Blount,ARTHRITIS,33.5,141456
47009,TN,Blount,BPHIGH,40.8,141456
47009,TN,Blount,CANCER,9.8,141456
47009,TN,Blount,CHD,7.5,141456
47009,TN,Blount,COPD,9.0,141456
47009,TN,Blount,DIABETES,13.4,141456
47009,TN,Blount,OBESITY,36.3,141456
47009,TN,Blount,STROKE,3.7,141456
47011,TN,Bradley,ARTHRITIS,31.2,111579
47011,TN,Bradley,BPHIGH,40.8,111579
47011,TN,Bradley,CANCER,8.8,111579
47011,TN,Bradley,CHD,7.3,111579
47011,TN,Bradley,COPD,9.0,111579
47011,TN,Bradley,DIABETES,13.4,111579
47011,TN,Bradley,OBESITY,41.5,111579
47011,TN,Bradley,STROKE,3.7,111579
47013,TN,Campbell,ARTHRITIS,35.9,40223
47013,TN,Campbell,BPHIGH,43.5,40223
47013,TN,Campbell,CANCER,9.6,40223
47013,TN,Campbell,CHD,9.3,40223
47013,TN,Campbell,COPD,12.4,40223
47013,TN,Campbell,DIABETES,15.7,40223
47013,TN,Campbell,OBESITY,42.6,40223
47013,TN,Campbell,STROKE,4.7,40223
47015,TN,Cannon,ARTHRITIS,34.2,15063
47015,TN,Cannon,BPHIGH,41.5,15063
47015,TN,Cannon,CANCER,9.2,15063
47015,TN,Cannon,CHD,8.2,15063
47015,TN,Cannon,COPD,10.8,15063
47015,TN,Cannon,DIABETES,14.5,15063
47015,TN,Cannon,OBESITY,43.1,15063
47015,TN,Cannon,STROKE,4.2,15063
47017,TN,Carroll,ARTHRITIS,34.3,28860
47017,TN,Carroll,BPHIGH,42.0,28860
47017,TN,Carroll,CANCER,9.1,28860
47017,TN,Carroll,CHD,8.4,28860
47017,TN,Carroll,COPD,10.5,28860
47017,TN,Carroll,DIABETES,15.2,28860
47017,TN,Carroll,OBESITY,42.8,28860
47017,TN,Carroll,STROKE,4.4,28860
47019,TN,Carter,ARTHRITIS,37.2,57022
47019,TN,Carter,BPHIGH,44.7,57022
47019,TN,Carter,CANCER,10.1,57022
47019,TN,Carter,CHD,9.3,57022
47019,TN,Carter,COPD,11.6,57022
47019,TN,Carter,DIABETES,15.9,57022
47019,TN,Carter,OBESITY,37.9,57022
47019,TN,Carter,STROKE,4.6,57022
47021,TN,Cheatham,ARTHRITIS,31.0,42254
47021,TN,Cheatham,BPHIGH,38.1,42254
47021,TN,Cheatham,CANCER,8.7,42254
47021,TN,Cheatham,CHD,6.6,42254
47021,TN,Cheatham,COPD,8.2,42254
47021,TN,Cheatham,DIABETES,12.4,42254
47021,TN,Cheatham,OBESITY,39.6,42254
47021,TN,Cheatham,STROKE,3.3,42254
47023,TN,Chester,ARTHRITIS,31.3,17606
47023,TN,Chester,BPHIGH,39.8,17606
47023,TN,Chester,CANCER,8.3,17606
47023,TN,Chester,CHD,7.5,17606
47023,TN,Chester,COPD,9.8,17606
47023,TN,Chester,DIABETES,13.9,17606
47023,TN,Chester,OBESITY,39.0,17606
47023,TN,Chester,STROKE,3.9,17606
47025,TN,Claiborne,ARTHRITIS,34.9,32654
47025,TN,Claiborne,BPHIGH,42.6,32654
47025,TN,Claiborne,CANCER,9.3,32654
47025,TN,Claiborne,CHD,8.5,32654
47025,TN,Claiborne,COPD,11.3,32654
47025,TN,Claiborne,DIABETES,15.0,32654
47025,TN,Claiborne,OBESITY,42.3,32654
47025,TN,Claiborne,STROKE,4.3,32654
47027,TN,Clay,ARTHRITIS,39.6,7714
47027,TN,Clay,BPHIGH,47.4,7714
47027,TN,Clay,CANCER,10.8,7714
47027,TN,Clay,CHD,10.8,7714
47027,TN,Clay,COPD,13.8,7714
47027,TN,Clay,DIABETES,17.8,7714
47027,TN,Clay,OBESITY,39.9,7714
47027,TN,Clay,STROKE,5.4,7714
47029,TN,Cocke,ARTHRITIS,37.7,37404
47029,TN,Cocke,BPHIGH,45.5,37404
47029,TN,Cocke,CANCER,9.9,37404
47029,TN,Cocke,CHD,10.0,37404
47029,TN,Cocke,COPD,13.4,37404
47029,TN,Cocke,DIABETES,17.2,37404
47029,TN,Cocke,OBESITY,40.3,37404
47029,TN,Cocke,STROKE,5.1,37404
47031,TN,Coffee,ARTHRITIS,32.7,60633
47031,TN,Coffee,BPHIGH,41.6,60633
47031,TN,Coffee,CANCER,8.9,60633
47031,TN,Coffee,CHD,7.9,60633
47031,TN,Coffee,COPD,10.0,60633
47031,TN,Coffee,DIABETES,13.9,60633
47031,TN,Coffee,OBESITY,39.5,60633
47031,TN,Coffee,STROKE,4.0,60633
47033,TN,Crockett,ARTHRITIS,32.7,13982
47033,TN,Crockett,BPHIGH,42.7,13982
47033,TN,Crockett,CANCER,8.6,13982
47033,TN,Crockett,CHD,8.0,13982
47033,TN,Crockett,COPD,10.0,13982
47033,TN,Crockett,DIABETES,15.5,13982
47033,TN,Crockett,OBESITY,42.1,13982
47033,TN,Crockett,STROKE,4.4,13982
47035,TN,Cumberland,ARTHRITIS,40.1,64760
47035,TN,Cumberland,BPHIGH,49.0,64760
47035,TN,Cumberland,CANCER,12.3,64760
47035,TN,Cumberland,CHD,10.9,64760
47035,TN,Cumberland,COPD,12.7,64760
47035,TN,Cumberland,DIABETES,17.3,64760
47035,TN,Cumberland,OBESITY,39.5,64760
47035,TN,Cumberland,STROKE,5.3,64760
47037,TN,Davidson,ARTHRITIS,25.6,712334
47037,TN,Davidson,BPHIGH,33.3,712334
47037,TN,Davidson,CANCER,6.3,712334
47037,TN,Davidson,CHD,5.1,712334
47037,TN,Davidson,COPD,6.2,712334
47037,TN,Davidson,DIABETES,11.2,712334
47037,TN,Davidson,OBESITY,32.3,712334
47037,TN,Davidson,STROKE,2.9,712334
47039,TN,Decatur,ARTHRITIS,38.3,11656
47039,TN,Decatur,BPHIGH,46.5,11656
47039,TN,Decatur,CANCER,10.2,11656
47039,TN,Decatur,CHD,10.4,11656
47039,TN,Decatur,COPD,13.6,11656
47039,TN,Decatur,DIABETES,17.8,11656
47039,TN,Decatur,OBESITY,43.0,11656
47039,TN,Decatur,STROKE,5.3,11656
47041,TN,DeKalb,ARTHRITIS,35.1,21225
47041,TN,DeKalb,BPHIGH,43.6,21225
47041,TN,DeKalb,CANCER,9.1,21225
47041,TN,DeKalb,CHD,8.9,21225
47041,TN,DeKalb,COPD,11.8,21225
47041,TN,DeKalb,DIABETES,15.9,21225
47041,TN,DeKalb,OBESITY,40.4,21225
47041,TN,DeKalb,STROKE,4.5,21225
47043,TN,Dickson,ARTHRITIS,31.7,56729
47043,TN,Dickson,BPHIGH,37.6,56729
47043,TN,Dickson,CANCER,8.7,56729
47043,TN,Dickson,CHD,6.8,56729
47043,TN,Dickson,COPD,8.6,56729
47043,TN,Dickson,DIABETES,12.7,56729
47043,TN,Dickson,OBESITY,37.6,56729
47043,TN,Dickson,STROKE,3.5,56729
47045,TN,Dyer,ARTHRITIS,34.1,36498
47045,TN,Dyer,BPHIGH,42.6,36498
47045,TN,Dyer,CANCER,8.7,36498
47045,TN,Dyer,CHD,8.0,36498
47045,TN,Dyer,COPD,10.2,36498
47045,TN,Dyer,DIABETES,14.9,36498
47045,TN,Dyer,OBESITY,39.4,36498
47045,TN,Dyer,STROKE,4.2,36498
47047,TN,Fayette,ARTHRITIS,34.8,44175
47047,TN,Fayette,BPHIGH,45.1,44175
47047,TN,Fayette,CANCER,9.5,44175
47047,TN,Fayette,CHD,8.0,44175
47047,TN,Fayette,COPD,8.9,44175
47047,TN,Fayette,DIABETES,15.9,44175
47047,TN,Fayette,OBESITY,39.0,44175
47047,TN,Fayette,STROKE,4.3,44175
47049,TN,Fentress,ARTHRITIS,38.6,19696
47049,TN,Fentress,BPHIGH,45.6,19696
47049,TN,Fentress,CANCER,10.3,19696
47049,TN,Fentress,CHD,10.0,19696
47049,TN,Fentress,COPD,13.3,19696
47049,TN,Fentress,DIABETES,17.1,19696
47049,TN,Fentress,OBESITY,44.9,19696
47049,TN,Fentress,STROKE,5.1,19696
47051,TN,Franklin,ARTHRITIS,32.8,44654
47051,TN,Franklin,BPHIGH,40.7,44654
47051,TN,Franklin,CANCER,9.4,44654
47051,TN,Franklin,CHD,7.8,44654
47051,TN,Franklin,COPD,9.5,44654
47051,TN,Franklin,DIABETES,13.9,44654
47051,TN,Franklin,OBESITY,35.0,44654
47051,TN,Franklin,STROKE,3.9,44654
47053,TN,Gibson,ARTHRITIS,33.6,51045
47053,TN,Gibson,BPHIGH,41.5,51045
47053,TN,Gibson,CANCER,8.4,51045
47053,TN,Gibson,CHD,7.6,51045
47053,TN,Gibson,COPD,9.9,51045
47053,TN,Gibson,DIABETES,14.7,51045
47053,TN,Gibson,OBESITY,39.6,51045
47053,TN,Gibson,STROKE,4.2,51045
47055,TN,Giles,ARTHRITIS,34.6,30721
47055,TN,Giles,BPHIGH,43.1,30721
47055,TN,Giles,CANCER,9.5,30721
47055,TN,Giles,CHD,8.4,30721
47055,TN,Giles,COPD,10.5,30721
47055,TN,Giles,DIABETES,15.4,30721
47055,TN,Giles,OBESITY,39.8,30721
47055,TN,Giles,STROKE,4.4,30721
47057,TN,Grainger,ARTHRITIS,36.5,24681
47057,TN,Grainger,BPHIGH,43.3,24681
47057,TN,Grainger,CANCER,9.9,24681
47057,TN,Grainger,CHD,9.1,24681
47057,TN,Grainger,COPD,11.6,24681
47057,TN,Grainger,DIABETES,15.7,24681
47057,TN,Grainger,OBESITY,41.2,24681
47057,TN,Grainger,STROKE,4.5,24681
47059,TN,Greene,ARTHRITIS,35.6,72577
47059,TN,Greene,BPHIGH,42.3,72577
47059,TN,Greene,CANCER,9.9,72577
47059,TN,Greene,CHD,8.9,72577
47059,TN,Greene,COPD,11.3,72577
47059,TN,Greene,DIABETES,15.4,72577
47059,TN,Greene,OBESITY,40.6,72577
47059,TN,Greene,STROKE,4.4,72577
47061,TN,Grundy,ARTHRITIS,37.4,13955
47061,TN,Grundy,BPHIGH,44.5,13955
47061,TN,Grundy,CANCER,9.5,13955
47061,TN,Grundy,CHD,9.6,13955
47061,TN,Grundy,COPD,13.1,13955
47061,TN,Grundy,DIABETES,16.5,13955
47061,TN,Grundy,OBESITY,40.6,13955
47061,TN,Grundy,STROKE,5.0,13955
47063,TN,Hamblen,ARTHRITIS,33.4,66216
47063,TN,Hamblen,BPHIGH,41.4,66216
47063,TN,Hamblen,CANCER,8.7,66216
47063,TN,Hamblen,CHD,8.2,66216
47063,TN,Hamblen,COPD,10.6,66216
47063,TN,Hamblen,DIABETES,15.2,66216
47063,TN,Hamblen,OBESITY,40.5,66216
47063,TN,Hamblen,STROKE,4.3,66216
47065,TN,Hamilton,ARTHRITIS,29.4,379864
47065,TN,Hamilton,BPHIGH,38.3,379864
47065,TN,Hamilton,CANCER,8.4,379864
47065,TN,Hamilton,CHD,6.6,379864
47065,TN,Hamilton,COPD,7.7,379864
47065,TN,Hamilton,DIABETES,12.7,379864
47065,TN,Hamilton,OBESITY,34.5,379864
47065,TN,Hamilton,STROKE,3.6,379864
47067,TN,Hancock,ARTHRITIS,40.8,6956
47067,TN,Hancock,BPHIGH,49.5,6956
47067,TN,Hancock,CANCER,10.1,6956
47067,TN,Hancock,CHD,12.1,6956
47067,TN,Hancock,COPD,17.6,6956
47067,TN,Hancock,DIABETES,20.3,6956
47067,TN,Hancock,OBESITY,43.0,6956
47067,TN,Hancock,STROKE,6.3,6956
47069,TN,Hardeman,ARTHRITIS,32.7,25567
47069,TN,Hardeman,BPHIGH,45.9,25567
47069,TN,Hardeman,CANCER,7.4,25567
47069,TN,Hardeman,CHD,8.3,25567
47069,TN,Hardeman,COPD,10.5,25567
47069,TN,Hardeman,DIABETES,17.2,25567
47069,TN,Hardeman,OBESITY,43.7,25567
47069,TN,Hardeman,STROKE,4.9,25567
47071,TN,Hardin,ARTHRITIS,38.3,27229
47071,TN,Hardin,BPHIGH,45.7,27229
47071,TN,Hardin,CANCER,10.4,27229
47071,TN,Hardin,CHD,10.1,27229
47071,TN,Hardin,COPD,13.0,27229
47071,TN,Hardin,DIABETES,17.1,27229
47071,TN,Hardin,OBESITY,38.1,27229
47071,TN,Hardin,STROKE,5.1,27229
47073,TN,Hawkins,ARTHRITIS,37.1,58600
47073,TN,Hawkins,BPHIGH,43.9,58600
47073,TN,Hawkins,CANCER,10.0,58600
47073,TN,Hawkins,CHD,9.2,58600
47073,TN,Hawkins,COPD,11.8,58600
47073,TN,Hawkins,DIABETES,16.0,58600
47073,TN,Hawkins,OBESITY,41.1,58600
47073,TN,Hawkins,STROKE,4.6,58600
47075,TN,Haywood,ARTHRITIS,36.8,17328
47075,TN,Haywood,BPHIGH,51.2,17328
47075,TN,Haywood,CANCER,7.7,17328
47075,TN,Haywood,CHD,9.4,17328
47075,TN,Haywood,COPD,12.0,17328
47075,TN,Haywood,DIABETES,20.7,17328
47075,TN,Haywood,OBESITY,46.6,17328
47075,TN,Haywood,STROKE,5.9,17328
47077,TN,Henderson,ARTHRITIS,35.2,28070
47077,TN,Henderson,BPHIGH,43.0,28070
47077,TN,Henderson,CANCER,9.1,28070
47077,TN,Henderson,CHD,8.4,28070
47077,TN,Henderson,COPD,10.9,28070
47077,TN,Henderson,DIABETES,15.4,28070
47077,TN,Henderson,OBESITY,38.8,28070
47077,TN,Henderson,STROKE,4.4,28070
47079,TN,Henry,ARTHRITIS,38.1,32554
47079,TN,Henry,BPHIGH,45.1,32554
47079,TN,Henry,CANCER,10.3,32554
47079,TN,Henry,CHD,9.7,32554
47079,TN,Henry,COPD,12.1,32554
47079,TN,Henry,DIABETES,16.9,32554
47079,TN,Henry,OBESITY,38.2,32554
47079,TN,Henry,STROKE,5.0,32554
47081,TN,Hickman,ARTHRITIS,33.4,25826
47081,TN,Hickman,BPHIGH,41.4,25826
47081,TN,Hickman,CANCER,8.9,25826
47081,TN,Hickman,CHD,7.9,25826
47081,TN,Hickman,COPD,10.3,25826
47081,TN,Hickman,DIABETES,14.1,25826
47081,TN,Hickman,OBESITY,38.4,25826
47081,TN,Hickman,STROKE,4.1,25826
47083,TN,Houston,ARTHRITIS,34.5,8393
47083,TN,Houston,BPHIGH,42.4,8393
47083,TN,Houston,CANCER,9.5,8393
47083,TN,Houston,CHD,8.3,8393
47083,TN,Houston,COPD,10.5,8393
47083,TN,Houston,DIABETES,14.7,8393
47083,TN,Houston,OBESITY,39.5,8393
47083,TN,Houston,STROKE,4.2,8393
47085,TN,Humphreys,ARTHRITIS,35.0,19209
47085,TN,Humphreys,BPHIGH,42.4,19209
47085,TN,Humphreys,CANCER,9.6,19209
47085,TN,Humphreys,CHD,8.5,19209
47085,TN,Humphreys,COPD,10.9,19209
47085,TN,Humphreys,DIABETES,15.0,19209
47085,TN,Humphreys,OBESITY,41.2,19209
47085,TN,Humphreys,STROKE,4.3,19209
47087,TN,Jackson,ARTHRITIS,37.7,12363
47087,TN,Jackson,BPHIGH,44.8,12363
47087,TN,Jackson,CANCER,10.2,12363
47087,TN,Jackson,CHD,10.1,12363
47087,TN,Jackson,COPD,13.1,12363
47087,TN,Jackson,DIABETES,17.0,12363
47087,TN,Jackson,OBESITY,39.4,12363
47087,TN,Jackson,STROKE,5.0,12363
47089,TN,Jefferson,ARTHRITIS,34.2,57838
47089,TN,Jefferson,BPHIGH,40.9,57838
47089,TN,Jefferson,CANCER,9.8,57838
47089,TN,Jefferson,CHD,8.0,57838
47089,TN,Jefferson,COPD,9.7,57838
47089,TN,Jefferson,DIABETES,13.6,57838
47089,TN,Jefferson,OBESITY,37.3,57838
47089,TN,Jefferson,STROKE,4.0,57838
47091,TN,Johnson,ARTHRITIS,38.0,18375
47091,TN,Johnson,BPHIGH,46.2,18375
47091,TN,Johnson,CANCER,10.1,18375
47091,TN,Johnson,CHD,10.1,18375
47091,TN,Johnson,COPD,13.3,18375
47091,TN,Johnson,DIABETES,17.5,18375
47091,TN,Johnson,OBESITY,40.0,18375
47091,TN,Johnson,STROKE,5.1,18375
47093,TN,Knox,ARTHRITIS,28.7,500669
47093,TN,Knox,BPHIGH,36.5,500669
47093,TN,Knox,CANCER,8.3,500669
47093,TN,Knox,CHD,6.2,500669
47093,TN,Knox,COPD,7.4,500669
47093,TN,Knox,DIABETES,12.0,500669
47093,TN,Knox,OBESITY,33.5,500669
47093,TN,Knox,STROKE,3.2,500669
47095,TN,Lake,ARTHRITIS,33.5,6347
47095,TN,Lake,BPHIGH,48.3,6347
47095,TN,Lake,CANCER,7.2,6347
47095,TN,Lake,CHD,9.8,6347
47095,TN,Lake,COPD,14.3,6347
47095,TN,Lake,DIABETES,19.0,6347
47095,TN,Lake,OBESITY,47.2,6347
47095,TN,Lake,STROKE,5.6,6347
47097,TN,Lauderdale,ARTHRITIS,33.4,24610
47097,TN,Lauderdale,BPHIGH,45.5,24610
47097,TN,Lauderdale,CANCER,7.5,24610
47097,TN,Lauderdale,CHD,8.3,24610
47097,TN,Lauderdale,COPD,11.2,24610
47097,TN,Lauderdale,DIABETES,17.2,24610
47097,TN,Lauderdale,OBESITY,47.2,24610
47097,TN,Lauderdale,STROKE,4.9,24610
47099,TN,Lawrence,ARTHRITIS,34.0,46114
47099,TN,Lawrence,BPHIGH,42.0,46114
47099,TN,Lawrence,CANCER,9.1,46114
47099,TN,Lawrence,CHD,8.5,46114
47099,TN,Lawrence,COPD,11.2,46114
47099,TN,Lawrence,DIABETES,14.9,46114
47099,TN,Lawrence,OBESITY,41.5,46114
47099,TN,Lawrence,STROKE,4.3,46114
47101,TN,Lewis,ARTHRITIS,35.0,13066
47101,TN,Lewis,BPHIGH,42.0,13066
47101,TN,Lewis,CANCER,9.7,13066
47101,TN,Lewis,CHD,8.6,13066
47101,TN,Lewis,COPD,11.1,13066
47101,TN,Lewis,DIABETES,14.9,13066
47101,TN,Lewis,OBESITY,39.2,13066
47101,TN,Lewis,STROKE,4.4,13066
47103,TN,Lincoln,ARTHRITIS,34.4,36169
47103,TN,Lincoln,BPHIGH,42.1,36169
47103,TN,Lincoln,CANCER,9.5,36169
47103,TN,Lincoln,CHD,8.0,36169
47103,TN,Lincoln,COPD,10.0,36169
47103,TN,Lincoln,DIABETES,14.8,36169
47103,TN,Lincoln,OBESITY,40.5,36169
47103,TN,Lincoln,STROKE,4.2,36169
47105,TN,Loudon,ARTHRITIS,36.6,60591
47105,TN,Loudon,BPHIGH,44.8,60591
47105,TN,Loudon,CANCER,11.5,60591
47105,TN,Loudon,CHD,9.0,60591
47105,TN,Loudon,COPD,9.9,60591
47105,TN,Loudon,DIABETES,15.1,60591
47105,TN,Loudon,OBESITY,36.4,60591
47105,TN,Loudon,STROKE,4.3,60591
47107,TN,McMinn,ARTHRITIS,35.2,55678
47107,TN,McMinn,BPHIGH,43.3,55678
47107,TN,McMinn,CANCER,9.6,55678
47107,TN,McMinn,CHD,8.3,55678
47107,TN,McMinn,COPD,10.5,55678
47107,TN,McMinn,DIABETES,15.4,55678
47107,TN,McMinn,OBESITY,46.8,55678
47107,TN,McMinn,STROKE,4.2,55678
47109,TN,McNairy,ARTHRITIS,35.5,26163
47109,TN,McNairy,BPHIGH,44.3,26163
47109,TN,McNairy,CANCER,9.5,26163
47109,TN,McNairy,CHD,9.0,26163
47109,TN,McNairy,COPD,11.8,26163
47109,TN,McNairy,DIABETES,16.2,26163
47109,TN,McNairy,OBESITY,39.4,26163
47109,TN,McNairy,STROKE,4.7,26163
47111,TN,Macon,ARTHRITIS,32.3,26793
47111,TN,Macon,BPHIGH,39.4,26793
47111,TN,Macon,CANCER,8.4,26793
47111,TN,Macon,CHD,7.9,26793
47111,TN,Macon,COPD,10.9,26793
47111,TN,Macon,DIABETES,14.6,26793
47111,TN,Macon,OBESITY,43.1,26793
47111,TN,Macon,STROKE,4.1,26793
47113,TN,Madison,ARTHRITIS,31.9,99193
47113,TN,Madison,BPHIGH,43.7,99193
47113,TN,Madison,CANCER,7.8,99193
47113,TN,Madison,CHD,7.7,99193
47113,TN,Madison,COPD,9.1,99193
47113,TN,Madison,DIABETES,16.2,99193
47113,TN,Madison,OBESITY,43.8,99193
47113,TN,Madison,STROKE,4.3,99193
47115,TN,Marion,ARTHRITIS,36.2,29382
47115,TN,Marion,BPHIGH,44.0,29382
47115,TN,Marion,CANCER,9.7,29382
47115,TN,Marion,CHD,9.2,29382
47115,TN,Marion,COPD,11.9,29382
47115,TN,Marion,DIABETES,16.2,29382
47115,TN,Marion,OBESITY,40.6,29382
47115,TN,Marion,STROKE,4.7,29382
47117,TN,Marshall,ARTHRITIS,31.4,36961
47117,TN,Marshall,BPHIGH,39.9,36961
47117,TN,Marshall,CANCER,8.5,36961
47117,TN,Marshall,CHD,7.1,36961
47117,TN,Marshall,COPD,9.1,36961
47117,TN,Marshall,DIABETES,13.6,36961
47117,TN,Marshall,OBESITY,40.0,36961
47117,TN,Marshall,STROKE,3.7,36961
47119,TN,Maury,ARTHRITIS,30.2,110760
47119,TN,Maury,BPHIGH,39.0,110760
47119,TN,Maury,CANCER,8.5,110760
47119,TN,Maury,CHD,6.6,110760
47119,TN,Maury,COPD,7.8,110760
47119,TN,Maury,DIABETES,12.6,110760
47119,TN,Maury,OBESITY,35.2,110760
47119,TN,Maury,STROKE,3.4,110760
47121,TN,Meigs,ARTHRITIS,35.6,13691
47121,TN,Meigs,BPHIGH,44.9,13691
47121,TN,Meigs,CANCER,9.8,13691
47121,TN,Meigs,CHD,9.3,13691
47121,TN,Meigs,COPD,11.9,13691
47121,TN,Meigs,DIABETES,15.9,13691
47121,TN,Meigs,OBESITY,40.8,13691
47121,TN,Meigs,STROKE,4.7,13691
47123,TN,Monroe,ARTHRITIS,35.7,48594
47123,TN,Monroe,BPHIGH,45.2,48594
47123,TN,Monroe,CANCER,10.0,48594
47123,TN,Monroe,CHD,9.3,48594
47123,TN,Monroe,COPD,11.8,48594
47123,TN,Monroe,DIABETES,15.9,48594
47123,TN,Monroe,OBESITY,39.1,48594
47123,TN,Monroe,STROKE,4.7,48594
47125,TN,Montgomery,ARTHRITIS,24.4,239872
47125,TN,Montgomery,BPHIGH,33.9,239872
47125,TN,Montgomery,CANCER,5.9,239872
47125,TN,Montgomery,CHD,4.8,239872
47125,TN,Montgomery,COPD,6.1,239872
47125,TN,Montgomery,DIABETES,10.8,239872
47125,TN,Montgomery,OBESITY,38.4,239872
47125,TN,Montgomery,STROKE,2.7,239872
47127,TN,Moore,ARTHRITIS,35.1,6748
47127,TN,Moore,BPHIGH,42.7,6748
47127,TN,Moore,CANCER,10.1,6748
47127,TN,Moore,CHD,8.5,6748
47127,TN,Moore,COPD,10.2,6748
47127,TN,Moore,DIABETES,14.7,6748
47127,TN,Moore,OBESITY,38.8,6748
47127,TN,Moore,STROKE,4.2,6748
47129,TN,Morgan,ARTHRITIS,34.0,21573
47129,TN,Morgan,BPHIGH,42.4,21573
47129,TN,Morgan,CANCER,9.0,21573
47129,TN,Morgan,CHD,8.5,21573
47129,TN,Morgan,COPD,11.1,21573
47129,TN,Morgan,DIABETES,14.8,21573
47129,TN,Morgan,OBESITY,43.4,21573
47129,TN,Morgan,STROKE,4.3,21573
47131,TN,Obion,ARTHRITIS,35.9,30411
47131,TN,Obion,BPHIGH,43.7,30411
47131,TN,Obion,CANCER,9.4,30411
47131,TN,Obion,CHD,9.0,30411
47131,TN,Obion,COPD,11.4,30411
47131,TN,Obion,DIABETES,16.2,30411
47131,TN,Obion,OBESITY,40.2,30411
47131,TN,Obion,STROKE,4.7,30411
47133,TN,Overton,ARTHRITIS,36.3,23327
47133,TN,Overton,BPHIGH,43.5,23327
47133,TN,Overton,CANCER,9.5,23327
47133,TN,Overton,CHD,9.1,23327
47133,TN,Overton,COPD,12.3,23327
47133,TN,Overton,DIABETES,15.7,23327
47133,TN,Overton,OBESITY,40.9,23327
47133,TN,Overton,STROKE,4.6,23327
47135,TN,Perry,ARTHRITIS,36.4,8891
47135,TN,Perry,BPHIGH,44.6,8891
47135,TN,Perry,CANCER,9.6,8891
47135,TN,Perry,CHD,9.6,8891
47135,TN,Perry,COPD,12.8,8891
47135,TN,Perry,DIABETES,16.4,8891
47135,TN,Perry,OBESITY,40.1,8891
47135,TN,Perry,STROKE,4.9,8891
47137,TN,Pickett,ARTHRITIS,41.5,5128
47137,TN,Pickett,BPHIGH,49.0,5128
47137,TN,Pickett,CANCER,11.6,5128
47137,TN,Pickett,CHD,12.1,5128
47137,TN,Pickett,COPD,15.2,5128
47137,TN,Pickett,DIABETES,19.1,5128
47137,TN,Pickett,OBESITY,41.8,5128
47137,TN,Pickett,STROKE,5.9,5128
47139,TN,Polk,ARTHRITIS,36.4,18033
47139,TN,Polk,BPHIGH,43.8,18033
47139,TN,Polk,CANCER,9.9,18033
47139,TN,Polk,CHD,8.7,18033
47139,TN,Polk,COPD,11.0,18033
47139,TN,Polk,DIABETES,15.1,18033
47139,TN,Polk,OBESITY,43.7,18033
47139,TN,Polk,STROKE,4.3,18033
47141,TN,Putnam,ARTHRITIS,29.1,83844
47141,TN,Putnam,BPHIGH,37.0,83844
47141,TN,Putnam,CANCER,8.1,83844
47141,TN,Putnam,CHD,6.9,83844
47141,TN,Putnam,COPD,8.9,83844
47141,TN,Putnam,DIABETES,12.4,83844
47141,TN,Putnam,OBESITY,37.5,83844
47141,TN,Putnam,STROKE,3.5,83844
47143,TN,Rhea,ARTHRITIS,35.8,33924
47143,TN,Rhea,BPHIGH,43.2,33924
47143,TN,Rhea,CANCER,9.4,33924
47143,TN,Rhea,CHD,8.7,33924
47143,TN,Rhea,COPD,11.4,33924
47143,TN,Rhea,DIABETES,15.7,33924
47143,TN,Rhea,OBESITY,42.5,33924
47143,TN,Rhea,STROKE,4.4,33924
47145,TN,Roane,ARTHRITIS,37.0,56096
47145,TN,Roane,BPHIGH,43.3,56096
47145,TN,Roane,CANCER,10.4,56096
47145,TN,Roane,CHD,8.8,56096
47145,TN,Roane,COPD,10.5,56096
47145,TN,Roane,DIABETES,14.7,56096
47145,TN,Roane,OBESITY,37.0,56096
47145,TN,Roane,STROKE,4.4,56096
47147,TN,Robertson,ARTHRITIS,29.5,76776
47147,TN,Robertson,BPHIGH,38.2,76776
47147,TN,Robertson,CANCER,8.2,76776
47147,TN,Robertson,CHD,6.6,76776
47147,TN,Robertson,COPD,8.2,76776
47147,TN,Robertson,DIABETES,12.7,76776
47147,TN,Robertson,OBESITY,37.0,76776
47147,TN,Robertson,STROKE,3.4,76776
47149,TN,Rutherford,ARTHRITIS,26.1,367101
47149,TN,Rutherford,BPHIGH,34.0,367101
47149,TN,Rutherford,CANCER,6.6,367101
47149,TN,Rutherford,CHD,5.0,367101
47149,TN,Rutherford,COPD,6.2,367101
47149,TN,Rutherford,DIABETES,10.9,367101
47149,TN,Rutherford,OBESITY,37.9,367101
47149,TN,Rutherford,STROKE,2.7,367101
47151,TN,Scott,ARTHRITIS,35.6,22171
47151,TN,Scott,BPHIGH,44.1,22171
47151,TN,Scott,CANCER,8.9,22171
47151,TN,Scott,CHD,9.6,22171
47151,TN,Scott,COPD,13.8,22171
47151,TN,Scott,DIABETES,16.6,22171
47151,TN,Scott,OBESITY,43.4,22171
47151,TN,Scott,STROKE,4.9,22171
47153,TN,Sequatchie,ARTHRITIS,36.5,17161
47153,TN,Sequatchie,BPHIGH,44.7,17161
47153,TN,Sequatchie,CANCER,9.8,17161
47153,TN,Sequatchie,CHD,9.8,17161
47153,TN,Sequatchie,COPD,12.8,17161
47153,TN,Sequatchie,DIABETES,16.7,17161
47153,TN,Sequatchie,OBESITY,39.4,17161
47153,TN,Sequatchie,STROKE,4.9,17161
47155,TN,Sevier,ARTHRITIS,34.2,99415
47155,TN,Sevier,BPHIGH,40.8,99415
47155,TN,Sevier,CANCER,9.7,99415
47155,TN,Sevier,CHD,8.2,99415
47155,TN,Sevier,COPD,10.1,99415
47155,TN,Sevier,DIABETES,14.4,99415
47155,TN,Sevier,OBESITY,38.4,99415
47155,TN,Sevier,STROKE,4.1,99415
47157,TN,Shelby,ARTHRITIS,27.4,910042
47157,TN,Shelby,BPHIGH,43.0,910042
47157,TN,Shelby,CANCER,6.5,910042
47157,TN,Shelby,CHD,6.5,910042
47157,TN,Shelby,COPD,7.9,910042
47157,TN,Shelby,DIABETES,15.9,910042
47157,TN,Shelby,OBESITY,39.7,910042
47157,TN,Shelby,STROKE,4.2,910042
47159,TN,Smith,ARTHRITIS,32.7,20538
47159,TN,Smith,BPHIGH,39.1,20538
47159,TN,Smith,CANCER,9.0,20538
47159,TN,Smith,CHD,7.5,20538
47159,TN,Smith,COPD,9.7,20538
47159,TN,Smith,DIABETES,13.5,20538
47159,TN,Smith,OBESITY,39.1,20538
47159,TN,Smith,STROKE,3.8,20538
47161,TN,Stewart,ARTHRITIS,34.3,14222
47161,TN,Stewart,BPHIGH,41.4,14222
47161,TN,Stewart,CANCER,9.7,14222
47161,TN,Stewart,CHD,8.0,14222
47161,TN,Stewart,COPD,9.8,14222
47161,TN,Stewart,DIABETES,14.0,14222
47161,TN,Stewart,OBESITY,38.1,14222
47161,TN,Stewart,STROKE,4.0,14222
47163,TN,Sullivan,ARTHRITIS,36.1,162135
47163,TN,Sullivan,BPHIGH,42.0,162135
47163,TN,Sullivan,CANCER,10.2,162135
47163,TN,Sullivan,CHD,8.5,162135
47163,TN,Sullivan,COPD,10.3,162135
47163,TN,Sullivan,DIABETES,15.2,162135
47163,TN,Sullivan,OBESITY,37.8,162135
47163,TN,Sullivan,STROKE,4.2,162135
47165,TN,Sumner,ARTHRITIS,31.3,207994
47165,TN,Sumner,BPHIGH,37.0,207994
47165,TN,Sumner,CANCER,8.7,207994
47165,TN,Sumner,CHD,6.4,207994
47165,TN,Sumner,COPD,7.5,207994
47165,TN,Sumner,DIABETES,12.2,207994
47165,TN,Sumner,OBESITY,40.6,207994
47165,TN,Sumner,STROKE,3.3,207994
47167,TN,Tipton,ARTHRITIS,31.4,62015
47167,TN,Tipton,BPHIGH,42.1,62015
47167,TN,Tipton,CANCER,8.0,62015
47167,TN,Tipton,CHD,7.0,62015
47167,TN,Tipton,COPD,8.9,62015
47167,TN,Tipton,DIABETES,14.2,62015
47167,TN,Tipton,OBESITY,44.1,62015
47167,TN,Tipton,STROKE,3.8,62015
47169,TN,Trousdale,ARTHRITIS,26.6,12271
47169,TN,Trousdale,BPHIGH,35.9,12271
47169,TN,Trousdale,CANCER,6.5,12271
47169,TN,Trousdale,CHD,6.0,12271
47169,TN,Trousdale,COPD,8.2,12271
47169,TN,Trousdale,DIABETES,11.7,12271
47169,TN,Trousdale,OBESITY,39.1,12271
47169,TN,Trousdale,STROKE,3.2,12271
47171,TN,Unicoi,ARTHRITIS,36.7,17756
47171,TN,Unicoi,BPHIGH,45.2,17756
47171,TN,Unicoi,CANCER,10.3,17756
47171,TN,Unicoi,CHD,9.7,17756
47171,TN,Unicoi,COPD,12.2,17756
47171,TN,Unicoi,DIABETES,16.5,17756
47171,TN,Unicoi,OBESITY,39.3,17756
47171,TN,Unicoi,STROKE,4.8,17756
47173,TN,Union,ARTHRITIS,34.2,20741
47173,TN,Union,BPHIGH,41.2,20741
47173,TN,Union,CANCER,9.3,20741
47173,TN,Union,CHD,8.3,20741
47173,TN,Union,COPD,10.9,20741
47173,TN,Union,DIABETES,14.6,20741
47173,TN,Union,OBESITY,40.3,20741
47173,TN,Union,STROKE,4.2,20741
47175,TN,Van Buren,ARTHRITIS,37.4,6493
47175,TN,Van Buren,BPHIGH,45.1,6493
47175,TN,Van Buren,CANCER,10.5,6493
47175,TN,Van Buren,CHD,9.5,6493
47175,TN,Van Buren,COPD,11.8,6493
47175,TN,Van Buren,DIABETES,16.0,6493
47175,TN,Van Buren,OBESITY,39.2,6493
47175,TN,Van Buren,STROKE,4.7,6493
47177,TN,Warren,ARTHRITIS,33.9,42638
47177,TN,Warren,BPHIGH,42.1,42638
47177,TN,Warren,CANCER,8.7,42638
47177,TN,Warren,CHD,8.2,42638
47177,TN,Warren,COPD,10.8,42638
47177,TN,Warren,DIABETES,15.5,42638
47177,TN,Warren,OBESITY,42.3,42638
47177,TN,Warren,STROKE,4.2,42638
47179,TN,Washington,ARTHRITIS,31.1,138420
47179,TN,Washington,BPHIGH,36.9,138420
47179,TN,Washington,CANCER,8.9,138420
47179,TN,Washington,CHD,7.3,138420
47179,TN,Washington,COPD,8.8,138420
47179,TN,Washington,DIABETES,12.8,138420
47179,TN,Washington,OBESITY,35.5,138420
47179,TN,Washington,STROKE,3.6,138420
47181,TN,Wayne,ARTHRITIS,34.5,16066
47181,TN,Wayne,BPHIGH,42.7,16066
47181,TN,Wayne,CANCER,9.1,16066
47181,TN,Wayne,CHD,8.9,16066
47181,TN,Wayne,COPD,11.8,16066
47181,TN,Wayne,DIABETES,15.4,16066
47181,TN,Wayne,OBESITY,40.5,16066
47181,TN,Wayne,STROKE,4.6,16066
47183,TN,Weakley,ARTHRITIS,30.6,33084
47183,TN,Weakley,BPHIGH,38.3,33084
47183,TN,Weakley,CANCER,8.3,33084
47183,TN,Weakley,CHD,7.8,33084
47183,TN,Weakley,COPD,10.0,33084
47183,TN,Weakley,DIABETES,13.9,33084
47183,TN,Weakley,OBESITY,39.1,33084
47183,TN,Weakley,STROKE,4.0,33084
47185,TN,White,ARTHRITIS,35.7,28692
47185,TN,White,BPHIGH,43.3,28692
47185,TN,White,CANCER,9.7,28692
47185,TN,White,CHD,9.0,28692
47185,TN,White,COPD,11.9,28692
47185,TN,White,DIABETES,15.6,28692
47185,TN,White,OBESITY,39.7,28692
47185,TN,White,STROKE,4.6,28692
47187,TN,Williamson,ARTHRITIS,27.2,264460
47187,TN,Williamson,BPHIGH,35.0,264460
47187,TN,Williamson,CANCER,8.9,264460
47187,TN,Williamson,CHD,5.1,264460
47187,TN,Williamson,COPD,5.2,264460
47187,TN,Williamson,DIABETES,10.0,264460
47187,TN,Williamson,OBESITY,29.4,264460
47187,TN,Williamson,STROKE,2.5,264460
47189,TN,Wilson,ARTHRITIS,28.7,163674
47189,TN,Wilson,BPHIGH,35.7,163674
47189,TN,Wilson,CANCER,8.5,163674
47189,TN,Wilson,CHD,5.9,163674
47189,TN,Wilson,COPD,6.8,163674
47189,TN,Wilson,DIABETES,11.3,163674
47189,TN,Wilson,OBESITY,31.2,163674
47189,TN,Wilson,STROKE,3.0,163674
48001,TX,Anderson,ARTHRITIS,24.8,57736
48001,TX,Anderson,BPHIGH,38.6,57736
48001,TX,Anderson,CANCER,6.8,57736
48001,TX,Anderson,CHD,6.9,57736
48001,TX,Anderson,COPD,7.8,57736
48001,TX,Anderson,DIABETES,13.9,57736
48001,TX,Anderson,OBESITY,39.9,57736
48001,TX,Anderson,STROKE,3.9,57736
48003,TX,Andrews,ARTHRITIS,20.6,18664
48003,TX,Andrews,BPHIGH,31.9,18664
48003,TX,Andrews,CANCER,5.5,18664
48003,TX,Andrews,CHD,5.6,18664
48003,TX,Andrews,COPD,6.1,18664
48003,TX,Andrews,DIABETES,12.7,18664
48003,TX,Andrews,OBESITY,36.7,18664
48003,TX,Andrews,STROKE,3.1,18664
48005,TX,Angelina,ARTHRITIS,28.3,87319
48005,TX,Angelina,BPHIGH,41.3,87319
48005,TX,Angelina,CANCER,7.5,87319
48005,TX,Angelina,CHD,7.9,87319
48005,TX,Angelina,COPD,8.8,87319
48005,TX,Angelina,DIABETES,14.9,87319
48005,TX,Angelina,OBESITY,40.8,87319
48005,TX,Angelina,STROKE,4.2,87319
48007,TX,Aransas,ARTHRITIS,32.1,25374
48007,TX,Aransas,BPHIGH,43.5,25374
48007,TX,Aransas,CANCER,10.5,25374
48007,TX,Aransas,CHD,9.1,25374
48007,TX,Aransas,COPD,9.1,25374
48007,TX,Aransas,DIABETES,15.9,25374
48007,TX,Aransas,OBESITY,36.0,25374
48007,TX,Aransas,STROKE,4.6,25374
48009,TX,Archer,ARTHRITIS,28.8,9029
48009,TX,Archer,BPHIGH,38.1,9029
48009,TX,Archer,CANCER,9.5,9029
48009,TX,Archer,CHD,7.5,9029
48009,TX,Archer,COPD,8.1,9029
48009,TX,Archer,DIABETES,12.7,9029
48009,TX,Archer,OBESITY,34.9,9029
48009,TX,Archer,STROKE,3.8,9029
48011,TX,Armstrong,ARTHRITIS,29.1,1832
48011,TX,Armstrong,BPHIGH,38.0,1832
48011,TX,Armstrong,CANCER,10.2,1832
48011,TX,Armstrong,CHD,7.4,1832
48011,TX,Armstrong,COPD,7.4,1832
48011,TX,Armstrong,DIABETES,12.6,1832
48011,TX,Armstrong,OBESITY,33.3,1832
48011,TX,Armstrong,STROKE,3.7,1832
48013,TX,Atascosa,ARTHRITIS,24.4,51784
48013,TX,Atascosa,BPHIGH,36.8,51784
48013,TX,Atascosa,CANCER,6.0,51784
48013,TX,Atascosa,CHD,6.6,51784
48013,TX,Atascosa,COPD,6.3,51784
48013,TX,Atascosa,DIABETES,15.4,51784
48013,TX,Atascosa,OBESITY,42.2,51784
48013,TX,Atascosa,STROKE,3.5,51784
48015,TX,Austin,ARTHRITIS,28.1,31677
48015,TX,Austin,BPHIGH,39.5,31677
48015,TX,Austin,CANCER,8.7,31677
48015,TX,Austin,CHD,7.9,31677
48015,TX,Austin,COPD,8.2,31677
48015,TX,Austin,DIABETES,14.7,31677
48015,TX,Austin,OBESITY,37.3,31677
48015,TX,Austin,STROKE,4.2,31677
48017,TX,Bailey,ARTHRITIS,23.8,6672
48017,TX,Bailey,BPHIGH,35.6,6672
48017,TX,Bailey,CANCER,6.3,6672
48017,TX,Bailey,CHD,7.2,6672
48017,TX,Bailey,COPD,7.1,6672
48017,TX,Bailey,DIABETES,15.5,6672
48017,TX,Bailey,OBESITY,38.8,6672
48017,TX,Bailey,STROKE,3.8,6672
48019,TX,Bandera,ARTHRITIS,32.6,22637
48019,TX,Bandera,BPHIGH,42.6,22637
48019,TX,Bandera,CANCER,11.0,22637
48019,TX,Bandera,CHD,9.1,22637
48019,TX,Bandera,COPD,9.0,22637
48019,TX,Bandera,DIABETES,15.7,22637
48019,TX,Bandera,OBESITY,35.5,22637
48019,TX,Bandera,STROKE,4.5,22637
48021,TX,Bastrop,ARTHRITIS,24.2,110778
48021,TX,Bastrop,BPHIGH,35.7,110778
48021,TX,Bastrop,CANCER,7.0,110778
48021,TX,Bastrop,CHD,6.5,110778
48021,TX,Bastrop,COPD,6.8,110778
48021,TX,Bastrop,DIABETES,13.4,110778
48021,TX,Bastrop,OBESITY,40.2,110778
48021,TX,Bastrop,STROKE,3.5,110778
48023,TX,Baylor,ARTHRITIS,30.3,3463
48023,TX,Baylor,BPHIGH,41.3,3463
48023,TX,Baylor,CANCER,9.7,3463
48023,TX,Baylor,CHD,8.9,3463
48023,TX,Baylor,COPD,9.7,3463
48023,TX,Baylor,DIABETES,14.9,3463
48023,TX,Baylor,OBESITY,36.1,3463
48023,TX,Baylor,STROKE,4.6,3463
48025,TX,Bee,ARTHRITIS,20.0,30850
48025,TX,Bee,BPHIGH,34.2,30850
48025,TX,Bee,CANCER,5.0,30850
48025,TX,Bee,CHD,5.9,30850
48025,TX,Bee,COPD,5.7,30850
48025,TX,Bee,DIABETES,13.9,30850
48025,TX,Bee,OBESITY,39.2,30850
48025,TX,Bee,STROKE,3.2,30850
48027,TX,Bell,ARTHRITIS,23.0,393193
48027,TX,Bell,BPHIGH,33.2,393193
48027,TX,Bell,CANCER,5.9,393193
48027,TX,Bell,CHD,5.4,393193
48027,TX,Bell,COPD,5.9,393193
48027,TX,Bell,DIABETES,12.6,393193
48027,TX,Bell,OBESITY,43.2,393193
48027,TX,Bell,STROKE,3.2,393193
48029,TX,Bexar,ARTHRITIS,21.9,2087679
48029,TX,Bexar,BPHIGH,33.5,2087679
48029,TX,Bexar,CANCER,5.4,2087679
48029,TX,Bexar,CHD,5.4,2087679
48029,TX,Bexar,COPD,5.1,2087679
48029,TX,Bexar,DIABETES,13.9,2087679
48029,TX,Bexar,OBESITY,34.1,2087679
48029,TX,Bexar,STROKE,3.0,2087679
48031,TX,Blanco,ARTHRITIS,29.7,13048
48031,TX,Blanco,BPHIGH,38.7,13048
48031,TX,Blanco,CANCER,10.6,13048
48031,TX,Blanco,CHD,7.4,13048
48031,TX,Blanco,COPD,7.2,13048
48031,TX,Blanco,DIABETES,13.1,13048
48031,TX,Blanco,OBESITY,34.5,13048
48031,TX,Blanco,STROKE,3.7,13048
48033,TX,Borden,ARTHRITIS,29.8,572
48033,TX,Borden,BPHIGH,39.6,572
48033,TX,Borden,CANCER,10.7,572
48033,TX,Borden,CHD,7.9,572
48033,TX,Borden,COPD,7.4,572
48033,TX,Borden,DIABETES,13.2,572
48033,TX,Borden,OBESITY,33.2,572
48033,TX,Borden,STROKE,3.9,572
48035,TX,Bosque,ARTHRITIS,30.6,18996
48035,TX,Bosque,BPHIGH,40.0,18996
48035,TX,Bosque,CANCER,10.2,18996
48035,TX,Bosque,CHD,8.4,18996
48035,TX,Bosque,COPD,8.7,18996
48035,TX,Bosque,DIABETES,14.3,18996
48035,TX,Bosque,OBESITY,35.9,18996
48035,TX,Bosque,STROKE,4.3,18996
48037,TX,Bowie,ARTHRITIS,27.1,91687
48037,TX,Bowie,BPHIGH,38.9,91687
48037,TX,Bowie,CANCER,7.7,91687
48037,TX,Bowie,CHD,7.1,91687
48037,TX,Bowie,COPD,8.1,91687
48037,TX,Bowie,DIABETES,13.8,91687
48037,TX,Bowie,OBESITY,36.7,91687
48037,TX,Bowie,STROKE,4.1,91687
48039,TX,Brazoria,ARTHRITIS,21.3,398938
48039,TX,Brazoria,BPHIGH,34.6,398938
48039,TX,Brazoria,CANCER,6.2,398938
48039,TX,Brazoria,CHD,5.1,398938
48039,TX,Brazoria,COPD,5.1,398938
48039,TX,Brazoria,DIABETES,12.0,398938
48039,TX,Brazoria,OBESITY,36.3,398938
48039,TX,Brazoria,STROKE,2.9,398938
48041,TX,Brazos,ARTHRITIS,17.6,244703
48041,TX,Brazos,BPHIGH,27.8,244703
48041,TX,Brazos,CANCER,4.9,244703
48041,TX,Brazos,CHD,4.6,244703
48041,TX,Brazos,COPD,5.2,244703
48041,TX,Brazos,DIABETES,9.7,244703
48041,TX,Brazos,OBESITY,29.4,244703
48041,TX,Brazos,STROKE,2.6,244703
48043,TX,Brewster,ARTHRITIS,24.7,9513
48043,TX,Brewster,BPHIGH,35.0,9513
48043,TX,Brewster,CANCER,8.4,9513
48043,TX,Brewster,CHD,6.6,9513
48043,TX,Brewster,COPD,5.5,9513
48043,TX,Brewster,DIABETES,12.8,9513
48043,TX,Brewster,OBESITY,32.8,9513
48043,TX,Brewster,STROKE,3.3,9513
48045,TX,Briscoe,ARTHRITIS,31.8,1445
48045,TX,Briscoe,BPHIGH,43.4,1445
48045,TX,Briscoe,CANCER,9.5,1445
48045,TX,Briscoe,CHD,9.9,1445
48045,TX,Briscoe,COPD,10.4,1445
48045,TX,Briscoe,DIABETES,17.5,1445
48045,TX,Briscoe,OBESITY,39.5,1445
48045,TX,Briscoe,STROKE,5.2,1445
48047,TX,Brooks,ARTHRITIS,23.6,6848
48047,TX,Brooks,BPHIGH,38.3,6848
48047,TX,Brooks,CANCER,5.1,6848
48047,TX,Brooks,CHD,8.1,6848
48047,TX,Brooks,COPD,7.1,6848
48047,TX,Brooks,DIABETES,19.8,6848
48047,TX,Brooks,OBESITY,42.6,6848
48047,TX,Brooks,STROKE,4.4,6848
48049,TX,Brown,ARTHRITIS,28.0,38709
48049,TX,Brown,BPHIGH,38.1,38709
48049,TX,Brown,CANCER,8.8,38709
48049,TX,Brown,CHD,7.8,38709
48049,TX,Brown,COPD,8.5,38709
48049,TX,Brown,DIABETES,14.0,38709
48049,TX,Brown,OBESITY,34.9,38709
48049,TX,Brown,STROKE,4.1,38709
48051,TX,Burleson,ARTHRITIS,27.8,19475
48051,TX,Burleson,BPHIGH,39.3,19475
48051,TX,Burleson,CANCER,8.7,19475
48051,TX,Burleson,CHD,7.4,19475
48051,TX,Burleson,COPD,7.8,19475
48051,TX,Burleson,DIABETES,14.0,19475
48051,TX,Burleson,OBESITY,35.9,19475
48051,TX,Burleson,STROKE,4.0,19475
48053,TX,Burnet,ARTHRITIS,29.2,53991
48053,TX,Burnet,BPHIGH,38.3,53991
48053,TX,Burnet,CANCER,9.6,53991
48053,TX,Burnet,CHD,7.7,53991
48053,TX,Burnet,COPD,7.8,53991
48053,TX,Burnet,DIABETES,13.5,53991
48053,TX,Burnet,OBESITY,35.3,53991
48053,TX,Burnet,STROKE,3.9,53991
48055,TX,Caldwell,ARTHRITIS,23.5,49859
48055,TX,Caldwell,BPHIGH,34.9,49859
48055,TX,Caldwell,CANCER,6.2,49859
48055,TX,Caldwell,CHD,6.5,49859
48055,TX,Caldwell,COPD,6.8,49859
48055,TX,Caldwell,DIABETES,14.6,49859
48055,TX,Caldwell,OBESITY,42.2,49859
48055,TX,Caldwell,STROKE,3.6,49859
48057,TX,Calhoun,ARTHRITIS,25.5,19696
48057,TX,Calhoun,BPHIGH,36.8,19696
48057,TX,Calhoun,CANCER,7.6,19696
48057,TX,Calhoun,CHD,7.3,19696
48057,TX,Calhoun,COPD,6.9,19696
48057,TX,Calhoun,DIABETES,14.7,19696
48057,TX,Calhoun,OBESITY,34.8,19696
48057,TX,Calhoun,STROKE,3.8,19696
48059,TX,Callahan,ARTHRITIS,28.9,14374
48059,TX,Callahan,BPHIGH,38.5,14374
48059,TX,Callahan,CANCER,9.5,14374
48059,TX,Callahan,CHD,7.6,14374
48059,TX,Callahan,COPD,8.2,14374
48059,TX,Callahan,DIABETES,13.2,14374
48059,TX,Callahan,OBESITY,36.2,14374
48059,TX,Callahan,STROKE,3.9,14374
48061,TX,Cameron,ARTHRITIS,20.1,426710
48061,TX,Cameron,BPHIGH,34.0,426710
48061,TX,Cameron,CANCER,4.9,426710
48061,TX,Cameron,CHD,7.1,426710
48061,TX,Cameron,COPD,6.2,426710
48061,TX,Cameron,DIABETES,18.3,426710
48061,TX,Cameron,OBESITY,40.3,426710
48061,TX,Cameron,STROKE,3.9,426710
48063,TX,Camp,ARTHRITIS,28.7,13000
48063,TX,Camp,BPHIGH,40.9,13000
48063,TX,Camp,CANCER,7.8,13000
48063,TX,Camp,CHD,8.3,13000
48063,TX,Camp,COPD,9.5,13000
48063,TX,Camp,DIABETES,16.1,13000
48063,TX,Camp,OBESITY,40.0,13000
48063,TX,Camp,STROKE,4.7,13000
48065,TX,Carson,ARTHRITIS,27.0,5878
48065,TX,Carson,BPHIGH,36.0,5878
48065,TX,Carson,CANCER,9.2,5878
48065,TX,Carson,CHD,6.8,5878
48065,TX,Carson,COPD,6.9,5878
48065,TX,Carson,DIABETES,11.7,5878
48065,TX,Carson,OBESITY,34.0,5878
48065,TX,Carson,STROKE,3.4,5878
48067,TX,Cass,ARTHRITIS,31.4,28659
48067,TX,Cass,BPHIGH,42.8,28659
48067,TX,Cass,CANCER,9.2,28659
48067,TX,Cass,CHD,8.7,28659
48067,TX,Cass,COPD,9.9,28659
48067,TX,Cass,DIABETES,15.7,28659
48067,TX,Cass,OBESITY,39.3,28659
48067,TX,Cass,STROKE,4.9,28659
48069,TX,Castro,ARTHRITIS,23.8,7227
48069,TX,Castro,BPHIGH,36.2,7227
48069,TX,Castro,CANCER,6.6,7227
48069,TX,Castro,CHD,7.2,7227
48069,TX,Castro,COPD,6.7,7227
48069,TX,Castro,DIABETES,15.5,7227
48069,TX,Castro,OBESITY,38.2,7227
48069,TX,Castro,STROKE,3.8,7227
48071,TX,Chambers,ARTHRITIS,21.9,53876
48071,TX,Chambers,BPHIGH,32.1,53876
48071,TX,Chambers,CANCER,6.4,53876
48071,TX,Chambers,CHD,5.2,53876
48071,TX,Chambers,COPD,5.7,53876
48071,TX,Chambers,DIABETES,10.8,53876
48071,TX,Chambers,OBESITY,35.0,53876
48071,TX,Chambers,STROKE,2.9,53876
48073,TX,Cherokee,ARTHRITIS,27.5,52217
48073,TX,Cherokee,BPHIGH,38.7,52217
48073,TX,Cherokee,CANCER,7.8,52217
48073,TX,Cherokee,CHD,7.8,52217
48073,TX,Cherokee,COPD,8.9,52217
48073,TX,Cherokee,DIABETES,14.7,52217
48073,TX,Cherokee,OBESITY,35.7,52217
48073,TX,Cherokee,STROKE,4.3,52217
48075,TX,Childress,ARTHRITIS,22.8,6788
48075,TX,Childress,BPHIGH,34.0,6788
48075,TX,Childress,CANCER,6.7,6788
48075,TX,Childress,CHD,6.3,6788
48075,TX,Childress,COPD,6.9,6788
48075,TX,Childress,DIABETES,12.0,6788
48075,TX,Childress,OBESITY,36.1,6788
48075,TX,Childress,STROKE,3.4,6788
48077,TX,Clay,ARTHRITIS,30.2,10738
48077,TX,Clay,BPHIGH,39.3,10738
48077,TX,Clay,CANCER,10.1,10738
48077,TX,Clay,CHD,7.9,10738
48077,TX,Clay,COPD,8.3,10738
48077,TX,Clay,DIABETES,13.2,10738
48077,TX,Clay,OBESITY,34.9,10738
48077,TX,Clay,STROKE,4.0,10738
48079,TX,Cochran,ARTHRITIS,26.5,2509
48079,TX,Cochran,BPHIGH,39.8,2509
48079,TX,Cochran,CANCER,6.2,2509
48079,TX,Cochran,CHD,8.8,2509
48079,TX,Cochran,COPD,9.7,2509
48079,TX,Cochran,DIABETES,18.6,2509
48079,TX,Cochran,OBESITY,42.6,2509
48079,TX,Cochran,STROKE,4.9,2509
48081,TX,Coke,ARTHRITIS,32.0,3352
48081,TX,Coke,BPHIGH,42.3,3352
48081,TX,Coke,CANCER,10.4,3352
48081,TX,Coke,CHD,9.6,3352
48081,TX,Coke,COPD,9.9,3352
48081,TX,Coke,DIABETES,15.9,3352
48081,TX,Coke,OBESITY,36.3,3352
48081,TX,Coke,STROKE,4.9,3352
48083,TX,Coleman,ARTHRITIS,31.7,7842
48083,TX,Coleman,BPHIGH,41.9,7842
48083,TX,Coleman,CANCER,10.1,7842
48083,TX,Coleman,CHD,9.0,7842
48083,TX,Coleman,COPD,9.4,7842
48083,TX,Coleman,DIABETES,15.4,7842
48083,TX,Coleman,OBESITY,37.2,7842
48083,TX,Coleman,STROKE,4.6,7842
48085,TX,Collin,ARTHRITIS,18.9,1195359
48085,TX,Collin,BPHIGH,30.4,1195359
48085,TX,Collin,CANCER,6.3,1195359
48085,TX,Collin,CHD,4.3,1195359
48085,TX,Collin,COPD,4.1,1195359
48085,TX,Collin,DIABETES,9.5,1195359
48085,TX,Collin,OBESITY,32.3,1195359
48085,TX,Collin,STROKE,2.3,1195359
48087,TX,Collingsworth,ARTHRITIS,28.4,2563
48087,TX,Collingsworth,BPHIGH,39.9,2563
48087,TX,Collingsworth,CANCER,8.3,2563
48087,TX,Collingsworth,CHD,8.2,2563
48087,TX,Collingsworth,COPD,9.3,2563
48087,TX,Collingsworth,DIABETES,15.5,2563
48087,TX,Collingsworth,OBESITY,39.3,2563
48087,TX,Collingsworth,STROKE,4.4,2563
48089,TX,Colorado,ARTHRITIS,28.6,21117
48089,TX,Colorado,BPHIGH,40.0,21117
48089,TX,Colorado,CANCER,9.0,21117
48089,TX,Colorado,CHD,7.9,21117
48089,TX,Colorado,COPD,7.9,21117
48089,TX,Colorado,DIABETES,14.9,21117
48089,TX,Colorado,OBESITY,36.2,21117
48089,TX,Colorado,STROKE,4.2,21117
48091,TX,Comal,ARTHRITIS,24.3,193928
48091,TX,Comal,BPHIGH,34.3,193928
48091,TX,Comal,CANCER,8.3,193928
48091,TX,Comal,CHD,5.8,193928
48091,TX,Comal,COPD,5.6,193928
48091,TX,Comal,DIABETES,11.2,193928
48091,TX,Comal,OBESITY,35.0,193928
48091,TX,Comal,STROKE,3.0,193928
48093,TX,Comanche,ARTHRITIS,29.4,14050
48093,TX,Comanche,BPHIGH,40.1,14050
48093,TX,Comanche,CANCER,9.5,14050
48093,TX,Comanche,CHD,8.5,14050
48093,TX,Comanche,COPD,8.7,14050
48093,TX,Comanche,DIABETES,14.8,14050
48093,TX,Comanche,OBESITY,36.7,14050
48093,TX,Comanche,STROKE,4.3,14050
48095,TX,Concho,ARTHRITIS,25.2,3297
48095,TX,Concho,BPHIGH,38.5,3297
48095,TX,Concho,CANCER,7.5,3297
48095,TX,Concho,CHD,7.6,3297
48095,TX,Concho,COPD,7.8,3297
48095,TX,Concho,DIABETES,14.2,3297
48095,TX,Concho,OBESITY,37.1,3297
48095,TX,Concho,STROKE,4.0,3297
48097,TX,Cooke,ARTHRITIS,27.4,43782
48097,TX,Cooke,BPHIGH,37.4,43782
48097,TX,Cooke,CANCER,8.7,43782
48097,TX,Cooke,CHD,7.2,43782
48097,TX,Cooke,COPD,7.9,43782
48097,TX,Cooke,DIABETES,13.0,43782
48097,TX,Cooke,OBESITY,36.1,43782
48097,TX,Cooke,STROKE,3.8,43782
48099,TX,Coryell,ARTHRITIS,21.6,84878
48099,TX,Coryell,BPHIGH,30.4,84878
48099,TX,Coryell,CANCER,5.6,84878
48099,TX,Coryell,CHD,4.9,84878
48099,TX,Coryell,COPD,5.7,84878
48099,TX,Coryell,DIABETES,10.3,84878
48099,TX,Coryell,OBESITY,37.3,84878
48099,TX,Coryell,STROKE,2.8,84878
48101,TX,Cottle,ARTHRITIS,32.8,1294
48101,TX,Cottle,BPHIGH,45.1,1294
48101,TX,Cottle,CANCER,9.3,1294
48101,TX,Cottle,CHD,10.2,1294
48101,TX,Cottle,COPD,11.0,1294
48101,TX,Cottle,DIABETES,18.8,1294
48101,TX,Cottle,OBESITY,40.6,1294
48101,TX,Cottle,STROKE,5.5,1294
48103,TX,Crane,ARTHRITIS,21.8,4574
48103,TX,Crane,BPHIGH,34.3,4574
48103,TX,Crane,CANCER,5.4,4574
48103,TX,Crane,CHD,6.4,4574
48103,TX,Crane,COPD,6.3,4574
48103,TX,Crane,DIABETES,15.0,4574
48103,TX,Crane,OBESITY,39.7,4574
48103,TX,Crane,STROKE,3.5,4574
48105,TX,Crockett,ARTHRITIS,25.8,2858
48105,TX,Crockett,BPHIGH,37.7,2858
48105,TX,Crockett,CANCER,7.1,2858
48105,TX,Crockett,CHD,7.7,2858
48105,TX,Crockett,COPD,7.4,2858
48105,TX,Crockett,DIABETES,16.5,2858
48105,TX,Crockett,OBESITY,37.7,2858
48105,TX,Crockett,STROKE,4.1,2858
48107,TX,Crosby,ARTHRITIS,27.2,4917
48107,TX,Crosby,BPHIGH,39.5,4917
48107,TX,Crosby,CANCER,7.2,4917
48107,TX,Crosby,CHD,8.4,4917
48107,TX,Crosby,COPD,8.6,4917
48107,TX,Crosby,DIABETES,17.1,4917
48107,TX,Crosby,OBESITY,40.5,4917
48107,TX,Crosby,STROKE,4.5,4917
48109,TX,Culberson,ARTHRITIS,26.1,2196
48109,TX,Culberson,BPHIGH,40.2,2196
48109,TX,Culberson,CANCER,6.3,2196
48109,TX,Culberson,CHD,8.7,2196
48109,TX,Culberson,COPD,8.0,2196
48109,TX,Culberson,DIABETES,19.3,2196
48109,TX,Culberson,OBESITY,40.3,2196
48109,TX,Culberson,STROKE,4.7,2196
48111,TX,Dallam,ARTHRITIS,22.8,7237
48111,TX,Dallam,BPHIGH,35.1,7237
48111,TX,Dallam,CANCER,5.7,7237
48111,TX,Dallam,CHD,6.7,7237
48111,TX,Dallam,COPD,7.4,7237
48111,TX,Dallam,DIABETES,14.7,7237
48111,TX,Dallam,OBESITY,39.6,7237
48111,TX,Dallam,STROKE,3.6,7237
48113,TX,Dallas,ARTHRITIS,19.4,2606358
48113,TX,Dallas,BPHIGH,33.1,2606358
48113,TX,Dallas,CANCER,5.2,2606358
48113,TX,Dallas,CHD,5.3,2606358
48113,TX,Dallas,COPD,5.6,2606358
48113,TX,Dallas,DIABETES,12.5,2606358
48113,TX,Dallas,OBESITY,35.7,2606358
48113,TX,Dallas,STROKE,3.2,2606358
48115,TX,Dawson,ARTHRITIS,22.5,12004
48115,TX,Dawson,BPHIGH,36.0,12004
48115,TX,Dawson,CANCER,5.7,12004
48115,TX,Dawson,CHD,7.0,12004
48115,TX,Dawson,COPD,7.6,12004
48115,TX,Dawson,DIABETES,15.3,12004
48115,TX,Dawson,OBESITY,39.4,12004
48115,TX,Dawson,STROKE,3.9,12004
48117,TX,Deaf Smith,ARTHRITIS,22.6,18347
48117,TX,Deaf Smith,BPHIGH,35.5,18347
48117,TX,Deaf Smith,CANCER,5.4,18347
48117,TX,Deaf Smith,CHD,7.1,18347
48117,TX,Deaf Smith,COPD,7.2,18347
48117,TX,Deaf Smith,DIABETES,16.4,18347
48117,TX,Deaf Smith,OBESITY,40.7,18347
48117,TX,Deaf Smith,STROKE,3.9,18347
48119,TX,Delta,ARTHRITIS,29.0,5520
48119,TX,Delta,BPHIGH,39.1,5520
48119,TX,Delta,CANCER,9.1,5520
48119,TX,Delta,CHD,7.8,5520
48119,TX,Delta,COPD,8.7,5520
48119,TX,Delta,DIABETES,13.7,5520
48119,TX,Delta,OBESITY,37.1,5520
48119,TX,Delta,STROKE,4.1,5520
48121,TX,Denton,ARTHRITIS,20.9,1007703
48121,TX,Denton,BPHIGH,29.5,1007703
48121,TX,Denton,CANCER,6.4,1007703
48121,TX,Denton,CHD,4.3,1007703
48121,TX,Denton,COPD,4.3,1007703
48121,TX,Denton,DIABETES,9.9,1007703
48121,TX,Denton,OBESITY,33.7,1007703
48121,TX,Denton,STROKE,2.4,1007703
48123,TX,DeWitt,ARTHRITIS,27.9,19929
48123,TX,DeWitt,BPHIGH,40.2,19929
48123,TX,DeWitt,CANCER,8.1,19929
48123,TX,DeWitt,CHD,8.2,19929
48123,TX,DeWitt,COPD,8.6,19929
48123,TX,DeWitt,DIABETES,16.0,19929
48123,TX,DeWitt,OBESITY,37.6,19929
48123,TX,DeWitt,STROKE,4.4,19929
48125,TX,Dickens,ARTHRITIS,32.1,1711
48125,TX,Dickens,BPHIGH,43.0,1711
48125,TX,Dickens,CANCER,10.2,1711
48125,TX,Dickens,CHD,9.6,1711
48125,TX,Dickens,COPD,9.8,1711
48125,TX,Dickens,DIABETES,16.7,1711
48125,TX,Dickens,OBESITY,37.5,1711
48125,TX,Dickens,STROKE,5.0,1711
48127,TX,Dimmit,ARTHRITIS,26.5,8257
48127,TX,Dimmit,BPHIGH,42.3,8257
48127,TX,Dimmit,CANCER,5.2,8257
48127,TX,Dimmit,CHD,9.9,8257
48127,TX,Dimmit,COPD,9.4,8257
48127,TX,Dimmit,DIABETES,23.4,8257
48127,TX,Dimmit,OBESITY,46.8,8257
48127,TX,Dimmit,STROKE,5.5,8257
48129,TX,Donley,ARTHRITIS,29.7,3214
48129,TX,Donley,BPHIGH,39.4,3214
48129,TX,Donley,CANCER,9.7,3214
48129,TX,Donley,CHD,8.4,3214
48129,TX,Donley,COPD,8.9,3214
48129,TX,Donley,DIABETES,14.0,3214
48129,TX,Donley,OBESITY,34.2,3214
48129,TX,Donley,STROKE,4.4,3214
48131,TX,Duval,ARTHRITIS,23.9,9604
48131,TX,Duval,BPHIGH,38.4,9604
48131,TX,Duval,CANCER,5.6,9604
48131,TX,Duval,CHD,8.2,9604
48131,TX,Duval,COPD,7.0,9604
48131,TX,Duval,DIABETES,18.8,9604
48131,TX,Duval,OBESITY,41.2,9604
48131,TX,Duval,STROKE,4.3,9604
48133,TX,Eastland,ARTHRITIS,29.2,18037
48133,TX,Eastland,BPHIGH,38.7,18037
48133,TX,Eastland,CANCER,9.1,18037
48133,TX,Eastland,CHD,8.2,18037
48133,TX,Eastland,COPD,9.1,18037
48133,TX,Eastland,DIABETES,14.1,18037
48133,TX,Eastland,OBESITY,35.5,18037
48133,TX,Eastland,STROKE,4.3,18037
48135,TX,Ector,ARTHRITIS,19.7,164494
48135,TX,Ector,BPHIGH,30.5,164494
48135,TX,Ector,CANCER,4.9,164494
48135,TX,Ector,CHD,5.3,164494
48135,TX,Ector,COPD,5.5,164494
48135,TX,Ector,DIABETES,12.8,164494
48135,TX,Ector,OBESITY,40.0,164494
48135,TX,Ector,STROKE,3.0,164494
48137,TX,Edwards,ARTHRITIS,31.8,1393
48137,TX,Edwards,BPHIGH,44.6,1393
48137,TX,Edwards,CANCER,9.6,1393
48137,TX,Edwards,CHD,10.5,1393
48137,TX,Edwards,COPD,9.9,1393
48137,TX,Edwards,DIABETES,19.3,1393
48137,TX,Edwards,OBESITY,38.2,1393
48137,TX,Edwards,STROKE,5.3,1393
48139,TX,Ellis,ARTHRITIS,23.0,222829
48139,TX,Ellis,BPHIGH,34.2,222829
48139,TX,Ellis,CANCER,6.6,222829
48139,TX,Ellis,CHD,5.3,222829
48139,TX,Ellis,COPD,5.6,222829
48139,TX,Ellis,DIABETES,11.6,222829
48139,TX,Ellis,OBESITY,37.2,222829
48139,TX,Ellis,STROKE,3.0,222829
48141,TX,El Paso,ARTHRITIS,20.2,869880
48141,TX,El Paso,BPHIGH,33.1,869880
48141,TX,El Paso,CANCER,4.6,869880
48141,TX,El Paso,CHD,5.8,869880
48141,TX,El Paso,COPD,4.9,869880
48141,TX,El Paso,DIABETES,15.4,869880
48141,TX,El Paso,OBESITY,34.0,869880
48141,TX,El Paso,STROKE,3.2,869880
48143,TX,Erath,ARTHRITIS,22.5,44195
48143,TX,Erath,BPHIGH,30.9,44195
48143,TX,Erath,CANCER,7.0,44195
48143,TX,Erath,CHD,5.8,44195
48143,TX,Erath,COPD,6.6,44195
48143,TX,Erath,DIABETES,10.8,44195
48143,TX,Erath,OBESITY,33.4,44195
48143,TX,Erath,STROKE,3.1,44195
48145,TX,Falls,ARTHRITIS,28.2,17286
48145,TX,Falls,BPHIGH,40.9,17286
48145,TX,Falls,CANCER,7.6,17286
48145,TX,Falls,CHD,8.1,17286
48145,TX,Falls,COPD,9.1,17286
48145,TX,Falls,DIABETES,16.1,17286
48145,TX,Falls,OBESITY,40.0,17286
48145,TX,Falls,STROKE,4.7,17286
48147,TX,Fannin,ARTHRITIS,27.2,37571
48147,TX,Fannin,BPHIGH,37.5,37571
48147,TX,Fannin,CANCER,8.2,37571
48147,TX,Fannin,CHD,7.4,37571
48147,TX,Fannin,COPD,8.5,37571
48147,TX,Fannin,DIABETES,13.2,37571
48147,TX,Fannin,OBESITY,39.2,37571
48147,TX,Fannin,STROKE,3.9,37571
48149,TX,Fayette,ARTHRITIS,29.4,25474
48149,TX,Fayette,BPHIGH,39.3,25474
48149,TX,Fayette,CANCER,10.3,25474
48149,TX,Fayette,CHD,8.0,25474
48149,TX,Fayette,COPD,7.7,25474
48149,TX,Fayette,DIABETES,13.8,25474
48149,TX,Fayette,OBESITY,33.9,25474
48149,TX,Fayette,STROKE,4.1,25474
48151,TX,Fisher,ARTHRITIS,29.1,3612
48151,TX,Fisher,BPHIGH,40.0,3612
48151,TX,Fisher,CANCER,9.4,3612
48151,TX,Fisher,CHD,8.0,3612
48151,TX,Fisher,COPD,7.6,3612
48151,TX,Fisher,DIABETES,14.5,3612
48151,TX,Fisher,OBESITY,36.1,3612
48151,TX,Fisher,STROKE,4.1,3612
48153,TX,Floyd,ARTHRITIS,26.6,5090
48153,TX,Floyd,BPHIGH,38.9,5090
48153,TX,Floyd,CANCER,7.3,5090
48153,TX,Floyd,CHD,8.3,5090
48153,TX,Floyd,COPD,8.3,5090
48153,TX,Floyd,DIABETES,17.0,5090
48153,TX,Floyd,OBESITY,39.1,5090
48153,TX,Floyd,STROKE,4.4,5090
48155,TX,Foard,ARTHRITIS,33.7,1079
48155,TX,Foard,BPHIGH,45.4,1079
48155,TX,Foard,CANCER,10.1,1079
48155,TX,Foard,CHD,10.9,1079
48155,TX,Foard,COPD,11.8,1079
48155,TX,Foard,DIABETES,18.2,1079
48155,TX,Foard,OBESITY,40.1,1079
48155,TX,Foard,STROKE,5.7,1079
48157,TX,Fort Bend,ARTHRITIS,19.5,916778
48157,TX,Fort Bend,BPHIGH,31.8,916778
48157,TX,Fort Bend,CANCER,5.5,916778
48157,TX,Fort Bend,CHD,4.6,916778
48157,TX,Fort Bend,COPD,4.2,916778
48157,TX,Fort Bend,DIABETES,12.0,916778
48157,TX,Fort Bend,OBESITY,30.1,916778
48157,TX,Fort Bend,STROKE,2.7,916778
48159,TX,Franklin,ARTHRITIS,28.6,10735
48159,TX,Franklin,BPHIGH,38.4,10735
48159,TX,Franklin,CANCER,9.8,10735
48159,TX,Franklin,CHD,7.5,10735
48159,TX,Franklin,COPD,7.6,10735
48159,TX,Franklin,DIABETES,13.0,10735
48159,TX,Franklin,OBESITY,35.3,10735
48159,TX,Franklin,STROKE,3.8,10735
48161,TX,Freestone,ARTHRITIS,28.7,20441
48161,TX,Freestone,BPHIGH,41.0,20441
48161,TX,Freestone,CANCER,8.6,20441
48161,TX,Freestone,CHD,7.9,20441
48161,TX,Freestone,COPD,8.6,20441
48161,TX,Freestone,DIABETES,14.7,20441
48161,TX,Freestone,OBESITY,38.2,20441
48161,TX,Freestone,STROKE,4.4,20441
48163,TX,Frio,ARTHRITIS,19.5,17987
48163,TX,Frio,BPHIGH,33.1,17987
48163,TX,Frio,CANCER,4.4,17987
48163,TX,Frio,CHD,6.2,17987
48163,TX,Frio,COPD,5.9,17987
48163,TX,Frio,DIABETES,15.3,17987
48163,TX,Frio,OBESITY,40.5,17987
48163,TX,Frio,STROKE,3.4,17987
48165,TX,Gaines,ARTHRITIS,20.6,22523
48165,TX,Gaines,BPHIGH,30.8,22523
48165,TX,Gaines,CANCER,5.4,22523
48165,TX,Gaines,CHD,5.5,22523
48165,TX,Gaines,COPD,6.6,22523
48165,TX,Gaines,DIABETES,11.8,22523
48165,TX,Gaines,OBESITY,36.1,22523
48165,TX,Gaines,STROKE,3.1,22523
48167,TX,Galveston,ARTHRITIS,24.1,361744
48167,TX,Galveston,BPHIGH,35.7,361744
48167,TX,Galveston,CANCER,7.3,361744
48167,TX,Galveston,CHD,5.9,361744
48167,TX,Galveston,COPD,6.0,361744
48167,TX,Galveston,DIABETES,12.3,361744
48167,TX,Galveston,OBESITY,34.0,361744
48167,TX,Galveston,STROKE,3.3,361744
48169,TX,Garza,ARTHRITIS,22.6,4517
48169,TX,Garza,BPHIGH,35.5,4517
48169,TX,Garza,CANCER,5.8,4517
48169,TX,Garza,CHD,6.9,4517
48169,TX,Garza,COPD,7.5,4517
48169,TX,Garza,DIABETES,14.9,4517
48169,TX,Garza,OBESITY,39.9,4517
48169,TX,Garza,STROKE,3.8,4517
48171,TX,Gillespie,ARTHRITIS,30.9,27733
48171,TX,Gillespie,BPHIGH,40.3,27733
48171,TX,Gillespie,CANCER,11.4,27733
48171,TX,Gillespie,CHD,8.3,27733
48171,TX,Gillespie,COPD,7.7,27733
48171,TX,Gillespie,DIABETES,13.6,27733
48171,TX,Gillespie,OBESITY,32.8,27733
48171,TX,Gillespie,STROKE,4.1,27733
48173,TX,Glasscock,ARTHRITIS,22.3,1141
48173,TX,Glasscock,BPHIGH,32.4,1141
48173,TX,Glasscock,CANCER,7.5,1141
48173,TX,Glasscock,CHD,5.5,1141
48173,TX,Glasscock,COPD,5.2,1141
48173,TX,Glasscock,DIABETES,10.9,1141
48173,TX,Glasscock,OBESITY,34.0,1141
48173,TX,Glasscock,STROKE,2.8,1141
48175,TX,Goliad,ARTHRITIS,29.8,7144
48175,TX,Goliad,BPHIGH,40.5,7144
48175,TX,Goliad,CANCER,9.3,7144
48175,TX,Goliad,CHD,8.5,7144
48175,TX,Goliad,COPD,8.4,7144
48175,TX,Goliad,DIABETES,15.6,7144
48175,TX,Goliad,OBESITY,37.0,7144
48175,TX,Goliad,STROKE,4.4,7144
48177,TX,Gonzales,ARTHRITIS,26.3,19930
48177,TX,Gonzales,BPHIGH,38.8,19930
48177,TX,Gonzales,CANCER,7.2,19930
48177,TX,Gonzales,CHD,7.9,19930
48177,TX,Gonzales,COPD,8.3,19930
48177,TX,Gonzales,DIABETES,16.0,19930
48177,TX,Gonzales,OBESITY,39.4,19930
48177,TX,Gonzales,STROKE,4.3,19930
48179,TX,Gray,ARTHRITIS,25.8,20916
48179,TX,Gray,BPHIGH,37.6,20916
48179,TX,Gray,CANCER,7.4,20916
48179,TX,Gray,CHD,7.3,20916
48179,TX,Gray,COPD,8.2,20916
48179,TX,Gray,DIABETES,13.9,20916
48179,TX,Gray,OBESITY,38.5,20916
48179,TX,Gray,STROKE,3.9,20916
48181,TX,Grayson,ARTHRITIS,26.5,146907
48181,TX,Grayson,BPHIGH,36.1,146907
48181,TX,Grayson,CANCER,8.3,146907
48181,TX,Grayson,CHD,6.7,146907
48181,TX,Grayson,COPD,7.4,146907
48181,TX,Grayson,DIABETES,12.5,146907
48181,TX,Grayson,OBESITY,33.9,146907
48181,TX,Grayson,STROKE,3.6,146907
48183,TX,Gregg,ARTHRITIS,25.9,126243
48183,TX,Gregg,BPHIGH,37.6,126243
48183,TX,Gregg,CANCER,7.3,126243
48183,TX,Gregg,CHD,6.7,126243
48183,TX,Gregg,COPD,7.7,126243
48183,TX,Gregg,DIABETES,13.5,126243
48183,TX,Gregg,OBESITY,36.8,126243
48183,TX,Gregg,STROKE,3.9,126243
48185,TX,Grimes,ARTHRITIS,26.9,32384
48185,TX,Grimes,BPHIGH,38.7,32384
48185,TX,Grimes,CANCER,7.8,32384
48185,TX,Grimes,CHD,7.5,32384
48185,TX,Grimes,COPD,8.1,32384
48185,TX,Grimes,DIABETES,14.4,32384
48185,TX,Grimes,OBESITY,37.1,32384
48185,TX,Grimes,STROKE,4.1,32384
48187,TX,Guadalupe,ARTHRITIS,24.2,188454
48187,TX,Guadalupe,BPHIGH,33.8,188454
48187,TX,Guadalupe,CANCER,6.7,188454
48187,TX,Guadalupe,CHD,5.6,188454
48187,TX,Guadalupe,COPD,5.5,188454
48187,TX,Guadalupe,DIABETES,12.8,188454
48187,TX,Guadalupe,OBESITY,34.7,188454
48187,TX,Guadalupe,STROKE,3.0,188454
48189,TX,Hale,ARTHRITIS,23.2,31761
48189,TX,Hale,BPHIGH,36.3,31761
48189,TX,Hale,CANCER,5.9,31761
48189,TX,Hale,CHD,7.1,31761
48189,TX,Hale,COPD,7.4,31761
48189,TX,Hale,DIABETES,15.6,31761
48189,TX,Hale,OBESITY,38.9,31761
48189,TX,Hale,STROKE,3.8,31761
48191,TX,Hall,ARTHRITIS,30.6,2818
48191,TX,Hall,BPHIGH,42.7,2818
48191,TX,Hall,CANCER,8.9,2818
48191,TX,Hall,CHD,9.5,2818
48191,TX,Hall,COPD,9.6,2818
48191,TX,Hall,DIABETES,17.5,2818
48191,TX,Hall,OBESITY,39.1,2818
48191,TX,Hall,STROKE,5.1,2818
48193,TX,Hamilton,ARTHRITIS,31.2,8619
48193,TX,Hamilton,BPHIGH,41.3,8619
48193,TX,Hamilton,CANCER,10.3,8619
48193,TX,Hamilton,CHD,8.9,8619
48193,TX,Hamilton,COPD,9.4,8619
48193,TX,Hamilton,DIABETES,14.6,8619
48193,TX,Hamilton,OBESITY,36.1,8619
48193,TX,Hamilton,STROKE,4.6,8619
48195,TX,Hansford,ARTHRITIS,23.9,5071
48195,TX,Hansford,BPHIGH,34.6,5071
48195,TX,Hansford,CANCER,7.0,5071
48195,TX,Hansford,CHD,6.7,5071
48195,TX,Hansford,COPD,7.0,5071
48195,TX,Hansford,DIABETES,13.6,5071
48195,TX,Hansford,OBESITY,36.8,5071
48195,TX,Hansford,STROKE,3.6,5071
48197,TX,Hardeman,ARTHRITIS,29.9,3490
48197,TX,Hardeman,BPHIGH,40.5,3490
48197,TX,Hardeman,CANCER,9.2,3490
48197,TX,Hardeman,CHD,8.6,3490
48197,TX,Hardeman,COPD,9.1,3490
48197,TX,Hardeman,DIABETES,15.2,3490
48197,TX,Hardeman,OBESITY,37.6,3490
48197,TX,Hardeman,STROKE,4.5,3490
48199,TX,Hardin,ARTHRITIS,27.3,58261
48199,TX,Hardin,BPHIGH,36.7,58261
48199,TX,Hardin,CANCER,8.5,58261
48199,TX,Hardin,CHD,6.8,58261
48199,TX,Hardin,COPD,7.9,58261
48199,TX,Hardin,DIABETES,12.4,58261
48199,TX,Hardin,OBESITY,34.0,58261
48199,TX,Hardin,STROKE,3.7,58261
48201,TX,Harris,ARTHRITIS,19.5,4835125
48201,TX,Harris,BPHIGH,32.8,4835125
48201,TX,Harris,CANCER,5.2,4835125
48201,TX,Harris,CHD,5.4,4835125
48201,TX,Harris,COPD,5.5,4835125
48201,TX,Harris,DIABETES,13.2,4835125
48201,TX,Harris,OBESITY,37.3,4835125
48201,TX,Harris,STROKE,3.3,4835125
48203,TX,Harrison,ARTHRITIS,27.1,70895
48203,TX,Harrison,BPHIGH,38.6,70895
48203,TX,Harrison,CANCER,7.7,70895
48203,TX,Harrison,CHD,7.1,70895
48203,TX,Harrison,COPD,7.9,70895
48203,TX,Harrison,DIABETES,13.8,70895
48203,TX,Harrison,OBESITY,38.8,70895
48203,TX,Harrison,STROKE,4.1,70895
48205,TX,Hartley,ARTHRITIS,23.4,5145
48205,TX,Hartley,BPHIGH,34.9,5145
48205,TX,Hartley,CANCER,7.5,5145
48205,TX,Hartley,CHD,6.3,5145
48205,TX,Hartley,COPD,6.3,5145
48205,TX,Hartley,DIABETES,12.0,5145
48205,TX,Hartley,OBESITY,34.5,5145
48205,TX,Hartley,STROKE,3.3,5145
48207,TX,Haskell,ARTHRITIS,28.2,5385
48207,TX,Haskell,BPHIGH,39.3,5385
48207,TX,Haskell,CANCER,8.5,5385
48207,TX,Haskell,CHD,8.2,5385
48207,TX,Haskell,COPD,9.0,5385
48207,TX,Haskell,DIABETES,14.9,5385
48207,TX,Haskell,OBESITY,36.6,5385
48207,TX,Haskell,STROKE,4.3,5385
48209,TX,Hays,ARTHRITIS,19.6,280486
48209,TX,Hays,BPHIGH,29.0,280486
48209,TX,Hays,CANCER,5.9,280486
48209,TX,Hays,CHD,4.7,280486
48209,TX,Hays,COPD,4.8,280486
48209,TX,Hays,DIABETES,10.2,280486
48209,TX,Hays,OBESITY,34.5,280486
48209,TX,Hays,STROKE,2.5,280486
48211,TX,Hemphill,ARTHRITIS,25.1,3189
48211,TX,Hemphill,BPHIGH,34.1,3189
48211,TX,Hemphill,CANCER,8.6,3189
48211,TX,Hemphill,CHD,6.3,3189
48211,TX,Hemphill,COPD,6.2,3189
48211,TX,Hemphill,DIABETES,11.6,3189
48211,TX,Hemphill,OBESITY,32.7,3189
48211,TX,Hemphill,STROKE,3.3,3189
48213,TX,Henderson,ARTHRITIS,30.4,86158
48213,TX,Henderson,BPHIGH,40.6,86158
48213,TX,Henderson,CANCER,9.4,86158
48213,TX,Henderson,CHD,8.3,86158
48213,TX,Henderson,COPD,9.2,86158
48213,TX,Henderson,DIABETES,14.5,86158
48213,TX,Henderson,OBESITY,35.4,86158
48213,TX,Henderson,STROKE,4.4,86158
48215,TX,Hidalgo,ARTHRITIS,20.2,898471
48215,TX,Hidalgo,BPHIGH,33.4,898471
48215,TX,Hidalgo,CANCER,4.4,898471
48215,TX,Hidalgo,CHD,6.5,898471
48215,TX,Hidalgo,COPD,5.9,898471
48215,TX,Hidalgo,DIABETES,17.4,898471
48215,TX,Hidalgo,OBESITY,44.2,898471
48215,TX,Hidalgo,STROKE,3.6,898471
48217,TX,Hill,ARTHRITIS,28.5,38101
48217,TX,Hill,BPHIGH,38.8,38101
48217,TX,Hill,CANCER,8.7,38101
48217,TX,Hill,CHD,7.8,38101
48217,TX,Hill,COPD,8.4,38101
48217,TX,Hill,DIABETES,14.2,38101
48217,TX,Hill,OBESITY,36.9,38101
48217,TX,Hill,STROKE,4.1,38101
48219,TX,Hockley,ARTHRITIS,23.9,21460
48219,TX,Hockley,BPHIGH,35.1,21460
48219,TX,Hockley,CANCER,6.7,21460
48219,TX,Hockley,CHD,6.7,21460
48219,TX,Hockley,COPD,7.0,21460
48219,TX,Hockley,DIABETES,14.1,21460
48219,TX,Hockley,OBESITY,36.1,21460
48219,TX,Hockley,STROKE,3.6,21460
48221,TX,Hood,ARTHRITIS,29.4,67774
48221,TX,Hood,BPHIGH,38.0,67774
48221,TX,Hood,CANCER,10.4,67774
48221,TX,Hood,CHD,7.4,67774
48221,TX,Hood,COPD,7.4,67774
48221,TX,Hood,DIABETES,12.5,67774
48221,TX,Hood,OBESITY,33.2,67774
48221,TX,Hood,STROKE,3.7,67774
48223,TX,Hopkins,ARTHRITIS,27.5,38172
48223,TX,Hopkins,BPHIGH,37.5,38172
48223,TX,Hopkins,CANCER,8.4,38172
48223,TX,Hopkins,CHD,7.3,38172
48223,TX,Hopkins,COPD,8.3,38172
48223,TX,Hopkins,DIABETES,13.4,38172
48223,TX,Hopkins,OBESITY,37.5,38172
48223,TX,Hopkins,STROKE,4.0,38172
48225,TX,Houston,ARTHRITIS,30.0,22066
48225,TX,Houston,BPHIGH,43.4,22066
48225,TX,Houston,CANCER,8.5,22066
48225,TX,Houston,CHD,8.9,22066
48225,TX,Houston,COPD,9.9,22066
48225,TX,Houston,DIABETES,16.8,22066
48225,TX,Houston,OBESITY,38.2,22066
48225,TX,Houston,STROKE,5.1,22066
48227,TX,Howard,ARTHRITIS,22.7,30554
48227,TX,Howard,BPHIGH,34.8,30554
48227,TX,Howard,CANCER,6.1,30554
48227,TX,Howard,CHD,6.3,30554
48227,TX,Howard,COPD,6.6,30554
48227,TX,Howard,DIABETES,13.7,30554
48227,TX,Howard,OBESITY,38.4,30554
48227,TX,Howard,STROKE,3.4,30554
48229,TX,Hudspeth,ARTHRITIS,18.0,3451
48229,TX,Hudspeth,BPHIGH,33.0,3451
48229,TX,Hudspeth,CANCER,3.8,3451
48229,TX,Hudspeth,CHD,6.0,3451
48229,TX,Hudspeth,COPD,6.6,3451
48229,TX,Hudspeth,DIABETES,14.3,3451
48229,TX,Hudspeth,OBESITY,41.0,3451
48229,TX,Hudspeth,STROKE,3.3,3451
48231,TX,Hunt,ARTHRITIS,24.7,113347
48231,TX,Hunt,BPHIGH,35.6,113347
48231,TX,Hunt,CANCER,7.4,113347
48231,TX,Hunt,CHD,6.5,113347
48231,TX,Hunt,COPD,7.4,113347
48231,TX,Hunt,DIABETES,12.3,113347
48231,TX,Hunt,OBESITY,36.7,113347
48231,TX,Hunt,STROKE,3.5,113347
48233,TX,Hutchinson,ARTHRITIS,26.2,20033
48233,TX,Hutchinson,BPHIGH,36.0,20033
48233,TX,Hutchinson,CANCER,8.1,20033
48233,TX,Hutchinson,CHD,7.0,20033
48233,TX,Hutchinson,COPD,7.5,20033
48233,TX,Hutchinson,DIABETES,12.9,20033
48233,TX,Hutchinson,OBESITY,35.1,20033
48233,TX,Hutchinson,STROKE,3.7,20033
48235,TX,Irion,ARTHRITIS,28.1,1549
48235,TX,Irion,BPHIGH,37.7,1549
48235,TX,Irion,CANCER,9.2,1549
48235,TX,Irion,CHD,7.3,1549
48235,TX,Irion,COPD,7.2,1549
48235,TX,Irion,DIABETES,13.4,1549
48235,TX,Irion,OBESITY,35.1,1549
48235,TX,Irion,STROKE,3.7,1549
48237,TX,Jack,ARTHRITIS,26.7,8875
48237,TX,Jack,BPHIGH,37.5,8875
48237,TX,Jack,CANCER,8.0,8875
48237,TX,Jack,CHD,7.6,8875
48237,TX,Jack,COPD,8.8,8875
48237,TX,Jack,DIABETES,13.4,8875
48237,TX,Jack,OBESITY,37.8,8875
48237,TX,Jack,STROKE,4.0,8875
48239,TX,Jackson,ARTHRITIS,27.6,15221
48239,TX,Jackson,BPHIGH,38.6,15221
48239,TX,Jackson,CANCER,8.3,15221
48239,TX,Jackson,CHD,7.8,15221
48239,TX,Jackson,COPD,8.2,15221
48239,TX,Jackson,DIABETES,14.7,15221
48239,TX,Jackson,OBESITY,37.7,15221
48239,TX,Jackson,STROKE,4.2,15221
48241,TX,Jasper,ARTHRITIS,31.2,32694
48241,TX,Jasper,BPHIGH,43.2,32694
48241,TX,Jasper,CANCER,8.9,32694
48241,TX,Jasper,CHD,9.0,32694
48241,TX,Jasper,COPD,10.7,32694
48241,TX,Jasper,DIABETES,16.3,32694
48241,TX,Jasper,OBESITY,41.1,32694
48241,TX,Jasper,STROKE,5.0,32694
48243,TX,Jeff Davis,ARTHRITIS,38.6,1856
48243,TX,Jeff Davis,BPHIGH,50.1,1856
48243,TX,Jeff Davis,CANCER,12.5,1856
48243,TX,Jeff Davis,CHD,12.3,1856
48243,TX,Jeff Davis,COPD,11.6,1856
48243,TX,Jeff Davis,DIABETES,21.2,1856
48243,TX,Jeff Davis,OBESITY,37.9,1856
48243,TX,Jeff Davis,STROKE,6.1,1856
48245,TX,Jefferson,ARTHRITIS,25.8,251496
48245,TX,Jefferson,BPHIGH,39.8,251496
48245,TX,Jefferson,CANCER,6.3,251496
48245,TX,Jefferson,CHD,7.0,251496
48245,TX,Jefferson,COPD,7.8,251496
48245,TX,Jefferson,DIABETES,15.6,251496
48245,TX,Jefferson,OBESITY,41.3,251496
48245,TX,Jefferson,STROKE,4.3,251496
48247,TX,Jim Hogg,ARTHRITIS,26.1,4720
48247,TX,Jim Hogg,BPHIGH,41.6,4720
48247,TX,Jim Hogg,CANCER,5.5,4720
48247,TX,Jim Hogg,CHD,9.9,4720
48247,TX,Jim Hogg,COPD,8.9,4720
48247,TX,Jim Hogg,DIABETES,22.8,4720
48247,TX,Jim Hogg,OBESITY,44.7,4720
48247,TX,Jim Hogg,STROKE,5.3,4720
48249,TX,Jim Wells,ARTHRITIS,24.1,38662
48249,TX,Jim Wells,BPHIGH,37.3,38662
48249,TX,Jim Wells,CANCER,5.6,38662
48249,TX,Jim Wells,CHD,7.6,38662
48249,TX,Jim Wells,COPD,6.9,38662
48249,TX,Jim Wells,DIABETES,18.0,38662
48249,TX,Jim Wells,OBESITY,40.6,38662
48249,TX,Jim Wells,STROKE,4.0,38662
48251,TX,Johnson,ARTHRITIS,24.0,202906
48251,TX,Johnson,BPHIGH,33.8,202906
48251,TX,Johnson,CANCER,7.1,202906
48251,TX,Johnson,CHD,5.9,202906
48251,TX,Johnson,COPD,6.6,202906
48251,TX,Johnson,DIABETES,11.9,202906
48251,TX,Johnson,OBESITY,33.4,202906
48251,TX,Johnson,STROKE,3.2,202906
48253,TX,Jones,ARTHRITIS,23.1,20381
48253,TX,Jones,BPHIGH,36.2,20381
48253,TX,Jones,CANCER,6.4,20381
48253,TX,Jones,CHD,6.6,20381
48253,TX,Jones,COPD,7.5,20381
48253,TX,Jones,DIABETES,13.0,20381
48253,TX,Jones,OBESITY,38.7,20381
48253,TX,Jones,STROKE,3.6,20381
48255,TX,Karnes,ARTHRITIS,21.4,15018
48255,TX,Karnes,BPHIGH,35.3,15018
48255,TX,Karnes,CANCER,5.6,15018
48255,TX,Karnes,CHD,6.4,15018
48255,TX,Karnes,COPD,6.8,15018
48255,TX,Karnes,DIABETES,14.0,15018
48255,TX,Karnes,OBESITY,38.9,15018
48255,TX,Karnes,STROKE,3.5,15018
48257,TX,Kaufman,ARTHRITIS,21.1,185690
48257,TX,Kaufman,BPHIGH,32.5,185690
48257,TX,Kaufman,CANCER,5.8,185690
48257,TX,Kaufman,CHD,5.0,185690
48257,TX,Kaufman,COPD,5.8,185690
48257,TX,Kaufman,DIABETES,11.2,185690
48257,TX,Kaufman,OBESITY,38.0,185690
48257,TX,Kaufman,STROKE,2.9,185690
48259,TX,Kendall,ARTHRITIS,25.9,50537
48259,TX,Kendall,BPHIGH,34.9,50537
48259,TX,Kendall,CANCER,9.2,50537
48259,TX,Kendall,CHD,6.1,50537
48259,TX,Kendall,COPD,5.5,50537
48259,TX,Kendall,DIABETES,11.1,50537
48259,TX,Kendall,OBESITY,34.3,50537
48259,TX,Kendall,STROKE,3.1,50537
48261,TX,Kenedy,ARTHRITIS,25.0,343
48261,TX,Kenedy,BPHIGH,38.2,343
48261,TX,Kenedy,CANCER,6.0,343
48261,TX,Kenedy,CHD,8.3,343
48261,TX,Kenedy,COPD,7.2,343
48261,TX,Kenedy,DIABETES,18.5,343
48261,TX,Kenedy,OBESITY,37.9,343
48261,TX,Kenedy,STROKE,4.4,343
48263,TX,Kent,ARTHRITIS,30.3,734
48263,TX,Kent,BPHIGH,38.9,734
48263,TX,Kent,CANCER,11.0,734
48263,TX,Kent,CHD,7.7,734
48263,TX,Kent,COPD,7.2,734
48263,TX,Kent,DIABETES,12.9,734
48263,TX,Kent,OBESITY,32.5,734
48263,TX,Kent,STROKE,4.0,734
48265,TX,Kerr,ARTHRITIS,30.3,53915
48265,TX,Kerr,BPHIGH,40.3,53915
48265,TX,Kerr,CANCER,10.6,53915
48265,TX,Kerr,CHD,8.7,53915
48265,TX,Kerr,COPD,8.4,53915
48265,TX,Kerr,DIABETES,14.7,53915
48265,TX,Kerr,OBESITY,34.4,53915
48265,TX,Kerr,STROKE,4.4,53915
48267,TX,Kimble,ARTHRITIS,33.4,4442
48267,TX,Kimble,BPHIGH,43.8,4442
48267,TX,Kimble,CANCER,10.9,4442
48267,TX,Kimble,CHD,9.9,4442
48267,TX,Kimble,COPD,10.1,4442
48267,TX,Kimble,DIABETES,16.6,4442
48267,TX,Kimble,OBESITY,36.8,4442
48267,TX,Kimble,STROKE,5.0,4442
48269,TX,King,ARTHRITIS,33.3,217
48269,TX,King,BPHIGH,45.0,217
48269,TX,King,CANCER,10.6,217
48269,TX,King,CHD,10.4,217
48269,TX,King,COPD,10.8,217
48269,TX,King,DIABETES,16.8,217
48269,TX,King,OBESITY,37.8,217
48269,TX,King,STROKE,5.3,217
48271,TX,Kinney,ARTHRITIS,27.2,3148
48271,TX,Kinney,BPHIGH,39.2,3148
48271,TX,Kinney,CANCER,8.6,3148
48271,TX,Kinney,CHD,8.6,3148
48271,TX,Kinney,COPD,7.5,3148
48271,TX,Kinney,DIABETES,15.8,3148
48271,TX,Kinney,OBESITY,36.8,3148
48271,TX,Kinney,STROKE,4.3,3148
48273,TX,Kleberg,ARTHRITIS,19.9,30069
48273,TX,Kleberg,BPHIGH,31.5,30069
48273,TX,Kleberg,CANCER,4.9,30069
48273,TX,Kleberg,CHD,6.0,30069
48273,TX,Kleberg,COPD,5.5,30069
48273,TX,Kleberg,DIABETES,14.0,30069
48273,TX,Kleberg,OBESITY,37.1,30069
48273,TX,Kleberg,STROKE,3.2,30069
48275,TX,Knox,ARTHRITIS,28.8,3302
48275,TX,Knox,BPHIGH,40.3,3302
48275,TX,Knox,CANCER,8.5,3302
48275,TX,Knox,CHD,8.2,3302
48275,TX,Knox,COPD,8.7,3302
48275,TX,Knox,DIABETES,15.6,3302
48275,TX,Knox,OBESITY,37.8,3302
48275,TX,Knox,STROKE,4.4,3302
48277,TX,Lamar,ARTHRITIS,28.8,51127
48277,TX,Lamar,BPHIGH,39.9,51127
48277,TX,Lamar,CANCER,8.5,51127
48277,TX,Lamar,CHD,7.8,51127
48277,TX,Lamar,COPD,9.1,51127
48277,TX,Lamar,DIABETES,14.3,51127
48277,TX,Lamar,OBESITY,38.5,51127
48277,TX,Lamar,STROKE,4.3,51127
48279,TX,Lamb,ARTHRITIS,26.1,12711
48279,TX,Lamb,BPHIGH,38.2,12711
48279,TX,Lamb,CANCER,7.0,12711
48279,TX,Lamb,CHD,7.9,12711
48279,TX,Lamb,COPD,7.9,12711
48279,TX,Lamb,DIABETES,16.6,12711
48279,TX,Lamb,OBESITY,40.0,12711
48279,TX,Lamb,STROKE,4.2,12711
48281,TX,Lampasas,ARTHRITIS,28.4,23262
48281,TX,Lampasas,BPHIGH,38.5,23262
48281,TX,Lampasas,CANCER,9.0,23262
48281,TX,Lampasas,CHD,7.5,23262
48281,TX,Lampasas,COPD,7.9,23262
48281,TX,Lampasas,DIABETES,14.0,23262
48281,TX,Lampasas,OBESITY,35.1,23262
48281,TX,Lampasas,STROKE,3.9,23262
48283,TX,La Salle,ARTHRITIS,20.6,6537
48283,TX,La Salle,BPHIGH,33.6,6537
48283,TX,La Salle,CANCER,4.9,6537
48283,TX,La Salle,CHD,6.9,6537
48283,TX,La Salle,COPD,6.8,6537
48283,TX,La Salle,DIABETES,15.5,6537
48283,TX,La Salle,OBESITY,38.8,6537
48283,TX,La Salle,STROKE,3.8,6537
48285,TX,Lavaca,ARTHRITIS,30.3,20571
48285,TX,Lavaca,BPHIGH,40.6,20571
48285,TX,Lavaca,CANCER,9.8,20571
48285,TX,Lavaca,CHD,8.4,20571
48285,TX,Lavaca,COPD,8.7,20571
48285,TX,Lavaca,DIABETES,14.6,20571
48285,TX,Lavaca,OBESITY,36.3,20571
48285,TX,Lavaca,STROKE,4.4,20571
48287,TX,Lee,ARTHRITIS,28.8,18240
48287,TX,Lee,BPHIGH,40.6,18240
48287,TX,Lee,CANCER,8.4,18240
48287,TX,Lee,CHD,8.1,18240
48287,TX,Lee,COPD,9.0,18240
48287,TX,Lee,DIABETES,15.4,18240
48287,TX,Lee,OBESITY,39.8,18240
48287,TX,Lee,STROKE,4.4,18240
48289,TX,Leon,ARTHRITIS,31.2,16538
48289,TX,Leon,BPHIGH,41.6,16538
48289,TX,Leon,CANCER,9.7,16538
48289,TX,Leon,CHD,8.8,16538
48289,TX,Leon,COPD,9.5,16538
48289,TX,Leon,DIABETES,15.3,16538
48289,TX,Leon,OBESITY,36.2,16538
48289,TX,Leon,STROKE,4.6,16538
48291,TX,Liberty,ARTHRITIS,23.6,108272
48291,TX,Liberty,BPHIGH,35.4,108272
48291,TX,Liberty,CANCER,6.0,108272
48291,TX,Liberty,CHD,6.5,108272
48291,TX,Liberty,COPD,8.0,108272
48291,TX,Liberty,DIABETES,13.9,108272
48291,TX,Liberty,OBESITY,40.1,108272
48291,TX,Liberty,STROKE,3.7,108272
48293,TX,Limestone,ARTHRITIS,29.5,22250
48293,TX,Limestone,BPHIGH,41.9,22250
48293,TX,Limestone,CANCER,8.4,22250
48293,TX,Limestone,CHD,8.4,22250
48293,TX,Limestone,COPD,9.3,22250
48293,TX,Limestone,DIABETES,16.1,22250
48293,TX,Limestone,OBESITY,39.7,22250
48293,TX,Limestone,STROKE,4.7,22250
48295,TX,Lipscomb,ARTHRITIS,27.9,2906
48295,TX,Lipscomb,BPHIGH,38.6,2906
48295,TX,Lipscomb,CANCER,8.7,2906
48295,TX,Lipscomb,CHD,8.0,2906
48295,TX,Lipscomb,COPD,8.3,2906
48295,TX,Lipscomb,DIABETES,14.8,2906
48295,TX,Lipscomb,OBESITY,36.7,2906
48295,TX,Lipscomb,STROKE,4.1,2906
48297,TX,Live Oak,ARTHRITIS,26.8,11584
48297,TX,Live Oak,BPHIGH,40.0,11584
48297,TX,Live Oak,CANCER,7.6,11584
48297,TX,Live Oak,CHD,8.5,11584
48297,TX,Live Oak,COPD,8.7,11584
48297,TX,Live Oak,DIABETES,16.2,11584
48297,TX,Live Oak,OBESITY,39.7,11584
48297,TX,Live Oak,STROKE,4.4,11584
48299,TX,Llano,ARTHRITIS,35.5,22875
48299,TX,Llano,BPHIGH,44.8,22875
48299,TX,Llano,CANCER,12.8,22875
48299,TX,Llano,CHD,10.0,22875
48299,TX,Llano,COPD,9.5,22875
48299,TX,Llano,DIABETES,15.7,22875
48299,TX,Llano,OBESITY,35.8,22875
48299,TX,Llano,STROKE,4.9,22875
48303,TX,Lubbock,ARTHRITIS,20.7,320940
48303,TX,Lubbock,BPHIGH,30.3,320940
48303,TX,Lubbock,CANCER,6.1,320940
48303,TX,Lubbock,CHD,5.4,320940
48303,TX,Lubbock,COPD,5.8,320940
48303,TX,Lubbock,DIABETES,11.4,320940
48303,TX,Lubbock,OBESITY,35.4,320940
48303,TX,Lubbock,STROKE,3.0,320940
48305,TX,Lynn,ARTHRITIS,25.7,5761
48305,TX,Lynn,BPHIGH,37.5,5761
48305,TX,Lynn,CANCER,7.2,5761
48305,TX,Lynn,CHD,7.5,5761
48305,TX,Lynn,COPD,8.0,5761
48305,TX,Lynn,DIABETES,15.2,5761
48305,TX,Lynn,OBESITY,38.6,5761
48305,TX,Lynn,STROKE,4.0,5761
48307,TX,McCulloch,ARTHRITIS,29.7,7452
48307,TX,McCulloch,BPHIGH,40.4,7452
48307,TX,McCulloch,CANCER,9.2,7452
48307,TX,McCulloch,CHD,8.6,7452
48307,TX,McCulloch,COPD,8.9,7452
48307,TX,McCulloch,DIABETES,15.5,7452
48307,TX,McCulloch,OBESITY,36.4,7452
48307,TX,McCulloch,STROKE,4.4,7452
48309,TX,McLennan,ARTHRITIS,23.8,268583
48309,TX,McLennan,BPHIGH,34.3,268583
48309,TX,McLennan,CANCER,6.8,268583
48309,TX,McLennan,CHD,6.2,268583
48309,TX,McLennan,COPD,6.8,268583
48309,TX,McLennan,DIABETES,12.5,268583
48309,TX,McLennan,OBESITY,34.8,268583
48309,TX,McLennan,STROKE,3.5,268583
48311,TX,McMullen,ARTHRITIS,29.3,568
48311,TX,McMullen,BPHIGH,42.1,568
48311,TX,McMullen,CANCER,8.5,568
48311,TX,McMullen,CHD,9.5,568
48311,TX,McMullen,COPD,9.1,568
48311,TX,McMullen,DIABETES,17.8,568
48311,TX,McMullen,OBESITY,38.6,568
48311,TX,McMullen,STROKE,4.9,568
48313,TX,Madison,ARTHRITIS,23.7,13742
48313,TX,Madison,BPHIGH,36.1,13742
48313,TX,Madison,CANCER,6.5,13742
48313,TX,Madison,CHD,6.7,13742
48313,TX,Madison,COPD,7.6,13742
48313,TX,Madison,DIABETES,13.1,13742
48313,TX,Madison,OBESITY,37.1,13742
48313,TX,Madison,STROKE,3.8,13742
48315,TX,Marion,ARTHRITIS,34.3,9571
48315,TX,Marion,BPHIGH,46.8,9571
48315,TX,Marion,CANCER,10.0,9571
48315,TX,Marion,CHD,10.1,9571
48315,TX,Marion,COPD,11.2,9571
48315,TX,Marion,DIABETES,18.1,9571
48315,TX,Marion,OBESITY,39.1,9571
48315,TX,Marion,STROKE,5.6,9571
48317,TX,Martin,ARTHRITIS,21.6,5216
48317,TX,Martin,BPHIGH,32.3,5216
48317,TX,Martin,CANCER,6.1,5216
48317,TX,Martin,CHD,5.5,5216
48317,TX,Martin,COPD,6.0,5216
48317,TX,Martin,DIABETES,12.1,5216
48317,TX,Martin,OBESITY,36.0,5216
48317,TX,Martin,STROKE,3.0,5216
48319,TX,Mason,ARTHRITIS,31.5,3931
48319,TX,Mason,BPHIGH,41.2,3931
48319,TX,Mason,CANCER,11.4,3931
48319,TX,Mason,CHD,8.8,3931
48319,TX,Mason,COPD,8.1,3931
48319,TX,Mason,DIABETES,14.4,3931
48319,TX,Mason,OBESITY,33.5,3931
48319,TX,Mason,STROKE,4.3,3931
48321,TX,Matagorda,ARTHRITIS,27.1,36359
48321,TX,Matagorda,BPHIGH,39.6,36359
48321,TX,Matagorda,CANCER,7.4,36359
48321,TX,Matagorda,CHD,7.9,36359
48321,TX,Matagorda,COPD,8.3,36359
48321,TX,Matagorda,DIABETES,16.4,36359
48321,TX,Matagorda,OBESITY,39.4,36359
48321,TX,Matagorda,STROKE,4.3,36359
48323,TX,Maverick,ARTHRITIS,20.5,57762
48323,TX,Maverick,BPHIGH,34.4,57762
48323,TX,Maverick,CANCER,4.1,57762
48323,TX,Maverick,CHD,6.6,57762
48323,TX,Maverick,COPD,5.7,57762
48323,TX,Maverick,DIABETES,17.8,57762
48323,TX,Maverick,OBESITY,43.9,57762
48323,TX,Maverick,STROKE,3.6,57762
48325,TX,Medina,ARTHRITIS,24.3,54797
48325,TX,Medina,BPHIGH,37.1,54797
48325,TX,Medina,CANCER,7.1,54797
48325,TX,Medina,CHD,6.6,54797
48325,TX,Medina,COPD,6.1,54797
48325,TX,Medina,DIABETES,14.4,54797
48325,TX,Medina,OBESITY,39.5,54797
48325,TX,Medina,STROKE,3.4,54797
48327,TX,Menard,ARTHRITIS,33.1,1958
48327,TX,Menard,BPHIGH,44.2,1958
48327,TX,Menard,CANCER,10.8,1958
48327,TX,Menard,CHD,10.3,1958
48327,TX,Menard,COPD,9.8,1958
48327,TX,Menard,DIABETES,17.6,1958
48327,TX,Menard,OBESITY,36.5,1958
48327,TX,Menard,STROKE,5.2,1958
48329,TX,Midland,ARTHRITIS,19.4,177108
48329,TX,Midland,BPHIGH,30.5,177108
48329,TX,Midland,CANCER,5.6,177108
48329,TX,Midland,CHD,4.7,177108
48329,TX,Midland,COPD,4.9,177108
48329,TX,Midland,DIABETES,10.8,177108
48329,TX,Midland,OBESITY,35.9,177108
48329,TX,Midland,STROKE,2.6,177108
48331,TX,Milam,ARTHRITIS,28.9,25951
48331,TX,Milam,BPHIGH,40.2,25951
48331,TX,Milam,CANCER,8.7,25951
48331,TX,Milam,CHD,8.0,25951
48331,TX,Milam,COPD,8.5,25951
48331,TX,Milam,DIABETES,14.9,25951
48331,TX,Milam,OBESITY,37.1,25951
48331,TX,Milam,STROKE,4.3,25951
48333,TX,Mills,ARTHRITIS,31.1,4548
48333,TX,Mills,BPHIGH,40.4,4548
48333,TX,Mills,CANCER,11.0,4548
48333,TX,Mills,CHD,8.6,4548
48333,TX,Mills,COPD,8.3,4548
48333,TX,Mills,DIABETES,14.1,4548
48333,TX,Mills,OBESITY,33.0,4548
48333,TX,Mills,STROKE,4.3,4548
48335,TX,Mitchell,ARTHRITIS,22.1,9075
48335,TX,Mitchell,BPHIGH,35.4,9075
48335,TX,Mitchell,CANCER,6.0,9075
48335,TX,Mitchell,CHD,6.5,9075
48335,TX,Mitchell,COPD,7.0,9075
48335,TX,Mitchell,DIABETES,13.3,9075
48335,TX,Mitchell,OBESITY,38.4,9075
48335,TX,Mitchell,STROKE,3.5,9075
48337,TX,Montague,ARTHRITIS,29.5,21598
48337,TX,Montague,BPHIGH,38.7,21598
48337,TX,Montague,CANCER,9.5,21598
48337,TX,Montague,CHD,8.0,21598
48337,TX,Montague,COPD,8.8,21598
48337,TX,Montague,DIABETES,13.4,21598
48337,TX,Montague,OBESITY,35.0,21598
48337,TX,Montague,STROKE,4.1,21598
48339,TX,Montgomery,ARTHRITIS,23.0,711354
48339,TX,Montgomery,BPHIGH,31.9,711354
48339,TX,Montgomery,CANCER,7.1,711354
48339,TX,Montgomery,CHD,5.3,711354
48339,TX,Montgomery,COPD,5.6,711354
48339,TX,Montgomery,DIABETES,11.4,711354
48339,TX,Montgomery,OBESITY,31.8,711354
48339,TX,Montgomery,STROKE,2.9,711354
48341,TX,Moore,ARTHRITIS,22.0,21190
48341,TX,Moore,BPHIGH,34.5,21190
48341,TX,Moore,CANCER,5.4,21190
48341,TX,Moore,CHD,6.5,21190
48341,TX,Moore,COPD,6.8,21190
48341,TX,Moore,DIABETES,14.9,21190
48341,TX,Moore,OBESITY,39.0,21190
48341,TX,Moore,STROKE,3.6,21190
48343,TX,Morris,ARTHRITIS,30.5,12066
48343,TX,Morris,BPHIGH,42.7,12066
48343,TX,Morris,CANCER,8.7,12066
48343,TX,Morris,CHD,8.4,12066
48343,TX,Morris,COPD,9.4,12066
48343,TX,Morris,DIABETES,15.9,12066
48343,TX,Morris,OBESITY,39.0,12066
48343,TX,Morris,STROKE,4.8,12066
48345,TX,Motley,ARTHRITIS,31.6,1020
48345,TX,Motley,BPHIGH,41.8,1020
48345,TX,Motley,CANCER,10.7,1020
48345,TX,Motley,CHD,9.1,1020
48345,TX,Motley,COPD,9.2,1020
48345,TX,Motley,DIABETES,14.7,1020
48345,TX,Motley,OBESITY,35.2,1020
48345,TX,Motley,STROKE,4.5,1020
48347,TX,Nacogdoches,ARTHRITIS,24.1,65375
48347,TX,Nacogdoches,BPHIGH,35.0,65375
48347,TX,Nacogdoches,CANCER,6.9,65375
48347,TX,Nacogdoches,CHD,6.8,65375
48347,TX,Nacogdoches,COPD,7.9,65375
48347,TX,Nacogdoches,DIABETES,13.2,65375
48347,TX,Nacogdoches,OBESITY,33.2,65375
48347,TX,Nacogdoches,STROKE,3.8,65375
48349,TX,Navarro,ARTHRITIS,26.8,55635
48349,TX,Navarro,BPHIGH,38.4,55635
48349,TX,Navarro,CANCER,7.3,55635
48349,TX,Navarro,CHD,7.6,55635
48349,TX,Navarro,COPD,8.6,55635
48349,TX,Navarro,DIABETES,15.3,55635
48349,TX,Navarro,OBESITY,38.1,55635
48349,TX,Navarro,STROKE,4.2,55635
48351,TX,Newton,ARTHRITIS,34.1,12039
48351,TX,Newton,BPHIGH,46.2,12039
48351,TX,Newton,CANCER,9.1,12039
48351,TX,Newton,CHD,10.5,12039
48351,TX,Newton,COPD,13.0,12039
48351,TX,Newton,DIABETES,18.6,12039
48351,TX,Newton,OBESITY,42.8,12039
48351,TX,Newton,STROKE,6.0,12039
48353,TX,Nolan,ARTHRITIS,28.2,14306
48353,TX,Nolan,BPHIGH,40.3,14306
48353,TX,Nolan,CANCER,7.8,14306
48353,TX,Nolan,CHD,8.5,14306
48353,TX,Nolan,COPD,9.4,14306
48353,TX,Nolan,DIABETES,16.5,14306
48353,TX,Nolan,OBESITY,40.5,14306
48353,TX,Nolan,STROKE,4.6,14306
48355,TX,Nueces,ARTHRITIS,22.0,352289
48355,TX,Nueces,BPHIGH,36.2,352289
48355,TX,Nueces,CANCER,6.1,352289
48355,TX,Nueces,CHD,6.5,352289
48355,TX,Nueces,COPD,6.0,352289
48355,TX,Nueces,DIABETES,15.8,352289
48355,TX,Nueces,OBESITY,39.7,352289
48355,TX,Nueces,STROKE,3.5,352289
48357,TX,Ochiltree,ARTHRITIS,23.2,9704
48357,TX,Ochiltree,BPHIGH,34.8,9704
48357,TX,Ochiltree,CANCER,6.3,9704
48357,TX,Ochiltree,CHD,6.7,9704
48357,TX,Ochiltree,COPD,7.1,9704
48357,TX,Ochiltree,DIABETES,14.1,9704
48357,TX,Ochiltree,OBESITY,39.2,9704
48357,TX,Ochiltree,STROKE,3.6,9704
48359,TX,Oldham,ARTHRITIS,26.5,1783
48359,TX,Oldham,BPHIGH,36.3,1783
48359,TX,Oldham,CANCER,7.9,1783
48359,TX,Oldham,CHD,6.8,1783
48359,TX,Oldham,COPD,7.6,1783
48359,TX,Oldham,DIABETES,13.3,1783
48359,TX,Oldham,OBESITY,36.1,1783
48359,TX,Oldham,STROKE,3.6,1783
48361,TX,Orange,ARTHRITIS,26.2,85722
48361,TX,Orange,BPHIGH,36.6,85722
48361,TX,Orange,CANCER,7.9,85722
48361,TX,Orange,CHD,6.7,85722
48361,TX,Orange,COPD,7.7,85722
48361,TX,Orange,DIABETES,12.4,85722
48361,TX,Orange,OBESITY,38.4,85722
48361,TX,Orange,STROKE,3.6,85722
48363,TX,Palo Pinto,ARTHRITIS,29.0,29747
48363,TX,Palo Pinto,BPHIGH,38.6,29747
48363,TX,Palo Pinto,CANCER,8.9,29747
48363,TX,Palo Pinto,CHD,8.0,29747
48363,TX,Palo Pinto,COPD,9.1,29747
48363,TX,Palo Pinto,DIABETES,14.4,29747
48363,TX,Palo Pinto,OBESITY,39.4,29747
48363,TX,Palo Pinto,STROKE,4.2,29747
48365,TX,Panola,ARTHRITIS,28.2,22838
48365,TX,Panola,BPHIGH,39.3,22838
48365,TX,Panola,CANCER,8.6,22838
48365,TX,Panola,CHD,7.5,22838
48365,TX,Panola,COPD,8.4,22838
48365,TX,Panola,DIABETES,13.8,22838
48365,TX,Panola,OBESITY,37.4,22838
48365,TX,Panola,STROKE,4.2,22838
48367,TX,Parker,ARTHRITIS,25.8,173494
48367,TX,Parker,BPHIGH,34.0,173494
48367,TX,Parker,CANCER,8.3,173494
48367,TX,Parker,CHD,5.9,173494
48367,TX,Parker,COPD,6.4,173494
48367,TX,Parker,DIABETES,10.7,173494
48367,TX,Parker,OBESITY,35.5,173494
48367,TX,Parker,STROKE,3.1,173494
48369,TX,Parmer,ARTHRITIS,23.1,9617
48369,TX,Parmer,BPHIGH,34.9,9617
48369,TX,Parmer,CANCER,6.3,9617
48369,TX,Parmer,CHD,6.8,9617
48369,TX,Parmer,COPD,6.4,9617
48369,TX,Parmer,DIABETES,15.0,9617
48369,TX,Parmer,OBESITY,37.0,9617
48369,TX,Parmer,STROKE,3.6,9617
48371,TX,Pecos,ARTHRITIS,21.9,14623
48371,TX,Pecos,BPHIGH,36.2,14623
48371,TX,Pecos,CANCER,5.1,14623
48371,TX,Pecos,CHD,6.9,14623
48371,TX,Pecos,COPD,6.5,14623
48371,TX,Pecos,DIABETES,16.5,14623
48371,TX,Pecos,OBESITY,40.2,14623
48371,TX,Pecos,STROKE,3.7,14623
48373,TX,Polk,ARTHRITIS,29.4,54186
48373,TX,Polk,BPHIGH,40.7,54186
48373,TX,Polk,CANCER,8.2,54186
48373,TX,Polk,CHD,8.1,54186
48373,TX,Polk,COPD,9.8,54186
48373,TX,Polk,DIABETES,15.4,54186
48373,TX,Polk,OBESITY,39.2,54186
48373,TX,Polk,STROKE,4.3,54186
48375,TX,Potter,ARTHRITIS,25.1,114647
48375,TX,Potter,BPHIGH,37.6,114647
48375,TX,Potter,CANCER,6.4,114647
48375,TX,Potter,CHD,7.2,114647
48375,TX,Potter,COPD,8.2,114647
48375,TX,Potter,DIABETES,15.3,114647
48375,TX,Potter,OBESITY,41.8,114647
48375,TX,Potter,STROKE,4.1,114647
48377,TX,Presidio,ARTHRITIS,27.9,5795
48377,TX,Presidio,BPHIGH,42.9,5795
48377,TX,Presidio,CANCER,6.9,5795
48377,TX,Presidio,CHD,10.6,5795
48377,TX,Presidio,COPD,8.4,5795
48377,TX,Presidio,DIABETES,22.2,5795
48377,TX,Presidio,OBESITY,41.0,5795
48377,TX,Presidio,STROKE,5.5,5795
48379,TX,Rains,ARTHRITIS,30.9,12986
48379,TX,Rains,BPHIGH,40.5,12986
48379,TX,Rains,CANCER,10.3,12986
48379,TX,Rains,CHD,8.3,12986
48379,TX,Rains,COPD,8.8,12986
48379,TX,Rains,DIABETES,14.1,12986
48379,TX,Rains,OBESITY,35.8,12986
48379,TX,Rains,STROKE,4.3,12986
48381,TX,Randall,ARTHRITIS,23.6,148255
48381,TX,Randall,BPHIGH,32.8,148255
48381,TX,Randall,CANCER,7.6,148255
48381,TX,Randall,CHD,5.6,148255
48381,TX,Randall,COPD,5.8,148255
48381,TX,Randall,DIABETES,10.8,148255
48381,TX,Randall,OBESITY,35.1,148255
48381,TX,Randall,STROKE,3.0,148255
48383,TX,Reagan,ARTHRITIS,21.4,3141
48383,TX,Reagan,BPHIGH,34.3,3141
48383,TX,Reagan,CANCER,5.4,3141
48383,TX,Reagan,CHD,5.9,3141
48383,TX,Reagan,COPD,5.5,3141
48383,TX,Reagan,DIABETES,14.5,3141
48383,TX,Reagan,OBESITY,39.1,3141
48383,TX,Reagan,STROKE,3.2,3141
48385,TX,Real,ARTHRITIS,34.5,2854
48385,TX,Real,BPHIGH,45.5,2854
48385,TX,Real,CANCER,10.6,2854
48385,TX,Real,CHD,10.5,2854
48385,TX,Real,COPD,11.0,2854
48385,TX,Real,DIABETES,18.3,2854
48385,TX,Real,OBESITY,38.1,2854
48385,TX,Real,STROKE,5.4,2854
48387,TX,Red River,ARTHRITIS,32.9,11678
48387,TX,Red River,BPHIGH,44.8,11678
48387,TX,Red River,CANCER,9.8,11678
48387,TX,Red River,CHD,9.7,11678
48387,TX,Red River,COPD,10.7,11678
48387,TX,Red River,DIABETES,16.9,11678
48387,TX,Red River,OBESITY,38.5,11678
48387,TX,Red River,STROKE,5.3,11678
48389,TX,Reeves,ARTHRITIS,21.0,11770
48389,TX,Reeves,BPHIGH,35.6,11770
48389,TX,Reeves,CANCER,4.5,11770
48389,TX,Reeves,CHD,7.0,11770
48389,TX,Reeves,COPD,6.2,11770
48389,TX,Reeves,DIABETES,17.6,11770
48389,TX,Reeves,OBESITY,40.7,11770
48389,TX,Reeves,STROKE,3.8,11770
48391,TX,Refugio,ARTHRITIS,28.4,6666
48391,TX,Refugio,BPHIGH,40.8,6666
48391,TX,Refugio,CANCER,7.8,6666
48391,TX,Refugio,CHD,8.6,6666
48391,TX,Refugio,COPD,8.4,6666
48391,TX,Refugio,DIABETES,17.6,6666
48391,TX,Refugio,OBESITY,39.7,6666
48391,TX,Refugio,STROKE,4.6,6666
48393,TX,Roberts,ARTHRITIS,27.6,840
48393,TX,Roberts,BPHIGH,36.3,840
48393,TX,Roberts,CANCER,9.8,840
48393,TX,Roberts,CHD,6.9,840
48393,TX,Roberts,COPD,6.7,840
48393,TX,Roberts,DIABETES,11.6,840
48393,TX,Roberts,OBESITY,33.7,840
48393,TX,Roberts,STROKE,3.5,840
48395,TX,Robertson,ARTHRITIS,28.9,17267
48395,TX,Robertson,BPHIGH,40.8,17267
48395,TX,Robertson,CANCER,8.4,17267
48395,TX,Robertson,CHD,8.0,17267
48395,TX,Robertson,COPD,8.7,17267
48395,TX,Robertson,DIABETES,15.4,17267
48395,TX,Robertson,OBESITY,37.9,17267
48395,TX,Robertson,STROKE,4.5,17267
48397,TX,Rockwall,ARTHRITIS,20.8,131307
48397,TX,Rockwall,BPHIGH,30.5,131307
48397,TX,Rockwall,CANCER,7.0,131307
48397,TX,Rockwall,CHD,4.5,131307
48397,TX,Rockwall,COPD,4.5,131307
48397,TX,Rockwall,DIABETES,9.4,131307
48397,TX,Rockwall,OBESITY,35.1,131307
48397,TX,Rockwall,STROKE,2.5,131307
48399,TX,Runnels,ARTHRITIS,27.6,9868
48399,TX,Runnels,BPHIGH,38.2,9868
48399,TX,Runnels,CANCER,8.5,9868
48399,TX,Runnels,CHD,7.8,9868
48399,TX,Runnels,COPD,7.8,9868
48399,TX,Runnels,DIABETES,14.7,9868
48399,TX,Runnels,OBESITY,35.9,9868
48399,TX,Runnels,STROKE,4.1,9868
48401,TX,Rusk,ARTHRITIS,26.6,53079
48401,TX,Rusk,BPHIGH,39.0,53079
48401,TX,Rusk,CANCER,7.5,53079
48401,TX,Rusk,CHD,7.1,53079
48401,TX,Rusk,COPD,8.0,53079
48401,TX,Rusk,DIABETES,13.9,53079
48401,TX,Rusk,OBESITY,37.5,53079
48401,TX,Rusk,STROKE,4.0,53079
48403,TX,Sabine,ARTHRITIS,35.2,10106
48403,TX,Sabine,BPHIGH,45.9,10106
48403,TX,Sabine,CANCER,11.4,10106
48403,TX,Sabine,CHD,10.4,10106
48403,TX,Sabine,COPD,11.1,10106
48403,TX,Sabine,DIABETES,16.6,10106
48403,TX,Sabine,OBESITY,35.5,10106
48403,TX,Sabine,STROKE,5.4,10106
48405,TX,San Augustine,ARTHRITIS,36.1,7833
48405,TX,San Augustine,BPHIGH,49.7,7833
48405,TX,San Augustine,CANCER,9.8,7833
48405,TX,San Augustine,CHD,11.9,7833
48405,TX,San Augustine,COPD,14.1,7833
48405,TX,San Augustine,DIABETES,20.9,7833
48405,TX,San Augustine,OBESITY,43.5,7833
48405,TX,San Augustine,STROKE,6.8,7833
48407,TX,San Jacinto,ARTHRITIS,31.0,28936
48407,TX,San Jacinto,BPHIGH,42.7,28936
48407,TX,San Jacinto,CANCER,9.0,28936
48407,TX,San Jacinto,CHD,9.0,28936
48407,TX,San Jacinto,COPD,10.1,28936
48407,TX,San Jacinto,DIABETES,16.4,28936
48407,TX,San Jacinto,OBESITY,39.0,28936
48407,TX,San Jacinto,STROKE,4.8,28936
48409,TX,San Patricio,ARTHRITIS,24.4,70660
48409,TX,San Patricio,BPHIGH,38.0,70660
48409,TX,San Patricio,CANCER,6.4,70660
48409,TX,San Patricio,CHD,6.8,70660
48409,TX,San Patricio,COPD,6.9,70660
48409,TX,San Patricio,DIABETES,15.4,70660
48409,TX,San Patricio,OBESITY,41.3,70660
48409,TX,San Patricio,STROKE,3.6,70660
48411,TX,San Saba,ARTHRITIS,27.3,5845
48411,TX,San Saba,BPHIGH,38.2,5845
48411,TX,San Saba,CANCER,8.6,5845
48411,TX,San Saba,CHD,8.2,5845
48411,TX,San Saba,COPD,8.6,5845
48411,TX,San Saba,DIABETES,14.2,5845
48411,TX,San Saba,OBESITY,35.8,5845
48411,TX,San Saba,STROKE,4.2,5845
48413,TX,Schleicher,ARTHRITIS,25.9,2391
48413,TX,Schleicher,BPHIGH,37.1,2391
48413,TX,Schleicher,CANCER,7.9,2391
48413,TX,Schleicher,CHD,7.4,2391
48413,TX,Schleicher,COPD,6.7,2391
48413,TX,Schleicher,DIABETES,14.8,2391
48413,TX,Schleicher,OBESITY,36.0,2391
48413,TX,Schleicher,STROKE,3.8,2391
48415,TX,Scurry,ARTHRITIS,24.4,16212
48415,TX,Scurry,BPHIGH,35.3,16212
48415,TX,Scurry,CANCER,7.0,16212
48415,TX,Scurry,CHD,6.7,16212
48415,TX,Scurry,COPD,7.0,16212
48415,TX,Scurry,DIABETES,13.6,16212
48415,TX,Scurry,OBESITY,38.1,16212
48415,TX,Scurry,STROKE,3.6,16212
48417,TX,Shackelford,ARTHRITIS,27.8,3229
48417,TX,Shackelford,BPHIGH,36.8,3229
48417,TX,Shackelford,CANCER,9.6,3229
48417,TX,Shackelford,CHD,7.0,3229
48417,TX,Shackelford,COPD,7.1,3229
48417,TX,Shackelford,DIABETES,12.3,3229
48417,TX,Shackelford,OBESITY,33.8,3229
48417,TX,Shackelford,STROKE,3.6,3229
48419,TX,Shelby,ARTHRITIS,29.4,24179
48419,TX,Shelby,BPHIGH,42.0,24179
48419,TX,Shelby,CANCER,7.9,24179
48419,TX,Shelby,CHD,8.5,24179
48419,TX,Shelby,COPD,10.1,24179
48419,TX,Shelby,DIABETES,16.4,24179
48419,TX,Shelby,OBESITY,41.1,24179
48419,TX,Shelby,STROKE,4.8,24179
48421,TX,Sherman,ARTHRITIS,23.6,2678
48421,TX,Sherman,BPHIGH,34.2,2678
48421,TX,Sherman,CANCER,7.3,2678
48421,TX,Sherman,CHD,6.5,2678
48421,TX,Sherman,COPD,6.2,2678
48421,TX,Sherman,DIABETES,12.9,2678
48421,TX,Sherman,OBESITY,35.4,2678
48421,TX,Sherman,STROKE,3.3,2678
48423,TX,Smith,ARTHRITIS,25.4,245209
48423,TX,Smith,BPHIGH,36.4,245209
48423,TX,Smith,CANCER,7.6,245209
48423,TX,Smith,CHD,6.5,245209
48423,TX,Smith,COPD,7.0,245209
48423,TX,Smith,DIABETES,13.2,245209
48423,TX,Smith,OBESITY,37.5,245209
48423,TX,Smith,STROKE,3.7,245209
48425,TX,Somervell,ARTHRITIS,27.3,9888
48425,TX,Somervell,BPHIGH,36.6,9888
48425,TX,Somervell,CANCER,9.0,9888
48425,TX,Somervell,CHD,6.9,9888
48425,TX,Somervell,COPD,7.1,9888
48425,TX,Somervell,DIABETES,12.3,9888
48425,TX,Somervell,OBESITY,34.3,9888
48425,TX,Somervell,STROKE,3.5,9888
48427,TX,Starr,ARTHRITIS,22.4,65934
48427,TX,Starr,BPHIGH,36.6,65934
48427,TX,Starr,CANCER,4.1,65934
48427,TX,Starr,CHD,7.6,65934
48427,TX,Starr,COPD,7.2,65934
48427,TX,Starr,DIABETES,20.0,65934
48427,TX,Starr,OBESITY,45.0,65934
48427,TX,Starr,STROKE,4.2,65934
48429,TX,Stephens,ARTHRITIS,27.1,9343
48429,TX,Stephens,BPHIGH,37.7,9343
48429,TX,Stephens,CANCER,8.4,9343
48429,TX,Stephens,CHD,7.7,9343
48429,TX,Stephens,COPD,8.4,9343
48429,TX,Stephens,DIABETES,13.8,9343
48429,TX,Stephens,OBESITY,36.3,9343
48429,TX,Stephens,STROKE,4.0,9343
48431,TX,Sterling,ARTHRITIS,22.0,1397
48431,TX,Sterling,BPHIGH,31.1,1397
48431,TX,Sterling,CANCER,7.1,1397
48431,TX,Sterling,CHD,5.1,1397
48431,TX,Sterling,COPD,4.9,1397
48431,TX,Sterling,DIABETES,10.5,1397
48431,TX,Sterling,OBESITY,33.2,1397
48431,TX,Sterling,STROKE,2.7,1397
48433,TX,Stonewall,ARTHRITIS,32.1,1218
48433,TX,Stonewall,BPHIGH,42.7,1218
48433,TX,Stonewall,CANCER,10.4,1218
48433,TX,Stonewall,CHD,9.4,1218
48433,TX,Stonewall,COPD,9.6,1218
48433,TX,Stonewall,DIABETES,15.8,1218
48433,TX,Stonewall,OBESITY,35.8,1218
48433,TX,Stonewall,STROKE,4.9,1218
48435,TX,Sutton,ARTHRITIS,26.7,3221
48435,TX,Sutton,BPHIGH,39.2,3221
48435,TX,Sutton,CANCER,7.4,3221
48435,TX,Sutton,CHD,8.2,3221
48435,TX,Sutton,COPD,7.6,3221
48435,TX,Sutton,DIABETES,17.4,3221
48435,TX,Sutton,OBESITY,38.3,3221
48435,TX,Sutton,STROKE,4.2,3221
48437,TX,Swisher,ARTHRITIS,25.7,6955
48437,TX,Swisher,BPHIGH,39.3,6955
48437,TX,Swisher,CANCER,6.7,6955
48437,TX,Swisher,CHD,8.2,6955
48437,TX,Swisher,COPD,8.9,6955
48437,TX,Swisher,DIABETES,16.6,6955
48437,TX,Swisher,OBESITY,40.5,6955
48437,TX,Swisher,STROKE,4.4,6955
48439,TX,Tarrant,ARTHRITIS,21.5,2182947
48439,TX,Tarrant,BPHIGH,31.4,2182947
48439,TX,Tarrant,CANCER,6.0,2182947
48439,TX,Tarrant,CHD,5.1,2182947
48439,TX,Tarrant,COPD,5.4,2182947
48439,TX,Tarrant,DIABETES,11.7,2182947
48439,TX,Tarrant,OBESITY,33.2,2182947
48439,TX,Tarrant,STROKE,3.0,2182947
48441,TX,Taylor,ARTHRITIS,22.6,146836
48441,TX,Taylor,BPHIGH,32.7,146836
48441,TX,Taylor,CANCER,6.9,146836
48441,TX,Taylor,CHD,5.8,146836
48441,TX,Taylor,COPD,6.3,146836
48441,TX,Taylor,DIABETES,11.2,146836
48441,TX,Taylor,OBESITY,34.3,146836
48441,TX,Taylor,STROKE,3.1,146836
48443,TX,Terrell,ARTHRITIS,27.5,687
48443,TX,Terrell,BPHIGH,39.6,687
48443,TX,Terrell,CANCER,9.6,687
48443,TX,Terrell,CHD,7.8,687
48443,TX,Terrell,COPD,5.6,687
48443,TX,Terrell,DIABETES,15.0,687
48443,TX,Terrell,OBESITY,33.8,687
48443,TX,Terrell,STROKE,3.7,687
48445,TX,Terry,ARTHRITIS,25.1,11547
48445,TX,Terry,BPHIGH,37.6,11547
48445,TX,Terry,CANCER,6.4,11547
48445,TX,Terry,CHD,7.6,11547
48445,TX,Terry,COPD,8.2,11547
48445,TX,Terry,DIABETES,16.4,11547
48445,TX,Terry,OBESITY,40.7,11547
48445,TX,Terry,STROKE,4.2,11547
48447,TX,Throckmorton,ARTHRITIS,32.7,1526
48447,TX,Throckmorton,BPHIGH,43.1,1526
48447,TX,Throckmorton,CANCER,11.0,1526
48447,TX,Throckmorton,CHD,9.7,1526
48447,TX,Throckmorton,COPD,9.7,1526
48447,TX,Throckmorton,DIABETES,15.4,1526
48447,TX,Throckmorton,OBESITY,35.5,1526
48447,TX,Throckmorton,STROKE,4.9,1526
48449,TX,Titus,ARTHRITIS,25.7,31357
48449,TX,Titus,BPHIGH,37.8,31357
48449,TX,Titus,CANCER,6.8,31357
48449,TX,Titus,CHD,7.5,31357
48449,TX,Titus,COPD,8.5,31357
48449,TX,Titus,DIABETES,15.6,31357
48449,TX,Titus,OBESITY,38.6,31357
48449,TX,Titus,STROKE,4.2,31357
48451,TX,Tom Green,ARTHRITIS,24.5,119057
48451,TX,Tom Green,BPHIGH,34.8,119057
48451,TX,Tom Green,CANCER,7.2,119057
48451,TX,Tom Green,CHD,6.4,119057
48451,TX,Tom Green,COPD,6.5,119057
48451,TX,Tom Green,DIABETES,12.9,119057
48451,TX,Tom Green,OBESITY,36.8,119057
48451,TX,Tom Green,STROKE,3.4,119057
48453,TX,Travis,ARTHRITIS,17.6,1334961
48453,TX,Travis,BPHIGH,26.6,1334961
48453,TX,Travis,CANCER,5.6,1334961
48453,TX,Travis,CHD,4.1,1334961
48453,TX,Travis,COPD,4.0,1334961
48453,TX,Travis,DIABETES,9.0,1334961
48453,TX,Travis,OBESITY,30.4,1334961
48453,TX,Travis,STROKE,2.2,1334961
48455,TX,Trinity,ARTHRITIS,33.2,14228
48455,TX,Trinity,BPHIGH,43.9,14228
48455,TX,Trinity,CANCER,10.2,14228
48455,TX,Trinity,CHD,9.5,14228
48455,TX,Trinity,COPD,10.5,14228
48455,TX,Trinity,DIABETES,16.4,14228
48455,TX,Trinity,OBESITY,37.7,14228
48455,TX,Trinity,STROKE,5.0,14228
48457,TX,Tyler,ARTHRITIS,29.9,20382
48457,TX,Tyler,BPHIGH,42.0,20382
48457,TX,Tyler,CANCER,8.8,20382
48457,TX,Tyler,CHD,9.0,20382
48457,TX,Tyler,COPD,10.7,20382
48457,TX,Tyler,DIABETES,15.3,20382
48457,TX,Tyler,OBESITY,38.7,20382
48457,TX,Tyler,STROKE,4.8,20382
48459,TX,Upshur,ARTHRITIS,29.0,43281
48459,TX,Upshur,BPHIGH,38.8,43281
48459,TX,Upshur,CANCER,8.6,43281
48459,TX,Upshur,CHD,7.7,43281
48459,TX,Upshur,COPD,9.0,43281
48459,TX,Upshur,DIABETES,13.9,43281
48459,TX,Upshur,OBESITY,37.6,43281
48459,TX,Upshur,STROKE,4.2,43281
48461,TX,Upton,ARTHRITIS,25.4,3109
48461,TX,Upton,BPHIGH,37.9,3109
48461,TX,Upton,CANCER,6.5,3109
48461,TX,Upton,CHD,7.7,3109
48461,TX,Upton,COPD,8.0,3109
48461,TX,Upton,DIABETES,16.6,3109
48461,TX,Upton,OBESITY,40.9,3109
48461,TX,Upton,STROKE,4.2,3109
48463,TX,Uvalde,ARTHRITIS,23.2,24960
48463,TX,Uvalde,BPHIGH,35.5,24960
48463,TX,Uvalde,CANCER,6.2,24960
48463,TX,Uvalde,CHD,7.0,24960
48463,TX,Uvalde,COPD,6.6,24960
48463,TX,Uvalde,DIABETES,15.7,24960
48463,TX,Uvalde,OBESITY,40.1,24960
48463,TX,Uvalde,STROKE,3.7,24960
48465,TX,Val Verde,ARTHRITIS,20.5,47720
48465,TX,Val Verde,BPHIGH,33.0,47720
48465,TX,Val Verde,CANCER,4.9,47720
48465,TX,Val Verde,CHD,6.4,47720
48465,TX,Val Verde,COPD,5.6,47720
48465,TX,Val Verde,DIABETES,15.6,47720
48465,TX,Val Verde,OBESITY,37.8,47720
48465,TX,Val Verde,STROKE,3.4,47720
48467,TX,Van Zandt,ARTHRITIS,29.0,64000
48467,TX,Van Zandt,BPHIGH,38.8,64000
48467,TX,Van Zandt,CANCER,9.2,64000
48467,TX,Van Zandt,CHD,7.7,64000
48467,TX,Van Zandt,COPD,8.5,64000
48467,TX,Van Zandt,DIABETES,13.4,64000
48467,TX,Van Zandt,OBESITY,36.0,64000
48467,TX,Van Zandt,STROKE,4.0,64000
48469,TX,Victoria,ARTHRITIS,24.4,91664
48469,TX,Victoria,BPHIGH,35.4,91664
48469,TX,Victoria,CANCER,7.0,91664
48469,TX,Victoria,CHD,6.8,91664
48469,TX,Victoria,COPD,6.9,91664
48469,TX,Victoria,DIABETES,14.5,91664
48469,TX,Victoria,OBESITY,37.2,91664
48469,TX,Victoria,STROKE,3.7,91664
48471,TX,Walker,ARTHRITIS,22.4,81268
48471,TX,Walker,BPHIGH,36.2,81268
48471,TX,Walker,CANCER,6.0,81268
48471,TX,Walker,CHD,6.4,81268
48471,TX,Walker,COPD,7.3,81268
48471,TX,Walker,DIABETES,13.3,81268
48471,TX,Walker,OBESITY,39.3,81268
48471,TX,Walker,STROKE,3.6,81268
48473,TX,Waller,ARTHRITIS,19.7,63553
48473,TX,Waller,BPHIGH,31.2,63553
48473,TX,Waller,CANCER,5.3,63553
48473,TX,Waller,CHD,5.0,63553
48473,TX,Waller,COPD,5.4,63553
48473,TX,Waller,DIABETES,11.1,63553
48473,TX,Waller,OBESITY,36.6,63553
48473,TX,Waller,STROKE,2.9,63553
48475,TX,Ward,ARTHRITIS,23.0,10966
48475,TX,Ward,BPHIGH,34.8,10966
48475,TX,Ward,CANCER,6.0,10966
48475,TX,Ward,CHD,6.4,10966
48475,TX,Ward,COPD,6.4,10966
48475,TX,Ward,DIABETES,14.4,10966
48475,TX,Ward,OBESITY,37.6,10966
48475,TX,Ward,STROKE,3.5,10966
48477,TX,Washington,ARTHRITIS,27.6,37007
48477,TX,Washington,BPHIGH,38.5,37007
48477,TX,Washington,CANCER,9.0,37007
48477,TX,Washington,CHD,7.2,37007
48477,TX,Washington,COPD,7.1,37007
48477,TX,Washington,DIABETES,13.2,37007
48477,TX,Washington,OBESITY,35.7,37007
48477,TX,Washington,STROKE,3.8,37007
48479,TX,Webb,ARTHRITIS,18.8,269148
48479,TX,Webb,BPHIGH,31.6,269148
48479,TX,Webb,CANCER,4.1,269148
48479,TX,Webb,CHD,5.8,269148
48479,TX,Webb,COPD,5.0,269148
48479,TX,Webb,DIABETES,16.1,269148
48479,TX,Webb,OBESITY,42.1,269148
48479,TX,Webb,STROKE,3.2,269148
48481,TX,Wharton,ARTHRITIS,26.0,41739
48481,TX,Wharton,BPHIGH,38.1,41739
48481,TX,Wharton,CANCER,7.3,41739
48481,TX,Wharton,CHD,7.3,41739
48481,TX,Wharton,COPD,7.4,41739
48481,TX,Wharton,DIABETES,15.0,41739
48481,TX,Wharton,OBESITY,40.0,41739
48481,TX,Wharton,STROKE,4.0,41739
48483,TX,Wheeler,ARTHRITIS,29.2,4804
48483,TX,Wheeler,BPHIGH,39.8,4804
48483,TX,Wheeler,CANCER,9.0,4804
48483,TX,Wheeler,CHD,8.3,4804
48483,TX,Wheeler,COPD,9.1,4804
48483,TX,Wheeler,DIABETES,14.7,4804
48483,TX,Wheeler,OBESITY,37.2,4804
48483,TX,Wheeler,STROKE,4.3,4804
48485,TX,Wichita,ARTHRITIS,23.8,130180
48485,TX,Wichita,BPHIGH,34.8,130180
48485,TX,Wichita,CANCER,7.0,130180
48485,TX,Wichita,CHD,6.2,130180
48485,TX,Wichita,COPD,7.1,130180
48485,TX,Wichita,DIABETES,12.1,130180
48485,TX,Wichita,OBESITY,35.3,130180
48485,TX,Wichita,STROKE,3.4,130180
48487,TX,Wilbarger,ARTHRITIS,28.6,12522
48487,TX,Wilbarger,BPHIGH,40.3,12522
48487,TX,Wilbarger,CANCER,7.7,12522
48487,TX,Wilbarger,CHD,8.5,12522
48487,TX,Wilbarger,COPD,9.9,12522
48487,TX,Wilbarger,DIABETES,16.5,12522
48487,TX,Wilbarger,OBESITY,39.6,12522
48487,TX,Wilbarger,STROKE,4.7,12522
48489,TX,Willacy,ARTHRITIS,22.3,20037
48489,TX,Willacy,BPHIGH,36.5,20037
48489,TX,Willacy,CANCER,4.6,20037
48489,TX,Willacy,CHD,7.7,20037
48489,TX,Willacy,COPD,7.2,20037
48489,TX,Willacy,DIABETES,18.8,20037
48489,TX,Willacy,OBESITY,43.2,20037
48489,TX,Willacy,STROKE,4.2,20037
48491,TX,Williamson,ARTHRITIS,19.6,697191
48491,TX,Williamson,BPHIGH,29.2,697191
48491,TX,Williamson,CANCER,6.6,697191
48491,TX,Williamson,CHD,4.5,697191
48491,TX,Williamson,COPD,4.3,697191
48491,TX,Williamson,DIABETES,9.8,697191
48491,TX,Williamson,OBESITY,32.6,697191
48491,TX,Williamson,STROKE,2.4,697191
48493,TX,Wilson,ARTHRITIS,24.8,54183
48493,TX,Wilson,BPHIGH,34.2,54183
48493,TX,Wilson,CANCER,7.5,54183
48493,TX,Wilson,CHD,6.3,54183
48493,TX,Wilson,COPD,6.1,54183
48493,TX,Wilson,DIABETES,13.1,54183
48493,TX,Wilson,OBESITY,35.3,54183
48493,TX,Wilson,STROKE,3.3,54183
48495,TX,Winkler,ARTHRITIS,21.8,7414
48495,TX,Winkler,BPHIGH,33.8,7414
48495,TX,Winkler,CANCER,5.6,7414
48495,TX,Winkler,CHD,6.1,7414
48495,TX,Winkler,COPD,6.0,7414
48495,TX,Winkler,DIABETES,14.1,7414
48495,TX,Winkler,OBESITY,37.6,7414
48495,TX,Winkler,STROKE,3.3,7414
48497,TX,Wise,ARTHRITIS,25.7,78097
48497,TX,Wise,BPHIGH,34.5,78097
48497,TX,Wise,CANCER,7.9,78097
48497,TX,Wise,CHD,6.4,78097
48497,TX,Wise,COPD,7.2,78097
48497,TX,Wise,DIABETES,11.9,78097
48497,TX,Wise,OBESITY,34.1,78097
48497,TX,Wise,STROKE,3.4,78097
48499,TX,Wood,ARTHRITIS,31.7,47921
48499,TX,Wood,BPHIGH,41.2,47921
48499,TX,Wood,CANCER,10.5,47921
48499,TX,Wood,CHD,8.8,47921
48499,TX,Wood,COPD,9.3,47921
48499,TX,Wood,DIABETES,14.6,47921
48499,TX,Wood,OBESITY,34.3,47921
48499,TX,Wood,STROKE,4.5,47921
48501,TX,Yoakum,ARTHRITIS,21.6,7468
48501,TX,Yoakum,BPHIGH,32.6,7468
48501,TX,Yoakum,CANCER,5.8,7468
48501,TX,Yoakum,CHD,6.0,7468
48501,TX,Yoakum,COPD,5.8,7468
48501,TX,Yoakum,DIABETES,13.5,7468
48501,TX,Yoakum,OBESITY,37.6,7468
48501,TX,Yoakum,STROKE,3.2,7468
48503,TX,Young,ARTHRITIS,28.2,18124
48503,TX,Young,BPHIGH,38.1,18124
48503,TX,Young,CANCER,9.0,18124
48503,TX,Young,CHD,7.5,18124
48503,TX,Young,COPD,8.1,18124
48503,TX,Young,DIABETES,13.4,18124
48503,TX,Young,OBESITY,37.1,18124
48503,TX,Young,STROKE,3.9,18124
48505,TX,Zapata,ARTHRITIS,23.4,13736
48505,TX,Zapata,BPHIGH,38.2,13736
48505,TX,Zapata,CANCER,4.7,13736
48505,TX,Zapata,CHD,8.4,13736
48505,TX,Zapata,COPD,7.8,13736
48505,TX,Zapata,DIABETES,20.8,13736
48505,TX,Zapata,OBESITY,43.7,13736
48505,TX,Zapata,STROKE,4.6,13736
48507,TX,Zavala,ARTHRITIS,24.8,9312
48507,TX,Zavala,BPHIGH,40.6,9312
48507,TX,Zavala,CANCER,4.7,9312
48507,TX,Zavala,CHD,9.0,9312
48507,TX,Zavala,COPD,8.4,9312
48507,TX,Zavala,DIABETES,22.6,9312
48507,TX,Zavala,OBESITY,47.5,9312
48507,TX,Zavala,STROKE,4.9,9312
49001,UT,Beaver,ARTHRITIS,24.6,7233
49001,UT,Beaver,BPHIGH,29.6,7233
49001,UT,Beaver,CANCER,8.3,7233
49001,UT,Beaver,CHD,5.7,7233
49001,UT,Beaver,COPD,5.5,7233
49001,UT,Beaver,DIABETES,9.8,7233
49001,UT,Beaver,OBESITY,28.5,7233
49001,UT,Beaver,STROKE,3.0,7233
49003,UT,Box Elder,ARTHRITIS,23.3,62684
49003,UT,Box Elder,BPHIGH,28.9,62684
49003,UT,Box Elder,CANCER,7.8,62684
49003,UT,Box Elder,CHD,5.4,62684
49003,UT,Box Elder,COPD,5.6,62684
49003,UT,Box Elder,DIABETES,9.3,62684
49003,UT,Box Elder,OBESITY,32.6,62684
49003,UT,Box Elder,STROKE,2.9,62684
49005,UT,Cache,ARTHRITIS,20.1,142393
49005,UT,Cache,BPHIGH,24.6,142393
49005,UT,Cache,CANCER,6.4,142393
49005,UT,Cache,CHD,4.3,142393
49005,UT,Cache,COPD,4.6,142393
49005,UT,Cache,DIABETES,7.8,142393
49005,UT,Cache,OBESITY,27.9,142393
49005,UT,Cache,STROKE,2.4,142393
49007,UT,Carbon,ARTHRITIS,30.3,20609
49007,UT,Carbon,BPHIGH,33.6,20609
49007,UT,Carbon,CANCER,9.1,20609
49007,UT,Carbon,CHD,7.4,20609
49007,UT,Carbon,COPD,7.7,20609
49007,UT,Carbon,DIABETES,12.8,20609
49007,UT,Carbon,OBESITY,35.0,20609
49007,UT,Carbon,STROKE,3.9,20609
49009,UT,Daggett,ARTHRITIS,33.3,992
49009,UT,Daggett,BPHIGH,39.6,992
49009,UT,Daggett,CANCER,11.5,992
49009,UT,Daggett,CHD,8.9,992
49009,UT,Daggett,COPD,8.2,992
49009,UT,Daggett,DIABETES,13.5,992
49009,UT,Daggett,OBESITY,33.1,992
49009,UT,Daggett,STROKE,4.4,992
49011,UT,Davis,ARTHRITIS,21.4,373207
49011,UT,Davis,BPHIGH,26.9,373207
49011,UT,Davis,CANCER,7.3,373207
49011,UT,Davis,CHD,4.5,373207
49011,UT,Davis,COPD,4.2,373207
49011,UT,Davis,DIABETES,8.2,373207
49011,UT,Davis,OBESITY,32.7,373207
49011,UT,Davis,STROKE,2.4,373207
49013,UT,Duchesne,ARTHRITIS,26.2,20477
49013,UT,Duchesne,BPHIGH,31.3,20477
49013,UT,Duchesne,CANCER,8.1,20477
49013,UT,Duchesne,CHD,6.4,20477
49013,UT,Duchesne,COPD,7.0,20477
49013,UT,Duchesne,DIABETES,11.0,20477
49013,UT,Duchesne,OBESITY,31.6,20477
49013,UT,Duchesne,STROKE,3.4,20477
49015,UT,Emery,ARTHRITIS,27.8,10144
49015,UT,Emery,BPHIGH,34.0,10144
49015,UT,Emery,CANCER,9.2,10144
49015,UT,Emery,CHD,6.8,10144
49015,UT,Emery,COPD,6.9,10144
49015,UT,Emery,DIABETES,11.2,10144
49015,UT,Emery,OBESITY,30.6,10144
49015,UT,Emery,STROKE,3.5,10144
49017,UT,Garfield,ARTHRITIS,29.5,5314
49017,UT,Garfield,BPHIGH,34.7,5314
49017,UT,Garfield,CANCER,10.6,5314
49017,UT,Garfield,CHD,7.3,5314
49017,UT,Garfield,COPD,6.6,5314
49017,UT,Garfield,DIABETES,11.6,5314
49017,UT,Garfield,OBESITY,28.6,5314
49017,UT,Garfield,STROKE,3.7,5314
49019,UT,Grand,ARTHRITIS,28.7,9706
49019,UT,Grand,BPHIGH,33.3,9706
49019,UT,Grand,CANCER,9.5,9706
49019,UT,Grand,CHD,6.9,9706
49019,UT,Grand,COPD,6.6,9706
49019,UT,Grand,DIABETES,11.2,9706
49019,UT,Grand,OBESITY,28.3,9706
49019,UT,Grand,STROKE,3.6,9706
49021,UT,Iron,ARTHRITIS,23.7,64211
49021,UT,Iron,BPHIGH,27.6,64211
49021,UT,Iron,CANCER,7.5,64211
49021,UT,Iron,CHD,5.6,64211
49021,UT,Iron,COPD,5.8,64211
49021,UT,Iron,DIABETES,9.4,64211
49021,UT,Iron,OBESITY,35.3,64211
49021,UT,Iron,STROKE,3.0,64211
49023,UT,Juab,ARTHRITIS,23.3,13023
49023,UT,Juab,BPHIGH,28.5,13023
49023,UT,Juab,CANCER,7.7,13023
49023,UT,Juab,CHD,5.3,13023
49023,UT,Juab,COPD,5.7,13023
49023,UT,Juab,DIABETES,9.0,13023
49023,UT,Juab,OBESITY,32.6,13023
49023,UT,Juab,STROKE,2.8,13023
49025,UT,Kane,ARTHRITIS,30.8,8425
49025,UT,Kane,BPHIGH,35.6,8425
49025,UT,Kane,CANCER,10.9,8425
49025,UT,Kane,CHD,7.3,8425
49025,UT,Kane,COPD,6.9,8425
49025,UT,Kane,DIABETES,11.8,8425
49025,UT,Kane,OBESITY,33.3,8425
49025,UT,Kane,STROKE,3.7,8425
49027,UT,Millard,ARTHRITIS,26.3,13437
49027,UT,Millard,BPHIGH,33.8,13437
49027,UT,Millard,CANCER,9.3,13437
49027,UT,Millard,CHD,7.1,13437
49027,UT,Millard,COPD,7.0,13437
49027,UT,Millard,DIABETES,11.8,13437
49027,UT,Millard,OBESITY,34.1,13437
49027,UT,Millard,STROKE,3.6,13437
49029,UT,Morgan,ARTHRITIS,23.0,13000
49029,UT,Morgan,BPHIGH,27.9,13000
49029,UT,Morgan,CANCER,8.5,13000
49029,UT,Morgan,CHD,4.7,13000
49029,UT,Morgan,COPD,4.4,13000
49029,UT,Morgan,DIABETES,8.1,13000
49029,UT,Morgan,OBESITY,25.0,13000
49029,UT,Morgan,STROKE,2.5,13000
49031,UT,Piute,ARTHRITIS,35.1,1550
49031,UT,Piute,BPHIGH,40.6,1550
49031,UT,Piute,CANCER,11.6,1550
49031,UT,Piute,CHD,10.2,1550
49031,UT,Piute,COPD,10.3,1550
49031,UT,Piute,DIABETES,15.2,1550
49031,UT,Piute,OBESITY,33.0,1550
49031,UT,Piute,STROKE,5.2,1550
49033,UT,Rich,ARTHRITIS,29.4,2670
49033,UT,Rich,BPHIGH,33.9,2670
49033,UT,Rich,CANCER,10.2,2670
49033,UT,Rich,CHD,7.3,2670
49033,UT,Rich,COPD,6.9,2670
49033,UT,Rich,DIABETES,11.6,2670
49033,UT,Rich,OBESITY,32.7,2670
49033,UT,Rich,STROKE,3.7,2670
49035,UT,Salt Lake,ARTHRITIS,21.2,1185813
49035,UT,Salt Lake,BPHIGH,27.5,1185813
49035,UT,Salt Lake,CANCER,7.0,1185813
49035,UT,Salt Lake,CHD,4.4,1185813
49035,UT,Salt Lake,COPD,4.4,1185813
49035,UT,Salt Lake,DIABETES,8.5,1185813
49035,UT,Salt Lake,OBESITY,29.9,1185813
49035,UT,Salt Lake,STROKE,2.5,1185813
49037,UT,San Juan,ARTHRITIS,28.8,14358
49037,UT,San Juan,BPHIGH,37.3,14358
49037,UT,San Juan,CANCER,8.0,14358
49037,UT,San Juan,CHD,8.0,14358
49037,UT,San Juan,COPD,8.9,14358
49037,UT,San Juan,DIABETES,15.4,14358
49037,UT,San Juan,OBESITY,34.2,14358
49037,UT,San Juan,STROKE,4.7,14358
49039,UT,Sanpete,ARTHRITIS,25.0,30277
49039,UT,Sanpete,BPHIGH,28.4,30277
49039,UT,Sanpete,CANCER,7.6,30277
49039,UT,Sanpete,CHD,6.1,30277
49039,UT,Sanpete,COPD,6.7,30277
49039,UT,Sanpete,DIABETES,10.4,30277
49039,UT,Sanpete,OBESITY,29.2,30277
49039,UT,Sanpete,STROKE,3.3,30277
49041,UT,Sevier,ARTHRITIS,28.1,22344
49041,UT,Sevier,BPHIGH,32.9,22344
49041,UT,Sevier,CANCER,9.0,22344
49041,UT,Sevier,CHD,6.4,22344
49041,UT,Sevier,COPD,6.6,22344
49041,UT,Sevier,DIABETES,10.5,22344
49041,UT,Sevier,OBESITY,36.4,22344
49041,UT,Sevier,STROKE,3.3,22344
49043,UT,Summit,ARTHRITIS,24.6,42759
49043,UT,Summit,BPHIGH,27.7,42759
49043,UT,Summit,CANCER,9.2,42759
49043,UT,Summit,CHD,5.0,42759
49043,UT,Summit,COPD,4.3,42759
49043,UT,Summit,DIABETES,8.7,42759
49043,UT,Summit,OBESITY,19.8,42759
49043,UT,Summit,STROKE,2.5,42759
49045,UT,Tooele,ARTHRITIS,23.0,82051
49045,UT,Tooele,BPHIGH,28.8,82051
49045,UT,Tooele,CANCER,6.5,82051
49045,UT,Tooele,CHD,4.3,82051
49045,UT,Tooele,COPD,4.6,82051
49045,UT,Tooele,DIABETES,8.9,82051
49045,UT,Tooele,OBESITY,37.6,82051
49045,UT,Tooele,STROKE,2.4,82051
49047,UT,Uintah,ARTHRITIS,26.4,37747
49047,UT,Uintah,BPHIGH,30.7,37747
49047,UT,Uintah,CANCER,7.7,37747
49047,UT,Uintah,CHD,5.8,37747
49047,UT,Uintah,COPD,6.5,37747
49047,UT,Uintah,DIABETES,10.5,37747
49047,UT,Uintah,OBESITY,35.5,37747
49047,UT,Uintah,STROKE,3.2,37747
49049,UT,Utah,ARTHRITIS,17.1,719174
49049,UT,Utah,BPHIGH,23.0,719174
49049,UT,Utah,CANCER,6.0,719174
49049,UT,Utah,CHD,3.7,719174
49049,UT,Utah,COPD,3.6,719174
49049,UT,Utah,DIABETES,6.9,719174
49049,UT,Utah,OBESITY,29.7,719174
49049,UT,Utah,STROKE,2.0,719174
49051,UT,Wasatch,ARTHRITIS,23.0,37144
49051,UT,Wasatch,BPHIGH,27.1,37144
49051,UT,Wasatch,CANCER,8.5,37144
49051,UT,Wasatch,CHD,5.0,37144
49051,UT,Wasatch,COPD,4.5,37144
49051,UT,Wasatch,DIABETES,8.4,37144
49051,UT,Wasatch,OBESITY,24.3,37144
49051,UT,Wasatch,STROKE,2.6,37144
49053,UT,Washington,ARTHRITIS,28.3,202452
49053,UT,Washington,BPHIGH,34.2,202452
49053,UT,Washington,CANCER,10.1,202452
49053,UT,Washington,CHD,6.9,202452
49053,UT,Washington,COPD,6.2,202452
49053,UT,Washington,DIABETES,10.7,202452
49053,UT,Washington,OBESITY,33.1,202452
49053,UT,Washington,STROKE,3.5,202452
49055,UT,Wayne,ARTHRITIS,32.3,2614
49055,UT,Wayne,BPHIGH,37.9,2614
49055,UT,Wayne,CANCER,10.8,2614
49055,UT,Wayne,CHD,8.3,2614
49055,UT,Wayne,COPD,8.1,2614
49055,UT,Wayne,DIABETES,13.1,2614
49055,UT,Wayne,OBESITY,34.3,2614
49055,UT,Wayne,STROKE,4.2,2614
49057,UT,Weber,ARTHRITIS,24.6,271926
49057,UT,Weber,BPHIGH,29.4,271926
49057,UT,Weber,CANCER,7.3,271926
49057,UT,Weber,CHD,4.9,271926
49057,UT,Weber,COPD,4.9,271926
49057,UT,Weber,DIABETES,9.0,271926
49057,UT,Weber,OBESITY,34.7,271926
49057,UT,Weber,STROKE,2.6,271926
50001,VT,Addison,ARTHRITIS,28.0,37720
50001,VT,Addison,BPHIGH,31.8,37720
50001,VT,Addison,CANCER,9.8,37720
50001,VT,Addison,CHD,6.0,37720
50001,VT,Addison,COPD,6.0,37720
50001,VT,Addison,DIABETES,8.2,37720
50001,VT,Addison,OBESITY,27.3,37720
50001,VT,Addison,STROKE,3.2,37720
50003,VT,Bennington,ARTHRITIS,31.5,37183
50003,VT,Bennington,BPHIGH,35.6,37183
50003,VT,Bennington,CANCER,11.0,37183
50003,VT,Bennington,CHD,7.3,37183
50003,VT,Bennington,COPD,7.3,37183
50003,VT,Bennington,DIABETES,10.0,37183
50003,VT,Bennington,OBESITY,30.5,37183
50003,VT,Bennington,STROKE,3.7,37183
50005,VT,Caledonia,ARTHRITIS,30.3,30610
50005,VT,Caledonia,BPHIGH,34.9,30610
50005,VT,Caledonia,CANCER,10.0,30610
50005,VT,Caledonia,CHD,7.1,30610
50005,VT,Caledonia,COPD,7.8,30610
50005,VT,Caledonia,DIABETES,10.1,30610
50005,VT,Caledonia,OBESITY,31.3,30610
50005,VT,Caledonia,STROKE,3.7,30610
50007,VT,Chittenden,ARTHRITIS,22.2,169481
50007,VT,Chittenden,BPHIGH,25.2,169481
50007,VT,Chittenden,CANCER,8.6,169481
50007,VT,Chittenden,CHD,4.8,169481
50007,VT,Chittenden,COPD,4.9,169481
50007,VT,Chittenden,DIABETES,6.6,169481
50007,VT,Chittenden,OBESITY,22.7,169481
50007,VT,Chittenden,STROKE,2.6,169481
50009,VT,Essex,ARTHRITIS,34.7,6010
50009,VT,Essex,BPHIGH,39.9,6010
50009,VT,Essex,CANCER,11.5,6010
50009,VT,Essex,CHD,9.5,6010
50009,VT,Essex,COPD,10.4,6010
50009,VT,Essex,DIABETES,12.5,6010
50009,VT,Essex,OBESITY,34.2,6010
50009,VT,Essex,STROKE,4.9,6010
50011,VT,Franklin,ARTHRITIS,28.8,50994
50011,VT,Franklin,BPHIGH,34.0,50994
50011,VT,Franklin,CANCER,9.5,50994
50011,VT,Franklin,CHD,6.8,50994
50011,VT,Franklin,COPD,7.2,50994
50011,VT,Franklin,DIABETES,9.6,50994
50011,VT,Franklin,OBESITY,36.9,50994
50011,VT,Franklin,STROKE,3.4,50994
50013,VT,Grand Isle,ARTHRITIS,31.0,7467
50013,VT,Grand Isle,BPHIGH,35.5,7467
50013,VT,Grand Isle,CANCER,10.8,7467
50013,VT,Grand Isle,CHD,6.7,7467
50013,VT,Grand Isle,COPD,6.6,7467
50013,VT,Grand Isle,DIABETES,9.7,7467
50013,VT,Grand Isle,OBESITY,30.7,7467
50013,VT,Grand Isle,STROKE,3.4,7467
50015,VT,Lamoille,ARTHRITIS,28.6,26060
50015,VT,Lamoille,BPHIGH,29.4,26060
50015,VT,Lamoille,CANCER,9.3,26060
50015,VT,Lamoille,CHD,6.0,26060
50015,VT,Lamoille,COPD,6.2,26060
50015,VT,Lamoille,DIABETES,8.3,26060
50015,VT,Lamoille,OBESITY,29.2,26060
50015,VT,Lamoille,STROKE,3.1,26060
50017,VT,Orange,ARTHRITIS,31.3,29943
50017,VT,Orange,BPHIGH,34.3,29943
50017,VT,Orange,CANCER,10.6,29943
50017,VT,Orange,CHD,6.9,29943
50017,VT,Orange,COPD,7.1,29943
50017,VT,Orange,DIABETES,9.7,29943
50017,VT,Orange,OBESITY,32.6,29943
50017,VT,Orange,STROKE,3.6,29943
50019,VT,Orleans,ARTHRITIS,29.9,27516
50019,VT,Orleans,BPHIGH,36.0,27516
50019,VT,Orleans,CANCER,10.2,27516
50019,VT,Orleans,CHD,7.6,27516
50019,VT,Orleans,COPD,8.3,27516
50019,VT,Orleans,DIABETES,10.7,27516
50019,VT,Orleans,OBESITY,33.2,27516
50019,VT,Orleans,STROKE,4.0,27516
50021,VT,Rutland,ARTHRITIS,31.9,60271
50021,VT,Rutland,BPHIGH,36.5,60271
50021,VT,Rutland,CANCER,10.7,60271
50021,VT,Rutland,CHD,7.5,60271
50021,VT,Rutland,COPD,7.9,60271
50021,VT,Rutland,DIABETES,10.3,60271
50021,VT,Rutland,OBESITY,35.5,60271
50021,VT,Rutland,STROKE,3.8,60271
50023,VT,Washington,ARTHRITIS,28.2,60142
50023,VT,Washington,BPHIGH,30.3,60142
50023,VT,Washington,CANCER,10.1,60142
50023,VT,Washington,CHD,6.1,60142
50023,VT,Washington,COPD,6.3,60142
50023,VT,Washington,DIABETES,8.9,60142
50023,VT,Washington,OBESITY,27.1,60142
50023,VT,Washington,STROKE,3.2,60142
50025,VT,Windham,ARTHRITIS,29.8,45966
50025,VT,Windham,BPHIGH,32.5,45966
50025,VT,Windham,CANCER,10.7,45966
50025,VT,Windham,CHD,7.1,45966
50025,VT,Windham,COPD,7.5,45966
50025,VT,Windham,DIABETES,9.8,45966
50025,VT,Windham,OBESITY,25.9,45966
50025,VT,Windham,STROKE,3.7,45966
50027,VT,Windsor,ARTHRITIS,29.4,58101
50027,VT,Windsor,BPHIGH,33.2,58101
50027,VT,Windsor,CANCER,11.0,58101
50027,VT,Windsor,CHD,6.7,58101
50027,VT,Windsor,COPD,6.7,58101
50027,VT,Windsor,DIABETES,9.5,58101
50027,VT,Windsor,OBESITY,28.8,58101
50027,VT,Windsor,STROKE,3.6,58101
51001,VA,Accomack,ARTHRITIS,35.6,33239
51001,VA,Accomack,BPHIGH,47.4,33239
51001,VA,Accomack,CANCER,9.8,33239
51001,VA,Accomack,CHD,9.7,33239
51001,VA,Accomack,COPD,10.6,33239
51001,VA,Accomack,DIABETES,18.2,33239
51001,VA,Accomack,OBESITY,40.0,33239
51001,VA,Accomack,STROKE,5.3,33239
51003,VA,Albemarle,ARTHRITIS,25.5,115676
51003,VA,Albemarle,BPHIGH,32.2,115676
51003,VA,Albemarle,CANCER,9.2,115676
51003,VA,Albemarle,CHD,5.7,115676
51003,VA,Albemarle,COPD,5.2,115676
51003,VA,Albemarle,DIABETES,10.2,115676
51003,VA,Albemarle,OBESITY,28.2,115676
51003,VA,Albemarle,STROKE,2.9,115676
51005,VA,Alleghany,ARTHRITIS,35.5,14595
51005,VA,Alleghany,BPHIGH,42.5,14595
51005,VA,Alleghany,CANCER,10.7,14595
51005,VA,Alleghany,CHD,9.2,14595
51005,VA,Alleghany,COPD,9.9,14595
51005,VA,Alleghany,DIABETES,15.1,14595
51005,VA,Alleghany,OBESITY,39.0,14595
51005,VA,Alleghany,STROKE,4.6,14595
51007,VA,Amelia,ARTHRITIS,32.7,13480
51007,VA,Amelia,BPHIGH,43.0,13480
51007,VA,Amelia,CANCER,8.9,13480
51007,VA,Amelia,CHD,8.5,13480
51007,VA,Amelia,COPD,9.7,13480
51007,VA,Amelia,DIABETES,16.6,13480
51007,VA,Amelia,OBESITY,39.3,13480
51007,VA,Amelia,STROKE,4.8,13480
51009,VA,Amherst,ARTHRITIS,31.9,31396
51009,VA,Amherst,BPHIGH,41.2,31396
51009,VA,Amherst,CANCER,9.3,31396
51009,VA,Amherst,CHD,8.1,31396
51009,VA,Amherst,COPD,8.7,31396
51009,VA,Amherst,DIABETES,15.1,31396
51009,VA,Amherst,OBESITY,39.3,31396
51009,VA,Amherst,STROKE,4.4,31396
51011,VA,Appomattox,ARTHRITIS,32.0,16864
51011,VA,Appomattox,BPHIGH,41.4,16864
51011,VA,Appomattox,CANCER,9.2,16864
51011,VA,Appomattox,CHD,8.1,16864
51011,VA,Appomattox,COPD,8.7,16864
51011,VA,Appomattox,DIABETES,14.8,16864
51011,VA,Appomattox,OBESITY,38.9,16864
51011,VA,Appomattox,STROKE,4.3,16864
51013,VA,Arlington,ARTHRITIS,19.1,234162
51013,VA,Arlington,BPHIGH,25.9,234162
51013,VA,Arlington,CANCER,6.2,234162
51013,VA,Arlington,CHD,3.8,234162
51013,VA,Arlington,COPD,3.2,234162
51013,VA,Arlington,DIABETES,8.0,234162
51013,VA,Arlington,OBESITY,25.3,234162
51013,VA,Arlington,STROKE,1.9,234162
51015,VA,Augusta,ARTHRITIS,31.1,78247
51015,VA,Augusta,BPHIGH,38.1,78247
51015,VA,Augusta,CANCER,9.9,78247
51015,VA,Augusta,CHD,7.6,78247
51015,VA,Augusta,COPD,8.1,78247
51015,VA,Augusta,DIABETES,13.2,78247
51015,VA,Augusta,OBESITY,40.8,78247
51015,VA,Augusta,STROKE,3.8,78247
51017,VA,Bath,ARTHRITIS,38.5,4051
51017,VA,Bath,BPHIGH,47.3,4051
51017,VA,Bath,CANCER,11.5,4051
51017,VA,Bath,CHD,11.6,4051
51017,VA,Bath,COPD,12.9,4051
51017,VA,Bath,DIABETES,18.4,4051
51017,VA,Bath,OBESITY,38.8,4051
51017,VA,Bath,STROKE,5.8,4051
51019,VA,Bedford,ARTHRITIS,31.5,81525
51019,VA,Bedford,BPHIGH,37.8,81525
51019,VA,Bedford,CANCER,10.3,81525
51019,VA,Bedford,CHD,7.7,81525
51019,VA,Bedford,COPD,7.6,81525
51019,VA,Bedford,DIABETES,13.5,81525
51019,VA,Bedford,OBESITY,36.9,81525
51019,VA,Bedford,STROKE,3.8,81525
51021,VA,Bland,ARTHRITIS,32.6,6179
51021,VA,Bland,BPHIGH,40.0,6179
51021,VA,Bland,CANCER,10.1,6179
51021,VA,Bland,CHD,8.3,6179
51021,VA,Bland,COPD,8.8,6179
51021,VA,Bland,DIABETES,13.8,6179
51021,VA,Bland,OBESITY,36.5,6179
51021,VA,Bland,STROKE,4.1,6179
51023,VA,Botetourt,ARTHRITIS,31.5,34125
51023,VA,Botetourt,BPHIGH,39.4,34125
51023,VA,Botetourt,CANCER,10.6,34125
51023,VA,Botetourt,CHD,7.6,34125
51023,VA,Botetourt,COPD,7.6,34125
51023,VA,Botetourt,DIABETES,13.0,34125
51023,VA,Botetourt,OBESITY,35.1,34125
51023,VA,Botetourt,STROKE,3.7,34125
51025,VA,Brunswick,ARTHRITIS,32.1,15749
51025,VA,Brunswick,BPHIGH,45.6,15749
51025,VA,Brunswick,CANCER,7.6,15749
51025,VA,Brunswick,CHD,8.6,15749
51025,VA,Brunswick,COPD,9.6,15749
51025,VA,Brunswick,DIABETES,18.2,15749
51025,VA,Brunswick,OBESITY,43.4,15749
51025,VA,Brunswick,STROKE,5.4,15749
51027,VA,Buchanan,ARTHRITIS,36.4,19087
51027,VA,Buchanan,BPHIGH,44.2,19087
51027,VA,Buchanan,CANCER,10.2,19087
51027,VA,Buchanan,CHD,10.6,19087
51027,VA,Buchanan,COPD,13.0,19087
51027,VA,Buchanan,DIABETES,17.4,19087
51027,VA,Buchanan,OBESITY,38.9,19087
51027,VA,Buchanan,STROKE,5.4,19087
51029,VA,Buckingham,ARTHRITIS,31.1,16978
51029,VA,Buckingham,BPHIGH,43.6,16978
51029,VA,Buckingham,CANCER,8.0,16978
51029,VA,Buckingham,CHD,8.3,16978
51029,VA,Buckingham,COPD,9.3,16978
51029,VA,Buckingham,DIABETES,16.6,16978
51029,VA,Buckingham,OBESITY,43.6,16978
51029,VA,Buckingham,STROKE,4.8,16978
51031,VA,Campbell,ARTHRITIS,30.9,55270
51031,VA,Campbell,BPHIGH,39.3,55270
51031,VA,Campbell,CANCER,9.2,55270
51031,VA,Campbell,CHD,7.8,55270
51031,VA,Campbell,COPD,8.4,55270
51031,VA,Campbell,DIABETES,14.2,55270
51031,VA,Campbell,OBESITY,35.6,55270
51031,VA,Campbell,STROKE,4.1,55270
51033,VA,Caroline,ARTHRITIS,28.8,32640
51033,VA,Caroline,BPHIGH,39.4,32640
51033,VA,Caroline,CANCER,7.6,32640
51033,VA,Caroline,CHD,6.7,32640
51033,VA,Caroline,COPD,7.4,32640
51033,VA,Caroline,DIABETES,14.0,32640
51033,VA,Caroline,OBESITY,41.9,32640
51033,VA,Caroline,STROKE,3.9,32640
51035,VA,Carroll,ARTHRITIS,36.3,29239
51035,VA,Carroll,BPHIGH,43.4,29239
51035,VA,Carroll,CANCER,11.0,29239
51035,VA,Carroll,CHD,9.9,29239
51035,VA,Carroll,COPD,11.1,29239
51035,VA,Carroll,DIABETES,15.9,29239
51035,VA,Carroll,OBESITY,41.4,29239
51035,VA,Carroll,STROKE,4.9,29239
51036,VA,Charles City,ARTHRITIS,35.9,6610
51036,VA,Charles City,BPHIGH,47.7,6610
51036,VA,Charles City,CANCER,8.8,6610
51036,VA,Charles City,CHD,9.1,6610
51036,VA,Charles City,COPD,9.5,6610
51036,VA,Charles City,DIABETES,19.4,6610
51036,VA,Charles City,OBESITY,42.1,6610
51036,VA,Charles City,STROKE,5.6,6610
51037,VA,Charlotte,ARTHRITIS,35.7,11336
51037,VA,Charlotte,BPHIGH,45.2,11336
51037,VA,Charlotte,CANCER,9.2,11336
51037,VA,Charlotte,CHD,9.9,11336
51037,VA,Charlotte,COPD,11.5,11336
51037,VA,Charlotte,DIABETES,18.6,11336
51037,VA,Charlotte,OBESITY,42.6,11336
51037,VA,Charlotte,STROKE,5.6,11336
51041,VA,Chesterfield,ARTHRITIS,27.1,383876
51041,VA,Chesterfield,BPHIGH,36.5,383876
51041,VA,Chesterfield,CANCER,7.6,383876
51041,VA,Chesterfield,CHD,5.6,383876
51041,VA,Chesterfield,COPD,5.6,383876
51041,VA,Chesterfield,DIABETES,12.4,383876
51041,VA,Chesterfield,OBESITY,36.4,383876
51041,VA,Chesterfield,STROKE,3.1,383876
51043,VA,Clarke,ARTHRITIS,30.3,15466
51043,VA,Clarke,BPHIGH,37.1,15466
51043,VA,Clarke,CANCER,10.4,15466
51043,VA,Clarke,CHD,7.1,15466
51043,VA,Clarke,COPD,6.8,15466
51043,VA,Clarke,DIABETES,12.2,15466
51043,VA,Clarke,OBESITY,32.8,15466
51043,VA,Clarke,STROKE,3.5,15466
51045,VA,Craig,ARTHRITIS,34.3,4843
51045,VA,Craig,BPHIGH,40.7,4843
51045,VA,Craig,CANCER,10.9,4843
51045,VA,Craig,CHD,8.7,4843
51045,VA,Craig,COPD,9.4,4843
51045,VA,Craig,DIABETES,14.3,4843
51045,VA,Craig,OBESITY,36.5,4843
51045,VA,Craig,STROKE,4.3,4843
51047,VA,Culpeper,ARTHRITIS,28.2,54973
51047,VA,Culpeper,BPHIGH,37.4,54973
51047,VA,Culpeper,CANCER,8.3,54973
51047,VA,Culpeper,CHD,6.6,54973
51047,VA,Culpeper,COPD,7.0,54973
51047,VA,Culpeper,DIABETES,12.8,54973
51047,VA,Culpeper,OBESITY,38.5,54973
51047,VA,Culpeper,STROKE,3.5,54973
51049,VA,Cumberland,ARTHRITIS,32.7,9878
51049,VA,Cumberland,BPHIGH,43.2,9878
51049,VA,Cumberland,CANCER,9.1,9878
51049,VA,Cumberland,CHD,8.4,9878
51049,VA,Cumberland,COPD,8.8,9878
51049,VA,Cumberland,DIABETES,16.1,9878
51049,VA,Cumberland,OBESITY,39.5,9878
51049,VA,Cumberland,STROKE,4.7,9878
51051,VA,Dickenson,ARTHRITIS,36.9,13640
51051,VA,Dickenson,BPHIGH,44.3,13640
51051,VA,Dickenson,CANCER,10.5,13640
51051,VA,Dickenson,CHD,10.6,13640
51051,VA,Dickenson,COPD,12.6,13640
51051,VA,Dickenson,DIABETES,16.9,13640
51051,VA,Dickenson,OBESITY,39.1,13640
51051,VA,Dickenson,STROKE,5.3,13640
51053,VA,Dinwiddie,ARTHRITIS,30.2,28343
51053,VA,Dinwiddie,BPHIGH,40.8,28343
51053,VA,Dinwiddie,CANCER,8.2,28343
51053,VA,Dinwiddie,CHD,7.0,28343
51053,VA,Dinwiddie,COPD,7.4,28343
51053,VA,Dinwiddie,DIABETES,14.7,28343
51053,VA,Dinwiddie,OBESITY,40.7,28343
51053,VA,Dinwiddie,STROKE,4.1,28343
51057,VA,Essex,ARTHRITIS,34.5,10598
51057,VA,Essex,BPHIGH,45.9,10598
51057,VA,Essex,CANCER,9.0,10598
51057,VA,Essex,CHD,8.9,10598
51057,VA,Essex,COPD,9.8,10598
51057,VA,Essex,DIABETES,18.0,10598
51057,VA,Essex,OBESITY,42.6,10598
51057,VA,Essex,STROKE,5.2,10598
51059,VA,Fairfax,ARTHRITIS,21.4,1141878
51059,VA,Fairfax,BPHIGH,29.6,1141878
51059,VA,Fairfax,CANCER,7.1,1141878
51059,VA,Fairfax,CHD,5.0,1141878
51059,VA,Fairfax,COPD,4.1,1141878
51059,VA,Fairfax,DIABETES,10.7,1141878
51059,VA,Fairfax,OBESITY,24.0,1141878
51059,VA,Fairfax,STROKE,2.5,1141878
51061,VA,Fauquier,ARTHRITIS,27.8,75165
51061,VA,Fauquier,BPHIGH,34.0,75165
51061,VA,Fauquier,CANCER,8.9,75165
51061,VA,Fauquier,CHD,6.2,75165
51061,VA,Fauquier,COPD,6.0,75165
51061,VA,Fauquier,DIABETES,11.6,75165
51061,VA,Fauquier,OBESITY,32.7,75165
51061,VA,Fauquier,STROKE,3.1,75165
51063,VA,Floyd,ARTHRITIS,33.3,15679
51063,VA,Floyd,BPHIGH,39.4,15679
51063,VA,Floyd,CANCER,10.6,15679
51063,VA,Floyd,CHD,8.3,15679
51063,VA,Floyd,COPD,8.6,15679
51063,VA,Floyd,DIABETES,13.5,15679
51063,VA,Floyd,OBESITY,32.7,15679
51063,VA,Floyd,STROKE,4.1,15679
51065,VA,Fluvanna,ARTHRITIS,30.3,28462
51065,VA,Fluvanna,BPHIGH,37.3,28462
51065,VA,Fluvanna,CANCER,9.4,28462
51065,VA,Fluvanna,CHD,6.7,28462
51065,VA,Fluvanna,COPD,6.8,28462
51065,VA,Fluvanna,DIABETES,12.6,28462
51065,VA,Fluvanna,OBESITY,39.1,28462
51065,VA,Fluvanna,STROKE,3.5,28462
51067,VA,Franklin,ARTHRITIS,33.6,55549
51067,VA,Franklin,BPHIGH,41.2,55549
51067,VA,Franklin,CANCER,10.6,55549
51067,VA,Franklin,CHD,8.7,55549
51067,VA,Franklin,COPD,9.2,55549
51067,VA,Franklin,DIABETES,15.1,55549
51067,VA,Franklin,OBESITY,34.8,55549
51067,VA,Franklin,STROKE,4.4,55549
51069,VA,Frederick,ARTHRITIS,27.0,95994
51069,VA,Frederick,BPHIGH,35.1,95994
51069,VA,Frederick,CANCER,9.1,95994
51069,VA,Frederick,CHD,6.6,95994
51069,VA,Frederick,COPD,6.8,95994
51069,VA,Frederick,DIABETES,11.8,95994
51069,VA,Frederick,OBESITY,37.5,95994
51069,VA,Frederick,STROKE,3.4,95994
51071,VA,Giles,ARTHRITIS,32.5,16457
51071,VA,Giles,BPHIGH,39.9,16457
51071,VA,Giles,CANCER,10.0,16457
51071,VA,Giles,CHD,8.1,16457
51071,VA,Giles,COPD,8.9,16457
51071,VA,Giles,DIABETES,13.8,16457
51071,VA,Giles,OBESITY,36.1,16457
51071,VA,Giles,STROKE,4.1,16457
51073,VA,Gloucester,ARTHRITIS,31.1,40057
51073,VA,Gloucester,BPHIGH,38.5,40057
51073,VA,Gloucester,CANCER,9.7,40057
51073,VA,Gloucester,CHD,7.1,40057
51073,VA,Gloucester,COPD,7.4,40057
51073,VA,Gloucester,DIABETES,12.8,40057
51073,VA,Gloucester,OBESITY,35.8,40057
51073,VA,Gloucester,STROKE,3.6,40057
51075,VA,Goochland,ARTHRITIS,30.4,27197
51075,VA,Goochland,BPHIGH,38.4,27197
51075,VA,Goochland,CANCER,10.7,27197
51075,VA,Goochland,CHD,6.8,27197
51075,VA,Goochland,COPD,6.1,27197
51075,VA,Goochland,DIABETES,12.2,27197
51075,VA,Goochland,OBESITY,33.0,27197
51075,VA,Goochland,STROKE,3.4,27197
51077,VA,Grayson,ARTHRITIS,36.5,15285
51077,VA,Grayson,BPHIGH,45.0,15285
51077,VA,Grayson,CANCER,10.5,15285
51077,VA,Grayson,CHD,10.4,15285
51077,VA,Grayson,COPD,12.1,15285
51077,VA,Grayson,DIABETES,17.5,15285
51077,VA,Grayson,OBESITY,41.1,15285
51077,VA,Grayson,STROKE,5.3,15285
51079,VA,Greene,ARTHRITIS,29.8,21301
51079,VA,Greene,BPHIGH,37.6,21301
51079,VA,Greene,CANCER,9.1,21301
51079,VA,Greene,CHD,7.1,21301
51079,VA,Greene,COPD,7.6,21301
51079,VA,Greene,DIABETES,12.7,21301
51079,VA,Greene,OBESITY,37.8,21301
51079,VA,Greene,STROKE,3.6,21301
51081,VA,Greensville,ARTHRITIS,27.7,11133
51081,VA,Greensville,BPHIGH,44.3,11133
51081,VA,Greensville,CANCER,6.0,11133
51081,VA,Greensville,CHD,7.5,11133
51081,VA,Greensville,COPD,8.4,11133
51081,VA,Greensville,DIABETES,17.1,11133
51081,VA,Greensville,OBESITY,45.3,11133
51081,VA,Greensville,STROKE,4.8,11133
51083,VA,Halifax,ARTHRITIS,35.4,33432
51083,VA,Halifax,BPHIGH,47.4,33432
51083,VA,Halifax,CANCER,9.3,33432
51083,VA,Halifax,CHD,10.0,33432
51083,VA,Halifax,COPD,11.2,33432
51083,VA,Halifax,DIABETES,19.3,33432
51083,VA,Halifax,OBESITY,40.2,33432
51083,VA,Halifax,STROKE,5.9,33432
51085,VA,Hanover,ARTHRITIS,27.2,114148
51085,VA,Hanover,BPHIGH,34.9,114148
51085,VA,Hanover,CANCER,9.3,114148
51085,VA,Hanover,CHD,6.1,114148
51085,VA,Hanover,COPD,6.1,114148
51085,VA,Hanover,DIABETES,11.6,114148
51085,VA,Hanover,OBESITY,32.9,114148
51085,VA,Hanover,STROKE,3.2,114148
51087,VA,Henrico,ARTHRITIS,26.0,334760
51087,VA,Henrico,BPHIGH,36.6,334760
51087,VA,Henrico,CANCER,7.5,334760
51087,VA,Henrico,CHD,5.7,334760
51087,VA,Henrico,COPD,5.7,334760
51087,VA,Henrico,DIABETES,12.3,334760
51087,VA,Henrico,OBESITY,32.8,334760
51087,VA,Henrico,STROKE,3.3,334760
51089,VA,Henry,ARTHRITIS,36.1,49702
51089,VA,Henry,BPHIGH,45.9,49702
51089,VA,Henry,CANCER,9.7,49702
51089,VA,Henry,CHD,9.8,49702
51089,VA,Henry,COPD,11.0,49702
51089,VA,Henry,DIABETES,18.0,49702
51089,VA,Henry,OBESITY,41.9,49702
51089,VA,Henry,STROKE,5.4,49702
51091,VA,Highland,ARTHRITIS,38.0,2339
51091,VA,Highland,BPHIGH,44.0,2339
51091,VA,Highland,CANCER,13.5,2339
51091,VA,Highland,CHD,9.9,2339
51091,VA,Highland,COPD,9.3,2339
51091,VA,Highland,DIABETES,15.2,2339
51091,VA,Highland,OBESITY,33.0,2339
51091,VA,Highland,STROKE,4.6,2339
51093,VA,Isle of Wight,ARTHRITIS,30.8,40711
51093,VA,Isle of Wight,BPHIGH,39.2,40711
51093,VA,Isle of Wight,CANCER,9.0,40711
51093,VA,Isle of Wight,CHD,6.9,40711
51093,VA,Isle of Wight,COPD,7.1,40711
51093,VA,Isle of Wight,DIABETES,13.8,40711
51093,VA,Isle of Wight,OBESITY,36.6,40711
51093,VA,Isle of Wight,STROKE,3.8,40711
51095,VA,James City,ARTHRITIS,30.7,82654
51095,VA,James City,BPHIGH,38.4,82654
51095,VA,James City,CANCER,10.9,82654
51095,VA,James City,CHD,7.1,82654
51095,VA,James City,COPD,6.2,82654
51095,VA,James City,DIABETES,12.5,82654
51095,VA,James City,OBESITY,32.1,82654
51095,VA,James City,STROKE,3.5,82654
51097,VA,King and Queen,ARTHRITIS,34.4,6720
51097,VA,King and Queen,BPHIGH,44.9,6720
51097,VA,King and Queen,CANCER,9.4,6720
51097,VA,King and Queen,CHD,8.9,6720
51097,VA,King and Queen,COPD,9.6,6720
51097,VA,King and Queen,DIABETES,17.0,6720
51097,VA,King and Queen,OBESITY,40.7,6720
51097,VA,King and Queen,STROKE,4.9,6720
51099,VA,King George,ARTHRITIS,26.4,28568
51099,VA,King George,BPHIGH,34.3,28568
51099,VA,King George,CANCER,7.7,28568
51099,VA,King George,CHD,5.8,28568
51099,VA,King George,COPD,6.1,28568
51099,VA,King George,DIABETES,11.6,28568
51099,VA,King George,OBESITY,36.1,28568
51099,VA,King George,STROKE,3.2,28568
51101,VA,King William,ARTHRITIS,28.4,19030
51101,VA,King William,BPHIGH,36.5,19030
51101,VA,King William,CANCER,8.3,19030
51101,VA,King William,CHD,6.3,19030
51101,VA,King William,COPD,6.7,19030
51101,VA,King William,DIABETES,12.2,19030
51101,VA,King William,OBESITY,34.9,19030
51101,VA,King William,STROKE,3.4,19030
51103,VA,Lancaster,ARTHRITIS,39.9,10859
51103,VA,Lancaster,BPHIGH,49.1,10859
51103,VA,Lancaster,CANCER,12.7,10859
51103,VA,Lancaster,CHD,10.8,10859
51103,VA,Lancaster,COPD,10.3,10859
51103,VA,Lancaster,DIABETES,18.1,10859
51103,VA,Lancaster,OBESITY,35.1,10859
51103,VA,Lancaster,STROKE,5.6,10859
51105,VA,Lee,ARTHRITIS,35.6,21745
51105,VA,Lee,BPHIGH,44.4,21745
51105,VA,Lee,CANCER,9.9,21745
51105,VA,Lee,CHD,10.2,21745
51105,VA,Lee,COPD,12.6,21745
51105,VA,Lee,DIABETES,17.3,21745
51105,VA,Lee,OBESITY,42.3,21745
51105,VA,Lee,STROKE,5.2,21745
51107,VA,Loudoun,ARTHRITIS,20.9,436347
51107,VA,Loudoun,BPHIGH,29.8,436347
51107,VA,Loudoun,CANCER,6.6,436347
51107,VA,Loudoun,CHD,4.2,436347
51107,VA,Loudoun,COPD,3.7,436347
51107,VA,Loudoun,DIABETES,9.5,436347
51107,VA,Loudoun,OBESITY,28.1,436347
51107,VA,Loudoun,STROKE,2.2,436347
51109,VA,Louisa,ARTHRITIS,31.4,41037
51109,VA,Louisa,BPHIGH,40.0,41037
51109,VA,Louisa,CANCER,9.3,41037
51109,VA,Louisa,CHD,7.5,41037
51109,VA,Louisa,COPD,8.1,41037
51109,VA,Louisa,DIABETES,14.1,41037
51109,VA,Louisa,OBESITY,36.7,41037
51109,VA,Louisa,STROKE,4.0,41037
51111,VA,Lunenburg,ARTHRITIS,33.8,12038
51111,VA,Lunenburg,BPHIGH,46.0,12038
51111,VA,Lunenburg,CANCER,8.6,12038
51111,VA,Lunenburg,CHD,9.5,12038
51111,VA,Lunenburg,COPD,10.6,12038
51111,VA,Lunenburg,DIABETES,18.9,12038
51111,VA,Lunenburg,OBESITY,46.1,12038
51111,VA,Lunenburg,STROKE,5.5,12038
51113,VA,Madison,ARTHRITIS,32.0,14128
51113,VA,Madison,BPHIGH,39.4,14128
51113,VA,Madison,CANCER,10.1,14128
51113,VA,Madison,CHD,7.8,14128
51113,VA,Madison,COPD,8.2,14128
51113,VA,Madison,DIABETES,13.7,14128
51113,VA,Madison,OBESITY,37.8,14128
51113,VA,Madison,STROKE,4.0,14128
51115,VA,Mathews,ARTHRITIS,35.7,8514
51115,VA,Mathews,BPHIGH,43.1,8514
51115,VA,Mathews,CANCER,12.0,8514
51115,VA,Mathews,CHD,9.2,8514
51115,VA,Mathews,COPD,8.8,8514
51115,VA,Mathews,DIABETES,15.2,8514
51115,VA,Mathews,OBESITY,35.1,8514
51115,VA,Mathews,STROKE,4.6,8514
51117,VA,Mecklenburg,ARTHRITIS,36.0,30648
51117,VA,Mecklenburg,BPHIGH,46.7,30648
51117,VA,Mecklenburg,CANCER,9.9,30648
51117,VA,Mecklenburg,CHD,9.6,30648
51117,VA,Mecklenburg,COPD,10.3,30648
51117,VA,Mecklenburg,DIABETES,18.6,30648
51117,VA,Mecklenburg,OBESITY,41.2,30648
51117,VA,Mecklenburg,STROKE,5.4,30648
51119,VA,Middlesex,ARTHRITIS,37.8,10924
51119,VA,Middlesex,BPHIGH,45.0,10924
51119,VA,Middlesex,CANCER,12.2,10924
51119,VA,Middlesex,CHD,9.8,10924
51119,VA,Middlesex,COPD,9.3,10924
51119,VA,Middlesex,DIABETES,16.5,10924
51119,VA,Middlesex,OBESITY,37.8,10924
51119,VA,Middlesex,STROKE,5.0,10924
51121,VA,Montgomery,ARTHRITIS,21.5,98666
51121,VA,Montgomery,BPHIGH,29.4,98666
51121,VA,Montgomery,CANCER,6.7,98666
51121,VA,Montgomery,CHD,5.3,98666
51121,VA,Montgomery,COPD,6.0,98666
51121,VA,Montgomery,DIABETES,9.6,98666
51121,VA,Montgomery,OBESITY,28.0,98666
51121,VA,Montgomery,STROKE,2.7,98666
51125,VA,Nelson,ARTHRITIS,35.3,14705
51125,VA,Nelson,BPHIGH,43.4,14705
51125,VA,Nelson,CANCER,11.5,14705
51125,VA,Nelson,CHD,9.1,14705
51125,VA,Nelson,COPD,9.1,14705
51125,VA,Nelson,DIABETES,15.6,14705
51125,VA,Nelson,OBESITY,35.2,14705
51125,VA,Nelson,STROKE,4.6,14705
51127,VA,New Kent,ARTHRITIS,27.6,26134
51127,VA,New Kent,BPHIGH,35.6,26134
51127,VA,New Kent,CANCER,8.6,26134
51127,VA,New Kent,CHD,6.1,26134
51127,VA,New Kent,COPD,6.1,26134
51127,VA,New Kent,DIABETES,11.9,26134
51127,VA,New Kent,OBESITY,35.1,26134
51127,VA,New Kent,STROKE,3.2,26134
51131,VA,Northampton,ARTHRITIS,35.5,12021
51131,VA,Northampton,BPHIGH,47.1,12021
51131,VA,Northampton,CANCER,10.5,12021
51131,VA,Northampton,CHD,9.8,12021
51131,VA,Northampton,COPD,9.9,12021
51131,VA,Northampton,DIABETES,18.5,12021
51131,VA,Northampton,OBESITY,39.5,12021
51131,VA,Northampton,STROKE,5.4,12021
51133,VA,Northumberland,ARTHRITIS,37.2,12391
51133,VA,Northumberland,BPHIGH,46.5,12391
51133,VA,Northumberland,CANCER,12.5,12391
51133,VA,Northumberland,CHD,9.9,12391
51133,VA,Northumberland,COPD,9.0,12391
51133,VA,Northumberland,DIABETES,16.8,12391
51133,VA,Northumberland,OBESITY,36.0,12391
51133,VA,Northumberland,STROKE,5.0,12391
51135,VA,Nottoway,ARTHRITIS,30.4,15566
51135,VA,Nottoway,BPHIGH,43.2,15566
51135,VA,Nottoway,CANCER,7.5,15566
51135,VA,Nottoway,CHD,7.9,15566
51135,VA,Nottoway,COPD,8.9,15566
51135,VA,Nottoway,DIABETES,16.7,15566
51135,VA,Nottoway,OBESITY,43.5,15566
51135,VA,Nottoway,STROKE,4.7,15566
51137,VA,Orange,ARTHRITIS,30.4,38574
51137,VA,Orange,BPHIGH,38.4,38574
51137,VA,Orange,CANCER,9.3,38574
51137,VA,Orange,CHD,7.1,38574
51137,VA,Orange,COPD,7.4,38574
51137,VA,Orange,DIABETES,12.9,38574
51137,VA,Orange,OBESITY,37.1,38574
51137,VA,Orange,STROKE,3.7,38574
51139,VA,Page,ARTHRITIS,33.1,23741
51139,VA,Page,BPHIGH,40.0,23741
51139,VA,Page,CANCER,10.0,23741
51139,VA,Page,CHD,8.4,23741
51139,VA,Page,COPD,9.5,23741
51139,VA,Page,DIABETES,14.1,23741
51139,VA,Page,OBESITY,34.6,23741
51139,VA,Page,STROKE,4.2,23741
51141,VA,Patrick,ARTHRITIS,37.2,17509
51141,VA,Patrick,BPHIGH,43.4,17509
51141,VA,Patrick,CANCER,11.1,17509
51141,VA,Patrick,CHD,10.1,17509
51141,VA,Patrick,COPD,11.0,17509
51141,VA,Patrick,DIABETES,16.4,17509
51141,VA,Patrick,OBESITY,39.9,17509
51141,VA,Patrick,STROKE,5.1,17509
51143,VA,Pittsylvania,ARTHRITIS,35.1,59571
51143,VA,Pittsylvania,BPHIGH,45.9,59571
51143,VA,Pittsylvania,CANCER,9.7,59571
51143,VA,Pittsylvania,CHD,9.5,59571
51143,VA,Pittsylvania,COPD,10.8,59571
51143,VA,Pittsylvania,DIABETES,17.5,59571
51143,VA,Pittsylvania,OBESITY,41.6,59571
51143,VA,Pittsylvania,STROKE,5.2,59571
51145,VA,Powhatan,ARTHRITIS,29.9,32105
51145,VA,Powhatan,BPHIGH,37.6,32105
51145,VA,Powhatan,CANCER,9.5,32105
51145,VA,Powhatan,CHD,6.7,32105
51145,VA,Powhatan,COPD,6.7,32105
51145,VA,Powhatan,DIABETES,12.1,32105
51145,VA,Powhatan,OBESITY,36.4,32105
51145,VA,Powhatan,STROKE,3.4,32105
51147,VA,Prince Edward,ARTHRITIS,26.0,22049
51147,VA,Prince Edward,BPHIGH,35.8,22049
51147,VA,Prince Edward,CANCER,6.5,22049
51147,VA,Prince Edward,CHD,6.6,22049
51147,VA,Prince Edward,COPD,7.7,22049
51147,VA,Prince Edward,DIABETES,13.5,22049
51147,VA,Prince Edward,OBESITY,37.2,22049
51147,VA,Prince Edward,STROKE,3.9,22049
51149,VA,Prince George,ARTHRITIS,23.2,42871
51149,VA,Prince George,BPHIGH,34.0,42871
51149,VA,Prince George,CANCER,6.0,42871
51149,VA,Prince George,CHD,5.4,42871
51149,VA,Prince George,COPD,5.9,42871
51149,VA,Prince George,DIABETES,11.5,42871
51149,VA,Prince George,OBESITY,38.4,42871
51149,VA,Prince George,STROKE,3.1,42871
51153,VA,Prince William,ARTHRITIS,21.7,489640
51153,VA,Prince William,BPHIGH,32.8,489640
51153,VA,Prince William,CANCER,6.1,489640
51153,VA,Prince William,CHD,4.8,489640
51153,VA,Prince William,COPD,4.7,489640
51153,VA,Prince William,DIABETES,11.4,489640
51153,VA,Prince William,OBESITY,34.3,489640
51153,VA,Prince William,STROKE,2.7,489640
51155,VA,Pulaski,ARTHRITIS,33.0,33655
51155,VA,Pulaski,BPHIGH,39.3,33655
51155,VA,Pulaski,CANCER,10.2,33655
51155,VA,Pulaski,CHD,8.3,33655
51155,VA,Pulaski,COPD,9.0,33655
51155,VA,Pulaski,DIABETES,14.1,33655
51155,VA,Pulaski,OBESITY,35.7,33655
51155,VA,Pulaski,STROKE,4.2,33655
51157,VA,Rappahannock,ARTHRITIS,34.8,7414
51157,VA,Rappahannock,BPHIGH,42.0,7414
51157,VA,Rappahannock,CANCER,11.5,7414
51157,VA,Rappahannock,CHD,8.9,7414
51157,VA,Rappahannock,COPD,8.8,7414
51157,VA,Rappahannock,DIABETES,14.7,7414
51157,VA,Rappahannock,OBESITY,35.2,7414
51157,VA,Rappahannock,STROKE,4.4,7414
51159,VA,Richmond,ARTHRITIS,29.7,9184
51159,VA,Richmond,BPHIGH,42.5,9184
51159,VA,Richmond,CANCER,8.5,9184
51159,VA,Richmond,CHD,8.0,9184
51159,VA,Richmond,COPD,8.8,9184
51159,VA,Richmond,DIABETES,15.1,9184
51159,VA,Richmond,OBESITY,37.1,9184
51159,VA,Richmond,STROKE,4.5,9184
51161,VA,Roanoke,ARTHRITIS,29.4,97026
51161,VA,Roanoke,BPHIGH,36.3,97026
51161,VA,Roanoke,CANCER,9.8,97026
51161,VA,Roanoke,CHD,6.9,97026
51161,VA,Roanoke,COPD,6.8,97026
51161,VA,Roanoke,DIABETES,12.0,97026
51161,VA,Roanoke,OBESITY,34.4,97026
51161,VA,Roanoke,STROKE,3.4,97026
51163,VA,Rockbridge,ARTHRITIS,34.6,22358
51163,VA,Rockbridge,BPHIGH,40.9,22358
51163,VA,Rockbridge,CANCER,11.2,22358
51163,VA,Rockbridge,CHD,8.7,22358
51163,VA,Rockbridge,COPD,8.8,22358
51163,VA,Rockbridge,DIABETES,14.0,22358
51163,VA,Rockbridge,OBESITY,34.0,22358
51163,VA,Rockbridge,STROKE,4.2,22358
51165,VA,Rockingham,ARTHRITIS,29.5,86568
51165,VA,Rockingham,BPHIGH,36.6,86568
51165,VA,Rockingham,CANCER,9.4,86568
51165,VA,Rockingham,CHD,7.2,86568
51165,VA,Rockingham,COPD,7.7,86568
51165,VA,Rockingham,DIABETES,12.3,86568
51165,VA,Rockingham,OBESITY,33.1,86568
51165,VA,Rockingham,STROKE,3.6,86568
51167,VA,Russell,ARTHRITIS,35.5,25477
51167,VA,Russell,BPHIGH,42.9,25477
51167,VA,Russell,CANCER,10.4,25477
51167,VA,Russell,CHD,9.5,25477
51167,VA,Russell,COPD,11.4,25477
51167,VA,Russell,DIABETES,15.7,25477
51167,VA,Russell,OBESITY,39.6,25477
51167,VA,Russell,STROKE,4.8,25477
51169,VA,Scott,ARTHRITIS,36.4,21433
51169,VA,Scott,BPHIGH,43.6,21433
51169,VA,Scott,CANCER,10.7,21433
51169,VA,Scott,CHD,10.1,21433
51169,VA,Scott,COPD,11.6,21433
51169,VA,Scott,DIABETES,16.4,21433
51169,VA,Scott,OBESITY,38.3,21433
51169,VA,Scott,STROKE,5.0,21433
51171,VA,Shenandoah,ARTHRITIS,31.9,45228
51171,VA,Shenandoah,BPHIGH,38.7,45228
51171,VA,Shenandoah,CANCER,9.8,45228
51171,VA,Shenandoah,CHD,8.3,45228
51171,VA,Shenandoah,COPD,9.1,45228
51171,VA,Shenandoah,DIABETES,14.1,45228
51171,VA,Shenandoah,OBESITY,36.2,45228
51171,VA,Shenandoah,STROKE,4.2,45228
51173,VA,Smyth,ARTHRITIS,33.7,29216
51173,VA,Smyth,BPHIGH,40.9,29216
51173,VA,Smyth,CANCER,10.0,29216
51173,VA,Smyth,CHD,9.3,29216
51173,VA,Smyth,COPD,10.9,29216
51173,VA,Smyth,DIABETES,15.4,29216
51173,VA,Smyth,OBESITY,38.1,29216
51173,VA,Smyth,STROKE,4.7,29216
51175,VA,Southampton,ARTHRITIS,32.1,17975
51175,VA,Southampton,BPHIGH,43.2,17975
51175,VA,Southampton,CANCER,8.7,17975
51175,VA,Southampton,CHD,7.8,17975
51175,VA,Southampton,COPD,8.0,17975
51175,VA,Southampton,DIABETES,15.9,17975
51175,VA,Southampton,OBESITY,38.4,17975
51175,VA,Southampton,STROKE,4.5,17975
51177,VA,Spotsylvania,ARTHRITIS,26.1,149588
51177,VA,Spotsylvania,BPHIGH,36.5,149588
51177,VA,Spotsylvania,CANCER,7.7,149588
51177,VA,Spotsylvania,CHD,5.9,149588
51177,VA,Spotsylvania,COPD,6.1,149588
51177,VA,Spotsylvania,DIABETES,12.6,149588
51177,VA,Spotsylvania,OBESITY,40.3,149588
51177,VA,Spotsylvania,STROKE,3.2,149588
51179,VA,Stafford,ARTHRITIS,23.4,165428
51179,VA,Stafford,BPHIGH,31.5,165428
51179,VA,Stafford,CANCER,6.6,165428
51179,VA,Stafford,CHD,4.8,165428
51179,VA,Stafford,COPD,4.8,165428
51179,VA,Stafford,DIABETES,10.7,165428
51179,VA,Stafford,OBESITY,35.7,165428
51179,VA,Stafford,STROKE,2.7,165428
51181,VA,Surry,ARTHRITIS,34.2,6593
51181,VA,Surry,BPHIGH,45.8,6593
51181,VA,Surry,CANCER,9.2,6593
51181,VA,Surry,CHD,8.6,6593
51181,VA,Surry,COPD,8.5,6593
51181,VA,Surry,DIABETES,17.3,6593
51181,VA,Surry,OBESITY,39.9,6593
51181,VA,Surry,STROKE,5.0,6593
51183,VA,Sussex,ARTHRITIS,29.0,10757
51183,VA,Sussex,BPHIGH,43.5,10757
51183,VA,Sussex,CANCER,6.8,10757
51183,VA,Sussex,CHD,7.4,10757
51183,VA,Sussex,COPD,8.0,10757
51183,VA,Sussex,DIABETES,16.2,10757
51183,VA,Sussex,OBESITY,45.5,10757
51183,VA,Sussex,STROKE,4.6,10757
51185,VA,Tazewell,ARTHRITIS,35.4,39120
51185,VA,Tazewell,BPHIGH,43.1,39120
51185,VA,Tazewell,CANCER,10.0,39120
51185,VA,Tazewell,CHD,9.3,39120
51185,VA,Tazewell,COPD,10.9,39120
51185,VA,Tazewell,DIABETES,15.9,39120
51185,VA,Tazewell,OBESITY,40.4,39120
51185,VA,Tazewell,STROKE,4.7,39120
51187,VA,Warren,ARTHRITIS,28.8,41843
51187,VA,Warren,BPHIGH,36.1,41843
51187,VA,Warren,CANCER,8.6,41843
51187,VA,Warren,CHD,7.0,41843
51187,VA,Warren,COPD,7.6,41843
51187,VA,Warren,DIABETES,12.7,41843
51187,VA,Warren,OBESITY,38.0,41843
51187,VA,Warren,STROKE,3.5,41843
51191,VA,Washington,ARTHRITIS,32.3,54050
51191,VA,Washington,BPHIGH,40.0,54050
51191,VA,Washington,CANCER,10.7,54050
51191,VA,Washington,CHD,8.3,54050
51191,VA,Washington,COPD,8.8,54050
51191,VA,Washington,DIABETES,13.8,54050
51191,VA,Washington,OBESITY,38.3,54050
51191,VA,Washington,STROKE,4.1,54050
51193,VA,Westmoreland,ARTHRITIS,37.2,19013
51193,VA,Westmoreland,BPHIGH,45.4,19013
51193,VA,Westmoreland,CANCER,10.0,19013
51193,VA,Westmoreland,CHD,10.0,19013
51193,VA,Westmoreland,COPD,10.7,19013
51193,VA,Westmoreland,DIABETES,18.3,19013
51193,VA,Westmoreland,OBESITY,41.0,19013
51193,VA,Westmoreland,STROKE,5.5,19013
51195,VA,Wise,ARTHRITIS,32.5,35174
51195,VA,Wise,BPHIGH,41.8,35174
51195,VA,Wise,CANCER,9.1,35174
51195,VA,Wise,CHD,8.6,35174
51195,VA,Wise,COPD,10.5,35174
51195,VA,Wise,DIABETES,15.1,35174
51195,VA,Wise,OBESITY,43.5,35174
51195,VA,Wise,STROKE,4.4,35174
51197,VA,Wythe,ARTHRITIS,33.9,28104
51197,VA,Wythe,BPHIGH,40.3,28104
51197,VA,Wythe,CANCER,10.1,28104
51197,VA,Wythe,CHD,8.5,28104
51197,VA,Wythe,COPD,9.6,28104
51197,VA,Wythe,DIABETES,14.3,28104
51197,VA,Wythe,OBESITY,38.8,28104
51197,VA,Wythe,STROKE,4.3,28104
51199,VA,York,ARTHRITIS,26.8,70952
51199,VA,York,BPHIGH,33.4,70952
51199,VA,York,CANCER,8.6,70952
51199,VA,York,CHD,5.7,70952
51199,VA,York,COPD,5.2,70952
51199,VA,York,DIABETES,11.1,70952
51199,VA,York,OBESITY,31.5,70952
51199,VA,York,STROKE,2.9,70952
51510,VA,Alexandria,ARTHRITIS,21.7,155230
51510,VA,Alexandria,BPHIGH,30.3,155230
51510,VA,Alexandria,CANCER,6.5,155230
51510,VA,Alexandria,CHD,4.4,155230
51510,VA,Alexandria,COPD,4.1,155230
51510,VA,Alexandria,DIABETES,9.9,155230
51510,VA,Alexandria,OBESITY,32.0,155230
51510,VA,Alexandria,STROKE,2.4,155230
51520,VA,Bristol,ARTHRITIS,33.5,16807
51520,VA,Bristol,BPHIGH,41.0,16807
51520,VA,Bristol,CANCER,9.9,16807
51520,VA,Bristol,CHD,8.7,16807
51520,VA,Bristol,COPD,10.0,16807
51520,VA,Bristol,DIABETES,14.8,16807
51520,VA,Bristol,OBESITY,39.2,16807
51520,VA,Bristol,STROKE,4.5,16807
51530,VA,Buena Vista,ARTHRITIS,29.1,6566
51530,VA,Buena Vista,BPHIGH,36.2,6566
51530,VA,Buena Vista,CANCER,8.5,6566
51530,VA,Buena Vista,CHD,7.5,6566
51530,VA,Buena Vista,COPD,8.8,6566
51530,VA,Buena Vista,DIABETES,12.9,6566
51530,VA,Buena Vista,OBESITY,37.0,6566
51530,VA,Buena Vista,STROKE,3.9,6566
51540,VA,Charlottesville,ARTHRITIS,22.2,44983
51540,VA,Charlottesville,BPHIGH,30.2,44983
51540,VA,Charlottesville,CANCER,6.4,44983
51540,VA,Charlottesville,CHD,5.1,44983
51540,VA,Charlottesville,COPD,5.4,44983
51540,VA,Charlottesville,DIABETES,10.4,44983
51540,VA,Charlottesville,OBESITY,33.0,44983
51540,VA,Charlottesville,STROKE,2.8,44983
51550,VA,Chesapeake,ARTHRITIS,26.1,253886
51550,VA,Chesapeake,BPHIGH,36.5,253886
51550,VA,Chesapeake,CANCER,7.0,253886
51550,VA,Chesapeake,CHD,5.6,253886
51550,VA,Chesapeake,COPD,5.9,253886
51550,VA,Chesapeake,DIABETES,12.8,253886
51550,VA,Chesapeake,OBESITY,40.1,253886
51550,VA,Chesapeake,STROKE,3.2,253886
51570,VA,Colonial Heights,ARTHRITIS,28.1,18393
51570,VA,Colonial Heights,BPHIGH,36.4,18393
51570,VA,Colonial Heights,CANCER,8.6,18393
51570,VA,Colonial Heights,CHD,6.4,18393
51570,VA,Colonial Heights,COPD,6.7,18393
51570,VA,Colonial Heights,DIABETES,12.3,18393
51570,VA,Colonial Heights,OBESITY,37.4,18393
51570,VA,Colonial Heights,STROKE,3.4,18393
51580,VA,Covington,ARTHRITIS,33.6,5545
51580,VA,Covington,BPHIGH,42.4,5545
51580,VA,Covington,CANCER,8.8,5545
51580,VA,Covington,CHD,9.0,5545
51580,VA,Covington,COPD,11.0,5545
51580,VA,Covington,DIABETES,16.6,5545
51580,VA,Covington,OBESITY,40.7,5545
51580,VA,Covington,STROKE,5.0,5545
51590,VA,Danville,ARTHRITIS,33.4,41837
51590,VA,Danville,BPHIGH,47.7,41837
51590,VA,Danville,CANCER,7.7,41837
51590,VA,Danville,CHD,9.0,41837
51590,VA,Danville,COPD,10.7,41837
51590,VA,Danville,DIABETES,19.9,41837
51590,VA,Danville,OBESITY,41.7,41837
51590,VA,Danville,STROKE,5.8,41837
51595,VA,Emporia,ARTHRITIS,32.8,5463
51595,VA,Emporia,BPHIGH,47.6,5463
51595,VA,Emporia,CANCER,7.1,5463
51595,VA,Emporia,CHD,8.8,5463
51595,VA,Emporia,COPD,10.1,5463
51595,VA,Emporia,DIABETES,20.0,5463
51595,VA,Emporia,OBESITY,44.4,5463
51595,VA,Emporia,STROKE,5.9,5463
51600,VA,Fairfax,ARTHRITIS,22.3,25144
51600,VA,Fairfax,BPHIGH,31.2,25144
51600,VA,Fairfax,CANCER,6.9,25144
51600,VA,Fairfax,CHD,5.0,25144
51600,VA,Fairfax,COPD,4.5,25144
51600,VA,Fairfax,DIABETES,11.1,25144
51600,VA,Fairfax,OBESITY,31.8,25144
51600,VA,Fairfax,STROKE,2.5,25144
51610,VA,Falls Church,ARTHRITIS,22.8,14685
51610,VA,Falls Church,BPHIGH,29.2,14685
51610,VA,Falls Church,CANCER,8.2,14685
51610,VA,Falls Church,CHD,4.4,14685
51610,VA,Falls Church,COPD,3.6,14685
51610,VA,Falls Church,DIABETES,8.9,14685
51610,VA,Falls Church,OBESITY,29.1,14685
51610,VA,Falls Church,STROKE,2.2,14685
51620,VA,Franklin,ARTHRITIS,32.2,8339
51620,VA,Franklin,BPHIGH,45.2,8339
51620,VA,Franklin,CANCER,7.6,8339
51620,VA,Franklin,CHD,8.1,8339
51620,VA,Franklin,COPD,9.3,8339
51620,VA,Franklin,DIABETES,18.1,8339
51620,VA,Franklin,OBESITY,43.8,8339
51620,VA,Franklin,STROKE,5.2,8339
51630,VA,Fredericksburg,ARTHRITIS,21.7,28928
51630,VA,Fredericksburg,BPHIGH,30.2,28928
51630,VA,Fredericksburg,CANCER,5.9,28928
51630,VA,Fredericksburg,CHD,4.8,28928
51630,VA,Fredericksburg,COPD,5.2,28928
51630,VA,Fredericksburg,DIABETES,10.2,28928
51630,VA,Fredericksburg,OBESITY,39.5,28928
51630,VA,Fredericksburg,STROKE,2.7,28928
51640,VA,Galax,ARTHRITIS,32.1,6717
51640,VA,Galax,BPHIGH,40.9,6717
51640,VA,Galax,CANCER,8.6,6717
51640,VA,Galax,CHD,8.6,6717
51640,VA,Galax,COPD,10.7,6717
51640,VA,Galax,DIABETES,16.3,6717
51640,VA,Galax,OBESITY,39.4,6717
51640,VA,Galax,STROKE,4.7,6717
51650,VA,Hampton,ARTHRITIS,27.7,137098
51650,VA,Hampton,BPHIGH,39.9,137098
51650,VA,Hampton,CANCER,6.5,137098
51650,VA,Hampton,CHD,6.4,137098
51650,VA,Hampton,COPD,6.9,137098
51650,VA,Hampton,DIABETES,15.0,137098
51650,VA,Hampton,OBESITY,40.3,137098
51650,VA,Hampton,STROKE,4.1,137098
51660,VA,Harrisonburg,ARTHRITIS,19.5,51082
51660,VA,Harrisonburg,BPHIGH,27.8,51082
51660,VA,Harrisonburg,CANCER,5.0,51082
51660,VA,Harrisonburg,CHD,5.0,51082
51660,VA,Harrisonburg,COPD,6.1,51082
51660,VA,Harrisonburg,DIABETES,10.2,51082
51660,VA,Harrisonburg,OBESITY,34.0,51082
51660,VA,Harrisonburg,STROKE,2.7,51082
51670,VA,Hopewell,ARTHRITIS,30.9,22752
51670,VA,Hopewell,BPHIGH,43.4,22752
51670,VA,Hopewell,CANCER,6.8,22752
51670,VA,Hopewell,CHD,8.1,22752
51670,VA,Hopewell,COPD,10.1,22752
51670,VA,Hopewell,DIABETES,17.7,22752
51670,VA,Hopewell,OBESITY,45.8,22752
51670,VA,Hopewell,STROKE,5.1,22752
51678,VA,Lexington,ARTHRITIS,18.8,7528
51678,VA,Lexington,BPHIGH,25.3,7528
51678,VA,Lexington,CANCER,5.9,7528
51678,VA,Lexington,CHD,4.4,7528
51678,VA,Lexington,COPD,4.7,7528
51678,VA,Lexington,DIABETES,7.8,7528
51678,VA,Lexington,OBESITY,29.1,7528
51678,VA,Lexington,STROKE,2.3,7528
51680,VA,Lynchburg,ARTHRITIS,23.1,79535
51680,VA,Lynchburg,BPHIGH,32.5,79535
51680,VA,Lynchburg,CANCER,6.2,79535
51680,VA,Lynchburg,CHD,5.4,79535
51680,VA,Lynchburg,COPD,6.2,79535
51680,VA,Lynchburg,DIABETES,11.0,79535
51680,VA,Lynchburg,OBESITY,36.4,79535
51680,VA,Lynchburg,STROKE,3.2,79535
51683,VA,Manassas,ARTHRITIS,21.2,42696
51683,VA,Manassas,BPHIGH,30.9,42696
51683,VA,Manassas,CANCER,5.6,42696
51683,VA,Manassas,CHD,4.9,42696
51683,VA,Manassas,COPD,5.0,42696
51683,VA,Manassas,DIABETES,12.0,42696
51683,VA,Manassas,OBESITY,35.8,42696
51683,VA,Manassas,STROKE,2.7,42696
51685,VA,Manassas Park,ARTHRITIS,21.7,16361
51685,VA,Manassas Park,BPHIGH,33.1,16361
51685,VA,Manassas Park,CANCER,4.9,16361
51685,VA,Manassas Park,CHD,5.3,16361
51685,VA,Manassas Park,COPD,5.5,16361
51685,VA,Manassas Park,DIABETES,13.8,16361
51685,VA,Manassas Park,OBESITY,38.6,16361
51685,VA,Manassas Park,STROKE,3.0,16361
51690,VA,Martinsville,ARTHRITIS,32.3,13763
51690,VA,Martinsville,BPHIGH,44.9,13763
51690,VA,Martinsville,CANCER,7.3,13763
51690,VA,Martinsville,CHD,8.4,13763
51690,VA,Martinsville,COPD,10.2,13763
51690,VA,Martinsville,DIABETES,18.6,13763
51690,VA,Martinsville,OBESITY,44.9,13763
51690,VA,Martinsville,STROKE,5.3,13763
51700,VA,Newport News,ARTHRITIS,26.6,183118
51700,VA,Newport News,BPHIGH,37.6,183118
51700,VA,Newport News,CANCER,6.3,183118
51700,VA,Newport News,CHD,5.9,183118
51700,VA,Newport News,COPD,6.5,183118
51700,VA,Newport News,DIABETES,13.5,183118
51700,VA,Newport News,OBESITY,40.8,183118
51700,VA,Newport News,STROKE,3.6,183118
51710,VA,Norfolk,ARTHRITIS,23.4,230930
51710,VA,Norfolk,BPHIGH,36.2,230930
51710,VA,Norfolk,CANCER,5.6,230930
51710,VA,Norfolk,CHD,5.5,230930
51710,VA,Norfolk,COPD,6.3,230930
51710,VA,Norfolk,DIABETES,12.7,230930
51710,VA,Norfolk,OBESITY,40.3,230930
51710,VA,Norfolk,STROKE,3.4,230930
51720,VA,Norton,ARTHRITIS,31.7,3492
51720,VA,Norton,BPHIGH,40.0,3492
51720,VA,Norton,CANCER,8.5,3492
51720,VA,Norton,CHD,8.1,3492
51720,VA,Norton,COPD,10.5,3492
51720,VA,Norton,DIABETES,14.9,3492
51720,VA,Norton,OBESITY,40.8,3492
51720,VA,Norton,STROKE,4.4,3492
51730,VA,Petersburg,ARTHRITIS,29.8,33309
51730,VA,Petersburg,BPHIGH,46.4,33309
51730,VA,Petersburg,CANCER,5.6,33309
51730,VA,Petersburg,CHD,7.4,33309
51730,VA,Petersburg,COPD,8.4,33309
51730,VA,Petersburg,DIABETES,19.2,33309
51730,VA,Petersburg,OBESITY,46.6,33309
51730,VA,Petersburg,STROKE,5.4,33309
51735,VA,Poquoson,ARTHRITIS,28.6,12635
51735,VA,Poquoson,BPHIGH,34.8,12635
51735,VA,Poquoson,CANCER,9.8,12635
51735,VA,Poquoson,CHD,6.4,12635
51735,VA,Poquoson,COPD,6.1,12635
51735,VA,Poquoson,DIABETES,11.0,12635
51735,VA,Poquoson,OBESITY,33.2,12635
51735,VA,Poquoson,STROKE,3.1,12635
51740,VA,Portsmouth,ARTHRITIS,27.7,96793
51740,VA,Portsmouth,BPHIGH,40.5,96793
51740,VA,Portsmouth,CANCER,6.3,96793
51740,VA,Portsmouth,CHD,6.7,96793
51740,VA,Portsmouth,COPD,7.6,96793
51740,VA,Portsmouth,DIABETES,15.8,96793
51740,VA,Portsmouth,OBESITY,40.8,96793
51740,VA,Portsmouth,STROKE,4.3,96793
51750,VA,Radford,ARTHRITIS,19.8,16971
51750,VA,Radford,BPHIGH,27.5,16971
51750,VA,Radford,CANCER,4.9,16971
51750,VA,Radford,CHD,4.9,16971
51750,VA,Radford,COPD,6.6,16971
51750,VA,Radford,DIABETES,9.2,16971
51750,VA,Radford,OBESITY,34.4,16971
51750,VA,Radford,STROKE,2.6,16971
51760,VA,Richmond,ARTHRITIS,24.1,229247
51760,VA,Richmond,BPHIGH,36.2,229247
51760,VA,Richmond,CANCER,5.7,229247
51760,VA,Richmond,CHD,5.6,229247
51760,VA,Richmond,COPD,6.2,229247
51760,VA,Richmond,DIABETES,12.9,229247
51760,VA,Richmond,OBESITY,37.7,229247
51760,VA,Richmond,STROKE,3.5,229247
51770,VA,Roanoke,ARTHRITIS,30.3,97171
51770,VA,Roanoke,BPHIGH,39.6,97171
51770,VA,Roanoke,CANCER,7.8,97171
51770,VA,Roanoke,CHD,7.4,97171
51770,VA,Roanoke,COPD,8.4,97171
51770,VA,Roanoke,DIABETES,15.1,97171
51770,VA,Roanoke,OBESITY,42.0,97171
51770,VA,Roanoke,STROKE,4.3,97171
51775,VA,Salem,ARTHRITIS,29.1,25600
51775,VA,Salem,BPHIGH,35.4,25600
51775,VA,Salem,CANCER,9.0,25600
51775,VA,Salem,CHD,6.7,25600
51775,VA,Salem,COPD,7.1,25600
51775,VA,Salem,DIABETES,12.0,25600
51775,VA,Salem,OBESITY,35.2,25600
51775,VA,Salem,STROKE,3.4,25600
51790,VA,Staunton,ARTHRITIS,30.3,25915
51790,VA,Staunton,BPHIGH,37.1,25915
51790,VA,Staunton,CANCER,9.2,25915
51790,VA,Staunton,CHD,7.0,25915
51790,VA,Staunton,COPD,7.5,25915
51790,VA,Staunton,DIABETES,12.9,25915
51790,VA,Staunton,OBESITY,36.4,25915
51790,VA,Staunton,STROKE,3.7,25915
51800,VA,Suffolk,ARTHRITIS,29.7,100659
51800,VA,Suffolk,BPHIGH,39.2,100659
51800,VA,Suffolk,CANCER,7.0,100659
51800,VA,Suffolk,CHD,5.9,100659
51800,VA,Suffolk,COPD,6.3,100659
51800,VA,Suffolk,DIABETES,13.7,100659
51800,VA,Suffolk,OBESITY,42.5,100659
51800,VA,Suffolk,STROKE,3.6,100659
51810,VA,Virginia Beach,ARTHRITIS,25.6,453649
51810,VA,Virginia Beach,BPHIGH,35.4,453649
51810,VA,Virginia Beach,CANCER,7.6,453649
51810,VA,Virginia Beach,CHD,5.7,453649
51810,VA,Virginia Beach,COPD,5.6,453649
51810,VA,Virginia Beach,DIABETES,12.3,453649
51810,VA,Virginia Beach,OBESITY,36.7,453649
51810,VA,Virginia Beach,STROKE,3.1,453649
51820,VA,Waynesboro,ARTHRITIS,29.5,23182
51820,VA,Waynesboro,BPHIGH,37.6,23182
51820,VA,Waynesboro,CANCER,8.6,23182
51820,VA,Waynesboro,CHD,7.1,23182
51820,VA,Waynesboro,COPD,7.9,23182
51820,VA,Waynesboro,DIABETES,13.2,23182
51820,VA,Waynesboro,OBESITY,38.6,23182
51820,VA,Waynesboro,STROKE,3.8,23182
51830,VA,Williamsburg,ARTHRITIS,21.0,15847
51830,VA,Williamsburg,BPHIGH,28.5,15847
51830,VA,Williamsburg,CANCER,6.4,15847
51830,VA,Williamsburg,CHD,5.1,15847
51830,VA,Williamsburg,COPD,5.3,15847
51830,VA,Williamsburg,DIABETES,9.4,15847
51830,VA,Williamsburg,OBESITY,31.1,15847
51830,VA,Williamsburg,STROKE,2.7,15847
51840,VA,Winchester,ARTHRITIS,28.7,27617
51840,VA,Winchester,BPHIGH,37.5,27617
51840,VA,Winchester,CANCER,7.9,27617
51840,VA,Winchester,CHD,7.4,27617
51840,VA,Winchester,COPD,8.3,27617
51840,VA,Winchester,DIABETES,14.2,27617
51840,VA,Winchester,OBESITY,37.6,27617
51840,VA,Winchester,STROKE,3.9,27617
53001,WA,Adams,ARTHRITIS,23.6,20820
53001,WA,Adams,BPHIGH,32.4,20820
53001,WA,Adams,CANCER,6.2,20820
53001,WA,Adams,CHD,6.8,20820
53001,WA,Adams,COPD,6.9,20820
53001,WA,Adams,DIABETES,13.3,20820
53001,WA,Adams,OBESITY,37.6,20820
53001,WA,Adams,STROKE,3.8,20820
53003,WA,Asotin,ARTHRITIS,32.9,22549
53003,WA,Asotin,BPHIGH,37.4,22549
53003,WA,Asotin,CANCER,10.9,22549
53003,WA,Asotin,CHD,8.1,22549
53003,WA,Asotin,COPD,8.1,22549
53003,WA,Asotin,DIABETES,12.6,22549
53003,WA,Asotin,OBESITY,35.3,22549
53003,WA,Asotin,STROKE,4.3,22549
53005,WA,Benton,ARTHRITIS,24.4,215219
53005,WA,Benton,BPHIGH,29.2,215219
53005,WA,Benton,CANCER,8.3,215219
53005,WA,Benton,CHD,5.8,215219
53005,WA,Benton,COPD,5.6,215219
53005,WA,Benton,DIABETES,10.4,215219
53005,WA,Benton,OBESITY,36.2,215219
53005,WA,Benton,STROKE,3.1,215219
53007,WA,Chelan,ARTHRITIS,27.4,79997
53007,WA,Chelan,BPHIGH,32.4,79997
53007,WA,Chelan,CANCER,9.2,79997
53007,WA,Chelan,CHD,6.7,79997
53007,WA,Chelan,COPD,6.3,79997
53007,WA,Chelan,DIABETES,10.7,79997
53007,WA,Chelan,OBESITY,29.1,79997
53007,WA,Chelan,STROKE,3.5,79997
53009,WA,Clallam,ARTHRITIS,36.0,77616
53009,WA,Clallam,BPHIGH,38.8,77616
53009,WA,Clallam,CANCER,12.2,77616
53009,WA,Clallam,CHD,8.4,77616
53009,WA,Clallam,COPD,7.8,77616
53009,WA,Clallam,DIABETES,12.1,77616
53009,WA,Clallam,OBESITY,31.0,77616
53009,WA,Clallam,STROKE,4.4,77616
53011,WA,Clark,ARTHRITIS,25.5,521150
53011,WA,Clark,BPHIGH,31.1,521150
53011,WA,Clark,CANCER,8.4,521150
53011,WA,Clark,CHD,5.6,521150
53011,WA,Clark,COPD,5.5,521150
53011,WA,Clark,DIABETES,9.6,521150
53011,WA,Clark,OBESITY,35.3,521150
53011,WA,Clark,STROKE,3.0,521150
53013,WA,Columbia,ARTHRITIS,32.6,4053
53013,WA,Columbia,BPHIGH,36.8,4053
53013,WA,Columbia,CANCER,11.5,4053
53013,WA,Columbia,CHD,8.1,4053
53013,WA,Columbia,COPD,7.6,4053
53013,WA,Columbia,DIABETES,12.2,4053
53013,WA,Columbia,OBESITY,32.4,4053
53013,WA,Columbia,STROKE,4.2,4053
53015,WA,Cowlitz,ARTHRITIS,33.2,112864
53015,WA,Cowlitz,BPHIGH,35.4,112864
53015,WA,Cowlitz,CANCER,9.6,112864
53015,WA,Cowlitz,CHD,7.2,112864
53015,WA,Cowlitz,COPD,7.5,112864
53015,WA,Cowlitz,DIABETES,11.4,112864
53015,WA,Cowlitz,OBESITY,40.5,112864
53015,WA,Cowlitz,STROKE,3.8,112864
53017,WA,Douglas,ARTHRITIS,25.8,44798
53017,WA,Douglas,BPHIGH,32.4,44798
53017,WA,Douglas,CANCER,8.4,44798
53017,WA,Douglas,CHD,6.6,44798
53017,WA,Douglas,COPD,6.3,44798
53017,WA,Douglas,DIABETES,11.0,44798
53017,WA,Douglas,OBESITY,35.8,44798
53017,WA,Douglas,STROKE,3.5,44798
53019,WA,Ferry,ARTHRITIS,38.0,7497
53019,WA,Ferry,BPHIGH,41.1,7497
53019,WA,Ferry,CANCER,11.4,7497
53019,WA,Ferry,CHD,10.0,7497
53019,WA,Ferry,COPD,9.8,7497
53019,WA,Ferry,DIABETES,15.1,7497
53019,WA,Ferry,OBESITY,40.2,7497
53019,WA,Ferry,STROKE,5.2,7497
53021,WA,Franklin,ARTHRITIS,20.2,99034
53021,WA,Franklin,BPHIGH,27.8,99034
53021,WA,Franklin,CANCER,5.6,99034
53021,WA,Franklin,CHD,5.3,99034
53021,WA,Franklin,COPD,5.4,99034
53021,WA,Franklin,DIABETES,10.8,99034
53021,WA,Franklin,OBESITY,35.2,99034
53021,WA,Franklin,STROKE,3.0,99034
53023,WA,Garfield,ARTHRITIS,31.5,2363
53023,WA,Garfield,BPHIGH,37.7,2363
53023,WA,Garfield,CANCER,11.2,2363
53023,WA,Garfield,CHD,7.7,2363
53023,WA,Garfield,COPD,7.0,2363
53023,WA,Garfield,DIABETES,11.5,2363
53023,WA,Garfield,OBESITY,31.0,2363
53023,WA,Garfield,STROKE,3.9,2363
53025,WA,Grant,ARTHRITIS,25.4,102678
53025,WA,Grant,BPHIGH,32.7,102678
53025,WA,Grant,CANCER,7.1,102678
53025,WA,Grant,CHD,6.5,102678
53025,WA,Grant,COPD,6.4,102678
53025,WA,Grant,DIABETES,11.5,102678
53025,WA,Grant,OBESITY,38.7,102678
53025,WA,Grant,STROKE,3.5,102678
53027,WA,Grays Harbor,ARTHRITIS,31.5,77290
53027,WA,Grays Harbor,BPHIGH,39.4,77290
53027,WA,Grays Harbor,CANCER,10.0,77290
53027,WA,Grays Harbor,CHD,8.1,77290
53027,WA,Grays Harbor,COPD,8.2,77290
53027,WA,Grays Harbor,DIABETES,13.6,77290
53027,WA,Grays Harbor,OBESITY,37.0,77290
53027,WA,Grays Harbor,STROKE,4.2,77290
53029,WA,Island,ARTHRITIS,29.4,86267
53029,WA,Island,BPHIGH,34.7,86267
53029,WA,Island,CANCER,11.0,86267
53029,WA,Island,CHD,6.8,86267
53029,WA,Island,COPD,5.9,86267
53029,WA,Island,DIABETES,10.2,86267
53029,WA,Island,OBESITY,31.3,86267
53029,WA,Island,STROKE,3.5,86267
53031,WA,Jefferson,ARTHRITIS,37.8,33714
53031,WA,Jefferson,BPHIGH,41.0,33714
53031,WA,Jefferson,CANCER,14.0,33714
53031,WA,Jefferson,CHD,9.2,33714
53031,WA,Jefferson,COPD,7.2,33714
53031,WA,Jefferson,DIABETES,13.1,33714
53031,WA,Jefferson,OBESITY,28.7,33714
53031,WA,Jefferson,STROKE,4.4,33714
53033,WA,King,ARTHRITIS,19.4,2271380
53033,WA,King,BPHIGH,26.7,2271380
53033,WA,King,CANCER,6.7,2271380
53033,WA,King,CHD,4.0,2271380
53033,WA,King,COPD,3.4,2271380
53033,WA,King,DIABETES,7.3,2271380
53033,WA,King,OBESITY,22.6,2271380
53033,WA,King,STROKE,2.3,2271380
53035,WA,Kitsap,ARTHRITIS,27.0,277658
53035,WA,Kitsap,BPHIGH,33.2,277658
53035,WA,Kitsap,CANCER,9.4,277658
53035,WA,Kitsap,CHD,5.8,277658
53035,WA,Kitsap,COPD,5.4,277658
53035,WA,Kitsap,DIABETES,9.8,277658
53035,WA,Kitsap,OBESITY,31.8,277658
53035,WA,Kitsap,STROKE,3.1,277658
53037,WA,Kittitas,ARTHRITIS,26.6,45508
53037,WA,Kittitas,BPHIGH,30.2,45508
53037,WA,Kittitas,CANCER,8.4,45508
53037,WA,Kittitas,CHD,6.1,45508
53037,WA,Kittitas,COPD,6.1,45508
53037,WA,Kittitas,DIABETES,9.7,45508
53037,WA,Kittitas,OBESITY,34.7,45508
53037,WA,Kittitas,STROKE,3.2,45508
53039,WA,Klickitat,ARTHRITIS,31.1,23589
53039,WA,Klickitat,BPHIGH,34.1,23589
53039,WA,Klickitat,CANCER,10.4,23589
53039,WA,Klickitat,CHD,7.8,23589
53039,WA,Klickitat,COPD,7.2,23589
53039,WA,Klickitat,DIABETES,11.7,23589
53039,WA,Klickitat,OBESITY,32.9,23589
53039,WA,Klickitat,STROKE,4.0,23589
53041,WA,Lewis,ARTHRITIS,30.9,86154
53041,WA,Lewis,BPHIGH,36.3,86154
53041,WA,Lewis,CANCER,9.7,86154
53041,WA,Lewis,CHD,7.2,86154
53041,WA,Lewis,COPD,7.5,86154
53041,WA,Lewis,DIABETES,12.1,86154
53041,WA,Lewis,OBESITY,39.0,86154
53041,WA,Lewis,STROKE,3.9,86154
53043,WA,Lincoln,ARTHRITIS,33.4,11738
53043,WA,Lincoln,BPHIGH,36.7,11738
53043,WA,Lincoln,CANCER,11.5,11738
53043,WA,Lincoln,CHD,8.1,11738
53043,WA,Lincoln,COPD,7.3,11738
53043,WA,Lincoln,DIABETES,11.7,11738
53043,WA,Lincoln,OBESITY,37.6,11738
53043,WA,Lincoln,STROKE,4.1,11738
53045,WA,Mason,ARTHRITIS,32.4,68389
53045,WA,Mason,BPHIGH,36.8,68389
53045,WA,Mason,CANCER,10.2,68389
53045,WA,Mason,CHD,7.7,68389
53045,WA,Mason,COPD,7.5,68389
53045,WA,Mason,DIABETES,12.2,68389
53045,WA,Mason,OBESITY,35.9,68389
53045,WA,Mason,STROKE,4.0,68389
53047,WA,Okanogan,ARTHRITIS,31.6,43712
53047,WA,Okanogan,BPHIGH,37.6,43712
53047,WA,Okanogan,CANCER,9.7,43712
53047,WA,Okanogan,CHD,8.6,43712
53047,WA,Okanogan,COPD,8.7,43712
53047,WA,Okanogan,DIABETES,13.3,43712
53047,WA,Okanogan,OBESITY,32.6,43712
53047,WA,Okanogan,STROKE,4.5,43712
53049,WA,Pacific,ARTHRITIS,36.8,24200
53049,WA,Pacific,BPHIGH,42.1,24200
53049,WA,Pacific,CANCER,12.2,24200
53049,WA,Pacific,CHD,9.2,24200
53049,WA,Pacific,COPD,8.5,24200
53049,WA,Pacific,DIABETES,14.9,24200
53049,WA,Pacific,OBESITY,36.4,24200
53049,WA,Pacific,STROKE,4.7,24200
53051,WA,Pend Oreille,ARTHRITIS,34.4,14361
53051,WA,Pend Oreille,BPHIGH,38.5,14361
53051,WA,Pend Oreille,CANCER,11.5,14361
53051,WA,Pend Oreille,CHD,8.8,14361
53051,WA,Pend Oreille,COPD,8.7,14361
53051,WA,Pend Oreille,DIABETES,13.3,14361
53051,WA,Pend Oreille,OBESITY,38.9,14361
53051,WA,Pend Oreille,STROKE,4.5,14361
53053,WA,Pierce,ARTHRITIS,25.8,928696
53053,WA,Pierce,BPHIGH,32.3,928696
53053,WA,Pierce,CANCER,7.4,928696
53053,WA,Pierce,CHD,5.3,928696
53053,WA,Pierce,COPD,5.2,928696
53053,WA,Pierce,DIABETES,10.6,928696
53053,WA,Pierce,OBESITY,36.9,928696
53053,WA,Pierce,STROKE,3.0,928696
53055,WA,San Juan,ARTHRITIS,33.5,18566
53055,WA,San Juan,BPHIGH,37.0,18566
53055,WA,San Juan,CANCER,13.1,18566
53055,WA,San Juan,CHD,8.0,18566
53055,WA,San Juan,COPD,6.4,18566
53055,WA,San Juan,DIABETES,10.9,18566
53055,WA,San Juan,OBESITY,24.7,18566
53055,WA,San Juan,STROKE,3.9,18566
53057,WA,Skagit,ARTHRITIS,30.0,131417
53057,WA,Skagit,BPHIGH,33.2,131417
53057,WA,Skagit,CANCER,9.7,131417
53057,WA,Skagit,CHD,6.9,131417
53057,WA,Skagit,COPD,6.5,131417
53057,WA,Skagit,DIABETES,10.8,131417
53057,WA,Skagit,OBESITY,33.0,131417
53057,WA,Skagit,STROKE,3.6,131417
53059,WA,Skamania,ARTHRITIS,31.1,12640
53059,WA,Skamania,BPHIGH,36.2,12640
53059,WA,Skamania,CANCER,10.8,12640
53059,WA,Skamania,CHD,7.4,12640
53059,WA,Skamania,COPD,7.0,12640
53059,WA,Skamania,DIABETES,11.2,12640
53059,WA,Skamania,OBESITY,32.8,12640
53059,WA,Skamania,STROKE,3.8,12640
53061,WA,Snohomish,ARTHRITIS,23.7,844761
53061,WA,Snohomish,BPHIGH,29.6,844761
53061,WA,Snohomish,CANCER,7.6,844761
53061,WA,Snohomish,CHD,4.9,844761
53061,WA,Snohomish,COPD,4.8,844761
53061,WA,Snohomish,DIABETES,9.1,844761
53061,WA,Snohomish,OBESITY,30.6,844761
53061,WA,Snohomish,STROKE,2.7,844761
53063,WA,Spokane,ARTHRITIS,26.4,551455
53063,WA,Spokane,BPHIGH,31.1,551455
53063,WA,Spokane,CANCER,8.4,551455
53063,WA,Spokane,CHD,6.0,551455
53063,WA,Spokane,COPD,6.0,551455
53063,WA,Spokane,DIABETES,10.2,551455
53063,WA,Spokane,OBESITY,34.7,551455
53063,WA,Spokane,STROKE,3.2,551455
53065,WA,Stevens,ARTHRITIS,34.7,48837
53065,WA,Stevens,BPHIGH,37.6,48837
53065,WA,Stevens,CANCER,11.2,48837
53065,WA,Stevens,CHD,8.7,48837
53065,WA,Stevens,COPD,8.6,48837
53065,WA,Stevens,DIABETES,12.6,48837
53065,WA,Stevens,OBESITY,34.3,48837
53065,WA,Stevens,STROKE,4.4,48837
53067,WA,Thurston,ARTHRITIS,28.6,299003
53067,WA,Thurston,BPHIGH,34.5,299003
53067,WA,Thurston,CANCER,9.0,299003
53067,WA,Thurston,CHD,5.8,299003
53067,WA,Thurston,COPD,5.3,299003
53067,WA,Thurston,DIABETES,10.3,299003
53067,WA,Thurston,OBESITY,31.2,299003
53067,WA,Thurston,STROKE,3.1,299003
53069,WA,Wahkiakum,ARTHRITIS,39.2,4765
53069,WA,Wahkiakum,BPHIGH,42.9,4765
53069,WA,Wahkiakum,CANCER,12.7,4765
53069,WA,Wahkiakum,CHD,10.2,4765
53069,WA,Wahkiakum,COPD,9.2,4765
53069,WA,Wahkiakum,DIABETES,14.7,4765
53069,WA,Wahkiakum,OBESITY,39.1,4765
53069,WA,Wahkiakum,STROKE,5.1,4765
53071,WA,Walla Walla,ARTHRITIS,26.0,61568
53071,WA,Walla Walla,BPHIGH,31.6,61568
53071,WA,Walla Walla,CANCER,8.7,61568
53071,WA,Walla Walla,CHD,6.5,61568
53071,WA,Walla Walla,COPD,6.0,61568
53071,WA,Walla Walla,DIABETES,10.6,61568
53071,WA,Walla Walla,OBESITY,34.1,61568
53071,WA,Walla Walla,STROKE,3.4,61568
53073,WA,Whatcom,ARTHRITIS,24.3,231919
53073,WA,Whatcom,BPHIGH,28.4,231919
53073,WA,Whatcom,CANCER,8.6,231919
53073,WA,Whatcom,CHD,5.7,231919
53073,WA,Whatcom,COPD,5.4,231919
53073,WA,Whatcom,DIABETES,8.8,231919
53073,WA,Whatcom,OBESITY,26.5,231919
53073,WA,Whatcom,STROKE,3.0,231919
53075,WA,Whitman,ARTHRITIS,18.4,48012
53075,WA,Whitman,BPHIGH,23.9,48012
53075,WA,Whitman,CANCER,5.9,48012
53075,WA,Whitman,CHD,4.5,48012
53075,WA,Whitman,COPD,4.9,48012
53075,WA,Whitman,DIABETES,7.4,48012
53075,WA,Whitman,OBESITY,28.5,48012
53075,WA,Whitman,STROKE,2.5,48012
53077,WA,Yakima,ARTHRITIS,23.3,256643
53077,WA,Yakima,BPHIGH,32.7,256643
53077,WA,Yakima,CANCER,6.8,256643
53077,WA,Yakima,CHD,6.5,256643
53077,WA,Yakima,COPD,6.5,256643
53077,WA,Yakima,DIABETES,12.9,256643
53077,WA,Yakima,OBESITY,39.7,256643
53077,WA,Yakima,STROKE,3.6,256643
54001,WV,Barbour,ARTHRITIS,38.3,15378
54001,WV,Barbour,BPHIGH,46.4,15378
54001,WV,Barbour,CANCER,9.5,15378
54001,WV,Barbour,CHD,9.3,15378
54001,WV,Barbour,COPD,11.9,15378
54001,WV,Barbour,DIABETES,16.9,15378
54001,WV,Barbour,OBESITY,43.3,15378
54001,WV,Barbour,STROKE,4.5,15378
54003,WV,Berkeley,ARTHRITIS,32.3,132440
54003,WV,Berkeley,BPHIGH,39.6,132440
54003,WV,Berkeley,CANCER,8.0,132440
54003,WV,Berkeley,CHD,6.7,132440
54003,WV,Berkeley,COPD,8.4,132440
54003,WV,Berkeley,DIABETES,13.5,132440
54003,WV,Berkeley,OBESITY,38.7,132440
54003,WV,Berkeley,STROKE,3.4,132440
54005,WV,Boone,ARTHRITIS,41.2,20576
54005,WV,Boone,BPHIGH,48.1,20576
54005,WV,Boone,CANCER,10.1,20576
54005,WV,Boone,CHD,9.7,20576
54005,WV,Boone,COPD,12.4,20576
54005,WV,Boone,DIABETES,17.3,20576
54005,WV,Boone,OBESITY,46.7,20576
54005,WV,Boone,STROKE,4.6,20576
54007,WV,Braxton,ARTHRITIS,41.5,12162
54007,WV,Braxton,BPHIGH,49.0,12162
54007,WV,Braxton,CANCER,10.4,12162
54007,WV,Braxton,CHD,11.1,12162
54007,WV,Braxton,COPD,14.3,12162
54007,WV,Braxton,DIABETES,19.1,12162
54007,WV,Braxton,OBESITY,41.5,12162
54007,WV,Braxton,STROKE,5.4,12162
54009,WV,Brooke,ARTHRITIS,38.2,21373
54009,WV,Brooke,BPHIGH,44.6,21373
54009,WV,Brooke,CANCER,10.6,21373
54009,WV,Brooke,CHD,8.7,21373
54009,WV,Brooke,COPD,9.8,21373
54009,WV,Brooke,DIABETES,15.5,21373
54009,WV,Brooke,OBESITY,40.0,21373
54009,WV,Brooke,STROKE,4.1,21373
54011,WV,Cabell,ARTHRITIS,36.6,92082
54011,WV,Cabell,BPHIGH,39.8,92082
54011,WV,Cabell,CANCER,9.1,92082
54011,WV,Cabell,CHD,8.1,92082
54011,WV,Cabell,COPD,9.8,92082
54011,WV,Cabell,DIABETES,14.9,92082
54011,WV,Cabell,OBESITY,44.1,92082
54011,WV,Cabell,STROKE,3.9,92082
54013,WV,Calhoun,ARTHRITIS,45.8,5959
54013,WV,Calhoun,BPHIGH,51.4,5959
54013,WV,Calhoun,CANCER,10.9,5959
54013,WV,Calhoun,CHD,12.5,5959
54013,WV,Calhoun,COPD,16.2,5959
54013,WV,Calhoun,DIABETES,21.1,5959
54013,WV,Calhoun,OBESITY,40.8,5959
54013,WV,Calhoun,STROKE,6.0,5959
54015,WV,Clay,ARTHRITIS,42.3,7783
54015,WV,Clay,BPHIGH,48.4,7783
54015,WV,Clay,CANCER,10.2,7783
54015,WV,Clay,CHD,10.8,7783
54015,WV,Clay,COPD,14.0,7783
54015,WV,Clay,DIABETES,18.8,7783
54015,WV,Clay,OBESITY,41.9,7783
54015,WV,Clay,STROKE,5.2,7783
54017,WV,Doddridge,ARTHRITIS,38.6,7680
54017,WV,Doddridge,BPHIGH,45.5,7680
54017,WV,Doddridge,CANCER,9.6,7680
54017,WV,Doddridge,CHD,9.4,7680
54017,WV,Doddridge,COPD,11.5,7680
54017,WV,Doddridge,DIABETES,16.4,7680
54017,WV,Doddridge,OBESITY,41.0,7680
54017,WV,Doddridge,STROKE,4.4,7680
54019,WV,Fayette,ARTHRITIS,40.1,39072
54019,WV,Fayette,BPHIGH,45.6,39072
54019,WV,Fayette,CANCER,10.2,39072
54019,WV,Fayette,CHD,9.7,39072
54019,WV,Fayette,COPD,12.2,39072
54019,WV,Fayette,DIABETES,17.9,39072
54019,WV,Fayette,OBESITY,40.5,39072
54019,WV,Fayette,STROKE,4.7,39072
54021,WV,Gilmer,ARTHRITIS,33.8,7254
54021,WV,Gilmer,BPHIGH,43.5,7254
54021,WV,Gilmer,CANCER,8.0,7254
54021,WV,Gilmer,CHD,8.2,7254
54021,WV,Gilmer,COPD,10.1,7254
54021,WV,Gilmer,DIABETES,15.5,7254
54021,WV,Gilmer,OBESITY,42.9,7254
54021,WV,Gilmer,STROKE,4.1,7254
54023,WV,Grant,ARTHRITIS,40.6,10921
54023,WV,Grant,BPHIGH,45.6,10921
54023,WV,Grant,CANCER,10.8,10921
54023,WV,Grant,CHD,9.7,10921
54023,WV,Grant,COPD,11.2,10921
54023,WV,Grant,DIABETES,16.6,10921
54023,WV,Grant,OBESITY,43.2,10921
54023,WV,Grant,STROKE,4.6,10921
54025,WV,Greenbrier,ARTHRITIS,41.6,32149
54025,WV,Greenbrier,BPHIGH,46.9,32149
54025,WV,Greenbrier,CANCER,10.6,32149
54025,WV,Greenbrier,CHD,10.1,32149
54025,WV,Greenbrier,COPD,12.4,32149
54025,WV,Greenbrier,DIABETES,17.3,32149
54025,WV,Greenbrier,OBESITY,40.4,32149
54025,WV,Greenbrier,STROKE,4.8,32149
54027,WV,Hampshire,ARTHRITIS,40.8,23649
54027,WV,Hampshire,BPHIGH,46.0,23649
54027,WV,Hampshire,CANCER,10.5,23649
54027,WV,Hampshire,CHD,9.5,23649
54027,WV,Hampshire,COPD,11.3,23649
54027,WV,Hampshire,DIABETES,16.9,23649
54027,WV,Hampshire,OBESITY,39.2,23649
54027,WV,Hampshire,STROKE,4.5,23649
54029,WV,Hancock,ARTHRITIS,39.9,28145
54029,WV,Hancock,BPHIGH,46.3,28145
54029,WV,Hancock,CANCER,10.5,28145
54029,WV,Hancock,CHD,9.2,28145
54029,WV,Hancock,COPD,10.8,28145
54029,WV,Hancock,DIABETES,16.6,28145
54029,WV,Hancock,OBESITY,44.0,28145
54029,WV,Hancock,STROKE,4.4,28145
54031,WV,Hardy,ARTHRITIS,41.5,14251
54031,WV,Hardy,BPHIGH,48.7,14251
54031,WV,Hardy,CANCER,10.3,14251
54031,WV,Hardy,CHD,10.4,14251
54031,WV,Hardy,COPD,12.6,14251
54031,WV,Hardy,DIABETES,19.0,14251
54031,WV,Hardy,OBESITY,41.9,14251
54031,WV,Hardy,STROKE,5.0,14251
54033,WV,Harrison,ARTHRITIS,37.6,64639
54033,WV,Harrison,BPHIGH,43.0,64639
54033,WV,Harrison,CANCER,9.6,64639
54033,WV,Harrison,CHD,8.5,64639
54033,WV,Harrison,COPD,10.2,64639
54033,WV,Harrison,DIABETES,15.6,64639
54033,WV,Harrison,OBESITY,40.2,64639
54033,WV,Harrison,STROKE,4.0,64639
54035,WV,Jackson,ARTHRITIS,39.1,27593
54035,WV,Jackson,BPHIGH,46.5,27593
54035,WV,Jackson,CANCER,10.2,27593
54035,WV,Jackson,CHD,9.2,27593
54035,WV,Jackson,COPD,11.1,27593
54035,WV,Jackson,DIABETES,17.2,27593
54035,WV,Jackson,OBESITY,42.8,27593
54035,WV,Jackson,STROKE,4.4,27593
54037,WV,Jefferson,ARTHRITIS,33.3,59787
54037,WV,Jefferson,BPHIGH,40.5,59787
54037,WV,Jefferson,CANCER,8.8,59787
54037,WV,Jefferson,CHD,6.8,59787
54037,WV,Jefferson,COPD,7.6,59787
54037,WV,Jefferson,DIABETES,13.4,59787
54037,WV,Jefferson,OBESITY,38.3,59787
54037,WV,Jefferson,STROKE,3.3,59787
54039,WV,Kanawha,ARTHRITIS,37.4,174805
54039,WV,Kanawha,BPHIGH,46.2,174805
54039,WV,Kanawha,CANCER,9.9,174805
54039,WV,Kanawha,CHD,8.7,174805
54039,WV,Kanawha,COPD,9.8,174805
54039,WV,Kanawha,DIABETES,15.6,174805
54039,WV,Kanawha,OBESITY,40.3,174805
54039,WV,Kanawha,STROKE,4.2,174805
54041,WV,Lewis,ARTHRITIS,39.3,16500
54041,WV,Lewis,BPHIGH,44.2,16500
54041,WV,Lewis,CANCER,9.8,16500
54041,WV,Lewis,CHD,9.2,16500
54041,WV,Lewis,COPD,11.6,16500
54041,WV,Lewis,DIABETES,16.9,16500
54041,WV,Lewis,OBESITY,40.3,16500
54041,WV,Lewis,STROKE,4.4,16500
54043,WV,Lincoln,ARTHRITIS,41.8,19701
54043,WV,Lincoln,BPHIGH,47.2,19701
54043,WV,Lincoln,CANCER,9.8,19701
54043,WV,Lincoln,CHD,10.4,19701
54043,WV,Lincoln,COPD,13.8,19701
54043,WV,Lincoln,DIABETES,18.5,19701
54043,WV,Lincoln,OBESITY,45.6,19701
54043,WV,Lincoln,STROKE,5.1,19701
54045,WV,Logan,ARTHRITIS,41.8,30827
54045,WV,Logan,BPHIGH,47.8,30827
54045,WV,Logan,CANCER,9.9,30827
54045,WV,Logan,CHD,10.2,30827
54045,WV,Logan,COPD,13.5,30827
54045,WV,Logan,DIABETES,18.2,30827
54045,WV,Logan,OBESITY,45.0,30827
54045,WV,Logan,STROKE,5.0,30827
54047,WV,McDowell,ARTHRITIS,42.2,17439
54047,WV,McDowell,BPHIGH,51.0,17439
54047,WV,McDowell,CANCER,9.2,17439
54047,WV,McDowell,CHD,11.8,17439
54047,WV,McDowell,COPD,16.5,17439
54047,WV,McDowell,DIABETES,21.6,17439
54047,WV,McDowell,OBESITY,46.2,17439
54047,WV,McDowell,STROKE,6.1,17439
54049,WV,Marion,ARTHRITIS,36.1,55807
54049,WV,Marion,BPHIGH,41.9,55807
54049,WV,Marion,CANCER,9.2,55807
54049,WV,Marion,CHD,7.9,55807
54049,WV,Marion,COPD,9.3,55807
54049,WV,Marion,DIABETES,14.7,55807
54049,WV,Marion,OBESITY,42.1,55807
54049,WV,Marion,STROKE,3.7,55807
54051,WV,Marshall,ARTHRITIS,40.1,29405
54051,WV,Marshall,BPHIGH,45.7,29405
54051,WV,Marshall,CANCER,10.6,29405
54051,WV,Marshall,CHD,9.4,29405
54051,WV,Marshall,COPD,11.1,29405
54051,WV,Marshall,DIABETES,16.4,29405
54051,WV,Marshall,OBESITY,37.5,29405
54051,WV,Marshall,STROKE,4.4,29405
54053,WV,Mason,ARTHRITIS,40.2,24765
54053,WV,Mason,BPHIGH,45.8,24765
54053,WV,Mason,CANCER,10.3,24765
54053,WV,Mason,CHD,9.7,24765
54053,WV,Mason,COPD,12.5,24765
54053,WV,Mason,DIABETES,17.0,24765
54053,WV,Mason,OBESITY,41.3,24765
54053,WV,Mason,STROKE,4.7,24765
54055,WV,Mercer,ARTHRITIS,41.7,58057
54055,WV,Mercer,BPHIGH,45.3,58057
54055,WV,Mercer,CANCER,9.8,58057
54055,WV,Mercer,CHD,9.5,58057
54055,WV,Mercer,COPD,12.1,58057
54055,WV,Mercer,DIABETES,17.2,58057
54055,WV,Mercer,OBESITY,40.8,58057
54055,WV,Mercer,STROKE,4.7,58057
54057,WV,Mineral,ARTHRITIS,38.4,26867
54057,WV,Mineral,BPHIGH,43.0,26867
54057,WV,Mineral,CANCER,10.1,26867
54057,WV,Mineral,CHD,8.4,26867
54057,WV,Mineral,COPD,9.8,26867
54057,WV,Mineral,DIABETES,15.2,26867
54057,WV,Mineral,OBESITY,39.3,26867
54057,WV,Mineral,STROKE,4.0,26867
54059,WV,Mingo,ARTHRITIS,42.8,22023
54059,WV,Mingo,BPHIGH,50.1,22023
54059,WV,Mingo,CANCER,9.8,22023
54059,WV,Mingo,CHD,11.5,22023
54059,WV,Mingo,COPD,16.1,22023
54059,WV,Mingo,DIABETES,20.4,22023
54059,WV,Mingo,OBESITY,43.5,22023
54059,WV,Mingo,STROKE,5.7,22023
54061,WV,Monongalia,ARTHRITIS,25.8,107718
54061,WV,Monongalia,BPHIGH,31.9,107718
54061,WV,Monongalia,CANCER,6.8,107718
54061,WV,Monongalia,CHD,5.6,107718
54061,WV,Monongalia,COPD,6.7,107718
54061,WV,Monongalia,DIABETES,10.8,107718
54061,WV,Monongalia,OBESITY,31.9,107718
54061,WV,Monongalia,STROKE,2.7,107718
54063,WV,Monroe,ARTHRITIS,42.6,12382
54063,WV,Monroe,BPHIGH,47.7,12382
54063,WV,Monroe,CANCER,10.9,12382
54063,WV,Monroe,CHD,10.3,12382
54063,WV,Monroe,COPD,12.3,12382
54063,WV,Monroe,DIABETES,17.9,12382
54063,WV,Monroe,OBESITY,41.1,12382
54063,WV,Monroe,STROKE,4.9,12382
54065,WV,Morgan,ARTHRITIS,40.6,17649
54065,WV,Morgan,BPHIGH,46.7,17649
54065,WV,Morgan,CANCER,10.7,17649
54065,WV,Morgan,CHD,9.4,17649
54065,WV,Morgan,COPD,11.1,17649
54065,WV,Morgan,DIABETES,16.8,17649
54065,WV,Morgan,OBESITY,39.2,17649
54065,WV,Morgan,STROKE,4.4,17649
54067,WV,Nicholas,ARTHRITIS,41.4,24169
54067,WV,Nicholas,BPHIGH,46.6,24169
54067,WV,Nicholas,CANCER,10.6,24169
54067,WV,Nicholas,CHD,9.9,24169
54067,WV,Nicholas,COPD,11.9,24169
54067,WV,Nicholas,DIABETES,16.8,24169
54067,WV,Nicholas,OBESITY,40.6,24169
54067,WV,Nicholas,STROKE,4.6,24169
54069,WV,Ohio,ARTHRITIS,37.7,41194
54069,WV,Ohio,BPHIGH,42.5,41194
54069,WV,Ohio,CANCER,10.1,41194
54069,WV,Ohio,CHD,8.3,41194
54069,WV,Ohio,COPD,9.4,41194
54069,WV,Ohio,DIABETES,15.0,41194
54069,WV,Ohio,OBESITY,39.5,41194
54069,WV,Ohio,STROKE,3.9,41194
54071,WV,Pendleton,ARTHRITIS,42.7,6029
54071,WV,Pendleton,BPHIGH,48.4,6029
54071,WV,Pendleton,CANCER,11.8,6029
54071,WV,Pendleton,CHD,10.9,6029
54071,WV,Pendleton,COPD,12.2,6029
54071,WV,Pendleton,DIABETES,18.2,6029
54071,WV,Pendleton,OBESITY,36.5,6029
54071,WV,Pendleton,STROKE,5.1,6029
54073,WV,Pleasants,ARTHRITIS,37.2,7428
54073,WV,Pleasants,BPHIGH,43.5,7428
54073,WV,Pleasants,CANCER,9.4,7428
54073,WV,Pleasants,CHD,8.1,7428
54073,WV,Pleasants,COPD,10.0,7428
54073,WV,Pleasants,DIABETES,14.9,7428
54073,WV,Pleasants,OBESITY,44.0,7428
54073,WV,Pleasants,STROKE,3.9,7428
54075,WV,Pocahontas,ARTHRITIS,43.2,7765
54075,WV,Pocahontas,BPHIGH,49.9,7765
54075,WV,Pocahontas,CANCER,11.3,7765
54075,WV,Pocahontas,CHD,11.4,7765
54075,WV,Pocahontas,COPD,13.9,7765
54075,WV,Pocahontas,DIABETES,19.2,7765
54075,WV,Pocahontas,OBESITY,40.6,7765
54075,WV,Pocahontas,STROKE,5.4,7765
54077,WV,Preston,ARTHRITIS,37.7,34099
54077,WV,Preston,BPHIGH,43.1,34099
54077,WV,Preston,CANCER,9.5,34099
54077,WV,Preston,CHD,8.5,34099
54077,WV,Preston,COPD,10.5,34099
54077,WV,Preston,DIABETES,15.3,34099
54077,WV,Preston,OBESITY,37.7,34099
54077,WV,Preston,STROKE,4.1,34099
54079,WV,Putnam,ARTHRITIS,36.4,56962
54079,WV,Putnam,BPHIGH,43.7,56962
54079,WV,Putnam,CANCER,9.7,56962
54079,WV,Putnam,CHD,7.5,56962
54079,WV,Putnam,COPD,8.8,56962
54079,WV,Putnam,DIABETES,14.1,56962
54079,WV,Putnam,OBESITY,38.3,56962
54079,WV,Putnam,STROKE,3.6,56962
54081,WV,Raleigh,ARTHRITIS,39.1,72356
54081,WV,Raleigh,BPHIGH,47.2,72356
54081,WV,Raleigh,CANCER,9.7,72356
54081,WV,Raleigh,CHD,9.5,72356
54081,WV,Raleigh,COPD,12.1,72356
54081,WV,Raleigh,DIABETES,17.7,72356
54081,WV,Raleigh,OBESITY,43.1,72356
54081,WV,Raleigh,STROKE,4.7,72356
54083,WV,Randolph,ARTHRITIS,39.1,27350
54083,WV,Randolph,BPHIGH,45.7,27350
54083,WV,Randolph,CANCER,9.9,27350
54083,WV,Randolph,CHD,9.1,27350
54083,WV,Randolph,COPD,10.9,27350
54083,WV,Randolph,DIABETES,16.0,27350
54083,WV,Randolph,OBESITY,45.9,27350
54083,WV,Randolph,STROKE,4.3,27350
54085,WV,Ritchie,ARTHRITIS,42.3,8167
54085,WV,Ritchie,BPHIGH,47.6,8167
54085,WV,Ritchie,CANCER,10.4,8167
54085,WV,Ritchie,CHD,10.5,8167
54085,WV,Ritchie,COPD,13.4,8167
54085,WV,Ritchie,DIABETES,17.9,8167
54085,WV,Ritchie,OBESITY,42.9,8167
54085,WV,Ritchie,STROKE,5.0,8167
54087,WV,Roane,ARTHRITIS,43.0,13743
54087,WV,Roane,BPHIGH,49.1,13743
54087,WV,Roane,CANCER,10.3,13743
54087,WV,Roane,CHD,11.0,13743
54087,WV,Roane,COPD,14.4,13743
54087,WV,Roane,DIABETES,19.4,13743
54087,WV,Roane,OBESITY,41.6,13743
54087,WV,Roane,STROKE,5.3,13743
54089,WV,Summers,ARTHRITIS,43.5,11581
54089,WV,Summers,BPHIGH,48.9,11581
54089,WV,Summers,CANCER,10.8,11581
54089,WV,Summers,CHD,11.0,11581
54089,WV,Summers,COPD,13.9,11581
54089,WV,Summers,DIABETES,19.4,11581
54089,WV,Summers,OBESITY,39.8,11581
54089,WV,Summers,STROKE,5.4,11581
54091,WV,Taylor,ARTHRITIS,38.4,16388
54091,WV,Taylor,BPHIGH,44.9,16388
54091,WV,Taylor,CANCER,9.7,16388
54091,WV,Taylor,CHD,9.0,16388
54091,WV,Taylor,COPD,11.2,16388
54091,WV,Taylor,DIABETES,15.9,16388
54091,WV,Taylor,OBESITY,42.0,16388
54091,WV,Taylor,STROKE,4.3,16388
54093,WV,Tucker,ARTHRITIS,42.4,6604
54093,WV,Tucker,BPHIGH,48.1,6604
54093,WV,Tucker,CANCER,11.4,6604
54093,WV,Tucker,CHD,9.9,6604
54093,WV,Tucker,COPD,11.3,6604
54093,WV,Tucker,DIABETES,16.9,6604
54093,WV,Tucker,OBESITY,39.3,6604
54093,WV,Tucker,STROKE,4.6,6604
54095,WV,Tyler,ARTHRITIS,41.7,7919
54095,WV,Tyler,BPHIGH,48.0,7919
54095,WV,Tyler,CANCER,10.9,7919
54095,WV,Tyler,CHD,10.0,7919
54095,WV,Tyler,COPD,11.9,7919
54095,WV,Tyler,DIABETES,17.6,7919
54095,WV,Tyler,OBESITY,42.8,7919
54095,WV,Tyler,STROKE,4.7,7919
54097,WV,Upshur,ARTHRITIS,38.4,23529
54097,WV,Upshur,BPHIGH,44.9,23529
54097,WV,Upshur,CANCER,9.7,23529
54097,WV,Upshur,CHD,9.4,23529
54097,WV,Upshur,COPD,11.5,23529
54097,WV,Upshur,DIABETES,16.5,23529
54097,WV,Upshur,OBESITY,36.6,23529
54097,WV,Upshur,STROKE,4.4,23529
54099,WV,Wayne,ARTHRITIS,40.5,37686
54099,WV,Wayne,BPHIGH,46.5,37686
54099,WV,Wayne,CANCER,10.2,37686
54099,WV,Wayne,CHD,9.7,37686
54099,WV,Wayne,COPD,12.0,37686
54099,WV,Wayne,DIABETES,16.9,37686
54099,WV,Wayne,OBESITY,42.6,37686
54099,WV,Wayne,STROKE,4.6,37686
54101,WV,Webster,ARTHRITIS,44.8,8045
54101,WV,Webster,BPHIGH,49.9,8045
54101,WV,Webster,CANCER,10.9,8045
54101,WV,Webster,CHD,11.5,8045
54101,WV,Webster,COPD,14.8,8045
54101,WV,Webster,DIABETES,19.5,8045
54101,WV,Webster,OBESITY,42.9,8045
54101,WV,Webster,STROKE,5.5,8045
54103,WV,Wetzel,ARTHRITIS,40.6,13890
54103,WV,Wetzel,BPHIGH,45.6,13890
54103,WV,Wetzel,CANCER,10.3,13890
54103,WV,Wetzel,CHD,9.7,13890
54103,WV,Wetzel,COPD,11.7,13890
54103,WV,Wetzel,DIABETES,16.7,13890
54103,WV,Wetzel,OBESITY,42.4,13890
54103,WV,Wetzel,STROKE,4.6,13890
54105,WV,Wirt,ARTHRITIS,41.9,5000
54105,WV,Wirt,BPHIGH,47.6,5000
54105,WV,Wirt,CANCER,10.7,5000
54105,WV,Wirt,CHD,10.4,5000
54105,WV,Wirt,COPD,12.7,5000
54105,WV,Wirt,DIABETES,18.1,5000
54105,WV,Wirt,OBESITY,42.8,5000
54105,WV,Wirt,STROKE,4.9,5000
54107,WV,Wood,ARTHRITIS,39.0,83052
54107,WV,Wood,BPHIGH,45.3,83052
54107,WV,Wood,CANCER,10.2,83052
54107,WV,Wood,CHD,9.0,83052
54107,WV,Wood,COPD,10.8,83052
54107,WV,Wood,DIABETES,16.6,83052
54107,WV,Wood,OBESITY,43.5,83052
54107,WV,Wood,STROKE,4.2,83052
54109,WV,Wyoming,ARTHRITIS,42.3,20277
54109,WV,Wyoming,BPHIGH,49.7,20277
54109,WV,Wyoming,CANCER,9.9,20277
54109,WV,Wyoming,CHD,10.7,20277
54109,WV,Wyoming,COPD,14.0,20277
54109,WV,Wyoming,DIABETES,18.7,20277
54109,WV,Wyoming,OBESITY,44.6,20277
54109,WV,Wyoming,STROKE,5.1,20277
55001,WI,Adams,ARTHRITIS,35.4,21449
55001,WI,Adams,BPHIGH,43.5,21449
55001,WI,Adams,CANCER,11.5,21449
55001,WI,Adams,CHD,10.6,21449
55001,WI,Adams,COPD,10.1,21449
55001,WI,Adams,DIABETES,16.7,21449
55001,WI,Adams,OBESITY,40.3,21449
55001,WI,Adams,STROKE,5.0,21449
55003,WI,Ashland,ARTHRITIS,29.1,16079
55003,WI,Ashland,BPHIGH,36.3,16079
55003,WI,Ashland,CANCER,9.5,16079
55003,WI,Ashland,CHD,8.4,16079
55003,WI,Ashland,COPD,8.6,16079
55003,WI,Ashland,DIABETES,13.9,16079
55003,WI,Ashland,OBESITY,41.2,16079
55003,WI,Ashland,STROKE,4.3,16079
55005,WI,Barron,ARTHRITIS,29.6,46833
55005,WI,Barron,BPHIGH,36.6,46833
55005,WI,Barron,CANCER,10.1,46833
55005,WI,Barron,CHD,8.3,46833
55005,WI,Barron,COPD,8.2,46833
55005,WI,Barron,DIABETES,13.2,46833
55005,WI,Barron,OBESITY,38.3,46833
55005,WI,Barron,STROKE,4.1,46833
55007,WI,Bayfield,ARTHRITIS,34.0,16769
55007,WI,Bayfield,BPHIGH,41.2,16769
55007,WI,Bayfield,CANCER,12.0,16769
55007,WI,Bayfield,CHD,9.1,16769
55007,WI,Bayfield,COPD,7.9,16769
55007,WI,Bayfield,DIABETES,13.9,16769
55007,WI,Bayfield,OBESITY,39.1,16769
55007,WI,Bayfield,STROKE,4.3,16769
55009,WI,Brown,ARTHRITIS,25.2,271417
55009,WI,Brown,BPHIGH,31.5,271417
55009,WI,Brown,CANCER,8.3,271417
55009,WI,Brown,CHD,6.2,271417
55009,WI,Brown,COPD,6.1,271417
55009,WI,Brown,DIABETES,10.5,271417
55009,WI,Brown,OBESITY,41.1,271417
55009,WI,Brown,STROKE,3.1,271417
55011,WI,Buffalo,ARTHRITIS,30.6,13419
55011,WI,Buffalo,BPHIGH,36.6,13419
55011,WI,Buffalo,CANCER,10.2,13419
55011,WI,Buffalo,CHD,8.1,13419
55011,WI,Buffalo,COPD,7.8,13419
55011,WI,Buffalo,DIABETES,12.8,13419
55011,WI,Buffalo,OBESITY,39.6,13419
55011,WI,Buffalo,STROKE,3.9,13419
55013,WI,Burnett,ARTHRITIS,35.5,17092
55013,WI,Burnett,BPHIGH,41.2,17092
55013,WI,Burnett,CANCER,11.9,17092
55013,WI,Burnett,CHD,10.0,17092
55013,WI,Burnett,COPD,9.7,17092
55013,WI,Burnett,DIABETES,15.5,17092
55013,WI,Burnett,OBESITY,39.0,17092
55013,WI,Burnett,STROKE,4.9,17092
55015,WI,Calumet,ARTHRITIS,25.9,53199
55015,WI,Calumet,BPHIGH,31.0,53199
55015,WI,Calumet,CANCER,8.8,53199
55015,WI,Calumet,CHD,6.1,53199
55015,WI,Calumet,COPD,5.9,53199
55015,WI,Calumet,DIABETES,10.3,53199
55015,WI,Calumet,OBESITY,33.3,53199
55015,WI,Calumet,STROKE,3.0,53199
55017,WI,Chippewa,ARTHRITIS,28.3,66970
55017,WI,Chippewa,BPHIGH,34.7,66970
55017,WI,Chippewa,CANCER,9.2,66970
55017,WI,Chippewa,CHD,7.2,66970
55017,WI,Chippewa,COPD,7.2,66970
55017,WI,Chippewa,DIABETES,11.7,66970
55017,WI,Chippewa,OBESITY,41.7,66970
55017,WI,Chippewa,STROKE,3.6,66970
55019,WI,Clark,ARTHRITIS,28.8,34774
55019,WI,Clark,BPHIGH,33.7,34774
55019,WI,Clark,CANCER,8.8,34774
55019,WI,Clark,CHD,8.2,34774
55019,WI,Clark,COPD,9.0,34774
55019,WI,Clark,DIABETES,12.5,34774
55019,WI,Clark,OBESITY,37.9,34774
55019,WI,Clark,STROKE,4.1,34774
55021,WI,Columbia,ARTHRITIS,27.8,58091
55021,WI,Columbia,BPHIGH,32.8,58091
55021,WI,Columbia,CANCER,9.3,58091
55021,WI,Columbia,CHD,6.9,58091
55021,WI,Columbia,COPD,6.9,58091
55021,WI,Columbia,DIABETES,11.3,58091
55021,WI,Columbia,OBESITY,33.6,58091
55021,WI,Columbia,STROKE,3.4,58091
55023,WI,Crawford,ARTHRITIS,31.9,15944
55023,WI,Crawford,BPHIGH,38.5,15944
55023,WI,Crawford,CANCER,10.4,15944
55023,WI,Crawford,CHD,8.8,15944
55023,WI,Crawford,COPD,8.8,15944
55023,WI,Crawford,DIABETES,13.8,15944
55023,WI,Crawford,OBESITY,37.4,15944
55023,WI,Crawford,STROKE,4.4,15944
55025,WI,Dane,ARTHRITIS,19.5,575347
55025,WI,Dane,BPHIGH,25.6,575347
55025,WI,Dane,CANCER,7.2,575347
55025,WI,Dane,CHD,4.8,575347
55025,WI,Dane,COPD,4.4,575347
55025,WI,Dane,DIABETES,8.2,575347
55025,WI,Dane,OBESITY,32.4,575347
55025,WI,Dane,STROKE,2.4,575347
55027,WI,Dodge,ARTHRITIS,28.2,88231
55027,WI,Dodge,BPHIGH,33.4,88231
55027,WI,Dodge,CANCER,8.9,88231
55027,WI,Dodge,CHD,7.0,88231
55027,WI,Dodge,COPD,7.0,88231
55027,WI,Dodge,DIABETES,11.3,88231
55027,WI,Dodge,OBESITY,42.8,88231
55027,WI,Dodge,STROKE,3.5,88231
55029,WI,Door,ARTHRITIS,33.2,30562
55029,WI,Door,BPHIGH,38.8,30562
55029,WI,Door,CANCER,12.0,30562
55029,WI,Door,CHD,8.5,30562
55029,WI,Door,COPD,7.5,30562
55029,WI,Door,DIABETES,13.0,30562
55029,WI,Door,OBESITY,36.6,30562
55029,WI,Door,STROKE,4.1,30562
55031,WI,Douglas,ARTHRITIS,28.2,44264
55031,WI,Douglas,BPHIGH,35.5,44264
55031,WI,Douglas,CANCER,9.2,44264
55031,WI,Douglas,CHD,7.2,44264
55031,WI,Douglas,COPD,7.0,44264
55031,WI,Douglas,DIABETES,11.7,44264
55031,WI,Douglas,OBESITY,41.0,44264
55031,WI,Douglas,STROKE,3.5,44264
55033,WI,Dunn,ARTHRITIS,23.9,45794
55033,WI,Dunn,BPHIGH,29.9,45794
55033,WI,Dunn,CANCER,7.8,45794
55033,WI,Dunn,CHD,6.0,45794
55033,WI,Dunn,COPD,6.2,45794
55033,WI,Dunn,DIABETES,9.9,45794
55033,WI,Dunn,OBESITY,38.8,45794
55033,WI,Dunn,STROKE,3.0,45794
55035,WI,Eau Claire,ARTHRITIS,23.7,107903
55035,WI,Eau Claire,BPHIGH,29.0,107903
55035,WI,Eau Claire,CANCER,8.0,107903
55035,WI,Eau Claire,CHD,5.8,107903
55035,WI,Eau Claire,COPD,5.8,107903
55035,WI,Eau Claire,DIABETES,9.4,107903
55035,WI,Eau Claire,OBESITY,30.0,107903
55035,WI,Eau Claire,STROKE,2.9,107903
55037,WI,Florence,ARTHRITIS,34.5,4682
55037,WI,Florence,BPHIGH,40.7,4682
55037,WI,Florence,CANCER,11.8,4682
55037,WI,Florence,CHD,9.0,4682
55037,WI,Florence,COPD,8.5,4682
55037,WI,Florence,DIABETES,14.3,4682
55037,WI,Florence,OBESITY,37.5,4682
55037,WI,Florence,STROKE,4.3,4682
55039,WI,Fond du Lac,ARTHRITIS,28.9,103948
55039,WI,Fond du Lac,BPHIGH,34.4,103948
55039,WI,Fond du Lac,CANCER,8.9,103948
55039,WI,Fond du Lac,CHD,6.9,103948
55039,WI,Fond du Lac,COPD,6.9,103948
55039,WI,Fond du Lac,DIABETES,11.5,103948
55039,WI,Fond du Lac,OBESITY,43.8,103948
55039,WI,Fond du Lac,STROKE,3.5,103948
55041,WI,Forest,ARTHRITIS,35.3,9325
55041,WI,Forest,BPHIGH,43.2,9325
55041,WI,Forest,CANCER,10.8,9325
55041,WI,Forest,CHD,9.9,9325
55041,WI,Forest,COPD,10.2,9325
55041,WI,Forest,DIABETES,16.7,9325
55041,WI,Forest,OBESITY,46.0,9325
55041,WI,Forest,STROKE,5.0,9325
55043,WI,Grant,ARTHRITIS,26.1,51409
55043,WI,Grant,BPHIGH,31.7,51409
55043,WI,Grant,CANCER,8.5,51409
55043,WI,Grant,CHD,7.0,51409
55043,WI,Grant,COPD,7.3,51409
55043,WI,Grant,DIABETES,11.5,51409
55043,WI,Grant,OBESITY,40.9,51409
55043,WI,Grant,STROKE,3.5,51409
55045,WI,Green,ARTHRITIS,28.5,36951
55045,WI,Green,BPHIGH,35.9,36951
55045,WI,Green,CANCER,9.6,36951
55045,WI,Green,CHD,7.0,36951
55045,WI,Green,COPD,6.8,36951
55045,WI,Green,DIABETES,11.3,36951
55045,WI,Green,OBESITY,40.3,36951
55045,WI,Green,STROKE,3.5,36951
55047,WI,Green Lake,ARTHRITIS,32.4,19344
55047,WI,Green Lake,BPHIGH,37.8,19344
55047,WI,Green Lake,CANCER,10.2,19344
55047,WI,Green Lake,CHD,8.6,19344
55047,WI,Green Lake,COPD,8.8,19344
55047,WI,Green Lake,DIABETES,13.7,19344
55047,WI,Green Lake,OBESITY,40.4,19344
55047,WI,Green Lake,STROKE,4.3,19344
55049,WI,Iowa,ARTHRITIS,28.5,23956
55049,WI,Iowa,BPHIGH,33.3,23956
55049,WI,Iowa,CANCER,9.6,23956
55049,WI,Iowa,CHD,7.0,23956
55049,WI,Iowa,COPD,6.8,23956
55049,WI,Iowa,DIABETES,11.3,23956
55049,WI,Iowa,OBESITY,38.7,23956
55049,WI,Iowa,STROKE,3.4,23956
55051,WI,Iron,ARTHRITIS,35.0,6228
55051,WI,Iron,BPHIGH,39.6,6228
55051,WI,Iron,CANCER,12.3,6228
55051,WI,Iron,CHD,9.8,6228
55051,WI,Iron,COPD,9.1,6228
55051,WI,Iron,DIABETES,14.8,6228
55051,WI,Iron,OBESITY,34.7,6228
55051,WI,Iron,STROKE,4.7,6228
55053,WI,Jackson,ARTHRITIS,30.1,20855
55053,WI,Jackson,BPHIGH,38.1,20855
55053,WI,Jackson,CANCER,9.3,20855
55053,WI,Jackson,CHD,8.3,20855
55053,WI,Jackson,COPD,8.5,20855
55053,WI,Jackson,DIABETES,13.4,20855
55053,WI,Jackson,OBESITY,40.4,20855
55053,WI,Jackson,STROKE,4.1,20855
55055,WI,Jefferson,ARTHRITIS,26.2,85743
55055,WI,Jefferson,BPHIGH,31.1,85743
55055,WI,Jefferson,CANCER,8.7,85743
55055,WI,Jefferson,CHD,6.5,85743
55055,WI,Jefferson,COPD,6.4,85743
55055,WI,Jefferson,DIABETES,10.7,85743
55055,WI,Jefferson,OBESITY,40.7,85743
55055,WI,Jefferson,STROKE,3.2,85743
55057,WI,Juneau,ARTHRITIS,30.9,26594
55057,WI,Juneau,BPHIGH,39.7,26594
55057,WI,Juneau,CANCER,9.6,26594
55057,WI,Juneau,CHD,8.7,26594
55057,WI,Juneau,COPD,9.1,26594
55057,WI,Juneau,DIABETES,14.2,26594
55057,WI,Juneau,OBESITY,42.1,26594
55057,WI,Juneau,STROKE,4.3,26594
55059,WI,Kenosha,ARTHRITIS,27.5,167488
55059,WI,Kenosha,BPHIGH,33.6,167488
55059,WI,Kenosha,CANCER,8.1,167488
55059,WI,Kenosha,CHD,6.3,167488
55059,WI,Kenosha,COPD,6.5,167488
55059,WI,Kenosha,DIABETES,11.4,167488
55059,WI,Kenosha,OBESITY,40.1,167488
55059,WI,Kenosha,STROKE,3.2,167488
55061,WI,Kewaunee,ARTHRITIS,29.4,20690
55061,WI,Kewaunee,BPHIGH,35.4,20690
55061,WI,Kewaunee,CANCER,9.9,20690
55061,WI,Kewaunee,CHD,7.6,20690
55061,WI,Kewaunee,COPD,7.3,20690
55061,WI,Kewaunee,DIABETES,12.1,20690
55061,WI,Kewaunee,OBESITY,41.3,20690
55061,WI,Kewaunee,STROKE,3.7,20690
55063,WI,La Crosse,ARTHRITIS,25.4,120486
55063,WI,La Crosse,BPHIGH,30.0,120486
55063,WI,La Crosse,CANCER,8.2,120486
55063,WI,La Crosse,CHD,6.1,120486
55063,WI,La Crosse,COPD,6.0,120486
55063,WI,La Crosse,DIABETES,10.1,120486
55063,WI,La Crosse,OBESITY,37.5,120486
55063,WI,La Crosse,STROKE,3.0,120486
55065,WI,Lafayette,ARTHRITIS,30.0,16945
55065,WI,Lafayette,BPHIGH,36.4,16945
55065,WI,Lafayette,CANCER,9.5,16945
55065,WI,Lafayette,CHD,7.9,16945
55065,WI,Lafayette,COPD,8.0,16945
55065,WI,Lafayette,DIABETES,12.5,16945
55065,WI,Lafayette,OBESITY,41.9,16945
55065,WI,Lafayette,STROKE,3.9,16945
55067,WI,Langlade,ARTHRITIS,33.2,19404
55067,WI,Langlade,BPHIGH,39.2,19404
55067,WI,Langlade,CANCER,10.5,19404
55067,WI,Langlade,CHD,9.0,19404
55067,WI,Langlade,COPD,9.2,19404
55067,WI,Langlade,DIABETES,14.1,19404
55067,WI,Langlade,OBESITY,37.1,19404
55067,WI,Langlade,STROKE,4.5,19404
55069,WI,Lincoln,ARTHRITIS,33.4,28405
55069,WI,Lincoln,BPHIGH,38.4,28405
55069,WI,Lincoln,CANCER,10.1,28405
55069,WI,Lincoln,CHD,8.5,28405
55069,WI,Lincoln,COPD,8.5,28405
55069,WI,Lincoln,DIABETES,13.1,28405
55069,WI,Lincoln,OBESITY,42.8,28405
55069,WI,Lincoln,STROKE,4.1,28405
55071,WI,Manitowoc,ARTHRITIS,29.9,81331
55071,WI,Manitowoc,BPHIGH,36.9,81331
55071,WI,Manitowoc,CANCER,9.8,81331
55071,WI,Manitowoc,CHD,7.7,81331
55071,WI,Manitowoc,COPD,7.7,81331
55071,WI,Manitowoc,DIABETES,12.2,81331
55071,WI,Manitowoc,OBESITY,39.1,81331
55071,WI,Manitowoc,STROKE,3.8,81331
55073,WI,Marathon,ARTHRITIS,27.0,138612
55073,WI,Marathon,BPHIGH,34.4,138612
55073,WI,Marathon,CANCER,9.1,138612
55073,WI,Marathon,CHD,6.9,138612
55073,WI,Marathon,COPD,6.7,138612
55073,WI,Marathon,DIABETES,10.9,138612
55073,WI,Marathon,OBESITY,36.3,138612
55073,WI,Marathon,STROKE,3.4,138612
55075,WI,Marinette,ARTHRITIS,32.2,42106
55075,WI,Marinette,BPHIGH,38.2,42106
55075,WI,Marinette,CANCER,10.7,42106
55075,WI,Marinette,CHD,8.7,42106
55075,WI,Marinette,COPD,8.5,42106
55075,WI,Marinette,DIABETES,13.9,42106
55075,WI,Marinette,OBESITY,37.8,42106
55075,WI,Marinette,STROKE,4.2,42106
55077,WI,Marquette,ARTHRITIS,33.5,15838
55077,WI,Marquette,BPHIGH,40.6,15838
55077,WI,Marquette,CANCER,10.7,15838
55077,WI,Marquette,CHD,9.3,15838
55077,WI,Marquette,COPD,9.5,15838
55077,WI,Marquette,DIABETES,14.6,15838
55077,WI,Marquette,OBESITY,43.4,15838
55077,WI,Marquette,STROKE,4.6,15838
55078,WI,Menominee,ARTHRITIS,30.3,4226
55078,WI,Menominee,BPHIGH,38.9,4226
55078,WI,Menominee,CANCER,7.5,4226
55078,WI,Menominee,CHD,8.6,4226
55078,WI,Menominee,COPD,8.9,4226
55078,WI,Menominee,DIABETES,18.2,4226
55078,WI,Menominee,OBESITY,45.4,4226
55078,WI,Menominee,STROKE,5.0,4226
55079,WI,Milwaukee,ARTHRITIS,25.1,916205
55079,WI,Milwaukee,BPHIGH,35.2,916205
55079,WI,Milwaukee,CANCER,6.6,916205
55079,WI,Milwaukee,CHD,6.2,916205
55079,WI,Milwaukee,COPD,6.7,916205
55079,WI,Milwaukee,DIABETES,13.1,916205
55079,WI,Milwaukee,OBESITY,38.6,916205
55079,WI,Milwaukee,STROKE,3.6,916205
55081,WI,Monroe,ARTHRITIS,30.8,46151
55081,WI,Monroe,BPHIGH,36.0,46151
55081,WI,Monroe,CANCER,9.0,46151
55081,WI,Monroe,CHD,7.8,46151
55081,WI,Monroe,COPD,8.2,46151
55081,WI,Monroe,DIABETES,12.8,46151
55081,WI,Monroe,OBESITY,44.4,46151
55081,WI,Monroe,STROKE,3.9,46151
55083,WI,Oconto,ARTHRITIS,31.2,39775
55083,WI,Oconto,BPHIGH,37.1,39775
55083,WI,Oconto,CANCER,10.1,39775
55083,WI,Oconto,CHD,8.0,39775
55083,WI,Oconto,COPD,7.9,39775
55083,WI,Oconto,DIABETES,12.9,39775
55083,WI,Oconto,OBESITY,42.7,39775
55083,WI,Oconto,STROKE,3.9,39775
55085,WI,Oneida,ARTHRITIS,32.4,38226
55085,WI,Oneida,BPHIGH,39.1,38226
55085,WI,Oneida,CANCER,11.5,38226
55085,WI,Oneida,CHD,8.6,38226
55085,WI,Oneida,COPD,7.9,38226
55085,WI,Oneida,DIABETES,13.8,38226
55085,WI,Oneida,OBESITY,35.2,38226
55085,WI,Oneida,STROKE,4.1,38226
55087,WI,Outagamie,ARTHRITIS,26.8,193234
55087,WI,Outagamie,BPHIGH,33.3,193234
55087,WI,Outagamie,CANCER,8.3,193234
55087,WI,Outagamie,CHD,6.0,193234
55087,WI,Outagamie,COPD,5.9,193234
55087,WI,Outagamie,DIABETES,10.3,193234
55087,WI,Outagamie,OBESITY,36.6,193234
55087,WI,Outagamie,STROKE,3.0,193234
55089,WI,Ozaukee,ARTHRITIS,26.3,93460
55089,WI,Ozaukee,BPHIGH,30.3,93460
55089,WI,Ozaukee,CANCER,9.9,93460
55089,WI,Ozaukee,CHD,6.3,93460
55089,WI,Ozaukee,COPD,5.4,93460
55089,WI,Ozaukee,DIABETES,10.1,93460
55089,WI,Ozaukee,OBESITY,30.3,93460
55089,WI,Ozaukee,STROKE,3.0,93460
55091,WI,Pepin,ARTHRITIS,30.9,7441
55091,WI,Pepin,BPHIGH,36.3,7441
55091,WI,Pepin,CANCER,10.5,7441
55091,WI,Pepin,CHD,7.9,7441
55091,WI,Pepin,COPD,7.4,7441
55091,WI,Pepin,DIABETES,12.4,7441
55091,WI,Pepin,OBESITY,36.6,7441
55091,WI,Pepin,STROKE,3.8,7441
55093,WI,Pierce,ARTHRITIS,25.3,43026
55093,WI,Pierce,BPHIGH,30.8,43026
55093,WI,Pierce,CANCER,8.2,43026
55093,WI,Pierce,CHD,5.9,43026
55093,WI,Pierce,COPD,5.8,43026
55093,WI,Pierce,DIABETES,9.8,43026
55093,WI,Pierce,OBESITY,33.2,43026
55093,WI,Pierce,STROKE,2.9,43026
55095,WI,Polk,ARTHRITIS,31.2,45762
55095,WI,Polk,BPHIGH,36.1,45762
55095,WI,Polk,CANCER,10.0,45762
55095,WI,Polk,CHD,7.5,45762
55095,WI,Polk,COPD,7.3,45762
55095,WI,Polk,DIABETES,12.4,45762
55095,WI,Polk,OBESITY,35.6,45762
55095,WI,Polk,STROKE,3.8,45762
55097,WI,Portage,ARTHRITIS,24.4,71024
55097,WI,Portage,BPHIGH,29.0,71024
55097,WI,Portage,CANCER,8.3,71024
55097,WI,Portage,CHD,6.2,71024
55097,WI,Portage,COPD,6.1,71024
55097,WI,Portage,DIABETES,9.6,71024
55097,WI,Portage,OBESITY,35.1,71024
55097,WI,Portage,STROKE,3.1,71024
55099,WI,Price,ARTHRITIS,34.1,14102
55099,WI,Price,BPHIGH,40.1,14102
55099,WI,Price,CANCER,11.2,14102
55099,WI,Price,CHD,9.7,14102
55099,WI,Price,COPD,9.5,14102
55099,WI,Price,DIABETES,14.8,14102
55099,WI,Price,OBESITY,42.5,14102
55099,WI,Price,STROKE,4.7,14102
55101,WI,Racine,ARTHRITIS,28.2,196613
55101,WI,Racine,BPHIGH,34.6,196613
55101,WI,Racine,CANCER,8.5,196613
55101,WI,Racine,CHD,6.7,196613
55101,WI,Racine,COPD,6.7,196613
55101,WI,Racine,DIABETES,12.5,196613
55101,WI,Racine,OBESITY,42.3,196613
55101,WI,Racine,STROKE,3.5,196613
55103,WI,Richland,ARTHRITIS,31.8,17197
55103,WI,Richland,BPHIGH,37.2,17197
55103,WI,Richland,CANCER,10.3,17197
55103,WI,Richland,CHD,8.8,17197
55103,WI,Richland,COPD,8.9,17197
55103,WI,Richland,DIABETES,13.6,17197
55103,WI,Richland,OBESITY,37.5,17197
55103,WI,Richland,STROKE,4.4,17197
55105,WI,Rock,ARTHRITIS,27.0,164278
55105,WI,Rock,BPHIGH,33.4,164278
55105,WI,Rock,CANCER,8.5,164278
55105,WI,Rock,CHD,6.7,164278
55105,WI,Rock,COPD,6.8,164278
55105,WI,Rock,DIABETES,12.3,164278
55105,WI,Rock,OBESITY,41.9,164278
55105,WI,Rock,STROKE,3.4,164278
55107,WI,Rusk,ARTHRITIS,33.9,14143
55107,WI,Rusk,BPHIGH,39.7,14143
55107,WI,Rusk,CANCER,10.7,14143
55107,WI,Rusk,CHD,9.6,14143
55107,WI,Rusk,COPD,9.8,14143
55107,WI,Rusk,DIABETES,14.9,14143
55107,WI,Rusk,OBESITY,41.1,14143
55107,WI,Rusk,STROKE,4.7,14143
55109,WI,St. Croix,ARTHRITIS,24.7,96763
55109,WI,St. Croix,BPHIGH,32.0,96763
55109,WI,St. Croix,CANCER,8.7,96763
55109,WI,St. Croix,CHD,5.7,96763
55109,WI,St. Croix,COPD,5.5,96763
55109,WI,St. Croix,DIABETES,9.6,96763
55109,WI,St. Croix,OBESITY,36.3,96763
55109,WI,St. Croix,STROKE,2.9,96763
55111,WI,Sauk,ARTHRITIS,28.5,65920
55111,WI,Sauk,BPHIGH,34.0,65920
55111,WI,Sauk,CANCER,9.3,65920
55111,WI,Sauk,CHD,7.1,65920
55111,WI,Sauk,COPD,7.0,65920
55111,WI,Sauk,DIABETES,12.3,65920
55111,WI,Sauk,OBESITY,40.4,65920
55111,WI,Sauk,STROKE,3.5,65920
55113,WI,Sawyer,ARTHRITIS,34.1,18552
55113,WI,Sawyer,BPHIGH,41.4,18552
55113,WI,Sawyer,CANCER,11.2,18552
55113,WI,Sawyer,CHD,9.6,18552
55113,WI,Sawyer,COPD,9.3,18552
55113,WI,Sawyer,DIABETES,15.2,18552
55113,WI,Sawyer,OBESITY,34.3,18552
55113,WI,Sawyer,STROKE,4.8,18552
55115,WI,Shawano,ARTHRITIS,30.9,41109
55115,WI,Shawano,BPHIGH,35.9,41109
55115,WI,Shawano,CANCER,9.8,41109
55115,WI,Shawano,CHD,8.1,41109
55115,WI,Shawano,COPD,8.2,41109
55115,WI,Shawano,DIABETES,12.9,41109
55115,WI,Shawano,OBESITY,40.4,41109
55115,WI,Shawano,STROKE,4.1,41109
55117,WI,Sheboygan,ARTHRITIS,26.8,117752
55117,WI,Sheboygan,BPHIGH,35.4,117752
55117,WI,Sheboygan,CANCER,9.0,117752
55117,WI,Sheboygan,CHD,6.9,117752
55117,WI,Sheboygan,COPD,6.5,117752
55117,WI,Sheboygan,DIABETES,11.5,117752
55117,WI,Sheboygan,OBESITY,36.6,117752
55117,WI,Sheboygan,STROKE,3.4,117752
55119,WI,Taylor,ARTHRITIS,30.9,20058
55119,WI,Taylor,BPHIGH,37.3,20058
55119,WI,Taylor,CANCER,9.8,20058
55119,WI,Taylor,CHD,8.2,20058
55119,WI,Taylor,COPD,8.4,20058
55119,WI,Taylor,DIABETES,12.8,20058
55119,WI,Taylor,OBESITY,44.3,20058
55119,WI,Taylor,STROKE,4.1,20058
55121,WI,Trempealeau,ARTHRITIS,29.1,30899
55121,WI,Trempealeau,BPHIGH,35.3,30899
55121,WI,Trempealeau,CANCER,9.3,30899
55121,WI,Trempealeau,CHD,7.5,30899
55121,WI,Trempealeau,COPD,7.6,30899
55121,WI,Trempealeau,DIABETES,12.3,30899
55121,WI,Trempealeau,OBESITY,41.3,30899
55121,WI,Trempealeau,STROKE,3.7,30899
55123,WI,Vernon,ARTHRITIS,31.0,31170
55123,WI,Vernon,BPHIGH,36.5,31170
55123,WI,Vernon,CANCER,9.9,31170
55123,WI,Vernon,CHD,8.4,31170
55123,WI,Vernon,COPD,8.5,31170
55123,WI,Vernon,DIABETES,12.9,31170
55123,WI,Vernon,OBESITY,38.8,31170
55123,WI,Vernon,STROKE,4.1,31170
55125,WI,Vilas,ARTHRITIS,34.5,23885
55125,WI,Vilas,BPHIGH,41.6,23885
55125,WI,Vilas,CANCER,12.2,23885
55125,WI,Vilas,CHD,9.4,23885
55125,WI,Vilas,COPD,8.3,23885
55125,WI,Vilas,DIABETES,13.8,23885
55125,WI,Vilas,OBESITY,38.4,23885
55125,WI,Vilas,STROKE,4.4,23885
55127,WI,Walworth,ARTHRITIS,26.3,105822
55127,WI,Walworth,BPHIGH,32.7,105822
55127,WI,Walworth,CANCER,8.8,105822
55127,WI,Walworth,CHD,6.8,105822
55127,WI,Walworth,COPD,6.4,105822
55127,WI,Walworth,DIABETES,11.2,105822
55127,WI,Walworth,OBESITY,38.4,105822
55127,WI,Walworth,STROKE,3.3,105822
55129,WI,Washburn,ARTHRITIS,34.3,16930
55129,WI,Washburn,BPHIGH,40.4,16930
55129,WI,Washburn,CANCER,11.2,16930
55129,WI,Washburn,CHD,9.2,16930
55129,WI,Washburn,COPD,8.9,16930
55129,WI,Washburn,DIABETES,14.4,16930
55129,WI,Washburn,OBESITY,35.6,16930
55129,WI,Washburn,STROKE,4.5,16930
55131,WI,Washington,ARTHRITIS,26.1,138168
55131,WI,Washington,BPHIGH,32.9,138168
55131,WI,Washington,CANCER,9.6,138168
55131,WI,Washington,CHD,6.5,138168
55131,WI,Washington,COPD,5.9,138168
55131,WI,Washington,DIABETES,10.5,138168
55131,WI,Washington,OBESITY,36.4,138168
55131,WI,Washington,STROKE,3.2,138168
55133,WI,Waukesha,ARTHRITIS,26.5,412591
55133,WI,Waukesha,BPHIGH,33.6,412591
55133,WI,Waukesha,CANCER,9.6,412591
55133,WI,Waukesha,CHD,6.2,412591
55133,WI,Waukesha,COPD,5.2,412591
55133,WI,Waukesha,DIABETES,10.5,412591
55133,WI,Waukesha,OBESITY,33.4,412591
55133,WI,Waukesha,STROKE,2.9,412591
55135,WI,Waupaca,ARTHRITIS,30.8,51388
55135,WI,Waupaca,BPHIGH,36.7,51388
55135,WI,Waupaca,CANCER,9.5,51388
55135,WI,Waupaca,CHD,7.7,51388
55135,WI,Waupaca,COPD,7.8,51388
55135,WI,Waupaca,DIABETES,13.1,51388
55135,WI,Waupaca,OBESITY,38.2,51388
55135,WI,Waupaca,STROKE,3.8,51388
55137,WI,Waushara,ARTHRITIS,32.1,24934
55137,WI,Waushara,BPHIGH,39.1,24934
55137,WI,Waushara,CANCER,10.5,24934
55137,WI,Waushara,CHD,8.9,24934
55137,WI,Waushara,COPD,8.7,24934
55137,WI,Waushara,DIABETES,14.4,24934
55137,WI,Waushara,OBESITY,39.7,24934
55137,WI,Waushara,STROKE,4.4,24934
55139,WI,Winnebago,ARTHRITIS,27.2,171735
55139,WI,Winnebago,BPHIGH,32.4,171735
55139,WI,Winnebago,CANCER,8.4,171735
55139,WI,Winnebago,CHD,6.3,171735
55139,WI,Winnebago,COPD,6.4,171735
55139,WI,Winnebago,DIABETES,11.2,171735
55139,WI,Winnebago,OBESITY,40.0,171735
55139,WI,Winnebago,STROKE,3.2,171735
55141,WI,Wood,ARTHRITIS,30.1,73939
55141,WI,Wood,BPHIGH,35.9,73939
55141,WI,Wood,CANCER,9.6,73939
55141,WI,Wood,CHD,7.8,73939
55141,WI,Wood,COPD,7.7,73939
55141,WI,Wood,DIABETES,12.6,73939
55141,WI,Wood,OBESITY,40.0,73939
55141,WI,Wood,STROKE,3.9,73939
56001,WY,Albany,ARTHRITIS,18.6,38257
56001,WY,Albany,BPHIGH,25.4,38257
56001,WY,Albany,CANCER,6.2,38257
56001,WY,Albany,CHD,4.7,38257
56001,WY,Albany,COPD,5.1,38257
56001,WY,Albany,DIABETES,7.5,38257
56001,WY,Albany,OBESITY,27.0,38257
56001,WY,Albany,STROKE,2.4,38257
56003,WY,Big Horn,ARTHRITIS,28.8,12018
56003,WY,Big Horn,BPHIGH,35.7,12018
56003,WY,Big Horn,CANCER,9.9,12018
56003,WY,Big Horn,CHD,8.2,12018
56003,WY,Big Horn,COPD,8.8,12018
56003,WY,Big Horn,DIABETES,12.6,12018
56003,WY,Big Horn,OBESITY,33.8,12018
56003,WY,Big Horn,STROKE,4.0,12018
56005,WY,Campbell,ARTHRITIS,23.6,47498
56005,WY,Campbell,BPHIGH,29.6,47498
56005,WY,Campbell,CANCER,7.7,47498
56005,WY,Campbell,CHD,5.6,47498
56005,WY,Campbell,COPD,6.6,47498
56005,WY,Campbell,DIABETES,9.9,47498
56005,WY,Campbell,OBESITY,35.9,47498
56005,WY,Campbell,STROKE,2.9,47498
56007,WY,Carbon,ARTHRITIS,25.8,14334
56007,WY,Carbon,BPHIGH,34.6,14334
56007,WY,Carbon,CANCER,8.9,14334
56007,WY,Carbon,CHD,7.4,14334
56007,WY,Carbon,COPD,8.0,14334
56007,WY,Carbon,DIABETES,12.9,14334
56007,WY,Carbon,OBESITY,38.6,14334
56007,WY,Carbon,STROKE,3.8,14334
56009,WY,Converse,ARTHRITIS,27.0,13809
56009,WY,Converse,BPHIGH,34.3,13809
56009,WY,Converse,CANCER,9.2,13809
56009,WY,Converse,CHD,7.1,13809
56009,WY,Converse,COPD,7.8,13809
56009,WY,Converse,DIABETES,11.5,13809
56009,WY,Converse,OBESITY,37.3,13809
56009,WY,Converse,STROKE,3.6,13809
56011,WY,Crook,ARTHRITIS,29.4,7592
56011,WY,Crook,BPHIGH,34.4,7592
56011,WY,Crook,CANCER,10.7,7592
56011,WY,Crook,CHD,7.3,7592
56011,WY,Crook,COPD,7.5,7592
56011,WY,Crook,DIABETES,11.5,7592
56011,WY,Crook,OBESITY,32.6,7592
56011,WY,Crook,STROKE,3.6,7592
56013,WY,Fremont,ARTHRITIS,26.1,39815
56013,WY,Fremont,BPHIGH,35.4,39815
56013,WY,Fremont,CANCER,9.2,39815
56013,WY,Fremont,CHD,7.6,39815
56013,WY,Fremont,COPD,8.3,39815
56013,WY,Fremont,DIABETES,12.4,39815
56013,WY,Fremont,OBESITY,33.9,39815
56013,WY,Fremont,STROKE,3.9,39815
56015,WY,Goshen,ARTHRITIS,29.2,12642
56015,WY,Goshen,BPHIGH,35.8,12642
56015,WY,Goshen,CANCER,10.2,12642
56015,WY,Goshen,CHD,8.0,12642
56015,WY,Goshen,COPD,8.1,12642
56015,WY,Goshen,DIABETES,12.3,12642
56015,WY,Goshen,OBESITY,36.8,12642
56015,WY,Goshen,STROKE,3.9,12642
56017,WY,Hot Springs,ARTHRITIS,33.2,4661
56017,WY,Hot Springs,BPHIGH,39.1,4661
56017,WY,Hot Springs,CANCER,12.0,4661
56017,WY,Hot Springs,CHD,9.7,4661
56017,WY,Hot Springs,COPD,9.9,4661
56017,WY,Hot Springs,DIABETES,14.5,4661
56017,WY,Hot Springs,OBESITY,35.1,4661
56017,WY,Hot Springs,STROKE,4.8,4661
56019,WY,Johnson,ARTHRITIS,30.8,8759
56019,WY,Johnson,BPHIGH,37.1,8759
56019,WY,Johnson,CANCER,11.4,8759
56019,WY,Johnson,CHD,8.8,8759
56019,WY,Johnson,COPD,8.9,8759
56019,WY,Johnson,DIABETES,13.1,8759
56019,WY,Johnson,OBESITY,35.6,8759
56019,WY,Johnson,STROKE,4.3,8759
56021,WY,Laramie,ARTHRITIS,24.6,100984
56021,WY,Laramie,BPHIGH,30.3,100984
56021,WY,Laramie,CANCER,8.6,100984
56021,WY,Laramie,CHD,5.9,100984
56021,WY,Laramie,COPD,6.6,100984
56021,WY,Laramie,DIABETES,10.5,100984
56021,WY,Laramie,OBESITY,33.8,100984
56021,WY,Laramie,STROKE,3.1,100984
56023,WY,Lincoln,ARTHRITIS,26.8,20880
56023,WY,Lincoln,BPHIGH,34.5,20880
56023,WY,Lincoln,CANCER,9.7,20880
56023,WY,Lincoln,CHD,6.8,20880
56023,WY,Lincoln,COPD,7.3,20880
56023,WY,Lincoln,DIABETES,11.4,20880
56023,WY,Lincoln,OBESITY,35.4,20880
56023,WY,Lincoln,STROKE,3.5,20880
56025,WY,Natrona,ARTHRITIS,24.7,79941
56025,WY,Natrona,BPHIGH,30.2,79941
56025,WY,Natrona,CANCER,8.6,79941
56025,WY,Natrona,CHD,6.2,79941
56025,WY,Natrona,COPD,7.1,79941
56025,WY,Natrona,DIABETES,11.1,79941
56025,WY,Natrona,OBESITY,36.6,79941
56025,WY,Natrona,STROKE,3.2,79941
56027,WY,Niobrara,ARTHRITIS,30.9,2354
56027,WY,Niobrara,BPHIGH,36.4,2354
56027,WY,Niobrara,CANCER,10.7,2354
56027,WY,Niobrara,CHD,8.7,2354
56027,WY,Niobrara,COPD,9.5,2354
56027,WY,Niobrara,DIABETES,13.0,2354
56027,WY,Niobrara,OBESITY,36.3,2354
56027,WY,Niobrara,STROKE,4.4,2354
56029,WY,Park,ARTHRITIS,29.2,30735
56029,WY,Park,BPHIGH,34.0,30735
56029,WY,Park,CANCER,10.8,30735
56029,WY,Park,CHD,7.4,30735
56029,WY,Park,COPD,7.3,30735
56029,WY,Park,DIABETES,11.7,30735
56029,WY,Park,OBESITY,31.5,30735
56029,WY,Park,STROKE,3.7,30735
56031,WY,Platte,ARTHRITIS,31.7,8546
56031,WY,Platte,BPHIGH,38.7,8546
56031,WY,Platte,CANCER,11.2,8546
56031,WY,Platte,CHD,9.0,8546
56031,WY,Platte,COPD,9.1,8546
56031,WY,Platte,DIABETES,13.5,8546
56031,WY,Platte,OBESITY,35.8,8546
56031,WY,Platte,STROKE,4.4,8546
56033,WY,Sheridan,ARTHRITIS,27.3,32519
56033,WY,Sheridan,BPHIGH,34.0,32519
56033,WY,Sheridan,CANCER,10.1,32519
56033,WY,Sheridan,CHD,7.0,32519
56033,WY,Sheridan,COPD,7.1,32519
56033,WY,Sheridan,DIABETES,10.9,32519
56033,WY,Sheridan,OBESITY,30.6,32519
56033,WY,Sheridan,STROKE,3.5,32519
56035,WY,Sublette,ARTHRITIS,28.9,8969
56035,WY,Sublette,BPHIGH,34.4,8969
56035,WY,Sublette,CANCER,10.7,8969
56035,WY,Sublette,CHD,7.3,8969
56035,WY,Sublette,COPD,7.0,8969
56035,WY,Sublette,DIABETES,11.2,8969
56035,WY,Sublette,OBESITY,33.3,8969
56035,WY,Sublette,STROKE,3.6,8969
56037,WY,Sweetwater,ARTHRITIS,23.8,41249
56037,WY,Sweetwater,BPHIGH,31.1,41249
56037,WY,Sweetwater,CANCER,8.0,41249
56037,WY,Sweetwater,CHD,6.2,41249
56037,WY,Sweetwater,COPD,7.0,41249
56037,WY,Sweetwater,DIABETES,11.1,41249
56037,WY,Sweetwater,OBESITY,36.3,41249
56037,WY,Sweetwater,STROKE,3.2,41249
56039,WY,Teton,ARTHRITIS,22.1,23232
56039,WY,Teton,BPHIGH,27.0,23232
56039,WY,Teton,CANCER,8.8,23232
56039,WY,Teton,CHD,5.0,23232
56039,WY,Teton,COPD,4.5,23232
56039,WY,Teton,DIABETES,8.4,23232
56039,WY,Teton,OBESITY,24.0,23232
56039,WY,Teton,STROKE,2.4,23232
56041,WY,Uinta,ARTHRITIS,25.3,20745
56041,WY,Uinta,BPHIGH,31.6,20745
56041,WY,Uinta,CANCER,8.9,20745
56041,WY,Uinta,CHD,6.5,20745
56041,WY,Uinta,COPD,7.2,20745
56041,WY,Uinta,DIABETES,11.0,20745
56041,WY,Uinta,OBESITY,34.4,20745
56041,WY,Uinta,STROKE,3.3,20745
56043,WY,Washakie,ARTHRITIS,30.4,7710
56043,WY,Washakie,BPHIGH,36.1,7710
56043,WY,Washakie,CANCER,10.3,7710
56043,WY,Washakie,CHD,8.5,7710
56043,WY,Washakie,COPD,8.9,7710
56043,WY,Washakie,DIABETES,13.7,7710
56043,WY,Washakie,OBESITY,33.3,7710
56043,WY,Washakie,STROKE,4.3,7710
56045,WY,Weston,ARTHRITIS,28.9,6808
56045,WY,Weston,BPHIGH,34.6,6808
56045,WY,Weston,CANCER,9.7,6808
56045,WY,Weston,CHD,7.9,6808
56045,WY,Weston,COPD,8.2,6808
56045,WY,Weston,DIABETES,12.6,6808
56045,WY,Weston,OBESITY,35.7,6808
56045,WY,Weston,STROKE,3.9,6808
