name,county,city,state,zip,phone,website,facebook,twitter,has_email,address
Autauga County Health Department,Autauga,Prattville,AL,36067,(334) 850-6001,http://www.alabamapublichealth.gov/autauga/index.html,https://www.facebook.com/Autauga-County-Health-Department-344912558993384/,,True,"219 N Court ST Prattville, AL 36067-3003"
Baldwin County Health Department,Baldwin,Robertsdale,AL,36567,(251) 947-1645,http://www.alabamapublichealth.gov/baldwin/index.html,https://www.facebook.com/BaldwinCHD,https://twitter.com/BaldwinEMA,True,"PO BOX 369 Robertsdale, AL 36567-0369"
Barbour County Health Department,Barbour,Eufaula,AL,36072,(334) 687-4808,http://www.alabamapublichealth.gov/barbour/index.html,https://www.facebook.com/Barbour-County-Health-Department-330166737141764/?fref=ts,,True,"PO BOX 238 Eufaula, AL 36072-0238"
Bibb County Health Department,Bibb,Centreville,AL,35042,(205) 926-9702,http://www.alabamapublichealth.gov/bibb/index.html,https://www.facebook.com/BibbCHD,,True,"281 Alexander Ave Centreville, AL 35042-2953"
Blount County Health Department,Blount,Oneonta,AL,35121,(256) 547-6311,http://www.alabamapublichealth.gov/blount/index.html,https://www.facebook.com/BlountCHD,,True,"1001 Lincoln Ave Oneonta, AL 35121-2533"
Bullock County Health Department,Bullock,Springs,AL,36089,(334) 850-6001,http://www.alabamapublichealth.gov/bullock/index.html,https://www.facebook.com/Bullock-County-Health-Department-1479182995662986/,https://twitter.com/alpublichealth,True,"674 Hicks Industrial Blvd Union Springs, AL 36089-7332"
Butler County Health Department,Butler,Greenville,AL,36037,(334) 687-4808,http://www.alabamapublichealth.gov/butler/index.html,https://www.facebook.com/ButlerCHD,,True,"350 Airport Rd Greenville, AL 36037-8822"
Calhoun County Health Department,Calhoun,Anniston,AL,36201,(256) 547-6311,http://www.alabamapublichealth.gov/calhoun/index.html,https://www.facebook.com/CalhounCHD,https://twitter.com/annistonalgov,True,"3400 Mcclellan Blvd Anniston, AL 36201-2128"
Chambers County Health Department,Chambers,Valley,AL,36854,(334) 756-0758,http://www.alabamapublichealth.gov/chambers/index.html,https://www.facebook.com/ChambersCHD,,True,"5 Medical Park Valley, AL 36854-3665"
Cherokee County Health Department,Cherokee,Centre,AL,35960,(256) 927-3132,http://www.alabamapublichealth.gov/cherokee/index.html,https://www.facebook.com/CherokeeCHD,https://twitter.com/cherokee_ema,True,"833 Cedar Bluff Rd Centre, AL 35960-1005"
Chilton County Health Department,Chilton,Clanton,AL,35045,(205) 554-4500,http://www.alabamapublichealth.gov/chilton/index.html,https://www.facebook.com/ChiltonCHD,,True,"301 Health Center Dr Clanton, AL 35045-2349"
Choctaw County Health Department,Choctaw,Butler,AL,36904,(251) 947-1645,http://www.alabamapublichealth.gov/choctaw/index.html,https://www.facebook.com/Choctaw-County-Health-Department-1510747159203888/,,True,"1001 S Mulberry Ave Butler, AL 36904-2813"
Clarke County Health Department,Clarke,Hill,AL,36451,(251) 275-3772,http://www.alabamapublichealth.gov/clarke/index.html,https://www.facebook.com/ClarkeCHD/?fref=ts,,True,"PO BOX 477 Grove Hill, AL 36451-0477"
Clay County Health Department,Clay,Lineville,AL,36266,(256) 396-6421,http://www.alabamapublichealth.gov/clay/index.html,https://www.facebook.com/ClayCHD,,True,"86892 Highway 9 Lineville, AL 36266-6949"
Cleburne County Health Department,Cleburne,Heflin,AL,36264,(256) 463-2296,http://www.alabamapublichealth.gov/cleburne/index.html,https://www.facebook.com/CleburneCHD,,True,"90 Brockford Rd Heflin, AL 36264-1677"
Coffee County Health Department,Coffee,Enterprise,AL,36330,(334) 347-9574,http://www.alabamapublichealth.gov/coffee/index.html,https://www.facebook.com/CoffeeCHD/,,True,"2841 Neil Metcalf Rd Enterprise, AL 36330-8003"
Colbert County Health Department,Colbert,Sheffield,AL,35660,(256) 383-1231,http://www.alabamapublichealth.gov/colbert/,https://www.facebook.com/ColbertCHD,,True,"1000 S Jackson Hwy Sheffield, AL 35660-5761"
Conecuh County Health Department,Conecuh,Evergreen,AL,36401,(251) 947-1645,http://www.alabamapublichealth.gov/conecuh/index.html,https://www.facebook.com/ConecuhCHD,,True,"102 Wild Ave Evergreen, AL 36401-2134"
Coosa County Health Department,Coosa,Rockford,AL,35136,(334) 850-6001,http://www.alabamapublichealth.gov/coosa/index.html,,,True,"9518 U.S. Highway 231 Rockford, AL 35136"
Covington Health Department,Covington,Andalusia,AL,36420,(334) 222-1175,http://www.alabamapublichealth.gov/covington/index.html,https://www.facebook.com/CovingtonCHD,,True,"23989 Al Highway 55 Andalusia, AL 36420-5470"
Crenshaw County Health Department,Crenshaw,Luverne,AL,36049,(334) 335-2471,http://www.alabamapublichealth.gov/crenshaw/index.html,https://www.facebook.com/CrenshawCHD,,True,"15 Hospital Dr Luverne, AL 36049-7341"
Cullman County Health Department,Cullman,Cullman,AL,35055,(256) 340-2113,http://www.alabamapublichealth.gov/cullman/index.html,https://www.facebook.com/CullmanCHD,,True,"601 Logan Ave Sw Cullman, AL 35055-4520"
Dale County Health Department,Dale,Ozark,AL,36360,(334) 687-4808,http://www.alabamapublichealth.gov/dale/index.html,https://www.facebook.com/DaleCHD,,True,"532 W Roy Parker Rd Ozark, AL 36360-1006"
Dallas County Health Department,Dallas,Selma,AL,36701,(334) 874-2550,http://www.alabamapublichealth.gov/dallas/index.html,https://www.facebook.com/DallasCHD,,True,"100 Samuel O Moseley Dr Selma, AL 36701-6729"
DeKalb County Health Department,DeKalb,Payne,AL,35967,(256) 845-1931,http://www.alabamapublichealth.gov/dekalb/index.html,https://www.facebook.com/DeKalbCHD,,True,"2401 Calvin Dr Sw Fort Payne, AL 35967-1100"
East Central District - Alabama Public Health,East Central District - Alabama,Montgomery,AL,36108,(334) 293-6400,http://www.alabamapublichealth.gov,,,True,"3060 Mobile Hwy Montgomery, AL 36108-4027"
Elmore County Health Department,Elmore,Wetumpka,AL,36092,(334) 293-6400,http://www.alabamapublichealth.gov/elmore/index.html,https://www.facebook.com/ElmoreCHD,,True,"6501 Us Highway 231 Wetumpka, AL 36092-2837"
Escambia County Health Department,Escambia,Brewton,AL,36426,(251) 947-1645,http://www.alabamapublichealth.gov/escambia/index.html,https://www.facebook.com/ECountyHD/,,True,"1115 Azalea Pl Brewton, AL 36426-1318"
Etowah County Health Department,Etowah,Payne,AL,35967,(256) 547-6311,http://www.alabamapublichealth.gov/etowah/index.html,https://www.facebook.com/EtowahCHD,,True,"2401 Calvin DR SW Fort Payne, AL 35967-1100"
Fayette County Health Department,Fayette,Fayette,AL,35555,(205) 932-5260,http://www.alabamapublichealth.gov/fayette/index.html,https://www.facebook.com/FayetteCHD,,True,"215 1St Ave Nw Fayette, AL 35555-2331"
Franklin County Health Department,Franklin,Russellville,AL,35653,(256) 340-2113,http://www.alabamapublichealth.gov/franklin/index.html,https://www.facebook.com/FranklinCountyHD,,True,"PO Box 100 Russellville, AL 35653-0100"
Geneva County Health Department,Geneva,Hartford,AL,36344,(334) 684-2256,http://www.alabamapublichealth.gov/geneva/index.html,https://www.facebook.com/GenevaCHD/,,True,"300 County Road 41 Hartford, AL 36344-5177"
Greene County Health Department,Greene,Eutaw,AL,35462,(205) 372-9361,http://www.alabamapublichealth.gov/greene/index.html,https://www.facebook.com/Greene-County-Health-Department-882421425103622/,,True,"412 Morrow Ave Eutaw, AL 35462-1109"
Hale County Health Department,Hale,Greensboro,AL,36744,(334) 624-3018,http://www.alabamapublichealth.gov/hale/index.html,https://www.facebook.com/Hale-County-Health-Department-1553933844819271/?fref=ts,,True,"670 Hall St Greensboro, AL 36744-2516"
Henry County Health Department,Henry,Abbeville,AL,36310,(334) 585-2660,http://www.alabamapublichealth.gov/henry/index.html,https://www.facebook.com/HenryCountyHD/,,True,"PO BOX 86 Abbeville, AL 36310-0086"
Houston County Health Department,Houston,Dothan,AL,36302,(334) 678-2800,http://www.alabamapublichealth.gov/houston/index.html,https://www.facebook.com/HoustonCHD/,,True,"PO Box 2087 Dothan, AL 36302-2087"
Jackson County Health Department,Jackson,Scottsboro,AL,35769,(256) 259-4161,http://www.alabamapublichealth.gov/jackson/index.html,https://www.facebook.com/JacksonCountyHealth/,,True,"204 Liberty Ln Scottsboro, AL 35769-4133"
Jefferson County Department of Health/Alabama Public Health Jefferson District,Jefferson County Department of Health/Alabama Public Health Jefferson,Birmingham,AL,35202,(205) 933-9110,https://www.jcdh.org/,https://www.facebook.com/JeffersonCountyDepartmentOfHealth/,https://twitter.com/jcdhtweets,True,"PO BOX 2648 Birmingham, AL 35202-2648"
Lamar County Health Department,Lamar,Vernon,AL,35592,(205) 695-9195,http://www.alabamapublichealth.gov/lamar/index.html,https://www.facebook.com/LamarCHD,,True,"PO Box 548 Vernon, AL 35592-0548"
Lauderdale County Health Department,Lauderdale,Florence,AL,35630,(256) 764-7453,http://www.alabamapublichealth.gov/lauderdale/index.html,https://www.facebook.com/LauderdaleCHD,,True,"4112 Chisholm Rd Florence, AL 35630-7345"
Lawrence County Health Department,Lawrence,Moulton,AL,35650,(256) 974-1141,http://www.alabamapublichealth.gov/lawrence/index.html,https://www.facebook.com/LawrenceCHD/,,True,"PO BOX 308 Moulton, AL 35650-0308"
Lee County Health Department,Lee,Opelika,AL,36801,(334) 745-5765,http://www.alabamapublichealth.gov/lee/index.html,https://www.facebook.com/LeeCountyHD/,,True,"1801 Corporate Dr Opelika, AL 36801-6861"
Limestone County Health Department,Limestone,Athens,AL,35611,(256) 232-3200,http://www.alabamapublichealth.gov/limestone/index.html,https://www.facebook.com/LimestoneCHD,,True,"20371 Clyde Mabry Dr Athens, AL 35611-6764"
Lowndes County Health Department,Lowndes,Hayneville,AL,36040,(334) 548-2564,http://www.alabamapublichealth.gov/lowndes/index.html,https://www.facebook.com/LowndesCHD/,,True,"507 E Tuskeena St Hayneville, AL 36040-2666"
Macon County Health Department,Macon,Tuskegee,AL,36083,(334) 727-1800,http://www.alabamapublichealth.gov/macon/index.html,https://www.facebook.com/MaconCHD/,,True,"812 Hospital Rd Tuskegee, AL 36083-1541"
Madison County Health Department,Madison,Huntsville,AL,35810,(256) 539-3711,http://www.alabamapublichealth.gov/madison/index.html,https://www.facebook.com/pages/MadisonCountyHealth,,True,"PO Box 17708 Huntsville, AL 35810-7708"
Marengo County Health Department,Marengo,Linden,AL,36748,(334) 295-4205,http://www.alabamapublichealth.gov/marengo/index.html,https://www.facebook.com/MarengoCHD/,,True,"303 Industrial Dr Linden, AL 36748-2002"
Marion County Health Department,Marion,Hamilton,AL,35570,(205) 921-3118,http://www.alabamapublichealth.gov/marion/index.html,https://www.facebook.com/MarionCountyHD,,True,"2448 Military St S Hamilton, AL 35570-6673"
Marshall County Health Department,Marshall,Guntersville,AL,35976,(256) 582-3174,http://www.alabamapublichealth.gov/marshall/index.html,https://www.facebook.com/MarshallCHD/,,True,"150 Judy Smith Dr Guntersville, AL 35976-4500"
Mobile County Health Department,Mobile,Mobile,AL,36603,(251) 690-8158,http://mchd.org,https://www.facebook.com/ILoveMCHD,https://twitter.com/ILoveMCHD,True,"251 N Bayou St Mobile, AL 36603-1699"
Monroe County Health Department,Monroe,Monroeville,AL,36460,(251) 575-3109,http://www.alabamapublichealth.gov/monroe/index.html,https://www.facebook.com/MonroeCHD,,True,"416 Agriculture Dr Monroeville, AL 36460-8686"
Montgomery County Health Department,Montgomery,Montgomery,AL,36108,(334) 293-6400,http://www.alabamapublichealth.gov/montgomery/index.html,https://www.facebook.com/MontgomeryCHD/,,True,"3060 Mobile Hwy Montgomery, AL 36108-4027"
Morgan County Health Department,Morgan,Decatur,AL,35603,(256) 353-7021,http://www.alabamapublichealth.gov/morgan/index.html,https://www.facebook.com/MorganCHD/,,True,"3821 Us Highway 31 S Decatur, AL 35603-1637"
Northeastern District - Alabama Public Health,Northeastern District - Alabama,Gadsden,AL,35903,(256) 547-6311,http://www.alabamapublichealth.gov,,,True,"709 E Broad St Gadsden, AL 35903-2452"
Northern District - Alabama Public Health,Northern District - Alabama,Decatur,AL,35603,(256) 340-2113,http://www.alabamapublichealth.gov,,,True,"3821 US Highway 31 S Decatur, AL 35603-1637"
Perry County Health Department,Perry,Marion,AL,36756,(334) 683-6153,http://www.alabamapublichealth.gov/perry/index.html,https://www.facebook.com/PerryCHD,,True,"1748 S Washington St Marion, AL 36756-3406"
Pickens County Health Department,Pickens,Carrollton,AL,35447,(205) 367-8157,http://www.alabamapublichealth.gov/pickens/index.html,https://www.facebook.com/Pickens-County-Health-Department-866888973343298/?fref=ts,,True,"80 William E Hill Dr Carrollton, AL 35447-3231"
Pike County Health Department,Pike,Troy,AL,36081,(334) 566-2860,http://www.alabamapublichealth.gov/pike/index.html,https://www.facebook.com/PikeCHD/,,True,"900 S Franklin Dr Troy, AL 36081-3812"
Randolph County Health Department,Randolph,Roanoke,AL,36274,(334) 863-8981,http://www.alabamapublichealth.gov/randolph/index.html,https://www.facebook.com/RandolphCHD,,True,"320 Main St Roanoke, AL 36274-1436"
Russell County Health Department,Russell,City,AL,36867,(334) 297-0251,http://www.alabamapublichealth.gov/russell/index.html,https://www.facebook.com/RussellCHD,,True,"1850 Crawford Rd Phenix City, AL 36867-4222"
Shelby County Department of Health,Shelby,Pelham,AL,35124,(205) 664-2470,http://www.alabamapublichealth.gov/shelby/index.html,https://www.facebook.com/ShelbyCHD/,,True,"PO BOX 846 Pelham, AL 35124-0846"
Southeastern District - Alabama Public Health,Southeastern District - Alabama,Dothan,AL,36302,(334) 792-9070,http://www.alabamapublichealth.gov,,,True,"PO Box 2087 Dothan, AL 36302-2087"
Southwestern District - Alabama Public Health,Southwestern District - Alabama,Brewton,AL,36426,(251) 947-1645,http://www.alabamapublichealth.gov,,,True,"1115 Azalea Pl Brewton, AL 36426-1318"
St. Clair County Health Department,St. Clair,City,AL,35125,(205) 338-3357,http://www.alabamapublichealth.gov/stclair/index.html,https://www.facebook.com/StClairCHD,,True,"PO BOX 627 Pell City, AL 35125-0627"
Sumter County Health Department,Sumter,Livingston,AL,35470,(205) 652-7972,http://www.alabamapublichealth.gov/sumter/index.html,https://www.facebook.com/SumterCHD/,,True,"1121 N Washington St Livingston, AL 35470-5415"
Talladega County Health Department,Talladega,Talladega,AL,35161,(256) 362-2593,http://www.alabamapublichealth.gov/talladega/index.html,https://www.facebook.com/TalladegaCHD,,True,"PO Box 455 Talladega, AL 35161-0455"
Tallapoosa County Health Department,Tallapoosa,City,AL,35010,(256) 329-0531,http://www.alabamapublichealth.gov/tallapoosa/index.html,https://www.facebook.com/TallapoosaCHD,,True,"2078 Sportplex Blvd Alexander City, AL 35010-4472"
Tuscaloosa County Health Department,Tuscaloosa,Tuscaloosa,AL,35405,(205) 562-6900,http://www.alabamapublichealth.gov/tuscaloosa/index.html,https://www.facebook.com/TuscaloosaCHD,,True,"2350 Hargrove Rd E Tuscaloosa, AL 35405-2612"
Walker County Health Department,Walker,Jasper,AL,35501,(205) 221-9775,http://www.alabamapublichealth.gov/walker/index.html,https://www.facebook.com/WalkerCHD,,True,"705 20th Ave E Jasper, AL 35501-4071"
Washington County Health Department,Washington,Chatom,AL,36518,(251) 847-2245,http://www.alabamapublichealth.gov/washington/index.html,https://www.facebook.com/Washington-County-Health-Department-492546657554501/?fref=ts,,True,"14900 Saint Stephens Ave Chatom, AL 36518-6715"
West Central District - Alabama Public Health,West Central District - Alabama,Tuscaloosa,AL,35405,(205) 554-4500,http://www.alabamapublichealth.gov,,,True,"2350 Hargrove Rd E Tuscaloosa, AL 35405-2612"
Wilcox County Health Department,Wilcox,Camden,AL,36726,(334) 682-4515,http://www.alabamapublichealth.gov/wilcox/index.html,https://www.facebook.com/Wilcox-County-Health-Department-328419027349880/,,True,"107 Union St Camden, AL 36726-1728"
Winston County Health Department,Winston,Springs,AL,35553,(205) 489-2101,http://www.alabamapublichealth.gov/winston/index.html,https://www.facebook.com/WinstonCHD,,True,"110 Legion Rd Double Springs, AL 35553-2365"
Alaska Native Tribal Health Consortium,Alaska Native Tribal Health Consortium,Anchorage,AK,99508,(907) 563-2662,http://www.anthc.org,,,True,"4000 Ambassador DR Anchorage, AK 99508-5909"
Anchorage Health Department,Anchorage,Anchorage,AK,99501,(907) 343-4650,http://www.muni.org/departments/health,https://www.facebook.com/ancpublichealth/,,True,"825 L St Anchorage, AK 99501-3337"
Chickaloon Village Health and Social Services Department,Chickaloon Village Health and Social,Sutton,AK,99654,(907) 745-0704,https://www.chickaloon-nsn.gov/health-social-services/,,,True,"11495 N Callison Street Sutton, AK 99654"
Native Village of Eklutna,Native Village of Eklutna,Chugiak,AK,99567,(907) 390-9336,http://www.eklutna-nsn.gov/HealthWellness.htm,,,True,"26339 Eklutna Village Rd Chugiak, AK 99567-5148"
North Slope Borough Health and Social Services Agency,North Slope Borough Health and Social,Utqiaġvik,AK,99723,(907) 852-0344,http://www.north-slope.org/departments/health-social-services,,,True,"P.O. Box 69 Utqiaġvik, AK 99723"
Yukon-Kuskokwin Health,Yukon-Kuskokwin,Bethel,AK,99559,(907) 543-6000,https://www.ykhc.org/,,,True,"PO Box 528 Bethel, AK 99559-0528"
Apache County Public Health Services District,Apache,Johns,AZ,85936,(928) 337-4364,https://www.apachecountyaz.gov/Public-Health-Services,https://www.facebook.com/azdhs/,https://twitter.com/azdhs,True,"PO Box 697 Saint Johns, AZ 85936-0697"
Cochise County Health & Social Services,Cochise County Health & Social,Bisbee,AZ,85603,(520) 432-9400,https://www.cochise.az.gov/372/Health-Social-Services,https://www.facebook.com/CochiseCountyAZ/,https://twitter.com/cochisecounty,True,"1415 Melody Ln Bldg A Bisbee, AZ 85603-3039"
Coconino County Health & Human Services,Coconino,Flagstaff,AZ,86004,(928) 679-7272,https://www.coconino.az.gov/2124/Health-and-Human-Services,https://www.facebook.com/CoconinoCountyHHS/,https://twitter.com/CoconinoHHS,True,"2625 N King St Flagstaff, AZ 86004-1884"
Dilkon Medical Center Public Health Department,Dilkon Medical,Dilkon,AZ,86047,(928) 657-1420,https://www.wihcc.com/public-health-department.html,,,True,"1 Medical Center Drive Dilkon, AZ 86047"
Fort McDowell Indian Community/Wassaja Memorial Health Center,Fort McDowell Indian Community/Wassaja Memorial,Hills,AZ,85269,(480) 789-7890,https://fmyn.org/clinic/,,,True,"PO BOX 17779 Fountain Hills, AZ 85269-7779"
Gila County Health Department,Gila,Globe,AZ,85501,(928) 402-8811,https://www.gilacountyaz.gov/government/health_and_emergency_services/health_services/index.php,https://www.facebook.com/gilacohealthem/,https://twitter.com/GilaCo_Health,True,"5515 S Apache Ave Ste 100 Globe, AZ 85501-4429"
Gila River Tribal Health Department,Gila River Tribal,Sacaton,AZ,85147,(520) 562-5100 (247),https://www.mygilariver.com/index.php/community-directory/tribal-health-department,,,True,"PO Box 147 Sacaton, AZ 85147"
Graham County Health Department,Graham,Safford,AZ,85546,(928) 428-0110,http://www.graham.az.gov,https://www.facebook.com/Graham-County-Health-Department-1611121092508959,,True,"826 W Main St Safford, AZ 85546-2828"
Greenlee County Health Department,Greenlee,Clifton,AZ,85533,(928) 865-2601,https://greenlee.az.gov/ova_dep/health-and-county-services/,https://www.facebook.com/greenleehealth/,,True,"253 5th St Clifton, AZ 85533-0936"
La Paz County Health Department,La Paz,Parker,AZ,85344,(928) 669-1100,http://www.LPCHD.com,https://www.facebook.com/LaPazCounty.HealthDepartment/,https://twitter.com/lapazhealthinfo,True,"1112 S Joshua Ave Ste 206 Parker, AZ 85344-5756"
Maricopa County Department of Public Health,Maricopa,Phoenix,AZ,85012,(602) 506-6900,https://www.maricopa.gov/5302/Public-Health,https://www.facebook.com/MCDPH,https://twitter.com/Maricopahealth,True,"4041 N Central Ave Ste 1400 Phoenix, AZ 85012-3314"
Mohave County Department of Public Health,Mohave,Kingman,AZ,86402,(928) 753-0774 (4313),https://www.mohave.gov/ContentPage.aspx?id=127,https://www.facebook.com/Mohave-County-Department-of-Public-Health-1566710160271535/,https://twitter.com/mohaveinfo,True,"PO Box 7000 Kingman, AZ 86402-7000"
Navajo County Public Health Services District,Navajo,Low,AZ,85901,(928) 532-6050,http://www.navajocountyaz.gov/Departments/Public-Health-Services,https://www.facebook.com/NavajoCounty,https://twitter.com/ncphsd,True,"600 N 9Th Pl Show Low, AZ 85901-3560"
Pascua Yaqui Health Department,Pascua Yaqui,Tucson,AZ,85746,(520) 879-6000,https://www.pascuayaqui-nsn.gov/health-services/,,,True,"7474 S Camino DE Oeste Tucson, AZ 85746-9308"
Pima County Health Department,Pima,Tucson,AZ,85714,(520) 724-7770,https://www.pima.gov/2620/Health-Community-Services,https://www.facebook.com/PimaCountyHealthDepartment,https://twitter.com/pchd,True,"3950 S Country Club Rd Ste 100 Tucson, AZ 85714-2226"
Pinal County Health Department,Pinal,Florence,AZ,85132,(866) 960-0633,http://www.pinal.gov/publichealth,,,True,"PO BOX 2945 Florence, AZ 85132"
San Carlos Apache Tribe,San Carlos Apache Tribe,Carlos,AZ,85550,(928) 475-2137 (1104),https://www.scat-nsn.gov/health/,,,True,"PO BOX 0 San Carlos, AZ 85550"
Santa Cruz County Health Department,Santa Cruz,Nogales,AZ,85621,(520) 375-7900,https://www.santacruzcountyaz.gov/148/Health-Services,https://www.facebook.com/PublicHealthSCC/,https://twitter.com/publichealthscc,True,"2150 N Congress Dr Nogales, AZ 85621-1090"
Tohono O'Odham Health Department,Tohono O'Odham,Sells,AZ,85634,(520) 383-6000,,,,True,"PO Box 810 Sells, AZ 85634"
White Mountain Apache Health Authority,White Mountain Apache,Whiteriver,AZ,85941,(928) 338-4955,,,,True,"PO Box 1210 Whiteriver, AZ 85941"
Yavapai County Community Health Services,Yavapai County Community,Prescott,AZ,86305,(928) 771-3122,https://www.yavapaiaz.gov/Resident-Services/Health-Services/Community-Health-Services,https://www.facebook.com/YCCHS/,https://twitter.com/yavapaihealth,True,"1090 Commerce Dr Prescott, AZ 86305-3700"
Yuma County Health Department,Yuma,Yuma,AZ,85364,(928) 317-4550 (1729),http://www.yumacountyaz.gov/government/health-district,https://www.facebook.com/yumacountyaz/,https://twitter.com/yumacountyaz,True,"2200 W 28th St Yuma, AZ 85364"
Arkansas County Health Units (DeWitt & Stuttgart),Arkansas County Health Units (DeWitt & Stuttgart),Stuttgart,AR,72160,(870) 535-2142,https://www.healthy.arkansas.gov/health-units/detail/arkansas-county-health-unit-stuttgart,,,True,"1602 N Buerkle ST Stuttgart, AR 72160-2516"
Ashley County Health Units (Crossett & Hamburg),Ashley County Health Units (Crossett & Hamburg),Crossett,AR,71635,(870) 364-2115,https://www.healthy.arkansas.gov/health-units/detail/ashley-county-health-unit-crossett,,,True,"1300 W 5Th Ave Crossett, AR 71635-2500"
Baxter County Health Unit,Baxter,Home,AR,72653,(870) 425-3072,https://www.healthy.arkansas.gov/health-units/detail/baxter-county-health-unit-mt.-home,,,True,"206 Bucher Dr Mountain Home, AR 72653-3400"
Benton County Health Units (Rogers & Siloam Springs),Benton County Health Units (Rogers & Siloam Springs),Rogers,AR,72756,(479) 986-1300,,,,True,"1200 W Walnut ST Ste 2200 Rogers, AR 72756-3572"
Boone County Health Unit,Boone,Harrison,AR,72601,(870) 743-5244,https://www.healthy.arkansas.gov/health-units/detail/boone-county-health-unit-harrison,,,True,"1622 Campus Ave Harrison, AR 72601-5524"
Bradley County Health Unit,Bradley,Warren,AR,71671,(870) 226-8440,https://www.healthy.arkansas.gov/health-units/detail/bradley-county-health-unit-warren,,,True,"208 Bragg St Warren, AR 71671-2500"
Calhoun County Health Unit,Calhoun,Hampton,AR,71744,(870) 798-2808,https://www.healthy.arkansas.gov/health-units/detail/calhoun-county-health-unit-hampton,,,True,"1119 Prestress Dr Hampton, AR 71744-8811"
Carroll County Health Unit,Carroll,Berryville,AR,72616,(870) 423-2923,https://www.healthy.arkansas.gov/health-units/detail/carroll-county-health-unit-berryville,,,True,"402 Hailey Rd Berryville, AR 72616-5077"
Chicot County Health Unit,Chicot,Village,AR,71653,(870) 265-2236,https://www.healthy.arkansas.gov/health-units/detail/chicot-county-health-unit-lake-village,,,True,"1740 S Highway 65 82 Lake Village, AR 71653-1560"
Clark County Health Unit,Clark,Arkadelphia,AR,71923,(870) 246-4471,https://www.healthy.arkansas.gov/health-units/detail/clark-county-health-unit-arkadelphia,,,True,"605 S 10Th St Arkadelphia, AR 71923-7013"
Clay County Health Units (Corning & Piggott),Clay County Health Units (Corning & Piggott),Corning,AR,72422,(870) 857-6281,,,,True,"301 N Missouri Ave # 18 Corning, AR 72422-1600"
Cleburne County Health Unit,Cleburne,Springs,AR,72543,(501) 362-7581,https://www.healthy.arkansas.gov/health-units/detail/cleburne-county-health-unit-heber-springs,,,True,"2319 Highway 110 W Ste C Heber Springs, AR 72543-3464"
Cleveland County Health Unit,Cleveland,Rison,AR,71665,(870) 325-6311,https://www.healthy.arkansas.gov/health-units/detail/cleveland-county-health-unit-rison,,,True,"409 E Magnolia St Rison, AR 71665"
Columbia County Health Unit,Columbia,Magnolia,AR,71753,(870) 235-3798,https://www.healthy.arkansas.gov/health-units/detail/columbia-county-health-unit-magnolia,,,True,"207 S Jefferson Magnolia, AR 71753-3901"
Conway County Health Unit,Conway,Morrilton,AR,72110,(501) 354-4652,https://www.healthy.arkansas.gov/health-units/detail/conway-county-health-unit-morrilton,,,True,"100 Hospital DR Morrilton, AR 72110-4516"
Craighead County Health Unit,Craighead,Jonesboro,AR,72401,(870) 933-4585,https://www.healthy.arkansas.gov/health-units/detail/craighead-county-health-unit-jonesboro,,,True,"611 E Washington Ave Ste B Jonesboro, AR 72401-3001"
Crawford County Health Unit,Crawford,Buren,AR,72956,(479) 474-6391,https://www.healthy.arkansas.gov/health-units/detail/crawford-county-health-unit-van-buren,,,True,"2040 Chestnut St Van Buren, AR 72956-5321"
Crittenden County Health Units (Earle & West Memphis),Crittenden County Health Units (Earle & West Memphis),Memphis,AR,72301,(870) 735-4334,https://www.healthy.arkansas.gov/health-units/detail/crittenden-county-health-unit-west-memphis,,,True,"901 N 7th ST West Memphis, AR 72301-2001"
Cross County Health Unit,Cross,Wynne,AR,72396,(870) 238-2101,https://www.healthy.arkansas.gov/health-units/detail/cross-county-health-unit-wynne,,,True,"701 Julia Ave E Wynne, AR 72396-3515"
Dallas County Health Unit,Dallas,Fordyce,AR,71742,(870) 352-7197,https://www.healthy.arkansas.gov/health-units/detail/dallas-county-health-unit-fordyce,,,True,"201 N Spring St Fordyce, AR 71742-3315"
Desha County Health Units (Dumas & McGehee),Desha County Health Units (Dumas & McGehee),Dumas,AR,71639,(870) 382-2377,https://www.healthy.arkansas.gov/health-units/detail/desha-county-health-unit-mcgehee,,,True,"751 Hwy 65 South Dumas, AR 71639"
Drew County Health Unit,Drew,Monticello,AR,71655,(870) 367-6234,https://www.healthy.arkansas.gov/health-units/detail/drew-county-health-unit-monticello,,,True,"940 Scogin DR Monticello, AR 71655-5732"
Faulkner County Health Unit,Faulkner,Conway,AR,72032,(501) 450-4941,https://www.healthy.arkansas.gov/health-units/detail/faulkner-county-health-unit-conway,,,True,"811 N Creek Dr Conway, AR 72032-4712"
Franklin County Health Unit,Franklin,Ozark,AR,72949,(479) 667-2555,https://www.healthy.arkansas.gov/health-units/detail/franklin-county-health-unit-ozark,,,True,"509 N 29Th St Ozark, AR 72949-3429"
Fulton County Health Unit,Fulton,Salem,AR,72576,(870) 895-3300,https://www.healthy.arkansas.gov/health-units/detail/fulton-county-health-unit-salem,,,True,"510 S Main St Salem, AR 72576-9422"
Garland County Health Unit,Garland,Springs,AR,71901,(501) 624-3394,https://www.healthy.arkansas.gov/health-units/detail/garland-county-health-unit-hot-springs,,,True,"1425 Malvern Ave Hot Springs, AR 71901-6316"
Grant County Health Unit,Grant,Sheridan,AR,72150,(870) 942-3157,https://www.healthy.arkansas.gov/health-units/detail/grant-county-health-unit-sheridan,,,True,"700 E Center St Sheridan, AR 72150-2514"
Greene County Health Unit,Greene,Paragould,AR,72450,(870) 236-7782,https://www.healthy.arkansas.gov/health-units/detail/greene-county-health-unit-paragould,,,True,"801 Goldsmith Rd Paragould, AR 72450-9509"
Hempstead County Health Unit,Hempstead,Hope,AR,71801,(870) 777-2191,https://www.healthy.arkansas.gov/health-units/detail/hempstead-county-health-unit-hope,,,True,"808 W 5Th St Hope, AR 71801-5020"
Hot Spring County Health Unit,Hot Spring,Malvern,AR,72104,(501) 332-6972,https://www.healthy.arkansas.gov/health-units/detail/hot-spring-county-health-unit-malvern,,,True,"2204 E Sullenberger Ave Malvern, AR 72104-4806"
Howard County Health Unit,Howard,Nashville,AR,71852,(870) 845-2208,https://www.healthy.arkansas.gov/health-units/detail/howard-county-health-unit-nashville,,,True,"201 E Hempstead St Ste 2 Nashville, AR 71852-2518"
Independence County Health Unit,Independence,Batesville,AR,72501,(870) 793-8847,https://www.healthy.arkansas.gov/health-units/detail/independence-county-health-unit-batesville,,,True,"120 Weaver Ave Batesville, AR 72501-7314"
Izard County Health Unit,Izard,Melbourne,AR,72556,(870) 368-7790,https://www.healthy.arkansas.gov/health-units/detail/izard-county-health-unit-melbourne,,,True,"149 Haley St Melbourne, AR 72556"
Jackson County Health Unit,Jackson,Newport,AR,72112,(870) 523-8968,https://www.healthy.arkansas.gov/health-units/detail/jackson-county-health-unit-newport,,,True,"1505 N Pecan St Newport, AR 72112-2867"
Jefferson County Health Unit,Jefferson,Bluff,AR,71603,(870) 535-2142,https://www.healthy.arkansas.gov/health-units/detail/jefferson-county-health-unit-pine-bluff,,,True,"3801 S Hickory ST Pine Bluff, AR 71603-6304"
Johnson County Health Unit,Johnson,Clarksville,AR,72830,(479) 754-2949,https://www.healthy.arkansas.gov/health-units/detail/johnson-county-health-unit-clarksville,,,True,"6 Professional Park Dr Clarksville, AR 72830-4432"
Lafayette County Health Unit,Lafayette,Lewisville,AR,71845,(870) 921-5744,https://www.healthy.arkansas.gov/health-units/detail/lafayette-county-health-unit-lewisville,,,True,"1113 Chestnut St Lewisville, AR 71845-8513"
Lawrence County Health Unit,Lawrence,Ridge,AR,72476,(870) 886-3201,https://www.healthy.arkansas.gov/health-units/detail/lawrence-county-health-unit-walnut-ridge,,,True,"1050 W Free St Walnut Ridge, AR 72476-1752"
Lee County Health Unit,Lee,Marianna,AR,72360,(870) 295-2400,https://www.healthy.arkansas.gov/health-units/detail/lee-county-health-unit-marianna,,,True,"141 Hickory St Marianna, AR 72360"
Lincoln County Health Unit,Lincoln,City,AR,71667,(870) 628-5121,https://www.healthy.arkansas.gov/health-units/detail/lincoln-county-health-unit-star-city,,,True,"214 S Lincoln Ave Star City, AR 71667-5202"
Little River County Health Unit,Little River,Ashdown,AR,71822,(870) 898-3831,https://www.healthy.arkansas.gov/health-units/detail/little-river-county-health-unit-ashdown,,,True,"150 Keller St Ashdown, AR 71822-2810"
Lonoke County Health Units (Cabot & Lonoke),Lonoke County Health Units (Cabot & Lonoke),Lonoke,AR,72086,(501) 843-7561,https://www.healthy.arkansas.gov/health-units/detail/lonoke-county-health-unit-lonoke,,,True,"306 N Center ST Lonoke, AR 72086-2849"
Madison County Health Unit,Madison,Huntsville,AR,72740,(479) 738-2612,https://www.healthy.arkansas.gov/health-units/detail/madison-county-health-unit-huntsville,,,True,"709 N College ST Huntsville, AR 72740-8838"
Marion County Health Unit,Marion,Yellville,AR,72687,(870) 449-4259,https://www.healthy.arkansas.gov/health-units/detail/marion-county-health-unit-yellville,,,True,"707 AR-202 Yellville, AR 72687"
Miller County Health Unit,Miller,Texarkana,AR,71854,(870) 773-2108,https://www.healthy.arkansas.gov/health-units/detail/miller-county-health-unit-texarkana,,,True,"503 Walnut St Texarkana, AR 71854-5286"
Mississippi County Health Units (Blytheville & Osceola),Mississippi County Health Units (Blytheville & Osceola),Blytheville,AR,72315,(870) 763-7064,https://www.healthy.arkansas.gov/health-units/detail/mississippi-county-health-unit-blytheville,,,True,"1520 N Division ST Blytheville, AR 72315-1448"
Monroe County Health Unit,Monroe,Brinkley,AR,72021,(870) 734-1461,https://www.healthy.arkansas.gov/health-units/detail/monroe-county-health-unit-brinkley,,,True,"306 Dr Martin Luther King Dr Brinkley, AR 72021-2100"
Montgomery County Health Unit,Montgomery,Ida,AR,71957,(870) 867-2331,https://www.healthy.arkansas.gov/health-units/detail/montgomery-county-health-unit-mt.-ida,,,True,"346 Luzerne St Mount Ida, AR 71957"
Nevada County Health Unit,Nevada,Prescott,AR,71857,(870) 887-2004,https://www.healthy.arkansas.gov/health-units/detail/nevada-county-health-unit-prescott,,,True,"1501 W 1St St N Prescott, AR 71857-3309"
Newton County Health Unit,Newton,Jasper,AR,72641,(870) 446-2216,https://www.healthy.arkansas.gov/health-units/detail/newton-county-health-unit-jasper,,,True,"506 West Court Street Jasper, AR 72641"
Northeast Region Office,Northeast,Batesville,AR,72503,(501) 362-7581,,,,True,"PO BOX 4267 Batesville, AR 72503-4267"
Ouachita County Health Unit,Ouachita,Camden,AR,71701,(870) 836-5033,https://www.healthy.arkansas.gov/health-units/detail/ouachita-county-health-unit-camden,,,True,"740 California Ave Sw Camden, AR 71701-4606"
Perry County Health Unit,Perry,Perryville,AR,72126,(501) 889-5156,https://www.healthy.arkansas.gov/health-units/detail/perry-county-health-unit-perryville,,,True,"1039 N Fourche Ave Perryville, AR 72126-8545"
Phillips County Health Unit,Phillips,Helena,AR,72390,(870) 572-9028,https://www.healthy.arkansas.gov/health-units/detail/phillips-county-health-unit-helena-w.-helena,,,True,"PO Box 2626 West Helena, AR 72390-0626"
Pike County Health Unit,Pike,Murfreesboro,AR,71958,(870) 285-3154,https://www.healthy.arkansas.gov/health-units/detail/pike-county-health-unit-murfreesboro,,,True,"15 Caddo Drive Murfreesboro, AR 71958-0413"
"Poinsett County Health Units (Harrisburg, Marked Tree & Truman)","Poinsett County Health Units (Harrisburg, Marked Tree & Truman)",Tree,AR,72365,(870) 358-3615,https://www.healthy.arkansas.gov/health-units/detail/poinsett-county-health-unit-harrisburg,,,True,"102 Liberty ST Marked Tree, AR 72365-2231"
Polk County Health Unit,Polk,Mena,AR,71953,(479) 394-1597,https://www.healthy.arkansas.gov/health-units/detail/polk-county-health-unit-mena,,,True,"702 Hornbeck Ave Mena, AR 71953-4422"
Pope County Health Unit,Pope,Russellville,AR,72802,(479) 968-6004,https://www.healthy.arkansas.gov/health-units/detail/pope-county-health-unit-russellville,,,True,"203 Weir Rd Russellville, AR 72802-9405"
Prairie County Health Unit,Prairie,Arc,AR,72040,(870) 256-4430,https://www.healthy.arkansas.gov/health-units/detail/prairie-county-health-unit-des-arc,,,True,"204 Main St Des Arc, AR 72040-7902"
"Pulaski County Health Unit - (Southwest Little Rock, North Little Rock, Jacksonville, College Station)","Pulaski County Health Unit - (Southwest Little Rock, North Little Rock, Jacksonville, College Station)",Rock,AR,72204,(501) 565-9311,https://www.healthy.arkansas.gov/health-units/detail/pulaski-county-health-unit-southwest-little-rock,,,True,"3915 W 8th ST Little Rock, AR 72204-2028"
Randolph County Health Unit,Randolph,Pocahontas,AR,72455,(870) 892-5239,https://www.healthy.arkansas.gov/health-units/detail/randolph-county-health-unit-pocahontas,,,True,"407 Camp RD Pocahontas, AR 72455-1487"
Saline County Health Unit,Saline,Benton,AR,72015,(501) 303-5650,https://www.healthy.arkansas.gov/health-units/detail/saline-county-health-unit-benton,,,True,"1612 Edison Ave Benton, AR 72015-4630"
Scott County Health Unit,Scott,Waldron,AR,72958,(479) 637-2165,https://www.healthy.arkansas.gov/health-units/detail/scott-county-health-unit-waldron,,,True,"10 S Main St Waldron, AR 72958"
Searcy County Health Unit,Searcy,Marshall,AR,72650,(870) 448-3374,https://www.healthy.arkansas.gov/health-units/detail/searcy-county-health-unit-marshall,,,True,"742 Airport Rd Marshall, AR 72650-7603"
Sebastian County Health Unit,Sebastian,Smith,AR,72903,(479) 452-8600,https://www.healthy.arkansas.gov/health-units/detail/sebastian-county-health-unit-ft.-smith,,,True,"3112 S 70Th St Fort Smith, AR 72903-5068"
Sevier County Health Unit,Sevier,Queen,AR,71832,(870) 642-2535,https://www.healthy.arkansas.gov/health-units/detail/sevier-county-health-unit-dequeen,,,True,"304 N 4Th St De Queen, AR 71832-2829"
Sharp County Health Unit,Sharp,Flat,AR,72513,(870) 994-7364,https://www.healthy.arkansas.gov/health-units/detail/sharp-county-health-unit-ash-flat,,,True,"724 Ash Flat Dr Ash Flat, AR 72513-9103"
SouthWest Region Office,SouthWest,Texarkana,AR,71854,(870) 773-2108,,,,True,"503 Walnut St Texarkana, AR 71854-5286"
Southeast Region Office,Southeast,City,AR,72335,(870) 270-0200,,,,True,"1501 Dawson Rd Forrest City, AR 72335-2088"
St. Francis County Health Unit,St. Francis,City,AR,72335,(870) 633-1340,https://www.healthy.arkansas.gov/health-units/detail/st.-francis-county-health-unit-forrest-city,,,True,"413 N Division ST Forrest City, AR 72335-3231"
Stone County Health Unit,Stone,View,AR,72560,(870) 269-3308,https://www.healthy.arkansas.gov/health-units/detail/stone-county-health-unit-mountain-view,,,True,"204 Whitfield Ave Mountain View, AR 72560-9160"
Union County Health Unit,Union,Dorado,AR,71730,(870) 863-5101,https://www.healthy.arkansas.gov/health-units/detail/union-county-health-unit-el-dorado,,,True,"301 American Rd El Dorado, AR 71730-6554"
Van Buren County Health Unit,Van Buren,Clinton,AR,72031,(501) 745-2485,https://www.healthy.arkansas.gov/health-units/detail/van-buren-county-health-unit-clinton,,,True,"526 Quality Drive Clinton, AR 72031"
Washington County Health Units (Fayetteville & Springdale),Washington County Health Units (Fayetteville & Springdale),Springdale,AR,72764,(479) 927-3667,https://www.healthy.arkansas.gov/health-units/detail/washington-county-health-unit-fayetteville,,,True,"614 E Emma Ave Springdale, AR 72764-4634"
White County Health Units (Beebe & Searcy),White County Health Units (Beebe & Searcy),Beebe,AR,72012,(501) 882-5128,https://www.healthy.arkansas.gov/health-units/detail/white-county-health-unit-searcy,,,True,"306 N Gum ST Beebe, AR 72012-3230"
Woodruff County Health Unit,Woodruff,Augusta,AR,72006,(870) 347-5061,https://www.healthy.arkansas.gov/health-units/detail/woodruff-county-health-unit-augusta,,,True,"623 N 9Th St # 628 Augusta, AR 72006-2129"
Yell County Health Units (Danville & Dardanelle),Yell County Health Units (Danville & Dardanelle),Dardanelle,AR,72834,(479) 495-2741,https://www.healthy.arkansas.gov/health-units/detail/yell-county-health-unit-dardanelle,,,True,"719 N 5th ST Dardanelle, AR 72834-3415"
Alameda County Public Health Department,Alameda,Leandro,CA,94577,(510) 267-8000,http://www.acphd.org,,,True,"1100 San Leandro Blvd San Leandro, CA 94577-1595"
Alpine County Health and Human Services,Alpine,Markleeville,CA,96120,(530) 694-2135 (249),https://www.alpinecountyca.gov/552/Health-Human-Services,,,True,"75 Diamond Valley Rd Unit B Markleeville, CA 96120-9579"
Amador County Health Department,Amador,Creek,CA,95685,(209) 223-6470,https://www.amadorgov.org/departments/health-human-services,,,True,"10877 Conductor Blvd Sutter Creek, CA 95685-9688"
Butte County Department of Public Health,Butte,Oroville,CA,95965,(530) 552-3820,https://www.buttecounty.net/610/Public-Health,,,True,"202 Mira Loma Dr Oroville, CA 95965-3500"
Calaveras County Public Health Department,Calaveras,Andreas,CA,95249,(209) 754-6460,https://publichealth.calaverasgov.us/,,,True,"891 Mountain Ranch Rd San Andreas, CA 95249-9713"
City of Berkeley Public Health Division,City of Berkeley,Berkeley,CA,94704,(510) 981-5300,https://www.cityofberkeley.info/publichealth/,,,True,"1947 Center St Berkeley, CA 94704-1169"
City of Pasadena Public Health Department,City of Pasadena,Pasadena,CA,91103,(626) 744-6046,http://www.cityofpasadena.net/PublicHealth/,,,True,"1845 N Fair Oaks Ave Pasadena, CA 91103-1620"
Cold Springs Rancheria Health Services,Cold Springs Rancheria,Tollhouse,CA,93667,(559) 214-1738,https://coldspringsrancheria.gov,,,True,"PO Box 209 Tollhouse, CA 93667-0209"
Contra Costa Health Services,Contra Costa,Martinez,CA,94553,(925) 957-2679,https://www.cchealth.org,,,True,"597 Center Ave Ste 200 Martinez, CA 94553-4669"
County Of Colusa Public Health,County Of Colusa,Colusa,CA,95932,(530) 458-0349,https://www.countyofcolusa.org/99/Public-Health,,,True,"251 E Webster St Colusa, CA 95932-2951"
"County of San Diego HHSA, Public Health Services","County of San Diego HHSA,",Diego,CA,92123,(619) 531-5800,http://www.sandiegocounty.gov/hhsa/programs/phs/,https://www.facebook.com/SDCountyHHSA/,https://twitter.com/sandiegocounty,True,"5530 Overland Ave Ste 210 San Diego, CA 92123-1261"
County of Santa Barbara Health Department,County of Santa Barbara,Barbara,CA,93110,(805) 681-5100,http://www.sbcphd.org,,,True,"300 N San Antonio Rd Santa Barbara, CA 93110-1316"
Del Norte County Public Health,Del Norte,City,CA,95531,(707) 464-3191,https://www.co.del-norte.ca.us/departments/publichealth,,,True,"880 Northcrest Dr Crescent City, CA 95531-2313"
El Dorado County Public Health Division,El Dorado,Placerville,CA,95667,(530) 621-6100,https://www.eldoradocounty.ca.gov/Health-Well-Being/Public-Health,https://www.facebook.com/edcpreparedness,https://twitter.com/edcpreparedness,True,"3057 Briw RD Ste Placerville, CA 95667-5330"
Fresno County Department of Public Health,Fresno,Fresno,CA,93721,(559) 600-3200,https://www.co.fresno.ca.us/departments/public-health,,,True,"1221 Fulton St Fresno, CA 93721"
Glenn County Health Department,Glenn,Willows,CA,95988,(530) 934-6588,https://www.countyofglenn.net/dept/health-human-services/public-health/welcome,,,True,"240 N Villa Ave Willows, CA 95988-2641"
Hoopa Valley Tribe - Kima Medical Center,Hoopa Valley Tribe - Kima Medical,Hoopa,CA,95546,(530) 625-4261,https://www.kimaw.org/,,,True,"PO Box 1288 Hoopa, CA 95546"
Humboldt County Department of Health and Human Services,Humboldt,Eureka,CA,95501,(707) 268-2121,http://www.humboldtgov.org/330/Public-Health,,https://twitter.com/HumCoDHHS,True,"529 I St Eureka, CA 95501-1116"
Imperial County Health Department,Imperial,Centro,CA,92243,(442) 265-1339,https://www.icphd.org/,,,True,"935 Broadway Ave El Centro, CA 92243-2349"
"Indian Health Council, Inc.","Indian Health Council, Inc.",Valley,CA,92061,(760) 749-1410,,,,True,"PO Box 406 Pauma Valley, CA 92061-0406"
Inyo County Public Health & Prevention,Inyo County Public Health & Prevention,Bishop,CA,93514,(760) 873-7359,https://www.inyocounty.us/public-health-and-prevention,,,True,"1360 N Main ST Ste 213 Bishop, CA 93514-3013"
Kern County Health Department,Kern,Bakersfield,CA,93306,(661) 862-8775,https://kernpublichealth.com/,,,True,"1800 Mount Vernon Ave Bakersfield, CA 93306-3302"
Kings County Department of Public Health,Kings,Hanford,CA,93230,(559) 852-2625,https://www.kcdph.com/,,,True,"460 Kings County DR Hanford, CA 93230-5953"
Lake County Department of Health Services,Lake,Lakeport,CA,95453,(707) 263-1090,https://www.lakecountyca.gov/158/Public-Health,,,True,"922 Bevins Ct Lakeport, CA 95453-9754"
Lassen County Health Public Health,Lassen,Susanville,CA,96130,(530) 251-8183,https://www.lassencounty.gov/311/Public-Health,,,True,"1445 Paul Bunyan Rd Susanville, CA 96130-3201"
Long Beach City Department of Health and Human Services,Long Beach,Beach,CA,90815,(562) 570-4016,http://www.longbeach.gov/health/,,,True,"2525 Grand Ave Long Beach, CA 90815-1765"
Los Angeles County Department of Public Health,Los Angeles,Angeles,CA,90012,(800) 339-6993,http://publichealth.lacounty.gov/,,,True,"313 N Figueroa Ave, Ste 802 Los Angeles, CA 90012"
Madera County Department of Public Health,Madera,Madera,CA,93638,(559) 675-7703,https://www.maderacounty.com/government/public-health,,,True,"1604 Sunrise Ave Madera, CA 93638"
Marin County Health and Human Services,Marin,Rafael,CA,94901,(415) 473-4163,https://www.marinhhs.org/,,,True,"3240 Kerner Blvd. San Rafael, CA 94901"
Mariposa County Health Department,Mariposa,Mariposa,CA,95338,(209) 966-3689,https://www.mariposacounty.org/89/Health-Services-Division,,,True,"PO BOX 99 Mariposa, CA 95338"
Mendocino County Public Health,Mendocino,Ukiah,CA,95482,(707) 472-2700,https://www.mendocinocounty.gov/departments/public-health,,,True,"1120 S Dora St Ukiah, CA 95482-6340"
Merced County Department of Public Health,Merced,Merced,CA,95341,(209) 381-1203,http://www.co.merced.ca.us/index.aspx?nid=82,,,True,"260 E 15Th St Merced, CA 95341-6216"
Modoc County Public Health Department,Modoc,Alturas,CA,96101,(530) 233-7052,https://publichealth.co.modoc.ca.us/,,,True,"229 W Mcdowell Ave Alturas, CA 96101-3933"
Mono County Health Department,Mono,Lakes,CA,93546,(760) 924-1763,http://www.monohealth.com,,,True,"PO BOX 3329 Mammoth Lakes, CA 93546-3329"
Monterey County Health Department,Monterey,Salinas,CA,93906,(831) 755-4585,http://www.mtyhd.org,,,True,"1270 Natividad Rd Salinas, CA 93906-3144"
Napa County Health and Human Services Agency,Napa,Napa,CA,94558,(707) 253-4270,https://www.countyofnapa.org/156/HHSA,https://www.facebook.com/NapaCounty,,True,"2751 Napa Valley Corporate DR Bldg B Napa, CA 94558-6216"
Nevada County Public Health Department,Nevada,Valley,CA,95945,(530) 265-1732,https://www.mynevadacounty.com/551/Public-Health,,,True,"500 Crown Point Cir Ste 110 Grass Valley, CA 95945-9561"
Orange County Health Care Agency,Orange County Health Care,Ana,CA,92701,(800) 564-8448,http://www.ochealthinfo.com/,,,True,"200 W Santa Ana Blvd Ste 650 Santa Ana, CA 92701-7506"
Placer County Public Health Division,Placer,Auburn,CA,95603,(530) 889-7141,https://www.placer.ca.gov/2863/Public-Health,,,True,"11484 B Ave Auburn, CA 95603-2603"
Plumas County Public Health Agency,Plumas,Quincy,CA,95971,(530) 283-6337,https://www.plumascounty.us/3219/Plumas-County-Public-Health-Agency,https://www.facebook.com/PlumasHealth,,True,"270 County Hospital Rd Ste 206 Quincy, CA 95971-9174"
Riverside County Department of Health,Riverside,Riverside,CA,92503,(951) 358-5077,http://www.rivcoph.org,,,True,"4065 County Circle Dr Riverside, CA 92503-3410"
Sacramento County Public Health,Sacramento,Sacramento,CA,95823,,,,,True,"7001A East Parkway Sacramento, CA 95823"
Sacramento Department of Health Services,Sacramento,Sacramento,CA,95823,(916) 875-5881,https://dhs.saccounty.gov/#gsc.tab=0,,,True,"7001A East Pkwy Ste 600 Sacramento, CA 95823-2501"
San Benito County Public Health Services,San Benito,Hollister,CA,95023,(831) 637-5367,https://hhsa.cosb.us/public-health-2/,,,True,"351 Tres Pinos Rd. Hollister, CA 95023-3801"
San Bernardino County Department of Public Health,San Bernardino,Bernardino,CA,92415,(909) 387-9146,http://wp.sbcounty.gov/dph/,,,True,"351 N Mountain View Ave Rm 303 San Bernardino, CA 92415-0010"
San Francisco Department of Public Health,San Francisco,Francisco,CA,94103,(415) 554-2830,https://www.sfdph.org,https://www.facebook.com/pages/SFDPH/439582466204804,https://twitter.com/SF_DPH,True,"1145 Market ST San Francisco, CA 94103-1546"
San Joaquin County Public  Health Services,San Joaquin,Stockton,CA,95205,(209) 468-3413,http://www.sjcphs.org,https://www.facebook.com/sjcphs,https://twitter.com/sjcphs,True,"1601 E Hazelton Ave Stockton, CA 95205-6229"
San Luis Obispo County Health Department,San Luis Obispo,Obispo,CA,93401,(805) 781-5500,https://www.slocounty.ca.gov/departments/health-agency,https://www.facebook.com/SLOpublichealth.org,https://twitter.com/SLOPublicHealth,True,"2191 Johnson Ave San Luis Obispo, CA 93401-4534"
San Mateo County Health,San Mateo,Mateo,CA,94403,(650) 573-2519,http://www.smhealth.org,,,True,"2000 Alameda DE Las Pulgas Ste 240 San Mateo, CA 94403-1271"
Santa Clara County Public Health Department,Santa Clara,Jose,CA,95126,(408) 792-3798,http://www.sccphd.org,,,True,"976 Lenzen Ave Fl 2Nd San Jose, CA 95126-2737"
Santa Cruz County Health Services Agency,Santa Cruz,Cruz,CA,95060,(831) 454-4000,http://www.santacruzhealth.org,,,True,"1080 Emeline Ave Santa Cruz, CA 95060-1966"
Scotts Valley Band of Pomo Indians Family and Health Services,Scotts Valley Band of Pomo Indians Family,Lakeport,CA,95453,(707) 263-4220,https://www.scottsvalley-nsn.gov/tribal-departments/family-and-health-services,,,True,"800 11th St Lakeport, CA 95453"
Shasta County Public Health,Shasta,Redding,CA,96001,(530) 225-5591,https://www.shastacounty.gov/health-human-services/page/public-health,,,True,"2650 Breslauer Way Redding, CA 96001-4246"
Sierra County Health Department,Sierra,Loyalton,CA,96118,(530) 993-6700,https://sierracounty.ca.gov/269/Public-Health,,,True,"PO BOX 7 Loyalton, CA 96118-0007"
Siskiyou County Public Health Department,Siskiyou,Yreka,CA,96097,(530) 841-2140,https://www.co.siskiyou.ca.us/publichealth,,,True,"810 S Main St Yreka, CA 96097-3321"
Solano Public Health,Solano,Fairfield,CA,94533,(707) 784-8600,https://www.solanocounty.com/depts/ph/default.asp,,,True,"275 Beck Ave Fairfield, CA 94533-6804"
Sonoma County Department of Health Services,Sonoma,Rosa,CA,95405,(707) 565-4700,http://www.sonomacounty.ca.gov/Health-Services/,https://www.facebook.com/SonomaCountyDHS,,True,"1450 Neotomas Ave Ste 200 Santa Rosa, CA 95405"
"Southern Indian Health Council, Inc.","Southern Indian Health Council, Inc.",Alpine,CA,91901,(619) 445-1188,https://www.sihc.org/,,,True,"4058 Willows Rd Alpine, CA 91901"
Stanislaus County Public Health Services,Stanislaus,Modesto,CA,95353,(209) 558-8804,http://www.schsa.org,,,True,"PO BOX 3271 Modesto, CA 95353-3271"
Sutter County Public Health,Sutter,City,CA,95993,(530) 822-7215,https://www.suttercounty.org/government/county-departments/health-and-human-services/public-health,,,True,"1445 Veterans Memorial Cir Yuba City, CA 95993-3011"
Tehama County Health Services Agency,Tehama,Bluff,CA,96080,(530) 527-6824,http://www.tehamacohealthservices.net,,,True,"1860 Walnut St Red Bluff, CA 96080-3611"
Toiyabe Indian Health,Toiyabe Indian,Bishop,CA,93514,(760) 873-8464,https://www.toiyabe.us/,,,True,"250 N. See Vee Lane Bishop, CA 93514"
Trinity County Health and Human Services,Trinity,Weaverville,CA,96093,(530) 623-8209,https://www.trinitycounty.org/HHS,,,True,"PO BOX 399 Weaverville, CA 96093-0399"
Tulare County Health and Human Services,Tulare,Visalia,CA,93277,(559) 624-8481,https://tchhsa.org/eng/public-health/,https://www.facebook.com/TulareCountyHHSA,https://twitter.com/TulareCo_HHSA,True,"5957 S Mooney Blvd Visalia, CA 93277-9394"
Tuolumne County Health Department,Tuolumne,Sonora,CA,95370,(209) 533-7427,https://www.tuolumnecounty.ca.gov/250/Public-Health,https://www.facebook.com/tuolumnecountypublichealth,,True,"20111 Cedar Rd N Sonora, CA 95370-5939"
United Indian Health Services,United Indian,Arcata,CA,95521,(707) 825-5000,https://unitedindianhealthservices.org/,,,True,"1600 Weeot Way Arcata, CA 95521-4734"
Ventura County Health Department,Ventura,Oxnard,CA,93036,(805) 981-5101,https://vchca.org/public-health/,https://www.facebook.com/vchca,https://twitter.com/VCPublicHealth,True,"2240 E Gonzales Rd Ste 210 Oxnard, CA 93036-8216"
Vernon City Health Department,Vernon,Vernon,CA,90058,(323) 826-1448,https://www.cityofvernon.org/government/health,,,True,"4305 S Santa Fe Ave Vernon, CA 90058-1714"
West Covina Municipal Health Department,West Covina Municipal,Covina,CA,91790,(626) 939-1475,https://www.westcovina.org/departments/west-covina-health-department,,,True,"1444 W Garvey Ave S West Covina, CA 91790-2716"
Yuba County Health Department,Yuba,Marysville,CA,95901,(530) 749-6311,https://www.yuba.org/departments/health_and_human_services/index.php,,,True,"5730 Packard Ave Ste 100 Marysville, CA 95901-7117"
Adams County Health Department,Adams,Brighton,CO,80601,(720) 523-7204,https://adamscountyhealthdepartment.org/,,,True,"4430 S Adams County Pkwy Ste C1700 Brighton, CO 80601-8208"
Alamosa County Public Health Department,Alamosa,Alamosa,CO,81101,(719) 589-6639,https://alamosacounty.colorado.gov/departments/public-health,https://www.facebook.com/AlamosaPublicHealth/,https://twitter.com/SLVEmergency,True,"8900 Independence Way Ste B Alamosa, CO 81101-9417"
Arapahoe County Public Health Department,Arapahoe,Littleton,CO,80120,(303) 795-4584,https://www.arapahoegov.com/2250/Public-Health,,,True,"5334 S Prince ST Littleton, CO 80120-1136"
Archuleta County Public Health Department,Archuleta,Springs,CO,81147,(970) 264-2409,https://www.archuletacounty.org/711/Public-Health-Department,,,True,"502 S 8Th St Pagosa Springs, CO 81147"
Baca County Public Health,Baca,Springfield,CO,81073,(719) 523-6621,https://www.bacacountyco.gov/departments/public-health/,https://www.facebook.com/BacaCountyPublicHealthAgency/,https://twitter.com/BCPHA,True,"741 Main St Ste 4 Springfield, CO 81073-1548"
Bent County Public Health Agency,Bent,Animas,CO,81054,(719) 456-0517,https://bentcph.org/,https://www.facebook.com/BentCPH/,,True,"701 S Park Ave Las Animas, CO 81054-1575"
Boulder County Public Health,Boulder,Boulder,CO,80304,(303) 441-1291,http://www.bouldercountyhealth.org,https://www.facebook.com/bouldercountypublichealth/,,True,"3450 Broadway Boulder, CO 80304-1824"
Broomfield Department Public Health and Environment,Broomfield Department Public Health and Environment,Broomfield,CO,80020,(720) 887-2200,https://www.broomfield.org/259/Public-Health-and-Environment,https://www.facebook.com/BHealthyBroomfield/,,True,"100 Spader Way Broomfield, CO 80020-2441"
Chaffee County Public Health,Chaffee,Salida,CO,81201,(719) 539-4510,https://www.chaffeecounty.org/Public-Health,https://www.facebook.com/ccph81201/,,True,"448 E 1St St Ste 137 Salida, CO 81201-2867"
Cheyenne County Public Health Agency,Cheyenne,Wells,CO,80810,(719) 767-5616,https://www.co.cheyenne.co.us/departments/public_health.html,https://www.facebook.com/Cheyenne-County-Public-Health-300214953426477/,,True,"PO BOX 38 Cheyenne Wells, CO 80810-0038"
Clear Creek County Public and Environmental Health Department,Clear Creek County Public and Environmental,Springs,CO,80452,,https://www.clearcreekcounty.us/1039/Public-Environmental-Health,,,True,"1531 Colorado Blvd Idaho Springs, CO 80452"
Conejos County Public Health,Conejos,Jara,CO,81140,(719) 274-4307,https://conejoscounty.colorado.gov/departments/public-health,https://www.facebook.com/conejoscountypublichealth/,,True,"PO Box 78 La Jara, CO 81140-0078"
Costilla County Public Health Agency,Costilla,Luis,CO,81152,(719) 672-3332,https://costillacounty.colorado.gov/departments/public-health-agency,https://www.facebook.com/Costilla-County-Public-Health-Agency-111821957101270/,,True,"PO BOX 99 San Luis, CO 81152-0099"
Custer County Public Health,Custer,Cliff,CO,81252,(719) 783-3369,https://www.custerpha.com/,,,True,"PO Box 120 Silver Cliff, CO 81252-0120"
Delta County Health Department,Delta,Delta,CO,81416,(970) 874-2165,http://www.deltacounty.com/486/Health-Services,,,True,"255 W 6Th St Delta, CO 81416-1626"
Denver Department of Public Health and Environment,Denver Department of Public Health and Environment,Denver,CO,80202,(720) 865-5484,http://www.denvergov.org/deh,,https://twitter.com/DDPHE,True,"101 W Colfax Ave Ste 800 Denver, CO 80202-5285"
Dolores County Public Health,Dolores,Creek,CO,81324,(970) 677-2387,https://dolocnty.colorado.gov/public-health,https://www.facebook.com/DCPublicHealth/,,True,"PO Box 368 Dove Creek, CO 81324-0368"
Douglas County Health Department,Douglas,Englewood,CO,80112,(720) 643-2400,http://www.douglas.co.us/health-department,,,True,"11045 E Lansing Cir Ste 300 Englewood, CO 80112-5909"
Eagle County Public Health and Environment,Eagle County Public Health and Environment,Eagle,CO,81631,(970) 328-8840,https://www.eaglecounty.us/departments___services/public_health/index.php,https://www.facebook.com/EagleCounty,https://twitter.com/ECPublicHealth,True,"PO BOX 660 Eagle, CO 81631-0660"
El Paso County Public Health,El Paso,Springs,CO,80907,(719) 578-3199,http://www.elpasocountyhealth.org,https://www.facebook.com/ElPasoCountyPublicHealth,https://twitter.com/EPCPublicHealth,True,"1675 Garden Of The Gods Rd # 2044 Colorado Springs, CO 80907-9444"
Elbert County Public Health,Elbert,Kiowa,CO,80117,(303) 621-3144,https://www.elbertcounty-co.gov/206/Public-Health,https://www.facebook.com/ECHHS,,True,"75 Ute Ave Kiowa, CO 80117-9367"
Fremont County Department of Public Health and Environment,Fremont County Department of Public Health and Environment,City,CO,81212,(719) 276-7450,https://www.fremontco.com/public-health/public-health-and-environment,https://www.facebook.com/FCDPHE,,True,"201 N 6Th St Canon City, CO 81212-3303"
Garfield County Public Health,Garfield,Rifle,CO,81650,(970) 625-5200,https://www.garfield-county.com/public-health/,https://www.facebook.com/garfieldhealth/,,True,"195 W 14Th Rifle, CO 81650-4716"
Gilpin County Public Health Agency,Gilpin,Hawk,CO,80422,(303) 582-5803,https://gilpincounty.colorado.gov/departments-offices/public-health-agency,https://www.facebook.com/GilpinCountyPublicHealth/,,True,"15193 Highway 119 Black Hawk, CO 80422-4072"
Grand County Public Health,Grand,Springs,CO,80451,(970) 725-3288,https://www.co.grand.co.us/220/Public-Health,https://www.facebook.com/gcpublichealth/,https://twitter.com/gc_publichealth,True,"PO BOX 264 Hot Sulphur Springs, CO 80451-0264"
Gunnison County Department of Health and Human Services,Gunnison,Gunnison,CO,81230,(970) 641-0209,https://www.gunnisoncounty.org/152/3331/Clinical-Services,https://www.facebook.com/GunnisonCountyHHS/,,True,"220 N Spruce St Gunnison, CO 81230-3029"
Jackson County Public Health,Jackson,Walden,CO,80480,(970) 723-4002,https://jacksoncounty.colorado.gov/public-health,,,True,"PO Box 1019 Walden, CO 80480"
Jefferson County Public Health,Jefferson,Golden,CO,80401,(303) 232-6301,http://jeffco.us/public-health/,https://www.facebook.com/jeffcopublichealth/,https://twitter.com/JeffcoPH,True,"100 Jefferson County Pkwy Golden, CO 80401"
Kiowa County Public Health,Kiowa,Eads,CO,81036,(719) 438-5782,https://www.kiowacounty-colorado.com/kiowa_county_public_health.htm,,,True,"PO BOX 414 Eads, CO 81036-0414"
Kit Carson County Department of Public Health and Environment,Kit Carson County Department of Public Health and Environment,Burlington,CO,80807,(719) 346-7158,https://kitcarsoncounty.colorado.gov/department-public-health-and-environment,,,True,"PO BOX 70 Burlington, CO 80807-0070"
La Plata County Public Health Department,La Plata,Durango,CO,81303,(970) 247-5702,https://www.co.laplata.co.us/departments/public_health/index.php,,,True,"185 Suttle ST Ste 100 Durango, CO 81303-8276"
Lake County Public Health Agency,Lake,Leadville,CO,80461,(719) 293-1108,https://www.lakecountyco.gov/203/Public-Health-Environmental-Health-Human,https://www.facebook.com/COVID19LakeCountyCO/,,True,"PO Box 884 Leadville, CO 80461-0884"
Larimer County Department of Health and Environment,Larimer County Department of Health and Environment,Collins,CO,80524,(970) -498-6700,http://www.co.larimer.co.us/health,https://www.facebook.com/LarimerHealth/,,True,"1525 Blue Spruce Dr Fort Collins, CO 80524-2004"
Las Animas-Huerfano Counties District Health Department,Las Animas-Huerfano Counties,Trinidad,CO,81082,(719) 846-2213,https://la-h-health.colorado.gov/,https://www.facebook.com/Las-Animas-Huerfano-Counties-District-Health-Department-199089910258808/,,True,"412 Benedicta Ave Trinidad, CO 81082-2005"
Lincoln County Public Health,Lincoln,Hugo,CO,80821,(719) 743-2526,https://www.lincolncountypublichealth.com/,https://www.facebook.com/pages/Lincoln-County-Public-Health/264384053769334,,True,"PO BOX 125 Hugo, CO 80821-0125"
Mesa County Public Health,Mesa,Junction,CO,81502,(970) 255-7168,http://health.mesacounty.us/,https://www.facebook.com/MesaCountyPublicHealth/,https://twitter.com/MC_PublicHealth,True,"PO BOX 20 Grand Junction, CO 81502"
Moffat County Public Health Agency,Moffat,Craig,CO,81625,(970) 824-5517,https://moffatcounty.colorado.gov/public-health-office,,,True,"221 W Victory Way Ste 130 Craig, CO 81625-2732"
Montezuma County Public Health Department,Montezuma,Cortez,CO,81321,(970) 565-3056,https://montezumacounty.org/public-health/,https://www.facebook.com/montezumacountyhealth,https://twitter.com/montezumahealth,True,"106 W North St Bldg Annex Cortez, CO 81321-3119"
Montrose County Public Health,Montrose,Montrose,CO,81401,(970) 252-5011,https://www.montrosecounty.net/940/Public-Health,,,True,"1845 S Townsend Ave Montrose, CO 81401-5448"
Northeast Colorado Health Department,Northeast Colorado,Sterling,CO,80751,(970) 522-3741,http://www.nchd.org,https://www.facebook.com/northeasthealth/,https://twitter.com/NortheastHealth,True,"700 Columbine St Sterling, CO 80751-3728"
Otero County Health Department,Otero,Junta,CO,81050,(719) 383-3040,https://oterocounty.colorado.gov/departments/health-department,https://www.facebook.com/OteroCountyHealthDepartment/,https://twitter.com/OCHD_Colorado,True,"13 W 3Rd St Ste 111 La Junta, CO 81050-1536"
Ouray County Public Health,Ouray,Ouray,CO,81427,(970) 325-4670,http://ouraycountyco.gov/149/Public-Health,,,True,"PO BOX 670 Ouray, CO 81427-0670"
Park County Public Health,Park,Fairplay,CO,80440,(719) 836-4154,http://www.parkco.us/86/Public-Health,https://www.facebook.com/ParkCoPublicHealth,,True,"PO BOX 846 Fairplay, CO 80440-0846"
Pitkin County Public Health Agency,Pitkin,Aspen,CO,81611,(970) 920-5070,https://pitkincounty.com/1079/Public-Health,https://www.facebook.com/aspenchs/,https://twitter.com/CHSAspen,True,"405 Castle Creek Rd Ste 112 Aspen, CO 81611-3125"
Prowers County Public Health and Environment,Prowers County Public Health and Environment,Lamar,CO,81052,(719) 336-8721,https://www.prowerscounty.net/departments/public_health_and_environment/index.php,https://www.facebook.com/Prowers-County-Public-Health-and-Environment-2242827315811834/,,True,"1001 S Main St Lamar, CO 81052-3838"
Pueblo Department of Public Health and Environment,Pueblo Department of Public Health and Environment,Pueblo,CO,81003,(719) 583-4300,http://www.pueblohealthdept.org,https://www.facebook.com/PuebloHealth/,https://twitter.com/PuebloHealth,True,"101 W 9Th St Pueblo, CO 81003-4103"
Rio Blanco County Public Health,Rio Blanco,Meeker,CO,81641,(970) 878-9520,https://www.rbc.us/282/Public-Health,https://www.facebook.com/RBCPublicHealth/,,True,"200 Main Street Meeker, CO 81641"
Rio Grande County Public Health Department,Rio Grande,Norte,CO,81132,(719) 655-2533,http://www.rgcph.org,https://www.facebook.com/RGCPublicHealth,,True,"925 6Th St Ste 101 Del Norte, CO 81132-3243"
Routt County Public Health,Routt,Springs,CO,80487,(970) 870-5319,http://www.co.routt.co.us/641/Public-Health,,,True,"136 6th St Steamboat Springs, CO 80487"
Saguache County Public Health Department,Saguache,Saguache,CO,81149,(719) 655-2533,https://saguachecounty.colorado.gov/departments/public-health,,,True,"PO BOX 68 Saguache, CO 81149-0068"
San Juan County Public Health,San Juan,Silverton,CO,81433,(970) 387-0242,https://sanjuancounty.colorado.gov/health,,,True,"PO Box 619 Silverton, CO 81433-0619"
San Miguel County Department of Public Health,San Miguel,Telluride,CO,81435,(970) 728-0447,https://www.sanmiguelcountyco.gov/173/Public-Health,,https://twitter.com/SMCHealthAlert,True,"PO BOX 949 Telluride, CO 81435-0949"
Silver Thread Public Health District,Silver Thread,City,CO,81235,(970) 944-0321,http://www.silverthreadpublichealth.org/,,,True,"304 W 3rd ST Lake City, CO 81235"
Summit County Public Health,Summit,Frisco,CO,80443,(970) 668-9161,https://www.summitcountyco.gov/services/health_human_services/public_health/index.php,,,True,"PO BOX 2280 Frisco, CO 80443-2280"
Teller County Public Health and Department,Teller,Divide,CO,80814,(719) 687-6416,https://www.tellercounty.gov/PublicHealth-Environment,,,True,"11115 Us Highway 24 Unit C Divide, CO 80814"
Weld County Health Department of Public Health and Environment,Weld County Health Department of Public Health and Environment,Greeley,CO,80631,(970) 304-6420,https://www.weld.gov/Government/Departments/Health-and-Environment,https://www.facebook.com/WeldCountyGovernment/,https://twitter.com/weldgov,True,"1555 N 17Th Ave Greeley, CO 80631-9117"
Aspetuck Health District,Aspetuck,Westport,CT,06880,(203) 227-9571,https://aspetuckhd.org/,,,True,"180 Bayberry Ln Westport, CT 06880-2802"
Bethel Health Department,Bethel,Bethel,CT,06801,(203) 794-8539,https://www.bethel-ct.gov/depts-health,,,True,"1 School St Bethel, CT 06801-1828"
Bridgeport Health and Social Services,Bridgeport Health and Social,Bridgeport,CT,06604,(203) 576-7680,https://www.bridgeportct.gov/health,,,True,"999 Broad ST Bridgeport, CT 06604-4320"
Bristol-Burlington Health District,Bristol-Burlington,Bristol,CT,06010,(860) 584-7682,http://www.bbhd.org,,,True,"240 Stafford Ave Bristol, CT 06010-4688"
Brookfield Town Health Department,Brookfield Town,Brookfield,CT,06804,(203) 775-7315,https://www.brookfieldct.gov/health-department,,,True,"100 Pocono Rd Brookfield, CT 06804-3322"
Central Connecticut Health District,Central Connecticut,Hill,CT,06067,(860) 785-8380,http://www.ccthd.org,https://www.facebook.com/ccthd4/,https://twitter.com/CCTHD4,True,"2080 Silas Deane Highway Rocky Hill, CT 06067"
Chatham Health District,Chatham,Hampton,CT,06424,(860) 365-0884,http://chathamhealth.org,,,True,"240 Middletown Ave East Hampton, CT 06424-2120"
Chesprocott Health District,Chesprocott,Cheshire,CT,06410,(203) 439-0683,http://www.chesprocott.org,,,True,"1187 Highland Ave Cheshire, CT 06410"
City of Stamford Department of Health,City of Stamford,Stamford,CT,06901,(203) 977-4396,https://www.stamfordct.gov/department-of-health,,,True,"888 Washington Blvd Fl 8Th Stamford, CT 06901-2924"
Connecticut River Area Health District,Connecticut River Area,Saybrook,CT,06475,(860) 661-3300,https://www.crahd.info/,,,True,"455 Boston Post Rd Ste 7 Old Saybrook, CT 06475-1554"
Cromwell Health Department,Cromwell,Cromwell,CT,06416,(860) 632-3426,https://www.cromwellct.com/health-department,,,True,"41 West ST Cromwell, CT 06416-2180"
Danbury Health and Human Services,Danbury,Danbury,CT,06810,(203) 797-4625,https://www.danbury-ct.gov/201/Health-Human-Services,,,True,"155 Deer Hill Ave Danbury, CT 06810-7726"
Darien Health Department,Darien,Darien,CT,06820,(203) 656-7320,http://www.darienct.gov/health,,,True,"2 Renshaw Rd Darien, CT 06820-5344"
Durham Health Department,Durham,Durham,CT,06422,(860) 349-8253,http://www.townofdurhamct.org,,,True,"30 Town House Road Durham, CT 06422-2126"
East Hartford Department of Health & Social Services,East Hartford Department of Health & Social,Hartford,CT,06108,(860) 291-7321,https://www.easthartfordct.gov/health,,,True,"740 Main St East Hartford, CT 06108-3140"
East Shore District Health Department,East Shore,Branford,CT,06405,(203) 481-4233,http://www.esdhd.org,,,True,"688 E Main ST Branford, CT 06405-2971"
Eastern Highlands Health District,Eastern Highlands,Mansfield,CT,06268,(860) 429-3325,http://www.ehhd.org,,,True,"4 S Eagleville Rd Storrs Mansfield, CT 06268-2574"
Essex Health Department,Essex,Essex,CT,06426,(860) 767-4340 (118),https://www.essexct.gov/health-department,,,True,"29 West Ave Essex, CT 06426-1140"
Fairfield Health Department,Fairfield,Fairfield,CT,06824,(203) 256-3020,https://www.fairfieldct.org/health,,,True,"725 Old Post Rd Fairfield, CT 06824-6684"
Farmington Valley Health District,Farmington Valley,Collinsville,CT,06019,(860) 352-2333,http://www.fvhd.org,https://www.facebook.com/info.fvhd.95/,,True,"95 River RD Ste C Collinsville, CT 06019-3248"
Glastonbury Health Department,Glastonbury,Glastonbury,CT,06033,(860) 652-7534,http://www.glastonbury-ct.gov/index.aspx?page=117,,,True,"2155 Main ST Glastonbury, CT 06033-2282"
Greenwich Department of Health,Greenwich,Greenwich,CT,06836,(203) 622-7836,https://www.greenwichct.gov/575/Health-Department,,,True,"PO BOX 2540 Greenwich, CT 06836-2540"
Guilford Health Department,Guilford,Guilford,CT,06437,(203) 453-8118,http://www.ci.guilford.ct.us,,,True,"50 Boston St Guilford, CT 06437-2801"
Hartford Health and Human Services Department,Hartford,Hartford,CT,06112,(860) 757-4700,https://healthyhartford.info/index.php/en/,,,True,"131 Coventry St Hartford, CT 06112-1548"
Housatonic Valley Health District,Housatonic Valley,Southbury,CT,06488,(203) 264-9616,https://hvhdct.gov/,,,True,"77 Main ST N Ste 205 Southbury, CT 06488-2200"
Ledge Light Health District,Ledge Light,London,CT,06320,(860) 448-4882,http://www.LLHD.org,https://www.facebook.com/LedgeLightHD/,https://twitter.com/LedgeLightHD,True,"216 Broad St New London, CT 06320-5335"
Madison Health Department,Madison,Madison,CT,06443,(203) 245-5681,https://www.madisonct.org/200/Health-Department,,,True,"8 Campus Dr Madison, CT 06443-2562"
Manchester Health Department,Manchester,Manchester,CT,06040,(860) 647-3173,https://www.manchesterct.gov/Government/Departments/Health-Department,,,True,"479 Main St # 191 Manchester, CT 06040-4101"
Mashantucket Pequot Health Department,Mashantucket Pequot,Mashantucket,CT,06338,(860) 312-8014,http://mashantucketpequottribalhealth.com/,,,True,"PO Box 3260 Mashantucket, CT 06338-3260"
Meriden Department of Health and Human Services,Meriden,Meriden,CT,06450,(203) 630-4221,http://www.meridenhealth.com,https://www.facebook.com/City-of-Meriden-Health-Human-Services-Department-129080063785475/,,True,"165 Miller St Meriden, CT 06450-4482"
Middletown Health Department,Middletown,Middletown,CT,06457,(860) 638-4960,https://www.middletownct.gov/167/Health-Department,,,True,"PO BOX 1300 Middletown, CT 06457-3460"
Milford Health Department,Milford,Milford,CT,06460,(203) 783-3286,https://www.ci.milford.ct.us/health-department-0,,,True,"82 New Haven Ave Milford, CT 06460-4827"
Mohegan Tribal Health Department,Mohegan Tribal,Uncasville,CT,06382,(860) 862-6158,https://portal.ct.gov/dph/local-health-admin/lha/mohegan-tribal-health-department,,,True,"13 Crow Hill Rd Uncasville, CT 06382-1118"
Monroe Health Department,Monroe,Monroe,CT,06468,(203) 452-2818,https://www.monroect.gov/p/health-department,,,True,"7 Fan Hill Rd Monroe, CT 06468-1847"
Naugatuck Valley Health District,Naugatuck Valley,Seymour,CT,06483,(203) 881-3255,http://www.nvhd.org,https://www.facebook.com/NaugatuckValleyHD/,https://twitter.com/NaugValleyHD,True,"98 Bank St Seymour, CT 06483"
New Britain Health Department,New Britain,Britain,CT,06051,(860) 612-1603,https://www.newbritainct.gov/services/health/defaulthtm,,,True,"61 Pearl ST New Britain, CT 06051-2610"
New Canaan Health Department,New Canaan,Canaan,CT,06840,(203) 594-3018,https://www.newcanaan.info/departments/health/index.php,,,True,"77 Main St New Canaan, CT 06840-4710"
New Fairfield Health Department,New Fairfield,Fairfield,CT,06812,(203) 312-5640,https://www.newfairfield.org/municipal-departments/services/health,,,True,"4 Brush Hill Rd New Fairfield, CT 06812-2619"
New Haven Health Department,New Haven,Haven,CT,06511,(203) 946-6999,https://www.newhavenct.gov/government/departments-divisions/nhv-health,,,True,"424 Chapel ST New Haven, CT 06511-5807"
Newtown Health District,Newtown,Newtown,CT,06470,(203) 270-4291,https://www.newtown-ct.gov/newtown-health-district,,,True,"3 Primrose St Newtown, CT 06470-5307"
North Central Health District,North Central,Enfield,CT,06082,(860) 745-0383 (117),http://www.ncdhd.org,,,True,"31 N Main St Enfield, CT 06082-3337"
Northeast District Department of Health,Northeast,Brooklyn,CT,06234,(860) 774-7350,http://www.nddh.org,,,True,"69 S Main St Ste 4 Brooklyn, CT 06234-3830"
Norwalk Health Department,Norwalk,Norwalk,CT,06851,(203) 854-7776,http://www.norwalkct.org/health,https://www.facebook.com/norwalkhealth/,https://twitter.com/norwalkhealth,True,"137 East Ave Norwalk, CT 06851-5734"
Orange Health Department,Orange,Orange,CT,06477,(203) 891-4752,https://orange-ct.gov/150/Health-Department,,,True,"605a Orange Center RD Orange, CT 06477-2913"
Quinnipiack Valley Health District,Quinnipiack Valley,Haven,CT,06473,(203) 248-4528,http://www.qvhd.org,,,True,"1151 Hartford Tpke North Haven, CT 06473-3041"
Redding Health Department,Redding,Center,CT,06875,(203) 938-2559,https://reddingct.gov/government/services/health-department/,,,True,"PO Box 1028 Redding Center, CT 06875-1028"
Ridgefield Health Department,Ridgefield,Ridgefield,CT,06877,(203) 431-2746,https://www.ridgefieldct.gov/departments/health/index.php,,,True,"66 Prospect St Ridgefield, CT 06877-4621"
Sharon Health Department,Sharon,Sharon,CT,06069,(860) 364-9397,http://www.portal.ct.gov/DPH/Local-Health-Admin/LHA/Sharon-Health-Department,,,True,"63 Main ST Sharon, CT 06069-2018"
Sherman Health Department,Sherman,Sherman,CT,06784,(860) 355-0166,https://www.shermanct.gov/entities/health-department,,,True,"9 Route 39 N Sherman, CT 06784"
Somers Health Department,Somers,Somers,CT,06071,(860) 763-8216,https://www.somersct.gov/departments/land_use_development/health_department.php,,,True,"600 Main ST Somers, CT 06071-2119"
South Central Health District,South Central,Southington,CT,06489,(860) 276-6275,https://schd-ct.org/,,,True,"196 N Main ST Southington, CT 06489-2514"
South Windsor Health Department,South Windsor,Windsor,CT,06074,(860) 337-6182,https://www.southwindsor-ct.gov/health-department,,,True,"1540 Sullivan Ave South Windsor, CT 06074-2734"
Stratford Health Department,Stratford,Stratford,CT,06615,(203) 385-4090,https://www.stratfordct.gov/page/health,,,True,"468 Birdseye St Stratford, CT 06615-6976"
Torrington Area Health District,Torrington Area,Torrington,CT,06790,(860) 489-0436,http://www.tahd.org,,,True,"350 Main St Torrington, CT 06790-5000"
Trumbull Health Department,Trumbull,Trumbull,CT,06611,(203) 452-1032,https://www.trumbull-ct.gov/179/Health,,,True,"335 White Plains Rd Trumbull, CT 06611-4856"
Uncas Health District,Uncas,Norwich,CT,06360,(860) 823-1189,http://www.uncashd.org,https://www.facebook.com/UncasHealthDistrict/,https://twitter.com/UncasHealth,True,"401 W Thames St Unit 106 Norwich, CT 06360-7155"
Wallingford Health Department,Wallingford,Wallingford,CT,06492,(203) 294-2065,https://www.wallingfordct.gov/government/departments/health-department/,,,True,"45 S Main St Rm 215 Wallingford, CT 06492-4201"
Waterbury Health Department,Waterbury,Waterbury,CT,06706,(203) 574-6780,https://www.waterburyct.org/services/health,,,True,"185 S Main St Waterbury, CT 06706-1012"
West Hartford-Bloomfield Health District,West Hartford-Bloomfield,Bloomfield,CT,06002,(860) 561-7908,https://www.westhartfordct.gov/town-departments/health-district,,,True,"580 Cottage Grove Rd Ste 100 Bloomfield, CT 06002-3088"
West Haven Health Department,West Haven,Haven,CT,06516,(203) 937-3660,https://www.cityofwesthaven.com/164/Health-Department,,,True,"355 Main ST FL 2nd West Haven, CT 06516-4310"
Westbrook Health Department,Westbrook,Westbrook,CT,06498,(860) 399-9869,http://www.westbrookct.us/152/Public-Health-Department,,,True,"866 Boston Post Rd Westbrook, CT 06498-1881"
Wilton Health Department,Wilton,Wilton,CT,06897,(203) 216-8384,https://www.wiltonct.gov/health-department,,,True,"238 Danbury Rd Wilton, CT 06897-4008"
Windsor Health Department,Windsor,Windsor,CT,06095,(860) 549-3398,https://townofwindsorct.com/health/,,,True,"275 Broad St Windsor, CT 06095-2940"
"Delaware Department of Health, Southern Health Services","Delaware Department of Health, Southern",Georgetown,DE,19947,(302) 744-4700,https://www.dhss.delaware.gov/dhss/dph/sections.html,https://www.facebook.com/DEPublicHealth,https://twitter.com/Delaware_DHSS,True,"544 S Bedford St Georgetown, DE 19947-1852"
"Delaware Division of Public Health, New Castle County Health Services","Delaware Division of Public Health, New Castle",Newark,DE,19702,(302) 283-7167,https://www.dhss.delaware.gov/dhss/dph/sections.html,https://www.facebook.com/DEPublicHealth,https://twitter.com/Delaware_DHSS,True,"258 Chapman RD Ste 100 Newark, DE 19702-5411"
DC Health,DC,Washington,DC,20020,(202) 442-5955,http://www.dchealth.dc.gov,https://www.facebook.com/dchealth.dc.gov/,https://twitter.com/_DCHealth,True,"2201 Shannon PL SE Washington, DC 20020-5773"
Alachua County Health Department,Alachua,Gainesville,FL,32641,(352) 334-7900,http://www.doh.state.fl.us/chdAlachua,,,True,"PO BOX 5849 Gainesville, FL 32641-7516"
Baker County Public Health Department,Baker,Macclenny,FL,32063,(904) 259-6291,http://baker.floridahealth.gov/index.html,,,True,"480 W Lowder St Macclenny, FL 32063-2664"
Bay County Health Department,Bay,City,FL,32401,(850) 872-4455,http://Bay.FLHealth.gov,,,True,"597 W 11Th St Panama City, FL 32401-2330"
Bradford County Health Department,Bradford,Starke,FL,32091,(904) 964-7732,http://bradford.floridahealth.gov/,,,True,"1801 N Temple Ave Starke, FL 32091-1960"
Calhoun County Public Health Department,Calhoun,Blountstown,FL,32424,(850) 674-5645,http://calhoun.floridahealth.gov/,,,True,"19611 State Road 20 W Blountstown, FL 32424-3917"
Citrus County Health Department,Citrus,Lecanto,FL,34461,(352) 527-0068,http://citrus.floridahealth.gov/,https://www.facebook.com/FLDepartmentofHealth,https://twitter.com/FLHealthCitrus,True,"3700 W Sovereign Path Lecanto, FL 34461-8071"
Columbia County Public Health Department,Columbia,City,FL,32055,(386) 758-1037,http://columbia.floridahealth.gov,https://www.facebook.com/FLDepartmentofHealth,https://twitter.com/HealthyFla,True,"217 Ne Franklin St Lake City, FL 32055-2981"
DeSoto County Health Department,DeSoto,Arcadia,FL,34266,(863) 993-4601 (118),http://desoto.floridahealth.gov,,,True,"34 S Baldwin Ave Arcadia, FL 34266-3387"
Dixie County Health Department,Dixie,City,FL,32628,(352) 498-1360,http://dixie.floridahealth.gov,,,True,"149 Ne 241St St Cross City, FL 32628-3305"
Florida Department of Health - Palm Beach,Florida Department of Health - Palm Beach,Beach,FL,33401,(561) 840-4500,https://palmbeach.floridahealth.gov/,,,True,"800 Clematis ST West Palm Beach, FL 33401-5107"
Florida Department of Health in Brevard County,Florida Department of Health in Brevard,Viera,FL,32940,(321) 454-7111,http://brevard.floridahealth.gov/,,,True,"2565 Judge Fran Jamieson Way Viera, FL 32940-5998"
Florida Department of Health in Broward County,Florida Department of Health in Broward,Lauderdale,FL,33315,(954) 467-4811,http://broward.floridahealth.gov/,,,True,"780 SW 24th Street Ft Lauderdale, FL 33315-2643"
Florida Department of Health in Charlotte County,Florida Department of Health in Charlotte,Charlotte,FL,33980,(941) 624-7200,http://charlotte.floridahealth.gov/,,,True,"1100 Loveland Blvd Port Charlotte, FL 33980-1802"
Florida Department of Health in Clay County,Florida Department of Health in Clay,Island,FL,32003,(904) 529-2800,http://clay.floridahealth.gov,https://www.facebook.com/FLDepartmentofHealth,https://twitter.com/HealthyFla,True,"1845 Town Center Blvd Bldg 400 Fleming Island, FL 32003-3356"
Florida Department of Health in Collier County,Florida Department of Health in Collier,Naples,FL,34112,(239) 252-8200,http://collier.floridahealth.gov/,,,True,"3339 Tamiami Trl E Ste 145 Naples, FL 34112-5361"
Florida Department of Health in Duval County,Florida Department of Health in Duval,Jacksonville,FL,32209,(904) 253-1000,http://duval.floridahealth.gov/index.html,https://www.facebook.com/FLDepartmentofHealth,https://twitter.com/HealthyFLA,True,"921 N Davis ST Bldg A Ste 251 Jacksonville, FL 32209-6804"
Florida Department of Health in Escambia (FDOH-Escambia),Florida Department of Health in Escambia (FDOH-Escambia),Pensacola,FL,32501,(850) 595-6500,http://www.EscambiaHealth.com,https://www.facebook.com/FLDepartmentofHealth,https://twitter.com/HealthyFla,True,"1295 W Fairfield Dr Pensacola, FL 32501-1107"
Florida Department of Health in Flagler County,Florida Department of Health in Flagler,Bunnell,FL,32110,(386) 437-7350 (2231),http://flagler.floridahealth.gov/,,,True,"301 DR Carter Blvd Bunnell, FL 32110-6212"
Florida Department of Health in Gadsden County,Florida Department of Health in Gadsden,Quincy,FL,32351,,http://gadsden.floridahealth.gov/,,,True,"278 Lasalle Lefall Dr Quincy, FL 32351-5324"
Florida Department of Health in Hillsborough County,Florida Department of Health in Hillsborough,Tampa,FL,33602,(813) 307-8000,http://hillsborough.floridahealth.gov/,,,True,"1105 E Kennedy Blvd Tampa, FL 33602-3511"
Florida Department of Health in Jefferson County,Florida Department of Health in Jefferson,Monticello,FL,32344,(850) 342-0170,http://jefferson.floridahealth.gov/,https://www.facebook.com/FLDepartmentofHealth,https://twitter.com/HealthyFla,True,"1255 W Washington St Monticello, FL 32344-1128"
Florida Department of Health in Lake County,Florida Department of Health in Lake,Tavares,FL,32778,(352) 589-6424 (2261),http://lake.flhealth.gov,,,True,"PO Box 1305 Tavares, FL 32778-1305"
Florida Department of Health in Lee County,Florida Department of Health in Lee,Myers,FL,33901,(239) 332-9501,http://lee.floridahealth.gov,,,True,"2295 Victoria Ave Ste 206 Fort Myers, FL 33901-3866"
Florida Department of Health in Madison County,Florida Department of Health in Madison,Madison,FL,32340,(850) 973-5000,http://madison.floridahealth.gov/,https://www.facebook.com/FLDepartmentofHealth,https://twitter.com/HealthyFla,True,"218 Sw Third Ave Madison, FL 32340-1264"
Florida Department of Health in Manatee County,Florida Department of Health in Manatee,Bradenton,FL,34208,(941) 624-7200 (7255),http://manatee.floridahealth.gov/,https://www.facebook.com/FLDepartmentofHealth,https://twitter.com/HealthyFla,True,"410 6Th Ave E Bradenton, FL 34208-1928"
Florida Department of Health in Marion County,Florida Department of Health in Marion,Ocala,FL,34471,(352) 629-0137,http://Marion.FloridaHealth.gov,https://www.facebook.com/FLDepartmentofHealth,https://twitter.com/HealthyFla,True,"1801 SE 32nd Ave Ocala, FL 34471-5532"
Florida Department of Health in Miami-Dade County,Florida Department of Health in Miami-Dade,Miami,FL,33125,(305) 324-2400,http://miamidade.floridahealth.gov/,,,True,"1350 Nw 14Th St Fl 3 Miami, FL 33125-1696"
Florida Department of Health in Monroe County,Florida Department of Health in Monroe,West,FL,33040,(305) 293-7500,http://monroe.floridahealth.gov/,,,True,"1100 Simonton ST Key West, FL 33040-3110"
Florida Department of Health in Nassau County,Florida Department of Health in Nassau,Beach,FL,32034,(904) 875-6100,http://nassau.floridahealth.gov/,,,True,"1620 Nectarine ST Fernandina Beach, FL 32034-4724"
Florida Department of Health in Okaloosa County,Florida Department of Health in Okaloosa,Beach,FL,32548,(850) 833-9245,http://okaloosa.floridahealth.gov/,,,True,"221 Hospital Dr Ne Fort Walton Beach, FL 32548-5066"
Florida Department of Health in Osceola County,Florida Department of Health in Osceola,Kissimmee,FL,34744,(407) 343-2000,https://osceola.floridahealth.gov/,https://www.facebook.com/FloridaDepartmentofHealth,https://twitter.com/HealthyFla,True,"1875 Fortune Rd Kissimmee, FL 34744-4428"
Florida Department of Health in Pinellas County,Florida Department of Health in Pinellas,Petersburg,FL,33701,(727) 824-6900,http://www.pinellashealth.com,,,True,"205 DR Martin Luther King JR ST N St Petersburg, FL 33701-3109"
Florida Department of Health in Polk County,Florida Department of Health in Polk,Bartow,FL,33830,(863) 519-7900,http://polk.floridahealth.gov/,,,True,"1290 Golfview Ave Ste 4 Bartow, FL 33830-6740"
Florida Department of Health in Seminole County,Florida Department of Health in Seminole,Sanford,FL,32773,(407) 665-3200,http://seminole.floridahealth.gov/,,,True,"400 W Airport Blvd Sanford, FL 32773-5489"
Florida Department of Health in St. Johns County,Florida Department of Health in St. Johns,Augustine,FL,32084,(904) 209-3250,http://stjohns.floridahealth.gov/,,,True,"200 San Sebastian Vw Saint Augustine, FL 32084-8695"
Florida Department of Health in St. Lucie,Florida Department of Health in St. Lucie,Lucie,FL,34983,(772) 873-4924,http://www.stluciecountyhealth.com,https://www.facebook.com/FLDepartmentofHealth,https://twitter.com/HealthyFla,True,"5150 NW Milner Drive Port Saint Lucie, FL 34983-3392"
Florida Department of Health in Volusia County,Florida Department of Health in Volusia,Beach,FL,32117,(386) 274-0799,https://volusia.floridahealth.gov/,https://www.facebook.com/FLDepartmentofHealth,https://twitter.com/HealthyFla,True,"1845 Holsonback Dr Daytona Beach, FL 32117-5114"
Franklin County Health Department,Franklin,Apalachicola,FL,32320,(850) 653-2111,http://franklin.floridahealth.gov/,,,True,"139 12th ST Apalachicola, FL 32320-2110"
Gilchrist County Health Department,Gilchrist,Trenton,FL,32693,(352) 463-3120,http://gilchrist.floridahealth.gov,,,True,"119 Ne 1St St Trenton, FL 32693-3428"
Glades County Health Department,Glades,Haven,FL,33471,(863) 946-0707,http://glades.floridahealth.gov/,,,True,"PO BOX 489 Moore Haven, FL 33471-6206"
Gulf County Health Department,Gulf,Joe,FL,32456,(850) 227-1276,http://gulf.floridahealth.gov/,,,True,"2475 Garrison Ave Port St Joe, FL 32456-5265"
Hamilton County Health Department,Hamilton,Jasper,FL,32052,(386) 792-1414,http://hamilton.floridahealth.gov/,,,True,"209 Central Ave Se Jasper, FL 32052-6153"
Hardee County Health Department,Hardee,Wauchula,FL,33873,(863) 773-4161,http://hardee.floridahealth.gov/,,,True,"115 K D Revell Rd Wauchula, FL 33873-2051"
Hendry County Health Department,Hendry,Labelle,FL,33975,(863) 674-4041,http://hendry.floridahealth.gov/,,,True,"PO BOX 70 Labelle, FL 33975-0070"
Hernando County Health Department,Hernando,Hill,FL,34606,(352) 540-6800,http://hernando.floridahealth.gov/,,,True,"7551 Forest Oaks Blvd Spring Hill, FL 34606-2437"
Highlands County Health Department,Highlands,Sebring,FL,33875,(863) 386-6040 (238),http://highlands.floridahealth.gov/,,,True,"7205 S George Blvd Sebring, FL 33875-5847"
Holmes County Health Department,Holmes,Bonifay,FL,32425,(850) 547-8500,http://holmes.floridahealth.gov/,,,True,"603 Scenic Circle Dr Bonifay, FL 32425-3060"
Indian River County Health Department,Indian River,Beach,FL,32960,(772) 794-7450,http://www.doh.state.fl.us/chdindianriver,,,True,"1900 27Th St Vero Beach, FL 32960-3383"
Jackson County Health Department,Jackson,Marianna,FL,32447,(850) 526-2412 (101),http://jackson.floridahealth.gov/,,,True,"PO BOX 310 Marianna, FL 32447-0310"
Lafayette County Health Department,Lafayette,Mayo,FL,32066,(386) 294-1321,http://lafayette.floridahealth.gov/,https://www.facebook.com/FLDepartmentofHealth,,True,"PO BOX 1806 Mayo, FL 32066-1806"
Leon County Health Department,Leon,Tallahassee,FL,32304,(850) 606-8150,http://leon.floridahealth.gov/,,,True,"2965 Municipal Way Tallahassee, FL 32304-3822"
Levy County Health Department,Levy,Bronson,FL,32621,(352) 486-5300,http://levy.floridahealth.gov,,,True,"66 W Main St Bronson, FL 32621-6338"
Liberty County Health Department,Liberty,Bristol,FL,32321,(850) 643-2415,http://liberty.floridahealth.gov/,,,True,"10971 Nw Spring St Bristol, FL 32321-6917"
Martin County Health Department,Martin,Stuart,FL,34994,(772) 221-4000,http://martin.floridahealth.gov,https://www.facebook.com/FLDepartmentofHealth,https://twitter.com/HealthyFla,True,"3441 Se Willoughby Blvd Stuart, FL 34994-5060"
Okeechobee County Health Department,Okeechobee,Okeechobee,FL,34972,(863) 462-5800,http://okeechobee.floridahealth.gov/,,,True,"1728 Nw 9Th Ave Okeechobee, FL 34972-4340"
Orange County Health Department,Orange,Orlando,FL,32809,(407) 858-1400,http://orange.floridahealth.gov/,,https://twitter.com/dohOrange,True,"6101 Lake Ellenor Dr Orlando, FL 32809-4616"
Pasco County Health Department,Pasco,Hudson,FL,34667,(727) 861-5250,http://pasco.floridahealth.gov/,https://www.facebook.com/FLDepartmentofHealth,https://twitter.com/HealthyFla,True,"7509 State Road 52 Hudson, FL 34667-6788"
Putnam County Health Department,Putnam,Palatka,FL,32177,(386) 326-3200,http://Putnam.flhealth.gov,https://www.facebook.com/FLDepartmentofHealth,https://twitter.com/HealthyFla,True,"2801 Kennedy St Palatka, FL 32177-4100"
Santa Rosa County Health Department,Santa Rosa,Milton,FL,32572,(850) 983-5200,http://santarosa.floridahealth.gov/,,,True,"PO BOX 929 Milton, FL 32572-0929"
Sarasota County Health Department,Sarasota,Sarasota,FL,34237,(941) 861-2950,http://sarasota.floridahealth.gov/,,,True,"2200 Ringling Blvd Sarasota, FL 34237-6102"
Sumter County Health Department,Sumter,Bushnell,FL,33513,(352) 569-3138,http://sumter.floridahealth.gov/,,,True,"415 E Noble Ave Bushnell, FL 33513-5603"
Suwannee County Health Department,Suwannee,Oak,FL,32064,(386) 362-2708,http://suwannee.floridahealth.gov/,,,True,"915 Nobles Ferry Rd Live Oak, FL 32064-8463"
Taylor County Health Department,Taylor,Perry,FL,32347,(850) 584-5087,http://taylor.floridahealth.gov/,,,True,"1215 N Peacock Ave Perry, FL 32347-2117"
Union County Health Department,Union,Butler,FL,32054,(386) 496-3211,http://union.floridahealth.gov/,,,True,"495 E Main St Lake Butler, FL 32054-1731"
Wakulla County Health Department,Wakulla,Crawfordville,FL,32327,(850) 926-0400,http://wakulla.floridahealth.gov/,,,True,"48 Oak St Crawfordville, FL 32327-2085"
Walton County Health Department,Walton,Springs,FL,32433,(850) 892-8040,https://walton.floridahealth.gov/,,,True,"362 State Highway 83 Defuniak Springs, FL 32433-3800"
Washington County Health Department,Washington,Chipley,FL,32428,(850) 638-6240,http://www.washingtonchd.com,https://www.facebook.com/FLDepartmentofHealth,https://twitter.com/HealthyFla,True,"1338 South Blvd Chipley, FL 32428-1846"
Appling County Health Department,Appling,Waycross,GA,31501,(855) 473-4374,https://www.sehdph.org/our-counties/appling-county-health-department/,https://www.facebook.com/SoutheastHealthDistrict/,https://twitter.com/InfoatSEHD,True,"1101 Church ST Waycross, GA 31501-3525"
Atkinson County Health Department,Atkinson,Waycross,GA,31501,(912) 422-3552,https://www.sehdph.org/our-counties/atkinson-county-health-department/,,,True,"1101 Church ST Waycross, GA 31501-3525"
Bacon County Health Department,Bacon,Waycross,GA,31501,(912) 632-4712,https://www.sehdph.org/our-counties/bacon-county-health-department/,https://www.facebook.com/SoutheastHealthDistrict/,https://twitter.com/InfoatSEHD,True,"1101 Church St Waycross, GA 31501"
Baker County Health Department,Baker,Newton,GA,39870,(229) 734-5226,https://swhealthdistrict.org/baker-county/,,,True,"PO Box 365 Newton, GA 39870"
Baldwin County Health Department,Baldwin,Milledgeville,GA,31061,(478) 445-4274,https://northcentralhealthdistrict.org/baldwin-county-health-department/,,,True,"953 Barrows Ferry Rd Ne Milledgeville, GA 31061-7937"
Banks County Health Department,Banks,Homer,GA,30547,(706) 677-2296,https://phdistrict2.org/banks-county-health-department/,,,True,"667 Thompson St Homer, GA 30547-3110"
Barrow County Health Department,Barrow,Winder,GA,30680,(770) 307-3011,http://www.BarrowCountyHealthDepartment.com,,,True,"PO BOX 1099 Winder, GA 30680-1099"
Bartow County Health Department,Bartow,Cartersville,GA,30121,(770) 382-1920,https://nwgapublichealth.org/counties/bartow/,,,True,"100 Zena Dr Cartersville, GA 30121"
Ben Hill County Health Department,Ben Hill,Fitzgerald,GA,31750,(229) 426-5288,https://southhealthdistrict.com/county-health-departments/ben-hill-county/,,,True,"PO Box 188 Fitzgerald, GA 31750-0188"
Berrien County Health Department,Berrien,Nashville,GA,31639,(229) 686-5411,https://southhealthdistrict.com/county-health-departments/berrien-county-health-department/,,,True,"PO Box 275 Nashville, GA 31639-2651"
Bibb County Health Department,Bibb,Macon,GA,31217,(478) 745-0411,https://northcentralhealthdistrict.org/macon-bibb-county-health-department/,,,True,"171 Emery Hwy Macon, GA 31217-3666"
Bleckley County Health Department,Bleckley,Cochran,GA,31014,(478) 934-6590,https://dph.georgia.gov/locations/bleckley-county-health-department,,,True,"152 N 8Th St Cochran, GA 31014-6021"
Brantley County Health Department,Brantley,Waycross,GA,31501,(912) 462-6165,https://www.sehdph.org/our-counties/brantley-county-health-department/,,,True,"1101 Church St Waycross, GA 31501"
Brooks County Health Department,Brooks,Quitman,GA,31643,(229) 263-7585,https://southhealthdistrict.com/county-health-departments/brooks-county-health-department/,,,True,"PO Box 447 Quitman, GA 31643-1165"
Bryan County Health Department,Bryan,Pembroke,GA,31321,(912) 653-4331,https://coastalhealthdistrict.org/counties/bryan_county/,,,True,"PO BOX 9 Pembroke, GA 31321-0009"
Bulloch County Health Department,Bulloch,Waycross,GA,31501,(912) 285-6002,https://www.sehdph.org/our-counties/bulloch-county-health-department/,https://www.facebook.com/SoutheastHealthDistrict,https://twitter.com/InfoatSEHD,True,"1101 Church ST Waycross, GA 31501-3525"
Burke County Health Department,Burke,Waynesboro,GA,30830,706-554-3456,,,,True,"114 Dogwood Dr Waynesboro, GA 30830-5446"
Butts County Health Department,Butts,Lagrange,GA,30240,(770) 504-2230,https://www.district4health.org/locations/butts-county/,,,True,"District 4: LaGrange Health District Lagrange, GA 30240-4503"
Calhoun County Health Department,Calhoun,Morgan,GA,39866,(229) 849-2515,https://swhealthdistrict.org/calhoun-county/,,,True,"PO BOX 57 Morgan, GA 39866-0057"
Camden County Health Department,Camden,Kingsland,GA,31548,(912) 882-8515,https://coastalhealthdistrict.org/counties/camden_county_health_departmen/,https://www.facebook.com/coastalgeorgiapublichealth,https://twitter.com/coastalhealth91,True,"101 Winding Rd Kingsland, GA 31548"
Candler County Health Department,Candler,Waycross,GA,31501,(855) 473-4374,https://www.sehdph.org/our-counties/candler-county-health-department/,https://www.facebook.com/Candler-County-Health-Department-272743780051444/,https://twitter.com/InfoatSEHD,True,"1101 Church St Waycross, GA 31501-3525"
Carroll County Health Department,Carroll,LaGrange,GA,30240,(770) 836-6667,https://www.district4health.org/locations/carroll-county/,,,True,"District 4: LaGrange Health District LaGrange, GA 30240"
Catoosa County Health Department,Catoosa,Ringgold,GA,30736,(706) 406-2000,https://nwgapublichealth.org/counties/catoosa/,,,True,"145 Catoosa Cir Ringgold, GA 30736-8077"
Charlton County Health Department,Charlton,Waycross,GA,31501,(855) 473-4374,https://www.sehdph.org/our-counties/charlton-county-health-department/,https://www.facebook.com/SoutheastHealthDistrict,https://twitter.com/InfoatSEHD,True,"1101 Church ST Waycross, GA 31501-3525"
Chatham County Health Department,Chatham,Savannah,GA,31406,(912) 356-2441,https://coastalhealthdistrict.org/counties/chatham_county_health_departme/,https://www.facebook.com/coastalgeorgiapublichealth,https://twitter.com/coastalhealth91,True,"1395 Eisenhower Dr Savannah, GA 31406"
Chattahoochee County Health Department,Chattahoochee,Cusseta,GA,31805,(706) 321-6108,,,,True,"213 Mcnaughton St Cusseta, GA 31805-3013"
Chattooga County Health Department,Chattooga,Summerville,GA,30747,(706) 857-3471,https://nwgapublichealth.org/counties/chattooga/,,,True,"60 Farrar Dr Summerville, GA 30747-2013"
Cherokee County Health Department,Cherokee,Canton,GA,30115,(770) 345-7371,http://www.nghd.org/locations/health-depts/cherokee-health.html,,,True,"1219 Univeter Rd Canton, GA 30115"
Clarke County Health Department,Clarke,Athens,GA,30601,(706) 389-6921,https://northeasthealthdistrict.org/locations/clarke-county/,,,True,"345 N Harris St Athens, GA 30601"
Clay County Health Department,Clay,Gaines,GA,39851,(833) 337-1749,,,,True,"101 Hartford RD W Ste 2 Fort Gaines, GA 39851-4331"
Clayton County Health District,Clayton,Jonesboro,GA,30236,(678) 610-7199 (7479),http://www.claytoncountypublichealth.org/,https://www.facebook.com/ccboh/,https://twitter.com/CCBOH,True,"1117 Battlecreek RD Jonesboro, GA 30236-2407"
Clinch County Health Department,Clinch,Waycross,GA,31501,(855) 473-4374,https://www.sehdph.org/our-counties/clinch-county-health-department/,,,True,"1101 Church ST Waycross, GA 31501-3525"
Coffee County Health Department,Coffee,Waycross,GA,31501,(855) 473-4374,https://www.sehdph.org/our-counties/coffee-county-health-department/,https://www.facebook.com/SoutheastHealthDistrict,https://twitter.com/InfoatSEHD,True,"1101 Church ST Waycross, GA 31501-3525"
Colquitt County Health Department,Colquitt,Moultrie,GA,31768,(229) 589-8464,https://swhealthdistrict.org/colquitt-county/,,,True,"214 W Central Ave Moultrie, GA 31768-3834"
Columbia County Health Department,Columbia,Grovetown,GA,30813,(706) 868-3330,,,,True,"1930 William Few Pkwy Grovetown, GA 30813-7802"
Cook County Health Department,Cook,Adel,GA,31620,(229) 896-3030,https://southhealthdistrict.com/county-health-departments/cook-county-health-department/,,,True,"204 N Parrish Ave Adel, GA 31620-2327"
Coweta County Health Department,Coweta,LaGrange,GA,30240,(770) 254-7400,https://www.district4health.org/locations/coweta-county/,,,True,"District 4: LaGrange Health District LaGrange, GA 30240"
Crawford County Health Department,Crawford,Roberta,GA,31078,(478) 836-3167,https://northcentralhealthdistrict.org/crawford-county-health-department/,,,True,"141 Mccrary Ave Roberta, GA 31078-4915"
Crisp County Health Department,Crisp,Cordele,GA,31015,(833) 337-1749,,,,True,"111 E 24Th Ave Cordele, GA 31015-3834"
Dade County Health Department,Dade,Trenton,GA,30752,(706) 657-4213,https://nwgapublichealth.org/counties/dade/,,,True,"PO Box 446 Trenton, GA 30752-0446"
Dawson County Health Department,Dawson,Dawsonville,GA,30534,(706) 265-2611,https://phdistrict2.org/dawson-county-health-department/,,,True,"PO BOX 245 Dawsonville, GA 30534-0005"
DeKalb Public Health,DeKalb,Decatur,GA,30030,(404) 294-3700,https://dekalbpublichealth.com/,https://www.facebook.com/HealthyDeKalb/,https://twitter.com/healthydekalb,True,"445 Winn Way Decatur, GA 30030-1707"
Decatur County Health Department,Decatur,Bainbridge,GA,39819,(229) 248-3055,https://swhealthdistrict.org/decatur-county/,,,True,"928 S West St Bainbridge, GA 39819-4581"
"District 1, Unit 1: Northwest District","District 1, Unit 1: Northwest",Rome,GA,30165,(706) 295-6704,https://nwgapublichealth.org/,https://www.facebook.com/NorthwestHealthDistrict/,,True,"1309 Redmond Rd NW Rome, GA 30165-9655"
"District 1, Unit 2: North Georgia Health District","District 1, Unit 2: North Georgia",Dalton,GA,30720,(706) 529-5757,http://www.nghd.org,https://www.facebook.com/NGaHealth/,https://twitter.com/NGAHealthDist/,True,"1710 Whitehouse Ct Dalton, GA 30720-8427"
District 2: North Health District,District 2: North,Gainesville,GA,30507,(770) 535-5867,http://www.phdistrict2.org,https://www.facebook.com/district2publichealth/,,True,"1280 Athens St Gainesville, GA 30507-7000"
"District 3, Unit 1: Cobb & Douglas Public Health","District 3, Unit 1: Cobb & Douglas",Marietta,GA,30008,(770) 514-2482,http://www.cobbanddouglaspublichealth.org,https://www.facebook.com/CDPHga/,https://twitter.com/cdphga,True,"1650 County Services Pkwy Sw Marietta, GA 30008-4010"
"District 3, Unit 4:  East Metro Health District","District 3, Unit 4: East",Lawrenceville,GA,30046,(770) 339-4260 (179),http://www.gnrhealth.com/locations/gwinnett/,,,True,"455 Grayson Hwy Ste 400 Lawrenceville, GA 30046-6387"
District 4: LaGrange Health District,District 4: LaGrange,Lagrange,GA,30240,(706) 845-4035,http://www.district4health.org,https://www.facebook.com/District4Health,https://twitter.com/D4publichealth,True,"301 Main St Lagrange, GA 30240-4503"
District 6: East Central Health District,District 6: East Central,Athens,GA,30605,(706) 667-4250,http://www.ecphd.com,https://www.facebook.com/ECPHD,https://twitter.com/EastCentralPH,True,"220 Research Dr Athens, GA 30605-2738"
"District 8, Unit 1: South Health District","District 8, Unit 1: South",Valdosta,GA,31603,(229) 245-6416,http://www.southhealthdistrict.com,https://www.facebook.com/southhealthdistrict/,https://twitter.com/SouthHealthDist,True,"PO Box 5147 Valdosta, GA 31603-5147"
"District 8, Unit 2, Southwest Health District","District 8, Unit 2, Southwest",Albany,GA,31701,(229) 352-4275,http://www.southwestgeorgiapublichealth.org/,https://www.facebook.com/pages/Southwest-Georgia-Public-Health-District/219178064778474,,True,"1109 N Jackson St Albany, GA 31701-2022"
"District 9, Unit 1: Coastal Health District","District 9, Unit 1: Coastal",Savannah,GA,31406,(912) 644-5205,http://www.coastalhealthdistrict.org/,,,True,"400 Mall Blvd Savannah, GA 31406"
"District 9, Unit 2: Southeast Health District","District 9, Unit 2: Southeast",Waycross,GA,31501,(912) 285-6002,http://www.sehdph.org,https://www.facebook.com/SoutheastHealthDistrict,https://twitter.com/InfoatSEHD,True,"1101 Church St Waycross, GA 31501-3525"
Dodge County Health Department,Dodge,Eastman,GA,31023,(478) 374-5576,,,,True,"1121 Plaza Ave Eastman, GA 31023-6761"
Dooly County Health Department,Dooly,Vienna,GA,31092,(229) 268-4725,,,,True,"204 W Union St Vienna, GA 31092-1056"
Dougherty County Health Department,Dougherty,Albany,GA,31701,(229) 638-6424,https://swhealthdistrict.org/dougherty-county/,,,True,"1710 S Slappey Blvd Albany, GA 31701-2634"
Early County Health Department,Early,Blakely,GA,39823,(229) 207-0049,https://swhealthdistrict.org/early-county/,,,True,"618 S Flowers Dr Blakely, GA 39823"
Echols County Health Department,Echols,Statenville,GA,31648,(229) 559-5103,https://southhealthdistrict.com/county-health-departments/echols-county-health-department/,,,True,"PO Box 37 Statenville, GA 31648-2018"
Effingham County Health Department,Effingham,Springfield,GA,31329,(912) 754-6484,https://coastalhealthdistrict.org/counties/effingham_county_health_depart_1/,https://www.facebook.com/coastalgeorgiapublichealth,https://twitter.com/coastalhealth91,True,"802 GA Highway 119 S Springfield, GA 31329"
Elbert County Health Department,Elbert,Elberton,GA,30635,(706) 283-3775,https://northeasthealthdistrict.org/locations/elbert-county/,,,True,"618 Jones St Elberton, GA 30635-1985"
Emanuel County Health Department,Emanuel,Swainsboro,GA,30401,(478) 237-7501,https://ecphd.com/counties/emanuel-county-health-department/,,,True,"PO BOX 436 Swainsboro, GA 30401-0436"
Evans County Health Department,Evans,Waycross,GA,31501,(912) 739-2088,https://www.sehdph.org/our-counties/evans-county-health-department/,https://www.facebook.com/SoutheastHealthDistrict,https://twitter.com/InfoatSEHD,True,"1101 Church ST Waycross, GA 31501-3525"
Fannin County Health Center,Fannin,Ridge,GA,30513,(706) 632-3023,https://nghd.org/nghd-locations-listing/item/blue-ridge-clinic,,,True,"95 Ouida St Blue Ridge, GA 30513"
Fayette County Health Department,Fayette,LaGrange,GA,30240,770.305.5416,https://fayettecountyga.gov/health/,,,True,"District 4: LaGrange Health District LaGrange , GA 30240"
Floyd County Health Department,Floyd,Rome,GA,30161,(706) 295-6123,https://nwgapublichealth.org/counties/floyd/,,,True,"16 E 12th ST SE Rome, GA 30161"
Forsyth County Health Department,Forsyth,Cumming,GA,30040,(770) 781-6900,,,,True,"428 Canton Hwy Cumming, GA 30040"
Franklin County Health Department,Franklin,Carnesville,GA,30521,(706) 384-5575,https://www.franklincountyga.gov/health-department,,,True,"6955 Highway 145 Carnesville, GA 30521-4166"
Fulton County Board of Health,Fulton,Atlanta,GA,30303,(404) 852-0355,https://fultoncountyga.gov/Inside-Fulton-County/Fulton-County-Departments/Board-of-Health,,,True,"10 Park Place South SE Ste 445 Atlanta, GA 30303-2913"
GNR Public Health,GNR,Lawrenceville,GA,30046,(770) 339-4260,https://www.gnrhealth.com/,,,True,"2570 Riverside Pkwy Lawrenceville, GA 30046-3339"
Gilmer County Health Department,Gilmer,Ellijay,GA,30540,(706) 635-4363,http://www.nghd.org/locations/health-depts/gilmer-health.html,,,True,"822 Industrial Blvd Ste 100 Ellijay, GA 30540"
Glascock County Health Department,Glascock,Gibson,GA,30810,(706) 598-2061,,,,True,"668 W Main St Gibson, GA 30810-4013"
Glynn County Health Department,Glynn,Brunswick,GA,31520,(912) 264-3961,https://coastalhealthdistrict.org/counties/glynn_county_health_department_1/,https://www.facebook.com/coastalgeorgiapublichealth,https://twitter.com/coastalhealth91,True,"2747 4Th St Brunswick, GA 31520-3714"
Gordon County Health Department,Gordon,Calhoun,GA,30701,(706) 624-1444,https://nwgapublichealth.org/counties/gordon/,,,True,"310 N River St Nw Calhoun, GA 30701-9408"
Grady County Health Department,Grady,Cairo,GA,39828,(229) 377-2992,https://swhealthdistrict.org/grady-county/,,,True,"1030 4Th St Se Cairo, GA 39828-3000"
Greene County Health Department,Greene,Greensboro,GA,30642,(706) 453-7561,https://northeasthealthdistrict.org/locations/greene-county/,,,True,"1031 Apalachee Ave Greensboro, GA 30642-2710"
Habersham County Health Department,Habersham,Demorest,GA,30535,(706) 778-7156,https://phdistrict2.org/habersham-county-health-department/,,,True,"185 Scoggins Dr Demorest, GA 30535-5355"
Hall County Health Department,Hall,Gainesville,GA,30507,(770) 531-5600,https://phdistrict2.org/hall-county-health-department/,,,True,"1290 Athens St Gainesville, GA 30507"
Hancock County Health Department,Hancock,Sparta,GA,31087,(706) 444-6616,https://northcentralhealthdistrict.org/hancock-county-health-department/,,,True,"PO BOX 398 Sparta, GA 31087-0398"
Haralson Community Health Services,Haralson Community,Buchanan,GA,30113,(770) 646-5541,https://nwgapublichealth.org/counties/haralson/,,,True,"PO Box 40 Buchanan, GA 30113-0040"
Harris County Health Department,Harris,Hamilton,GA,31811,(833) 337-1749,,,,True,"PO BOX 265 Hamilton, GA 31811-0265"
Hart County Health Department,Hart,Hartwell,GA,30643,(706) 376-5117,https://phdistrict2.org/hart-county-health-department/,,,True,"64 Reynolds St Hartwell, GA 30643-1315"
Heard County Health Department,Heard,LaGrange,GA,30240,(706) 675-3456,https://www.district4health.org/clinic-sites/heard-county/,,,True,"District 4: LaGrange Health District LaGrange, GA 30240"
Henry County Health Department,Henry,LaGrange,GA,30240,(770) 288-6136,https://www.district4health.org/locations/henry-county/,,,True,"District 4: LaGrange Health District LaGrange, GA 30240"
Houston County Health Department,Houston,Robins,GA,31088,(478) 218-2000,https://northcentralhealthdistrict.org/houston-county-health-department/,,,True,"98 Cohen Walker Dr Warner Robins, GA 31088-2729"
Irwin County Health Department,Irwin,Ocilla,GA,31774,(229) 238-9540,https://southhealthdistrict.com/county-health-departments/irwin-county-health-department/,,,True,"407 W 4Th St Ocilla, GA 31774-1463"
Jackson County Health Department,Jackson,Jefferson,GA,30549,(706) 367-1825,https://northeasthealthdistrict.org/locations/jackson-county/,https://www.facebook.com/TeamMatters,,True,"341 Stan Evans Dr Jefferson, GA 30549-2909"
Jasper County Health Department,Jasper,Monticello,GA,31064,(706) 468-6850,https://northcentralhealthdistrict.org/jasper-county-health-department/,,,True,"825 Eatonton St Monticello, GA 31064-1062"
Jeff Davis County Health Department,Jeff Davis,Waycross,GA,31501,(912) 375-2425,https://www.sehdph.org/our-counties/jeff-davis-county-health-department/,,,True,"1101 Church ST Waycross, GA 31501-3525"
Jefferson County Board of Health,Jefferson,Louisville,GA,30434,(478) 625-3716,,,,True,"2501 Us Highway 1 N Louisville, GA 30434-5213"
Jenkins County Health Department,Jenkins,Millen,GA,30442,(478) 982-2811,,,,True,"709 Virginia Ave Millen, GA 30442-5270"
Johnson County Health Department,Johnson,Wrightsville,GA,31096,(478) 864-3542,https://www.johnsonco.org/community/page/johnson-county-health-department,,,True,"82 Hilton Holton St Wrightsville, GA 31096-5819"
Jones County Health Department,Jones,Gray,GA,31032,(478) 986-3164,https://northcentralhealthdistrict.org/jones-county-health-department/,,,True,"114 Forest St Gray, GA 31032-5860"
Lamar County Health Department,Lamar,LaGrange,GA,30240,(770) 358-1483,https://www.district4health.org/locations/lamar-county/,,,True,"District 4: LaGrange Health District LaGrange, GA 30240"
Lanier County Health Department,Lanier,Lakeland,GA,31635,(229) 482-3294,https://southhealthdistrict.com/county-health-departments/lanier-county-health-department/,,,True,"114 S Oak St Lakeland, GA 31635"
Laurens County Health Department,Laurens,Dublin,GA,31021,(478) 274-7964,,,,True,"654 County Farm Rd Dublin, GA 31021-1799"
Lee County Health Department,Lee,Leesburg,GA,31763,(229) 759-3014,https://swhealthdistrict.org/lee-county/,,,True,"112 Park St W Leesburg, GA 31763-4489"
Liberty County Health Department,Liberty,Hinesville,GA,31310,(912) 876-2173,https://coastalhealthdistrict.org/counties/liberty_county/,https://www.facebook.com/coastalgeorgiapublichealth,https://twitter.com/coastalhealth91,True,"PO BOX 231 Hinesville, GA 31310-0231"
Lincoln County Health Department,Lincoln,Lincolnton,GA,30817,(706) 359-3154,,,,True,"PO BOX 65 Lincolnton, GA 30817-0065"
Long County Health Department,Long,Ludowici,GA,31316,(912) 545-2107,https://coastalhealthdistrict.org/counties/long_county_health_department_1/,https://www.facebook.com/coastalgeorgiapublichealth,https://twitter.com/coastalhealth91,True,"PO BOX 279 Ludowici, GA 31316-0279"
Lowndes County Health Department,Lowndes,Valdosta,GA,31603,(229) 333-5257,https://southhealthdistrict.com/county-health-departments/lowndes-county-health-department/,,,True,"PO BOX 5619 Valdosta, GA 31603-5668"
Lumpkin County Health Department,Lumpkin,Dahlonega,GA,30533,(706) 867-2727,https://www.lumpkincounty.gov/296/Health,,,True,"60 Mechanicsville Rd Dahlonega, GA 30533-0840"
Macon County Health Department,Macon,Oglethorpe,GA,31068,(478) 472-8121,,,,True,"PO BOX 729 Oglethorpe, GA 31068-0729"
Madison County Health Department,Madison,Danielsville,GA,30633,(706) 795-2131,https://northeasthealthdistrict.org/locations/madison-county/,,,True,"PO BOX 26 Danielsville, GA 30633-0026"
Marion County Health Department,Marion,Vista,GA,31803,(229) 649-5664,,,,True,"111 N Baker St Ste A Buena Vista, GA 31803-1813"
McDuffie County Health Department,McDuffie,Thomson,GA,30824,(706) 595-1740,https://ecphd.com/counties/mcduffie-county-health-department/,https://www.facebook.com/ECPHD,,True,"307 Greenway ST Thomson, GA 30824-2721"
McIntosh County Health Department,McIntosh,Townsend,GA,31331,(912) 832-5473,https://coastalhealthdistrict.org/counties/mcintosh_county_health_departm_1/,https://www.facebook.com/coastalgeorgiapublichealth,https://twitter.com/coastalhealth91,True,"PO BOX 231 Townsend, GA 31331-0231"
Meriwether County Health Department,Meriwether,LaGrange,GA,30240,(706) 672-4974,https://www.district4health.org/clinic-sites/meriwether-county/,,,True,"District 4: LaGrange Health District LaGrange, GA 30240"
Miller County Health Department,Miller,Colquitt,GA,39837,(229) 758-3344,https://swhealthdistrict.org/miller-county/,,,True,"250 W Pine St Colquitt, GA 39837-3532"
Mitchell County Health Department,Mitchell,Camilla,GA,31730,(229) 355-3081,https://swhealthdistrict.org/mitchell-county/,,,True,"88 W Oakland Ave Camilla, GA 31730-1254"
Monroe County Health Department,Monroe,Forsyth,GA,31029,(478) 992-5083,https://northcentralhealthdistrict.org/monroe-county-health-department/,,,True,"106 Martin Luther King Jr Dr Forsyth, GA 31029-1649"
Montgomery County Health Department,Montgomery,Vernon,GA,30445,(912) 583-4602,https://www.montcoga.gov/health-department,,,True,"218 W Broad St Mount Vernon, GA 30445-0010"
Morgan County Health Department,Morgan,Madison,GA,30650,(706) 752-1266,https://northeasthealthdistrict.org/locations/morgan-county/,,,True,"2005 S Main St Ste 200 Madison, GA 30650-2055"
Murray County Health Department,Murray,Chatsworth,GA,30705,(706) 695-4585,https://nghd.org/nghd-locations-listing/item/chatsworth-clinic,,,True,"709 Old Dalton Ellijay Rd Chatsworth, GA 30705"
Muscogee County Health Department,Muscogee,Columbus,GA,31904,(706) 321-6300,https://dph.georgia.gov/locations/muscogee-county-health-department,,,True,"2100 Comer Ave Columbus, GA 31904-8725"
North Central District,North Central,Macon,GA,31201,(478) 751-6303,https://northcentralhealthdistrict.org/,https://www.facebook.com/NCHD52/,https://twitter.com/NCHD52,True,"201 2nd St Ste 1100 Macon, GA 31201"
Northeast Health District,Northeast,Athens,GA,30605,(706) 583-2870,http://publichealthathens.com,,,True,"220 Research DR Athens, GA 30605-2738"
Oconee County Health Department,Oconee,Watkinsville,GA,30677,(706) 769-3983,https://northeasthealthdistrict.org/locations/oconee-county/,,,True,"PO Box 222 Watkinsville, GA 30677"
Oglethorpe County Health Department,Oglethorpe,Lexington,GA,30648,(706) 743-8181,https://northeasthealthdistrict.org/locations/oglethorpe-county/,,,True,"305 Union Point Rd Lexington, GA 30648"
Paulding County Health Department,Paulding,Dallas,GA,30132,(770) 443-7881,https://nwgapublichealth.org/counties/paulding/,,,True,"451 Jimmy Campbell Pkwy Dallas, GA 30132"
Peach County Health Department,Peach,Valley,GA,31030,(478) 825-6939,https://northcentralhealthdistrict.org/peach-county-health-department/,,,True,"406 E Church St Fort Valley, GA 31030-3097"
Pickens County Health Department,Pickens,Jasper,GA,30143,(706) 253-2821,https://nghd.org/nghd-locations-listing/item/jasper-clinic,,,True,"60 Health Way Jasper, GA 30143"
Pierce County Health Department,Pierce,Waycross,GA,31501,(855) 473-4374,https://www.sehdph.org/our-counties/pierce-county-health-department/,https://www.facebook.com/SoutheastHealthDistrict/,https://twitter.com/infoatsehd,True,"1101 Church ST Waycross, GA 31501-3525"
Pike County Health Department,Pike,LaGrange,GA,30240,(770) 567-8972,https://www.district4health.org/locations/pike-county/,,,True,"District 4: LaGrange Health District LaGrange, GA 30240"
Polk County Health Department,Polk,Cedartown,GA,30125,(770) 749-2270,https://nwgapublichealth.org/counties/polk/,,,True,"125 E Ware St Cedartown, GA 30125-3051"
Pulaski County Health Department,Pulaski,Hawkinsville,GA,31036,(478) 783-1361,,,,True,"81 N Lumpkin St Hawkinsville, GA 31036-4721"
Putnam County Health Department,Putnam,Eatonton,GA,31024,(706) 485-8591,https://northcentralhealthdistrict.org/putnam-county-health-department/,,,True,"117 Putnam Dr Ste C Eatonton, GA 31024-6527"
Quitman County Health Department,Quitman,Georgetown,GA,39854,(229) 334-3697,,,,True,"105 Main St Georgetown, GA 39854-4404"
Rabun County Health Department,Rabun,Clayton,GA,30525,(706) 212-0289,https://phdistrict2.org/rabun-county-health-department/,,,True,"184 S Main St Clayton, GA 30525-5890"
Randolph County Health Department,Randolph,Cuthbert,GA,39840,(229) 732-2414,,,,True,"207 N Webster St Cuthbert, GA 39840-2523"
Richmond County Health Department,Richmond,Augusta,GA,30901,(706) 721-5800,https://ecphd.com/counties/richmond-county-health-department/,,,True,"950 Laney Walker Blvd Augusta, GA 30901-2960"
Rockdale County Health Department,Rockdale,Conyers,GA,30012,(770) 785-4345,https://www.gnrhealth.com/locations/rockdale/health-center/,,,True,"955 Taylor St Sw Conyers, GA 30012"
Schley County Health Department,Schley,Ellaville,GA,31806,(229) 937-2208,,,,True,"45 W Oglethorpe St Ellaville, GA 31806-3154"
Screven County Health Department,Screven,Sylvania,GA,30467,(912) 564-2182,https://ecphd.com/counties/screven-county-health-department/,,,True,"416 Pine St Sylvania, GA 30467-2036"
Seminole County Health Department,Seminole,Donalsonville,GA,39845,(229) 495-6590,https://swhealthdistrict.org/seminole-county/,,,True,"904 N Wiley Ave Donalsonville, GA 39845-1127"
South Central District,South Central,Dublin,GA,31021,(478) 275-6561,http://southcentralhealth.info/,https://www.facebook.com/SouthCentralHealthDistrict/,https://twitter.com/SCHD_5_1,True,"105 E Jackson St Dublin, GA 31021-2998"
Spalding County Health Department,Spalding,LaGrange,GA,30240,(770) 467-4740,https://www.district4health.org/locations/spalding-county/,,,True,"District 4: LaGrange Health District LaGrange, GA 30240"
Stephens County Health Department,Stephens,Toccoa,GA,30577,(706) 282-4507,https://phdistrict2.org/stephens-county-health-department/,,,True,"64 Boulevard Ste 102 Toccoa, GA 30577-3043"
Stewart County Health Department,Stewart,Lumpkin,GA,31815,(833) 337-1749,,,,True,"PO BOX 307 Lumpkin, GA 31815-0307"
Sumter County Health Department,Sumter,Americus,GA,31719,(229) 924-3637,,,,True,"1601 N Martin Luther King Jr Blvd Ste 100 Americus, GA 31719-2489"
Talbot County Health Department,Talbot,Talbotton,GA,31827,(706) 786-6410,,,,True,"PO BOX 247 Talbotton, GA 31827-0247"
Taliaferro County Health Department,Taliaferro,Crawfordville,GA,30631,(706) 456-2316,,,,True,"109 Commerce St Nw Crawfordville, GA 30631-2924"
Tattnall County Health Department,Tattnall,Waycross,GA,31501,(855) 473-4347,https://www.sehdph.org/our-counties/tattnall-county-health-department/,https://www.facebook.com/SoutheastHealthDistrict/,https://twitter.com/infoatsehd,True,"1101 Church St Waycross, GA 31501"
Taylor County Health Department,Taylor,Butler,GA,31006,(833) 337-1749,,,,True,"PO BOX 459 Butler, GA 31006-0459"
Telfair County Health Department,Telfair,Rae,GA,31055,(229) 868-7404,https://dph.georgia.gov/locations/telfair-county-health-department,,,True,"89 Telfair Ave Mc Rae, GA 31055-4818"
Terrell County Health Department,Terrell,Dawson,GA,39842,(229) 352-4277,https://swhealthdistrict.org/terrell-county/,,,True,"969 Forrester Dr Se Dawson, GA 39842-2106"
Thomas County Health Department,Thomas,Thomasville,GA,31792,(229) 226-4241,https://dph.georgia.gov/locations/thomas-county-health-department-0,,,True,"484 Smith Ave Thomasville, GA 31792-5535"
Tift County Health Department,Tift,Tifton,GA,31794,(229) 386-8373,https://southhealthdistrict.com/county-health-departments/tift-county-health-department/,,,True,"PO Box 715 Tifton, GA 31794-4017"
Toombs County Health Department,Toombs,Waycross,GA,31501,(855) 473-4374,https://www.sehdph.org/our-counties/toombs-county-health-department/,,,True,"1101 Church ST Waycross, GA 31501-3525"
Towns County Health Department,Towns,Harris,GA,30582,(706) 896-2265,http://www.townscountyga.org/health-department.html,,,True,"1104 Jack Dayton Cir Young Harris, GA 30582-2334"
Treutlen County Health Department,Treutlen,Soperton,GA,30457,(912) 529-4217,https://treutlencountygov.com/business_detail_T21_R13.php,,,True,"5614 N Third St Soperton, GA 30457-2009"
Troup County Health Department,Troup,LaGrange,GA,30240,(706) 845-4085,https://www.district4health.org/clinic-sites/troup-county/,,,True,"District 4: LaGrange Health District LaGrange, GA 30240"
Turner County Health Department,Turner,Ashburn,GA,31714,(229) 238-9595,https://southhealthdistrict.com/county-health-departments/turner-county-health-department/,,,True,"PO Box 614 Ashburn, GA 31714"
Twiggs County Health Department,Twiggs,Jeffersonville,GA,31044,(478) 945-3351,https://northcentralhealthdistrict.org/twiggs-county-health-department/,,,True,"26 Main St Jeffersonville, GA 31044-3638"
Union County Health Department,Union,Blairsville,GA,30512,(706) 745-6292,https://phdistrict2.org/union-county-health-department/,,,True,"67 Chase Dr Blairsville, GA 30512-8564"
Upson County Health Department,Upson,LaGrange,GA,30240,(706) 647-7148,https://www.district4health.org/locations/upson-county/,https://www.facebook.com/District4Health,https://twitter.com/D4publichealth,True,"District 4: LaGrange Health District LaGrange, GA 30240"
Walker County Health Department,Walker,Fayette,GA,30728,(706) 638-5577,https://nwgapublichealth.org/counties/walker/,,,True,"PO Box 609 La Fayette, GA 30728-0609"
Walton County Health Department,Walton,Monroe,GA,30655,(770) 207-4125,https://northeasthealthdistrict.org/locations/walton-county/,,,True,"1404 S Madison Ave Monroe, GA 30655-2816"
Ware County Board of Health,Ware,Waycross,GA,31501,(912) 283-1996,https://www.sehdph.org/our-counties/ware-county-health-department/,,,True,"1101 Church St Waycross, GA 31501"
Warren County Health Department,Warren,Augusta,GA,30909,(706) 667-4329,https://ecphd.com/counties/warren-county-health-department/,,,True,"1916 N Leg RD Augusta, GA 30909-4402"
Washington County Health Department,Washington,Sandersville,GA,31082,(478) 553-3210,https://northcentralhealthdistrict.org/washington-county-health-department/,,,True,"201 Morningside Dr Sandersville, GA 31082-2426"
Wayne County Health Department,Wayne,Waycross,GA,31501,(855) 473-4374,https://www.sehdph.org/our-counties/wayne-county-health-department/,,,True,"1101 Church ST Waycross, GA 31501-3525"
Webster County Health Department,Webster,Preston,GA,31824,(229) 828-3225,,,,True,"PO BOX 12 Preston, GA 31824-0012"
West Central Health District,West Central,Columbus,GA,31902,(706) 321-6108,https://westcentralhealthdistrict.com/,,,True,"PO BOX 2299 Columbus, GA 31902-2299"
Wheeler County Health Department,Wheeler,Alamo,GA,30411,(912) 568-7161,https://dph.georgia.gov/locations/wheeler-county-health-department,,,True,"PO Box 669 Alamo, GA 30411"
White County Health Department,White,Cleveland,GA,30528,(706) 865-2191,https://phdistrict2.org/white-county-health-department/,,,True,"1331 Helen Hwy Cleveland, GA 30528-2834"
Whitfield County Health Department,Whitfield,Dalton,GA,30720,(706) 279-9600,https://nghd.org/nghd-locations-listing/item/dalton-clinic,,,True,"800 Professional Blvd Dalton, GA 30720"
Wilcox County Health Department,Wilcox,Rochelle,GA,31079,(229) 365-2310,http://southcentralhealth.info/county-health-departments/wilcox/,,,True,"PO BOX 235 Rochelle, GA 31079-0235"
Wilkes County Health Department,Wilkes,Washington,GA,30673,(706) 678-2622,https://ecphd.com/counties/wilkes-county-health-department/,,,True,"204 Gordon St Washington, GA 30673-1604"
Wilkinson County Health Department,Wilkinson,Irwinton,GA,31042,(478) 946-2226,https://northcentralhealthdistrict.org/wilkinson-county-health-department/,,,True,"123 High Hill St Irwinton, GA 31042-2611"
Worth County Health Department,Worth,Sylvester,GA,31791,(229) 777-2150,https://swhealthdistrict.org/worth-county/,,,True,"1012 W Franklin ST Sylvester, GA 31791-1978"
Hawaii District Health Office,Hawaii,Hilo,HI,96720,(808) 974-6006,https://health.hawaii.gov/big-island/,,,True,"75 Aupuni St # 201 Hilo, HI 96720-4245"
Hawaii State Department of Health,Hawaii State,Honolulu,HI,96813,(808) 586-4410,http://hawaii.gov/health/,,,True,"1250 Punchbowl ST Honolulu, HI 96813-2416"
Kauai District Health Office,Kauai,Lihue,HI,96766,(808) 241-3495,https://health.hawaii.gov/kauai/,,,True,"3040 Umi St Lihue, HI 96766-1828"
Maui District Health Office,Maui,Wailuku,HI,96793,(808) 984-8200,https://health.hawaii.gov/maui/,,,True,"54 S High St Rm 301 Wailuku, HI 96793-2198"
Central District Health (Region 4),Central District Health (Region 4),Boise,ID,83704,(208) 375-5211,https://cdh.idaho.gov/,https://www.facebook.com/cdhdidaho/,https://twitter.com/cdhdidaho,True,"707 N Armstrong Pl Boise, ID 83704-0825"
Eastern Idaho Public Health District (Region 7),Eastern Idaho Public Health District (Region 7),Falls,ID,83401,(208) 533-3163,http://www.EIPH.Idaho.gov,,,True,"1250 Hollipark Dr Idaho Falls, ID 83401-6217"
Panhandle Health District (Region 1),Panhandle Health District (Region 1),Hayden,ID,83835,(208) 415-5100,http://www.panhandlehealthdistrict.org/,https://www.facebook.com/iphd1,https://twitter.com/phdidaho,True,"8500 N Atlas Rd Hayden, ID 83835-8332"
Public Health – Idaho North Central District,Public Health – Idaho North Central,Lewiston,ID,83501,(208) 799-0344,http://www.idahopublichealth.com,,,True,"215 10Th St Lewiston, ID 83501-1910"
South Central Public Health District (PHD 5),South Central Public Health District (PHD 5),Falls,ID,83301,(208) 737-5900,https://phd5.idaho.gov/,https://www.facebook.com/SouthCentralPublicHealthDistrict/,https://twitter.com/SCPHD,True,"1020 Washington St N Twin Falls, ID 83301-3156"
Southeastern Idaho Public Health,Southeastern Idaho,Pocatello,ID,83201,(208) 233-9080,https://www.siphidaho.org/,https://www.facebook.com/siphidaho,https://twitter.com/siphidaho,True,"1901 Alvin Ricken Dr Pocatello, ID 83201-2727"
Southwest District Health Department (Region 3),Southwest District Health Department (Region 3),Caldwell,ID,83607,(208) 455-5300,http://www.swdh.org,,,True,"13307 Miami Ln Caldwell, ID 83607-4701"
Adams County Health Department,Adams,Quincy,IL,62301,(217) 222-8440,https://www.co.adams.il.us/government/departments/health-department,https://www.facebook.com/AdamsCountyHealth,,True,"330 Vermont St Quincy, IL 62301-2700"
Arlington Heights Health & Human Services Department,Arlington Heights,Heights,IL,60005,,https://www.vah.com/government/departments/health___human_services/index.php,,,True,"33 S Arlington Heights RD Arlington Heights, IL 60005-1403"
Berwyn Township Public Health District,Berwyn Township,Berwyn,IL,60402,(708) 788-6600,https://www.berwyn-il.gov/government/township,,,True,"6600 W. 26th ST Berwyn, IL 60402-2652"
Bond County Health Department,Bond,Greenville,IL,62246,(618) 664-1442,http://www.bchd.us,https://www.facebook.com/BondCountyHD/,https://twitter.com/BondCountyHD,True,"1520 S 4Th St Greenville, IL 62246-2618"
Boone County Department of Public Health,Boone,Belvidere,IL,61008,(815) 547-8591,http://www.boonehealth.org/,,https://twitter.com/boonecohealth,True,"1204 Logan Ave Belvidere, IL 61008-4031"
Brown County Health Department,Brown,Sterling,IL,62353,(217) 773-2714,https://www.browncoil.org/public-health/,,,True,"120 E Main St Mount Sterling, IL 62353-1326"
"Bureau, Putnam & Marshall County Health Department","Bureau, Putnam & Marshall",Princeton,IL,61356,(815) 872-5091,https://www.bpmhd.org/,,,True,"526 S Bureau Valley Pkwy Princeton, IL 61356-2046"
Calhoun County Health Department,Calhoun,Hardin,IL,62047,(618) 576-2428,https://www.calhouncountyhealth.net/,,,True,"210 French St Hardin, IL 62047-4422"
Carroll County Health Department,Carroll,Carroll,IL,61053,(815) 244-8855,http://www.ccphd.org,,,True,"822 S Mill St Mount Carroll, IL 61053-1243"
Cass County Health Department,Cass,Virginia,IL,62691,(217) 452-3057,https://www.casscohealth.org,https://www.facebook.com/Cass-County-Health-Department-166307846760640/,https://twitter.com/casscohealth,True,"331 S Main St Virginia, IL 62691-1571"
Champaign-Urbana Public Health District,Champaign-Urbana,Champaign,IL,61820,(217) 531-5369,http://www.c-uphd.org,,,True,"201 W Kenyon Rd Champaign, IL 61820-7892"
Chicago Department of Public Health,Chicago,Chicago,IL,60608,(312) 747-9872,http://www.cityofchicago.org/health,https://www.facebook.com/ChicagoPublicHealth,https://twitter.com/ChiPublicHealth,True,"1340 S Damen Ave Chicago, IL 60608"
Christian County Health Department,Christian,Taylorville,IL,62568,(217) 824-4113,https://cchdil.org/,,,True,"730 N Pawnee ST Taylorville, IL 62568-1400"
Clark County Health Department,Clark,Martinsville,IL,62442,(217) 967-2243,https://clarkhd.org,,,True,"997 N York ST Martinsville, IL 62442-1268"
Clay County Health Department,Clay,Flora,IL,62839,(618) 662-4406,http://www.healthdept.org,,,True,"601 E 12Th St Flora, IL 62839-2335"
Clinton County Health Department,Clinton,Carlyle,IL,62231,(618) 594-2723,http://clintoncountyhealth.com,,,True,"991 Franklin ST Carlyle, IL 62231-1818"
Coles County Health Department,Coles,Charleston,IL,61920,(217) 348-0530 (227),https://www.colesco.illinois.gov/cchd/,https://www.facebook.com/ColesCountyHealthDepartment,,True,"825 18Th St Charleston, IL 61920-2940"
Cook County Department of Public Health,Cook,Bridgeview,IL,60455,(708) 836-8600,https://www.cookcountypublichealth.org/,,,True,"10220 S 76th Ave RM 250 Bridgeview, IL 60455-2451"
Crawford County Health Department,Crawford,Robinson,IL,62454,(618) 544-8798,http://www.cchd.net,,,True,"202 N Christopher Blvd Robinson, IL 62454-3900"
Cumberland County Health Department,Cumberland,Toledo,IL,62468,(217) 849-3211,http://cumberlandhealth.org/index.php,,,True,"200 S. Indiana St. Toledo, IL 62468"
DeKalb County Health Department,DeKalb,Dekalb,IL,60115,(815) 758-6673,https://health.dekalbcounty.org,,,True,"2550 N Annie Glidden Rd Dekalb, IL 60115"
DeWitt-Piatt Bi County Health Department,DeWitt-Piatt Bi,Clinton,IL,61727,(217) 935-3427,https://www.dewittpiatthealth.com,,,True,"5924 Revere Rd Clinton, IL 61727"
Douglas County Health Department,Douglas,Tuscola,IL,61953,(217) 253-4137,https://www.dchealthil.org/,,,True,"1250 E Us Highway 36 Tuscola, IL 61953-8020"
DuPage County Health Department,DuPage,Wheaton,IL,60187,(630) 682-7400,http://www.dupagehealth.org,https://www.facebook.com/DuPageHealth/,https://twitter.com/DuPageHD,True,"111 N County Farm Rd Wheaton, IL 60187-3977"
East Side Health District,East Side,Louis,IL,62205,(618) 271-8722,http://www.eastsidehealthdistrict.org,,,True,"650 N 20th St East Saint Louis, IL 62205"
Edgar County Public Health Department,Edgar,Paris,IL,61944,(217) 465-2212,https://ecphd.org,,,True,"502 Shaw Ave Paris, IL 61944-2352"
Effingham County Health Department,Effingham,Effingham,IL,62401,(217) 342-9237,http://www.effcohealth.org,,,True,"901 W Virginia Ave Effingham, IL 62401-2012"
Egyptian Health Department,Egyptian,Eldorado,IL,62930,(618) 273-3326,http://www.egyptian.org,,,True,"1412 Us Highway 45 N Eldorado, IL 62930-3766"
Evanston Health and Human Services,Evanston,Evanston,IL,60201,(847) 448-4311,https://www.cityofevanston.org/government/departments/health-human-services,,,True,"2100 Ridge Ave Evanston, IL 60201-2716"
Fayette County Health Department,Fayette,Vandalia,IL,62471,(618) 283-1044,http://www.fayettehealthdept.org,,,True,"416 W Edwards St Vandalia, IL 62471-2706"
Ford County Public Health Department,Ford,Paxton,IL,60957,(217) 379-9281,http://www.fordcountyphd.org/,,,True,"1500 W Ottawa Paxton, IL 60957"
Franklin-Williamson Bi-County Health Department,Franklin-Williamson Bi-County,Marion,IL,62959,(618) 993-8111,http://bicountyhealth.org,,,True,"8160 Express Dr Marion, IL 62959"
Fulton County Health Department,Fulton,Canton,IL,61520,(309) 647-1134,http://www.fultoncountyhealth.com,,,True,"700 E Oak St Canton, IL 61520-3157"
Greene County Health Department,Greene,Carrollton,IL,62016,(217) 942-6961,http://www.greenecountyhealth.com,,,True,"310 5th ST Carrollton, IL 62016-1325"
Grundy County Health Department,Grundy,Morris,IL,60450,(815) 941-3404,https://www.grundyco.org/health/,,,True,"1320 Union St Morris, IL 60450-2426"
Hamilton County Health Department,Hamilton,Leansboro,IL,62859,(618) 643-3522,https://hchdil.com/,,,True,"100 S Jackson St Rm 5 Mc Leansboro, IL 62859-1462"
Hancock County Health Department,Hancock,Carthage,IL,62321,(217) 357-2171,https://www.hancockcountyhealthdepartment.org/,,,True,"671 Wabash Ave Carthage, IL 62321-1443"
Henderson County Health Department,Henderson,Gladstone,IL,61437,(309) 627-2812 (241),http://hendcohealth.com,,,True,"PO BOX 220 Gladstone, IL 61437-0220"
Henry &  Stark County Health Department,Henry & Stark,Kewanee,IL,61443,(309) 852-0197,http://www.henrystarkhealth.com/,,,True,"110 N Burr Blvd Ste A Kewanee, IL 61443-2214"
Iroquois County Health Department,Iroquois,Watseka,IL,60970,(815) 432-2483,https://co.iroquois.il.us/offices/health-department,,,True,"1001 E Grant St Watseka, IL 60970-1800"
Jackson County Health Department,Jackson,Murphysboro,IL,62966,(618) 684-3143,http://www.jchdonline.org,,,True,"415 Health Dept Rd Murphysboro, IL 62966-6108"
Jasper County Health Department,Jasper,Newton,IL,62448,(618) 783-4436,http://www.jasperhealth.org,,,True,"106 E Edwards St Newton, IL 62448"
Jefferson County Health Department,Jefferson,Vernon,IL,62864,(618) 244-7134,https://jeffersoncountyhealthdept.org/,,,True,"4102 S Water Tower Pl Mount Vernon, IL 62864"
Jersey County Health Department,Jersey,Jerseyville,IL,62052,(618) 498-9565,,,,True,"1307 State Highway 109 Jerseyville, IL 62052"
Jo Daviess County Health Department,Jo Daviess,Galena,IL,61036,(815) 777-0263,http://www.jodaviesscountyil.gov/health,,,True,"9483 US Hwy 20 West Galena, IL 61036"
Kane County Health Department,Kane,Aurora,IL,60506,(630) 208-3801,http://www.kanehealth.com,,,True,"1240 N Highland Ave Ste 27 Aurora, IL 60506-1455"
Kankakee County Health Department,Kankakee,Kankakee,IL,60901,(815) 802-9400,http://kankakeehealth.org,,,True,"2390 W Station St Kankakee, IL 60901-3000"
Kendall County Health Department,Kendall,Yorkville,IL,60560,(630) 553-9100,http://www.kendallhealth.org,,,True,"811 W John St Yorkville, IL 60560-9249"
Knox County Health Department,Knox,Galesburg,IL,61401,(309) 344-2224,http://www.knoxcountyhealth.org,,,True,"1361 W Fremont St Galesburg, IL 61401-2436"
LaSalle County Health Department,LaSalle,Ottawa,IL,61350,(815) 433-3366,https://www.lasallecountyil.gov/219/Health-Department,,,True,"717 E Etna Road Ottawa, IL 61350"
Lake County Health Department and Community Health Center,Lake County Health Department and Community,Waukegan,IL,60085,(847) 377-8000,https://www.lakecountyil.gov/148/Health-Department-Community-Health-Cente,,,True,"3010 Grand Ave Fl 3 Waukegan, IL 60085-2321"
Lawrence County Health Department,Lawrence,Lawrenceville,IL,62439,(618) 943-3302,http://www.lchealth.com,,,True,"2101 James ST Lawrenceville, IL 62439-2027"
Lee County Health Department,Lee,Dixon,IL,61021,(815) 284-3371,http://www.lchd.com,,,True,"309 S Galena Ave Ste 100 Dixon, IL 61021-3090"
Livingston County Health Department,Livingston,Pontiac,IL,61764,(815) 844-7174,http://www.lchd.us,,,True,"310 E Torrance Ave Pontiac, IL 61764-2748"
Logan County Department of Public Health,Logan,Lincoln,IL,62656,(217) 735-2317,http://www.lcdph.org,,,True,"109 3rd St Lincoln, IL 62656"
Macon County Health Department,Macon,Decatur,IL,62521,(217) 423-6988,http://www.maconcountyhealth.org,,,True,"1221 E Condit St Decatur, IL 62521-1405"
Macoupin County Public Health Department,Macoupin,Carlinville,IL,62626,(217) 854-3223 (224),http://www.mcphd.net,,,True,"205 Oakland Ave Carlinville, IL 62626-1921"
Madison County Health Department,Madison,River,IL,62095,(618) 692-8954,http://www.madisonchd.org,,,True,"101 E Edwardsville Rd Wood River, IL 62095-1369"
Marion County Health Department,Marion,Salem,IL,62881,(618) 548-3878,http://www.marioncountyhealthdept.org,,,True,"118 Cross Creek Blvd Salem, IL 62881-1920"
Mason County Health Department,Mason,Havana,IL,62644,(309) 210-0110,https://www.masoncohealth.com,,,True,"1002 E Laurel Ave Havana, IL 62644-6973"
McDonough County Health Department,McDonough,Macomb,IL,61455,(309) 837-9951,http://www.mchdept.com,,,True,"505 E Jackson St Macomb, IL 61455-2310"
McHenry County Department of Health,McHenry,Woodstock,IL,60098,(815) 334-4510,https://www.mchenrycountyil.gov/departments/health-department,,,True,"2200 N Seminary Ave Woodstock, IL 60098-2637"
McLean County Health Department,McLean,Bloomington,IL,61701,(309) 888-5450,http://health.mcleancountyil.gov,,,True,"200 West Front Street, Rm 500 D Bloomington, IL 61701-5067"
Menard County Health Department,Menard,Petersburg,IL,62675,(217) 535-3102,http://menardcountyil.com/departments/health-department/,,,True,"One Centre Drive Petersburg, IL 62675"
Mercer County Health Department,Mercer,Aledo,IL,61231,(309) 582-3759,https://www.mercercountyil.org/deparments/health.php,,,True,"305 Nw 7Th St Aledo, IL 61231-1072"
Monroe County Health Department,Monroe,Waterloo,IL,62298,(618) 939-3871,https://monroecountyhealth.org,,,True,"1315 Jamie Ln Waterloo, IL 62298-5569"
Montgomery County Health Department,Montgomery,Hillsboro,IL,62049,(217) 532-2001,http://www.montgomeryco.com/health/,,,True,"11191 Illinois Route 185 Hillsboro, IL 62049-2664"
Morgan County Health Department,Morgan,Jacksonville,IL,62650,(217) 245-5111,http://www.morganhd.com,,,True,"425 E State St Jacksonville, IL 62650-2125"
Moultrie County Health Department,Moultrie,Sullivan,IL,61951,(217) 728-4114,https://www.moultriehealth.org,,,True,"202 S Main St Sullivan, IL 61951-1958"
Oak Park Department of Public Health,Oak Park,Park,IL,60302,(708) 358-5480,https://www.oak-park.us/village-services/department-public-health,,,True,"123 Madison St Oak Park, IL 60302-4205"
Ogle County Health Department,Ogle,Oregon,IL,61061,(815) 562-6976,https://www.oglecounty.org/departments/health_department/contact_us.php,,,True,"907 Pines RD Oregon, IL 61061-9006"
Peoria City/County Health Department,Peoria City/County,Peoria,IL,61604,(309) 679-6000,https://www.pcchd.org/directory.aspx?EID=5,,,True,"2116 N Sheridan Rd Peoria, IL 61604-3457"
Perry County Health Department,Perry,Pinckneyville,IL,62274,(618) 357-5371 (103),http://www.perryhealth.net,,,True,"907 S Main ST Pinckneyville, IL 62274-1700"
Pike County Health Department,Pike,Pittsfield,IL,62363,(217) 285-4407,https://www.pikecountyil.org/health-department/,,,True,"606 W Adams St Pittsfield, IL 62363-1308"
Randolph County Health Department,Randolph,Chester,IL,62233,(618) 826-5007,https://randolphcountyil.gov/health-department/,,,True,"2515 State Street Chester, IL 62233-1149"
Rock Island County Health Department,Rock Island,Island,IL,61201,(309) 793-1955,http://richd.org,,,True,"2112 25Th Ave Rock Island, IL 61201-5317"
Sangamon County Health Department,Sangamon,Springfield,IL,62703,(217) 535-3100,http://www.scdph.org,,,True,"2833 South Grand Ave E Springfield, IL 62703-2175"
Schuyler County Health Department,Schuyler,Rushville,IL,62681,(217) 322-6775,,https://www.facebook.com/schuylercountyhealthdepartment/,,True,"233 N Congress St Rushville, IL 62681-1401"
Scott County Health Department,Scott,Winchester,IL,62694,(217) 742-8203,https://scottchd.com/,,,True,"335 W Cherry St Winchester, IL 62694-1029"
Shelby County Health Department,Shelby,Shelbyville,IL,62565,(217) 774-9555,http://www.shelbyhealth.net,,,True,"1700 W South 3Rd St Shelbyville, IL 62565-9510"
Skokie Health Department,Skokie,Skokie,IL,60077,(847) 933-8252,https://www.skokie.org/158/Health,,,True,"5127 Oakton St Skokie, IL 60077-3633"
Southern Seven Health Department,Southern Seven,Ullin,IL,62992,(618) 634-2297,http://www.southern7.org,,,True,"37 Rustic Campus Dr Ullin, IL 62992-2226"
St. Clair County Health Department,St. Clair,Belleville,IL,62220,(618) 233-7703,https://scchealthdept.com/,,,True,"19 Public Sq Ste 150 Belleville, IL 62220"
Stephenson County Health Department,Stephenson,Freeport,IL,61032,(815) 235-8353,https://stephensoncountyil.gov/departments/health_department/index.php,,,True,"10 W Linden ST Freeport, IL 61032-3310"
Stickney Public Health District,Stickney,Burbank,IL,60459,(708) 424-9200,http://stickneypublichealthdistrict.org,,,True,"5635 State Rd Burbank, IL 60459-2051"
Tazewell County Health Department,Tazewell,Tremont,IL,61568,(309) 925-5511,http://www.tazewellhealth.org,,,True,"21306 State Route 9 Tremont, IL 61568-9252"
Vermilion County Health Department,Vermilion,Danville,IL,61832,(217) 431-2662,https://www.vercounty.org/health-department/,,,True,"200 S College St Ste A Danville, IL 61832-6744"
Wabash County Health Department,Wabash,Carmel,IL,62863,(618) 263-3873,http://www.wabashhealth.org,,,True,"130 W 7Th St Mount Carmel, IL 62863-1439"
Warren County Health Department,Warren,Monmouth,IL,61462,(309) 734-1314,http://warrencohealth.com,,,True,"240 N Main St Monmouth, IL 61462"
Washington County Health Department,Washington,Nashville,IL,62263,(618) 327-3644,https://washingtonco.illinois.gov/health-department/,,,True,"177 S Washington St Nashville, IL 62263-1430"
Wayne County Health Department,Wayne,Fairfield,IL,62837,(618) 842-5166,http://www.wchdil.com,,,True,"405 N Basin Rd Fairfield, IL 62837-9639"
Whiteside County Health Department,Whiteside,Falls,IL,61071,(815) 626-2230 (306),https://www.whitesidehealth.org,,,True,"1300 W 2nd ST Rock Falls, IL 61071-1005"
Will County Health Department and Community Health Center,Will County Health Department and Community,Joliet,IL,60433,(815) 727-8480,http://www.willcountyhealth.org,,,True,"501 Ella Ave Joliet, IL 60433-2799"
Wilmette Health Department,Wilmette,Wilmette,IL,60091,(847) 853-7506,https://www.wilmette.com/health-sanitation-services/,,,True,"1200 Wilmette Ave Wilmette, IL 60091-2721"
Winnebago County Health Department,Winnebago,Rockford,IL,61103,(815) 720-4000,http://www.wchd.org,https://www.facebook.com/pages/Rockford-IL/Winnebago-County-Health-Department-Rockford-IL/222539346139?ref=ts,https://twitter.com/WinnCoHealth,True,"555 N Court St Rockford, IL 61103-6862"
Woodford County Health Department,Woodford,Eureka,IL,61530,(309) 467-3064,https://www.woodford-county.org/658/Health,,,True,"1831 S Main St Eureka, IL 61530-1707"
Adams County Health Department,Adams,Decatur,IN,46733,(260) 724-5327,https://www.co.adams.in.us/181/Health-Department,,,True,"313 W Jefferson St Decatur, IN 46733"
Allen County Health Department,Allen,Wayne,IN,46802,(260) 449-7561,http://www.allencountyhealth.com/,,,True,"200 E Berry St Ste 360 Fort Wayne, IN 46802-2738"
Bartholomew County Health Department,Bartholomew,Columbus,IN,47203,(812) 379-1555 (1),https://www.bartholomew.in.gov/health-department.html,,,True,"2625 Fox Pointe DR Columbus, IN 47203-3278"
Benton County Health Department,Benton,Fowler,IN,47944,(765) 884-1728,https://www.bentoncounty.in.gov/health-department,,,True,"706 E 5th St Fowler, IN 47944"
Blackford County Health Department,Blackford,City,IN,47348,(765) 348-4317,https://www.in.gov/localhealth/blackfordcounty/,,,True,"506 E Van Cleve St Hartford City, IN 47348-1846"
Boone County Health Department,Boone,Lebanon,IN,46052,(765) 482-3942 (6),https://boonecounty.in.gov/offices/health-department/,,,True,"116 W Washington St Ste B202 Lebanon, IN 46052-2174"
Brown County Health Department,Brown,Nashville,IN,47448,(812) 988-2255,https://www.in.gov/localhealth/browncounty/,,,True,"P.O. Box 281 Nashville, IN 47448-0281"
Carroll County Health Department,Carroll,Delphi,IN,46923,(765) 564-3420,https://www.in.gov/localhealth/carrollcounty/,,,True,"101 W Main St Delphi, IN 46923-1566"
Cass County Health Department,Cass,Logansport,IN,46947,(574) 753-7760,https://www.in.gov/counties/cass/departments/health-department/,,,True,"1616 Smith Street Logansport, IN 46947"
Clark County Health Department,Clark,Jeffersonville,IN,47130,(812) 282-7521,http://www.clarkhealth.net,,,True,"1201 Wall St Jeffersonville, IN 47130"
Clay County Health Department,Clay,Brazil,IN,47834,(812) 448-9021,http://www.claycountyin.gov/?q=health,,,True,"18 N Walnut St Brazil, IN 47834-2210"
Clinton County Health Department,Clinton,Frankfort,IN,46041,(765) 659-6385,https://www.in.gov/localhealth/clintoncounty/,,,True,"1234 Rossville Ave Ste B Frankfort, IN 46041"
Crawford County Health Department,Crawford,English,IN,47118,(812) 338-2302,https://www.in.gov/localhealth/crawfordcounty/,,,False,"306 S Oakhill Circle English, IN 47118"
Daviess County Health Department,Daviess,Washington,IN,47501,(812) 254-8666 (2263),http://daviesshealth.com,,,True,"300 E Hefron ST Ste 150 Washington, IN 47501-2790"
DeKalb County Health Department,DeKalb,Auburn,IN,46706,(260) 925-2220,https://www.co.dekalb.in.us/department/index.php?structureid=20,,,True,"220 E 7th ST Auburn, IN 46706-1898"
Dearborn County Health Department,Dearborn,Lawrenceburg,IN,47025,(812) 537-8826,https://dchealthdepartment.org/,,,True,"272 Bielby Rd Lawrenceburg, IN 47025"
Decatur County Department of Health,Decatur,Greensburg,IN,47240,(812) 663-8301,,,,True,"315 S Ireland ST Greensburg, IN 47240-1397"
Delaware County Health Department,Delaware,Muncie,IN,47305,(765) 747-7721,http://www.co.delaware.in.us/department/index.php?fDD=7-0,,,True,"125 N Mulberry St Muncie, IN 47305"
Dubois County Health Department,Dubois,Jasper,IN,47546,(812) 481-7050,https://www.duboiscountyin.org/departments/health_department/index.php,,,True,"1187 S Saint Charles St Jasper, IN 47546-2690"
East Chicago City Health Department,East Chicago,Chicago,IN,46312,(219) 391-8467,http://www.eastchicago.com/181/Health-Department,,,True,"100 W Chicago Ave East Chicago, IN 46312-3260"
Elkhart County Health Department,Elkhart,Elkhart,IN,46516,(574) 523-2283,https://health.elkhartcounty.com/en/,,,True,"608 Oakland Ave Elkhart, IN 46516-2116"
Fayette County Health Department,Fayette,Connersville,IN,47331,(765) 825-4013,https://www.connersvillecommunity.com/fayette-county/county-departments/health-department/,,,True,"401 N Central Ave Ste 8 Connersville, IN 47331-1981"
Fishers Health Department,Fishers,Fishers,IN,46037,(317) 567-5045,https://health.fishersin.gov/,https://www.facebook.com/FishersHealth,https://twitter.com/FishersHealth,True,"11400 Johnson Farm Way Fishers, IN 46037"
Floyd County Health Department,Floyd,Albany,IN,47150,(812) 948-4726 (655),https://www.in.gov/counties/floyd/health-department/,,,True,"1917 Bono Rd New Albany, IN 47150-4685"
Fountain Health Department,Fountain,Attica,IN,47918,(765) 762-3035,https://www.fountaincounty.net/department/index.php?structureid=21,,,True,"113 W Sycamore St Attica, IN 47918"
Franklin County Health Department,Franklin,Brookville,IN,47012,(765) 647-4322,https://www.in.gov/localhealth/franklincounty/,https://www.facebook.com/fchdindiana/,,True,"1010 Franklin Avenue Brookville, IN 47012-1089"
Fulton County Health Department,Fulton,Rochester,IN,46975,(574) 223-2881,https://www.co.fulton.in.us/179/Public-Health,,,True,"125 E 9th St Rochester, IN 46975"
Gary City Health Department,Gary,Gary,IN,46402,(219) 882-5565,https://www.gary.gov/health-and-human-services,,,True,"1145 W 5th Ave Gary, IN 46402"
Gibson County Health Department,Gibson,Princeton,IN,47670,(812) 385-3831,http://www.gibsoncountyhealth.com,,,True,"203 S Prince St Ste A Princeton, IN 47670-2151"
Grant County Health Department,Grant,Marion,IN,46953,(765) 651-2401,https://www.in.gov/localhealth/grantcounty/,,,True,"401 S Adams St Marion, IN 46953"
Greene County Health Department,Greene,Bloomfield,IN,47424,(812) 384-4496 (410),https://www.co.greene.in.us/department/index.php?structureid=23,,,True,"217 E Spring St Ste 1 Bloomfield, IN 47424-1590"
Hamilton County Health Department,Hamilton,Noblesville,IN,46060,(317) 776-8500,https://www.hamiltoncounty.in.gov/254/Health-Department,,,True,"18030 Foundation DR Ste A Noblesville, IN 46060-5406"
Hancock County Health Department,Hancock,Greenfield,IN,46140,(317) 477-1125,https://www.hancockin.gov/220/Health,,,True,"111 American Legion Pl Ste 150 Greenfield, IN 46140"
Harrison County Health Department,Harrison,Corydon,IN,47112,(812) 738-3237,http://www.harrisoncountyhealth.com,,,True,"241 Atwood ST Ste 100 Corydon, IN 47112-1882"
Hendricks County Health Department,Hendricks,Danville,IN,46122,(317) 745-9222,https://www.co.hendricks.in.us/department/index.php?structureid=16,,,True,"355 S Washington St #G40 Danville, IN 46122"
Henry County Health Department,Henry,Castle,IN,47362,(765) 521-7059 (4201),https://www.in.gov/localhealth/henrycounty/,,,True,"1201 Race St Ste 208 New Castle, IN 47362-4653"
Howard County Health Department,Howard,Kokomo,IN,46901,(765) 456-2403,https://www.in.gov/localhealth/howardcounty/,,,True,"120 E Mulberry St Kokomo, IN 46901-4632"
Huntington County Health Department,Huntington,Huntington,IN,46750,(260) 358-4831,https://www.huntington.in.us/county/department/?fDD=19-0,,,True,"1330 S. Jefferson St. Huntington, IN 46750-2769"
Jackson County Health Department,Jackson,Seymour,IN,47274,(812) 522-6474 (222),https://www.jacksoncountyhealth.org/,,,True,"801 W 2Nd St Seymour, IN 47274-2711"
Jasper County Health Department,Jasper,Rensselaer,IN,47978,(219) 866-4917,https://www.in.gov/localhealth/jaspercounty/,,,True,"910 S Sparling Ave Rensselaer, IN 47978-9132"
Jay County Health Department,Jay,Portland,IN,47371,(260) 726-8080,http://jaycounty.net/plugins/content/content.php?content.31,,,True,"504 W Arch St Portland, IN 47371-1317"
Jefferson County Health Department,Jefferson,Madison,IN,47250,(812) 273-1942,https://jeffersoncounty.in.gov/159/Health-Department,,,True,"715 Green Rd Madison, IN 47250-2143"
Jennings County Health Department,Jennings,Vernon,IN,47265,(812) 352-3024,https://www.in.gov/localhealth/jenningscounty/,,,True,"245 Norris Ave North Vernon, IN 47265-2035"
Johnson County Health Department,Johnson,Franklin,IN,46131,(317) 346-4374,https://co.johnson.in.us/department/index.php?structureid=27,,,True,"95 S Drake Rd Franklin, IN 46131"
Knox County Health Department,Knox,Vincennes,IN,47591,(812) 882-8080,https://www.in.gov/localhealth/knoxcounty/,,,True,"328 N 2nd Street Suite 100 Vincennes, IN 47591-1117"
Kosciusko County Health Department,Kosciusko,Warsaw,IN,46580,(574) 372-2353,https://www.in.gov/localhealth/kosciuskocounty/,,,True,"100 W Center St Warsaw, IN 46580"
LaGrange County Health Department,LaGrange,Lagrange,IN,46761,(260) 499-4182,https://lagrangecountyhealth.com/,,,True,"304 N Townline Rd Ste 1 Lagrange, IN 46761-1319"
LaPorte County Health Department,LaPorte,Porte,IN,46350,(219) 326-6808 (2200),https://www.in.gov/localhealth/laportecounty/,,,True,"809 State St Ste 401A La Porte, IN 46350"
Lake County Health Department,Lake,Point,IN,46307,(219) 755-3655,https://lakecountyin.gov/departments/health,,,True,"2900 W 93rd Ave Crown Point, IN 46307"
Lawrence County Health Department,Lawrence,Bedford,IN,47421,(812) 275-3234 (2623),https://lawrencecounty.in.gov/190/Health-Department,,,True,"2419 Mitchell Rd Bedford, IN 47421-4731"
Madison County Health Department,Madison,Anderson,IN,46016,(765) 641-9523,http://www.madcohealth.org,,,True,"206 E 9th St Anderson, IN 46016"
Marion County Public Health Department,Marion,Indianapolis,IN,46205,(317) 221-2301,https://marionhealth.org/,,,True,"3838 N Rural St #6 Indianapolis, IN 46205"
Marshall County Health Department,Marshall,Plymouth,IN,46563,(574) 935-8565,https://www.in.gov/localhealth/marshallcounty/,,,True,"510 W Adams ST Plymouth, IN 46563-1765"
Martin County Health Department,Martin,Shoals,IN,47581,(812) 247-3303,https://www.in.gov/localhealth/martincounty/,,,True,"127 Water St Shoals, IN 47581"
Miami County Health Department,Miami,Peru,IN,46970,(765) 473-0283,https://www.in.gov/localhealth/miamicounty/,,,True,"12 S Wabash ST Peru, IN 46970-2209"
Monroe County Health Department,Monroe,Bloomington,IN,47404,(812) 349-2543,https://www.in.gov/counties/monroe/government/health-department/,,,True,"119 W 7th St Bloomington, IN 47404"
Montgomery County Health Department,Montgomery,Crawfordsville,IN,47933,(765) 364-6440,https://www.montgomerycounty.in.gov/department/?fDD=8-0,,,True,"1580 Constitution Row Crawfordsville, IN 47933-7605"
Morgan County Health Department,Morgan,Martinsville,IN,46151,(765) 342-6621,https://morgancounty.in.gov/department/index.php?structureid=25,,,True,"180 S Main St Ste 252 Martinsville, IN 46151-1988"
Newton County Health Department,Newton,Morocco,IN,47963,(888) 663-9866 (2201),https://www.newtoncounty.in.gov/department/index.php?structureid=22,,,True,"4117 S 240 W Ste 500 Morocco, IN 47963-8199"
Noble County Board of Health,Noble,Albion,IN,46701,(260) 636-2191,https://www.in.gov/localhealth/noblecounty/,,,True,"2090 N State Road 9 Albion, IN 46701"
Ohio County Health Department,Ohio,Sun,IN,47040,(812) 438-2551,https://ohiocountyhealthdept.com/,,,True,"117 6th St Rising Sun, IN 47040"
Orange County Health Department,Orange,Paoli,IN,47454,(812) 723-7113,https://www.in.gov/localhealth/orangecounty/,,,True,"205 E Main St Ste 9 Paoli, IN 47454-1591"
Owen County Health Department,Owen,Spencer,IN,47460,(812) 829-5017,https://www.in.gov/localhealth/owencounty/,,,True,"751 E Franklin St Spencer, IN 47460-1829"
Parke County Health Department,Parke,Rockville,IN,47872,(765) 569-6665,https://www.in.gov/counties/parke/health-department/,,,True,"116 W High St Rockville, IN 47872"
Perry County Health Department,Perry,City,IN,47586,(812) 547-2746,https://perrycounty.in.gov/health-department/,,,True,"3214 Tell St Ste 1 Tell City, IN 47586-2870"
Pike County Health Department,Pike,Winslow,IN,47598,(812) 354-8797,https://www.pikecounty.in.gov/department/index.php?structureid=13,,,True,"2206 S State Road 61 Winslow, IN 47598-8331"
Porter County Health Department,Porter,Valparaiso,IN,46383,(219) 465-3525,https://www.porterco.org/297/Health,,,True,"155 Indiana Ave Rm 104 Valparaiso, IN 46383-5548"
Posey County Health Department,Posey,Vernon,IN,47620,(812) 838-1328,https://www.poseycountyin.gov/county-offices/health-department/,,,True,"100 Vista Dr Mount Vernon, IN 47620-1266"
Pulaski County Health Department,Pulaski,Winamac,IN,46996,(574) 946-6080,http://gov.pulaskionline.org/health-department/,,,True,"125 S Riverside Dr Ste 205 Winamac, IN 46996-1586"
Putnam County Health Department,Putnam,Greencastle,IN,46135,(765) 653-0203,https://www.in.gov/localhealth/putnamcounty/,,,True,"PO Box 507 Greencastle, IN 46135-0507"
Randolph County Health Department,Randolph,Winchester,IN,47394,(765) 584-1155 (245),https://www.in.gov/localhealth/randolphcounty/,,,True,"325 S Oak ST Ste 202 Winchester, IN 47394-2247"
Ripley County Health Department,Ripley,Versailles,IN,47042,(812) 689-5751,https://www.ripleyhealth.com/,,,True,"PO Box 745 Versailles, IN 47042-0745"
Rush County Health Department,Rush,Rushville,IN,46173,(765) 932-3103,https://rushcounty.in.gov/health-department/,,,True,"504 W 3rd ST Ste A Rushville, IN 46173-1719"
Scott County Health Department,Scott,Scottsburg,IN,47170,(812) 752-8455,https://scottcounty.in.gov/242/Health-Department,,,True,"1296 N Gardner St Scottsburg, IN 47170-1400"
Shelby County Health Department,Shelby,Shelbyville,IN,46176,(317) 392-6470,https://www.in.gov/localhealth/shelbycounty/,,,True,"20 W Polk St Ste 202 Shelbyville, IN 46176"
Spencer County Health Department,Spencer,Rockport,IN,47635,(812) 649-4441,https://www.in.gov/localhealth/spencercounty/,,,True,"200 Main St Rm 1 Rockport, IN 47635-1492"
St. Joseph County Health Department,St. Joseph,Bend,IN,46601,(574) 235-9750 (7904),https://www.in.gov/localhealth/stjosephcounty/,,,True,"227 W Jefferson Blvd Rm 825 South Bend, IN 46601-1870"
Starke County Health Department,Starke,Knox,IN,46534,(574) 772-9137,https://starke.in.gov/annex-2/health/,,,True,"108 N Pearl St Knox, IN 46534-1113"
Steuben County Health Department,Steuben,Angola,IN,46703,(260) 668-1000 (1500),https://www.co.steuben.in.us/departments/health/index.php,,,True,"317 S Wayne St Ste 3A Angola, IN 46703-1958"
Sullivan County Health Department,Sullivan,Sullivan,IN,47882,(812) 268-0224,https://www.in.gov/localhealth/sullivancounty,,,True,"27 S Main ST Sullivan, IN 47882-1516"
Switzerland County Health Department,Switzerland,Vevay,IN,47043,(812) 427-3220,https://sites.google.com/switzerland.in.gov/switzerlandcountyhealth/health-department,,,True,"1190 W Main St Vevay, IN 47043"
Tippecanoe County Health Department,Tippecanoe,Lafayette,IN,47901,(765) 423-9221,https://www.tippecanoe.in.gov/1077/Health-Department,,,True,"20 N 3Rd St Lafayette, IN 47901-1211"
Tipton County Health Department,Tipton,Tipton,IN,46072,(765) 675-8741 (5),https://www.in.gov/localhealth/tiptoncounty/,,,True,"101 E Jefferson St, 1st Floor Tipton, IN 46072-1940"
Union County Health Department,Union,Liberty,IN,47353,(765) 458-5393,https://www.in.gov/localhealth/unioncounty/,,,True,"6 W South St Liberty, IN 47353"
Vanderburgh County Health Department,Vanderburgh,Evansville,IN,47713,(812) 435-2400,https://vanderburghhealth.org/,,,True,"420 Mulberry St Evansville, IN 47713"
Vermillion County Health Department,Vermillion,Clinton,IN,47842,(765) 832-3622,https://www.in.gov/localhealth/vermillioncounty/,,,True,"700 S Main St Clinton, IN 47842"
Vigo County Health Department,Vigo,Haute,IN,47807,(812) 462-3428,http://www.vigocounty.in.gov/department/index.php?structureid=27,,,True,"147 Oak St Terre Haute, IN 47807"
Wabash County Health Department,Wabash,Wabash,IN,46992,(260) 563-0661 (1249),https://www.in.gov/localhealth/wabashcounty/,,,True,"79 W Main ST Wabash, IN 46992-3162"
Warren County Health Department,Warren,Lebanon,IN,47991,(765) 764-5855,https://health.warrencounty.in.gov/index.php,,,True,"417 N High ST West Lebanon, IN 47991-8100"
Warrick County Health Department,Warrick,Boonville,IN,47601,(812) 897-6105 (2008),https://warrickcounty.gov/health-department/,,,True,"107 W Locust St Boonville, IN 47601"
Washington County Health Department,Washington,Salem,IN,47167,(812) 883-5603,https://www.in.gov/localhealth/washingtoncounty/,,,True,"806 S Martinsburg Rd Salem, IN 47167"
Wayne County Health Department,Wayne,Richmond,IN,47374,(765) 973-9245,https://www.in.gov/localhealth/waynecounty/,,,True,"100 S 5th St Richmond, IN 47374"
Wells County Health Department,Wells,Bluffton,IN,46714,(260) 824-6489,https://www.wellscounty.org/health-dept-menu/health-department/,,,True,"223 W Washington St Ste 202 Bluffton, IN 46714"
White County Health Department,White,Monticello,IN,47960,(574) 583-8254,https://wchd.whitecounty-in.us/,,,True,"902 Foxwood Ct Monticello, IN 47960"
Whitley County Health Department,Whitley,City,IN,46725,(260) 248-3121,https://www.whitleygov.com/department/index.php?structureid=16,,,True,"220 W Van Buren St Columbia City, IN 46725"
Adair County Public Health,Adair,Greenfield,IA,50849,(641) 743-6173,https://www.achsiowa.org/adair-county-public-health,,,True,"609 SE Kent ST Greenfield, IA 50849-9454"
Appanoose County Public Health,Appanoose,Centerville,IA,52544,(641) 437-4332,https://appanoosecounty.iowa.gov/departments/public-health/,,,True,"209 E Jackson St Centerville, IA 52544-1805"
Audubon County Public Health,Audubon,Center,IA,50115,(641) 747-3972,https://www.auduboncountyia.gov/county-information/public-health.aspx,,,True,"2002 State St Guthrie Center, IA 50115"
Benton County Public Health,Benton,Vinton,IA,52349,(319) 214-2601,https://www.bentoncountyia.gov/public_health/,,,True,"811 D Ave Vinton, IA 52349-1328"
Black Hawk County Public Health,Black Hawk,Waterloo,IA,50703,(319) 291-2413,https://www.bhcpublichealth.org/,,,True,"1407 Independence Ave FL 5th Waterloo, IA 50703-4300"
Bremer County Health Department,Bremer,Waverly,IA,50677,(319) 352-0082,https://www.bremercounty.iowa.gov/departments/health_department/index.php,,,True,"403 3rd Street SE Waverly, IA 50677"
Buchanan County Public Health,Buchanan,Independence,IA,50644,(319) 332-0860,https://www.buchanancounty.iowa.gov/services/public_health/index.php,,,True,"1210 1st St W Independence, IA 50644"
Buena Vista County Public Health &  Home Care,Buena Vista County Public Health & Home Care,Lake,IA,50588,(712) 749-2548,https://buenavistacounty.iowa.gov/departments/public-health-home-care/,,,True,"PO Box 663 Storm Lake, IA 50588"
Burgess Health Center,Burgess,Onawa,IA,51040,(712) 423-9175,https://www.burgesshc.org/,,,True,"1600 Diamond St Onawa, IA 51040-1626"
Butler County Public Health,Butler,Allison,IA,50602,(319) 346-6575,https://butlercounty.iowa.gov/departments/health,,,True,"610 Oak St Allison, IA 50602"
Calhoun County Public Health,Calhoun,City,IA,50579,(712) 297-8323,https://www.calhouncounty.iowa.gov/county_offices/public_health/index.php,https://www.facebook.com/calcopublichealth/,,True,"501 Court St Rockwell City, IA 50579-1417"
Carroll County Public Health,Carroll,Carroll,IA,51401,(712) 775-2660,https://www.carrollcountyiowa.gov/pview.aspx?catid=563&id=20965,,,True,"608 N Court ST Ste A Carroll, IA 51401-2432"
Cass County Public Health,Cass,Atlantic,IA,50022,(712) 243-7546,https://www.casshealth.org/publichealth/,,,True,"1408 E 10th ST Atlantic, IA 50022-1934"
Cedar County Public Health,Cedar,Tipton,IA,52772,(563) 886-2226,https://cedarcounty.iowa.gov/public_health/,https://www.facebook.com/CedarCountyPublicHealth/,https://twitter.com/CedarCoPubHealt,True,"400 Cedar St Tipton, IA 52772-1748"
Cerro Gordo County / CG Public Health,Cerro Gordo County / CG,City,IA,50401,(641) 421-9300,http://www.cghealth.com,https://www.facebook.com/CGPublicHealth/,https://twitter.com/CGPublicHealth,True,"2570 4th Street SW Mason City, IA 50401-3435"
Cherokee Regional Medical Center Public Health,Cherokee Regional Medical,Cherokee,IA,51012,(712) 225-6459,https://cherokeermc.org/public-health,,,True,"212 E Bow Dr Cherokee, IA 51012"
Chickasaw County Public Health and Home Care Service,Chickasaw County Public Health and Home Care,Hampton,IA,50659,(641) 394-4053,https://chickasawcounty.iowa.gov/public_health/,,,True,"PO BOX 355 New Hampton, IA 50659-0355"
City of Dubuque Health Department,City of Dubuque,Dubuque,IA,52001,(563) 589-4181,https://www.cityofdubuque.org/152/Health-Services,,,True,"1300 Main ST Dubuque, IA 52001-4732"
Clarke County Public Health,Clarke,Osceola,IA,50213,(641) 342-3724,https://clarkecounty.iowa.gov/departments/public-health/,https://www.facebook.com/ClarkeCountyPublicHealth/,,True,"109 S Main St Osceola, IA 50213-1286"
Clay County / Spencer Hospital - Public Health,Clay County / Spencer Hospital -,Spencer,IA,51301,(712) 264-6685,https://www.spencerhospital.org/locations/clay-county-public-health/,,,True,"101 E 10th ST Bldg 2nd Spencer, IA 51301-4307"
Clayton County Visiting Nurses Association,Clayton County Visiting Nurses Association,Elkader,IA,52043,(563) 245-1145,https://www.claytoncountyia.gov/317/Public-HealthVisiting-Nurses-Association,,,True,"600 Gunder Rd Ste 5 Elkader, IA 52043-9089"
Crawford County Community Health,Crawford County Community,Denison,IA,51442,(712) 263-3303,http://www.crawfordcountyhealth.com,,,True,"105 N Main ST Denison, IA 51442-1349"
Dallas County Public Health Nursing Service,Dallas County Public Health Nursing,Adel,IA,50003,(515) 993-3750,https://www.dallascountyiowa.gov/publichealth,https://www.facebook.com/DallasCoHealth/,,True,"25747 N Avenue Adel, IA 50003"
Davis County Hospital And Clinics,Davis County Hospital And Clinics,Bloomfield,IA,52537,(641) 664-2145,https://www.dchc.org/,,,True,"509 N Madison ST Bloomfield, IA 52537"
Decatur County Public Health And Home Care,Decatur County Public Health And Home Care,Leon,IA,50144,(641) 446-6518,https://decatur.municipalcms.com/pview.aspx?id=7300,,,True,"207 NE Idaho St Leon, IA 50144"
Delaware County Public Health,Delaware,Manchester,IA,52057,(563) 927-7551,https://www.regmedctr.org/service/public-health/,,,True,"709 W Main ST Manchester, IA 52057-1526"
Des Moines County Public Health,Des Moines,Burlington,IA,52601,(319) 753-8290,https://desmoinescounty.iowa.gov/public_health/,,,True,"505 Curran St Burlington, IA 52601"
Dickinson County Public Health,Dickinson,Lake,IA,51360,(712)  339-6050,https://dickinsoncountyiowa.gov/public-health-3/,,,True,"PO Box AB Spirit Lake, IA 51360"
Dubuque County Health Department,Dubuque,Dubuque,IA,52002,(563) 557-7396,https://www.dubuquecountyiowa.gov/223/Health-Department,,,True,"1225 Seippel Rd Dubuque, IA 52002-9799"
Emmet County Public Health,Emmet,Estherville,IA,51334,(712) 362-2490,https://emmetcountyia.gov/county-offices/public-health/,,,True,"508 S 1St St Estherville, IA 51334-2521"
Fayette County Public Health,Fayette,Union,IA,52175,(563) 422-6267,https://www.gundersenhealth.org/locations/palmer/fayette-county-public-health,,,True,"200 Jefferson St West Union, IA 52175-1024"
Floyd County Public Health,Floyd,City,IA,50616,(641) 257-6111,https://www.floydco.iowa.gov/184/Public-HealthHome-Health-Care,,,True,"1003 Gilbert St Charles City, IA 50616-2637"
Floyd Valley Healthcare,Floyd Valley Healthcare,Mars,IA,51031,(712) 546-3335,https://www.floydvalley.org/,,,True,"1080 Holton Dr Le Mars, IA 51031"
Franklin General Hospital DBA Franklin County Public Health,Franklin General Hospital DBA Franklin,Hampton,IA,50441,(641) 456-5820,https://www.franklincountyia.gov/departments/public_health/index.php,,,True,"1600 Central Ave E Hampton, IA 50441-1858"
"Genesis Visiting Nurse Association, Clinton County","Genesis Visiting Nurse Association, Clinton",Clinton,IA,52732,(563) 421-4663,https://www.mercyone.org/location/mercyone-genesis-visiting-nurse-association-clinton-county,,,True,"611 N 2nd ST Clinton, IA 52732-3839"
Greater Regional Health Union County Public Health,Greater Regional Health Union,Creston,IA,50801,(641) 782-3545,https://www.greaterregional.org/publichealth,,,True,"803 Wyoming Ave Creston, IA 50801-3532"
Greenbelt Home Care/Hardin County Public Health,Greenbelt Home Care/Hardin,Eldora,IA,50627,(641) 939-8444,https://greenbelthomecare.com/,,,True,"1707 21st St Eldora, IA 50627"
Greene County Public Health,Greene,Jefferson,IA,50129,(515) 386-3228,https://www.gcmchealth.com/service-listing/public-health,,,True,"1000 W Lincoln Way Jefferson, IA 50129-1645"
Grundy County Public Health,Grundy,Center,IA,50638,(319) 824-6312,https://www.grundycountyiowa.gov/departments/public-health-home-care,,,True,"706 H. Ave. Suite 2 Grundy Center, IA 50638"
Guthrie County Public Health,Guthrie,Center,IA,50115,(641) 747-3972,https://guthriecounty.gov/public_health/,,,True,"2002 State St Ste 1 Guthrie Center, IA 50115-8897"
Hamilton County Public Health,Hamilton,City,IA,50595,(515) 832-9565,http://www.hamiltoncountypublichealth.com,,,True,"1610 Collins ST Ste 1 Webster City, IA 50595-2610"
Hancock County Public Health,Hancock,Garner,IA,50438,(641) 923-3676,https://www.mercyonenorthiowaaffiliates.org/hchs/services/community-health,,,True,"545 State ST Ste 1 Garner, IA 50438-1459"
Harrison County Public Health,Harrison,Logan,IA,51546,(712) 644-2220,http://www.harrisoncountyhealth.org/home.html,,,True,"116 N 2Nd Ave Logan, IA 51546-1332"
Health Services of Lyon County,Health Services of Lyon,Rapids,IA,51246,(712) 472-8200,https://lyoncounty.iowa.gov/public_health/,,,True,"PO Box 3 Rock Rapids, IA 51246-1549"
Henry County Health Center,Henry,Pleasant,IA,52641,(319) 385-3141,http://www.hchc.org,,,True,"407 S White St Mt Pleasant, IA 52641-2263"
Henry County Public Health,Henry,Pleasant,IA,52641,(319) 385-0779,https://healthyhenrycounty.org/publichealth/,https://www.facebook.com/HealthyHenryCounty,,True,"106 N Jackson St Ste 103 Mt Pleasant, IA 52641"
Home Care Services Of Boone County Hospital,Home Care Services Of Boone County Hospital,Boone,IA,50036,(515) 432-1127,http://www.boonehospital.com,,,True,"105 S Marshall St Boone, IA 50036-4899"
Horn Memorial Hospital,Horn Memorial Hospital,Grove,IA,51445,(712) 364-3311,http://www.hornmemorialhospital.org/,,,True,"701 E 2nd ST Ida Grove, IA 51445-1666"
Humboldt County Memorial Hospital,Humboldt County Memorial Hospital,Humboldt,IA,50548,(515) 332-2492,https://www.humboldthospital.org/services/humboldt-county-public-health,,,True,"1000 15th Street North Humboldt, IA 50548"
Iowa County Health Department,Iowa,Marengo,IA,52301,(319) 741-6422,https://iowacounty.iowa.gov/public_health/,,,True,"185 W Dillon St Marengo, IA 52301-8636"
Jackson County Regional Health Center,Jackson,Maquoketa,IA,52060,(563) 652-2474,http://www.jcrhc.org,,,True,"601 Hospital DR Maquoketa, IA 52060-1201"
Jasper County Health Department,Jasper,Newton,IA,50208,(641) 787-9224,https://jasperia.org/health/,,,True,"315 W 3rd ST N Newton, IA 50208-2028"
Jefferson County Public Health,Jefferson,Fairfield,IA,52556,(641) 472-5929,https://jeffersoncounty.iowa.gov/health/,,,True,"200 W Briggs Ave Fairfield, IA 52556-2826"
Johnson County Public Health,Johnson,City,IA,52240,(319) 356-6040,http://www.johnson-county.com/publichealth,,,True,"855 S Dubuque St Iowa City, IA 52240-4281"
Jones County Public Health,Jones,Anamosa,IA,52205,(319) 462-6945,https://www.jonescountyiowa.gov/public_health/,,,True,"105 Broadway Pl Ste 11 Anamosa, IA 52205"
Keokuk County Public Health,Keokuk,Sigourney,IA,52591,(641) 622-3575,https://keokukcounty.iowa.gov/business/public-health,,,True,"1303 200th Ave Sigourney, IA 52591-8157"
Kossuth Regional Health Center,Kossuth,Algona,IA,50511,(515) 295-4430,https://krhc.com/,,,True,"1515 S Phillips ST Algona, IA 50511-3649"
Lee County Health Department,Lee,Madison,IA,52627,(319) 372-5225,http://www.leecountyhd.org,https://www.facebook.com/leecountyhealthdepartment,,True,"PO BOX 1426 Fort Madison, IA 52627-1426"
Linn County Public Health Department,Linn,Rapids,IA,52401,(319) 892-6000,http://www.linncounty.org/health,,,True,"1020 6Th St Se Cedar Rapids, IA 52401-2464"
Louisa County Public Health,Louisa,Wapello,IA,52653,(319) 523-3981,https://www.louisacountypublichealth.com/,https://www.facebook.com/Louisacountypublichealth,,True,"12635 County Road G56 Ste 103 Wapello, IA 52653-9564"
Lucas County Public Health,Lucas,Chariton,IA,50049,(641) 774-4312,https://lucascounty.iowa.gov/public_health/,,,True,"PO Box 852 Chariton, IA 50049"
Madison County Public Health,Madison,Winterset,IA,50273,(515) 462-9051,https://madisoncounty.iowa.gov/offices/public-health/,,,True,"209 E Madison St Winterset, IA 50273-2403"
Mahaska County Public Health,Mahaska,Oskaloosa,IA,52577,(641) 673-3257,https://www.mahaskahealth.org/public-health/,,,True,"1229 C Ave E Oskaloosa, IA 52577-4246"
Marion County Public Health Department,Marion,Knoxville,IA,50138,(641) 891-4068,https://marionph.org/,,,True,"PO BOX 152 Knoxville, IA 50138-0152"
Marshall County Public Health,Marshall,Marshalltown,IA,50158,(641) 844-2799,https://www.marshallcountyia.gov/451/Public-Health,,,True,"101 E Main St Marshalltown, IA 50158"
Mills County Public Health Department,Mills,Glenwood,IA,51534,(712) 527-9699,https://www.millscountyiowa.gov/210/Public-Health,,,True,"403 Railroad Ave Glenwood, IA 51534-1967"
Mitchell County Home Health Care,Mitchell County Home Health Care,Osage,IA,50461,(641) 832-3500,https://mitchellcounty.iowa.gov/departments/home-health/,https://www.facebook.com/Mitchell-County-Home-Health-Public-Health-188362661208878/,,True,"415 Pleasant St Ste 100 Osage, IA 50461-1935"
Monroe County Public Health,Monroe,Albia,IA,52531,(641) 932-7191,https://monroecounty.iowa.gov/offices/public-health/,,,True,"1801 S B St Albia, IA 52531-2689"
Montgomery County Public Health Nursing Service,Montgomery County Public Health Nursing,Oak,IA,51566,(712) 623-4893,https://montgomerycountyia.gov/public-health/,,,True,"1109 Highland Ave Red Oak, IA 51566-1715"
O'Brien County Public Health,O'Brien,Primghar,IA,51245,(712) 957-0105,https://obriencountyph.com/,,,True,"155 S Hayes Ave Primghar, IA 51245-7724"
Osceola Community Health Services,Osceola Community,Sibley,IA,51249,(712) 754-4611,https://www.osceolarhc.org/facilities/osceola-health-services/,,,True,"PO Box 258 Sibley, IA 51249"
Ottumwa Health Department,Ottumwa,Ottumwa,IA,52501,(641) 682-5434,https://www.wapellocounty.org/public_health/,,,True,"108 E Main Street Ottumwa, IA 52501"
Page County Public Health Service,Page,Clarinda,IA,51632,(712) 850-1212,https://pagecounty.iowa.gov/offices/public-health/,,,True,"210 N 17th St Clarinda, IA 51632"
Palo Alto County Public Health,Palo Alto,Emmetsburg,IA,50536,(712) 852-5419,https://pachs.com/services/departments/community-health-services/,,,True,"3201 1st St Emmetsburg, IA 50536-2516"
Pocahontas County Public Health,Pocahontas,Pocahontas,IA,50574,(713) 335-4142,https://pocahontascounty.iowa.gov/public-health/,,,True,"21 3rd Ave NE Pocahontas, IA 50574-1614"
Polk County Health Department,Polk,Moines,IA,50314,(515) 286-3798,https://www.polkcountyiowa.gov/health-department/,https://www.facebook.com/PolkCountyHealthDepartment/,https://twitter.com/polkcohealth,True,"1907 Carpenter Ave Des Moines, IA 50314"
Pottawattamie County Public Health,Pottawattamie,Bluffs,IA,51503,(712) 242-1155,https://publichealth.pottcounty-ia.gov/,,,True,"515 5th Ave Council Bluffs, IA 51503-0903"
Regional Health Services of Howard County,Regional Health Services of Howard,Cresco,IA,52136,(563) 547-2989,http://www.rhshc.com,,,True,"235 8th Ave W Cresco, IA 52136-1062"
Ringgold County Public Health,Ringgold,Ayr,IA,50854,(641) 464-0691,https://www.rcph.net/,,,True,"109 W Madison Mount Ayr, IA 50854"
Sac County Public Health,Sac,City,IA,50583,(712) 662-4785,https://www.saccountyhealthservices.com/,,,True,"116 S State ST Ste A Sac City, IA 50583-2350"
Scott County Health Department,Scott,Davenport,IA,52801,(563) 326-8618,http://www.scottcountyiowa.gov,,,True,"600 W 4Th St Davenport, IA 52801-1003"
Shelby County Public Health,Shelby,Harlan,IA,51537,(712) 755-4308,https://www.myrtuemedical.org/services/community-health/public-health/,https://www.facebook.com/MyrtueMedicalCenter/,,True,"2712 12th St Harlan, IA 51537"
Sioux County Community Health Partners,Sioux County Community Health Partners,City,IA,51041,(712) 737-2971,https://siouxcountychp.org/,,,True,"705 Highway 10 W Orange City, IA 51041-1590"
Siouxland District Health Department,Siouxland,City,IA,51105,(712) 279-6119,https://www.siouxlanddistricthealth.org/,https://www.facebook.com/SiouxlandDistrictHealth/,https://twitter.com/SiouxlandHealth,True,"1014 Nebraska ST Sioux City, IA 51105-1435"
Southwest Iowa Home Health Services,Southwest Iowa Home,Hamburg,IA,51640,(712) 382-1520,http://www.grapehospital.com,,,True,"2967 US Highway 275 Hamburg, IA 51640-5052"
Story County Public Health,Story,Nevada,IA,50201,(515) 239-2011,https://www.storycountyiowa.gov/1388/Public-Health,,,True,"900 6th ST Nevada, IA 50201-2004"
Tama County Public Health and Home Care,Tama County Public Health and Home Care,Toledo,IA,52342,(641) 484-4788,https://www.tamacounty.iowa.gov/publichome.html,,,True,"129 W High St Toledo, IA 52342-1339"
Taylor County Public Health,Taylor,Bedford,IA,50833,(712) 523-3405,https://taylorcounty.iowa.gov/departments/taylor-county-public-health/,,,True,"507 Central Ave Bedford, IA 50833-1406"
Trinity Muscatine Public Health,Trinity Muscatine,Muscatine,IA,52761,(563) 263-0122,https://www.unitypoint.org/locations/trinity-muscatine-public-health,,,True,"1609 Cedar St Muscatine, IA 52761"
UnityPoint Health - Grinnell Public Health,UnityPoint Health - Grinnell,Grinnell,IA,50112,(641) 236-2385,https://poweshiekcountyiowa.gov/public_health/,,,True,"306 4th Ave Grinnell, IA 50112"
Van Buren County Public Health,Van Buren,Keosauqua,IA,52565,(319) 293-3431,https://www.vanburencounty.iowa.gov/offices/services/public_health/index.php,,,True,"404 Dodge St Keosauqua, IA 52565-0514"
Veterans Memorial Hospital Community And Home Care,Veterans Memorial Hospital Community And Home Care,Waukon,IA,52172,(563) 568-5660,https://www.veteransmemorialhospital.com/service/community-and-home-care/,,,True,"40 1St St Se Waukon, IA 52172-2022"
Wapello County Public Health,Wapello,Ottumwa,IA,52501,(641) 682-5434,https://wapellocounty.org/departments/public-health/,,,True,"108 E Main St Ottumwa, IA 52501-2910"
Warren County Health Services,Warren,Indianola,IA,50125,(515) 690-9190,https://www.warrencountyia.gov/government/public-safety/health-services/,,,True,"301 N Buxton St Ste 202 Indianola, IA 50125"
Washington County Public Health,Washington,Washington,IA,52353,(319) 653-7758,https://washph.com/,,,True,"2715 Lexington Blvd Washington, IA 52353"
Wayne County Public Health,Wayne,Corydon,IA,50060,(641) 872-1167,https://www.waynecountypublichealth.org/,,,True,"PO Box 102 Corydon, IA 50060-0102"
Webster County Public Health Agency,Webster,Dodge,IA,50501,(515) 574-3833,https://www.webstercountyia.gov/departments/health_department/index.php,,,True,"723 1St Ave S Fort Dodge, IA 50501-4633"
Winnebago County Public Health,Winnebago,City,IA,50436,(641) 585-4763,https://www.winnebagocountyiowa.gov/departments/public-health-nurse/,,,True,"216 S 4th St Forest City, IA 50436"
Winneshiek County Public Health Nursing Service,Winneshiek County Public Health Nursing,Decorah,IA,52101,(563) 382-4662,http://www.winneshiekhealth.org/,,,True,"305 Montgomery St Ste 3 Decorah, IA 52101-2721"
Worth County Public Health,Worth,Northwood,IA,50459,(641) 324-1741,https://worthcountyiowa.gov/public_health/,,,True,"95 9th St N Northwood, IA 50459"
Wright County Health Department,Wright,Clarion,IA,50525,(515) 532-3461,https://www.wrightcounty.iowa.gov/residents/public_health.php,,,True,"120 1st Ave NW Clarion, IA 50525-1445"
Barber County Health Department,Barber,Lodge,KS,67104,(620) 886-3294,https://barber.ks.gov/health-department.html,,,True,"211 E Kansas Ave Medicine Lodge, KS 67104-1406"
Barton County Health Department,Barton,Bend,KS,67530,(620) 793-1902,https://www.bartoncounty.org/vnews/display.v/SEC/Health%20Department,,,True,"1300 Kansas Ave Ste B Great Bend, KS 67530-4480"
Butler County Health Department,Butler,Dorado,KS,67042,(316) 321-3400,http://www.bucoks.com,,,True,"206 N Griffith St Ste B El Dorado, KS 67042-2060"
Chase County Health Department,Chase,Falls,KS,66845,(620) 273-6377,http://chasecountyks.com/index.php/health-emergency-services/health-department,https://www.facebook.com/chasecountyhealthdepartment/,,True,"PO BOX 625 Cottonwood Falls, KS 66845-0625"
Chautauqua County Health Department,Chautauqua,Sedan,KS,67361,(620) 725-5850,https://www.chautauquacountyks.com/health-department,,,True,"215 N Chautauqua ST Sedan, KS 67361-1326"
Cherokee County Health Department,Cherokee,Columbus,KS,66725,(620) 429-3087,,,,True,"110 E. Walnut St Columbus, KS 66725"
Cheyenne County Health Department,Cheyenne,Francis,KS,67756,(785) 332-2381,https://www.cheyennecountyhospital.com/services/county_health_department.aspx,,,True,"221 W 1St St Saint Francis, KS 67756-3540"
City-Cowley County Health Department,City-Cowley,Winfield,KS,67156,(620) 221-1430,https://www.cowleycountyks.gov/184/Public-Health,,,True,"320 E 9th Ave Ste B Winfield, KS 67156"
Clark County Health Department,Clark,Ashland,KS,67831,(620) 635-2624,,,,True,"913 Highland St Ashland, KS 67831"
Clay County Health Department,Clay,Center,KS,67432,(785) 632-3193,https://www.claycountykansas.org/175/Health-Department,,,True,"820 Spellman Cir Clay Center, KS 67432-7492"
Cloud County Health Department,Cloud,Concordia,KS,66901,(785) 243-8140,https://ks1120.cichosting.com/main/health-department/cloud-county-health-department,,,True,"910 W 11Th St Concordia, KS 66901-3905"
Coffey County Health Department,Coffey,Burlington,KS,66839,(620) 364-8631 (1258),https://www.coffeycountyks.org/198/Health-Department,,,True,"110 S 6Th St Ste O4 Burlington, KS 66839-1773"
Comanche County Health Department,Comanche,Coldwater,KS,67029,(620) 582-2431,,,,True,"207 S Washington St Coldwater, KS 67029"
Crawford County Health Department,Crawford,Pittsburg,KS,66762,(620) 231-5411,https://www.crawfordcountykansas.org/health-department.html,,,True,"410 E Atkinson Ave Ste A Pittsburg, KS 66762-2342"
Decatur County Health Department,Decatur,Oberlin,KS,67749,(785) 475-8118,https://www.dccoks.org/health,,,True,"902 W Columbia St Oberlin, KS 67749-2412"
Dickinson County Health Department,Dickinson,Abilene,KS,67410,(785) 263-4179,https://www.dkcoks.gov/Health-Department,,,True,"1001 N Brady St Abilene, KS 67410"
Doniphan County Health Department,Doniphan,Troy,KS,66087,(785) 985-3591,https://dpcountyks.com/dept/health-dept-home-health/,,,True,"PO BOX 609 Troy, KS 66087-0609"
Edwards County Health Department,Edwards,Kinsley,KS,67547,(620) 659-3102,http://www.edcohealth.com,,,True,"807 E 4th St Kinsley, KS 67547-2329"
Elk County Health Department,Elk,Howard,KS,67349,(620) 374-2277,https://elkcountyks.org/index.php/county-departments/elk-county-health,,,True,"127 N Pine ST Howard, KS 67349-9428"
Ellis County Health Department,Ellis,Hays,KS,67601,(785) 628-9440,https://www.ellisco.net/97/Health,,,True,"2507 Canterbury Dr Hays, KS 67601-2233"
Ellsworth County Health Department,Ellsworth,Ellsworth,KS,67439,(785) 472-4488,http://ellsworthcounty.org/Health%20Department.html,,,True,"1603 Aylward Ave Ellsworth, KS 67439-2541"
Finney County Health Department,Finney,City,KS,67846,(620) 272-3600,https://www.finneycounty.org/139/Health-Department,,,True,"919 W Zerr Rd Garden City, KS 67846-2777"
Ford County Health Department,Ford,City,KS,67801,(620) 227-4545,https://www.fordcounty.net/231/Health-Department,,,True,"507 Ave L Dodge City, KS 67801"
Franklin County Health Department,Franklin,Ottawa,KS,66067,(785) 229-3530,https://www.franklincoks.org/339/Health-Department,,,True,"1418 S Main St Ste 1 Ottawa, KS 66067-3544"
Geary County Health Department,Geary,City,KS,66441,(785) 762-5788,https://www.gearycounty.org/1398/Geary-County-Public-Health-Department,,,True,"PO BOX 282 Junction City, KS 66441-0282"
Gove County Health Department,Gove,Quinter,KS,67752,785-754-2147,https://govecountyks.gov/health/,,,True,"PO Box 55 Quinter, KS 67752-0055"
Graham County Health Department,Graham,City,KS,67642,(785) 421-3326,https://www.grahamcountyks.com/health-department,,,True,"225 N Pomeroy Ave Hill City, KS 67642-1649"
Grant County Health Department,Grant,Ulysses,KS,67880,(620) 356-1545,https://www.grantcoks.org/133/Health-Department,,,True,"105 S Glenn St Ulysses, KS 67880-2546"
Gray County Health Department,Gray,Cimarron,KS,67835,(620) 855-2424,https://www.grayco.org/health-department,,,True,"PO BOX 487 Cimarron, KS 67835-0487"
Greeley County Health Department,Greeley,Tribune,KS,67879,(620) 376-4200,http://greeleycounty.org/greeley-county-health-department/,,,True,"PO BOX 537 Tribune, KS 67879-0277"
Greenwood County Health Department,Greenwood,Eureka,KS,67045,(620) 583-6632,https://www.greenwoodcounty.org/health-department/,,,True,"200 W 1St St Eureka, KS 67045-1504"
Hamilton County Health Department,Hamilton,Syracuse,KS,67878,(620) 384-7875,https://hamiltoncountyks.org/162/Health-Department,,,True,"PO BOX 203 Syracuse, KS 67878-0203"
Harper County Health Department,Harper,Anthony,KS,67003,(620) 842-5132,https://www.harpercountyks.gov/health,,,True,"123 N. Jennings Anthony, KS 67003"
Harvey County Health Department,Harvey,Newton,KS,67114,(316) 283-1637 (4217),https://www.harveycounty.com/departments/health-department.html,,,True,"215 S Pine St Newton, KS 67114-3745"
Haskell County Health Department,Haskell,Sublette,KS,67877,(620) 675-8191,https://www.satantahospital.net/haskell-county-health-dept,,,True,"301 S Derby St Sublette, KS 67877-6704"
Hodgeman County Health Department,Hodgeman,Jetmore,KS,67854,(620) 357-8736,https://hgcohealthdept.com/,,,True,"309 Main St Jetmore, KS 67854"
Jefferson County Health Department,Jefferson,Oskaloosa,KS,66066,(785) 403-0025,http://www.jfcountyks.com/230/Health-Department,,,True,"1212 Walnut St Oskaloosa, KS 66066-4200"
Jewell County Health Department,Jewell,Mankato,KS,66956,(785) 378-4060,https://www.jewellcountyhealth.com/,https://www.facebook.com/Jewell-County-Health-Dept-676223795841401/,,True,"102 S Center St Mankato, KS 66956-2202"
Johnson County Department of Health and Environment,Johnson County Department of Health and Environment,Olathe,KS,66061,(913) 826-1200,https://www.jocogov.org/dept/health-and-environment/home,,,True,"11875 S Sunset Dr Ste 300 Olathe, KS 66061-2794"
Kearny County Health Department,Kearny,Lakin,KS,67860,(620) 355-6342,https://www.kearnycountykansas.com/health-department,,,True,"PO Box 275 Lakin, KS 67860-0275"
Kingman County Health Department,Kingman,Kingman,KS,67068,(620) 532-2221,https://kingmancoks.org/2192/Health-Department,,,True,"125 N Spruce St Kingman, KS 67068-1668"
Kiowa County Health Department,Kiowa,Greensburg,KS,67054,(620) 723-2136,https://kiowacountyks.org/health-department/,,,True,"302 E Florida Ave Greensburg, KS 67054-2252"
Labette County Health Department,Labette,Parsons,KS,67357,(620) 421-4350,https://labettecounty.com/health-department,,,True,"1902 S Us Highway 59 Bldg C Parsons, KS 67357-4948"
Lane County Health Department,Lane,Dighton,KS,67839,(620) 397-2809,http://www.lanecountyks.org/health-department.htm,,,True,"PO Box 943 Dighton, KS 67839-0943"
Lawrence-Douglas County Public Health,Lawrence-Douglas,Lawrence,KS,66044,(785) 843-3060,https://ldchealth.org/,,,True,"200 Maine St Ste B Lawrence, KS 66044-1396"
Leavenworth County Health Department,Leavenworth,Leavenworth,KS,66048,(913) 250-2000,https://www.leavenworthcounty.gov/departments/health_department/index.php,,,True,"500 Eisenhower Rd Ste 101 Leavenworth, KS 66048-5161"
Lincoln County Health Department,Lincoln,Lincoln,KS,67455,(785) 524-4406,https://ks497.cichosting.com/main/departments/health-department,,,True,"PO BOX 187 Lincoln, KS 67455-0187"
Linn County Health Department,Linn,Pleasanton,KS,66075,(913) 352-6640,https://www.linncountyks.com/departments/health-department,,,True,"902 Main St Pleasanton, KS 66075-4078"
Logan County Health Department,Logan,Oakley,KS,67748,(785) 671-4502,https://www.logancountyhealth.com/,,,True,"216 Maple Ave Oakley, KS 67748-1220"
Lyon County Health Department / Flint Hills Community Health Center,Lyon County Health Department / Flint Hills Community,Emporia,KS,66801,(620) 342-4864,https://www.publichealth.lyoncounty.org/,,,True,"420 W 15th Ave Emporia, KS 66801-5367"
Marion County Health Department,Marion,Marion,KS,66861,(620) 382-2550,https://www.marioncoks.net/health-department,,,True,"504 S Roosevelt St Marion, KS 66861-1358"
Marshall County Health Department,Marshall,Marysville,KS,66508,(785) 562-3485,http://www.marshallcohealth.org,,,True,"600 Broadway St. Marysville, KS 66508-1840"
McPherson County Health Department,McPherson,Mcpherson,KS,67460,(620) 241-1753,https://www.mcphersoncountyks.us/15/Health-Department,,,True,"1001 N Main St Mcpherson, KS 67460-2843"
Meade County Health Department,Meade,Meade,KS,67864,(620) 873-8745,http://meadecohealth.com/index.html,,,True,"PO BOX 248 Meade, KS 67864-0248"
Miami County Health Department,Miami,Paola,KS,66071,(913) 294-2431,https://www.miamicountyks.org/161/Health-Department,,,True,"1201 Lakemary Dr Paola, KS 66071-1885"
Mitchell County Health Department,Mitchell,Beloit,KS,67420,(785) 738-5175,https://www.mitchellcountykansas.com/county-health.html,,,True,"310 W 8Th St Beloit, KS 67420-1603"
Montgomery County Health Department,Montgomery,Coffeyville,KS,67337,(620) 251-4210,https://www.mgcountyks.org/home/departments/health-department/,,,True,"604 South Union Coffeyville, KS 67337"
Morris County Health Department,Morris,Grove,KS,66846,(620) 767-5175,https://www.morriscountyks.org/health-department,,,True,"221 Hockaday St Council Grove, KS 66846-1830"
Morton County Health Department,Morton,Elkhart,KS,67950,(620) 697-2612,https://mtcoks.com/191/Health,,,True,"625 Colorado St. Elkhart, KS 67950"
NEK Multi-County Health Department,NEK Multi-County,Hiawatha,KS,66434,(785) 742-7192,http://nekmulticounty.org/,,,True,"907 S 2nd St. Hiawatha, KS 66434"
Nemaha County Health Department,Nemaha,Seneca,KS,66538,(785) 334-0150,https://www.nmcoks.us/health-dept#,,,True,"203 N 8th ST Ste 3 Seneca, KS 66538-1743"
Neosho County Health Department,Neosho,Chanute,KS,66720,(620) 431-5770,https://www.neoshocountyks.org/181/Health-Department,,,True,"320 E Main St Chanute, KS 66720-1837"
Ness County Health Department,Ness,City,KS,67560,(785) 798-3388,https://www.nesscountyks.com/departments/health-department,,,True,"202 W Sycamore St Ste 1 Ness City, KS 67560-1558"
Norton County Health Department,Norton,Norton,KS,67654,(785) 877-5745,https://www.nortoncountyks.gov/departments/health,,,True,"801 N Norton Ave Norton, KS 67654-1432"
Osage County Health Department,Osage,Lyndon,KS,66451,(785) 828-3117,https://osageco.org/218/Health-Department,,,True,"103 E 9Th St Lyndon, KS 66451-9845"
Osborne County Health Department,Osborne,Osborne,KS,67473,(785) 346-2412,https://www.osbornecounty.org/departments/health_department/index.html,,,True,"115 N First St Osborne, KS 67473-2001"
Ottawa County Health Department,Ottawa,Minneapolis,KS,67467,(785) 392-2822,https://ks1497.cichosting.com/main/departments/health-department,,,True,"817A Argyle Ave Minneapolis, KS 67467-1621"
Pawnee County Health Department,Pawnee,Larned,KS,67550,(620) 285-6963,https://www.pawneecountykansas.com/158/Health-Department,,,True,"PO BOX 150 Larned, KS 67550-0150"
Phillips County Health Department,Phillips,Phillipsburg,KS,67661,(785) 543-6850,https://www.phillipscountyks.org/phillips-county-health-department,,,True,"784 6Th St Phillipsburg, KS 67661-1939"
Pottawatomie County Health Department,Pottawatomie,Westmoreland,KS,66549,(785) 457-3719,https://www.pottcounty.org/154/Health-Department,,,True,"PO BOX 310 Westmoreland, KS 66549-0310"
Pratt County Health Department,Pratt,Pratt,KS,67124,(620) 672-4135,https://www.prattcounty.org/153/Health-Department,,,True,"712 S Main St Pratt, KS 67124-2631"
"Public Health Department of the Unified Government of Wyandotte County and Kansas City, Kansas","Public Health Department of the Unified Government of Wyandotte County and Kansas City, Kansas",City,KS,66101,(913) 573-8855,https://www.wycokck.org/Departments/Health,,,True,"619 Ann Ave Kansas City, KS 66101-3038"
Rawlins County Health Department,Rawlins,Atwood,KS,67730,(785) 626-3968,https://sites.google.com/a/rawlinscounty.org/rawlins-county-courthouse/public-health,,,True,"216 S 4Th St Atwood, KS 67730-1924"
Reno County Health Department,Reno,Hutchinson,KS,67501,(620) 694-2900 (224),https://www.renocountyks.gov/Health-Department,,,True,"209 W 2Nd Ave Hutchinson, KS 67501-5232"
Republic County Health Department,Republic,Belleville,KS,66935,(785) 527-5671,http://republiccounty.org/main/health-department,,,True,"2316 G St Belleville, KS 66935-2452"
Rice County Health Department,Rice,Lyons,KS,67554,(620) 257-2171,https://www.ricecounty.us/departments/health/index.php,,,True,"1432 W Commercial St Lyons, KS 67554-3900"
Riley County Health Department,Riley,Manhattan,KS,66502,(785) 776-4779 (243),http://www.rileycountyks.gov/286/health-department,,,True,"2030 Tecumseh Rd Manhattan, KS 66502-3512"
Rooks County Health Department,Rooks,Stockton,KS,67669,(785) 425-7352,https://www.rookscountyks.gov/health-department,,,True,"426 Main St Stockton, KS 67669-1930"
Rush County Health Department,Rush,Crosse,KS,67548,(785) 222-3427,https://rckshd.com/,,,True,"PO BOX 452 La Crosse, KS 67548-0452"
Russell County Health Department,Russell,Russell,KS,67665,(785) 483-6433,https://www.russellcountykansas.com/199/Health-Department,,,True,"189 W Luray St Russell, KS 67665-2924"
SEK Multi-County Health Department,SEK Multi-County,Iola,KS,66749,(620) 365-2191,https://sekmchd.com/,,,True,"411 N Washington Ave Iola, KS 66749-2352"
Saline County Health Department,Saline,Salina,KS,67401,(785) 826-6600 (7313),https://www.salinecountyks.gov/health-department,,,True,"125 W Elm St Salina, KS 67401-2315"
Scott County Health Department,Scott,City,KS,67871,(620) 872-5774,https://scottcountyks.com/departments/health-department.html,,,True,"204 S College St Scott City, KS 67871-1253"
Sedgwick County Health Department,Sedgwick,Wichita,KS,67214,(316) 660-7300,https://www.sedgwickcounty.org/health/,,,True,"1900 E 9Th St N Wichita, KS 67214-3115"
Seward County Health Department,Seward,Liberal,KS,67901,(620) 626-3369,https://www.sewardcountyks.org/104/County-Health-Department,,,True,"103 W 2Nd St Liberal, KS 67901-3719"
Shawnee County Health Department,Shawnee,Topeka,KS,66606,(785) 251-5603,http://www.snco.us/hd/,,,True,"2600 Sw East Circle Dr S Topeka, KS 66606-2447"
Sheridan County Public Health Department,Sheridan,Hoxie,KS,67740,(785) 675-2101,https://www.sheridancountyks.gov/public-health,,,True,"940 8th St Hoxie, KS 67740"
Sherman County Health Department,Sherman,Goodland,KS,67735,(785) 890-4888,https://www.shermancountyhealthdepartment.org/,,,True,"1622 Broadway Goodland, KS 67735-3053"
Smith County Health Department,Smith,Center,KS,66967,(785) 282-6656,https://ks1495.cichosting.com/main/departments/health-department,,,True,"119 S Main St Smith Center, KS 66967-2605"
Stafford County Health Department,Stafford,John,KS,67576,(620) 549-3504,https://www.staffordcounty.org/health-department.html,,,True,"610 E 1St Ave Saint John, KS 67576-2224"
Stanton County Health Department,Stanton,Johnson,KS,67855,(620) 492-6443,,https://www.facebook.com/p/Stanton-County-Health-Department-100069155081352/,,True,"114 N Main St Johnson, KS 67855-4135"
Stevens County Health Department,Stevens,Hugoton,KS,67951,(620) 544-7177,https://stevenscoks.org/stevens-county-health-department/,,,True,"505 S Polk St Hugoton, KS 67951-2137"
Sumner County Health Department,Sumner,Wellington,KS,67152,(620) 326-2774,https://www.sumnercountyhealthdepartment.org/,,,True,"217 W 8Th St Ste 1 Wellington, KS 67152-3967"
Thomas County Health Department,Thomas,Colby,KS,67701,(785) 460-4596,https://www.thomascohealth.com/,,,True,"350 S Range Ave Ste 2 Colby, KS 67701-2966"
Trego County Health Department,Trego,Wakeeney,KS,67672,(785) 743-6348,https://tregocountyks.gov/health-community-services/,,,True,"201 N Main St Wakeeney, KS 67672-2104"
Wabaunsee County Health Department,Wabaunsee,Alma,KS,66401,(785) 765-2425,https://www.wbcounty.org/health-department,,,True,"215 Kansas Ave Alma, KS 66401-9797"
Wallace County Health Department,Wallace,Springs,KS,67758,(785) 852-4272,https://wallacecountyks.gov/180/Health-Department,,,True,"104 E 4Th Sharon Springs, KS 67758-9715"
Washington County Health Department,Washington,Washington,KS,66968,(785) 325-2600,https://washingtoncountyks.gov/county-departments/health-department/,,,True,"104 E 2Nd St Washington, KS 66968-1916"
Wichita County Health Department,Wichita,Leoti,KS,67861,(620) 375-2233,https://www.wichitacountyhealthcenter.com/,,,True,"211 E Earl ST Leoti, KS 67861-9620"
Wilson County Health Department,Wilson,Fredonia,KS,66736,(620) 378-4455,http://www.wilsoncountykansas.org/main/county-offices/health-department,,,True,"421 N 7Th St Fredonia, KS 66736-1342"
Adair County Center,Adair,Columbia,KY,42728,(270) 384-2286,https://www.lcdhd.org/locations/adair-county/,,,True,"801 Westlake Drive Columbia, KY 42728"
Allen County Health Department,Allen,Scottsville,KY,42164,(270) 237-4423,https://www.allencountyhd.com/,https://www.facebook.com/Allen-County-Health-Department-189873504254/,,True,"107 North Court Street Scottsville, KY 42164-0129"
Anderson County Health Department,Anderson,Lawrenceburg,KY,40342,(502) 839-4551,http://achdonline.org/,https://www.facebook.com/pages/category/Government-Organization/Anderson-County-Health-Department-311079206033771/,,True,"1180 Glensboro Rd Lawrenceburg, KY 40342-9034"
Ashland-Boyd County Health Department,Ashland-Boyd,Ashland,KY,41101,(606) 329-9444,https://www.abchdkentucky.com/,https://www.facebook.com/abchdky/,,True,"2924 Holt St Ashland, KY 41101-4080"
Ballard County Center,Ballard,LaCenter,KY,42056,(270) 665-5432,,,,True,"198 Bluegrass Drive LaCenter, KY 42056"
Barren County Health Department,Barren,Glasgow,KY,42141,(270) 651-8321,https://www.barrenriverhealth.org/,,,True,"318 W Washington ST Glasgow, KY 42141-2405"
Barren River District Health Department,Barren River,Green,KY,42102,(270) 781-8039,http://www.barrenriverhealth.org,https://www.facebook.com/BarrenRiverDistrict/,https://twitter.com/barrenriverhd,True,"1109 State Street Bowling Green, KY 42102-1157"
Bath County Center,Bath,Owingsville,KY,40360,(606) 674-2731,,,,True,"68 Oberline Street Owingsville, KY 40360"
Bell County Health Department,Bell,Pineville,KY,40977,(606) 337-7046,https://www.bellcohealthky.org/,,,True,"310 S Cherry St Pineville, KY 40977"
Boone County Center,Boone,Florence,KY,41042,(859) 363-2060,https://nkyhealth.org/ourlocations/,,,True,"7505 Burlington Pike Florence, KY 41042"
Bourbon County Health Department,Bourbon,Paris,KY,40361,(859) 987-1915,https://bourboncohd.org/,https://www.facebook.com/BourbonCoHD/,,True,"341 East Main Street Paris, KY 40361"
Bowling Green - Warren County Health Department,Bowling Green - Warren,Green,KY,42101,(270) 781-2490,https://www.barrenriverhealth.org/contact-us,,,True,"1109 State St Bowling Green, KY 42101-2648"
Boyle County Health Department,Boyle,Danville,KY,40423,(859) 236-2053,https://www.boylehealth.com/,https://www.facebook.com/healthyBoyleCo/,,True,"PO Box 398 Danville, KY 40423-0398"
Bracken County Health Department,Bracken,Brooksville,KY,41004,(606) 735-2157,http://brackenhd.org/,https://www.facebook.com/Bracken-County-Health-Department-125668454123398/,,True,"PO Box 117 Brooksville, KY 41004"
Breathitt County Health Department,Breathitt,Jackson,KY,41339,(606) 666-5274,https://www.bchdky.org/,https://www.facebook.com/Breathitt-County-Health-Department-294668057898626/?ref=py_c,,True,"PO Box 730 Jackson, KY 41339"
Breckinridge County Health Department,Breckinridge,Hardinsburg,KY,40143,(270) 756-5121,https://breckinridgecountyhealthdept.org/,https://www.facebook.com/breckhealthdept,https://twitter.com/BreckCoPHD,True,"220 S Hardin St Hardinsburg, KY 40143"
Buffalo Trace District Health Department,Buffalo Trace,Maysville,KY,41056,(606) 564-9447,http://www.buffalotracehealth.com/,https://www.facebook.com/BTDHD/,https://twitter.com/BuffaloTraceDHD?ref_src=twsrc%,True,"130 E 2nd St Maysville, KY 41056"
Bullitt County Health Department,Bullitt,Shepherdsville,KY,40165,(502) 543-2415,http://www.bullitthealth.org,https://www.facebook.com/bullittkyhealth/?rf=427632044094781,,True,"181 Lees Valley Rd Shepherdsville, KY 40165"
Butler County Health Department,Butler,Morgantown,KY,42261,(270) 526-3221,https://health.bcohio.gov/,,,True,"104 N Warren St Morgantown, KY 42261-7924"
Caldwell County Health Department,Caldwell,Princeton,KY,42445,(270) 365-6571,https://pennyrilehealth.org/locations/,,,True,"600 South Jefferson Street Princeton, KY 42445"
Calloway County Health Department,Calloway,Murray,KY,42071,(270) 753-3381,http://www.callowayhealth.org/,,,True,"602 Memory Ln Murray, KY 42071"
Campbell County Health Center,Campbell,Newport,KY,41071,(859) 431-1704,https://nkyhealth.org/locations/campbell-county-health-department/,,,True,"1098 Monmouth Street Newport, KY 41071"
Carlisle County Center,Carlisle,Bardwell,KY,42023,(270) 628-5431,,,,True,"62 John Roberts Drive Bardwell, KY 42023"
Carroll County Center,Carroll,Carrollton,KY,41008,(502) 732-6641,https://trdhd.com/our-locations/,,,True,"401 11th Street Carrollton, KY 41008"
Carter County Health Department,Carter,Grayson,KY,41143,(606) 474-5100,,,,True,"300 W Main St Grayson, KY 41143"
Casey County Center,Casey,Liberty,KY,42539,(606) 787-6911,https://www.lcdhd.org/locations/casey-county/,,,True,"199 Adams Street Liberty, KY 42539"
Christian County Health Department,Christian,Hopkinsville,KY,42240,(270) 887-4160,http://www.christiancountyhd.com,https://www.facebook.com/christiancountyhd/,,True,"PO Box 647 Hopkinsville, KY 42240"
Clark County Health Department,Clark,Winchester,KY,40391,(859) 744-4482,http://www.cchdky.org,https://www.facebook.com/Clark-County-Health-Department-152329718138106/,,True,"400 Professional Ave Winchester, KY 40391"
Clay County Center,Clay,Manchester,KY,40962,(606) 598-2425,,,,True,"330 Shamrock Rd Manchester, KY 40962-9201"
Clinton County Center,Clinton,Albany,KY,42602,(606) 387-5711,https://www.lcdhd.org/locations/clinton-county/,,,True,"131 Foothills Avenue Albany, KY 42602"
Crittenden County Health Department,Crittenden,Marion,KY,42064,(270) 965-5215,https://pennyrilehealth.org/locations/,,,True,"190 Industrial Dr. Marion, KY 42064"
Cumberland County Center,Cumberland,Burkesville,KY,42717,(270) 864-2206,https://www.lcdhd.org/locations/cumberland-county/,,,True,"226 Copper Lane Burkesville, KY 42717"
Cumberland Valley District Health Department,Cumberland Valley,Manchester,KY,40962,(606) 598-5564,http://www.cvdhealthdept.com,https://www.facebook.com/cvdhealthdept,,True,"PO Box 158 Manchester, KY 40962"
Daviess County Health Department,Daviess,Owensboro,KY,42303,(270) 686-7744,https://healthdepartment.org/location/daviess-county-community-health-center/,,,True,"1600 Breckenridge St Owensboro, KY 42303-1055"
Edmonson County Health Department,Edmonson,Brownsville,KY,42210,(270) 597-2194,https://www.barrenriverhealth.org/contact-us,,,True,"221 Mammoth Cave Rd Brownsville, KY 42210-9040"
Elliott County Center,Elliott,Hook,KY,41171,(606) 738-5205,,,,True,"109 David Blair Blvd Sandy Hook, KY 41171"
Estill County Health Department,Estill,Irvine,KY,40336,(606) 723-5181,https://estillcohd.com/,https://www.facebook.com/pages/category/Government-Organization/Estill-County-Health-Department-100871557173713/,,True,"365 River Dr Irvine, KY 40336"
Fleming County Health Department,Fleming,Flemingsburg,KY,41041,(606) 845-6511,https://flemingcountyhealthky.gov/,https://www.facebook.com/pages/Fleming-County-Health-Department/192051954138228?rf=883062048475027,,True,"194 Windsor Rd Flemingsburg, KY 41041"
Floyd County Health Department,Floyd,Prestonsburg,KY,41653,(606) 886-2788,https://fchdky.org/,https://www.facebook.com/FCHDKY/,,True,"283 Goble St Prestonsburg, KY 41653"
Franklin County Health Department,Franklin,Frankfort,KY,40601,(502) 564-4269,http://www.fchd.org,,,True,"100 Glenns Creek Rd Frankfort, KY 40601"
Fulton County Center - West,Fulton County Center - West,Hickman,KY,42050,(270) 236-2825,,,,True,"402 Troy Street Hickman, KY 42050"
Gallatin County Center,Gallatin,Warsaw,KY,41095,(859) 567-2844,https://trdhd.com/our-locations/,,,True,"102 West Pearl Street Warsaw, KY 41095"
Garrard County Health Department,Garrard,Lancaster,KY,40444,(859) 792-2153,https://www.garrardhealth.org/,,,True,"89 Farra Dr Lancaster, KY 40444"
Gateway District Health Department,Gateway,Owingsville,KY,40360,(606) 674-6396,https://www.gdhd.org/,https://www.facebook.com/pages/category/Government-Organization/Gateway-District-Health-Department-243815558979891/,,True,"PO Box 555 Owingsville, KY 40360"
Grant County Center,Grant,Williamstown,KY,41097,(859) 824-5074,https://nkyhealth.org/,,,True,"234 Barnes Road Williamstown, KY 41097"
Graves County Health Department,Graves,Mayfield,KY,42066,(270) 247-3553,https://www.gravescountyhealthdepartment.com/,,,True,"416 Central Ave Mayfield, KY 42066"
Grayson County Health Department,Grayson,Leitchfield,KY,42754,(270) 259-3141,https://www.graysoncountyhealth.org/,,,True,"124 E White Oak St Leitchfield, KY 42754"
Green County Center,Green,Greensburg,KY,42743,(270) 932-4341,https://www.lcdhd.org/locations/green-county/,,,True,"220 Industrial Park Greensburg, KY 42743"
Green River District Health Department,Green River,Owensboro,KY,42303,(270) 686-7747,http://www.healthdepartment.org,https://www.facebook.com/greenriver.district,https://twitter.com/GRDHD,True,"1501 Breckinridge Street Owensboro, KY 42303-0309"
Greenup County Health Department,Greenup,Greenup,KY,41144,(606) 473-9838,http://www.greenupchdky.gov,https://www.facebook.com/greenuphealth,https://twitter.com/greenuphealth,True,"PO Box 377 Greenup, KY 41144"
Hancock County Center,Hancock,Hawesville,KY,42348,(270) 927-8803,https://healthdepartment.org/location/hancock-county-health-center/,,,True,"175 Harrison St Hawesville, KY 42348"
Hardin County Center,Hardin,Elizabethtown,KY,42701,(270) 765-6196,https://ltdhd.org/contact/,,,True,"580 Westport Road Elizabethtown, KY 42701"
Harlan County Health Department,Harlan,Harlan,KY,40831,(606) 573-3700,https://www.harlanhealthdept.org/,,,True,"402 E Clover St Harlan, KY 40831"
Harrison County Center,Harrison,Cynthiana,KY,41031,(859) 234-2842,https://wedcohealth.org/clinic-services/,,,True,"364 Oddville Avenue Cynthiana, KY 41031"
Hart County Health Department,Hart,Munfordville,KY,42765,(270) 524-2511,https://www.barrenriverhealth.org/contact-us,,,True,"500 A.A. Whitman Lane Munfordville, KY 42765"
Henderson County Center,Henderson,Henderson,KY,42420,(270) 826-3951,https://healthdepartment.org/location/henderson-county-health-center/,,,True,"472 Klutey Park Plaza Henderson, KY 42420"
Hickman County Center,Hickman,Clinton,KY,42031,(270) 653-6110,,,,True,"370 S Washington Street Clinton, KY 42031"
Hopkins County Health Department,Hopkins,Madisonville,KY,42431,(270) 821-5242,https://www.hopkinscohealthdept.com/,,,True,"412 North Kentucky Avenue Madisonville, KY 42431"
Jackson County Center,Jackson,McKee,KY,40447,(606) 287-8421,https://jacksoncounty.ky.gov/Services/Pages/Departments.aspx,,,True,"Highway 421 South McKee, KY 40447"
Jessamine County Health Department,Jessamine,Nicholasville,KY,40356,(859) 885-4149,http://www.jessaminehealth.org,https://www.facebook.com/JCHDKY/,,True,"210 East Walnut Street Nicholasville, KY 40356"
Johnson County Health Department,Johnson,Paintsville,KY,41240,(606) 789-2590,https://johnsoncohealthdept.org/,https://www.facebook.com/JCHDKY/,,True,"630 James S. Trimble Blvd Paintsville, KY 41240"
Kenton Health Center,Kenton,Covington,KY,41014,(859) 431-3345,https://nkyhealth.org/ourlocations/,,,True,"2002 Madison Avenue Covington, KY 41014"
Kentucky River District Health Department,Kentucky River,Hazard,KY,41701,(606) 439-2361,https://www.krdhd.org/site/,,,True,"441 Gorman Hollow Road Hazard, KY 41701-2316"
Knott County Center,Knott,Hindman,KY,41822,(606) 785-3144,https://www.knottcountyhrc.com/,,,True,"880 West Main Street Hindman, KY 41822"
Knox County Health Department,Knox,Barbourville,KY,40906,(606) 546-3486,https://www.kchdky.org/,,,True,"261 Hospital Drive Barbourville, KY 40906"
Lake Cumberland District Health Department,Lake Cumberland,Somerset,KY,42502,(606) 678-4761,https://www.lcdhd.org/,,,True,"500 Bourne Avenue Somerset, KY 42502"
Larue County Center,Larue,Hodgenville,KY,42748,(270) 358-3844,https://ltdhd.org/contact/,,,True,"215 East Main Street Hodgenville, KY 42748"
Laurel County Health Department,Laurel,London,KY,40741,(606) 864-5187,http://www.laurelcohealthdept.org,,,True,"525 Whitley Street London, KY 40741"
Lawrence County Health Department,Lawrence,Louisa,KY,41230,(606) 638-4389,https://lawrencecountyhealthdepartment.com/,,,True,"1080 Meadowbrook Lane Louisa, KY 41230"
Lee County Health Center,Lee,Beattyville,KY,41311,(606) 464-2492,,https://www.facebook.com/p/Lee-County-Health-Center-100040407314279/,,True,"48 Center Street Beattyville, KY 41311"
Leslie County Center,Leslie,Hyden,KY,41749,(606) 672-2393,https://www.krdhd.org/site/locations/,,,True,"78 Maple Street Hyden, KY 41749"
Letcher County Health Department,Letcher,Whitesburg,KY,41858,(606) 633-2945,https://www.krdhd.org/site/locations/,,,True,"115 East Main Street Whitesburg, KY 41858"
Lewis County Health Department,Lewis,Vanceburg,KY,41179,(606) 796-2632,https://lewiscountykyhd.org/,,,True,"185 Commercial Drive Vanceburg, KY 41179"
Lexington-Fayette County Health Department,Lexington-Fayette,Lexington,KY,40508,(859) 234-8750,https://www.lfchd.org/home/,https://www.facebook.com/LFCHD,https://twitter.com/LFCHD,True,"650 Newtown Pike Lexington, KY 40508"
Lincoln County Health Department,Lincoln,Stanford,KY,40484,(606) 365-3106,https://lincolncountyhealth.org/,,,True,"44 Health Way Stanford, KY 40484"
Lincoln Trail District Health Department,Lincoln Trail,Elizabethtown,KY,42702,(270) 769-1601,https://ltdhd.org/,,,True,"108 New Glendale Road Elizabethtown, KY 42702-2609"
Livingston County Health Department,Livingston,Smithland,KY,42081,(270) 928-2193,https://pennyrilehealth.org/locations/,,,True,"124 State Street Smithland, KY 42081"
Logan County Health Department,Logan,Russellville,KY,42276,(270) 726-8341,https://www.barrenriverhealth.org/contact-us,,,True,"151 S Franklin St Russellville, KY 42276-1934"
Louisville Metro Department of Public Health and Wellness,Louisville Metro Department of Public Health and Wellness,Louisville,KY,40202,(502) 574-6520,https://louisvilleky.gov/government/health-wellness,https://www.facebook.com/LouMetroPublicHealth/,https://twitter.com/LouMetroHealth,True,"400 E Gray St Louisville, KY 40202"
Lyon County Health Department,Lyon,Eddyville,KY,42038,(270) 388-9763,https://pennyrilehealth.org/locations/,,,True,"211 W Fairview Ave Eddyville, KY 42038"
Madison County Health Department,Madison,Richmond,KY,40476,(859) 626-4241,https://madisoncountyhealthdept.org/,,,True,"216 Boggs Lane Richmond, KY 40476-1208"
Magoffin County Health Department,Magoffin,Salyersville,KY,41465,(606) 349-6212,,https://www.facebook.com/magoffincountyhealthdepartment,,True,"119 E Mountain Pkwy Salyersville, KY 41465"
Marion County Center,Marion,Lebanon,KY,40003,(270) 692-3393,https://ltdhd.org/contact/,,,True,"516 N. Spalding Ave. Lebanon, KY 40003"
Marshall County Health Department,Marshall,Benton,KY,42025,(270) 527-1496,http://Marshallcohealthdepartment.com,https://www.facebook.com/Marshall-County-Health-Department-159283764097998/,https://twitter.com/marshallhealth,True,"267 Slickback Rd Benton, KY 42025"
Martin County Health Department,Martin,Inez,KY,41224,(606) 298-7752,https://www.martincountyky.com/health-medical,,,True,"PO Box 346 Inez, KY 41224"
Mason County Center,Mason,Maysville,KY,41056,(606) 564-9447,https://www.buffalotracehealth.com/,,,True,"PO BOX 70 Maysville, KY 41056-0070"
McCreary County Center,McCreary,City,KY,42653,(606) 376-2412,https://www.lcdhd.org/locations/mccreary-county/,,,True,"119 Medical Lane Whitley City, KY 42653"
McLean County Center,McLean,Calhoun,KY,42327,(270) 273-3062,https://healthdepartment.org/location/mclean-county-health-center/,,,True,"200 Highway 81 North Suite 101 Calhoun, KY 42327"
Meade County Health Department,Meade,Brandenburg,KY,40108,(270) 422-3988,https://ltdhd.org/contact/,,,True,"520 Hillcrest Drive Brandenburg, KY 40108"
Menifee County Center,Menifee,Frenchburg,KY,40322,(606) 768-2151,,,,True,"1919 Main St Frenchburg, KY 40322"
Mercer County Health Department,Mercer,Harrodsburg,KY,40330,(859) 734-4522 (135),https://mercerkyhd.org/,https://www.facebook.com/Mercer-County-Health-Department-247353008642647/,,True,"900 College Street Harrodsburg, KY 40330"
Metcalfe County Health Department,Metcalfe,Edmonton,KY,42129,(270) 432-3214,https://www.barrenriverhealth.org/contact-us,,,True,"615 W Stockton St Edmonton, KY 42129"
Monroe County Health Department,Monroe,Tompkinsville,KY,42167,(270) 487-6782,https://www.monroecohealth.com/,,,True,"452 East 4th Street Tompkinsville, KY 42167"
Montgomery County Health Department,Montgomery,Sterling,KY,40353,(859) 498-3808,https://montgomerycountyhealth.com/,https://www.facebook.com/MontgomeryCountyHealth/,,True,"117 Civic Center Mt Sterling, KY 40353"
Morgan County Health Department,Morgan,Liberty,KY,41472,(606) 743-3744,https://www.morganhd.com/,,,True,"493 Riverside DR West Liberty, KY 41472"
Muhlenberg County Health Department,Muhlenberg,City,KY,42330,(270) 754-3200,https://www.muhlenbergcountyhealthdepartment.com/2018/,,,True,"P.O. Box 148 Central City, KY 42330"
Nelson County Center,Nelson,Bardstown,KY,40004,(502) 348-3222,https://ltdhd.org/contact/,,,True,"325 South Third Street Bardstown, KY 40004"
Nicholas County Center,Nicholas,Carlisle,KY,40311,(859) 289-2188,https://wedcohealth.org/,,,True,"2320 Concrete Road Carlisle, KY 40311"
North Central District Health Department,North Central,Shelbyville,KY,40065,(502) 633-1243,https://ncdhd.com/,,,True,"1020 Henry Clay Street Shelbyville, KY 40065"
Northern Kentucky Independent District Health Department,Northern Kentucky Independent,Florence,KY,41042,(859) 341-4264,http://www.nkyhealth.org,,,True,"8001 Veterans Memorial Drive Florence, KY 41042"
Ohio County Center,Ohio,Hartford,KY,42347,(270) 298-3663,https://healthdepartment.org/location/ohio-county-health-center/,,,True,"1336 Clay St Hartford, KY 42347-1637"
Oldham County Health Department,Oldham,LaGrange,KY,40031,(502) 222-3516,http://Oldhamcountyhealthdepartment.org,,,True,"1786 Commerce Parkway LaGrange, KY 40031"
Owen County Center,Owen,Owenton,KY,40359,(502) 484-5736,https://trdhd.com/our-locations/,,,True,"1005 Highway 22 East Owenton, KY 40359"
Owsley County Center,Owsley,Booneville,KY,41314,(606) 593-5181,https://www.krdhd.org/site/locations/,,,True,"501 Highway 28 Booneville, KY 41314"
Paducah - McCracken County Center,Paducah - McCracken,Paducah,KY,42002,(270) 444-9631,,,,True,"916 Kentucky Avenue Paducah, KY 42002-2597"
Pendleton County Center,Pendleton,Falmouth,KY,41040,(859) 654-6985,https://trdhd.com/our-locations/,,,True,"329 Highway 330 West Falmouth, KY 41040"
Pennyrile District Health Department,Pennyrile,Eddyville,KY,42038,(270) 388-9747,https://pennyrilehealth.org/,,,True,"208 Outlet Ave Eddyville, KY 42038-8222"
Perry County Health Center,Perry,Hazard,KY,41701,(606) 436-2196,https://www.krdhd.org/site/locations/,,,True,"239 Lovern Street Hazard, KY 41701"
Pike County Health Department,Pike,Pikeville,KY,41501,(606) 437-5500,https://www.pikecountyhealth.com/v4i/index.html,,,True,"119 River Drive Pikeville, KY 41501"
Powell County Health Department,Powell,Stanton,KY,40380,(606) 663-4360,https://powellcohd.org/,,,True,"376 North Main Street Stanton, KY 40380"
Pulaski County Center,Pulaski,Somerset,KY,42501,(606) 679-4416,https://www.lcdhd.org/locations/pulaski-county/,,,True,"45 Roberts Street Somerset, KY 42501"
Purchase District Health Department,Purchase,Paducah,KY,42002,(270) 444-9631,http://www.purchasehealth.org/,https://www.facebook.com/purchasedistricthealthdepartment/,,True,"916 Kentucky Avenue Paducah, KY 42002-2357"
Robertson County Center,Robertson,Olivet,KY,41064,(606) 724-5222,https://www.buffalotracehealth.com/,,,True,"45 Mcdowell Street Mount Olivet, KY 41064"
Rockcastle County Center,Rockcastle,Vernon,KY,40456,(606) 256-2242,https://cvdhealthdept.com/,,,True,"120 Richmond St Mount Vernon, KY 40456"
Rowan County Center,Rowan,Morehead,KY,40351,(606) 674-6396,,,,True,"730 West Main Street Morehead, KY 40351"
Russell County Center,Russell,Jamestown,KY,42629,(270) 343-2181,https://www.lcdhd.org/locations/russell-county/,,,True,"211 Fruit of the Loom Drive Jamestown, KY 42629"
Scott County Center,Scott,Georgetown,KY,40324,(502) 863-3971,https://wedcohealth.org/,,,True,"300 East Washington Street Georgetown, KY 40324"
Shelby County Health Department,Shelby,Shelbyville,KY,40065,(502) 633-1231,https://www.ncdhd.com/shelby-county-health-department,,,True,"615 11Th Street Shelbyville, KY 40065"
Simpson County Health Department,Simpson,Franklin,KY,42134,(270) 586-8261,https://www.barrenriverhealth.org/contact-us,,,True,"1131 S College St Franklin, KY 42134-2309"
Spencer County Center,Spencer,Taylorsville,KY,40071,(502) 477-8146,https://www.ncdhd.com/,,,True,"88 Spears Dr Taylorsville, KY 40071-6756"
Taylor County Center,Taylor,Campbellsville,KY,42718,(270) 465-4191,,,,True,"1880 N Bypass Road Campbellsville, KY 42718"
Three Rivers District Health Department,Three Rivers,Owenton,KY,40359,(502) 484-3412,http://www.trdhd.com,https://www.facebook.com/Three-Rivers-District-Health-Department-117172084961373/,https://twitter.com/TRDHD,True,"60 Old Monterey Rd Owenton, KY 40359"
Todd County Health Department,Todd,Elkton,KY,42220,(270) 265-2362,https://toddcounty.ky.gov/Pages/Local-Resources.aspx,https://www.facebook.com/ToddCountyHealthDepartment,https://twitter.com/WedcoHealth,True,"617 W Main St Elkton, KY 42220"
Trigg County Health Department,Trigg,Cadiz,KY,42211,(270) 522-8121,https://pennyrilehealth.org/locations/,,,True,"196 Main Street Cadiz, KY 42211"
Union County Center,Union,Morganfield,KY,42437,(270) 389-1230,https://healthdepartment.org/location/union-county-health-center/,,,True,"218 W Mcelroy ST Morganfield, KY 42437"
Washington County Center,Washington,Springfield,KY,40069,(859) 336-3989,https://ltdhd.org/contact/,,,True,"302 East Main Street Springfield, KY 40069"
Wayne County Center,Wayne,Monticello,KY,42633,(606) 348-9349,https://www.lcdhd.org/locations/wayne-county/,,,True,"39 Jim Hill Service Road Monticello, KY 42633"
Webster County Center,Webster,Dixon,KY,42409,(270) 639-9315,https://healthdepartment.org/location/webster-county-health-center/,,,True,"80 Clayton Avenue Dixon, KY 42409"
Wedco District Health Department,Wedco,Cynthiana,KY,41031,(859) 234-8750,http://www.wedcohealth.org,https://www.facebook.com/WedcoHealth/,https://twitter.com/WedcoHealth,True,"364 Oddville Ave Cynthiana, KY 41031-9472"
Whitley County Health Department,Whitley,Williamsburg,KY,40769,(606) 549-3380,https://whitleycountyhealthdepartment.com/,https://www.facebook.com/Whitley-County-Health-Department-266936440025123/,,True,"368 Penny Lane Williamsburg, KY 40769"
Wolfe County Center,Wolfe,Campton,KY,41301,(606) 668-3185,https://www.krdhd.org/site/locations/,,,True,"151 KY Hwy 15 N Campton, KY 41301"
Woodford County Health Department,Woodford,Versailles,KY,40383,(859) 873-4541,http://www.wchd.com,https://www.facebook.com/woodfordhd/,,True,"229 North Main Street Versailles, KY 40383"
Acadia Parish Health Unit,Acadia Parish,Crowley,LA,70526,(337) 788-7507,http://ldh.la.gov/index.cfm/directory/detail/4518/catid/338,https://www.facebook.com/pages/Acadia-Parish-Health-Unit-Church-Point/902739723140960,,True,"1029 Capitol Ave Crowley, LA 70526-3227"
Allen Parish Health Unit,Allen Parish,Oakdale,LA,71463,(318) 335-1147,http://ldh.la.gov/index.cfm/directory/detail/4781/catid/363,,,True,"PO BOX 1121 Oakdale, LA 71463-1121"
Ascension Parish Health Unit,Ascension Parish,Gonzales,LA,70737,(225) 474-2004,http://www.ascensionparish.net/health-unit/,,,True,"1024 E Ascension Complex Blvd Gonzales, LA 70737-4263"
Assumption Parish Health Unit,Assumption Parish,Napoleonville,LA,70390,(985) 369-6031,http://ldh.la.gov/index.cfm/directory/detail/4783/catid/338,,,True,"158 Highway 1008 Napoleonville, LA 70390-2009"
Avoyelles Parish Health Unit,Avoyelles Parish,Marksville,LA,71351,(318) 253-4528,http://ldh.la.gov/index.cfm/directory/detail/4638,,,True,"657 Government ST Marksville, LA 71351-2945"
Beauregard Parish Health Unit,Beauregard Parish,DeRidder,LA,70634,(337) 463-4486,http://ldh.la.gov/index.cfm/directory/detail/4786/catid/338,,,True,"P.O. Box 327 DeRidder, LA 70634"
Bienville Parish Health Unit,Bienville Parish,Arcadia,LA,71001,(318) 263-2125,http://ldh.la.gov/index.cfm/directory/detail/4787,,,True,"1285 Pine St Ste 102 Arcadia, LA 71001-3120"
Bossier Parish Health Unit,Bossier Parish,City,LA,71112,(318) 741-7314,http://ldh.la.gov/index.cfm/directory/detail/4788,https://www.facebook.com/pages/Bossier-Parish-Health-Unit/356821767672230?rf=1611620355759690,,True,"3022 Old Minden Rd Bossier City, LA 71112-2477"
Caddo Parish Health Unit,Caddo Parish,Shreveport,LA,71101,(318) 676-5222,http://ldh.la.gov/index.cfm/directory/detail/4789/catid/230,https://www.facebook.com/pages/category/Government-Organization/Caddo-Parish-Health-Unit-202261503134657/,,True,"1035 Creswell Ave Shreveport, LA 71101-3917"
Calcasieu Parish Health Unit,Calcasieu Parish,Charles,LA,70601,(337) 478-6020,http://ldh.la.gov/index.cfm/directory/detail/4790,https://www.facebook.com/pages/Calcasieu-Parish-Health-Unit/165242373502038,,True,"3236 Kirkman ST Lake Charles, LA 70601-8640"
Caldwell Parish Health Unit,Caldwell Parish,Columbia,LA,71418,(318) 649-2393,http://ldh.la.gov/index.cfm/directory/detail/4792/catid/231,,,True,"PO Box 720 Columbia, LA 71418-0720"
Cameron Parish Health Unit,Cameron Parish,Cameron,LA,70631,(337) 775-5368,http://ldh.la.gov/index.cfm/directory/detail/7513/catid/228,,,True,"107 Recreation Center Ln Cameron, LA 70631"
Catahoula Parish Health Unit,Catahoula Parish,Jonesville,LA,71343,(318) 339-7906,http://ldh.la.gov/index.cfm/directory/detail/7513/catid/228,,,True,"200 Third ST Jonesville, LA 71343-2342"
City of New Orleans Department of Health,City of New Orleans,Orleans,LA,70112,(504) 658-2518,https://www.nola.gov/health-department/,https://www.facebook.com/nolahealthdept/,,True,"1300 Perdido St Ste 8E18 New Orleans, LA 70112-2125"
Claiborne Parish Health Unit,Claiborne Parish,Homer,LA,71040,(318) 927-6127,http://ldh.la.gov/index.cfm/directory/detail/4794/catid/230,,,True,"624 W Main St Homer, LA 71040-3418"
Concordia Parish Health Unit,Concordia Parish,Ferriday,LA,71334,(318) 757-8632,http://ldh.la.gov/index.cfm/directory/detail/4856,,,True,"905 Mickey Gilley Ave Ferriday, LA 71334-2619"
Desoto Parish Health Unit,Desoto Parish,Mansfield,LA,71052,(318) 872-0472,http://ldh.la.gov/index.cfm/directory/detail/4796/catid/230,,,True,"113 Jefferson St Mansfield, LA 71052-2601"
East Baton Rouge Parish Health Unit,East Baton Rouge Parish,Rouge,LA,70802,(225) 242-4860,http://ldh.la.gov/index.cfm/directory/detail/4797/catid/225,,,True,"353 N 12Th St Baton Rouge, LA 70802-4612"
East Carroll Parish Health Unit,East Carroll Parish,Providence,LA,71254,(318) 559-2012,http://ldh.la.gov/index.cfm/directory/detail/4798/catid/231,,,True,"403 2Nd St Lake Providence, LA 71254-2605"
East Feliciana Parish Health Unit,East Feliciana Parish,Clinton,LA,70722,(225) 683-8551,http://ldh.la.gov/index.cfm/directory/detail/4854/catid/225,,,True,"PO BOX 227 Clinton, LA 70722-0227"
Evangeline Parish Health Unit,Evangeline Parish,Platte,LA,70586,(337) 363-1135,http://ldh.la.gov/index.cfm/directory/detail/4800/catid/227,,,True,"1010 W Lasalle St Ville Platte, LA 70586-3004"
Franklin Parish Health Unit,Franklin Parish,Winnsboro,LA,71295,(318) 435-2143,http://ldh.la.gov/index.cfm/directory/detail/4801/catid/231,,,True,"6614 Main St Winnsboro, LA 71295-2762"
Grant Parish Health Unit,Grant Parish,Colfax,LA,71417,(318) 627-3133,http://ldh.la.gov/index.cfm/directory/detail/4802,,,True,"340 Webb Smith Dr # A Colfax, LA 71417-1910"
Iberia Parish Health Unit,Iberia Parish,Iberia,LA,70560,(337) 373-0021,,,,True,"715 Weldon St Ste B New Iberia, LA 70560-4861"
Iberville Parish Health Unit,Iberville Parish,Plaquemine,LA,70764,(225) 687-9021,http://ldh.la.gov/index.cfm/directory/detail/4804/catid/225,,,True,"24705 Plaza Dr Plaquemine, LA 70764-6827"
Jackson Parish Health Unit,Jackson Parish,Jonesboro,LA,71251,(318) 259-6601,http://ldh.la.gov/index.cfm/directory/detail/4805/catid/231,,,True,"PO BOX 87 Jonesboro, LA 71251-0087"
Jefferson Davis Parish Health Unit,Jefferson Davis Parish,Jennings,LA,70546,(337) 824-2193,http://ldh.la.gov/index.cfm/directory/detail/4806,,,True,"PO BOX 317 Jennings, LA 70546-0317"
Jefferson Parish Health Unit,Jefferson Parish,Metairie,LA,70001,(504) 838-5100,http://ldh.la.gov/index.cfm/directory/detail/4643,,,True,"111 N Causeway Blvd Metairie, LA 70001-5450"
LDH/OPH Northeast LA Region 8,LDH/OPH Northeast LA Region 8,Monroe,LA,71201,(318) 361-7370,http://ldh.la.gov/,,,True,"1650 Desiard ST FL Second Monroe, LA 71201-7749"
Lafayette Parish Health Unit,Lafayette Parish,Lafayette,LA,70501,(337) 262-5616,http://ldh.la.gov/index.cfm/directory/detail/4807/catid/227,,,True,"220 W Willow St Bldg A Lafayette, LA 70501-2837"
Lafourche Parish Health Unit,Lafourche Parish,Thibodaux,LA,70301,(985) 447-0921,http://ldh.la.gov/index.cfm/directory/detail/4809,,,True,"2535 Veterans Blvd Thibodaux, LA 70301-4363"
Lasalle Parish Health Unit,Lasalle Parish,Jena,LA,71342,(318) 992-4842,http://ldh.la.gov/index.cfm/directory/detail/4810/catid/229,,,True,"1673 N. Second St. Jena, LA 71342"
Lincoln Parish Health Unit,Lincoln Parish,Ruston,LA,71270,(318) 251-4120,http://ldh.la.gov/index.cfm/directory/detail/4811/catid/231,,,True,"405 E Georgia Ave Ruston, LA 71270-3926"
Livingston Parish Health Unit,Livingston Parish,Livingston,LA,70754,(225) 686-7017,http://ldh.la.gov/index.cfm/directory/detail/4812,,,True,"PO BOX 365 Livingston, LA 70754-0365"
Madison Parish Health Unit,Madison Parish,Tallulah,LA,71282,(225) 686-7017,http://ldh.la.gov/index.cfm/directory/detail/8411,,,True,"123 Bailey St Tallulah, LA 71282-2831"
Morehouse Parish Health Unit,Morehouse Parish,Bastrop,LA,71220,(318) 283-0806,http://ldh.la.gov/index.cfm/directory/detail/4816,,,True,"650 School St Bastrop, LA 71220-5048"
Natchitoches Parish Health Unit,Natchitoches Parish,Natchitoches,LA,71457,(318) 357-3132,http://ldh.la.gov/index.cfm/directory/detail/8430,,,True,"625 Bienville Cir Natchitoches, LA 71457-5744"
Plaquemines Parish Health Department,Plaquemines Parish,Chasse,LA,70037,(504) 934-6690,https://www.plaqueminesparish.com/427/Health,,,True,"3706 Main St Belle Chasse, LA 70037-3002"
Pointe Coupee Parish Health Unit,Pointe Coupee Parish,Roads,LA,70760,(225) 638-7320,http://ldh.la.gov/index.cfm/directory/detail/4819,,,True,"282B Hospital Rd New Roads, LA 70760-2619"
Rapides Parish Health Unit,Rapides Parish,Alexandria,LA,71303,(318) 487-5282,http://ldh.la.gov/index.cfm/directory/detail/4658,,,True,"5604 Coliseum Blvd Ste A Alexandria, LA 71303-3993"
Red River Parish Health Unit,Red River Parish,Coushatta,LA,71019,(318) 676-7489,http://ldh.la.gov/index.cfm/directory/detail/4821,,,True,"2015 Red Oak Rd Coushatta, LA 71019"
Region 1 (Metro Regional Office),Region 1 (Metro Regional Office),Orleans,LA,70112,(504) 599-0105,http://ldh.la.gov/index.cfm/directory/detail/367,,,True,"1450 Poydras St Ste 1200 New Orleans, LA 70112-1227"
Region 2 (Capitol Regional Office),Region 2 (Capitol Regional Office),Rouge,LA,70821,(225) 242-4860,http://ldh.la.gov/index.cfm/directory/detail/368/catid/13,,,True,"PO BOX 2501 Baton Rouge, LA 70821-2501"
Region 3 (Office of Public Health),Region 3 (Office of Public Health),Thibodaux,LA,70301,(985) 449-4791,http://ldh.la.gov/index.cfm/directory/detail/369/catid/13,,,True,"1434 Tiger Dr Thibodaux, LA 70301-4337"
Region 4 (Acadian Regional Office),Region 4 (Acadian Regional Office),Lafayette,LA,70508,(337) 262-5619,http://ldh.la.gov/index.cfm/directory/detail/370/catid/13,,,True,"825 Kaliste Saloom Rd Bldg 3 Lafayette, LA 70508-4284"
Region 5 (Southwest Regional Office),Region 5 (Southwest Regional Office),Charles,LA,70601,(337) 475-3200,http://ldh.la.gov/index.cfm/directory/detail/371/catid/13,,,True,"2827 4th Ave Ste 100 Lake Charles, LA 70601-7888"
Region 6 Office of Public Health - (Central Regional Office),Region 6 Office of Public Health - (Central Regional Office),Alexandria,LA,71303,(318) 487-5282,http://ldh.la.gov/index.cfm/directory/detail/372/catid/13,,,True,"5604 Coliseum Blvd Ste B Alexandria, LA 71303-3993"
Region 7 (Northwest Regional Office),Region 7 (Northwest Regional Office),Shreveport,LA,71101,(318) 676-7489,http://ldh.la.gov/index.cfm/directory/detail/373/catid/13,,,True,"1525 Fairfield Ave Ste 569 Shreveport, LA 71101-4331"
Region 8 (Northeast Regional Office),Region 8 (Northeast Regional Office),Monroe,LA,71211,(318) 361-7201,http://ldh.la.gov/index.cfm/directory/detail/374/catid/13,,,True,"PO Box 6118 Monroe, LA 71211-6118"
Region 9 (Southeast Regional Office),Region 9 (Southeast Regional Office),Hammond,LA,70403,(985) 543-4880,http://ldh.la.gov/index.cfm/directory/detail/375/catid/13,,,True,"15481 W Club Deluxe Rd Hammond, LA 70403-1466"
Richland Parish Health Unit,Richland Parish,Rayville,LA,71269,(318) 728-4441,http://ldh.la.gov/index.cfm/directory/detail/4822,,,True,"21 Lynn Gayle Robertson Rd Rayville, LA 71269-4068"
Sabine Parish Health Unit,Sabine Parish,Many,LA,71449,(318) 256-4105,http://ldh.la.gov/index.cfm/directory/detail/4823,,,True,"1230 W Louisiana Ave Many, LA 71449-3682"
St. Bernard Parish Health Unit,St. Bernard Parish,Chalmette,LA,70043,(504) 281-2780,https://www.wicoffices.com/office/st-bernard-parish-health-unit/,,,True,"8050 W. Judge Perez Dr. Chalmette, LA 70043"
St. Charles Parish Community Health Center,St. Charles Parish Community,Luling,LA,70070,(985) 785-5800,https://accesshealthla.org/location/st-charles-luling/,,,True,"843 Milling Ave Luling, LA 70070-4442"
St. Helena Parish Health Unit,St. Helena Parish,Greensburg,LA,70441,(225) 222-4412,http://www.sthelenaparish.la.gov/HealthUnit.aspx,,,True,"PO Box 428 Greensburg, LA 70441-0428"
St. James Parish Health Unit,St. James Parish,Vacherie,LA,70090,(225) 265-2181,http://ldh.la.gov/index.cfm/directory/detail/4825,,,True,"29170 Health Unit St Vacherie, LA 70090-4221"
St. John Parish Health Unit,St. John Parish,Reserve,LA,70084,(985) 444-5631,http://www.ldh.la.gov/index.cfm/directory/detail/4893/catid/192,,,True,"473 Central Ave Reserve, LA 70084-5509"
St. Landry Parish Health Unit,St. Landry Parish,Opelousas,LA,70571,(337) 948-0220,http://www.ldh.la.gov/index.cfm/directory/detail/8704/catid/338,,,True,"PO Box 1557 Opelousas, LA 70571-1557"
St. Martin Parish Health Unit,St. Martin Parish,Martinville,LA,70582,(337) 394-3097,https://www.stmartinparish.net/health-units/,,,True,"303 W Port St Saint Martinville, LA 70582-3923"
St. Mary Parish Health Unit,St. Mary Parish,City,LA,70380,(985) 380-2441,http://ldh.la.gov/index.cfm/directory/detail/4828,,,True,"1200 David Dr Morgan City, LA 70380-1362"
St. Tammany Parish Health Unit,St. Tammany Parish,Mandeville,LA,70471,(985) 893-6296,http://www.ldh.la.gov/index.cfm/directory/detail/7070/catid/192,,,True,"21454 Koop Dr Ste 2C Mandeville, LA 70471-7513"
Tangipahoa Parish Health Unit,Tangipahoa Parish,Hammond,LA,70403,(985) 543-4165,http://ldh.la.gov/index.cfm/directory/detail/4831,,,True,"15481 W Club Deluxe Rd Hammond, LA 70403-1466"
Tensas Parish Health Unit,Tensas Parish,Rouge,LA,70821,(318) 766-1967,http://www.ldh.la.gov/index.cfm/directory/detail/8705/catid/338,,,True,"P. O. Box 629 Baton Rouge, LA 70821"
Terrebonne Parish Health Unit,Terrebonne Parish,Houma,LA,70360,(985) 857-3601,http://ldh.la.gov/index.cfm/directory/detail/4833,,,True,"600 Polk ST Houma, LA 70360-4154"
Union Parish Health Unit,Union Parish,Farmerville,LA,71241,(318) 368-3156,http://ldh.la.gov/index.cfm/directory/detail/4834,,,True,"1002 Marion Hwy Farmerville, LA 71241-9315"
Vermilion Parish Health Unit,Vermilion Parish,Abbeville,LA,70510,(337) 893-1443,http://ldh.la.gov/index.cfm/directory/detail/4835,,,True,"2501 Charity St Abbeville, LA 70510-4022"
Vernon Parish Health Unit,Vernon Parish,Leesville,LA,71446,(337) 238-6410,http://ldh.la.gov/index.cfm/directory/detail/4836,,,True,"406 W Fertitta Blvd Leesville, LA 71446-4649"
Washington Parish Health Unit,Washington Parish,Franklinton,LA,70438,(985) 839-5646,http://ldh.la.gov/index.cfm/directory/detail/4838,,,True,"120 11Th Ave Franklinton, LA 70438-1161"
Webster Parish Health Unit,Webster Parish,Springhill,LA,71075,(318) 539-4314,http://ldh.la.gov/index.cfm/directory/detail/4841,,,True,"110 June Anthony Dr Springhill, LA 71075-3768"
West Baton Rouge Parish Health Unit,West Baton Rouge Parish,Allen,LA,70767,(225) 215-5201,http://ldh.la.gov/index.cfm/directory/detail/4842,,,True,"685 Louisiana Ave Port Allen, LA 70767-2144"
West Carroll Parish Health Unit,West Carroll Parish,Grove,LA,71263,(318) 428-9361,http://www.ldh.la.gov/index.cfm/directory/detail/4837/catid/192,,,True,"PO BOX 306 Oak Grove, LA 71263-0306"
West Feliciana Parish Health Unit,West Feliciana Parish,Francisville,LA,70775,(225) 635-2165,http://ldh.la.gov/index.cfm/directory/detail/4843,,,True,"PO Box 1928 Saint Francisville, LA 70775-1928"
Winn Parish Health Unit,Winn Parish,Winnfield,LA,71483,(318) 628-2148,http://www.ldh.la.gov/index.cfm/directory/detail/4844/catid/192,,,True,"301 W Main St Rm 101 Winnfield, LA 71483-2700"
Aroostook District Public Health/MECDC,Aroostook District Public Health/MECDC,Isle,ME,04769,(207) 493-4087,,,,True,"8 Northern RD Presque Isle, ME 04769-2040"
Central District Public Health/MECDC,Central District Public Health/MECDC,Augusta,ME,04330,(207) 287-2613,,,,False,"35 Anthony Ave Augusta, ME 04330-6137"
City of Bangor,City of Bangor,Bangor,ME,04401,(207) 992-4550,https://www.bangorpublichealth.org/,https://www.facebook.com/bangorpublichealthandcommunityservices/,,True,"103 Texas Ave Bangor, ME 04401-4324"
Cumberland County Public Health,Cumberland,Portland,ME,04103,(207) 749-5251,http://www.cumberlandcounty.org,,,True,"27 Northport DR Portland, ME 04103-3637"
Cumberland District Public Health/MECDC,Cumberland District Public Health/MECDC,Portland,ME,04102,(207) 485-0541,,,,True,"151 Jetport Blvd Portland, ME 04102-1946"
Downeast District Public Health/MECDC,Downeast District Public Health/MECDC,Machias,ME,04654,(207) 255-2017,,,,True,"38 Prescott Dr Machias, ME 04654-3425"
"Health & Human Services Department/City of Portland, Maine","Health & Human Services Department/City of Portland, Maine",Portland,ME,04101,(207) 874-8437,http://www.portlandmaine.gov/224/Public-Health,,,True,"39 Forest Ave Portland, ME 04101-1200"
Houlton Band of Maliseet Indians of Maine,Houlton Band of Maliseet Indians of Maine,Littleton,ME,04730,(207) 532-2240 (32),https://maliseets.net/health-department/,,,True,"88 Bell Rd Ste 2 Littleton, ME 04730-6704"
Midcoast District Public Health/MECDC,Midcoast District Public Health/MECDC,Rockland,ME,04841,(207) 596-4278,,,,True,"91 Camden St Ste 103 Rockland, ME 04841-2421"
Passamaquoddy Indian Township of Maine Health Center,Passamaquoddy Indian Township of Maine,Twp,ME,04668,(207) 796-2321,https://passamaquoddyhealth.org/,,,True,"401 Peter Dana Point RD Indian Twp, ME 04668-5007"
Penobscot Indian Health,Penobscot Indian,Island,ME,04468,(207) 817-7400,https://www.penobscotnation.org/departments/health-services/,,,True,"23 Wabanaki Way Indian Island, ME 04468-1252"
Penquis District Public Health/MECDC,Penquis District Public Health/MECDC,Bangor,ME,04401,(207) 561-4421,https://www.maine.gov/dhhs/mecdc/public-health-systems/lphd/district6/index.shtml,,,True,"396 Griffin Rd Bangor, ME 04401-3006"
Western District Public Health/MECDC,Western District Public Health/MECDC,Lewiston,ME,04240,(207) 441-7036,,,,True,"200 Main St Lewiston, ME 04240-7019"
York District Public Health/MECDC,York District Public Health/MECDC,Sanford,ME,04073,(207) 490-4625,,,,False,"890 Main St Ste 208 Sanford, ME 04073-3572"
Allegany County Health Department,Allegany,Cumberland,MD,21502,(301) 759-5001,http://health.maryland.gov/allegany,https://www.facebook.com/AlleganyHlthMD/,https://twitter.com/alleganyhlthmd,True,"12501-12503  Willowbrook Rd SE Cumberland, MD 21502-2569"
Anne Arundel County Department of Health,Anne Arundel,Annapolis,MD,21401,(410) 222-7095,http://www.aahealth.org,https://www.facebook.com/aahealth,https://twitter.com/AAHealth,True,"1 Harry S Truman Pkwy Annapolis, MD 21401-7037"
Baltimore City Health Department,Baltimore,Baltimore,MD,21202,410-396-4422,http://health.baltimorecity.gov,https://www.facebook.com/BaltimoreHealth/,https://twitter.com/BMore_Healthy,True,"1001 E Fayette St Baltimore, MD 21202-4715"
Baltimore County Department of Health,Baltimore,Baltimore,MD,21212,(410) 887-2243,https://www.baltimorecountymd.gov/departments/health,https://www.facebook.com/BaltCoHHS/,,True,"6401 York RD FL Third Baltimore, MD 21212-2152"
Calvert County Health Department,Calvert,Frederick,MD,20678,(410) 535-5400,http://www.calverthealth.org,https://www.facebook.com/pg/calvertadmin/,https://twitter.com/CalvertHealth,True,"975 Solomons Island Rd N Prince Frederick, MD 20678-3917"
Caroline County Health Department,Caroline,Denton,MD,21629,(410) 479-8030,http://www.carolinehd.org,https://www.facebook.com/Caroline.County.HealthDepartment/,,True,"403 S 7Th St Denton, MD 21629-1327"
Carroll County Health Department,Carroll,Westminster,MD,21157,(410) 876-4823,https://cchd.maryland.gov/,https://www.facebook.com/CarrollCountyHealthDeptMD/,,True,"290 S Center St Westminster, MD 21157-5219"
Cecil County Health Department,Cecil,Elkton,MD,21921,(410) 996-5550,http://www.cecilcountyhealth.org,https://www.facebook.com/CecilCountyHealth,https://twitter.com/cecilcohealth,True,"401 Bow St Elkton, MD 21921-5501"
Charles County Health Department,Charles,Plains,MD,20695,(301) 609-6901,http://www.charlescountyhealth.org,https://www.facebook.com/CharlesCountyHealth,https://twitter.com/CCDH_Maryland,True,"4545 Crain Hwy White Plains, MD 20695-3045"
Dorchester County Health Department,Dorchester,Cambridge,MD,21613,(410) 228-3223,http://www.dorchesterhealth.org,https://www.facebook.com/dorchesterhealthemergencypreparedness/,,True,"3 Cedar St Cambridge, MD 21613-2362"
Frederick County Health Department,Frederick,Frederick,MD,21702,(301) 600-1029,http://health.frederickcountymd.gov,https://www.facebook.com/fchealthdept,https://twitter.com/FCHealthDept,True,"350 Montevue Ln Frederick, MD 21702-8214"
Garrett County Health Department,Garrett,Oakland,MD,21550,(301) 334-7700,http://www.garretthealth.org,https://www.facebook.com/garretthealth,https://twitter.com/garretthealth,True,"1025 Memorial Dr Oakland, MD 21550-4343"
Harford County Health Department,Harford,Air,MD,21014,(410) 877-1010,http://www.harfordcountyhealth.com,https://www.facebook.com/HarCoHD,https://twitter.com/HarCoHealthDept,True,"PO BOX 797 Bel Air, MD 21014-0797"
Howard County Health Department,Howard,Columbia,MD,21045,(410) 313-6300,http://www.hchealth.org,https://www.facebook.com/hocogov,https://twitter.com/hocogov,True,"8930 Stanford Blvd Columbia, MD 21045-5805"
Kent County Health Department,Kent,Chestertown,MD,21620,(410) 778-2409,http://www.kenthd.org,https://www.facebook.com/kchd.maryland?_rdr=p,https://twitter.com/KentMDPrepares,True,"125 S Lynchburg St Chestertown, MD 21620-1146"
Montgomery County Department of Health and Human Services,Montgomery,Spring,MD,20902,(240) 777-0311,http://www.montgomerycountymd.gov/HHS,https://www.facebook.com/mocdhhs/,https://twitter.com/MoCoDHHS,True,"2000 Dennis Ave Ste 1600 Silver Spring, MD 20902-4136"
Prince George's County Health Department,Prince George's,Heights,MD,20743,(301) 952-4213,https://www.princegeorgescountymd.gov/departments-offices/health,https://www.facebook.com/PGCHealth,https://twitter.com/pgchealth,True,"9187 Central Avenue Capitol Heights, MD 20743"
Queen Anne's County Health Department,Queen Anne's,Centreville,MD,21617,(410) 758-0720,http://health.maryland.gov/qahealth,https://www.facebook.com/QACDOH/,https://twitter.com/qacdoh,True,"206 N Commerce St Centreville, MD 21617-1049"
Somerset County Health Department,Somerset,Westover,MD,21871,(443) 523-1700,http://somersethealth.org,https://www.facebook.com/somersethealthmd,https://twitter.com/somersethdmd,True,"8928 Sign Post Rd Ste 2 Westover, MD 21871-3310"
St. Mary's County Health Department,St. Mary's,Leonardtown,MD,20650,(301) 475-4330,http://www.smchd.org,https://www.facebook.com/SMCHealthDepartment,https://twitter.com/SMCHD_gov,True,"21580 Peabody St Leonardtown, MD 20650-2962"
Talbot County Health Department,Talbot,Easton,MD,21601,(410) 819-5600,https://talbothealth.org/,https://www.facebook.com/TalbotHealthMaryland/,,True,"100 S Hanson St Easton, MD 21601-2920"
Washington County Health Department,Washington,Hagerstown,MD,21742,(240) 313-3200,http://washcohealth.org,https://www.facebook.com/WashHealth/,,True,"1302 Pennsylvania Ave Hagerstown, MD 21742-3108"
Wicomico County Health Department,Wicomico,Salisbury,MD,21801,(410) 749-1244,http://www.wicomicohealth.org,https://www.facebook.com/WICOMICOHEALTH/,https://twitter.com/wicomicohealth,True,"108 E Main St Salisbury, MD 21801-4921"
Worcester County Health Department,Worcester,Hill,MD,21863,(410) 632-1100,http://www.worcesterhealth.org,https://www.facebook.com/WorcesterHealth,https://twitter.com/worcesterhealth,True,"6040 Public Landing Rd Snow Hill, MD 21863-2453"
Abington Health Department,Abington,Abington,MA,02351,(781) 982-2119,https://www.abingtonma.gov/page/health,,,True,"500 Gliniewicz Way Rm 109 Abington, MA 02351-2058"
Acton Public Health Department,Acton,Acton,MA,01720,(978) 929-6632,https://www.acton-ma.gov/137/Health,,,True,"472 Main St Acton, MA 01720-3939"
Acushnet Board of Health,Acushnet,Acushnet,MA,02743,(508) 998-0275,https://www.acushnet.ma.us/1292/Board-of-Health,,,True,"130 Main St Acushnet, MA 02743-1594"
Adams Board of Health,Adams,Adams,MA,01220,(413) 743-8300 (179),https://www.town.adams.ma.us/board-health,,,True,"8 Park St Adams, MA 01220-2053"
Agawam Health Department,Agawam,Agawam,MA,01001,(413) 726-9721,https://www.agawam.ma.us/241/Health-Department,,,True,"36 Main St Agawam, MA 01001-1801"
Alford Board of Health,Alford,Barrington,MA,01230,(413) 528-4536,https://www.townofalford.org/board-health,,,True,"5 Alford Center Rd Great Barrington, MA 01230-8920"
Amesbury Health Department,Amesbury,Amesbury,MA,01913,(978) 300-8159,https://www.amesburyma.gov/189/Public-Health,,,True,"39 S Hunt RD Amesbury, MA 01913-4423"
Amherst Health Department,Amherst,Amherst,MA,01002,(413) 259-3077,http://www.amherstma.gov/65,,,True,"70 Boltwood Walk Amherst, MA 01002-2271"
Andover Health Division,Andover,Andover,MA,01810,(978) 623-8640,https://andoverma.gov/162/Health,,,True,"36 Bartlet St Andover, MA 01810-3813"
Aquinnah Board of Health,Aquinnah,Chilmark,MA,02535,(508) 645-2309,https://www.aquinnah-ma.gov/board-health,,,True,"955 State Rd Chilmark, MA 02535-1689"
Aquinnah Wampanoag Tribe Health Department,Aquinnah Wampanoag Tribe,Aquinnah,MA,02535,(508) 645-9265,https://wampanoagtribe-nsn.gov/health,,,True,"20 Black Brook Rd Aquinnah, MA 02535-1546"
Arlington Health Department,Arlington,Arlington,MA,02476,(781) 316-3170,https://www.arlingtonma.gov/departments/health-human-services/health-department,,,True,"27 Maple St Arlington, MA 02476-4976"
Ashburnham Board of Health,Ashburnham,Ashburnham,MA,01430,(978) 772-3335,https://www.ashburnham-ma.gov/194/Board-of-Health,,,True,"32 Main ST Ashburnham, MA 01430-1241"
Ashby Board of Health,Ashby,Ashby,MA,01431,(978) 772-3335,https://ci.ashby.ma.us/departments/board-of-health/,,,True,"895 Main St Ashby, MA 01431-2322"
Ashfield Board of Health,Ashfield,Ashfield,MA,01330,(413) 628-4441 (ext 7),https://ashfield.org/2153/Board-of-Health,,,True,"PO Box 560 Ashfield, MA 01330-0560"
Ashland Board of Health,Ashland,Ashland,MA,01721,(508) 881-0114 (7922),https://www.ashlandmass.com/177/Board-of-Health,,,True,"101 Main St Ashland, MA 01721-3108"
Athol Board of Health,Athol,Athol,MA,01331,(978) 721-8450,https://www.athol-ma.gov/health-department,,,True,"584 Main ST Ste 1 Athol, MA 01331-1824"
Attleboro Health Department,Attleboro,Attleboro,MA,02703,(508) 223-2222 (3242),https://www.cityofattleboro.us/193/Health-Department,,,True,"77 Park St Attleboro, MA 02703-2334"
Auburn Health Department,Auburn,Auburn,MA,01501,(508) 832-7703,https://www.auburnma.gov/173/Public-Health-Division,,,True,"104 Central St Auburn, MA 01501-2310"
Avon Health Department,Avon,Avon,MA,02322,(508) 588-0414,https://www.avon-ma.gov/board-health,,,True,"65 E Main St Avon, MA 02322-1435"
Ayer Board of Health,Ayer,Ayer,MA,01432,(978) 772-3335,https://www.ayer.ma.us/440/Board-of-Health,,,True,"1 Main St Ayer, MA 01432-1325"
Barnstable Town Health Department,Barnstable Town,Hyannis,MA,02601,(508) 862-4644,https://townofbarnstable.us/Departments/healthdivision/,,,True,"200 Main St Hyannis, MA 02601-4002"
Barre Board of Health/Health Department,Barre Board of Health/Health,Barre,MA,01005,9783555003x105,https://www.townofbarre.com/health,,,True,"40 West St #431 Barre, MA 01005-0431"
Becket Board of Health,Becket,Becket,MA,01223,(413) 623-8934 (122),https://www.townofbecket.org/board-health,,,True,"557 Main St Becket, MA 01223-3252"
Bedford Health Department,Bedford,Bedford,MA,01730,(781) 275-6507,https://www.bedfordma.gov/197/Health-Department,,,True,"12 Mudge Way Bedford, MA 01730-2147"
Belchertown Board of Health,Belchertown,Belchertown,MA,01082,(978) 772-3335,https://www.belchertown.org/262/Board-of-Health,,,True,"126 Main ST Belchertown, MA 01082"
Bellingham Health Department,Bellingham,Bellingham,MA,02019,(508) 966-5820,https://www.bellinghamma.org/416/Board-of-Health,,,True,"10 Mechanic St Bellingham, MA 02019-3150"
Belmont Health Department,Belmont,Belmont,MA,02478,(617) 993-2720,https://www.belmont-ma.gov/health-department,,,True,"PO BOX 56 Belmont, MA 02478-0900"
Berkley Health Department,Berkley,Berkley,MA,02779,(508) 822-7828,https://townofberkleyma.gov/boh/,,,True,"1 N Main St Berkley, MA 02779-1336"
Berkshire Public Health Alliance,Berkshire Public Health Alliance,Pittsfield,MA,01201,4134421521x37,https://berkshireplanning.org/program/public-health/,,,True,"1 Fenn ST Ste 201 Pittsfield, MA 01201-6278"
Berlin Board of Health,Berlin,Berlin,MA,01503,(978) 772-3335,https://www.townofberlin.com/board-health,,,True,"23 Linden ST Berlin, MA 01503-1669"
Bernardston Board of Health,Bernardston,Bernardston,MA,01337,(413) 648-5237,https://townofbernardston.org/board-of-health/,,,True,"PO BOX 38 Bernardston, MA 01337-0038"
Beverly Health Department,Beverly,Beverly,MA,01915,(978) 921-8591,https://www.beverlyma.gov/885/Health-Department,,,True,"90 Colon St Beverly, MA 01915-3604"
Billerica Health Department,Billerica,Billerica,MA,01821,(978) 671-0931,https://www.town.billerica.ma.us/169/Board-of-Health,,,True,"365 Boston Rd Billerica, MA 01821-1892"
Blackstone Board of Health,Blackstone,Blackstone,MA,01504,(508) 876-5170,https://www.townofblackstone.org/464/Board-of-Health,,,True,"15 Saint Paul St Bldg Municipal Blackstone, MA 01504-2212"
Blandford Board of Health,Blandford,Blandford,MA,01008,(413) 848-4279,https://townofblandford.com/boards-committees/board-of-health/,,,True,"PO Box 141 Blandford, MA 01008-0141"
Bolton Board of Health,Bolton,Bolton,MA,01432,(978) 772-3335,https://www.townofbolton.com/board-health,,,True,"30 central ave Bolton, MA 01432"
Boston Public Health Commission,Boston,Boston,MA,02118,(617) 534-5395,http://www.bphc.org,,,True,"1010 Massachusetts Ave Boston, MA 02118-2600"
Bourne Health Department,Bourne,Bay,MA,02532,5087590615x1,https://www.townofbourne.com/health,,,True,"24 Perry Ave RM 201 Buzzards Bay, MA 02532-3441"
Boxborough Board of Health,Boxborough,Boxborough,MA,01719,(978) 772-3335,https://www.boxborough-ma.gov/292/Board-of-Health,,,True,"29 Middle Rd Boxborough, MA 01719-1438"
Boxford Health Department,Boxford,Boxford,MA,01921,(978) 887-6000 (172),https://www.town.boxford.ma.us/health-department,,,True,"7A Spofford Rd Boxford, MA 01921-1501"
Boylston Board of Health,Boylston,Boylston,MA,01505,(508) 869-6828,https://www.boylston-ma.gov/government/board_of_health/index.php,,,True,"221 Main St Boylston, MA 01505-2037"
Braintree Board of Health,Braintree,Braintree,MA,02184,(781) 794-8090,https://braintreema.gov/390/Board-of-Health,,,True,"1 John F Kennedy Memorial Dr Braintree, MA 02184-6425"
Brewster Health Department,Brewster,Brewster,MA,02631,(508) 896-3701 (1120),https://www.brewster-ma.gov/board-health-and-health-department,,,True,"2198 Main St Brewster, MA 02631-1852"
Bridgewater Health Department,Bridgewater,Bridgewater,MA,02324,(508) 697-0903,https://www.bridgewaterma.org/155/Health-Department,,,True,"66 Central Sq Bridgewater, MA 02324-2529"
Brimfield Health Department,Brimfield,Brimfield,MA,01010,4132454100x3,https://www.brimfieldma.org/board-health,,,True,"23 Main St Brimfield, MA 01010-9744"
Brockton Health Department,Brockton,Brockton,MA,02301,(508) 580-7175,https://brockton.ma.us/city-departments/health/,,,True,"45 School ST # 5 Brockton, MA 02301-4049"
Brookfield Health Department,Brookfield,Brookfield,MA,01506,(508) 867-2930,https://www.brookfieldma.us/board-health,,,True,"6 Central St Brookfield, MA 01506-1612"
Brookline Department of Public Health,Brookline,Brookline,MA,02445,(617) 730-2303,https://www.brooklinema.gov/446/Health-Department,,,True,"333 Washington St Brookline, MA 02445-6853"
Buckland Board of Health,Buckland,Falls,MA,01370,(413) 774-3167 (106),https://www.town.buckland.ma.us/board-health,,,True,"17 State St Shelburne Falls, MA 01370-1011"
Burlington Public Health Department,Burlington,Burlington,MA,01803,(781) 270-1956,https://www.burlington.org/218/Public-Health,,,True,"61 Center St Uppr 1 Burlington, MA 01803-3052"
Cambridge Public Health Department,Cambridge,Cambridge,MA,02139,(617) 665-3810,http://www.cambridgepublichealth.org,,,True,"119 Windsor St Cambridge, MA 02139"
Canton Board of Health,Canton,Canton,MA,02021,(781) 821-5021,https://www.town.canton.ma.us/139/Board-of-Health,,,True,"79 Pleasant St Canton, MA 02021-2231"
Carlisle Health Department,Carlisle,Carlisle,MA,01741,(978) 369-0283,https://www.carlislema.gov/180/Board-of-Health,,,True,"66 Westford St Carlisle, MA 01741-1506"
Carver Health Department,Carver,Carver,MA,02330,(508) 866-3420,https://www.carverma.gov/board-health,,,True,"108 Main St Carver, MA 02330-2025"
Central Massachusetts Regional Public Health Alliance,Central Massachusetts Regional Public Health Alliance,Worcester,MA,01610,(413) 781-6045,http://www.worcesterma.gov/public-health/regional-public-health,,,True,"25 Meade St Worcester, MA 01610-2715"
Charlemont Board of Health,Charlemont,Charlemont,MA,01339,"(413) 774-3167 (6,2)",https://charlemont-ma.us/p/51/Board-of-Health,,,True,"PO Box 465 Charlemont, MA 01339-0465"
Charlton Board of Health,Charlton,Charlton,MA,01507,(508) 248-2210,https://www.townofcharlton.net/274/Board-of-Health,,,True,"37 Main St Charlton, MA 01507-1382"
Chatham Board of Health,Chatham,Chatham,MA,02633,(508) 945-5165,https://www.chatham-ma.gov/365/Board-of-Health,,,True,"549 Main ST Chatham, MA 02633-2279"
Chelmsford Health Department,Chelmsford,Chelmsford,MA,01824,(978) 250-5241,https://www.chelmsfordma.gov/156/Health-Department,,,True,"50 Billerica Rd Rm 102 Chelmsford, MA 01824-3102"
Chelsea Department of Health and Human Services,Chelsea,Chelsea,MA,02150,(617) 466-5953,https://www.chelseama.gov/departments/public_health/index.php,,,True,"500 Broadway Chelsea, MA 02150-2948"
Cheshire Board of Health,Cheshire,Cheshire,MA,01225,(413) 743-1690 (106),https://www.cheshire-ma.gov/board-of-health/,,,True,"191 Church ST Cheshire, MA 01225-9505"
Chester Health Department,Chester,Chester,MA,01011,(413) 354-7781,https://townofchester.net/board-of-health/,,,True,"15 Middlefield RD Chester, MA 01011-9805"
Chesterfield Board of Health,Chesterfield,Chesterfield,MA,01012,(413) 296-4771 (5),https://www.townofchesterfieldma.com/board-health,,,True,"PO BOX 89 Chesterfield, MA 01012-0089"
Chicopee Health Department,Chicopee,Chicopee,MA,01020,(413) 594-3557 (376),https://www.chicopeema.gov/261/Health-Department,,,True,"115 Baskin DR Chicopee, MA 01020-3748"
Chilmark Board of Health,Chilmark,Chilmark,MA,02535,(508) 645-2105,https://www.chilmarkma.gov/board-health,,,True,"PO Box 119 Chilmark, MA 02535-0119"
Clarksburg Board of Health,Clarksburg,Clarksburg,MA,01247,(413) 652-2517,https://www.clarksburgma.gov/board-of-health,,,True,"111 River Rd Clarksburg, MA 01247-2147"
Clinton Board of Health,Clinton,Clinton,MA,01510,(978) 365-4116,https://www.clintonma.gov/176/Public-Health-Department,,,True,"242 Church St Clinton, MA 01510-2631"
Cohasset Health Department,Cohasset,Cohasset,MA,02025,78138341005119,https://www.cohassetma.org/190/Public-Health-Department,,,True,"41 Highland Ave Cohasset, MA 02025-1822"
Colrain Board of Health,Colrain,Colrain,MA,01340,(413) 624-3454,https://colrain-ma.gov/g/40/Board-of-Health,,,True,"55 Main Rd Colrain, MA 01340-5501"
Concord Health Department,Concord,Concord,MA,01742,(978) 318-3275,https://concordma.gov/616/Health,,,True,"141 Keyes Rd Concord, MA 01742-1601"
Conway Board of Health,Conway,Conway,MA,01341,(413) 369-4235 (8),https://conwayma.gov/g/42/Board-of-Health,,,True,"PO BOX 240 Conway, MA 01341-0240"
Cummington Health Department,Cummington,Cummington,MA,01026,(413) 634-5744,https://cummington-ma.gov/Boards.php?12,,,True,"PO BOX 78 Cummington, MA 01026-0078"
Dalton Board of Health,Dalton,Dalton,MA,01226,(413) 684-6111 (305),https://dalton-ma.gov/board-of-health-2/,,,True,"462 Main St Dalton, MA 01226-1697"
Danvers Board of Health,Danvers,Danvers,MA,01923,(978) 777-0001 (3095),https://www.danversma.gov/358/Public-Health,,,True,"1 Sylvan ST Danvers, MA 01923-2790"
Dartmouth Board of Health,Dartmouth,Dartmouth,MA,02747,(508) 910-1804,https://www.town.dartmouth.ma.us/549/Board-of-Health,,,True,"400 Slocum RD RM 119 Dartmouth, MA 02747-3234"
Dedham Health Department,Dedham,Dedham,MA,02026,(781) 751-9220,https://www.dedham-ma.gov/town-departments/health,,,True,"26 Bryant St Dedham, MA 02026-4458"
Deerfield Health Department,Deerfield,Deerfield,MA,01373,(413) 665-1400 (109),https://www.deerfieldma.us/231/Board-of-Health,,,True,"8 Conway St South Deerfield, MA 01373-1021"
Dennis Health Department,Dennis,Dennis,MA,02660,(508) 760-6118,https://www.town.dennis.ma.us/269/Health-Department,,,True,"685 Route 134 South Dennis, MA 02660-3056"
Dighton Health Department,Dighton,Dighton,MA,02715,(508) 669-6431,https://www.dighton-ma.gov/255/Health-Department,,,True,"979 Somerset Ave. Dighton, MA 02715"
Douglas Board of Health,Douglas,Douglas,MA,01516,5084764000xt352,,,,True,"29 Depot ST Douglas, MA 01516-2323"
Dover Board of Health,Dover,Dover,MA,02030,(508) 785-0032,https://www.doverma.gov/171/Board-of-Health,,,True,"PO BOX 250 Dover, MA 02030-0250"
Dracut Health Department,Dracut,Dracut,MA,01826,(978) 453-8162,https://dracutma.gov/204/Health-Department,,,True,"Town of Dracut Dracut, MA 01826"
Dudley Board of Health,Dudley,Dudley,MA,01571,(508) 949-8017,https://www.dudleyma.gov/199/Board-of-Health,,,True,"71 W Main St, 3rd Floor Dudley, MA 01571-3264"
Dunstable Board of Health,Dunstable,Dunstable,MA,01827,(978) 772-3335,https://www.dunstable-ma.gov/board-health,,,True,"PO Box 268 Dunstable, MA 01827-0268"
Duxbury Board of Health,Duxbury,Duxbury,MA,02332,(781) 934-1100 (5490),https://www.town.duxbury.ma.us/board-health,,,True,"878 Tremont St Duxbury, MA 02332-4455"
East Bridgewater Board of Health,East Bridgewater,Bridgewater,MA,02333,(508) 378-1612,https://www.eastbridgewaterma.gov/1950/Board-of-Health,,,True,"Town Hall East Bridgewater, MA 02333-1912"
East Brookfield Health Department,East Brookfield,Brookfield,MA,01515,(508) 867-6769 (307),https://www.eastbrookfieldma.us/board-of-health-0,,,True,"122 Connie Mack Dr East Brookfield, MA 01515-1802"
East Longmeadow Health Department,East Longmeadow,Longmeadow,MA,01028,4135255400420,https://www.eastlongmeadowma.gov/645/Health-Department,,,True,"60 Center SQ East Longmeadow, MA 01028-2486"
Eastern Franklin Health District,Eastern Franklin,Erving,MA,01344,(413) 549-3710,https://www.erving-ma.gov/board-health,,,True,"12 E Main St Erving, MA 01344-9717"
Eastham Board of Health,Eastham,Eastham,MA,02642,(508) 240-5900,https://www.eastham-ma.gov/494/Board-of-Health,,,True,"2500 State Hwy Eastham, MA 02642-2589"
Easthampton Health Department,Easthampton,Easthampton,MA,01027,(410) 529-1430,https://easthamptonma.gov/167/Health,,,True,"50 Payson Ave Ste 145 Easthampton, MA 01027-2276"
Easton Health & Community Services,Easton Health & Community,Easton,MA,02356,(508) 230-0620,https://www.easton.ma.us/departments/health_and_community_services/index.php,,,True,"136 Elm St North Easton, MA 02356-1462"
Edgartown Board of Health,Edgartown,Edgartown,MA,02539,(508) 627-6120,https://www.edgartown-ma.us/departments/health,,,True,"PO BOX 1596 Edgartown, MA 02539-1596"
Egremont Board of Health,Egremont,Egremont,MA,01258,(413) 528-0182 (22),https://www.egremont-ma.gov/167/Board-of-Health,,,True,"PO BOX 368 South Egremont, MA 01258-0368"
Essex Board of Health,Essex,Essex,MA,01929,(978) 768-7614,https://www.essexma.org/1319/Board-of-Health,,,True,"30 Martin St Essex, MA 01929-1235"
Everett Health Department,Everett,Everett,MA,02149,(617) 394-2255,https://cityofeverett.com/city-hall/departments/health-department/,,,True,"484 Broadway Rm 20 Everett, MA 02149-3694"
Fairhaven Board of Health,Fairhaven,Fairhaven,MA,02719,(508) 979-4022,https://www.fairhaven-ma.gov/board-health,,,True,"40 Center St Fairhaven, MA 02719-2995"
Fall River Health Department,Fall River,River,MA,02722,(508) 324-2410,https://www.fallriverma.gov/departments/health_and_human_services/index.php,,,True,"1 Government Ctr Fall River, MA 02722-7700"
Falmouth Health Department,Falmouth,Falmouth,MA,02540,(508) 495-7485,https://www.falmouthma.gov/273/Health,,,True,"59 Town Hall Sq Falmouth, MA 02540-2761"
Fitchburg Health Department,Fitchburg,Fitchburg,MA,01420,(978) 829-1870,https://www.fitchburgma.gov/211/Health-Department,,,True,"718 Main St Fitchburg, MA 01420-3155"
Florida Board of Health,Florida,Drury,MA,01343,(413) 662-2448 (o),https://www.townofflorida.org/,,,True,"367 Mohawk Trl Drury, MA 01343-9606"
Foxborough Health Department,Foxborough,Foxboro,MA,02035,(508) 543-1207,https://www.foxboroughma.gov/departments/health,,,True,"40 South St Foxboro, MA 02035-2397"
Framingham Health Department,Framingham,Framingham,MA,01702,(508) 532-5470,https://www.framinghamma.gov/290/Public-Health,,,True,"150 Concord St Rm 221 Framingham, MA 01702-8306"
Franklin Board of Health,Franklin,Franklin,MA,02038,(508) 520-4905,https://www.franklinma.gov/health-department,,,True,"355 E Central St Franklin, MA 02038-1352"
Franklin Regional Council of Governments,Franklin Regional Council of Governments,Greenfield,MA,01301,4137743167x102,http://www.frcog.org,https://www.facebook.com/FranklinRegionalCouncilofGovernments,https://twitter.com/franklincog,True,"12 Olive St Ste 2 Greenfield, MA 01301-3330"
Freetown Health Department,Freetown,Assonet,MA,02702,(508) 644-2202,https://www.freetownma.gov/board-of-health,,,True,"PO BOX 438 Assonet, MA 02702-0438"
Gardner Health Department/Board of Health,Gardner Health Department/Board,Gardner,MA,01440,(978) 630-4013,https://www.gardner-ma.gov/222/Health-Department,,,True,"95 Pleasant St Rm 29 Gardner, MA 01440-2630"
Georgetown Board of Health,Georgetown,Georgetown,MA,01833,(978) 352-5720,https://www.georgetownma.gov/government/boards___commissions/board_of_health.php,,,True,"1 Library ST Georgetown, MA 01833-2058"
Gill Board of Health,Gill,Gill,MA,01354,4137743167106,https://gillmass.org/g/10/Board-of-Health,,,True,"325 Main Rd Gill, MA 01354-9758"
Gloucester Health Department,Gloucester,Gloucester,MA,01930,(978) 325-5260,https://www.gloucester-ma.gov/183/Health-Department,,,True,"3 Pond Rd Gloucester, MA 01930-2054"
Goshen Board of Health,Goshen,Haydenville,MA,01039,(413) 268-8236,https://www.goshen-ma.us/departments/board-health-health-agent/,,,True,"PO BOX 447 Haydenville, MA 01039-0447"
Gosnold Health Department,Gosnold,Cuttyhunk,MA,02713,(508) 990-7408,https://www.gosnold-ma.gov/212/Board-of-Health,,,True,"PO BOX 28 Cuttyhunk, MA 02713-0028"
Grafton Board of Health,Grafton,Grafton,MA,01519,(508) 839-5335 (1119),https://www.grafton-ma.gov/448/Board-of-Health,,,True,"30 Providence Rd Grafton, MA 01519-1511"
Granby Board of Health,Granby,Granby,MA,01033,(413) 467-7174,https://www.granby-ma.gov/health-department,,,True,"215B W State St Granby, MA 01033-9611"
Granville Health Department,Granville,Granville,MA,01034,(413) 357-8585 (0),https://www.townofgranville.net/board-health,,,True,"PO BOX 247 Granville, MA 01034-0247"
Great Barrington Board of Health,Great Barrington,Barrington,MA,01230,(413) 528-0680,https://www.townofgb.org/health-department,,,True,"334 Main St Great Barrington, MA 01230-1845"
Greenfield Health Department,Greenfield,Greenfield,MA,01301,4137721404101,https://www.greenfield-ma.gov/departments/health/index.php,,,True,"14 Court Sq Greenfield, MA 01301-3547"
Groton Board of Health,Groton,Groton,MA,01450,(978) 772-3335,https://www.grotonma.gov/government/boards-and-committees/board-of-health/,,,True,"173 Main St Groton, MA 01450-4231"
Groveland Health Department,Groveland,Groveland,MA,01834,(978) 556-7210,https://www.grovelandma.com/government/boards_committees/board_of_health/index.php,,,True,"183 Main St Groveland, MA 01834-1377"
Hadley Board of Health,Hadley,Hadley,MA,01035,(413) 584-4562,https://www.hadleyma.org/board-health,,,True,"100 Middle ST FL 1st Hadley, MA 01035-9429"
Halifax Board of Health,Halifax,Halifax,MA,02338,(781) 293-6768,https://www.halifax-ma.org/board-health,,,True,"499 Plymouth St Halifax, MA 02338-1338"
Hamilton Health Department,Hamilton,Hamilton,MA,01982,(978) 468-5582,https://www.hamiltonma.gov/government/board-of-health/,,,True,"299 Bay RD South Hamilton, MA 01982-2234"
Hampden Health Department,Hampden,Hampden,MA,01036,4135662152X102,https://www.hampdenma.gov/board-health,,,True,"625 Main St Hampden, MA 01036-9000"
Hancock Board of Health,Hancock,Hancock,MA,01237,(413) 738-5225,https://town.hancock.ma.us/2021/10/26/board-of-health/,,,True,"PO Box 1084 Hancock, MA 01237-1084"
Hanover Board of Health,Hanover,Hanover,MA,02339,(781) 826-5000 (1058),https://www.hanover-ma.gov/board-of-health,,,True,"550 Hanover St Ste 17 Hanover, MA 02339-2242"
Hanson Health Department/Board of Health,Hanson Health Department/Board,Hanson,MA,02341,(781) 293-3138 (123),https://www.hanson-ma.gov/board-health,,,True,"542 Liberty ST FL 2nd Hanson, MA 02341-1627"
Hardwick Board of Health,Hardwick,Gilbertville,MA,01031,4134776197x108,https://www.hardwick-ma.gov/board-health,,,True,"PO BOX 575 Gilbertville, MA 01031-0575"
Harvard Board of Health,Harvard,Harvard,MA,01451,(978) 456-4100 (428),https://www.harvard-ma.gov/194/Board-of-Health,,,True,"15 Elm ST Harvard, MA 01451-1336"
Harwich Health Department,Harwich,Harwich,MA,02645,(508) 430-7509,https://www.harwich-ma.gov/321/Health,,,True,"732 Main St Ofc Town Harwich, MA 02645-2717"
Hatfield Health Department,Hatfield,Hatfield,MA,01038,(413) 247-9200,https://www.townofhatfield.org/board-health,,,True,"59 Main St Hatfield, MA 01038-9702"
Haverhill Health and Inspectional Services,Haverhill Health and Inspectional,Haverhill,MA,01830,(978) 374-2325,https://www.cityofhaverhill.com/departments/health_and_inspections/index.php,,,True,"4 Summer St Ste 210 Haverhill, MA 01830-5843"
Hawley Board of Health,Hawley,Hawley,MA,01339,(413) 774-3169 (106),https://townofhawley.com/public-health/,,,True,"8 Pudding Hollow Rd Hawley, MA 01339-9621"
Heath Board of Health,Heath,Heath,MA,01346,(413) 774-3167 (201),https://townofheath.org/g/39/Board-of-Health,,,True,"PO BOX 35 Heath, MA 01346-0035"
Hingham Health Department,Hingham,Hingham,MA,02043,(781) 741-1466,https://www.hingham-ma.gov/186/Health,,,True,"210 Central St Hingham, MA 02043-2756"
Hinsdale Board of Health,Hinsdale,Hinsdale,MA,01235,(413) 655-2300 (311),https://www.hinsdalemass.com/1257/Board-of-Health,,,True,"PO BOX 1082 Hinsdale, MA 01235-1082"
Holbrook Board of Health,Holbrook,Holbrook,MA,02343,(781) 767-3030,https://www.holbrookma.gov/board-health,,,True,"50 N Franklin St Holbrook, MA 02343-1560"
Holden Board of Health,Holden,Holden,MA,01520,(781) 767-3030,https://www.holdenma.gov/health-departmentboard-of-health,,,True,"1196 Main St Holden, MA 01520-1016"
Holland Board of Health,Holland,Holland,MA,01521,(413) 245-7108 (112),https://town.holland.ma.us/board-health,,,True,"27 Sturbridge Rd Holland, MA 01521-3151"
Holliston Board of Health,Holliston,Holliston,MA,01746,(508) 429-0605,https://www.townofholliston.us/board-of-health,,,True,"703 Washington St Rm 005 Holliston, MA 01746-2168"
Holyoke Health Department,Holyoke,Holyoke,MA,01040,(413) 322-5595,https://www.holyoke.org/departments/board-of-health/,,,True,"20 Korean Veterans Plz Rm 306 Holyoke, MA 01040-5000"
Hopedale Board of Health,Hopedale,Hopedale,MA,01747,5086342203x222,https://www.hopedale-ma.gov/node/61,,,True,"PO BOX 7 Hopedale, MA 01747-0007"
Hopkinton Health Department,Hopkinton,Hopkinton,MA,01748,(508) 497-9725,https://www.hopkintonma.gov,,,True,"18 Main ST Hopkinton, MA 01748-1212"
Hubbardston Health Department,Hubbardston,Hubbardston,MA,01452,(978) 928-1400 (212),https://www.hubbardstonma.us/board-health,,,True,"7 Main St Unit 2 Hubbardston, MA 01452-1451"
Hudson Health Department,Hudson,Hudson,MA,01749,(978) 568-9603,http://hudsonhealthdept.org,https://www.facebook.com/HudsonBOH,https://twitter.com/HudsonBOH,True,"78 Main St Hudson, MA 01749-2134"
Hull Board of Health,Hull,Hull,MA,02045,(781) 925-2224,https://www.town.hull.ma.us/184/Board-of-Health,,,True,"253 Atlantic Ave Hull, MA 02045-3215"
Huntington Health Department,Huntington,Huntington,MA,01050,(413) 667-3511,https://www.huntingtonma.us/board-health,,,True,"PO BOX 430 Huntington, MA 01050-0433"
Ipswich Board of Health,Ipswich,Ipswich,MA,01938,(978) 356-6606,https://ipswichma.gov/204/Public-Health,,,True,"25 Green St Ipswich, MA 01938-2229"
Kingston Health Department,Kingston,Kingston,MA,02364,(781) 585-0503,https://kingstonma.gov/170/Health-Department,,,True,"26 Evergreen St Kingston, MA 02364-1426"
Lakeville Board of Health,Lakeville,Lakeville,MA,02347,(508) 946-3473,https://www.lakevillema.org/board-health,,,True,"346 Bedford St Lakeville, MA 02347-2150"
Lancaster Board of Health,Lancaster,Lancaster,MA,01523,(978) 772-3335,https://www.ci.lancaster.ma.us/board-health,,,True,"701 Main St Lancaster, MA 01523-2334"
Lanesborough Board of Health,Lanesborough,Hancock,MA,01237,(413) 442-1167 (128),https://www.lanesborough-ma.gov/departments/public_health/index.php,,,True,"83 N Main St Hancock, MA 01237-9535"
Lawrence Health Department,Lawrence,Lawrence,MA,01840,(978) 395-0391,https://www.cityoflawrence.com/292/Public-Health,,,True,"200 Common St Lawrence, MA 01840-1517"
Leicester Board of Health,Leicester,Leicester,MA,01524,(508) 892-7008,https://www.leicesterma.org/221/Health-Department,,,True,"3 Washburn Sq Leicester, MA 01524-1333"
Lenox Board of Health,Lenox,Lenox,MA,01240,(413) 243-5540 (101),,,https://www.townoflenox.com/board-health,True,"6 Walker ST Lenox, MA 01240-2767"
Leominster Health Department,Leominster,Leominster,MA,01453,(978) 962-3558,https://www.leominster-ma.gov/261/Health-Department,,,True,"25 West St Leominster, MA 01453-5699"
Leverett Health Department,Leverett,Leverett,MA,01054,(413) 548-1022 (1),https://leverett.ma.us/g/72/Board-of-Health,,,True,"9 Montague RD Leverett, MA 01054-9725"
Lexington Board of Health,Lexington,Lexington,MA,02420,(781) 698-4503,https://www.lexingtonma.gov/504/Public-Health,,,True,"1625 Massachusetts Ave Lexington, MA 02420-3801"
Leyden Board of Health,Leyden,Leyden,MA,01337,4137743167x106,https://townofleyden.com/p/30/Board-of-Health,,,True,"16 W Leyden Rd Leyden, MA 01337-9737"
Lincoln Health Department,Lincoln,Lincoln,MA,01773,(781) 259-2614,https://www.lincolntown.org/116/Board-of-Health,,,True,"16 Lincoln Rd Lincoln, MA 01773-2009"
Littleton Board of Health,Littleton,Littleton,MA,01460,(978) 772-3335,https://www.littletonma.org/574/Board-of-Health,,,True,"37 Shattuck St # 303 Littleton, MA 01460-1263"
Longmeadow Board of Health,Longmeadow,Longmeadow,MA,01106,(413) 565-4140 (1345),https://www.longmeadowma.gov/1246/Board-of-Health,,,True,"20 Williams St Longmeadow, MA 01106-1950"
Lowell Health Department,Lowell,Lowell,MA,01852,(978) 674-4010,https://www.lowellma.gov/275/Health,,,True,"107 Merrimack ST FL 4 Lowell, MA 01852-1723"
Ludlow Board of Health,Ludlow,Ludlow,MA,01056,(413) 583-5600 (1271),https://www.ludlow.ma.us/219/Health-Department,,,True,"488 Chapin St Ludlow, MA 01056-2523"
Lunenburg Board of Health,Lunenburg,Lunenburg,MA,01462,(978) 772-3335,https://www.lunenburgma.gov/207/Board-Of-Health,,,True,"960 Massachusetts Ave Bldg Memorial Lunenburg, MA 01462-1300"
Lynn Health Department,Lynn,Lynn,MA,01901,(781) 586-6837,https://www.lynnma.gov/city_government/departments/publichealth,,,True,"3 City Hall Sq Lynn, MA 01901-1019"
Lynnfield Board of Health,Lynnfield,Lynnfield,MA,01940,(781) 334-9480,https://www.lynnfieldma.gov/248/Health-Department,,,True,"55 Summer St Lynnfield, MA 01940-1823"
Malden Board of Health,Malden,Malden,MA,02148,(781) 397-7049,https://www.cityofmalden.org/188/Board-of-Health,,,True,"220 Pleasant St Rm 507 Malden, MA 02148"
Manchester-by-the-Sea Board of Health,Manchester-by-the-Sea,Manchester,MA,01944,(978) 526-7385,http://manchester.ma.us/337/Board-of-Health,,,True,"10 Central St Manchester, MA 01944-1354"
Mansfield Board of Health,Mansfield,Mansfield,MA,02048,(508) 261-7366,https://www.mansfieldma.com/217/Public-Health-Department,,,True,"6 Park Row Mansfield, MA 02048-2433"
Marblehead Health Department,Marblehead,Marblehead,MA,01945,(781) 631-0212,https://marbleheadma.gov/health/,,,True,"7 Widger Rd Marblehead, MA 01945-2197"
Marion Board of Health,Marion,Marion,MA,02738,(508) 748-3530,https://www.marionma.gov/262/Board-of-Health,,,True,"2 Spring St Marion, MA 02738-1519"
Marlborough Health Department,Marlborough,Marlborough,MA,01752,(508) 460-3751,https://www.marlborough-ma.gov/370/Board-of-Health,,,True,"140 Main St Marlborough, MA 01752-3812"
Marshfield Health Department,Marshfield,Marshfield,MA,02050,(781) 834-5558,https://www.marshfield-ma.gov/departments/town_hall/public_health/index.php,,,True,"870 Moraine St Marshfield, MA 02050-3449"
Mashpee Health Department,Mashpee,Mashpee,MA,02649,(508) 539-1426,https://www.mashpeema.gov/1463/Board-of-Health,,,True,"16 Great Neck Rd N Mashpee, MA 02649-2528"
Mashpee Wampanoag Tribe,Mashpee Wampanoag Tribe,Mashpee,MA,02649,(508) 477-0208,https://mashpeewampanoagtribe-nsn.gov/tribal-health-1,,,True,"483 Great Neck Rd S Mashpee, MA 02649-3707"
Mattapoisett Health Department,Mattapoisett,Mattapoisett,MA,02739,(508) 758-4100 (8),https://www.mattapoisett.net/214/Health-Department,,,True,"PO BOX 434 Mattapoisett, MA 02739-0434"
Maynard Board of Health,Maynard,Maynard,MA,01754,(978) 897-1371,https://www.townofmaynard-ma.gov/237/Board-of-Health,,,True,"195 Main ST Maynard, MA 01754-2509"
Medfield Board of Health,Medfield,Medfield,MA,02052,5083598505X604,https://www.town.medfield.net/269/Board-of-Health,,,True,"459 Main St Medfield, MA 02052-2009"
Medford Department of Public Health,Medford,Medford,MA,02155,(781) 393-2560,https://www.medfordma.org/departments/health-department,,,True,"85 George P Hassett DR RM 311 Medford, MA 02155-3256"
Medway Board of Health,Medway,Medway,MA,02053,(508) 321-4923,https://www.townofmedway.org/board-health,,,True,"155 Village St Medway, MA 02053-1147"
Melrose Health Department,Melrose,Melrose,MA,02176,(781) 979-4130,https://www.cityofmelrose.org/health-and-human-services,,,True,"562 Main St Melrose, MA 02176-3142"
Mendon Board of Health,Mendon,Mendon,MA,01756,(508) 634-2656,https://www.mendonma.gov/boh,,,True,"20 Main St Mendon, MA 01756-1130"
Merrimac Board of Health,Merrimac,Merrimac,MA,01860,(978) 346-4066,https://townofmerrimac.com/health-department/,,,True,"2 School St Merrimac, MA 01860-1915"
Methuen Health Department,Methuen,Methuen,MA,01844,(978) 237-2564,https://www.cityofmethuen.net/health-division,,,True,"41 Pleasant Street Searles Building, 2nd Floor Methuen, MA 01844"
Middleborough Health Department,Middleborough,Middleborough,MA,02346,(508) 946-2408,https://www.middleboroughma.gov/179/Health-Department,,,True,"20 Center Street 2nd floor Middleborough, MA 02346-2270"
Middlefield Board of Health,Middlefield,Middlefield,MA,01243,(413) 623-8966,https://www.middlefield-ma.gov/204/Board-of-Health,,,True,"PO BOX 238 Middlefield, MA 01243-0238"
Middleton Board of Health,Middleton,Middleton,MA,01949,(978) 777-1869,https://www.middletonma.gov/192/Health-Department,,,True,"195 N Main St Middleton, MA 01949-1655"
Milford Board of Health,Milford,Milford,MA,01757,(508) 634-2315,https://www.milfordma.gov/239/Board-of-Health,,,True,"52 Main ST Milford, MA 01757-2611"
Millbury Board of Health,Millbury,Millbury,MA,01527,(508) 865-4721,https://www.millburyma.gov/board-health,,,True,"127 Elm St Millbury, MA 01527-2632"
Millis Board of Health,Millis,Millis,MA,02054,(508) 376-7042,https://www.millisma.gov/board-health,,,True,"900 Main St Room 213 Millis, MA 02054"
Millville Board of Health,Millville,Millville,MA,01529,(508) 883-8433,https://www.millvillema.org/board-health,,,True,"290 Main ST Millville, MA 01529-1724"
Milton Health Department,Milton,Milton,MA,02186,(617) 898-4883,https://www.townofmilton.org/232/Health-Department,,,True,"525 Canton Avenue Milton, MA 02186"
Monroe Board of Health,Monroe,Monroe,MA,01350,(413) 424-5272,https://frcog.org/about/towns/,,,True,"102 School St Monroe, MA 01350"
Monson Board of Health,Monson,Monson,MA,01057,(413) 267-4107,https://www.monson-ma.gov/312/Board-of-Health,,,True,"29 Thompson St Monson, MA 01057-1014"
Montague Health Department,Montague,Falls,MA,01376,(413) 863-3200 (305),https://montague-ma.gov/g/41/Board-of-Health,,,True,"One Avenue A 2nd Floor Turners Falls, MA 01376"
Monterey Board of Health,Monterey,Monterey,MA,01245,(413) 588-4667,https://www.montereyma.gov/health-department,,,True,"PO BOX 308 Monterey, MA 01245-0308"
Montgomery Health Department,Montgomery,Montgomery,MA,01085,(413) 862-3386,https://montgomeryma.gov/boards-committees/,,,True,"161 Main Rd Montgomery, MA 01085-9530"
Mount Washington Board of Health,Mount Washington,Washington,MA,01258,(413) 528-2839,https://mountwashington-ma.gov/departments/board-of-health/,,,True,"188 East St Mount Washington, MA 01258"
Nahant Board of Health,Nahant,Nahant,MA,01908,(781) 581-0088,https://nahant.org/public-health-department/,,,True,"334 Nahant Rd Nahant, MA 01908-1408"
Nashoba Associated Boards of Health,Nashoba Associated Boards,Ayer,MA,01432,(978) 772-3335,http://www.nashoba.org,,,True,"30 Central Ave Ayer, MA 01432-1423"
Natick Board of Health,Natick,Natick,MA,01760,(508) 647-6460,https://www.natickma.gov/392/Board-of-Health,https://www.facebook.com/natickhealthdept/,,True,"13 E Central St Natick, MA 01760-4629"
Needham Health Department,Needham,Needham,MA,02494,(781) 455-7940,https://www.needhamma.gov/85/Public-Health,https://www.facebook.com/Town-of-Needham-Needham-Public-Health-788150861199655/?fref=ts,https://twitter.com/Needham_Health,True,"178 Rosemary St Needham, MA 02494-3203"
New Ashford Health Department,New Ashford,Ashford,MA,01237,(413) 458-1832,https://www.newashford-ma.us/boards/board-of-health/,,,True,"188 Mallery Rd New Ashford, MA 01237-9611"
New Bedford Health Department,New Bedford,Bedford,MA,02740,(508) 991-6199,https://www.newbedford-ma.gov/health-department/,,,True,"1213 Purchase St New Bedford, MA 02740-6694"
New Braintree Health Department,New Braintree,Braintree,MA,01531,(508) 867-2071,https://www.newbraintreema.us/index.asp?SEC=49497797-0A0A-4A30-8A4D-653A22B6B7C6,,,True,"20 Memorial Dr New Braintree, MA 01531-1743"
New Marlborough Board of Health,New Marlborough,River,MA,01244,(413) 229-8469,https://www.newmarlboroughma.gov/board-health,,,True,"PO BOX 99 Mill River, MA 01244-0099"
New Salem Health Department,New Salem,Salem,MA,01355,(978) 544-9673,https://www.newsalemma.org/board-health,,,True,"19 S Main St New Salem, MA 01355-9713"
Newbury Board of Health,Newbury,Byfield,MA,01922,(978) 352-5720,https://www.townofnewbury.org/health-department,,,True,"12 Kent Way Ste 101 Byfield, MA 01922-1221"
Newburyport Health Department,Newburyport,Newburyport,MA,01950,(978) 465-4410,https://www.cityofnewburyport.com/health-department,,,True,"60 Pleasant ST Newburyport, MA 01950-2627"
Newton Health Department,Newton,Newton,MA,02459,(617) 796-1420,https://www.newtonma.gov/government/health-human-services/public-health,,,True,"1000 Commonwealth Ave Newton, MA 02459-1449"
Norfolk Health Department,Norfolk,Norfolk,MA,02056,(508) 528-7747,https://norfolk.ma.us/government/boards___committees/board_of_health/index.php,,,True,"1 Liberty LN Norfolk, MA 02056-1499"
North Adams Health Department,North Adams,Adams,MA,01247,(413) 662-3000 (3020),https://www.northadams-ma.gov/government/departments_offices/health_department/index.php,,,True,"10 Main St North Adams, MA 01247-3419"
North Andover Board of Health,North Andover,Andover,MA,01845,(978) 688-9540,https://www.northandoverma.gov/631/Board-of-Health,,,True,"120 Main Street North Andover, MA 01845"
North Attleborough Health Department,North Attleborough,Attleboro,MA,02760,(508) 699-0103,https://www.nattleboro.com/336/Health-Department,,,True,"43 South Washington Street Lower Level North Attleboro, MA 02760-1642"
North Brookfield Health Department,North Brookfield,Brookfield,MA,01535,(508) 867-0201,https://www.northbrookfield.net/board-health,,,True,"215 N Main St North Brookfield, MA 01535-1531"
North Reading Board of Health,North Reading,Reading,MA,01864,(978) 357-5242,https://www.northreadingma.gov/board-health,,,True,"235 North St North Reading, MA 01864-1217"
Northampton Board of Health,Northampton,Northampton,MA,01060,(413) 587-1214,http://www.northamptonma.gov/245/Health,,https://twitter.com/01060Health,True,"212 Main St Northampton, MA 01060-3112"
Northborough Health Department,Northborough,Northborough,MA,01532,(617) 281-4411,https://www.town.northborough.ma.us/health-department,,,True,"63 Main St Northborough, MA 01532-1943"
Northbridge Health Department,Northbridge,Northbridge,MA,01534,(508) 234-3272,http://www.northbridgemass.org/board-of-health,,,True,"1679 Providence Rd Northbridge, MA 01534"
Norton Health Department,Norton,Norton,MA,02766,(508) 285-0262,https://www.nortonma.org/board-health,,,True,"72 E Main St Norton, MA 02766-2310"
Norwell Health Department,Norwell,Norwell,MA,02061,(781) 659-8016,https://www.townofnorwell.net/board-health,,,True,"345 Main St Norwell, MA 02061-2449"
Norwood Board of Health,Norwood,Norwood,MA,02062,(781) 762-1240 (x 174),http://www.norwoodma.gov/departments/health/index.php,https://www.facebook.com/norwoodmahealthdepartment/,,True,"566 Washington ST RM 5 Norwood, MA 02062-2203"
Oak Bluffs Board of Health,Oak Bluffs,Bluffs,MA,02557,(508) 693-3554 (116),https://www.oakbluffsma.gov/168/Board-of-Health,,,True,"PO BOX 1327 Oak Bluffs, MA 02557-1327"
Oakham Board of Health,Oakham,Oakham,MA,01068,(508) 882-4069,https://www.oakham-ma.gov/board-health,,,True,"2 Coldbrook Rd Unit 8 Oakham, MA 01068-9684"
Orange Board of Health,Orange,Orange,MA,01364,(978) 544-1107,https://www.townoforange.org/184/Board-of-Health,,,True,"135 E Main St Bldg Lower Orange, MA 01364-6421"
Orleans Health Department,Orleans,Orleans,MA,02653,(508) 240-3700 (2450),https://www.town.orleans.ma.us/254/Health,,,True,"19 School Rd Orleans, MA 02653-3643"
Otis Health Department,Otis,Otis,MA,01253,4132690100104,https://townofotisma.com/boards/board-of-health/,,,True,"One North Main Road Otis, MA 01253-6905"
Oxford Board of Health,Oxford,Oxford,MA,01540,(508) 987-6045 (5),https://www.oxfordma.us/191/Board-of-Health,,,True,"325 Main St Oxford, MA 01540-1774"
Palmer Health Department,Palmer,Palmer,MA,01069,(413) 283-2606,https://www.townofpalmer.com/health,,,True,"4417 Main St Palmer, MA 01069-6901"
Paxton Health Department,Paxton,Paxton,MA,01612,(508) 753-2803,https://www.townofpaxton.net/board-health,,,True,"697 Pleasant St Paxton, MA 01612-1026"
Peabody Health Department,Peabody,Peabody,MA,01960,(978) 538-5926,https://www.peabody-ma.gov/health.html,,,True,"24 Lowell St Peabody, MA 01960-5449"
Pembroke Board of Health,Pembroke,Pembroke,MA,02359,(781) 293-2718,https://www.pembroke-ma.gov/board-health,,,True,"100 Center St Pembroke, MA 02359-2299"
Pepperell Board of Health,Pepperell,Pepperell,MA,01463,(978) 772-3335,https://town.pepperell.ma.us/341/Health-Board-of,,,True,"1 Main St Pepperell, MA 01463-1650"
Peru Board of Health,Peru,Peru,MA,01235,(413) 717-8922,https://www.townofperuma.com/board-health-health-agentinspector,,,True,"3 E Main Rd Ste 103 Peru, MA 01235-2901"
Petersham Health Department,Petersham,Petersham,MA,01366,(978) 724-0057,https://townofpetersham.weebly.com/board-of-health.html,,,True,"PO BOX 486 Petersham, MA 01366-0486"
Phillipston Board of Health,Phillipston,Phillipston,MA,01331,(978) 249-1735,https://www.phillipston-ma.gov/board-of-health,,,True,"15 Templeton Rd Phillipston, MA 01331"
Pittsfield Health Department,Pittsfield,Pittsfield,MA,01201,(413) 499-9411,https://www.cityofpittsfield.org/departments/health_and_inspections/index.php,,,True,"70 Allen St Pittsfield, MA 01201-6250"
Plainfield Board of Health,Plainfield,Plainfield,MA,01070,(413) 634-0321,https://plainfield-ma.us/p/25/Board-of-Health,,,True,"91 North St Plainfield, MA 01070-9787"
Plainville Health Department,Plainville,Plainville,MA,02762,(508) 695-3010 (16),https://www.plainville.ma.us/1358/Board-of-Health,,,True,"142 South St Plainville, MA 02762-1917"
Plymouth Health Department,Plymouth,Plymouth,MA,02360,(508) 747-1620 (214),https://www.plymouth-ma.gov/991/Health-and-Human-Services,,,True,"26 Court ST Plymouth, MA 02360-3365"
Plympton Board of Health,Plympton,Plympton,MA,02367,(781) 585-7000,https://www.town.plympton.ma.us/board-of-health,,,True,"5 Palmer Rd Plympton, MA 02367-1127"
Princeton Health Department,Princeton,Princeton,MA,01541,(978) 464-2104,https://www.town.princeton.ma.us/board-health,,,True,"6 Town Hall Dr Princeton, MA 01541-1129"
Provincetown Health Department,Provincetown,Provincetown,MA,02657,(508) 487-7020,https://www.provincetown-ma.gov/117/Health,,,True,"260 Commercial St Provincetown, MA 02657-2213"
Quabbin Health District,Quabbin,Ware,MA,01082,(413) 967-9651,https://quabbinhealthdistrict.com/,,,True,"126 Main St Ste D Ware, MA 01082-1336"
Quincy Health Department,Quincy,Quincy,MA,02171,(617) 376-1272,https://www.quincyma.gov/departments/health/index.php,,,True,"440 E Squantum St Quincy, MA 02171-1505"
Randolph Health Department,Randolph,Randolph,MA,02368,(781) 961-0924,https://www.randolph-ma.gov/341/Health-Department,,,True,"41 South Main Street Randolph, MA 02368"
Raynham Health Department,Raynham,Raynham,MA,02767,(508) 824-2766,https://www.town.raynham.ma.us/health-department,,,True,"558 S Main St Raynham, MA 02767-1677"
Reading Health Department,Reading,Reading,MA,01867,(781) 942-9061,https://www.readingma.gov/207/Public-Health-Department,,,True,"16 Lowell St Reading, MA 01867-4615"
Rehoboth Health Department,Rehoboth,Rehoboth,MA,02769,(508) 252-5947,https://www.rehobothma.gov/health-department,,,True,"148 Peck St Rehoboth, MA 02769-3009"
Revere Health Department,Revere,Revere,MA,02151,(781) 485-8486,https://www.revere.org/departments/public-health-division,,,True,"249 Broadway # R Revere, MA 02151-5029"
Richmond Board of Health,Richmond,Richmond,MA,01254,(413) 698-3355,https://www.richmondma.org/government/boards_and_commissions/board_of_health.php,,,True,"1529 State Rd Richmond, MA 01254-5094"
Rochester Board of Health,Rochester,Rochester,MA,02770,(508) 763-5421,https://www.townofrochestermass.com/board-health,,,True,"37 Marion Rd Rochester, MA 02770-4138"
Rockland Board of Health,Rockland,Rockland,MA,02370,(781) 871-1874 (1150),https://www.rockland-ma.gov/378/Board-of-Health,,,True,"242 Union ST Rockland, MA 02370-1804"
Rockport Health Department,Rockport,Rockport,MA,01966,(978) 546-3701,https://www.rockportma.gov/304/Board-of-Health,,,True,"34 Broadway Rockport, MA 01966-1537"
Rowe Board of Health,Rowe,Rowe,MA,01367,(413) 339-5520 (105),https://rowe-ma.gov/g/40/Board-of-Health,,,True,"PO BOX 462 Rowe, MA 01367-0462"
Rowley Health Department,Rowley,Rowley,MA,01969,(978) 948-2231,https://www.townofrowley.net/board-health,,,True,"PO BOX 783 Rowley, MA 01969-3783"
Royalston Board Health Department,Royalston,Royalston,MA,01368,(978) 249-7934,https://www.royalston-ma.gov/health-department,,,True,"PO BOX 102 Royalston, MA 01368-0102"
Russell Health Department,Russell,Russell,MA,01071,(413) 454-5150,https://www.townofrussell.us/health-inspector,,,True,"65 Main St Russell, MA 01071-9683"
Rutland Board of Health,Rutland,Rutland,MA,01543,(508) 886-4100 (3012),https://www.rutlandma.gov/242/Board-of-Health,,,True,"250 Main St Rutland, MA 01543-1300"
Salem Board of Health,Salem,Salem,MA,01970,(978) 741-1800,https://www.salemma.gov/board-health,,,True,"98 Washington Street, 3rd Floor Salem, MA 01970"
Salisbury Health Department,Salisbury,Salisbury,MA,01952,(978) 462-3430,https://www.salisburyma.gov/health-department,,,True,"5 Beach Rd Salisbury, MA 01952-2056"
Sandisfield Board of Health,Sandisfield,Sandisfield,MA,01255,(413) 258-4712,https://www.sandisfieldma.gov/board-health-0,,,True,"3 Silverbrook Rd Sandisfield, MA 01255-9770"
Sandwich Health Department,Sandwich,Sandwich,MA,02563,(508) 888-4200,https://www.sandwichmass.org/244/Health-Department,,,True,"16 Jan Sebastian Dr Sandwich, MA 02563-2319"
Saugus Health Department,Saugus,Saugus,MA,01906,(781) 231-4120,https://www.saugus-ma.gov/196/Board-of-Health,,,True,"298 Central ST Ste 9 Saugus, MA 01906-2152"
Savoy Board of Health,Savoy,Savoy,MA,01256,(413) 634-5354,https://townofsavoy.com/contact-list-town-officials/,,,True,"720 Main Rd Savoy, MA 01256-9387"
Scituate Health Department,Scituate,Scituate,MA,02066,(781) 545-8725,https://www.scituatema.gov/board-of-health,,,True,"600 Chief Justice Cushing Hwy Scituate, MA 02066-3229"
Seekonk Health Department,Seekonk,Seekonk,MA,02771,(508) 336-2950,https://www.seekonk-ma.gov/301/Board-of-Health,,,True,"100 Peck St Seekonk, MA 02771-5116"
Sharon Health Department,Sharon,Sharon,MA,02067,(781) 784-1500 (1205),https://www.townofsharon.net/health-department,,,True,"90 S Main ST Sharon, MA 02067-1954"
Sheffield Board of Health,Sheffield,Sheffield,MA,01257,(413) 229-2335,https://www.sheffieldma.gov/health,,,True,"PO BOX 325 Sheffield, MA 01257-0325"
Shelburne Board of Health,Shelburne,Falls,MA,01370,4137743167x106,https://townofshelburne.com/g/41/Board-of-Health,,,True,"51 Bridge St Ofc Town Shelburne Falls, MA 01370-1102"
Sherborn Health Department,Sherborn,Sherborn,MA,01770,(508) 651-7852,https://ma-sherborn.civicplus.com/176/Board-of-Health,,,True,"19 Washington St Sherborn, MA 01770-1026"
Shirley Board of Health,Shirley,Shirley,MA,01464,(978) 772-3335,https://www.shirley-ma.gov/262/Board-of-Health,,,True,"7 Keady Way Shirley, MA 01464-2630"
Shrewsbury Board of Health,Shrewsbury,Shrewsbury,MA,01545,(508) 841-8384,https://shrewsburyma.gov/240/Health-Department,,,True,"100 Maple Ave FL 2nd Shrewsbury, MA 01545-5338"
Somerset Board of Health,Somerset,Somerset,MA,02726,(508) 646-2842,https://townofsomerset.org/382/Board-of-Health,,,True,"140 Wood St Somerset, MA 02726-5225"
Somerville Health and Human Services Department,Somerville,Somerville,MA,02144,(617) 625-6600 (4300),https://www.somervillema.gov/departments/health-and-human-services,https://www.facebook.com/somervillecity,,True,"167 Holland ST Somerville, MA 02144-2401"
South Hadley Health Department,South Hadley,Hadley,MA,01075,(413) 538-5030 (6184),https://www.southhadley.org/222/Public-Health,,,True,"116 Main ST RM M2 South Hadley, MA 01075-2550"
Southampton Health Department,Southampton,Southampton,MA,01073,(413) 529-1003,https://www.townofsouthampton.org/government/boards-and-committees/board-of-hea,,,True,"210 College Hwy Southampton, MA 01073-9003"
Southborough Health Department,Southborough,Southborough,MA,01772,5084813013X3,https://www.southboroughma.gov/321/Health-Department,,,True,"9 Cordaville Rd Southborough, MA 01772-1615"
Southbridge Health Department,Southbridge,Southbridge,MA,01550,(508) 764-4252,https://www.ci.southbridge.ma.us/190/Board-of-Health,,,True,"41 Elm St Southbridge, MA 01550-2645"
Southwick Board of Health,Southwick,Southwick,MA,01077,(413) 569-1212,https://www.southwickma.org/board-health,,,True,"454 College Hwy Southwick, MA 01077-9267"
Spencer Board of Health,Spencer,Spencer,MA,01562,5088857500x180,https://www.spencerma.gov/board-health,,,True,"157 Main St Spencer, MA 01562-2123"
Springfield Department of Health and Human Services,Springfield,Springfield,MA,01105,(413) 750-2067,https://www.springfield-ma.gov/hhs/,,,True,"311 State St Springfield, MA 01105-1320"
Sterling Board of Health,Sterling,Sterling,MA,01564,(978) 422-8111,https://www.sterling-ma.gov/256/Board-of-Health,,,True,"1 Park St Sterling, MA 01564-2132"
Stoneham Health Department,Stoneham,Stoneham,MA,02180,(781) 279-2621,https://www.stoneham-ma.gov/154/Board-of-Health,,,True,"35 Central St Stoneham, MA 02180-2055"
Stoughton Public Health,Stoughton,Stoughton,MA,02072,(781) 344-7011,https://stoughton.org/251/Stoughton-Public-Health-Association-Visi,,,True,"30 Freeman St Stoughton, MA 02072-2364"
Stow Board of Health,Stow,Stow,MA,01775,(978) 897-4592,https://www.stow-ma.gov/board-health,,,True,"380 Great Rd Stow, MA 01775-1122"
Sturbridge Board of Health,Sturbridge,Sturbridge,MA,01566,(508) 347-2504,https://www.sturbridge.gov/board-health,,,True,"301 Main St Sturbridge, MA 01566"
Sudbury Health Department,Sudbury,Sudbury,MA,01776,(978) 440-5479,https://sudbury.ma.us/health/,,,True,"278 Old Lancaster Rd Sudbury, MA 01776"
Sunderland Board of Health,Sunderland,Sunderland,MA,01375,(413) 665-1441,https://www.townofsunderland.us/board-health-health-agent,,,True,"12 School St Sunderland, MA 01375-9503"
Sutton Health Department,Sutton,Sutton,MA,01590,(508) 865-8724,https://www.suttonma.org/board-health,,,True,"4 Uxbridge Rd Sutton, MA 01590-1702"
Swampscott Health Department,Swampscott,Swampscott,MA,01907,(781) 596-8864,https://www.swampscottma.gov/health,,,True,"22 Monument Ave Swampscott, MA 01907-1977"
Swansea Board of Health,Swansea,Swansea,MA,02777,(508) 674-5731 (4),https://www.swanseama.gov/government/board_of_health/index.php,,,True,"68 Stevens Rd Swansea, MA 02777-4706"
Taunton Board of Health,Taunton,Taunton,MA,02780,(508) 821-1400,https://www.taunton-ma.gov/382/Board-of-Health,,,True,"45 School St Taunton, MA 02780-3222"
Templeton Health Department,Templeton,Templeton,MA,01438,(978) 939-2377,https://www.templetonma.gov/board-of-health,,,True,"PO Box 620 East Templeton, MA 01438-0620"
Tewksbury Board of Health,Tewksbury,Tewksbury,MA,01876,(978) 640-4470,https://www.tewksbury-ma.gov/290/Board-of-Health,,,True,"175 Chandler Street Tewksbury, MA 01876-1903"
Tisbury Board of Health,Tisbury,Haven,MA,02568,(508) 696-4290,https://www.tisburyma.gov/284/Board-of-Health,,,True,"PO BOX 666 Vineyard Haven, MA 02568-0666"
Tolland Health Department,Tolland,Granville,MA,01034,(413) 258-4794,https://www.tolland-ma.gov/health-department,,,True,"241 W Granville Rd Granville, MA 01034-9543"
Topsfield Board of Health,Topsfield,Topsfield,MA,01983,(978) 887-1520,https://www.topsfield-ma.gov/health-department,,,True,"8 W Common ST Topsfield, MA 01983-1425"
Town of Nantucket,Town of Nantucket,Nantucket,MA,02554,(508) 228-7200 (7322),https://www.nantucket-ma.gov/1567/Public-Health,,,True,"131 Pleasant St Nantucket, MA 02554"
Townsend Board of Health,Townsend,Townsend,MA,01469,(978) 597-1713,https://www.townsendma.gov/departments/health_department/index.php,,,True,"272 Main St Townsend, MA 01469-1519"
Tri-Town Health District,Tri-Town,Lee,MA,01238,(413) 243-5540,http://tritownhealth.org,,,True,"45 Railroad St Lee, MA 01238-1639"
Truro Health Department,Truro,Truro,MA,02666,(508) 214-0919,https://www.truro-ma.gov/health-department,,,True,"PO Box 2030 Truro, MA 02666-2030"
Tyngsborough Board of Health,Tyngsborough,Tyngsboro,MA,01879,(978) 649-2300 (118),https://www.tyngsboroughma.gov/326/Board-of-Health,,,True,"25 Bryant Ln Tyngsboro, MA 01879-1042"
Tyringham Board of Health,Tyringham,Tyringham,MA,01264,(413) 243-1749,https://www.tyringham-ma.gov/board-health,,,True,"116 Main Rd Tyringham, MA 01264-2001"
Upton Health Department,Upton,Upton,MA,01568,(508) 529-6813,https://www.uptonma.gov/307/Board-of-Health,,,True,"1 Main St Upton, MA 01568-1686"
Uxbridge Health Department,Uxbridge,Uxbridge,MA,01569,(508) 278-8600 (2025),https://www.uxbridge-ma.gov/board-health,,,True,"21 S Main ST Uxbridge, MA 01569-1851"
Wakefield Health and Human Services Department,Wakefield,Wakefield,MA,01880,(781) 246-6375,https://www.wakefield.ma.us/health-and-human-services,,,True,"5 Common ST Wakefield, MA 01880-2303"
Wales Health Department,Wales,Wales,MA,01081,(413) 245-7571 (105),https://www.townofwales.net/board-health,,,True,"3 Hollow Rd Wales, MA 01081-9713"
Walpole Health Department,Walpole,Walpole,MA,02081,(508) 660-7321,https://www.walpole-ma.gov/board-of-health,https://www.facebook.com/WalpoleHealthDepartment,https://twitter.com/RobinChapell,True,"135 School St Walpole, MA 02081-2837"
Waltham Department of Health,Waltham,Waltham,MA,02451,(781) 314-3305,https://www.city.waltham.ma.us/health-department,,,True,"610 Main St Waltham, MA 02451"
Wareham Health Department,Wareham,Wareham,MA,02571,(508) 291-3100 (3197),https://www.wareham.ma.us/health-department,,,True,"54 Marion Rd Wareham, MA 02571-1428"
Warren Health Department,Warren,Warren,MA,01083,(413) 436-5708 (112),https://www.warren-ma.gov/board-health,,,True,"48 High St Warren, MA 01083-7910"
Warwick Board of Health,Warwick,Warwick,MA,01378,(978) 544-6315,https://warwickma.org/board-of-health/,,,True,"12 Athol Rd Warwick, MA 01378-9301"
Washington Board of Health,Washington,Washington,MA,01223,(413) 442-1521 (60),https://www.washington-ma.gov/board-health,,,True,"8 Summit Hill Rd Washington, MA 01223-9627"
Watertown Health Department,Watertown,Watertown,MA,02472,(617) 972-6465,https://watertown-ma.gov/184/Health,,,True,"149 Main St Watertown, MA 02472-4410"
Wayland Health Department,Wayland,Wayland,MA,01778,(508) 358-3617,https://www.wayland.ma.us/health-department,,,True,"41 Cochituate Rd Wayland, MA 01778-2604"
Webster Health Department,Webster,Webster,MA,01570,(508) 949-3800 (4002),https://www.webster-ma.gov/256/Health-Department,,,True,"350 Main St Webster, MA 01570-2292"
Wellesley Health Department,Wellesley,Hills,MA,02481,(508) 282-6346,https://www.wellesleyma.gov/193/Health,,,True,"90 Washington St Wellesley Hills, MA 02481-3238"
Wellfleet Health Department,Wellfleet,Wellfleet,MA,02667,(508) 349-0308 (1418),https://www.wellfleet-ma.gov/board-of-health/healthconservation-department,,,True,"1035 Cemetery Rd Wellfleet, MA 02667-7490"
Wendell Health Department,Wendell,Wendell,MA,01379,(978) 544-3395 (6),https://www.wendellmass.us/governance/board-of-health.html,,,True,"PO Box 41 Wendell, MA 01379-0041"
Wenham Health Department,Wenham,Wenham,MA,01984,9784685520x4,https://www.wenhamma.gov/town_government/departments/board_of_health.php,,,True,"138 Main St Wenham, MA 01984-1555"
West Boylston Board of Health,West Boylston,Boylston,MA,01583,(774) 261-4030,https://www.westboylston-ma.gov/board-health,,,True,"140 Worcester Street West Boylston, MA 01583-2466"
West Bridgewater Health Department,West Bridgewater,Bridgewater,MA,02379,(508) 894-1209,https://www.westbridgewaterma.org/government/board_of_health/index.php,,,True,"65 N Main St West Bridgewater, MA 02379-1799"
West Brookfield Health Department,West Brookfield,Brookfield,MA,01585,(508) 612-1758,https://wbrookfield.com/board-of-health/,,,True,"2 E Main St West Brookfield, MA 01585-2903"
West Newbury Board of Health,West Newbury,Newbury,MA,01985,(978) 363-1100 (119),https://www.wnewbury.org/board-health,,,True,"381 Main St West Newbury, MA 01985-1450"
West Springfield Health Department,West Springfield,Springfield,MA,01089,(413) 263-3205,https://www.townofwestspringfield.org/Community-Resources/Health,,,True,"26 Central St Ste 18 West Springfield, MA 01089-2753"
West Stockbridge Board of Health,West Stockbridge,Stockbridge,MA,01266,(413) 232-0300 (314),https://www.weststockbridge-ma.gov/board-health,,,True,"21 State Line Rd West Stockbridge, MA 01266"
West Tisbury Board of Health,West Tisbury,Tisbury,MA,02575,(508) 696-0105,https://www.westtisbury-ma.gov/board-health,,,True,"PO BOX 278 West Tisbury, MA 02575-0278"
Westborough Health Department,Westborough,Westborough,MA,01581,(508) 366-3045,https://www.westboroughma.gov/393/Public-Health-Department,,,True,"45 W. Main St. Rm 25 Westborough, MA 01581-1916"
Westfield Health Department,Westfield,Westfield,MA,01085,(413) 572-9125,https://www.cityofwestfield.org/166/Health,,,True,"59 Court St Westfield, MA 01085-3520"
Westford Board of Health,Westford,Westford,MA,01886,(978) 399-2553,http://www.westfordma.gov/health,,,True,"55 Main St Westford, MA 01886"
Westhampton Board of Health,Westhampton,Westhampton,MA,01027,(413) 268-8236,https://www.westhampton-ma.com/board-health,,,True,"1 South Rd Westhampton, MA 01027-9661"
Westminster Board of Health,Westminster,Westminster,MA,01473,(978) 874-7409,https://www.westminster-ma.gov/board-health-0,,,True,"11 South St Westminster, MA 01473-1534"
Weston Health Department,Weston,Weston,MA,02493,(781) 786-5030,https://www.weston.org/1462/Health-and-Human-Services,,,True,"11 Townhouse Rd Weston, MA 02493-2000"
Westport Health Department,Westport,Westport,MA,02790,(508) 636-1015,https://www.westport-ma.com/board-health,,,True,"856 Main Rd Westport, MA 02790-4311"
Westwood Board of Health/Health Department,Westwood Board of Health/Health,Westwood,MA,02090,(781) 320-1027,https://www.townhall.westwood.ma.us/departments/community-economic-development/health-division,,,True,"50 Carby St Westwood, MA 02090-1004"
Weymouth Health Department,Weymouth,Weymouth,MA,02189,(781) 340-5008,https://www.weymouth.ma.us/health-department,,,True,"75 Middle St East Weymouth, MA 02189-1359"
Whately Board of Health,Whately,Deerfield,MA,01373,(413) 268-8236,https://www.whately.org/board-healthfoothills-health-district/agenda/board-health-19,,,True,"4 Sandy Ln South Deerfield, MA 01373-9612"
Whitman Health Department,Whitman,Whitman,MA,02382,(781) 618-9756 (756),https://www.whitman-ma.gov/245/Health,,,True,"PO BOX 426 Whitman, MA 02382-0426"
Wilbraham Board of Health,Wilbraham,Wilbraham,MA,01095,(413) 596-2800 (222),https://www.wilbraham-ma.gov/160/Health,,,True,"240 Springfield St Wilbraham, MA 01095-2257"
Williamsburg Board of Health,Williamsburg,Haydenville,MA,01039,(413) 268-8236,https://www.burgy.org/board-health,,,True,"PO Box 447 Haydenville, MA 01039-0447"
Williamstown Board of Health,Williamstown,Williamstown,MA,01267,(413) 458-9344,https://williamstownma.gov/department/health-department/,,,True,"31 North St Williamstown, MA 01267-2003"
Wilmington Board of Health,Wilmington,Wilmington,MA,01887,(978) 658-4298,https://www.wilmingtonma.gov/health-department,,,True,"121 Glen Rd Wilmington, MA 01887-3500"
Winchendon Health Department,Winchendon,Winchendon,MA,01475,(978) 297-3537,https://www.townofwinchendon.com/board-health,,,True,"109 Front St Dept 5 Winchendon, MA 01475-1758"
Winchester Board of Health,Winchester,Winchester,MA,01890,(781) 721-7121,https://www.winchester.us/1062/Board-of-Health,,,True,"71 Mount Vernon St Winchester, MA 01890-2706"
Windsor Board of Health,Windsor,Windsor,MA,01270,(413) 684-3811 (7),https://www.windsormass.com/boards-departments/board-of-health,,,True,"1890 Route 9 Windsor, MA 01270-9299"
Winthrop Department of Public Health and Clinical Services,Winthrop Department of Public Health and Clinical,Winthrop,MA,02152,6178461740x131,https://www.winthropma.gov/212/Health-Department,,,True,"3 Metcalf SQ Winthrop, MA 02152-3159"
Woburn Health Department,Woburn,Woburn,MA,01801,(781) 897-5923,https://woburnma.gov/government/health/,,,True,"10 Common St Woburn, MA 01801-4164"
Worcester Division of Public Health,Worcester,Worcester,MA,01610,(508) 799-8531,https://www.worcesterma.gov/public-health,,,True,"25 Meade St Worcester, MA 01610-2715"
Worthington Health Department,Worthington,Worthington,MA,01098,4132385577x106,https://worthington-ma.us/board-of-health/,,,True,"PO BOX 247 Worthington, MA 01098-0247"
Wrentham Board of Health,Wrentham,Wrentham,MA,02093,(508) 384-5480,https://www.wrentham.gov/government/boards_committees/board_of_health,,,True,"79 South St Fl 1 Wrentham, MA 02093-1526"
Yarmouth Health Department,Yarmouth,Yarmouth,MA,02664,(508) 398-2231 (1246),https://www.yarmouth.ma.us/127/Health,,,True,"1146 Route 28 South Yarmouth, MA 02664-4463"
Allegan County Health Department,Allegan,Allegan,MI,49010,(269) 673-5411,http://www.allegancounty.org/health,,,True,"3255 122Nd Ave Ste 200 Allegan, MI 49010-9590"
Barry-Eaton District Health Department,Barry-Eaton,Charlotte,MI,48813,(517) 541-2602,http://www.barryeatonhealth.org,,,True,"1033 Healthcare Dr Charlotte, MI 48813-1058"
Bay County Health Department,Bay,City,MI,48706,(989) 895-4009,https://www.baycountymi.gov/health_community/health_department/index.php,,,True,"4150 Wilder Road Bay City, MI 48706"
Bay Mills Indian Community,Bay Mills Indian Community,Brimley,MI,49715,(906) 248-3241,https://www.baymillshealthcenter.com/,,,True,"12140 W Lakeshore Dr Brimley, MI 49715-9319"
Benzie-Leelanau District Health Department,Benzie-Leelanau,Benzonia,MI,49616,(231) 882-6085,http://www.bldhd.org,,,True,"6051 Frankfort Hwy Ste 100 Benzonia, MI 49616-9657"
Berrien County Health Department,Berrien,Harbor,MI,49023,(269) 926-7121,http://www.bchdmi.org/278/Health-Department,,,True,"PO BOX 706 Benton Harbor, MI 49023-0706"
Branch-Hillsdale-St. Joseph Community Health Agency,Branch-Hillsdale-St. Joseph Community,Coldwater,MI,49036,(517) 279-9561,http://www.bhsj.org,,,True,"570 Marshall Rd Coldwater, MI 49036-8252"
Calhoun County Health Department,Calhoun,Creek,MI,49014,(269) 969-6370,https://www.calhouncountymi.gov/departments/public_health_department/index.php,,,True,"190 E Michigan Ave Battle Creek, MI 49014-4005"
Central Michigan District Health Department,Central Michigan,Pleasant,MI,48858,(989) 773-5921 (1421),http://www.cmdhd.org,,,True,"2012 E Preston St Mt Pleasant, MI 48858-8990"
Chippewa County Health Department,Chippewa,Marie,MI,49783,(906) 635-1566,http://www.chippewahd.com,,,True,"508 Ashmun St Ste 120 Sault Sainte Marie, MI 49783-1976"
Detroit Health Department,Detroit,Detroit,MI,48201,(313) 876-4000,http://www.detroitmi.gov/health,,,True,"100 Mack Ave 3rd Floor Detroit, MI 48201"
Dickinson-Iron District Health Department,Dickinson-Iron,Falls,MI,49920,(906) 265-9913,http://www.didhd.org/,,,True,"1374 Commercial Ave Crystal Falls, MI 49920-1085"
District Health Department #10,District Health Department #10,Cadillac,MI,49601,(231) 876-3839,http://www.dhd10.org,,,True,"521 Cobb St Cadillac, MI 49601-2589"
District Health Department #2,District Health Department #2,Branch,MI,48661,(989) 345-5020,http://www.dhd2.org,,,True,"630 Progress St West Branch, MI 48661-8603"
District Health Department #4,District Health Department #4,Alpena,MI,49707,(989) 356-4507,http://www.dhd4.org,,,True,"100 Woods Cir Ste 200 Alpena, MI 49707-1443"
Genesee County Health Department,Genesee,Flint,MI,48502,(810) 257-3588,http://www.gchd.us,https://www.facebook.com/GeneseeCountyHealthDepartment,https://twitter.com/GCHD_MI,True,"324 S Saginaw ST Ste 6 Flint, MI 48502-1937"
Grand Traverse County Health Department,Grand Traverse,City,MI,49686,(231) 995-6100,http://www.gtchd.org,https://www.facebook.com/grandtraversecountyhealthdepartment,https://twitter.com/GTHealthDept,True,"2600 Lafranier Rd Ste A Traverse City, MI 49686-4765"
Health Department of Northwest Michigan,Health Department of Northwest Michigan,Charlevoix,MI,49720,(231) 547-6523,http://www.nwhealth.org,https://www.facebook.com/nwhealthdepartment,https://twitter.com/nwhealthorg,True,"220 W Garfield Ave Charlevoix, MI 49720-1631"
Huron County Health Department,Huron,Axe,MI,48413,(989) 673-8117,https://www.hchd.us/,,,True,"1142 S Van Dyke Rd Bad Axe, MI 48413-9800"
Ingham County Health Department,Ingham,Mason,MI,48854,(517) 887-4311,https://hd.ingham.org/,https://www.facebook.com/InghamHealth/,https://twitter.com/inghamhealth,True,"121 E Maple ST Mason, MI 48854-1655"
Ionia County Health Department,Ionia,Ionia,MI,48846,(616) 527-5341,https://ioniacounty.org/health/health-department/,,,True,"175 E Adams St Ionia, MI 48846-1672"
Jackson County Health Department,Jackson,Jackson,MI,49202,(517) 788-4420,http://www.co.jackson.mi.us/hd,https://www.facebook.com/Jackson-County-Health-Department-194687840556516/,https://twitter.com/jacksoncohealth,True,"1715 Lansing Ave Ste 221 Jackson, MI 49202-2193"
Kalamazoo County Health and Community Services,Kalamazoo County Health and Community,Kalamazoo,MI,49001,(269) 373-5200,http://www.kalcounty.com/hcs,https://www.facebook.com/Kalamazoo-HCS-445983575601141/,https://twitter.com/KzooHealth,True,"311 E Alcott St Kalamazoo, MI 49001-6169"
Kent County Health Department,Kent,Rapids,MI,49503,(616) 632-7100,https://www.kentcountymi.gov/1422/Health-Department,https://www.facebook.com/kentcountyhealth/?ref=hl,,True,"700 Fuller Ave Ne Grand Rapids, MI 49503-1918"
LMAS District Health Department,LMAS,Newberry,MI,49868,(906) 293-5107,http://www.lmasdhd.org,,,True,"14150 Hamilton Lake Road Newberry, MI 49868"
Lapeer County Health Department,Lapeer,Lapeer,MI,48446,(810) 667-0391,https://www.lapeercountymi.gov/departments/health/index.php,,,True,"1800 Imlay City Rd Lapeer, MI 48446-3208"
Lenawee County Health Department,Lenawee,Adrian,MI,49221,(517) 264-5206,http://www.lenaweehealthdepartment.org,,,True,"1040 S Winter St Ste 2328 Adrian, MI 49221"
Livingston County Health Department,Livingston,Howell,MI,48843,(517) 546-9850,https://milivcounty.gov/health/,https://www.facebook.com/myLCHD/,,True,"2300 E Grand River Ave Ste 102 Howell, MI 48843-7578"
Macomb County Health Department,Macomb,Clemens,MI,48043,(586) 469-5510,https://www.macombgov.org/departments/health-department,,,True,"43525 Elizabeth St Mount Clemens, MI 48043-1034"
Marquette County Health Department,Marquette,Negaunee,MI,49866,(906) 475-9977,http://www.mqthealth.org,,,True,"184 Us Highway 41 E Negaunee, MI 49866-9606"
Mid-Michigan District Health Department,Mid-Michigan,Stanton,MI,48888,(989) 831-3614,http://www.mmdhd.org,https://www.facebook.com/MMDHD,https://twitter.com/MMDHD2,True,"615 N State St Ste 2 Stanton, MI 48888-9702"
Midland County Health Department,Midland,Midland,MI,48640,(989) 837-6574,http://www.co.midland.mi.us/health,,,True,"220 W Ellsworth St Midland, MI 48640-5180"
Monroe County Health Department,Monroe,Monroe,MI,48161,(734) 240-7800,http://www.co.monroe.mi.us/publichealth,,,True,"2353 S Custer Rd Monroe, MI 48161-5047"
Oakland County Health Division,Oakland,Pontiac,MI,48341,(248) 858-1410,http://www.oakgov.com/health/,https://www.facebook.com/publichealthOC/,https://twitter.com/publichealthOC,True,"1200 N Telegraph RD Bldg 34e Pontiac, MI 48341-1032"
Ottawa County Health Department,Ottawa,Holland,MI,49424,(616) 396-5266,http://www.miottawa.org/HealthComm/Health/,,,True,"12251 James St Ste 400 Holland, MI 49424-8943"
Public Health - Delta and Menominee Counties,Public Health - Delta and Menominee Counties,Escanaba,MI,49829,(906) 786-4111,http://www.phdm.org,,,True,"2920 College Ave Escanaba, MI 49829-9597"
Public Health - Muskegon County,Public Health - Muskegon,Muskegon,MI,49442,(231) 724-6246,http://www.muskegonhealth.net,,,True,"1903 Marquette Ave, Suite S101 Muskegon, MI 49442"
Saginaw County Health Department,Saginaw,Saginaw,MI,48602,(989) 758-3800,http://www.saginawpublichealth.org,,,True,"1600 N Michigan Ave Ste 304 Saginaw, MI 48602-5306"
Sanilac County Health Department,Sanilac,Sandusky,MI,48471,(810) 648-4098,http://www.sanilachealth.com,,,True,"171 Dawson St Sandusky, MI 48471-1062"
Sault Tribe Health and Human Services,Sault Tribe,Marie,MI,49783,(906) 632-5200,https://www.saulttribehealth.com/,,,True,"2864 Ashmun St Sault Sainte Marie, MI 49783"
Shiawassee County Health Department,Shiawassee,Corunna,MI,48817,(989) 743-2318,http://health.shiawassee.net,,,True,"149 E Corunna Ave Fl 2Nd Corunna, MI 48817-1448"
St. Clair County Health Department,St. Clair,Huron,MI,48060,(810) 987-5300,https://stclaircounty.org/PageBuilder/scchd/,,,True,"220 Fort ST Port Huron, MI 48060-3850"
Tuscola County Health Department,Tuscola,Caro,MI,48723,(989) 673-8117,http://www.tchd.us,,,True,"1309 Cleaver Rd Ste B Caro, MI 48723-9160"
Van Buren/Cass District Health Department,Van Buren/Cass,Lawrence,MI,49064,(269) 621-3143,http://www.vbcassdhd.org,,,True,"260 South St Lawrence, MI 49064"
Washtenaw County Public Health Department,Washtenaw,Ypsilanti,MI,48198,(734) 544-6700,http://washtenaw.org/health,https://www.facebook.com/wcpublichealth,https://twitter.com/wcpublichealth,True,"555 Towner St Ypsilanti, MI 48198-5723"
Wayne County Health Department,Wayne,Wayne,MI,48184,(313) 224-0810,https://www.waynecounty.com/departments/hhvs/home.aspx,,,True,"33030 Van Born Rd Wayne, MI 48184-2453"
Western U.P. Health Department,Western U.P.,Hancock,MI,49930,(906) 482-7382,https://www.wupdhd.org/,,,True,"540 Depot ST Hancock, MI 49930-2031"
Aitkin County Health and Human Services,Aitkin,Aitkin,MN,56431,218-927-7200,https://www.co.aitkin.mn.us/departments/hhs/public-health/,,,True,"204 1St St Nw Aitkin, MN 56431-1260"
Anoka County Public Health and Environmental Services,Anoka County Public Health and Environmental,Anoka,MN,55303,(763) 324-4224,https://www.anokacountymn.gov/522/Public-Health-and-Environmental-Services,,,True,"2100 3Rd Ave Ste 600 Anoka, MN 55303-5041"
Becker County Human Services,Becker,Lakes,MN,56501,(218) 847-5628 (5415),https://www.co.becker.mn.us/dept/human_services/,,,True,"712 Minnesota Ave Detroit Lakes, MN 56501-3035"
Beltrami County Health and Human Services,Beltrami,Bemidji,MN,56601,(218) 333-8300,https://www.co.beltrami.mn.us/departments/health-human-services/,,,True,"616 America Ave Nw Ste 340 Bemidji, MN 56601-3871"
Benton County Public Health,Benton,Foley,MN,56329,(320) 968-5272,https://www.co.benton.mn.us/323/Public-Health,,,True,"531 Dewey St Foley, MN 56329-8413"
Bloomington Public Health,Bloomington,Minneapolis,MN,55431,(952) 563-8900,http://www.bloomingtonmn.gov/cs/public-health,https://www.facebook.com/blm.mn,https://twitter.com/bloomington_mn,True,"1800 W Old Shakopee RD Minneapolis, MN 55431-3071"
Blue Earth County Public Health,Blue Earth,Mankato,MN,56002,(507) 304-4319,https://www.blueearthcountymn.gov/263/Public-Health,,,True,"PO Box 3526 Mankato, MN 56002-3526"
Brown County Public Health,Brown,Ulm,MN,56073,(507) 233-6812,http://www.co.brown.mn.us/public-health-home,https://www.facebook.com/BCPublicHealth/,,True,"PO BOX 543 New Ulm, MN 56073-0543"
Brown-Nicollet Community Health Services,Brown-Nicollet Community,Peter,MN,56082,(507) 934-7096,https://www.co.nicollet.mn.us/174/Brown-Nicollet-Environmental-Health,,,True,"622 S Front St Saint Peter, MN 56082-2106"
Carlton County Public Health & Human Services,Carlton,Cloquet,MN,55720,(218) 879-4511,https://www.co.carlton.mn.us/277/Public-Health-Human-Services,,,True,"30 N 10th St Ste 220 Cloquet, MN 55720-1634"
Carlton-Cook-Lake-St. Louis Community Health Board,Carlton-Cook-Lake-St. Louis Community,Duluth,MN,55802,(218) 733-9895,https://communityhealthboard.org/,https://www.facebook.com/HealthyNorthland,https://twitter.com/HealthyNorthlan,True,"404 W Superior St Ste 250 Duluth, MN 55802-1570"
Carver County Public Health/HHS,Carver County Public Health/HHS,Chaska,MN,55318,(952) 361-1320,https://www.carvercountymn.gov/departments/health-human-services/public-health,,,True,"600 E 4Th St Chaska, MN 55318-2102"
Cass County Public Health Division,Cass,Walker,MN,56484,(218) 547-6863,https://www.casscountymn.gov/1274/Public-Health-Services,,,True,"PO Box 519 Walker, MN 56484-0519"
Chisago County Health and Human Service Departments,Chisago County Health and Human Service Departments,City,MN,55012,(651) 213-5600,https://www.chisagocountymn.gov/258/Public-Health,,,True,"313 N Main St Rm 239 Center City, MN 55012-9663"
Clay County Public Health,Clay,Moorhead,MN,56560,(218) 299-7186,https://claycountymn.gov/462/Public-Health,,,True,"715 11th ST N Ste 303 Moorhead, MN 56560-2083"
Clearwater County Nursing Service,Clearwater County Nursing,Bagley,MN,56621,(218) 694-6581,https://www.co.clearwater.mn.us/public-health,,,True,"212 Main Ave N Bagley, MN 56621-8313"
Cook County Public Health,Cook,Marais,MN,55604,(218) 387-3620,https://www.co.cook.mn.us/government/departments/public_health_and_human_services/index.php,,,True,"411 W 2Nd St Grand Marais, MN 55604-2307"
Countryside Public Health,Countryside,Benson,MN,56215,(320) 843-4546,https://www.countrysidepublichealth.org/,,,True,"201 13Th St S Benson, MN 56215-1856"
Crow Wing County Health Services,Crow Wing,Brainerd,MN,56401,(218) 824-1170,https://www.crowwing.gov/198/Public-Health,,,True,"204 Laurel St Ste 12 Brainerd, MN 56401-0319"
Dakota County Public Health Department,Dakota,Paul,MN,55118,(952) 891-7149,https://www.co.dakota.mn.us/HealthFamily/HealthServices,,,True,"1 Mendota Rd W Ste 410 West St Paul, MN 55118-4771"
Des Moines Valley Health and Human Services,Des Moines Valley,Jackson,MN,56143,(507) 847-4000,https://www.dvhhs.org/,,,True,"405 4th Street Building 4 Jackson, MN 56143"
Dodge County Public Health,Dodge,Center,MN,55927,(507) 635-6150,https://www.co.dodge.mn.us/departments/public_health.php,,,True,"42 E Main St Dodge Center, MN 55927"
Edina Public Health,Edina,Edina,MN,55435,(952) 826-0370,https://www.edinamn.gov/206/Public-Health-Division,,,True,"4401 W 76th ST Edina, MN 55435-5111"
Fillmore County Public Health,Fillmore,Preston,MN,55965,(507) 765-3898,https://www.co.fillmore.mn.us/departments/community_services/public_health/index.php,,,True,"902 Houston ST NW Ste 2 Preston, MN 55965-1094"
Freeborn County Public Health,Freeborn,Lea,MN,56007,(507) 377-5273,https://www.co.freeborn.mn.us/139/Public-Health,,,True,"PO BOX 1147 Albert Lea, MN 56007-1147"
Goodhue County Health and Human Services,Goodhue,Wing,MN,55066,(651) 385-6115,http://www.co.goodhue.mn.us/HHS,,,True,"426 West Ave Red Wing, MN 55066-2473"
Hennepin County Public Health,Hennepin,Minneapolis,MN,55415,(612) 348-8900,https://www.hennepin.us/publichealth,https://www.facebook.com/healthyhennepin,,True,"525 Portland Ave Minneapolis, MN 55415-1533"
Horizon Public Health,Horizon,Alexandria,MN,56308,320636018,http://horizonphmn.gov,,,True,"809 Elm St Ste 1200 Alexandria, MN 56308-2675"
Houston County Public Health,Houston,Caledonia,MN,55921,(507) 725-5810,https://www.co.houston.mn.us/departments/public-health/,,,True,"611 Vista Dr Ste 1 Caledonia, MN 55921-1189"
Human Services of Faribault and Martin County,Human Services of Faribault and Martin,Fairmont,MN,56031,(507) 238-4757,http://www.fmchs.com,https://www.facebook.com/faribaultmartinchs/,,True,"115 W 1St St Fairmont, MN 56031-4592"
Inter-County Public Health Nursing,Inter-County Public Health Nursing,Falls,MN,56701,(218) 681-0876,https://pennredlakecopublichealth.com/,,,True,"318 Knight Ave N Thief River Falls, MN 56701-1929"
Isanti County Public Health,Isanti,Cambridge,MN,55008,(763) 689-8272,https://www.co.isanti.mn.us/323/Public-Health,,,True,"555 18Th Ave Sw Cambridge, MN 55008-9386"
Itasca County Health and Human Services,Itasca,Rapids,MN,55744,(218) 327-2941,https://www.co.itasca.mn.us/232/Health-Human-Services,,,True,"1209 Se 2Nd Ave Grand Rapids, MN 55744-3982"
Kanabec County Public Health,Kanabec,Mora,MN,55051,(320) 679-6330,https://www.kanabeccounty.org/departments/public_health.php,,,True,"905 Forest Ave E Mora, MN 55051-1632"
Kandiyohi County Public Health,Kandiyohi,Willmar,MN,56201,(320) 231-6215,https://hs.kcmn.us/public_health/index.php,,,True,"2200 23Rd St Ne Ste 1020 Willmar, MN 56201-6611"
Kittson County,Kittson,Hallock,MN,56728,(218) 853-2497,https://kittsonhc.org/,,,True,"410 5th St S Hallock, MN 56728"
Koochiching County Public Health & Human Services,Koochiching,Falls,MN,56649,(218) 283-7000,https://www.co.koochiching.mn.us/161/Public-Health-Human-Services,,,True,"1000 5Th St International Falls, MN 56649-2243"
Lake County Health Department,Lake,Harbors,MN,55616,(218) 834-8400,https://www.co.lake.mn.us/health-and-human-services/,,,True,"616 3Rd Ave Two Harbors, MN 55616-1518"
LakeWood Nursing Service,LakeWood Nursing,Baudette,MN,56623,(218) 634-1795,https://chilakewoodhealth.com/,,,True,"600 Main Ave S Baudette, MN 56623-2855"
Le Sueur County Public Health,Le Sueur,Center,MN,56057,(507) 357-8246,https://www.lesueurcounty.gov/673/Public-Health,https://www.facebook.com/profile.php?id=100063486101741,,True,"130 S. Park Ave. Le Center, MN 56057-1658"
LifeCare Public Health,LifeCare,Roseau,MN,56751,(218) 242-4709,https://lifecaremedicalcenter.org/public-health/,,,True,"715 Delmore Dr Roseau, MN 56751-1534"
Lower Sioux Health Care Center,Lower Sioux Health Care,Morton,MN,56270,(507) 697-8600,https://lowersiouxhhs.org/,,,True,"39648 Res. Highway 3 Morton, MN 56270"
McLeod County Health and Human Services,McLeod,Glencoe,MN,55336,(320) 864-3144,https://www.mcleodcountymn.gov/departments/health___human_services/index.php,,,True,"520 Chandler Ave N Glencoe, MN 55336-2823"
Meeker County Public Health Department,Meeker,Litchfield,MN,55355,(320) 693-5370,https://www.co.meeker.mn.us/239/Health-and-Human-Services,,,True,"114 N Holcombe Ave Ste 250 Litchfield, MN 55355-2351"
Meeker-McLeod-Sibley Community Health Services Board,Meeker-McLeod-Sibley Community,Litchfield,MN,55355,(320) 510-1319,https://mmspublichealth.org/,,,True,"114 N Holcombe Ave Ste 250 Litchfield, MN 55355-2351"
Mille Lacs County Community Health,Mille Lacs County Community,Milaca,MN,56353,(320) 983-8373,https://www.millelacs.mn.gov/1209/Community-Health,,,True,"525 2nd ST SE Milaca, MN 56353-1303"
Minneapolis Health Department,Minneapolis,Minneapolis,MN,55415,(612) 673-2301,http://www.ci.minneapolis.mn.us/dhfs,,,True,"505 4th Ave S RM 520 Minneapolis, MN 55415-1345"
Morrison County Public Health,Morrison,Falls,MN,56345,(320) 632-0247,https://www.co.morrison.mn.us/192/Public-Health,,,True,"200 E Broadway Little Falls, MN 56345-3138"
Morrison-Todd-Wadena Community Health Board,Morrison-Todd-Wadena Community,Wadena,MN,56482,(218) 631-7629,http://www.co.wadena.mn.us/212/Public-Health,,,True,"22 Dayton Ave SE Wadena, MN 56482-1526"
Mower County Health and Human Services,Mower,Austin,MN,55912,(507) 437-9701,https://www.co.mower.mn.us/220/Public-Health,,,True,"201 1St St Ne Ste 18 Austin, MN 55912-3992"
Nicollet County Health and Human Services,Nicollet,Peter,MN,56082,(507) 934-8559,https://www.co.nicollet.mn.us/187/Health-Human-Services,,,True,"622 S Front St Saint Peter, MN 56082-2106"
Nobles County Community Services,Nobles County Community,Worthington,MN,56187,(507) 295-5200,https://www.co.nobles.mn.us/departments/community-services/public-health/,,,True,"315 10th ST Worthington, MN 56187-2315"
Norman-Mahnomen Public Health,Norman-Mahnomen,Ada,MN,56510,(218) 784-5425,https://www.co.norman.mn.us/departments/public_health/index.php,,,True,"12 3rd Ave E Ada, MN 56510-1321"
North Country Community Health Board,North Country Community,Bagley,MN,56621,(218) 694-6581,http://www.ncchb.org,,,True,"212 Main Ave N Bagley, MN 56621-8313"
North Valley Public Health,North Valley,Warren,MN,56762,(218) 745-5154,https://www.northvalleyhealth.org/public-health,,,True,"115 South Main, Suite 1 Warren, MN 56762-1428"
Olmsted County Public Health Services,Olmsted,Rochester,MN,55904,(507) 328-7500,https://www.olmstedcounty.gov/government/county-departments/public-health-services,,,True,"2100 Campus Dr Se Rochester, MN 55904-4831"
Otter Tail County Public Health,Otter Tail,Falls,MN,56537,(218) 998-8320,https://ottertailcountymn.us/department/public-health/,,,True,"560 W Fir Ave Fergus Falls, MN 56537-1364"
Pine County Public Health,Pine,City,MN,55063,(320) 591-1570,https://www.co.pine.mn.us/departments/health_and_human_services/index.php,,,True,"635 Northridge DR NW Ste 220 Pine City, MN 55063-5984"
Polk County Public Health,Polk,Crookston,MN,56716,(218) 281-3385,http://www.co.polk.mn.us/191/Public-Health,,,True,"816 Marin Avenue Suite 125 Crookston, MN 56716-1867"
Quin County Community Health,Quin County Community,Falls,MN,56701,(218) 874-7845,http://www.co.marshall.mn.us/departments/community_health_services/index.php,,,True,"1101 Highway 1 E Thief River Falls, MN 56701-2528"
Red Lake Comprehensive Health Services,Red Lake Comprehensive,Lake,MN,56671,(218) 679-3316,https://www.redlakenation.org/comprehensive-health/,,,True,"PO Box 249 Red Lake, MN 56671-0249"
Renville County Public Health,Renville,Olivia,MN,56277,(320) 523-2570,https://www.renvillecountymn.gov/departments/public_health/index.php,,,True,"105 S 5Th St Ste 119H Olivia, MN 56277-1375"
Rice County Community Health,Rice County Community,Faribault,MN,55021,(507) 323-5093,https://www.ricecountymn.gov/256/Public-Health,,,True,"320 3rd ST NW Faribault, MN 55021-5195"
Scott County Public Health,Scott,Shakopee,MN,55379,(952) 496-8555,https://www.scottcountymn.gov/336/Public-Health,,,True,"200 4th Ave W Shakopee, MN 55379-4426"
Sherburne County Health & Human Services,Sherburne,River,MN,55330,(320) 241-6133,https://www.co.sherburne.mn.us/1365/Health-Human-Services,,,True,"13880 Business Center Dr Nw Elk River, MN 55330-1692"
Sibley County Public Health,Sibley,Gaylord,MN,55334,(507) 237-4000,https://www.sibleycounty.gov/339/Public-Health,,,True,"PO BOX 237 Gaylord, MN 55334-0166"
Southwest Health and Human Services,Southwest,Marshall,MN,56258,(507) 532-4136,http://swmhhs.com,,,True,"607 W Main St Ste 200 Marshall, MN 56258"
St. Joseph's Area Health Services,St. Joseph's Area,Rapids,MN,56470,(218) 237-5471,https://chisjh.org/,,,True,"323 Main Ave S Park Rapids, MN 56470-5427"
St. Louis County Public Health,St. Louis,Duluth,MN,55802,(218) 625-3600,https://www.stlouiscountymn.gov/departments-a-z/public-health-human-services,,,True,"320 W 2Nd St Ste 7W Duluth, MN 55802-1404"
St. Paul - Ramsey County Public Health,St. Paul - Ramsey,Paul,MN,55107,(651) 266-2400,https://www.ramseycounty.us/your-government/departments/health-and-wellness/public-health,,,True,"90 Plato Blvd W Ste 200 Saint Paul, MN 55107-2004"
Stearns County Public Health Division,Stearns,Cloud,MN,56302,(320) 656-6000,https://www.stearnscountymn.gov/1191/Public-Health,,,True,"705 Courthouse Sq Saint Cloud, MN 56302"
Steele County Public Health,Steele,Owatonna,MN,55060,(507) 444-7650,https://www.steelecountymn.gov/public_health/index.php,,,True,"635 Florence Ave Owatonna, MN 55060-4700"
Todd County Health & Human Services - Public Health,Todd County Health & Human Services -,Prairie,MN,56347,(320) 732-4500,https://www.co.todd.mn.us/divisions/health-human/,,,True,"212 2Nd Ave S Long Prairie, MN 56347-1608"
Wabasha County Public Health,Wabasha,Wabasha,MN,55981,(651) 565-5200,https://www.co.wabasha.mn.us/departments/public_health/index.php,,,True,"411 Hiawatha DR E Wabasha, MN 55981-1573"
Wadena County Public Health,Wadena,Wadena,MN,56482,(218) 631-7629,http://www.co.wadena.mn.us/212/Public-Health,,,True,"22 Dayton Ave SE Wadena, MN 56482-1526"
Waseca County Public Health Services,Waseca,Waseca,MN,56093,(507) 835-0685,https://www.wasecacounty.gov/130/Public-Health,,,True,"1000 Elm Ave W Waseca, MN 56093"
Washington County Department of Public Health and Environment,Washington County Department of Public Health and Environment,Stillwater,MN,55082,(651) 430-6655,https://www.washingtoncountymn.gov/471/Public-Health-and-Environment,,,True,"14949 62Nd St N Stillwater, MN 55082-6132"
Watonwan County Community Health Services,Watonwan County Community,James,MN,56081,(507) 375-7864,https://www.co.watonwan.mn.us/163/Public-Health,,,True,"PO Box 31 Saint James, MN 56081-1740"
White Earth Nation Tribal Health,White Earth Nation Tribal,Earth,MN,56591,(218) 983-3286,http://www.wen-tribalpublichealth.com/,,,True,"PO Box 496 White Earth, MN 56591"
Wilkin County Health and Human Services,Wilkin,Breckenridge,MN,56520,(218) 643-7122,https://wilkincounty.gov/publichealth,,,True,"PO Box 369 Breckenridge, MN 56520-0369"
Winona County Department Of Health & Human Services,Winona,Winona,MN,55987,(507) 457-6500,,,,True,"202 W 3rd ST Winona, MN 55987-3146"
Wright County Health & Human Services,Wright,Buffalo,MN,55313,(763) 682-7404,https://www.co.wright.mn.us/217/Health-Human-Services,https://www.facebook.com/WrightCoMN/,https://twitter.com/wrightcountymn,True,"3650 Braddock Ave NE Ste 2100 Buffalo, MN 55313-3675"
Adams County Health Department,Adams,Natchez,MS,39120,(601) 584-4174,,,,True,"415 Highway 61 N Natchez, MS 39120-4295"
Alcorn County Health Department,Alcorn,Corinth,MS,38834,(662) 841-9015,,,,True,"3706 Jo Ann Dr Corinth, MS 38834-9062"
Amite County Health Department,Amite,Liberty,MS,39645,(601) 584-4174,,,,True,"1000 Irene ST Liberty, MS 39645-5193"
Attala County Health Department,Attala,Kosciusko,MS,39090,(601) 981-2304,,,,True,"999 Dr Martin Luther King Jr Dr Kosciusko, MS 39090-3021"
Benton County Health Department,Benton,Ashland,MS,38603,(662) 841-9015,,,,True,"105 4Th St Ashland, MS 38603-7074"
Bolivar County Health Department,Bolivar,Cleveland,MS,38732,(601) 576-7634,,,,True,"711 3Rd St Cleveland, MS 38732-2315"
Calhoun County Health Department,Calhoun,Pittsboro,MS,38951,(662) 841-9015,,,,True,"235 S Murphree St Pittsboro, MS 38951-9779"
Carroll County Health Department,Carroll,Carrollton,MS,38947,(662) 841-9015,,,,True,"7225 MS Highway 17 North Carrollton, MS 38947"
Central Public Health Region,Central,Jackson,MS,39206,(601) 981-2304,,,,True,"4800 Mcwillie Cir Jackson, MS 39206-5024"
Chickasaw County Health Department,Chickasaw,Houston,MS,38851,(662) 841-9015,,,,True,"332 N Jefferson St Houston, MS 38851-2203"
Choctaw County Health Department,Choctaw,Ackerman,MS,39735,(662) 841-9015,,,,True,"123 Chester St Ackerman, MS 39735-9136"
Claiborne County Health Department,Claiborne,Gibson,MS,39150,(601) 981-2304,,,,True,"902 Market ST Port Gibson, MS 39150-2336"
Clarke County Health Department,Clarke,Quitman,MS,39355,(601) 981-2304,,,,True,"426 W Donald St Quitman, MS 39355-2000"
Clay County Health Department,Clay,Point,MS,39773,(662) 841-9015,,,,True,"138 S Division St West Point, MS 39773"
Coahoma County Health Department,Coahoma,Clarksdale,MS,38614,(601) 576-7634,,,,True,"1850 Cheryl St Clarksdale, MS 38614-7219"
Copiah County Health Department,Copiah,Hazlehurst,MS,39083,(601) 894-2271,,,,True,"640 Georgetown St Hazlehurst, MS 39083-2501"
Covington County Health Department,Covington,Collins,MS,39428,(601) 584-4174,,,,True,"600 S Arrington Ave Collins, MS 39428-4159"
DeSoto County Health Department,DeSoto,Hernando,MS,38632,(662) 841-9015,,,,True,"3212 Highway 51 S # A Hernando, MS 38632-2725"
Forrest County Health Department,Forrest,Hattiesburg,MS,39401,(601) 584-4174,,,,True,"5008 Old Highway 42 Hattiesburg, MS 39401-2976"
Franklin County Health Department,Franklin,Bude,MS,39630,(601) 584-4174,,,,True,"140 W Mill Rd Bude, MS 39630"
George County Health Department,George,Lucedale,MS,39452,(601) 584-4174,,,,True,"166 West Ratliff St Lucedale, MS 39452-5712"
Greene County Health Department,Greene,Leakesville,MS,39451,(601) 584-4174,,,,True,"1799 S Davis St Leakesville, MS 39451-6524"
Grenada County Health Department,Grenada,Grenada,MS,38901,(662) 841-9015,,,,True,"1240 Fairground Rd Ste A Grenada, MS 38901-4516"
Hancock County Health Department,Hancock,Louis,MS,39520,(601) 584-4174,,,,True,"856 Highway 90 Bay St Louis, MS 39520-2736"
Harrison County Health Department,Harrison,Gulfport,MS,39501,(601) 584-4174,,,,True,"1102 45Th Ave Gulfport, MS 39501-2504"
Hinds County Health Department,Hinds,Jackson,MS,39213,(601) 981-2304,,,,True,"350 W Woodrow Wilson Ave Ste 411 Jackson, MS 39213-7681"
Holmes County Health Department,Holmes,Lexington,MS,39095,(601) 576-7634,,,,True,"22545 Depot ST Lexington, MS 39095-7339"
Humphreys County Health Department,Humphreys,Belzoni,MS,39038,(601) 576-7634,,,,True,"16463 US Highway 49 # B Belzoni, MS 39038-4292"
Itawamba County Health Department,Itawamba,Fulton,MS,38843,(662) 862-3710,,,,True,"110 Crane St Fulton, MS 38843-1713"
Jackson County Health Department,Jackson,Pascagoula,MS,39581,(601) 584-4174,,,,True,"4600 LT Eugene J Majure DR Pascagoula, MS 39581-5303"
Jasper County Health Department,Jasper,Springs,MS,39422,(601) 981-2304,,,,True,"2761 Highway 15 Bay Springs, MS 39422-7432"
Jefferson County Health Department,Jefferson,Fayette,MS,39069,(601) 584-4174,,,,True,"700 Main St Fayette, MS 39069-5698"
Jefferson Davis County Health Department,Jefferson Davis,Prentiss,MS,39474,(601) 584-4174,,,,True,"1185A N Frontage Rd Prentiss, MS 39474-9302"
Jones County Health Department,Jones,Ellisville,MS,39440,(601) 584-4174,,,,True,"5168 Old Highway 11 Ellisville, MS 39440"
Kemper County Health Department,Kemper,Kalb,MS,39328,(601) 981-2304,,,,True,"14431 Highway 16 W De Kalb, MS 39328-7915"
Lafayette County Health Department,Lafayette,Oxford,MS,38655,(662) 841-9015,,,,True,"72 FD Buddy East Pkwy Ste 100 Oxford, MS 38655-1964"
Lamar County Health Department,Lamar,Purvis,MS,39475,(601) 584-4174,,,,True,"207 Main St Purvis, MS 39475-5439"
Lauderdale County Health Department,Lauderdale,Meridian,MS,39307,(601) 981-2304,,,,True,"5224 Vally ST Meridian, MS 39307-6271"
Lawrence County Health Department,Lawrence,Monticello,MS,39654,(601) 584-4174,,,,True,"1230 Nola Rd Monticello, MS 39654-8512"
Leake County Health Department,Leake,Carthage,MS,39051,(601) 981-2304,,,,True,"300 C O Brooks St Carthage, MS 39051"
Lee County Health Department,Lee,Tupelo,MS,38804,(662) 841-9015,,,,True,"532 S Church ST Tupelo, MS 38804-4708"
Leflore County Health Department,Leflore,Greenwood,MS,38930,(601) 576-7634,,,,True,"2600 Browning Road 520 Greenwood, MS 38930-6063"
Lincoln County Health Department,Lincoln,Brookhaven,MS,39601,(601) 584-4174,,,,True,"1212 Northpark Ln Ne Brookhaven, MS 39601-2180"
Lowndes County Health Department,Lowndes,Columbus,MS,39702,(662) 841-9015,,,,True,"801 N Lehmberg RD Columbus, MS 39702-3133"
Madison County Health Department,Madison,Canton,MS,39046,(601) 981-2304,,,,True,"309 N Hickory St Canton, MS 39046"
Marion County Health Department,Marion,Columbia,MS,39429,(601) 584-4174,,,,True,"908 Sumrall Rd Columbia, MS 39429-2652"
Marshall County Health Department,Marshall,Springs,MS,38635,(662) 841-9015,,,,True,"225 S Market St Holly Springs, MS 38635-3028"
Monroe County Health Department,Monroe,Amory,MS,38821,(662) 841-9015,,,,True,"1300 Highway 125 S Amory, MS 38821-1167"
Montgomery County Health Department,Montgomery,Winona,MS,38967,(662) 841-9015,,,,True,"707 Alberta Dr Winona, MS 38967-1538"
Neshoba County Health Department,Neshoba,Philadelphia,MS,39350,(601) 981-2304,,,,True,"1014 Holland Ave Philadelphia, MS 39350-2160"
Newton County Health Department,Newton,Decatur,MS,39327,(601) 981-2304,,,,True,"15776 Highway 15 Decatur, MS 39327-7214"
Northern Public Health Region,Northern,Tupelo,MS,38804,(662) 841-9015,,,,True,"532 S Church St Tupelo, MS 38804-4708"
Noxubee County Health Department,Noxubee,Macon,MS,39341,(662) 841-9015,,,,True,"5931 Pearl ST Macon, MS 39341-2380"
Oktibbeha County Health Department,Oktibbeha,Starkville,MS,39759,(662) 841-9015,,,,True,"203 Yeates St Starkville, MS 39759-3245"
Panola County Health Department,Panola,Batesville,MS,38606,(662) 841-9015,,,,True,"381 Highway 51 S Batesville, MS 38606-2550"
Pearl River County Health Department,Pearl River,Carriere,MS,39426,(601) 584-4174,,,,True,"7547 Highway 11 Carriere, MS 39426-8904"
Perry County Health Department,Perry,Augusta,MS,39462,(601) 584-4174,,,,True,"102 MAIN STREET New Augusta, MS 39462-0126"
Pike County Health Department,Pike,Mccomb,MS,39648,(601) 584-4174,,,,True,"114 E Presley Blvd Mccomb, MS 39648-5908"
Pontotoc County Health Department,Pontotoc,Pontotoc,MS,38863,(662) 841-9015,,,,True,"341 Ridge Dr Pontotoc, MS 38863-1214"
Prentiss County Health Department,Prentiss,Booneville,MS,38829,(662) 841-9015,,,,True,"615 E Parker Dr Booneville, MS 38829-5519"
Quitman County Health Department,Quitman,Marks,MS,38646,(601) 576-7634,,,,True,"411 Poplar ST Marks, MS 38646-1338"
Rankin County Health Department,Rankin,Pearl,MS,39208,(601) 981-2304,,,,True,"401 Parkway Dr Pearl, MS 39208-4516"
Scott County Health Department,Scott,Forest,MS,39074,(601) 981-2304,,,,True,"1123 Highway 35 S Forest, MS 39074-8829"
Sharkey/Issaquena County Health Department,Sharkey/Issaquena,Fork,MS,39159,(601) 576-7634,,,,True,"297 W Race St Rolling Fork, MS 39159-2621"
Simpson County Health Department,Simpson,Mendenhall,MS,39114,(601) 981-2304,,,,True,"2789 Simpson Highway 49 Mendenhall, MS 39114-5420"
Smith County Health Department,Smith,Raleigh,MS,39153,(601) 981-2304,,,,True,"352 Magnolia Dr Raleigh, MS 39153-6034"
Southern Public Health Region,Southern,Hattiesburg,MS,39401,(601) 584-4174,,,,True,"208 W Pine ST Ste 100 Hattiesburg, MS 39401-3865"
Stone County Health Department,Stone,Wiggins,MS,39577,(601) 584-4174,,,,True,"1510 Central Ave E Wiggins, MS 39577-9633"
Sunflower County Health Department,Sunflower,Ruleville,MS,38771,(601) 576-7634,,,,True,"110 E Floyce ST Ruleville, MS 38771-3916"
Tallahatchie County Health Department,Tallahatchie,Charleston,MS,38921,(601) 576-7634,,,,True,"216 S Pleasant St Charleston, MS 38921"
Tate County Health Department,Tate,Senatobia,MS,38668,(662) 841-9015,,,,True,"100 Preston Mckay Dr Senatobia, MS 38668-2350"
Tippah County Health Department,Tippah,Ripley,MS,38663,(662) 841-9015,,,,True,"129 Hospital St Ripley, MS 38663-1337"
Tishomingo County Health Department,Tishomingo,Iuka,MS,38852,(662) 841-9015,http://www.healthyms.com,,,True,"1508 Bettydale Dr Iuka, MS 38852-1111"
Tunica County Health Department,Tunica,Tunica,MS,38676,(601) 576-7634,,,,True,"5217 Old Mhoon Landing Road Tunica, MS 38676"
Union County Health Department,Union,Albany,MS,38652,(662) 841-9015,,,,True,"252 Carter Ave New Albany, MS 38652-3321"
Walthall County Health Department,Walthall,Tylertown,MS,39667,(601) 584-4174,,,,True,"903 Union Rd Tylertown, MS 39667-2258"
Warren County Health Department,Warren,Vicksburg,MS,39183,(601) 981-2304,,,,True,"807 Monroe St Vicksburg, MS 39183-2529"
Washington County Health Department,Washington,Greenville,MS,38703,(601) 576-7634,,,,True,"1633 Hospital St Greenville, MS 38703-3222"
Wayne County Health Department,Wayne,Waynesboro,MS,39367,(601) 584-4174,,,,True,"1100A Cedar St Waynesboro, MS 39367-2417"
Webster County Health Department,Webster,Eupora,MS,39744,(662) 258-3761,,,,True,"57 Government Ave Eupora, MS 39744-2407"
Wilkinson County Health Department,Wilkinson,Woodville,MS,39669,(601) 584-4174,,,,True,"991 1St South St Woodville, MS 39669-4509"
Winston County Health Department,Winston,Louisville,MS,39339,(662) 841-9015,,,,True,"95 Vance ST Louisville, MS 39339-3140"
Yalobusha County Health Department,Yalobusha,Valley,MS,38965,(662) 841-9015,,,,True,"645 S Main ST Water Valley, MS 38965-3469"
Yazoo County Health Department,Yazoo,City,MS,39194,(601) 576-7634,,,,True,"230 E Broadway St Yazoo City, MS 39194-4547"
Adair County Health Department,Adair,Kirksville,MO,63501,(660) 665-8491,http://adair.lphamo.org,https://www.facebook.com/Adair-County-Health-Department-358830512380/,,True,"1001 South Jamison St Kirksville, MO 63501-3986"
Andrew County Health Department,Andrew,Savannah,MO,64485,(816) 324-3139,http://www.andrewcountyhealth.com/,https://www.facebook.com/Andrew-County-Health-Department-347607032053194/,,True,"PO BOX 271 Savannah, MO 64485-0271"
Atchison County Health Department,Atchison,Tarkio,MO,64491,(660) 736-4121,https://atcomopublichealth.org/,,,True,"521 Main Tarkio, MO 64491-1544"
Audrain County Health Department,Audrain,Mexico,MO,65265,(573) 581-1332,http://www.audraincountyhealth.org/,,,True,"1130 S. Elmwood Drive Mexico, MO 65265"
Barry County Health Department,Barry,Cassville,MO,65625,(417) 847-2114,https://www.barrycountyhealth.com/,https://www.facebook.com/Barry-County-Health-Department-555201981614176/,,True,"PO Box 207 Cassville, MO 65625-0207"
Barton County Health Department,Barton,Lamar,MO,64759,(417) 682-3363,https://bartonmohealth.gov/,,,True,"1301 East 12th Street Lamar, MO 64759-2182"
Bates County Health Center,Bates,Butler,MO,64730,(660) 679-6108,http://www.batescountyhealthcenter.org,,,True,"PO BOX 178 Butler, MO 64730-1325"
Benton County Health Department,Benton,Warsaw,MO,65355,(660) 438-2876,https://www.bentonhealth.org/,,,True,"PO BOX 935 Warsaw, MO 65355-3157"
Bollinger County Health Department,Bollinger,Hill,MO,63764,(573) 238-2817,http://bollingercountyhealth.org,,,True,"PO Box 409 Marble Hill, MO 63764-0409"
Butler County Health Department,Butler,Bluff,MO,63901,(573) 785-8478,http://www.butlercountyhealth.org,,,True,"1619 North Main Street Poplar Bluff, MO 63901-3445"
Caldwell County Health Department,Caldwell,Kingston,MO,64650,(816) 586-2311,http://www.caldwellcountyhealth.com,,,True,"P.O. Box 66 Kingston, MO 64650-9171"
Callaway County Health Department,Callaway,Fulton,MO,65251,(573) 642-6881,https://callawaycountyhealth.org/,https://www.facebook.com/callawaycountyhd,,True,"4950 County Road 304 Fulton, MO 65251-5422"
Camden County Health Department,Camden,Camdenton,MO,65020,(573) 346-5479,http://camdencountyhealth.org,,,True,"PO BOX 816 Camdenton, MO 65020-0816"
Cape Girardeau County Public Health Center,Cape Girardeau,Girardeau,MO,63702,(573) 335-7846 (122),http://www.cgcohealthdept.com,https://www.facebook.com/CapeGirardeauCountyPublicHealthCenter/,,True,"PO BOX 1839 Cape Girardeau, MO 63702-7708"
Carroll County Health Department,Carroll,Carrollton,MO,64633,(660) 542-3247,http://www.carrollcohealth.com,,,True,"5 N Ely Carrollton, MO 64633-1309"
Carter County Health Center,Carter,Buren,MO,63965,(573) 323-4413,http://www.cartercountyhealth.org,,,True,"PO BOX 70 Van Buren, MO 63965-0070"
Cass County Health Department,Cass,Harrisonville,MO,64701,(816) 380-8425,https://casscounty.com/2158/Health-Department,https://www.facebook.com/CassHealthDepartment,https://twitter.com/CassHealthDept,True,"1411 S Commercial ST Harrisonville, MO 64701-3001"
Cedar County Health Department,Cedar,Springs,MO,64744,(417) 876-5477,https://cedarcountymo.gov/health-department,,,True,"1317 South Highway 32, Suite B El Dorado Springs, MO 64744-2302"
Chariton County Health Center,Chariton,Keytesville,MO,65261,(660) 288-3675,http://charitonhealth.org/,,,True,"206 State St Keytesville, MO 65261-1163"
Christian County Health Department,Christian,Ozark,MO,65721,(417) 581-7285,https://www.christiancountymohealth.gov/,,,True,"P.O. Box 340 Ozark, MO 65721-6682"
City of St. Joseph Health Department,City of St. Joseph,Joseph,MO,64503,(816) 271-4636,https://www.stjosephmo.gov/221/Health-Department,https://www.facebook.com/StJosephHealthDepartment/,https://twitter.com/citystjoemo,True,"904 S 10Th St Saint Joseph, MO 64503-1666"
City of St. Louis Department of Health,City of St. Louis,Louis,MO,63178,(314) 612-5100,https://www.stlouis-mo.gov/government/departments/health/index.cfm,https://www.facebook.com/CityofSTLDOH,https://twitter.com/CityofSTLDOH,True,"1520 Market Street, Room 4051 Saint Louis, MO 63178-2620"
Clark County Health Department,Clark,Kahoka,MO,63445,(660) 727-2356,http://www.clarkcountyhd.org,,,True,"PO BOX 12 Kahoka, MO 63445-1430"
Clay County Public Health Center,Clay,Liberty,MO,64068,(816) 595-4200,http://www.clayhealth.com,https://www.facebook.com/ClayCountyPublicHealth/,https://twitter.com/claymohealth,True,"800 Haines Drive Liberty, MO 64068-1006"
Clinton County Health Department,Clinton,Plattsburg,MO,64477,(816) 539-2144,http://clintoncohealth.org,,,True,"106 Bush Street Plattsburg, MO 64477-1779"
Cole County Health Department,Cole,City,MO,65109,(573) 636-2181 (3103),http://www.colehealth.org,,,True,"3400 W Truman Blvd Jefferson City, MO 65109-1471"
Columbia-Boone County Department of Public Health and Human Services,Columbia-Boone,Columbia,MO,65205,(573) 874-7355,http://www.como.gov/health,,,True,"P.O. Box 6015 Columbia, MO 65205"
Cooper County Public Health Center,Cooper,Boonville,MO,65233,(660) 882-2626,http://www.coopercountypublichealth.com,,,True,"17040 Klinton Dr Boonville, MO 65233-3542"
Crawford County Nursing Service/Health Department,Crawford County Nursing Service/Health,Steelville,MO,65565,(573) 775-2555,https://npin.cdc.gov/organization/crawford-county-health-department-0,,,True,"P.O. Box 367 Steelville, MO 65565-5169"
Dade County Health Department,Dade,Greenfield,MO,65661,(417) 637-2345,https://www.dadecountyhealthdept.com/,,,True,"413 W Water Street Greenfield, MO 65661-1353"
Dallas County Health Department,Dallas,Buffalo,MO,65622,(417) 345-2332,http://www.dallascountyhealth.com,,,True,"PO BOX 199 Buffalo, MO 65622-8679"
Daviess County Health Department,Daviess,Gallatin,MO,64640,(660) 663-2414,http://daviesshealthonline.com,https://www.facebook.com/DaviessCountyHD/,,True,"609A S Main St Gallatin, MO 64640-1447"
Dent County Health Center,Dent,Salem,MO,65560,(573) 729-3106,https://www.dentcountyhealthcenter.com/,https://www.facebook.com/DentCountyHealthCtr/,,True,"1010 E. Scenic Rivers Blvd. Salem, MO 65560-2132"
Douglas County Health Department,Douglas,Ava,MO,65608,(417) 683-4174,http://www.dchd.org,,,True,"PO BOX 940 Ava, MO 65608-0940"
Dunklin County Health Department,Dunklin,Kennett,MO,63857,(573) 888-9008,http://dunklincountyhealth.com,,,True,"402 Recovery Road Kennett, MO 63857"
Franklin County Department of Health,Franklin,Union,MO,63084,(636) 583-7300,https://www.franklinmo.gov/health,,,True,"414 East Main Street Union, MO 63084-1624"
Gasconade County Health Department,Gasconade,Hermann,MO,65041,(573) 486-3129,http://www.gasconadecountyhealth.com,,,True,"1714 Wein ST Hermann, MO 65041-1571"
Grundy County Health Department,Grundy,Trenton,MO,64683,(660) 359-4196,http://www.grundycountyhealth.org,,,True,"1716 Lincoln St Trenton, MO 64683-1584"
Harrison County Health Department,Harrison,Bethany,MO,64424,(660) 425-6324,http://www.harrisoncountyhealthdept.org,,,True,"1700 Bethany Ave. Bethany, MO 64424"
Henry County Health Center,Henry,Clinton,MO,64735,(660) 885-8193,http://henrycohealth.org/,,,True,"111 N 3rd ST Clinton, MO 64735-1554"
Hickory County Health Department,Hickory,Hermitage,MO,65668,(417) 745-2138,http://www.hickorycountyhealth.org,https://www.facebook.com/HickoryCountyHealthDepartment/,,True,"P.O. Box 21 Hermitage, MO 65668-9218"
Holt County Health Department,Holt,Oregon,MO,64473,(660) 446-2909,https://holtcounty.org/county-offices/health-department/,,,True,"P.O. Box 438 Oregon, MO 64473-4335"
Howard County Health Department,Howard,Fayette,MO,65248,(660) 248-3100,http://www.howardcountypublichealthdepartment.com,https://www.facebook.com/HowardCountyPublicHealth/,,True,"600 W Davis Street Fayette, MO 65248-1075"
Howell County Health Department,Howell,Plains,MO,65775,(417) 256-7078,https://howellcountyhealth.com/,https://www.facebook.com/Howell-County-Health-Department-170310842983730/,,True,"180 S Kentucky St West Plains, MO 65775-2082"
Independence City Health Department,Independence,Independence,MO,64057,(816) 325-7803,https://www.independencemo.gov/government/city-departments/health,,,True,"20201 E Jackson DR Independence, MO 64057-1569"
Iron County Health Department,Iron,Ironton,MO,63650,(573) 546-7121,https://health.mo.gov/living/lpha/profiles/Iron.pdf,https://www.facebook.com/IronCoHealthDept/,,True,"606 West Russell Ironton, MO 63650-1323"
Jackson County Public Health,Jackson,Summit,MO,64064,(816) 404-6415,https://jcph.org/,,,True,"3651 NE Ralph Powell RD Lees Summit, MO 64064-2357"
Jasper County Health Department,Jasper,Carthage,MO,64836,(417) 358-3111,https://www.jaspercountymo.gov/health-department,,,True,"105 Lincoln St Carthage, MO 64836-1512"
Jefferson County Health Department,Jefferson,Hillsboro,MO,63050,(636) 797-3737,http://www.jeffcohealth.org,,,True,"P.O. Box 437 Hillsboro, MO 63050-4351"
Johnson County Community Health Services,Johnson County Community,Warrensburg,MO,64093,(660) 747-6121,http://johnsoncountyhealth.org,,,True,"723 PCA Road Warrensburg, MO 64093-7913"
Joplin City Health Department,Joplin,Joplin,MO,64801,(417) 623-6122,https://www.joplinmo.org/157/Health-Department,,,True,"321 E 4Th St Joplin, MO 64801-2208"
Kansas City Health Department,Kansas,City,MO,64108,(816) 513-6239,http://www.kcmo.gov/health,,,True,"2400 Troost Ave Kansas City, MO 64108-2854"
Knox County Health Department,Knox,Edina,MO,63537,(660) 397-3396,https://knoxcountyhealthdepartment.com/,,,True,"102 W Monticello Edina, MO 63537"
Laclede County Health Department,Laclede,Lebanon,MO,65536,(417) 532-2135,http://www.lacledecountyhealth.com,,,True,"405 Harwood Ave Lebanon, MO 65536-2319"
Lafayette County Health Department,Lafayette,Lexington,MO,64067,(660) 259-4371,http://www.lafayettecountyhealth.org/,,,True,"547 S Business Highway 13 Lexington, MO 64067-1437"
Lawrence County Health Department,Lawrence,Vernon,MO,65712,(417) 466-2201,http://lawrencecohealth.com,,,True,"1549 Missouri Dr Mount Vernon, MO 65712"
Lewis County Home Health Agency,Lewis County Home,Monticello,MO,63457,(573) 767-5312,,,,True,"101 State Highway A Monticello, MO 63457-0096"
Lincoln County Health Department,Lincoln,Troy,MO,63379,(636) 528-6117,http://www.lchdmo.org,,,True,"5 Health Department Dr Troy, MO 63379-4551"
Linn County Health Center,Linn,Brookfield,MO,64628,(660) 258-7251,http://www.linncohealth.org,,,True,"635 South Main Brookfield, MO 64628-2340"
Livingston County Health Center,Livingston,Chillicothe,MO,64601,(660) 646-5506,http://www.livcohealthcenter.com,,,True,"800 Adam Drive Chillicothe, MO 64601-3900"
Macon County Health Department,Macon,Macon,MO,63552,(660) 395-4711,http://www.maconmohealth.org,,,True,"503 N Missouri St Macon, MO 63552-1751"
Madison County Health Department,Madison,Fredericktown,MO,63645,(573) 783-2747,https://www.madisoncountymohealth.com,,,True,"105 Armory Street Fredericktown, MO 63645-1308"
Marion County Health Department,Marion,Hannibal,MO,63401,(573) 221-1166,https://marioncountyhd.org/,,,True,"3105 Palmyra Rd Hannibal, MO 63401"
McDonald County Health Department,McDonald,Pineville,MO,64856,(417) 223-4351,http://mcdonaldcountyhealth.com/,,,True,"500 Olin Street Pineville, MO 64856-0366"
Mercer County Health Department,Mercer,Princeton,MO,64673,(660) 748-3630,http://mercercountyhealthdepartment.com/,https://www.facebook.com/Mercer-County-Health-Department-114453988594418/,,True,"305 W Main St Princeton, MO 64673-1133"
Miller County Health Center,Miller,Tuscumbia,MO,65082,(573) 369-2359,http://www.MillerCountyHealth.com,,,True,"2125 Highway 52 Tuscumbia, MO 65082-2305"
Mississippi County Health Department,Mississippi,Charleston,MO,63834,(573) 683-2191,http://www.misscohealth.com,,,True,"1200 E Marshall St Charleston, MO 63834-1336"
Moniteau County Health Center,Moniteau,California,MO,65018,(573) 796-3412,http://www.moniteaucountyhealth.org,https://www.facebook.com/moniteaucountyhealthcenter,,True,"401 S Francis St California, MO 65018-2204"
Monroe County Health Department,Monroe,Paris,MO,65275,(660) 327-4259,https://monroecountyhealth.com/,https://www.facebook.com/MonroeCountyHealthDepartment/,,True,"310 North Market Paris, MO 65275-1047"
Montgomery County Health Department,Montgomery,City,MO,63361,(573) 564-2495,http://www.montgomerycountyhealth.org,,,True,"400 Salisbury St Montgomery City, MO 63361-1232"
Morgan County Health Center,Morgan,Versailles,MO,65084,(573) 378-5438 (236),https://www.morgancountyhealthcenter.com/,,,True,"104 W Lafayette St Versailles, MO 65084-1346"
New Madrid County Health Department,New Madrid,Madrid,MO,63869,(573) 748-5541,http://www.newmadridcountyhealthdept.com,,,True,"406 Highway 61 New Madrid, MO 63869-1642"
Newton County Health Department,Newton,Neosho,MO,64850,(417) 451-3743 (1025),http://www.newtoncountyhealth.org,,,True,"PO Box 447 Neosho, MO 64850"
Nodaway County Health Department,Nodaway,Maryville,MO,64468,(660) 562-2755,http://www.nodawaypublichealth.org,,,True,"2416 South Main Maryville, MO 64468-3624"
Oregon County Health Department,Oregon,Alton,MO,65606,(417) 778-7450,https://www.ochdmo.com,,,True,"#10 Court Square Alton, MO 65606-0189"
Osage County Health Department,Osage,Linn,MO,65051,(573) 897-3103 (313),http://www.osagecountyhd.org,https://www.facebook.com/pages/Osage-County-Health-Department/148415825196026,,True,"1218 E Main St Linn, MO 65051-0570"
Ozark County Health Center,Ozark,Gainesville,MO,65655,(417) 679-3334,https://ozarkcountyhd.weebly.com,https://www.facebook.com/Ozark-County-Health-Department-157472307675983/,,True,"370 3rd Street Gainesville, MO 65655-7128"
Pemiscot County Health Department,Pemiscot,Hayti,MO,63851,(573) 359-1656,https://www.pemiscothealth.com/,,,True,"810 E Reed St Hayti, MO 63851-1241"
Perry County Health Department,Perry,Perryville,MO,63775,(573) 547-6564 (222),http://Perrycountyhealth.com,https://www.facebook.com/pchdmo/,,True,"406 N Spring St Ste 1 Perryville, MO 63775-1912"
Pettis County Health Center,Pettis,Sedalia,MO,65301,(660) 827-1130,https://www.pettiscountyhealthcenter.org/,https://www.facebook.com/PettisCountyHealthCenter/,,True,"911 E 16th St Sedalia, MO 65301-7733"
Phelps/Maries County Health Department,Phelps/Maries,Rolla,MO,65401,(573) 458-6010,http://www.phelpscountyhealth.com,,,True,"200 N Main St Rolla, MO 65401-3070"
Pike County Health Department,Pike,Green,MO,63334,(573) 324-2111,http://pikecountyhealth.org,https://www.facebook.com/bgpchd/,https://twitter.com/PikeCountyHD,True,"1 Healthcare Pl Bowling Green, MO 63334-3602"
Platte County Health Department,Platte,City,MO,64153,(816) 858-2412,http://www.plattecountyhealthdept.com,,,True,"7925 NW 110th St Kansas City, MO 64153-1288"
Polk County Health Center,Polk,Bolivar,MO,65613,(417) 326-7250,https://polkcountyhealthcenter.org,,,True,"1317 West Broadway Bolivar, MO 65613-1814"
Pulaski County Health Center,Pulaski,Waynesville,MO,65583,(573) 736-2217 (249),http://www.pulaskicountyhealth.com,https://www.facebook.com/Pulaskicountyhealthdept/,,True,"104 Ashley May St Waynesville, MO 65583"
Putnam County Health Department,Putnam,Unionville,MO,63565,(660) 947-2429 (25),http://www.putnamcohealthdept.org,https://www.facebook.com/Ralls-County-Health-Dept-Home-Health-Agency-262104510596164/,,True,"103 N. 18th Street Unionville, MO 63565-1601"
Ralls County Health Department,Ralls,London,MO,63459,(573) 985-7121,http://www.rallscountyhealth.org/,https://www.facebook.com/Ralls-County-Health-Dept-Home-Health-Agency-262104510596164/,,True,"16369 Business 61 New London, MO 63459"
Randolph County Health Department,Randolph,Moberly,MO,65270,(660) 263-6643 (218),http://www.randolphcountyhealth.org,,,True,"1319 Highway 24 East Ste A Moberly, MO 65270-2222"
Ray County Health Department,Ray,Richmond,MO,64085,(816) 776-5413,https://www.rayhealth.org,,,True,"820 E Lexington St Richmond, MO 64085-1930"
Reynolds County Health Center,Reynolds,Centerville,MO,63633,(573) 648-2498,http://www.reynoldscopublichealth.org,,,True,"2323 Green Street Centerville, MO 63633-9998"
Ripley County Public Health Center,Ripley,Doniphan,MO,63935,(573) 996-2181,http://www.ripleycountyhealth.com,,,True,"1003 East Locust St Doniphan, MO 63935-1828"
Saline County Health Department,Saline,Marshall,MO,65340,(660) 886-3434,https://www.salinecountyhealthdepartment.com/,https://www.facebook.com/saline.county.health/,,True,"1825 South Atchison Ave Marshall, MO 65340-9752"
Schuyler County Health Department,Schuyler,Lancaster,MO,63548,(660) 457-3721,http://www.schuylercohealth.org/,,,True,"213 South Green Street Lancaster, MO 63548-1097"
Scotland County Health Department,Scotland,Memphis,MO,63555,(660) 465-7275,http://scotlandcountyhealth.com/,,,True,"214 W. Madison St Memphis, MO 63555-1727"
Scott County Health Department,Scott,Sikeston,MO,63801,(573) 471-4044,https://www.scottcountyhealth.com/,,,True,"102 Grove Estates Court Sikeston, MO 63801-0129"
Shannon County Health Department,Shannon,Eminence,MO,65466,(573) 226-3914,http://www.shannoncountyhealth.org,,,True,"18018 Grey Jones Drive Eminence, MO 65466-0788"
Shelby County Health Department,Shelby,Shelbyville,MO,63469,(573) 633-2353,http://shelbycountyhealth.com/,https://www.facebook.com/shelbycountyhealthdepartment/,,True,"700 East Main Street Shelbyville, MO 63469-1422"
Springfield-Greene County Health Department,Springfield-Greene,Springfield,MO,65802,(417) 864-1658,http://www.springfieldmo.gov/health,https://www.facebook.com/SGCHD,https://twitter.com/SGCHD,True,"227 E Chestnut Expy Springfield, MO 65802-3847"
St. Charles County Health Department,St. Charles,Charles,MO,63301,(636) 949-7400,https://www.sccmo.org/394/Public-Health,https://www.facebook.com/StCharlesCountyPublicHealth/,https://twitter.com/SCCHealth,True,"1650 Boone's Lick Rd Saint Charles, MO 63301-2245"
St. Clair County Health Department,St. Clair,Osceola,MO,64776,(417) 646-8332,https://www.scchcmo.net/,,,True,"530 Arduser Dr Osceola, MO 64776-6284"
St. Francois County Health Center,St. Francois,Hills,MO,63601,(573) 431-1947 (125),http://www.sfchc.org,,,True,"1025 West Main Park Hills, MO 63601-2079"
St. Louis County Department of Public Health,St. Louis,Berkeley,MO,63134,(314) 615-1627,https://stlouiscountymo.gov/st-louis-county-departments/public-health/,,,True,"6121 N Hanley Rd Berkeley, MO 63134-2003"
Ste. Genevieve County Health Department,Ste. Genevieve,Genevieve,MO,63670,(573) 883-7411,http://stegencohealth.org/,,,True,"115 Basler Dr Sainte Genevieve, MO 63670-7201"
Stoddard County Public Health Center,Stoddard,Bloomfield,MO,63825,(573) 568-4593 (203),http://www.stoddardcountyhealth.com,https://www.facebook.com/stoddardcountypublichealthcenter/?fref=ts,,True,"1001 North Highway 25 Bloomfield, MO 63825-0277"
Stone County Health Department,Stone,Spring,MO,65737,(417) 272-0050 (2110),https://stonecountyhealthdepartment.com/,,,True,"701 Old Wilderness Rd Reeds Spring, MO 65737"
Sullivan County Health Department,Sullivan,Milan,MO,63556,(660) 265-4141,https://schdmilanmo.com,https://www.facebook.com/Sullivan-County-Health-Department-1537385846510725/,,True,"101 Hawthorne Drive Milan, MO 63556-1017"
Taney County Health Department,Taney,Forsyth,MO,65653,(417) 546-4725,http://www.taneycohealth.org,https://www.facebook.com/taneycountyhealthdepartment/,https://twitter.com/taneycohealth,True,"15479 U.S. Highway 160 Forsyth, MO 65653-0369"
Texas County Health Department,Texas,Houston,MO,65483,(417) 967-4131 (207),https://www.texascountyhealth.org/,,,True,"950 N Highway 63 Ste 500 Houston, MO 65483-2619"
Tri-County Health Department,Tri-County,Stanberry,MO,64489,(660) 783-2707,https://tricountyhd.com/,,,True,"302 N Park St Stanberry, MO 64489-1246"
Vernon County Health Department,Vernon,Nevada,MO,64772,(417) 667-7418,https://www.vernoncohd.com/,,,True,"301 N Washington St Nevada, MO 64772-2344"
Warren County Health Department,Warren,Warrenton,MO,63383,(636) 456-7474,https://www.warrencountyhealth.com/,,,True,"101 Mockingbird Ln Ste 100 Warrenton, MO 63383-7003"
Washington County Health Department,Washington,Potosi,MO,63664,(573) 438-2164,http://www.wcmohealth.org/,,,True,"520 Purcell Drive Potosi, MO 63664-1598"
Wayne County Health Center,Wayne,Greenville,MO,63944,(573) 224-3218,https://www.wayne-health.org,https://www.facebook.com/Wayne-County-Health-Center-117200508379239/,,True,"115 Hickory Greenville, MO 63944-0259"
Webster County Health Unit,Webster,Marshfield,MO,65706,(417) 986-0371,http://webstercohealth.com/,https://www.facebook.com/Webster-County-Health-Unit-352140721472239/,,True,"233 E Washington St Marshfield, MO 65706-1859"
Wright County Health Department,Wright,Hartville,MO,65667,(417) 741-7791,https://wrightcohealth.com/,,,True,"300 South Main, Suite C Hartville, MO 65667-8200"
Anaconda City/Deer Lodge County Health Department,Anaconda City/Deer Lodge,Anaconda,MT,59711,(406) 563-7863,https://adlc.us/departments/public-health/,,,True,"118 E 7Th St Fl First Anaconda, MT 59711-2900"
Beaverhead County Public Health Department,Beaverhead,Dillon,MT,59725,(406) 683-4771,https://beaverheadcounty.org/public-health-2/,,,True,"327 E Helena ST Dillon, MT 59725-2614"
Big Horn County Public Health,Big Horn,Hardin,MT,59034,(406) 665-8720,http://bighorncountypublichealth.com,,,True,"200 N Mitchell Ave Hardin, MT 59034-1634"
Blackfeet Tribal Health Department,Blackfeet Tribal,Browning,MT,59417,(406) 338-6330,,,,True,"807 N Piegan St Browning, MT 59417"
Blaine County Health Department,Blaine,Chinook,MT,59523,(406) 357-2345,https://blainecounty-mt.gov/public-health/,,,True,"PO Box 516 Chinook, MT 59523-0516"
Broadwater County Board of Health,Broadwater,Townsend,MT,59644,(406) 266-5209,https://www.broadwatercountymt.gov/departments/health/public_health/index.php,,,True,"124 N Cedar ST Townsend, MT 59644-2300"
Butte-Silver Bow Health Department,Butte-Silver Bow,Butte,MT,59701,(406) 497-5020,http://www.co.silverbow.mt.us/135/Health,,,True,"25 W Front St Butte, MT 59701-2801"
Carbon County Montana Public Health,Carbon County Montana,Lodge,MT,59068,(406) 446-9941,https://co.carbon.mt.us/departments/public-health/,,,True,"PO Box 2289 Red Lodge, MT 59068-2289"
Carter County Public Health,Carter,Ekalaka,MT,59324,(406) 775-6332,https://cartercountymontana.squarespace.com/public-health,,,True,"PO Box 415 Ekalaka, MT 59324-0415"
Cascade City-County Health Department,Cascade,Falls,MT,59401,(406) 791-9261,https://www.cascadecountymt.gov/174/City-County-Health-Department,,,True,"115 4Th St S Great Falls, MT 59401-3618"
Central Montana Health District,Central Montana,Lewistown,MT,59457,(406) 535-3983,https://centralmontanahealthdistrict.org/,,,True,"311 W Main ST Lewistown, MT 59457-2703"
Chouteau County Health Department,Chouteau,Benton,MT,59442,(406) 622-3771,http://www.chouteaucountyph.com/,https://www.facebook.com/Chouteau-County-Health-Department-191027850924298/,,True,"PO BOX 459 Fort Benton, MT 59442-0459"
Confederated Salish and Kootenai Tribal Health,Confederated Salish and Kootenai Tribal,Ignatius,MT,59865,(406) 745-3525,https://www.cskthealth.org/,,,True,"PO Box 880 St Ignatius, MT 59865"
Crow Tribal Health Department,Crow Tribal,Agency,MT,59022,(406) 970-0618,http://www.crow-nsn.gov/tribal-health-programs.html,,,True,"313 Heritage Rd Crow Agency, MT 59022"
Custer County Public Health,Custer,City,MT,59301,(406) 851-5050,https://www.onechc.org/,,,True,"2811 Comstock St Miles City, MT 59301-4757"
Daniels County Health Department,Daniels,Scobey,MT,59263,(406) 487-5560,https://www.danielscountymt.gov/public-health,,,True,"PO Box 836 Scobey, MT 59263-0836"
Dawson County Health Department,Dawson,Glendive,MT,59330,(406) 377-5213,https://www.dawsonmt.gov/departments/publichealth/index.php,https://www.facebook.com/DCHDept/,,True,"207 W Bell St Glendive, MT 59330-1616"
Fallon County Health Department,Fallon,Baker,MT,59313,(406) 778-2824,https://www.falloncounty.net/?page_id=50,,,True,"PO BOX 820 Baker, MT 59313-0820"
Fergus County Health Department,Fergus,Lewistown,MT,59457,(406) 535-7433,https://fergusmt.gov/departments/health-department,,,True,"712 W Main St Lewistown, MT 59457"
Flathead City-County Health Department,Flathead,Kalispell,MT,59901,(406) 751-8103,http://www.flatheadhealth.org,https://www.facebook.com/flatheadcitycountyhealthdepartment/,https://twitter.com/flatheadhealth,True,"1035 1St Ave W Kalispell, MT 59901-5607"
Fort Belknap Tribal Health Department,Fort Belknap Tribal,Harlem,MT,59526,(406) 353-2525,,,,False,"656 Agency Main St Harlem, MT 59526"
Fort Peck Tribal Health,Fort Peck Tribal,Poplar,MT,59255,(406) 768-3491 (4409),https://tribalhealth.fortpecktribes.org/,,,True,"PO Box 1027 Poplar, MT 59255-1027"
Gallatin City-County Health Department,Gallatin,Bozeman,MT,59715,(406) 582-3100,https://www.healthygallatin.org/,,,True,"215 W Mendenhall St Bozeman, MT 59715-3478"
Garfield County Health Center,Garfield,Jordan,MT,59337,(406) 557-2050,https://garfieldcountymt.gov/,,,True,"322 Leavitt Ave Jordan, MT 59337"
Glacier County Health Department,Glacier,Bank,MT,59427,(406) 873-2924,https://glaciercountymt.gov/services/health/,,,True,"1210 E Main St Cut Bank, MT 59427-3152"
Golden Valley County Health Department,Golden Valley,Lewistown,MT,59457,(406) 535-3983,https://www.goldenvalleycountymt.org/public-health,,,True,"300 1st Ave North Suite 201 Lewistown, MT 59457"
Granite County Health Department,Granite,Philipsburg,MT,59858,(406) 531-5442,https://www.granitecountymt.gov/594/Public-Health-Office,,,True,"PO Box 475 Philipsburg, MT 59858-0475"
Hill County Health Department,Hill,Havre,MT,59501,(406) 400-2415,https://hillcountyhealth.com/,https://www.facebook.com/hillcountyhealth/,https://twitter.com/HillCoHealthDep,True,"302 4Th Ave Havre, MT 59501-3654"
Jefferson County Health Department,Jefferson,Boulder,MT,59632,(406) 225-4007,https://www.jeffersoncounty-mt.gov/public_health/,,,True,"PO BOX 872 Boulder, MT 59632-0872"
Lake County Public Health,Lake,Polson,MT,59860,(406) 883-7288,https://www.lakemt.gov/242/Public-Health,,,True,"802 Main St Polson, MT 59860-2133"
Lewis and Clark City-County Health Department,Lewis and Clark,Helena,MT,59601,(406) 457-8910,https://www.lccountymt.gov/Government/Public-Health,https://www.facebook.com/LewisandClarkHealth/,,True,"1930 9th Ave Helena, MT 59601-4759"
Liberty County Public Health,Liberty,Chester,MT,59522,(406) 759-8256,https://www.libertycountymt.gov/public-health,,,True,"PO Box 459 Chester, MT 59522-0459"
Lincoln County Health Department,Lincoln,Libby,MT,59923,(406) 283-2442,https://lincolncountymt.us/health-department-home/,,,True,"418 Mineral Ave Libby, MT 59923-1956"
Little Shell Chippewa,Little Shell Chippewa,Falls,MT,59404,(406) 315-2400,,,,True,"511 Central Ave West Great Falls, MT 59404"
Madison County Public Health,Madison,City,MT,59755,(406) 204-0712,https://madisoncountymt.gov/230/Public-Health,,,True,"PO Box 278 Virginia City, MT 59755-0278"
McCone County Health Department,McCone,Circle,MT,59215,(406) 485-2444,https://www.mcconecountypublichealth.org/,https://www.facebook.com/mcconepublichealth/,,True,"PO BOX 47 Circle, MT 59215-0047"
Meagher County Health Department,Meagher,Springs,MT,59645,(406) 547-3234,https://meagherco.com/county-health-office,,,True,"PO BOX 309 White Sulphur Springs, MT 59645-0309"
Mineral County Health Department,Mineral,Superior,MT,59872,(406) 822-3564,http://co.mineral.mt.us/departments/health-department/,,,True,"PO Box 488 Superior, MT 59872-0488"
Missoula City-County Health Department,Missoula,Missoula,MT,59802,(406) 258-3882,https://www.missoulacounty.us/government/health/health-department,https://www.facebook.com/Missoula.County,https://twitter.com/MissoulaCounty,True,"301 W Alder St Missoula, MT 59802-4123"
Musselshell County Local Health Department,Musselshell County Local,Lewistown,MT,59457,(406) 535-3983,,,,True,"311 W Main ST Lewistown, MT 59457-2703"
Northern Cheyenne Tribal Health Department,Northern Cheyenne Tribal,Deer,MT,59043,(406) 477-6722,,,,True,"PO Box 67 Lame Deer, MT 59043"
Park City-County Health Department,Park,Livingston,MT,59047,(406) 222-4145,http://www.parkcounty.org/government-departments/health-department/,,https://twitter.com/parkcountyMT,True,"414 E Callender ST Livingston, MT 59047-2700"
Petroleum County Health Department,Petroleum,Lewistown,MT,59457,(406) 535-3983,,,,True,"311 W Main St Lewistown, MT 59457"
Phillips County Health Department,Phillips,Malta,MT,59538,(406) 654-2521,,https://www.facebook.com/phillipscountyhealthdepartment/,,True,"105 S 2nd ST E Malta, MT 59538"
Pondera County Health Department,Pondera,Conrad,MT,59425,(406) 271-3247,https://www.ponderacountymontana.org/health,,,True,"311 S Virginia St Ste 1 Conrad, MT 59425-2358"
Powder River Public Health,Powder River,Broadus,MT,59317,(406) 436-2297,https://prco.mt.gov/Public-Health,,,True,"PO Box 210 Broadus, MT 59317-0210"
Powell County Health Department,Powell,Lodge,MT,59722,(406) 691-0242,https://www.powellcountymt.gov/public-health-nurse,,,True,"409 Missouri Ave Ste 106 Deer Lodge, MT 59722-1001"
Prairie County Health Department,Prairie,Terry,MT,59349,(406) 635-2020,http://prairiecounty.org/public_health,https://www.facebook.com/Prairie-County-Health-Department-1231273840237034/,,True,"PO Box 202 Terry, MT 59349-0202"
Ravalli County Public Health Department,Ravalli,Hamilton,MT,59840,(406) 375-6672,https://ravalli.us/207/Public-Health,,,True,"205 Bedford ST Ste L Hamilton, MT 59840-2853"
Richland County Health Department,Richland,Sidney,MT,59270,(406) 433-2207,http://www.richland.org,,,True,"1201 W Holly St Ste 1 Sidney, MT 59270-3596"
RiverStone Health,RiverStone,Billings,MT,59101,(406) 651-6474,http://www.riverstonehealth.org/,https://www.facebook.com/RiverStone-Health-118647848146207/,,True,"123 S 27Th St Billings, MT 59101-4227"
Rocky Boy Tribal Health Department,Rocky Boy Tribal,Elder,MT,59521,(406) 395-4486,http://rbclinic.org,,,True,"6850 Upper Box Elder Rd Box Elder, MT 59521"
Roosevelt County Health Department,Roosevelt,Point,MT,59201,(406) 653-6223,https://www.rooseveltcountymt.gov/health-department,https://www.facebook.com/pg/Roosevelt-County-Health-Department-226648664374695/,,True,"124 Custer ST Ste A Wolf Point, MT 59201-1640"
Rosebud County Health Department,Rosebud,Forsyth,MT,59327,(406) 346-2156,http://rosebudcountymt.gov/departments/public-health/,https://www.facebook.com/Rosebud-County-Public-Health-Department-169059696486423/,,True,"PO Box 388 Forsyth, MT 59327-0388"
Sanders County Health Department,Sanders,Falls,MT,59873,(406) 827-6931,https://co.sanders.mt.us/208/Public-Health,,,True,"PO Box 519 Thompson Falls, MT 59873-0519"
Sheridan County Health Department,Sheridan,Plentywood,MT,59254,(406) 765-3410,https://www.healthysheridancountymt.org/,,,True,"100 W Laurel Ave Plentywood, MT 59254-1647"
Stillwater Billings Clinic,Stillwater Billings Clinic,Columbus,MT,59019,(406) 322-1070,https://stillwaterbillingsclinic.com/,,,True,"44 West 4th Ave N Columbus, MT 59019"
Stillwater Community Hospital Public Health,Stillwater Community Hospital,Columbus,MT,59019,(406) 322-1000,https://stillwaterbillingsclinic.com/services/community-health-services/public-health/,,,True,"407 North A Street Columbus, MT 59019"
Sweet Grass County Health Department,Sweet Grass,Timber,MT,59011,(406) 932-5449,https://pmcmt.org/services/public-health,,,True,"PO BOX 509 Big Timber, MT 59011-0509"
Teton County Health Department,Teton,Choteau,MT,59422,(406) 466-2562,https://tetoncomt.org/health-department/,,,True,"905 4Th St Nw Choteau, MT 59422-9123"
Toole County Health Department,Toole,Shelby,MT,59474,(406) 424-5169,https://toolecountymt.gov/health-department/,https://www.facebook.com/healthdepartment.toole,,True,"402 1st ST S Shelby, MT 59474"
Treasure County Health Department,Treasure,Hysham,MT,59038,(406) 671-9102,http://treasurecountyhealth.com/,,,True,"PO Box 201 Hysham, MT 59038-0201"
Valley County Health Department,Valley,Glasgow,MT,59230,(406) 228-6205,https://www.valleycountymt.gov/1245/Health-Department,,,True,"501 Court Sq Box #11 Glasgow, MT 59230-2494"
Wheatland County Local Health Department,Wheatland County Local,Lewistown,MT,59457,(406) 535-3983,,,,True,"311 W Main ST Lewistown, MT 59457"
Wibaux County Health Department,Wibaux,Wibaux,MT,59353,(406) 796-2485,,https://www.facebook.com/wibauxcounty,,True,"PO Box 117 Wibaux, MT 59353-0117"
Central District Health Department,Central,Island,NE,68801,(308) 385-5175 (25),http://cdhd.ne.gov,https://www.facebook.com/cdhd.ne.gov/,,True,"1137 S Locust St Grand Island, NE 68801-6771"
Clay County Health Department,Clay,Center,NE,68933,(402) 762-3571,https://claycounty.ne.gov/webpages/health/health_department.html,,,True,"202 W Fairfield ST Clay Center, NE 68933-1439"
Dakota County Health Department,Dakota,City,NE,68731,(402) 987-2164,http://dakotacountyne.org/,https://www.facebook.com/dakotacountyhealth/,,True,"1601 Broadway Dakota City, NE 68731-5065"
Douglas County Health Department,Douglas,Omaha,NE,68105,(402) 444-7471,http://www.douglascountyhealth.com/,https://www.facebook.com/Douglas-County-Health-Department-390572354389063/,https://twitter.com/HealthDouglasCo,True,"1111 S 41St St Ste 205 Omaha, NE 68105-1828"
East Central District Health Department,East Central,Columbus,NE,68601,(402) 563-9656,https://ecdhd.ne.gov/,,,True,"4321 41st Ave Columbus, NE 68601-2131"
Elkhorn Logan Valley Health Department,Elkhorn Logan Valley,Wisner,NE,68791,(402) 529-2233,https://elvphd.ne.gov,,,True,"PO BOX 779 Wisner, NE 68791-0779"
Four Corners Health Department,Four Corners,York,NE,68467,(402) 362-2621,http://fourcorners.ne.gov,https://www.facebook.com/Four-Corners-Health-Department-133136711318/,,True,"2101 N Lincoln Ave York, NE 68467-1027"
Lincoln-Lancaster County Health Department,Lincoln-Lancaster,Lincoln,NE,68510,(402) 441-8093,http://www.lincoln.ne.gov/health,,,True,"3131 O St Lincoln, NE 68510-1514"
Loup Basin Public Health Department,Loup Basin,Burwell,NE,68823,(308) 346-5795,https://www.lbphd.ne.gov,https://www.facebook.com/loupbasinhealth,,True,"934 I St Burwell, NE 68823-4199"
North Central District Health Department (NCDHD),North Central District Health Department (NCDHD),Neill,NE,68763,(402) 336-2406,http://www.ncdhd.ne.gov,,,True,"PO Box 191 O Neill, NE 68763-0191"
Northeast Nebraska Public Health Department,Northeast Nebraska,Wayne,NE,68787,(402) 375-2200,https://nnphd.socs.net/,,,True,"215 N Pearl St Wayne, NE 68787-1975"
Panhandle Public Health District,Panhandle,Hemingford,NE,69348,(308) 760-2415,http://www.pphd.ne.gov,https://www.facebook.com/panhandlepublichealth/,,True,"PO BOX 337 Hemingford, NE 69348-0337"
Polk County Health Department,Polk,Osceola,NE,68651,(402) 747-2211,https://polkcounty.nebraska.gov/county-offices/health-department,,,True,"PO BOX 316 Osceola, NE 68651-0316"
Public Health Solutions District,Public Health Solutions,Crete,NE,68333,(402) 826-3880,http://www.phsneb.org,https://www.facebook.com/PHSHealthDept/,https://twitter.com/PHSHealthDept,True,"830 E 1st ST Ste 300 Crete, NE 68333-3104"
Red Willow County Health Department,Red Willow,Mccook,NE,69001,(308) 345-1790,http://redwillowhealth.com/,https://www.facebook.com/RWCHD/,,True,"1400 W 5Th St Mccook, NE 69001-2664"
Santee Health and Wellness Center,Santee Health and Wellness,Niobrara,NE,68760,(402) 857-2300,http://www.santeehealthandwellness.com/,,,True,"110 S Visiting Eagle ST Niobrara, NE 68760-7201"
Sarpy/Cass Health Department,Sarpy/Cass,Papillion,NE,68046,(402) 339-4334 (6978),http://sarpycasshealthdepartment.org/,https://www.facebook.com/SarpyCassHealth/,https://twitter.com/SarpyCassHealth,True,"Huntington Plaza, 701 Olson Dr., Suite 101 Papillion, NE 68046"
Scotts Bluff County Health Department,Scotts Bluff,Gering,NE,69341,(308) 436-6636,http://www.scottsbluffcounty.org,,,True,"1825 10Th St Ste 2 Gering, NE 69341-2445"
South Heartland District Health Department,South Heartland,Hastings,NE,68901,(402) 462-6211,https://southheartlandhealth.ne.gov/,,,True,"606 N Minnesota Ave Ste 2 Hastings, NE 68901-5256"
Southeast District Health Department,Southeast,Auburn,NE,68305,(402) 274-3993,http://www.sedhd.org,,,True,"2511 Schneider Ave Auburn, NE 68305-3054"
Southwest Nebraska Public Health Department,Southwest Nebraska,Mccook,NE,69001,(308) 345-4223,http://www.swhealth.ne.gov,https://www.facebook.com/swnphd,,True,"PO BOX 1235 Mccook, NE 69001-1235"
Three Rivers District Public Health Department,Three Rivers,Fremont,NE,68025,(402) 704-2254,http://www.3rphd.org,,,True,"2400 N Lincoln Ave Fremont, NE 68025-2457"
Two Rivers Public Health Department,Two Rivers,Kearney,NE,68845,(888) 669-7154,http://www.trphd.ne.gov,https://www.facebook.com/2RPHD/,https://twitter.com/TRPublicHealth,True,"516 W 11th ST Ste 108b Kearney, NE 68845-7310"
West Central District Health Department,West Central,Platte,NE,69101,(308) 221-6830,http://www.wcdhd.org,,,True,"820 S Maple ST North Platte, NE 69101-5282"
Winnebago Public Health Department,Winnebago,Winnebago,NE,68071,(402) 878-2294 (1252),https://winnebagopublichealth.com/,,,True,"225 Bluff St Winnebago, NE 68071-9703"
Carson City Health and Human Services,Carson,City,NV,89706,(775) 887-2190,https://gethealthycarsoncity.org,https://www.facebook.com/CCHHS?v=wall,https://twitter.com/CCHealthEd,True,"900 E Long St Carson City, NV 89706-3100"
Central Nevada Health District,Central Nevada,Fallon,NV,89406,(775) 867-8181,https://www.centralnevadahd.org,,,True,"485 W B ST Ste 105 Fallon, NV 89406-2765"
Churchill County Health Center,Churchill,Fallon,NV,89406,(775) 867-8181,https://www.churchillcountynv.gov/1042/Health-Services,,,True,"485 W B ST Fallon, NV 89406-2764"
Douglas County Clinic,Douglas County Clinic,Gardnerville,NV,89410,(775) 782-5500,https://communityservices.douglascountynv.gov/social_services/community_health_nurse,,,True,"1329 Waterloo Ln Gardnerville, NV 89410-5385"
Elko County Clinic,Elko County Clinic,Elko,NV,89801,(775) 738-5398,,,,True,"762 14Th St Elko, NV 89801-3413"
Fallon Paiute Shoshone Tribal Health Center,Fallon Paiute Shoshone Tribal,Fallon,NV,89406,(775) 423-3634,https://www.fpst.org/161/Fallon-Tribal-Health-Center,,,True,"565 Rio Vista DR Fallon, NV 89406-6415"
Humboldt County Clinic,Humboldt County Clinic,Winnemucca,NV,89445,(775) 623-0550,,,,True,"50 E Haskell ST Ste B Winnemucca, NV 89445-3576"
Lander County Clinic,Lander County Clinic,Mountain,NV,89820,(775) 635-2386,,,,True,"825 N 2nd ST Battle Mountain, NV 89820-2834"
Las Vegas Paiute Tribe Health and Human Services,Las Vegas Paiute Tribe,Vegas,NV,89106,(702) 382-0784,,,,True,"1257 Paiute Cir Las Vegas, NV 89106-3202"
Lincoln County Clinic,Lincoln County Clinic,Caliente,NV,89008,(775) 726-3123,,,,True,"PO BOX 261 Caliente, NV 89008-0261"
Lyon County Clinic,Lyon County Clinic,Fernley,NV,89408,(775) 575-3363,,,,True,"PO BOX 988 Fernley, NV 89408-0988"
Lyon County/Dayton Clinic,Lyon County/Dayton Clinic,Dayton,NV,89403,(775) 246-6211,,,,True,"5 Pine Cone RD Ste 103 Dayton, NV 89403-6309"
Lyon County/Yerington Clinic,Lyon County/Yerington Clinic,Yerington,NV,89447,(775) 463-6539,,,,True,"26 Nevin Way Yerington, NV 89447-2327"
Mineral County Public Health Nurses Office,Mineral County Public Health Nurses,Hawthorne,NV,89415,(775) 945-3657,http://mineralcountynv.us/departments/health_nurse.php,,,True,"331 1St St Hawthorne, NV 89415-7855"
Northern Nevada Public Health,Northern Nevada,Reno,NV,89512,(775) 328-2400,http://www.washoecounty.us/health,https://www.facebook.com/washoecountyhealthdistrict/,,True,"1001 E. 9th Street Reno, NV 89512"
Nye County Clinic,Nye County Clinic,Pahrump,NV,89048,(775) 751-4278,https://www.nyecounty.net/99/Health-Human-Services,,,True,"1981 E Calvada Blvd North Pahrump, NV 89048"
Nye and Esmeralda Counties Clinic,Nye and Esmeralda Counties Clinic,Tonopah,NV,89049,(775) 482-6659,,,,True,"PO BOX 409 Tonopah, NV 89049-0409"
Pershing County Clinic,Pershing County Clinic,Lovelock,NV,89419,(775) 273-2041,https://www.pershingcountynv.gov/community/community_health_nurse.php,,,True,"PO BOX 1166 Lovelock, NV 89419-1166"
Reno Sparks Tribal Health Center,Reno Sparks Tribal,Reno,NV,89502,(775) 329-5162,https://www.rsic.org/186/Health-Center,,,True,"1715 Kuenzli ST Reno, NV 89502-1117"
Southern Nevada Health District,Southern Nevada,Vegas,NV,89107,(702) 759-1000,http://www.SNHD.info,https://www.facebook.com/SouthernNevadaHealthDistrict/,https://twitter.com/SNHDinfo,True,"280 S Decatur Blvd Las Vegas, NV 89107-2936"
White Pine County Clinic,White Pine County Clinic,Ely,NV,89301,(775) 293-6558,,,,True,"297 Nevada Northern Railway Suite 5 Ely, NV 89301"
Yerington Paiute Tribal Clinic,Yerington Paiute Tribal Clinic,Yerington,NV,89447,(775) 463-3335,https://www.ypt-nsn.org/clinic,,,True,"30 West Loop Road Yerington, NV 89447"
Alexandria Health Department,Alexandria,Alexandria,NH,03222,(603) 744-3220,http://alexandrianh.com/departments/health-officer/,,,True,"47 Washburn RD Alexandria, NH 03222-6639"
Capital Area Public Health Network,Capital Area Public Health Network,Concord,NH,03301,(603) 224-2595,http://www.capitalareaphn.org/,,,True,"125 Airport RD Ste 3 Concord, NH 03301-7300"
Carroll County Coalition for Public Health,Carroll County Coalition for,Ossipee,NH,03864,(603) 301-1252 (307),http://www.c3ph.org/,,,True,"1230 Route 16 Ste 3 Ossipee, NH 03864-7180"
Central New Hampshire Public Health Network,Central New Hampshire Public Health Network,Plymouth,NH,03264,(603) 536-9793,https://www.cnhhp.org/,,,True,"101 Boulder Point DR Ste 1 Plymouth, NH 03264-3170"
Greater Monadnock Public Health Network,Greater Monadnock Public Health Network,Keene,NH,03431,(603) 354-5454 (3030),https://healthymonadnockalliance.org/,,,True,"580 Court ST Keene, NH 03431-1718"
Greater Sullivan County Public Health Network,Greater Sullivan County Public Health Network,Claremont,NH,03743,(603) 306-7660,https://gscphn.org/,,,True,"3 Tremont ST Claremont, NH 03743-2654"
Manchester Health Department,Manchester,Manchester,NH,03101,(603) 624-6466,https://www.manchesternh.gov/Departments/Health,,,True,"1528 Elm St Manchester, NH 03101-1356"
Nashua Division of Public Health and Community Services,Nashua Division of Public Health and Community,Nashua,NH,03060,(603) 589-4500,https://nashuanh.gov/497/Public-Health-Community-Services,,,True,"18 Mulberry St Nashua, NH 03060-3858"
North Country Health Consortium,North Country Health Consortium,Littleton,NH,03561,(603) 259-3700,http://www.nchcnh.org,,,True,"262 Cottage St Ste 230 Littleton, NH 03561-4143"
Partnership for Public Health (Winnipesaukee),Partnership for Public Health (Winnipesaukee),Laconia,NH,03246,(603) 528-2145 (5852),https://www.pphnh.org/,,,True,"11 Academy SQ Laconia, NH 03246-3731"
Portsmouth Health Department,Portsmouth,Portsmouth,NH,03801,(603) 610-7273,https://www.cityofportsmouth.com/health,,,True,"1 Junkins Ave Portsmouth, NH 03801-4561"
Seacoast Public Health Network,Seacoast Public Health Network,Raymond,NH,03077,(603) 244-7312,https://www.seacoastphn.org/,,,True,"128 Route 27 Raymond, NH 03077-1220"
South Central New Hampshire Public Health Network,South Central New Hampshire Public Health Network,Concord,NH,03301,(603) 425-2545,http://southcentralphn.org/,,,True,"125 Airport RD Unit 3 Concord, NH 03301-7300"
Strafford County Public Health Network,Strafford County Public Health Network,Somersworth,NH,03878,(603) 749-2346 (2579),http://www.scphn.org/,,,True,"311 Route 108 Somersworth, NH 03878-1522"
Sullivan Health Department,Sullivan,Sullivan,NH,03445,(603) 847-3316,https://www.sullivanhealth.org/,,,True,"PO BOX 110 Sullivan, NH 03445-0110"
The Public Health Council of the Upper Valley (PHC),The Public Health Council of the Upper Valley (PHC),Lebanon,NH,03766,(603) 523-7100,https://uvpublichealth.org/,,,True,"One Court Street, #378 Lebanon, NH 03766"
Atlantic City Public Health,Atlantic,City,NJ,08401,(609) 347-5671,https://www.acnj.gov/Departments/health-and-human-services,,,True,"1301 Bacharach Blvd Ste 409 Atlantic City, NJ 08401-4601"
Atlantic County Division of Public Health,Atlantic,Northfield,NJ,08225,(609) 645-5935,https://www.atlanticcountynj.gov/government/county-departments/department-of-human-services/division-of-public-health,,,True,"201 South Shore Rd Northfield, NJ 08225-2319"
Bayonne Health Department,Bayonne,Bayonne,NJ,07002,(201) 858-6100,https://www.bayonnenj.org/Departments/health-division,https://www.facebook.com/bayonnecity,https://twitter.com/CityofBayonne,True,"630 Avenue C RM 11 Bayonne, NJ 07002-3878"
Bergen County Department of Health Services,Bergen,Hackensack,NJ,07601,(201) 634-2600,https://bergencountynj.gov/bergen-county-department-of-health-services/,,,True,"1 Bergen County Plz Fl Fourth Hackensack, NJ 07601-7075"
Bernards Township Health Department,Bernards Township,Ridge,NJ,07920,(908) 204-3070,https://www.bernardshealth.org/,,,True,"262 S Finley Ave Basking Ridge, NJ 07920-1430"
Bloomfield Department of Health and Human Services,Bloomfield,Bloomfield,NJ,07003,(973) 680-4024,https://www.bloomfieldtwpnj.com/158/Health-Department-Human-Services,,,True,"1 Municipal Plz RM 111 Bloomfield, NJ 07003-3470"
Bloomfield Health Department,Bloomfield,Bloomfield,NJ,07003,(973) 680-4024,http://www.bloomfieldtwpnj.com/158/Health-Department-Human-Services,,,True,"1 Municipal Plz Rm 111 Bloomfield, NJ 07003-3470"
"Borough of Elmwood Park, Health Department & Registrar's Office","Borough of Elmwood Park, Health Department & Registrar's",Park,NJ,07407,(201) 796-1457 (8809),https://elmwoodparknj.us/health-department,,,True,"182 Market St Ste 1 Elmwood Park, NJ 07407-1497"
Borough of Roselle,Borough of Roselle,Roselle,NJ,07203,(908) 634-4550,http://www.boroughofroselle.com,https://www.facebook.com/pg/OfficialRoselleNJ,,True,"210 Chestnut St Roselle, NJ 07203-1218"
Branchburg Township Health Department,Branchburg Township,Branchburg,NJ,08876,(908) 526-1300 (813),https://branchburg.nj.us/departments/health_department.php,,,True,"1077 US Highway Branchburg, NJ 08876-3708"
Burlington County Health Department,Burlington,Westampton,NJ,08060,(609) 265-5548,http://www.co.burlington.nj.us/290/Health-Department,,,True,"15 Pioneer Blvd Westampton, NJ 08060-3825"
Camden County Department of Health & Human Services,Camden,Blackwood,NJ,08012,(856) 374-5124,https://www.camdencounty.com/service/health-human-services/,,,True,"512 Lakeland Rd Ste 637 Blackwood, NJ 08012"
Cape May County Health Department,Cape May,House,NJ,08210,(609) 465-1187,http://capemaycountynj.gov/226/Health-Department,https://www.facebook.com/CapeMayCountyDepartmentofHealth/,,True,"6 Moore Rd Cape May Court House, NJ 08210-1654"
"City of Elizabeth, Department of Health & Human Services","City of Elizabeth,",Elizabeth,NJ,07201,(908) 820-4089,https://www.elizabethnj.org/546/Health-and-Human-Services,,,True,"City Hall of Elizabeth G-1 Elizabeth, NJ 07201-2408"
City of Orange Township,City of Orange Township,Orange,NJ,07050,(973) 952-6087,http://www.ci.orange.nj.us,,https://twitter.com/healthmcrhc,True,"29 N Day St Orange, NJ 07050-3608"
City of Passaic Division of Health,City of Passaic,Passaic,NJ,07055,(978) 365-5603,https://www.cityofpassaic.com/182/Health-Division,,,True,"330 Passaic ST FL 2nd Passaic, NJ 07055-5815"
City of Trenton Department of Health,City of Trenton,Trenton,NJ,08608,(609) 989-3242,https://trentonnj.org/182/Division-of-Health-Promotion,,,True,"218 N Broad St Trenton, NJ 08608-1306"
City of Vineland Health Department,City of Vineland,Vineland,NJ,08360,(856) 794-4000 (4116),http://health.vinelandcity.org/,,,True,"640 E Wood ST Vineland, NJ 08360-3722"
Clark Health Department,Clark,Clark,NJ,07066,(732) 428-8405,http://www.ourclark.com/departments/health-department,,,True,"430 Westfield Ave RM 18 Clark, NJ 07066-1759"
Clifton Health Department,Clifton,Clifton,NJ,07013,(973) 480-5760,https://www.cliftonnj.org/164/Health-Department,,,True,"900 Clifton Ave Clifton, NJ 07013-2708"
Colts Neck Township Health Department,Colts Neck Township,Neck,NJ,07722,(732) 462-5470 (109),http://www.colts-neck.nj.us,,,True,"124 Cedar Dr Colts Neck, NJ 07722-1673"
County of Sussex Department of Health and Human Services,County of Sussex,Hamburg,NJ,07419,(973) 579-0370,https://www.sussex.nj.us/291/Health-Human-Services,,,True,"201 Wheatsworth Rd Hamburg, NJ 07419-2614"
Cumberland County Department of Health,Cumberland,Millville,NJ,08332,(856) 327-7602 (7109),https://www.ccdohnj.gov/,,,True,"309 Buck St Millville, NJ 08332"
East Hanover Health Department,East Hanover,Hanover,NJ,07936,(973) 888-6035,http://www.easthanovertownship.com,,,True,"411 Ridgedale Ave East Hanover, NJ 07936-1440"
East Orange Department of Health,East Orange,Orange,NJ,07017,(973) 266-5480,https://www.eastorange-nj.gov/164/Health-Human-Services,https://www.facebook.com/EOCityHall/,https://twitter.com/eocityhall,True,"143 New ST East Orange, NJ 07017-4110"
East Windsor Health Department,East Windsor,Windsor,NJ,08520,(609) 936-8400 (422),https://www.east-windsor.nj.us/health-department,,,True,"16 Lanning Blvd East Windsor, NJ 08520-1925"
Englewood Health Department,Englewood,Englewood,NJ,07631,(201) 568-3450,https://cityofenglewood.org/1180/Health-Department,,,True,"73 S Van Brunt St Englewood, NJ 07631-3485"
Essex County Department of Health,Essex,Verona,NJ,07044,(973) 497-9401,https://essexcountynj.org/department-of-health-and-rehabilitation/,,,True,"900 Bloomfield Ave Verona, NJ 07044"
Essex Regional Health Commission,Essex,Livingston,NJ,07039,(973) 251-2059,http://www.essexregional.org,https://www.facebook.com/EssexNJHealth,,True,"204 Hillside Ave Livingston, NJ 07039-3646"
Ewing Township Health Department,Ewing Township,Ewing,NJ,08628,(609) 883-2900 (7691),https://ewingnj.org/departments/health,,,True,"2 Jake Garzio Dr Ewing, NJ 08628-1544"
Fort Lee Health Department,Fort Lee,Lee,NJ,07024,(201) 592-3500 (1105),https://www.fortleenj.org/,,,True,"309 Main St Fort Lee, NJ 07024-4705"
Freehold Township Health Department,Freehold Township,Freehold,NJ,07728,(732) 294-2060,http://twp.freehold.nj.us/244,,,True,"1 Municipal Plaza Freehold, NJ 07728-3064"
Gloucester County Department of Health,Gloucester,Sewell,NJ,08080,(856) 218-4131,https://www.gloucestercountynj.gov/1135/Department-of-Health,,,True,"204 E Holly Ave Sewell, NJ 08080-2641"
Guttenberg Health Department,Guttenberg,Guttenberg,NJ,07093,(201) 392-2027,https://www.guttenbergnj.org/,,,True,"6808 Park Ave Guttenberg, NJ 07093-4406"
Hackensack Department of Health,Hackensack,Hackensack,NJ,07601,(201) 646-3965,https://www.hackensack.org/health/,,,True,"215 State St Ste 3 Hackensack, NJ 07601-5582"
Hamilton Township Division of Health,Hamilton Township,Hamilton,NJ,08609,(609) 890-3828,https://www.hamiltonnj.com/health,,,True,"2100 Greenwood Ave Hamilton, NJ 08609-2333"
Hanover Township Health Department,Hanover Township,Whippany,NJ,07981,(973) 515-6667,,,,True,"1000 State Route 10 Whippany, NJ 07981-1005"
Harrison Health Department,Harrison,Harrison,NJ,07029,(201) 392-2027,http://www.townofharrison.com,,,True,"318 Harrison Ave Harrison, NJ 07029-1752"
Hillsborough Township Health Department,Hillsborough Township,Hillsborough,NJ,08844,(908) 369-5652,http://www.hillsborough-nj.org/,,,True,"379 S Branch Rd Hillsborough, NJ 08844-4489"
Hillside Health Department,Hillside,Hillside,NJ,07205,(908) 654-9730,https://hillsidenj.us/health-department,,,True,"1409 Liberty Ave Hillside, NJ 07205-1345"
Hoboken Health Department,Hoboken,Hoboken,NJ,07030,(201) 420-2375,https://www.hobokennj.gov/departments/health-department,,,True,"124 Grand St Hoboken, NJ 07030-2510"
Hopatcong Board of Health,Hopatcong,Hopatcong,NJ,07843,(973) 770-1200,https://www.hopatcong.org/government/boards___commissions/boards/board_of_health.php,,,True,"111 River Styx Rd Hopatcong, NJ 07843-1535"
Hopewell Township Health Department,Hopewell Township,Titusville,NJ,08560,(609) 737-0120,https://www.hopewelltwp.org/162/Health,,,True,"201 Washington Crossing Pe Rd Titusville, NJ 08560-1410"
Hudson Regional Health Commission,Hudson,Secaucus,NJ,07094,(201) 223-1133,http://www.hudsonregional.org,,,True,"595 County Ave Bldg 1 Secaucus, NJ 07094"
Hunterdon County Health Department,Hunterdon,Flemington,NJ,08822,(908) 788-1351,https://www.co.hunterdon.nj.us/162/Health-Department,,,True,"314 State Route 12 Bldg 1 Flemington, NJ 08822-4102"
Irvington Health Department,Irvington,Irvington,NJ,07111,(973) 416-7760,https://irvingtonnj.gov/health-and-senior-services/,,,True,"1 Civic Sq W Bldg -Municipal Irvington, NJ 07111-2401"
Jefferson Township Health Department,Jefferson Township,Hopatcong,NJ,07849,(973) 208-6120,https://www.jeffersontownship.net/170/Health,,,True,"1033 Weldon Rd Bldg Municipal Lake Hopatcong, NJ 07849-2332"
Jersey City Department of Health and Human Services,Jersey,City,NJ,07305,(201) 547-6800,https://jerseycitynj.gov/cms/one.aspx?pageId=7214272,,,True,"1 Jackson Sq Jersey City, NJ 07305-3499"
Jersey Shore Regional Health Commission,Jersey Shore,Falls,NJ,07701,(732) 493-9520,https://jsrhc.org/,https://www.facebook.com/MCRHCno.1,https://twitter.com/healthmcrhc,True,"628 Shrewsbury Ave Tinton Falls, NJ 07701-4932"
Kearny Department of Public Health,Kearny,Kearny,NJ,07032,(201) 997-0600 (3501),https://www.kearnynj.org/health-department/,https://www.facebook.com/pg/KearnyHealth/posts/,,True,"645 Kearny Ave Kearny, NJ 07032-2998"
Lawrence Township Health Department,Lawrence Township,Lawrenceville,NJ,08648,(609) 844-7089,https://www.lawrencetwp.com/directory/health,,,True,"2207 Lawrenceville Rd Lawrenceville, NJ 08648-3198"
Lincoln Park Health Department,Lincoln Park,Park,NJ,07035,(973) 694-6100 (2036),http://www.lincolnpark.org,https://www.facebook.com/lincolnparkboro,https://twitter.com/lincolnpark_nj?lang=en,True,"34 Chapel Hill Rd Lincoln Park, NJ 07035-1998"
Linden Board of Health,Linden,Linden,NJ,07036,(908) 474-8409,https://linden-nj.gov/directory/health-department/,https://www.facebook.com/OfficialLindenNJ/,https://twitter.com/CityofLinden,True,"605 S Wood Ave Linden, NJ 07036-3345"
Little Falls Health Department,Little Falls,Falls,NJ,07424,(973) 256-0170,,,,True,"225 Main St Fl 2Nd Little Falls, NJ 07424-1413"
Livingston Health Department / Millburn Health Department,Livingston Health Department / Millburn,Livingston,NJ,07039,(973) 535-7961,https://twp.millburn.nj.us/158/Health-Human-Services,https://www.facebook.com/LivingstonTownshipNJ,https://twitter.com/Livingston_NJ,True,"204 Hillside Ave FL 1 Livingston, NJ 07039-3646"
Long Beach Island Health Department,Long Beach Island,Bottom,NJ,08008,(609) 492-1212,http://www.lbihealth.com,https://www.facebook.com/OCHD.org/,https://twitter.com/Ocpublichealth,True,"2119 Long Beach Blvd Ship Bottom, NJ 08008-4356"
Long Branch Department of Health,Long Branch,Branch,NJ,07740,(732) 571-5665,https://www.longbranch.org/departments/Health,https://www.facebook.com/LongBranchCity/,https://twitter.com/visitlongbranch,True,"344 Broadway Long Branch, NJ 07740-6938"
Mahwah Health Department,Mahwah,Mahwah,NJ,07430,(201) 529-5757,https://www.mahwahtwp.org/178/Health-Department,,,True,"475 Corporate DR Mahwah, NJ 07430-3603"
Maplewood Health Department,Maplewood,Maplewood,NJ,07040,(973) 762-8120 (4400),https://www.maplewoodnj.gov/government/public-health-social-services,https://www.facebook.com/MaplewoodTWP/,https://twitter.com/MaplewoodTWP,True,"574 Valley ST Maplewood, NJ 07040-2669"
Mercer County Division of Public Health,Mercer,Trenton,NJ,08650,(609) 278-7165,http://www.mercercounty.org/departments/human-services/division-of-public-health,,,True,"640 S Broad St Trenton, NJ 08650-0068"
Mid-Bergen Regional Health Commission,Mid-Bergen,Garfield,NJ,07026,(551) 946-5201,https://midbergen-regionalhealth.org/,https://www.facebook.com/Mid-Bergen-Regional-Health-Commission-122831837773216/,,True,"60 Elizabeth St Garfield, NJ 07026"
Middle-Brook Regional Health Commission,Middle-Brook,Brook,NJ,08812,(732) 968-5151,http://www.middlebrookhealth.org,,https://twitter.com/MiddlesexCntyNJ,True,"111 Greenbrook RD Green Brook, NJ 08812-2501"
Middlesex County Office of Health Services,Middlesex,Piscataway,NJ,08854,(732) 745-3100,https://www.middlesexcountynj.gov/government/departments/department-of-public-safety-and-health/office-of-health-services,https://www.facebook.com/MiddlesexCntyNJ/,https://twitter.com/MiddlesexCntyNJ,True,"444 Hoes Ln Bldg 6 Ste 120 Piscataway, NJ 08854"
Monmouth County Health Department,Monmouth,Freehold,NJ,07728,(732) 431-7456,https://www.visitmonmouth.com/page.aspx?ID=1932,https://www.facebook.com/MonmouthGovNJ/,,True,"50 E Main ST Freehold, NJ 07728-2275"
Montgomery Township Health Department,Montgomery Township,Skillman,NJ,08558,(908) 359-8211,https://health.montgomery.nj.us/,,,True,"100 Community Drive Skillman, NJ 08558"
Montville Township Health Department,Montville Township,Montville,NJ,07045,(973) 331-3316,http://www.montvillenj.org/174/Health,https://www.facebook.com/MontvilleTwpNJ/,https://twitter.com/montville,True,"195 Changebridge Rd Montville, NJ 07045-9498"
Morris County Division of Public Health,Morris,Morristown,NJ,07963,(973) 631-5183,https://www.morriscountynj.gov/Residents/Health,,,True,"PO Box 900 Morristown, NJ 07963-0900"
Morris Township Health Department,Morris Township,Station,NJ,07961,(973) 326-7391,https://www.morristwp.com/124/Public-Health,,,True,"PO Box 7603 Convent Station, NJ 07961-7603"
Morristown Division of Health,Morristown,Morristown,NJ,07960,(973) 796-1993,https://www.townofmorristown.org/health,https://www.facebook.com/townofmorristown?ref=hl,https://twitter.com/NJMorristown,True,"200 South Street Morristown, NJ 07960"
Mount Olive Township Health Department,Mount Olive Township,Lake,NJ,07828,(973) 691-0900 (7355),https://www.mountolivetwpnj.org/health-department,https://www.facebook.com/pg/MtOliveHealthDepartment/posts/,,True,"204 Flanders Drakestown Rd Budd Lake, NJ 07828-3800"
Newark Department of Health & Community Wellness,Newark Department of Health & Community Wellness,Newark,NJ,07102,(973) 733-5310,https://www.newarknj.gov/departments/healthcommunitywellness,,,True,"110 William St Newark, NJ 07102"
North Bergen Health Department,North Bergen,Bergen,NJ,07047,(201) 392-2084,https://www.northbergen.org,,,True,"1116 43Rd St North Bergen, NJ 07047-2712"
Northwest Bergen Regional Health Commission,Northwest Bergen,Waldwick,NJ,07463,(201) 445-7217,https://www.nwbrhc.org/,,,True,"20 W Prospect St Waldwick, NJ 07463-1739"
Nutley Health Department,Nutley,Nutley,NJ,07110,(973) 284-4976,https://www.nutleynj.org/health,,,True,"149 Chestnut ST Nutley, NJ 07110-2311"
Ocean County Health Department,Ocean,River,NJ,08754,(800) 342-9738,http://www.ochd.org,,,True,"PO BOX 2191 Toms River, NJ 08754-2191"
Palisades Park Health Department,Palisades Park,Ridgefield,NJ,07657,(201) 943-6062,https://mypalisadespark.com/health-department/,,,True,"725 Slocum Ave Ridgefield, NJ 07657-1839"
Paramus Board of Health,Paramus,Paramus,NJ,07652,(201) 265-2100 (x2300),http://www.paramusborough.org,https://www.facebook.com/Paramus-Board-of-Health-392021574245831/,,True,"1 Jockish Sq Paramus, NJ 07652-2728"
Parsippany Health Department,Parsippany,Parsippany,NJ,07054,(973) 263-7160,https://www.parsippany.net/Departments/health-and-human-services,,,True,"1001 Parsippany Blvd Parsippany, NJ 07054-1277"
Passaic County Health Department,Passaic,Totowa,NJ,07512,(973) 881-4396,https://www.passaiccountynj.org/departments/health,,,True,"930 Riverview DR Ste 250 Totowa, NJ 07512-1167"
Paterson Department of Health and Human Services,Paterson,Paterson,NJ,07505,(973) 321-1277,https://www.patersonnjhealth.gov/,,,True,"176 Broadway Paterson, NJ 07505-1198"
Pequannock Township Health Department,Pequannock Township,Plains,NJ,07444,(973) 835-5700 (128),http://www.peqtwp.org/,,,True,"530 Newark Pompton Tpke Pompton Plains, NJ 07444-1799"
Plainfield Health Department,Plainfield,Plainfield,NJ,07060,(908) 753-3092,https://plainfieldnj.gov/departments/health_and_social_services/division_of_health.php,,,True,"515 Watchung Ave Plainfield, NJ 07060-1720"
Princeton Regional Health Commission,Princeton,Princeton,NJ,08540,(609) 497-7608,https://www.princetonnj.gov/270/Health-Department,,,True,"1 Monument Dr Princeton, NJ 08540-3036"
Rahway Health Department,Rahway,Rahway,NJ,07065,(732) 827-2085,https://www.cityofrahway.com/187/Department-of-Health,https://www.facebook.com/CityOfRahwayNJ/,,True,"1 City Hall Plz Rahway, NJ 07065-5022"
Randolph Township Health Department,Randolph Township,Randolph,NJ,07869,(973) 989-7050,http://www.randolphnj.org,,,True,"502 Millbrook Ave Randolph, NJ 07869-3702"
Ridgefield Health Department,Ridgefield,Ridgefield,NJ,07657,(201) 943-6062,https://www.ridgefieldnj.gov/index.asp?SEC=5DA85ED2-7940-4B8E-8F68-BB738096DDF6&Type=B_BASIC,,,True,"725 Slocum Ave Ridgefield, NJ 07657-1839"
Ringwood Health Department,Ringwood,Ringwood,NJ,07456,(973) 881-4396,https://www.ringwoodnj.net/content/2347/2357/default.aspx,,,True,"60 Margaret King Ave Ringwood, NJ 07456-1703"
Rockaway Township Division of Health,Rockaway Township,Rockaway,NJ,07866,(973) 983-2848,https://rockawaytownship.org/160/Health,,,True,"65 Mount Hope Rd Rockaway, NJ 07866-1699"
Roxbury Township Health Department,Roxbury Township,Succasunna,NJ,07876,(973) 448-2028,http://www.roxburynj.us,,,True,"72 Eyland Ave Succasunna, NJ 07876-1622"
Salem County Department of Health and Human Services,Salem,Salem,NJ,08079,(856) 935-7510,https://health.salemcountynj.gov/,https://www.facebook.com/SalemCountyHealth,,True,"110 5th ST Ste 500 Salem, NJ 08079-1073"
Secaucus Health Department,Secaucus,Secaucus,NJ,07094,(201) 330-2031,,,,True,"20 Centre Ave Secaucus, NJ 07094-3202"
Somerset County Department of Health,Somerset,Somerville,NJ,08876,(908) 231-7155,http://www.co.somerset.nj.us/government/public-health-safety/health-department,,https://twitter.com/SCHealthDept,True,"PO BOX 3000 Somerville, NJ 08876-1262"
South Orange Health Department,South Orange,Orange,NJ,07079,(973) 378-7715 (x 7710),http://www.southorange.org/health.asp,,,True,"76 S Orange Ave Ste 302 South Orange, NJ 07079-1923"
Teaneck Department of Health and Human Services,Teaneck,Teaneck,NJ,07666,(201) 837-1600 (1500),https://www.teanecknj.gov/health-department,,,True,"818 Teaneck RD Bldg Municipal Teaneck, NJ 07666-4599"
Town of Dover Health Department,Town of Dover,Dover,NJ,07801,(973) 366-2200 (1120),http://www.dover.nj.us,,,True,"37 N Sussex ST Dover, NJ 07801-4099"
Township of Edison Department of Health,Township of Edison,Edison,NJ,08817,(732) 248-7290,https://www.edisonnj.org/departments/health_department/index.php,,,True,"100 Municipal Blvd Edison, NJ 08817-3302"
Township of Montclair Health and Human Services,Township of Montclair,Montclair,NJ,07042,(973) 509-4970,https://www.montclairnjusa.org/Government/Departments/Health-Human-Services,,,True,"205 Claremont Ave, 3rd Floor Montclair, NJ 07042-3401"
Township of Union Department of Health,Township of Union,Union,NJ,07083,(908) 851-5454,https://www.uniontownship.com/167/Health-Department,,,True,"1976 Morris Ave Union, NJ 07083-3597"
Township of Weehawken Health Department,Township of Weehawken,Weehawken,NJ,07086,(201) 319-6054,https://www.weehawken-nj.us/government/boards-and-committees/board-of-health,,,True,"4100 Park Ave Weehawken, NJ 07086-6400"
Township of West Milford Department of Health,Township of West Milford,Milford,NJ,07480,(973) 728-7000,https://www.westmilford.org/cn/webpage.cfm?TID=11&TPID=1789,,,True,"1480 Union Valley RD West Milford, NJ 07480-1338"
Union City Health Department,Union,City,NJ,07087,(201) 392-2027,http://www.ucnj.com/services/health/,,,True,"3715 Palisade Ave Union City, NJ 07087-4809"
Union County Office of Health Management,Union County Office of Health Management,Westfield,NJ,07090,(908) 654-9891,https://ucnj.org/public-safety/office-of-health-management/,,,True,"400 North Ave E Westfield, NJ 07090-1496"
Village of Ridgewood Health Department,Village of Ridgewood,Ridgewood,NJ,07450,(201) 670-5500 (2245),http://www.ridgewoodnj.net,,,True,"131 N Maple Ave Ridgewood, NJ 07450-3256"
Warren County Health Department,Warren,Oxford,NJ,07863,(908) 475-7960,https://www.warrencountynj.gov/government/health-department,,,True,"700 Oxford Rd Oxford, NJ 07863-3269"
Washington Township Health Department,Washington Township,Valley,NJ,07853,(908) 876-3650,https://www.wtmorris.org/index.php/departments/health,,,True,"43 Schooleys Mountain Rd Long Valley, NJ 07853-3199"
Wayne Health Department,Wayne,Wayne,NJ,07470,(973) 694-1800 (3241),https://www.waynetownship.com/health.html,,,True,"475 Valley Rd Wayne, NJ 07470-3586"
West Caldwell Health Department,West Caldwell,Caldwell,NJ,07006,(973) 226-2303,https://www.westcaldwell.com/Departments/health-department,,,True,"30 Clinton Rd West Caldwell, NJ 07006-6774"
West New York Health Department,West New York,york,NJ,07093,(201) 295-5213,https://www.westnewyorknj.org/Departments/health,,,True,"428-60th St west new york, NJ 07093"
West Orange Department of Health and Welfare,West Orange Department of Health and Welfare,Orange,NJ,07052,(973) 325-4123,http://www.westorange.org/84/Health-and-Welfare,https://www.facebook.com/WOMayorParisi/?fref=mentions&__tn__=K-R,,True,"66 Main ST RM 203 West Orange, NJ 07052-5404"
West Windsor Health Department,West Windsor,Windsor,NJ,08550,(609) 936-8400,https://www.westwindsortwp.gov/departments/health/index.php,,,True,"PO Box 38 West Windsor, NJ 08550-0038"
Westfield Regional Health Department,Westfield,Westfield,NJ,07090,(908) 789-4070,http://www.westfieldnj.gov/health,,,True,"425 E Broad St Westfield, NJ 07090-2123"
Westwood Health Department,Westwood,Westwood,NJ,07675,(201) 664-7100 (129),https://www.westwoodnj.gov/226/Conducting-of-Health-Clinics,,,True,"101 Washington Ave Westwood, NJ 07675-2001"
Woodbridge Township Department of Health and Human Services,Woodbridge Township,Woodbridge,NJ,07095,(732) 855-0600 (5001),https://www.twp.woodbridge.nj.us/198/Health-Human-Services,,https://twitter.com/SCHealthDept,True,"2 G Frederick Plz Woodbridge, NJ 07095-2556"
Bernalillo County - Stanford Public Health Office,Bernalillo County - Stanford,Albuquerque,NM,87106,(505) 332-4850,,,,True,"1111 Stanford Dr Ne Albuquerque, NM 87106-3721"
Catron County Public Health Office,Catron,Reserve,NM,87830,(575) 528-5001,,,,True,"1 Foster Ln. Reserve, NM 87830"
Chaves County - Dexter Public Health Office,Chaves County - Dexter,Dexter,NM,88230,(505) 222-4633,,,,True,"206 S. Monroe Dexter, NM 88230"
Chaves County - Roswell Health Office,Chaves County - Roswell,Roswell,NM,88203,(505) 222-4633,,,,True,"200 E Chisum St Roswell, NM 88203-5406"
Cibola County Public Health Office,Cibola,Grants,NM,87020,(575) 478-3035,,,,True,"700 E Roosevelt Ave Ste 100 Grants, NM 87020-2178"
Colfax County Public Health Office,Colfax,Raton,NM,87740,(505) 827-2389,,,,True,"226 4Th Ave Raton, NM 87740-2643"
Curry County Public Health Office,Curry,Clovis,NM,88101,(505) 222-4633,,,,True,"1216 Cameo St Clovis, NM 88101-5571"
De Baca County Public Health Office,De Baca,Sumner,NM,88119,(505) 222-4633,,,,True,"643 A North Fifth Street, Drawer 929 Ft. Sumner, NM 88119"
Dona Ana County - Anthony Public Health Office,Dona Ana County - Anthony,Anthony,NM,88021,(505) 882-5858,,,,True,"865 N Main Anthony, NM 88021-9325"
Dona Ana County - Chaparral Public Health Office,Dona Ana County - Chaparral,Chaparral,NM,88081,(505) 355-2362,,,,True,"112 E Lisa Dr Ste 104 Chaparral, NM 88081-8018"
Dona Ana County - Dona Ana Village Public Health Office,Dona Ana County - Dona Ana Village,Cruces,NM,88007,(505) 355-2362,,,,True,"5595 Elks Dr Las Cruces, NM 88007-6988"
Dona Ana County - East Mesa Public Health Office,Dona Ana County - East Mesa,Cruces,NM,88012,(505) 355-2362,,,,True,"5220 Holman Rd Las Cruces, NM 88012-7018"
Dona Ana County - Hatch Public Health Office,Dona Ana County - Hatch,Hatch,NM,88119,(505) 267-5213,,,,True,"3 Chile Capital Ln. Hatch, NM 88119"
Dona Ana County - Las Cruces Central Public Health Office,Dona Ana County - Las Cruces Central,Cruces,NM,88001,(505) 528-5000,,,,True,"1170 N Solano Dr Las Cruces, NM 88001-2371"
Dona Ana County - Las Cruces West Public Health Office,Dona Ana County - Las Cruces West,Cruces,NM,88005,(505) 523-7202,,,,True,"1850 Copper Loop Ste A Las Cruces, NM 88005-8141"
Dona Ana County - Sunland Park Public Health Office,Dona Ana County - Sunland Park,Park,NM,88063,(505) 589-2543,,,,True,"3807 Mcnutt Rd Sunland Park, NM 88063-9081"
Eddy County - Carlsbad Public Health Office,Eddy County - Carlsbad,Carlsbad,NM,88220,(505) 222-4633,,,,True,"1306 W Stevens St Carlsbad, NM 88220-4240"
Grant County Public Health Office,Grant,City,NM,88061,(505) 538-5318,,,,True,"2610 N Silver St Silver City, NM 88061-7299"
Guadalupe County Public Health Office,Guadalupe,Rosa,NM,88435,(505) 476-2659,,,,True,"532 Lake Dr Santa Rosa, NM 88435"
Harding County Public Health Office,Harding,Mosquero,NM,87733,(505) 347-2409,,,,True,"PO BOX 96 Mosquero, NM 87733-0096"
Hidalgo County Public Health Office,Hidalgo,Lordsburg,NM,88045,(505) 542-9391,,,,True,"530 De Moss St Lordsburg, NM 88045-2617"
Lea County - Hobbs Public Health Office,Lea County - Hobbs,Hobbs,NM,88240,(505) 222-4633,,,,True,"1923 N Dal Paso St Ste B Hobbs, NM 88240-3023"
Lea County - Lovington Public Health Office,Lea County - Lovington,Lovington,NM,88260,(505) 222-4633,,,,True,"302 N 5Th St Lovington, NM 88260-3911"
Lincoln County Health Office,Lincoln,Ruidoso,NM,88345,(505) 222-4633,,,,True,"111 Kansas City RD Ruidoso, NM 88345-6922"
Los Alamos County Public Health Office,Los Alamos,Alamos,NM,87544,(505) 476-2659,,,,True,"3917 West Rd Los Alamos, NM 87544-2275"
Luna County Public Health Office,Luna,Deming,NM,88030,(505) 546-2771,,,,True,"215 S Silver Ave Deming, NM 88030-3715"
McKinley County - Crown Point Healthcare Facility,McKinley County - Crown Point Healthcare Facility,Crownpoint,NM,87313,(575) 478-3035,,,,True,"Hwy Junction 57, Rt9 Crownpoint, NM 87313"
McKinley County Public Health Office,McKinley,Gallup,NM,87301,(575) 478-3035,,,,True,"1919 College Dr Gallup, NM 87301-7010"
Mora County Public Health Office,Mora,Mora,NM,87732,(505) 476-2659,,,,True,"PO BOX 187 Mora, NM 87732-0187"
New Mexico Public Health Division Metro Region,New Mexico,Albuquerque,NM,87106,(505) 841-4100,,,,True,"1111 Stanford DR NE Albuquerque, NM 87106-3721"
Otero County - Holloman Public Health Office,Otero County - Holloman,AFB,NM,88330,(505) 572-7369,,,,True,"Family Support Center, Building 40 Holloman AFB, NM 88330"
Otero County - Tularosa Public Health Office,Otero County - Tularosa,Tularosa,NM,88352,(505) 585-3019,,,,True,"404 Fresno St Tularosa, NM 88352-2634"
Otero County Public Health Office,Otero,Alamogordo,NM,88310,(505) 437-9340,,,,True,"1207 8Th St Alamogordo, NM 88310-5834"
Pueblo of Jemez,Pueblo of Jemez,Pueblo,NM,87024,(575) 834-7413,,,,True,"PO BOX 279 Jemez Pueblo, NM 87024-0279"
Quay County Public Health Office,Quay,Tucumcari,NM,88401,(575) 288-9861,,,,True,"310 S. Second Tucumcari, NM 88401"
Rio Arriba County Health Commons,Rio Arriba County Health Commons,Espanola,NM,87532,(505) 476-2659,,,,True,"2010 Industrial Park Rd Espanola, NM 87532-3600"
Rio Arriba North Public Health Office,Rio Arriba North,Amarilla,NM,87575,(505) 476-2659,,,,True,"PO BOX 250 Tierra Amarilla, NM 87575-0250"
Roosevelt County Public Health Office,Roosevelt,Portales,NM,88130,(505) 222-4633,,,,True,"1513 W Fir ST Portales, NM 88130-5703"
San Juan County - Bloomfield Public Health Office,San Juan County - Bloomfield,Bloomfield,NM,87413,(575) 478-3035,,,,True,"903 W Broadway Ave Bloomfield, NM 87413-5726"
San Juan County Public Health Office,San Juan,Farmington,NM,87401,(575) 478-3035,,,,True,"355 S. Miller Farmington, NM 87401"
San Miguel County Public Health Office,San Miguel,Vegas,NM,87701,(505) 476-2659,,,,True,"18 Gallegos Rd Las Vegas, NM 87701-4512"
Sandoval Commons Public Health Office,Sandoval Commons,Bernalillo,NM,87004,(575) 478-3035,,,,True,"1500 Idalia Bldg B Bernalillo, NM 87004-6303"
Sandoval County - Cuba Public Health Office,Sandoval County - Cuba,Cuba,NM,87013,(575) 478-3035,,,,True,"6263 Highway 550 Cuba, NM 87013"
Santa Fe County Health Office,Santa Fe,Fe,NM,87505,(505) 476-2659,,,,True,"605 Letrado St Santa Fe, NM 87505-4146"
Sierra County Public Health Office,Sierra,Consequences,NM,87901,(505) 894-2716,,,,True,"201 E 4Th Ave Truth Or Consequences, NM 87901-2444"
Socorro County Health Office,Socorro,Socorro,NM,87801,(575) 835-0971,,,,True,"214 Neel Ave Socorro, NM 87801-4649"
Taos County Public Health Office,Taos,Taos,NM,87571,(505) 758-2073,,,,True,"1400 Weimer Rd Taos, NM 87571-6346"
Torrance County - Moriarty Public Health Office,Torrance County - Moriarty,Moriarty,NM,87035,(505) 222-6530,,,,True,"PO BOX 2460 Moriarty, NM 87035-2460"
Torrance County Public Health Office,Torrance,Estancia,NM,87016,(575) 478-3035,,,,True,"300 S 8th Street Estancia, NM 87016"
Union County Public Health Office,Union,Clayton,NM,88415,(505) 476-2659,,,,True,"PO BOX 158 Clayton, NM 88415-0158"
Valencia County - Belen Public Health Office,Valencia County - Belen,Belen,NM,87002,(575) 478-3035,,,,True,"617 Becker, PO Box 686 Belen, NM 87002"
Valencia County - Los Lunas Public Health Office,Valencia County - Los Lunas,Lunas,NM,87031,(575) 478-3035,,,,True,"445 Camino Del Rey DR Los Lunas, NM 87031-8648"
Albany County Department of Health,Albany,Albany,NY,12202,(518) 447-4580,https://www.albanycountyny.gov/departments/health,https://www.facebook.com/McCoyAlbanyCountyExec,https://twitter.com/MCCoyCountyExec,True,"175 Green St Albany, NY 12202-2011"
Allegany County Health Department,Allegany,Belmont,NY,14813,(585) 268-9250 (247),https://www.alleganyco.gov/health-department/,https://www.facebook.com/alleganycountyny/,,True,"7 Court St Belmont, NY 14813-1044"
Broome County Health Department,Broome,Binghamton,NY,13905,(607) 778-2860,https://www.gobroomecounty.com/hd,,,True,"225 Front St Binghamton, NY 13905-2424"
Cattaraugus County Health Department,Cattaraugus,Olean,NY,14760,(716) 701-3382,https://www.cattco.gov/health,,https://twitter.com/cattaraugus,True,"1 Leo Moss Dr Ste 4010 Olean, NY 14760-1154"
Cayuga County Health Department,Cayuga,Auburn,NY,13021,(315) 253-1560,http://www.cayugacounty.us/1850/Health-Department,https://www.facebook.com/Cayuga-County-Health-Department-135752779832241/,,True,"8 Dill St Auburn, NY 13021"
Chautauqua County Health Department,Chautauqua,Mayville,NY,14757,(716) 753-4771,https://chautauquacountyny.gov/public-health/public-health,,,True,"7 N Erie St Mayville, NY 14757"
Chemung County Health Department,Chemung,Elmira,NY,14901,(607) 737-2868,https://www.chemungcountyny.gov/241/Public-Health,,,True,"PO Box 588 Elmira, NY 14901"
Chenango County Public Health,Chenango,Norwich,NY,13815,(607) 337-1650,https://www.chenangocountyny.gov/206/Public-Health,https://www.facebook.com/ChenangoLHD/,,True,"5 Court St Ofc Building Norwich, NY 13815"
Clinton County Department of Public Health,Clinton,Plattsburgh,NY,12901,(518) 565-4840,https://health.clintoncountyny.gov,https://www.facebook.com/clintonhealth,https://twitter.com/ClintonCountyHD,True,"133 Margaret St Plattsburgh, NY 12901-2926"
Columbia County Department of Health,Columbia,Hudson,NY,12534,(518) 828-3358 (1240),https://columbiacountynyhealth.com/,https://www.facebook.com/Columbia-County-Department-of-Health-469399129790791/,https://twitter.com/ColumbiaCoDOH,True,"325 Columbia St Fl 1 Hudson, NY 12534"
Cortland County Health Department,Cortland,Cortland,NY,13045,(607) 753-5135,https://www.cortlandcountyny.gov/432/Health-Department,https://www.facebook.com/CortGovHealth/,,True,"60 Central Ave Cortland, NY 13045"
Delaware County Public Health Services,Delaware,Delhi,NY,13753,(607) 832-5154,http://www.delawarecountypublichealth.com,https://www.facebook.com/dcphns,https://twitter.com/dcphs,True,"99 Main St Delhi, NY 13753"
Dutchess County Department of Health,Dutchess,Poughkeepsie,NY,12601,(845) 486-3432,http://www.dutchessny.gov/dbch,https://www.facebook.com/DutchessCoGov/,https://twitter.com/dutchesscogov,True,"85 Civic Center Plz Ste 106 Poughkeepsie, NY 12601-2446"
Erie County Department of Health,Erie,Buffalo,NY,14202,(716) 858-6976,http://www.erie.gov/health,https://www.facebook.com/ecdoh,https://twitter.com/ECDOH,True,"95 Franklin St Buffalo, NY 14202"
Essex County Public Health Department,Essex,Elizabethtown,NY,12932,(518) 873-3515,https://essexcountyny.gov/Health/,https://www.facebook.com/EssexCountyPublicHealth/,,True,"132 Water St Elizabethtown, NY 12932"
Franklin County Public Health Services,Franklin,Malone,NY,12953,(518) 481-1707,https://www.franklincountyny.gov/departments/human_services/public_health/index.php,https://www.facebook.com/Franklin-County-Public-Health-1502374199977567/,,True,"355 W Main St Malone, NY 12953"
Fulton County Public Health Department,Fulton,Johnstown,NY,12095,(518) 736-5720,https://www.fultoncountyny.gov/public-health,https://www.facebook.com/Fulton-County-Public-Health-Department-171315776341585/,https://twitter.com/FultCountyNYBOS,True,"2714 State Highway 29 Johnstown, NY 12095"
Genesee County Health Department,Genesee,Batavia,NY,14020,(585) 344-2580 (5512),https://www.geneseeny.gov/gohealth/Home,https://www.facebook.com/GOHealthNY/,https://twitter.com/gohealthny,True,"3837 W Main Street Rd Batavia, NY 14020"
Greene County Public Health Department,Greene,Catskill,NY,12414,(518) 719-3589,https://www.greenegovernment.com/departments/public-health,https://www.facebook.com/GreeneNYHealth/,https://twitter.com/GreeneNYHealth/,True,"411 Main St Catskill, NY 12414"
Hamilton County Public Health Nursing Service,Hamilton County Public Health Nursing,Lake,NY,12842,(518) 648-6497,https://www.hamiltoncounty.com/health-human-services/public-health-home,https://www.facebook.com/HCPHNS,,True,"PO BOX 250 Indian Lake, NY 12842-0250"
Herkimer County Public Health Nursing Service,Herkimer County Public Health Nursing,Herkimer,NY,13350,(315) 867-1176,https://www.herkimercountyny.gov/departments/public-health/,https://www.facebook.com/Herkimer-County-Government-131732183516993/,,True,"301 N Washington St Ste 2300 Herkimer, NY 13350-1299"
Jefferson County Public Health Service,Jefferson,Watertown,NY,13601,(315) 786-3710,http://www.jcphs.org,https://www.facebook.com/JCPHS/,https://twitter.com/JCPHS,True,"531 Meade St Watertown, NY 13601"
Lewis County Public Health Agency,Lewis,Lowville,NY,13367,(315) 376-5453,http://lewiscountypublichealth.com,https://www.facebook.com/lewiscountypublichealth/,https://twitter.com/HealthLewis,True,"7785 N State St Ste 2 Lowville, NY 13367-1229"
Livingston County Department of Health,Livingston,Morris,NY,14510,(585) 243-7270,https://www.livingstoncountyny.gov/172/Department-of-Health,https://www.facebook.com/LivCoNY/,https://twitter.com/LivingstonCoNY,True,"2 Murray Hill Dr Mount Morris, NY 14510-1122"
Madison County Health Department,Madison,Wampsville,NY,13163,(315) 366-2361,http://www.healthymadisoncounty.org,https://www.facebook.com/MadisonCountyNewYork,,True,"PO BOX 605 Wampsville, NY 13163"
Monroe County Department of Public Health,Monroe,Rochester,NY,14620,(585) 753-2989,https://www.monroecounty.gov/health,,,True,"111 Westfall Rd Rochester, NY 14620"
Montgomery County Public Health,Montgomery,Amsterdam,NY,12010,(518) 853-3531,https://www.co.montgomery.ny.us/web/sites/departments/publichealth/contact.asp,https://www.facebook.com/MontgomeryCoNY,,True,"1 Venner Rd Amsterdam, NY 12010"
Nassau County Department of Health,Nassau,Mineola,NY,11501,(516) 227-9500,http://www.nassaucountyny.gov/agencies/Health/index.html,,,True,"200 County Seat Drive Mineola, NY 11501"
New York City Department of Health and Mental Hygiene,New York City Department of Health and Mental Hygiene,City,NY,11101,(347) 396-4844,https://www1.nyc.gov/site/doh/index.page,https://www.facebook.com/nychealth/,https://twitter.com/nycHealthy,True,"4209 28th St Long Island City, NY 11101-4130"
Niagara County Department of Health,Niagara,Lockport,NY,14094,(716) 439-7435,http://www.niagaracounty.com/Health,https://www.facebook.com/niagaracountydoh,,True,"55 Stevens St Lockport, NY 14094"
Oneida County Health Department,Oneida,Utica,NY,13501,(315) 798-5220,http://ocgov.net/oneida/health,https://www.facebook.com/OneidaCountyGovernment/,https://twitter.com/AJPicenteJr,True,"185 Genesee St Ste 500 Utica, NY 13501-2110"
Onondaga County Health Department,Onondaga,Syracuse,NY,13202,(315) 435-3252,http://www.ongov.net/health/,https://www.facebook.com/ongovhealth,,True,"421 Montgomery St Fl 9Th Syracuse, NY 13202-2923"
Ontario County Public Health,Ontario,Canandaigua,NY,14424,(585) 396-4343,http://www.ontariocountypublichealth.com/,https://www.facebook.com/OCPHealth,,True,"3019 County Complex Dr Canandaigua, NY 14424"
Orange County Department of Health,Orange,Goshen,NY,10924,(845) 615-3870,https://www.orangecountygov.com/2354/Health,https://www.facebook.com/OCNYDOH/,https://twitter.com/OCGovNY,True,"124 Main St Goshen, NY 10924"
Orleans County Health Department,Orleans,Albion,NY,14411,(585) 589-3250,https://gohealthny.org,https://www.facebook.com/GOHealthNY/,https://twitter.com/gohealthny,True,"14016 State Route 31 Albion, NY 14411"
Oswego County Health Department,Oswego,Oswego,NY,13126,(315) 349-3595,https://health.oswegocountyny.gov/,https://www.facebook.com/OswegoHealthDpt/,https://twitter.com/OswegoHealthDpt,True,"70 Bunner St Oswego, NY 13126"
Otsego County Department of Health,Otsego,Cooperstown,NY,13326,(607) 547-6459,https://www.otsegocountyny.gov/departments/health_department/index.php,https://www.facebook.com/OtsegoCountyDepartmentofHealth/?ref=hl,,True,"140 County Highway 33W Cooperstown, NY 13326"
Putnam County Health Department,Putnam,Brewster,NY,10509,(845) 808-1340 (43178),https://www.putnamcountyny.gov/health,https://www.facebook.com/putnamhealthny,https://twitter.com/PutnamHealthNY,True,"1 Geneva Rd Brewster, NY 10509"
Rensselaer County Department of Health,Rensselaer,Troy,NY,12180,(518) 270-2655,https://www.rensco.com/241/Public-Health,https://www.facebook.com/RenssCntyHHS/,,True,"1600 7th Ave Troy, NY 12180"
Rockland County Department of Health,Rockland,Pomona,NY,10970,(845) 364-2505,https://www.rocklandcountyny.gov/departments/health,https://www.facebook.com/rockhealth/,https://twitter.com/rockhealth,True,"50 Sanatorium Rd Bldg D Pomona, NY 10970"
Saratoga County Department of Health,Saratoga,Spa,NY,12020,(518) 584-7460 (8333),https://www.saratogacountyny.gov/departments/health/,https://www.facebook.com/saratogacountypublichealth/,,True,"6012 County Farm Rd Ballston Spa, NY 12020"
Schenectady County Public Health Services,Schenectady,Schenectady,NY,12308,(518) 386-2824,https://www.schenectadycountyny.gov/public-health,,,True,"107 Nott Terrace Schenectady, NY 12308"
Schoharie County Health Department,Schoharie,Schoharie,NY,12157,(518) 295-8768,https://www.schohariecounty-ny.gov/departments/public_health/index.php,,,True,"284 Main Street Schoharie, NY 12157"
Schuyler County Public Health,Schuyler,Glen,NY,14891,(607) 535-8140,http://www.schuylercounty.us/publichealth,https://www.facebook.com/SchuylerPublicHealth/,https://twitter.com/SchuylerCoPH,True,"910 S Decatur St Watkins Glen, NY 14891"
Seneca County Health Department,Seneca,Waterloo,NY,13165,(315) 539-1951,https://senecacountyhealthny.gov/,https://www.facebook.com/SenecaCountyHealth/,,True,"2465 Bonadent Dr Ste 3 Waterloo, NY 13165-4111"
St. Lawrence County Health Department,St. Lawrence,Canton,NY,13617,(315) 299-3463,https://stlawco.gov/Departments/PublicHealth,https://www.facebook.com/SLCPublicHealth,,True,"80 St. Hwy 310 Canton, NY 13617-1476"
Steuben County Public Health,Steuben,Bath,NY,14810,(607) 664-2438,https://www.steubencountyny.gov/273/Public-Health,https://www.facebook.com/SCNYPublicHealth,https://twitter.com/SteubenCoHealth,True,"3 E Pulteney Sq Bath, NY 14810-1510"
Suffolk County Department of Health Services,Suffolk,River,NY,11739,(631) 854-0100,https://www.suffolkcountyny.gov/health,https://www.facebook.com/SuffolkCountyHealthServices?ref=hl,https://twitter.com/SuffolkCoHealth,True,"3500 Sunrise Highway Great River, NY 11739-1001"
Sullivan County Public Health Services,Sullivan,Liberty,NY,12754,(845) 513-2229,https://www.sullivanny.gov/Departments/Publichealth,https://www.facebook.com/pages/Sullivan-County-NY-Government/326054397578240,,True,"50 Community Ln Liberty, NY 12754"
The Seneca Nation (New York) Health System,The Seneca Nation (New York) Health System,Irving,NY,14081,(716) 945-5894,http://www.senecahealth.org,,,True,"28 Thomas Indian School DR Irving, NY 14081-9300"
Tioga County Health Department,Tioga,Owego,NY,13827,(607) 687-8637,https://www.tiogacountyny.com/departments/public-health/,,,True,"PO BOX 120 Owego, NY 13827"
Tompkins County Health Department,Tompkins,Ithaca,NY,14850,(607) 274-6310,https://www.tompkinscountyny.gov/health,https://www.facebook.com/TompkinsPublicHealth/,https://twitter.com/TompkinsHealth,True,"55 Brown Rd Ithaca, NY 14850"
Ulster County Health Department,Ulster,Kingston,NY,12401,(845) 340-3009,http://ulstercountyny.gov/health/health-mental-health,https://www.facebook.com/UCDeptHealth/,,True,"239 Golden Hill Ln Kingston, NY 12401"
Warren County Health Services,Warren,George,NY,12845,(518) 761-6580,https://www.warrencountyny.gov/healthservices,https://www.facebook.com/warrencountynypublichealth/,,True,"1340 State Route 9 Lake George, NY 12845"
Washington County Public Health Department,Washington,Edward,NY,12828,(518) 746-2400 (2429),https://www.washingtoncountyny.gov/299/Public-Health-Services,https://www.facebook.com/washingtoncountynypublichealth,https://twitter.com/washingtoncoph,True,"1153 Burgoyne Ave Fort Edward, NY 12828"
Wayne County Public Health Service,Wayne,Lyons,NY,14489,(315) 946-5749 (5680),https://waynecountyny.gov/881/Public-Health,https://www.facebook.com/WayneCountyPublicHealth/,,True,"1519 Nye Rd Ste 200 Lyons, NY 14489"
Westchester County Health Department,Westchester,Plains,NY,10606,(914) 864-7292,https://health.westchestergov.com/,https://www.facebook.com/WCHEALTHDEPT/,https://twitter.com/wchealthdept,True,"11 Martine Ave White Plains, NY 10606"
Wyoming County Health Department,Wyoming,Springs,NY,14550,(585) 786-8890,https://www.wyomingco.net/203/Health-Department,https://www.facebook.com/WyomingCountyHealthDepartment/,,True,"5362 Mungers Mill Rd, Bldg A Silver Springs, NY 14550"
Yates County Public Health Department,Yates,Yan,NY,14527,(315) 536-5160,http://www.yatescountypublichealth.org,https://www.facebook.com/pages/Yates-County-Public-Health/714348821975400,,True,"417 Liberty St Ste 2021 Penn Yan, NY 14527-1124"
Alamance County Health Department,Alamance,Burlington,NC,27217,(336) 513-5514,http://www.alamance-nc.com/health,https://www.facebook.com/AlamanceCountyHealthDept/,https://twitter.com/ACHealthDept,True,"319 N Graham Hopedale Rd Fl B Burlington, NC 27217-2992"
Albemarle Regional Health Services,Albemarle,City,NC,27907,(252) 337-6716,http://www.arhs-nc.org,,,True,"711 Roanoke Ave Elizabeth City, NC 27907-0189"
Alexander County Health Department,Alexander,Taylorsville,NC,28681,(828) 632-9704 (414),https://alexanderhealth.org/#,,,True,"338 1st Ave SW Taylorsville, NC 28681-2402"
Anson County Health Department,Anson,Wadesboro,NC,28170,(704) 994-3377,https://www.co.anson.nc.us/164/Health-Department,,,True,"PO Box 473 Wadesboro, NC 28170-0473"
Appalachian District Health Department (AppHealthCare),Appalachian District Health Department (AppHealthCare),Boone,NC,28607,(828) 964-8109,https://www.apphealthcare.com/,https://www.facebook.com/AppHealthCare-209459329094732/,https://twitter.com/AppDistrictHD,True,"126 Poplar Grove Connector Boone, NC 28607-6068"
Beaufort County Health Department,Beaufort,Washington,NC,27889,(252) 946-1902,http://www.bchd.net,,,True,"1436 Highland Dr Washington, NC 27889-3222"
Bladen County Health Department,Bladen,Elizabethtown,NC,28337,(910) 872-6253,http://www.bladeninfo.org/departments/health,,,True,"PO BOX 189 Elizabethtown, NC 28337-0189"
Brunswick County Health Department,Brunswick,Bolivia,NC,28422,(910) 798-6592,http://www.brunswickcountync.gov,,,True,"PO BOX 9 Bolivia, NC 28422-0009"
Buncombe County Health Department,Buncombe,Asheville,NC,28801,(828) 250-5106,http://www.buncombecounty.org/governing/depts/health,,,True,"35 Woodfin St Asheville, NC 28801-3013"
Burke County Health Department,Burke,Morganton,NC,28680,(828) 764-9150,https://www.burkenc.org/1221/Health-Department---Public-Health,,,True,"PO BOX 1266 Morganton, NC 28680-1266"
Cabarrus Health Alliance,Cabarrus Health Alliance,Kannapolis,NC,28081,(704) 920-1345,http://www.cabarrushealth.org,,,True,"300 Mooresville Rd Kannapolis, NC 28081-0304"
Caldwell County Health Department,Caldwell,Lenoir,NC,28645,(828) 426-8415,https://www.caldwellcountync.org/health-department,https://www.facebook.com/CaldwellCountyHealthDepartmentNC,https://twitter.com/CCHDHealthEd,True,"2345 Morganton Blvd SW Lenoir, NC 28645"
Carteret County Health Department,Carteret,City,NC,28557,(704) 216-8777,https://www.carteretcountync.gov/836/Health-Department,,,True,"3820 Bridges St Ste A Morehead City, NC 28557-2979"
Caswell County Health Department,Caswell,Yanceyville,NC,27379,(336) 694-4129,http://cchd.caswellnc.us/index2.html,,,True,"PO BOX 1238 Yanceyville, NC 27379-1238"
Catawba County Public Health,Catawba,Hickory,NC,28602,(828) 695-5801,https://www.catawbacountync.gov/county-services/public-health/,,,True,"3070 11th Avenue Dr SE Hickory, NC 28602-8336"
Chatham County Public Health Department,Chatham,Pittsboro,NC,27312,(919) 542-8215,https://www.chathamnc.org/,,,True,"PO BOX 130 Pittsboro, NC 27312-0129"
Cherokee County Health Department,Cherokee,Murphy,NC,28906,(828) 837-7486,http://www.cherokeecounty-nc.gov,,,True,"228 Hilton St Murphy, NC 28906-2814"
Clay County Health Department,Clay,Hayesville,NC,28904,(828) 389-8052,http://www.clayhdnc.us,,,True,"345 Courthouse Dr Hayesville, NC 28904-0020"
Cleveland County Health Department,Cleveland,Shelby,NC,28152,(980) 484-5200,https://www.clevelandcountyhdnc.com,,,True,"200 S Post Rd Shelby, NC 28152-6269"
Columbus County Health Department,Columbus,Whiteville,NC,28472,(910) 640-6615 (7016),https://www.columbusco.org/health-department,,,True,"PO BOX 810 Whiteville, NC 28472-0810"
Craven County Health Department,Craven,Bern,NC,28562,(252) 636-4963,https://www.cravencountync.gov/153/Health,,,True,"2818 Neuse Blvd New Bern, NC 28562-2850"
Cumberland County Department of Public Health,Cumberland,Fayetteville,NC,28301,(910) 433-3707,http://www.co.cumberland.nc.us/departments/public-health-group/public-health,,,True,"1235 Ramsey St Fayetteville, NC 28301-4401"
Dare County Health Department,Dare,Manteo,NC,27954,(252) 475-5076,http://www.co.dare.nc.us/health,,,True,"109 Exeter St Manteo, NC 27954-9400"
Davidson County Health Department,Davidson,Lexington,NC,27292,(336) 242-2349,https://www.co.davidson.nc.us/,,,True,"915 N Greensboro St Lexington, NC 27292"
Davie County Health and Human Services,Davie,Mocksville,NC,27028,(336) 753-6750 (6751),http://www.daviecountync.gov,,,True,"154 Government Center Drive Mocksville, NC 27028"
Duplin County Health Department,Duplin,Kenansville,NC,28349,(910) 296-2130,http://www.duplincountync.com,,,True,"340 Seminary Street Kenansville, NC 28349-0948"
Durham County Department of Public Health,Durham,Durham,NC,27701,(919) 560-7650,http://www.dconc.gov/publichealth,,,True,"414 E Main St Durham, NC 27701"
Edgecombe County Health Department,Edgecombe,Tarboro,NC,27886,(252) 641-7531,http://edgecombecountync.gov,https://www.facebook.com/edgecombecountync,https://twitter.com/edgecombecounty,True,"122 E Saint James St Tarboro, NC 27886"
Foothills District,Foothills,Spindale,NC,28160,(828) 223-3908,http://www.foothillshd.org/,https://www.facebook.com/FoothillsPublicHealth/,,True,"221 Callahan Koon Rd Spindale, NC 28160-2207"
Forsyth County Department of Public Health,Forsyth,Salem,NC,27101,(336) 703-3100,http://www.co.forsyth.nc.us/publichealth,,,True,"799 Highland Ave Winston Salem, NC 27101"
Franklin County Health Department,Franklin,Louisburg,NC,27549,(919) 496-8110,https://www.franklincountync.gov/county_services/health_department/index.php,,,True,"107 Industrial Dr Ste C Louisburg, NC 27549-2371"
Gaston County Public Health,Gaston,Gastonia,NC,28052,(704) 853-5139,https://www.gastongov.com/government/departments/health_and_human_services/public_health/index.php,,,True,"991 W Hudson Blvd Gastonia, NC 28052-6430"
Graham County Health Department,Graham,Robbinsville,NC,28771,(828) 479-7983,http://www.health.grahamcounty.org,https://www.facebook.com/Graham-county-health-department-169389336577534,https://twitter.com/GrahamCoHealth,True,"PO Box 1848 Robbinsville, NC 28771-1848"
Granville Vance District Health Department,Granville Vance,Oxford,NC,27565,(919) 614-3447,http://www.gvph.org,,,True,"1028 College Street Oxford, NC 27565-3497"
Greene County Health Department,Greene,Hill,NC,28580,(252) 747-8183 (299),http://www.co.greene.nc.us,,,True,"227 Kingold Blvd Ste B Snow Hill, NC 28580-1303"
Guilford County Department of Public Health,Guilford,Greensboro,NC,27405,(336) 641-6026,https://www.guilfordcountync.gov/our-county/human-services/health-department,https://www.facebook.com/GuilfordCountyPublicHealth,,True,"1203 Maple St Greensboro, NC 27405-6910"
Halifax County Health Department,Halifax,Halifax,NC,27839,(252) 583-5021 (6303),http://www.halifaxnc.com,https://www.facebook.com/HCPHS/,https://twitter.com/hcphs_nc,True,"19 Dobbs St Halifax, NC 27839"
Harnett County Health Department,Harnett,Lillington,NC,27546,(910) 893-7550,https://www.harnett.org,,,True,"307 W Cornelius Harnett Blvd Lillington, NC 27546-9335"
Haywood County Health Department,Haywood,Clyde,NC,28721,(828) 356-2244,https://www.haywoodcountync.gov/417/Public-Health,,,True,"157 Paragon Pkwy Ste 800 Clyde, NC 28721-9465"
Henderson County Department of Public Health,Henderson,Hendersonville,NC,28792,(442) 265-1483,http://www.hendersoncountync.org/health,,,True,"1200 Spartanburg Hwy Ste 100 Hendersonville, NC 28792-5840"
Hoke County Health Center,Hoke,Raeford,NC,28376,(910) 875-3717 (2111),http://www.hokecounty.net,,,True,"683 E Palmer St Raeford, NC 28376-6648"
Hyde County Health Department,Hyde,Swanquarter,NC,27885,(252) 926-4387,https://www.hydecountync.gov/departments/health_department.php,https://www.facebook.com/HydeCountyHealthDepartment,,True,"PO BOX 100 Swanquarter, NC 27885-0100"
Iredell County Health Department,Iredell,Statesville,NC,28625,(704) 878-5300,http://www.co.iredell.nc.us/Departments/Health,,,True,"318 Turnersburg Hwy Statesville, NC 28625-2798"
Jackson County Department of Public Health,Jackson,Sylva,NC,28779,(828) 586-8994,https://www.jacksonnc.org/165/Department-of-Public-Health,,,True,"538 Scotts Creek Rd Ste 100 Sylva, NC 28779-5281"
Johnston County Health Department,Johnston,Smithfield,NC,27577,(919) 989-5200,http://www.johnstonnc.com/health,,,True,"517 N Brightleaf Blvd Smithfield, NC 27577-4407"
Jones County Health Department,Jones,Trenton,NC,28585,(252) 448-9111,https://jonescountync.gov/departments/health-department/,https://www.facebook.com/jonescountyhd,,True,"418 Hwy. 58 N., Unit C Trenton, NC 28585"
Lee County Health Department,Lee,Sanford,NC,27331,(919) 718-4640,https://leecountync.gov/departments/public_health/index.php,,,True,"PO BOX 1528 Sanford, NC 27331-1528"
Lenoir County Health Department,Lenoir,Kinston,NC,28502,(252) 526-4200,https://lenoircountync.gov/health-department/,,,True,"PO BOX 3385 Kinston, NC 28502-3385"
Lincoln County Health Department,Lincoln,Lincolnton,NC,28092,(704) 479-5030,https://www.lincolncountync.gov/117/Health,,,True,"200 Gamble Dr Lincolnton, NC 28092-4421"
Macon County Public Health Center,Macon,Franklin,NC,28734,(828) 349-2081,https://www.maconnc.org/health-department.html,https://www.facebook.com/MaconPublicHealth/,,True,"1830 Lakeside Dr Franklin, NC 28734-6778"
Madison County Health Department,Madison,Marshall,NC,28753,(828) 649-3531,https://www.madisoncountyhealth.org,,,True,"493 Medical Park Dr Marshall, NC 28753-3901"
Martin Tyrrell Washington District,Martin Tyrrell Washington,Plymouth,NC,27925,(252) 793-3023,https://mtwdistricthealth.org/,,,True,"198 NC Highway Plymouth, NC 27925"
Mecklenburg County Health Department,Mecklenburg,Charlotte,NC,28211,(704) 336-4700,https://health.mecknc.gov,,,True,"249 Billingsley Rd Charlotte, NC 28211-1003"
Montgomery County Health Department,Montgomery,Troy,NC,27371,(910) 572-1393,https://www.montgomerycountync.gov/departments/health-department,,,True,"217 S Main St Troy, NC 27371-3200"
Moore County Health Department,Moore,Carthage,NC,28327,(910) 947-3300,http://www.moorecountync.gov/health,https://www.facebook.com/moorecountyhealth,https://twitter.com/mocohealth,True,"PO BOX 279 Carthage, NC 28327-0279"
Nash County Health Department,Nash,Nashville,NC,27856,(252) 459-9819,https://nashcountync.gov/227/Health-Department,,,True,"214 S Barnes St Nashville, NC 27856-1204"
New Hanover County Health Department,New Hanover,Wilmington,NC,28401,(910) 798-6554,http://health.nhcgov.com/,https://www.facebook.com/NHCHealth/,https://twitter.com/nhchealth,True,"1650 Greenfield St Wilmington, NC 28401-6456"
Northampton County Health Department,Northampton,Jackson,NC,27845,(252) 534-5841,http://www.northamptonhd.com,https://www.facebook.com/Northampton-County-Health-Department-1487812738139632/,,True,"9495 NC 305 Hwy. Jackson, NC 27845"
Onslow County Health Department,Onslow,Jacksonville,NC,28540,(910) 347-2154,https://www.onslowcountync.gov/2132/Health,,,True,"612 College St Jacksonville, NC 28540-5311"
Orange County Health Department,Orange,Hillsborough,NC,27278,(919) 245-2400,https://orangecountync.gov/204/Health-Department,https://www.facebook.com/orangecountyhealthdepartment/,https://twitter.com/OrangeHealthNC,True,"300 W Tryon St Hillsborough, NC 27278-2438"
Pamlico County Health Department,Pamlico,Bayboro,NC,28515,(252) 745-5111,https://www.pamlicocounty.org/departments/health_department/index.php,,,True,"PO BOX 306 Bayboro, NC 28515-0306"
Pender County Health Department,Pender,Burgaw,NC,28425,(910) 259-1230,http://health.pendercountync.gov/,,,True,"803 S Walker St Burgaw, NC 28425-5001"
Person County Health Department,Person,Roxboro,NC,27573,(336) 597-2204 (2241),https://www.personcountync.gov/government/departments-a-h/health-department-4245,https://www.facebook.com/PCHealthDept/,https://twitter.com/PersonCountyNC,True,"355 S Madison Blvd Ste A Roxboro, NC 27573-5485"
Pitt County Public Health Center,Pitt,Greenville,NC,27834,(252) 902-2300,https://www.pittcountync.gov/229/Public-Health,https://www.facebook.com/pittcountyhealthdepartment/,,True,"201 Government Cir Greenville, NC 27834-8198"
Polk County Health Department,Polk,Columbus,NC,28722,(828) 894-8271,https://www.polknc.gov/health_department/,,,True,"161 Walker St Columbus, NC 28722-9433"
Randolph County Health Department,Randolph,Asheboro,NC,27205,(336) 318-6200,http://www.randolphcountync.gov/Departments/Health-Department,https://www.facebook.com/randolphcountyhealth/,,True,"2222 S Fayetteville St Ste B Asheboro, NC 27205-7368"
Richmond County Health Department,Richmond,Rockingham,NC,28379,(910) 997-8301,https://richmondnc.com/202/HEALTH-DEPARTMENT,,,True,"127 Caroline St Rockingham, NC 28379-3567"
Robeson County Health Department,Robeson,Lumberton,NC,28360,(910) 671-3404,https://robesoncountyhealthdepartment.com,,,True,"460 Country Club Rd Lumberton, NC 28360-9494"
Rockingham County Health Department,Rockingham,Wentworth,NC,27375,(336) 342-8140,https://www.rockinghamcountync.gov/21039/public-health,,,True,"371 NC 65 Suite 204 Wentworth, NC 27375-0204"
Rowan County Health Department,Rowan,Salisbury,NC,28146,(704) 216-8777,https://www.rowancountync.gov/256/Health-Department,,,True,"1811 E Innes ST Salisbury, NC 28146-6030"
Sampson County Health Department,Sampson,Clinton,NC,28328,(910) 592-1131,https://www.sampsoncountync.gov/Government/Departments-A-Z/Health-Department,,,True,"360 County Complex Rd Ste 200 Clinton, NC 28328-4846"
Scotland County Health Department,Scotland,Laurinburg,NC,28353,(910) 277-2440,http://www.scotlandcounty.org,,,True,"PO BOX 69 Laurinburg, NC 28353-0069"
Stanly County Health Department,Stanly,Albemarle,NC,28001,(704) 986-3000,https://health.stanlycountync.gov,https://www.facebook.com/stanlyhealth/,,True,"1000 N 1St St Ste 3 Albemarle, NC 28001-2819"
Stokes Family Health Center,Stokes Family,Danbury,NC,27016,(336) 593-2400,http://www.co.stokes.nc.us,,,True,"PO BOX 187 Danbury, NC 27016-0187"
Surry County Health and Nutrition Center,Surry County Health and Nutrition,Dobson,NC,27017,(336) 401-8411,http://www.surry.com,,,True,"118 Hamby Rd Dobson, NC 27017-8471"
Swain County Health Department,Swain,City,NC,28713,(828) 488-3198,https://www.swaincountync.gov/health-department/,https://www.facebook.com/SwainHealth/,,True,"545 Center St Bryson City, NC 28713-6609"
Toe River District,Toe River,Bakersville,NC,28705,(828) 765-2368 (16),http://www.toeriverhealth.org,,,True,"130 Forest Service Dr Ste D Bakersville, NC 28705-7081"
Transylvania County Health Department,Transylvania,Brevard,NC,28712,(828) 884-3135 (228),http://transylvaniacounty.org/departments/public-health,,,True,"98 E Morgan St Brevard, NC 28712-4514"
Union County Health Department,Union,Monroe,NC,28110,(704) 296-4800,https://www.unioncountync.gov/government/departments-f-p/public-health,,,True,"2330 Concord Ave Monroe, NC 28110-8767"
Wake County Health & Human Services,Wake,Raleigh,NC,27620,(919) 212-7759,http://www.wakegov.com,https://www.facebook.com/wakegov/,https://twitter.com/wakegov,True,"10 Sunnybrook Road Raleigh, NC 27620-4049"
Warren County Health Department,Warren,Warrenton,NC,27589,(252) 257-1185,http://warrencountyhd.com/,,,True,"544 W Ridgeway St Warrenton, NC 27589-1716"
Wayne County Health Department,Wayne,Goldsboro,NC,27534,(919) 731-1302,http://www.waynegov.com/health,,,True,"1560 Clingman ST Goldsboro, NC 27534-2162"
Wilkes County Health Department,Wilkes,Wilkesboro,NC,28697,(336) 651-7450,http://www.wilkeshealth.com,,,True,"306 College St Wilkesboro, NC 28697-2854"
Wilson County Department of Public Health,Wilson,Wilson,NC,27893,(252) 237-3141,https://www.wilsoncountync.gov/departments/health-department,,,True,"1801 Glendale DR SW Wilson, NC 27893-4401"
Yadkin County Health Department,Yadkin,Yadkinville,NC,27055,(336) 849-7910,https://www.yadkincountync.gov/353/Human-Services,,,True,"PO Box 548 Yadkinville, NC 27055-0548"
Yancey County Health Department,Yancey,Burnsville,NC,28714,(828) 682-6118,https://sites.google.com/view/yanceycountyhealthdepartment?usp=sharing,,,True,"202 Medical Campus DR Burnsville, NC 28714-9004"
Bismarck-Burleigh Public Health,Bismarck-Burleigh,Bismarck,ND,58504,(701) 355-1540,http://bismarcknd.gov/publichealth,https://www.facebook.com/BBPH.gov/,https://twitter.com/BBPublicHealth,True,"407 S 26th St Bismarck, ND 58504"
Cavalier County Health District,Cavalier,Langdon,ND,58249,(701) 256-2402,http://www.cavaliercountyhealth.com,https://www.facebook.com/cavaliercountypublichealth/,,True,"901 3Rd St Ste 11 Langdon, ND 58249-2457"
Central Valley Health District,Central Valley,Jamestown,ND,58401,(701) 252-8130,http://centralvalleyhealth.org,https://www.facebook.com/CentralValleyHealth,https://twitter.com/cvhd_jamestown,True,"122 2Nd St Nw Jamestown, ND 58401-3117"
City-County Health District,City-County,City,ND,58072,(701) 845-8518,http://www.citycountyhealth.org,,,True,"415 2Nd Ave Ne Valley City, ND 58072-3061"
Dickey County Health District,Dickey,Ellendale,ND,58436,(701) 349-4348,https://dickeynd.com,,,True,"205 15Th St N Ellendale, ND 58436-7600"
Emmons County Public Health,Emmons,Linton,ND,58552,(701) 254-4027,http://www.emmonsnd.com/public-health.html,https://www.facebook.com/ECPH.gov/,,True,"118 E Spruce Ave Linton, ND 58552-7104"
Fargo/Cass Public Health,Fargo/Cass,Fargo,ND,58103,(701) 241-1360,https://fargond.gov/city-government/departments/fargo-cass-public-health,,,True,"1240 25th St. S Fargo, ND 58103-2367"
First District Health Unit,First,Minot,ND,58701,(701) 852-1376,http://www.fdhu.org,,,True,"801 11Th Ave Sw Minot, ND 58701-4274"
Foster County Public Health,Foster,Carrington,ND,58421,(701) 652-3087,https://fostercountypublichealth.com/,https://www.facebook.com/Foster-County-Public-Health-229289797223657/,,True,"881 Main ST Carrington, ND 58421-1257"
Grand Forks Public Health Department,Grand Forks,Forks,ND,58201,(701) 787-8100,http://www.grandforksgov.com/publichealth,https://www.facebook.com/gfpublichealth,https://twitter.com/GFPublicHealth,True,"151 S 4Th St Ste N301 Grand Forks, ND 58201-4735"
Kidder County District Health Unit,Kidder,Steele,ND,58482,(701) 475-2582,https://www.kiddercountyhealth.com,https://www.facebook.com/KCDHU/,,True,"422 2Nd Ave Nw Steele, ND 58482-7320"
LaMoure County Public Health Department,LaMoure,Lamoure,ND,58458,(701) 883-5356,https://lamourecountynd.com/public-health,,,True,"PO BOX 692 Lamoure, ND 58458-0692"
Lake Region District Health Unit,Lake,Lake,ND,58301,(701) 662-7037,http://Lrdhu.com,https://www.facebook.com/LRDHU/,,True,"524 4th Ave NE #9 Devils Lake, ND 58301-2490"
McIntosh District Health Unit,McIntosh,Ashley,ND,58413,(701) 288-3957,https://www.breathend.com/publichealthunits/mcintosh-district-health-unit/,,,True,"511 3Rd Ave Nw Ashley, ND 58413-7131"
Nelson-Griggs District Health Unit,Nelson-Griggs,Mcville,ND,58254,(701) 322-5624,https://nelsongriggshealth.com,,,True,"116 S Main St Mcville, ND 58254-4208"
Pembina County Health Department,Pembina,Cavalier,ND,58220,(701) 265-4248,http://www.pembinacountynd.gov,,,True,"301 Dakota St W Unit 2 Cavalier, ND 58220-4100"
Ransom County Public Health,Ransom,Lisbon,ND,58054,(701) 683-6140,http://www.ndhealth.gov/Localhd/RCHD/,,,True,"404 Forest St Lisbon, ND 58054-4136"
Richland County Health Department,Richland,Wahpeton,ND,58075,(701) 642-7735,http://www.richlandcountyhealth.org,https://www.facebook.com/Richland-County-Health-Department-171155356301969/,,True,"413 3Rd Ave N Wahpeton, ND 58075-4427"
Rolette County Public Health District,Rolette,Rolla,ND,58367,(701) 477-5646,http://www.rcphd.com,,,True,"PO Box 726 Rolla, ND 58367-0726"
Sargent County District Health Unit,Sargent,Forman,ND,58032,(701) 724-3725,http://sargentnd.com/dept_district_health_unit.php,https://www.facebook.com/scdhu,,True,"316 Main Street Forman, ND 58032"
Southwestern District Health Unit,Southwestern,Dickinson,ND,58601,(701) 483-0171,http://Swdhu.net,,,True,"227 16Th St W Dickinson, ND 58601-4675"
Spirit Lake Tribal Health,Spirit Lake Tribal,Totten,ND,58335,(701) 766-4236,http://www.spiritlakenation.com,,,True,"PO Box 480 Fort Totten, ND 58335-0480"
Standing Rock Tribal Health,Standing Rock Tribal,Yates,ND,58538,(701) 854-7206,http://www.standingrock.org,,,True,"PO Box D Fort Yates, ND 58538-0522"
Steele County Public Health Department,Steele,Finley,ND,58230,(701) 524-2060,http://www.co.steele.nd.us/health,,,True,"201 Washington Ave W Finley, ND 58230-3072"
Three Affiliated Tribes,Three Affiliated Tribes,Town,ND,58763,(701) 627-7613,https://www.mhanation.com/health-administration,,,True,"1302 12th St N New Town, ND 58763"
Towner County Public Health District,Towner,Cando,ND,58324,(701) 968-4353,,,,True,"404 5th Ave., Suite #3, North Door Cando, ND 58324"
Traill District Health Unit,Traill,Hillsboro,ND,58045,(701) 636-4434,http://www.co.traill.nd.us,,,True,"PO BOX 58 Hillsboro, ND 58045-0058"
Trenton Indian Service Area - Trenton Community Clinic,Trenton Indian Service Area - Trenton Community Clinic,Trenton,ND,58853,(701) 774-0461,https://mytisa.org/?page_id=1207,,,True,"PO Box 210 Trenton, ND 58853-0210"
Turtle Mountain Chippewa,Turtle Mountain Chippewa,Belcourt,ND,58316,(701) 477-8469,https://www.tmbcimasterhealth.com/,,,True,"PO BOX 160 Belcourt, ND 58316-0160"
Upper Missouri District Health Unit,Upper Missouri,Williston,ND,58801,(701) 774-6400,http://www.umdhu.org,,,True,"110 W Broadway Ste 101 Williston, ND 58801-6056"
Walsh County Health District,Walsh,Grafton,ND,58237,(701) 352-5139,https://walshcountynd.com/county-government/public-health-and-wic/,https://www.facebook.com/walshcountyhealth,,True,"638 Cooper Ave Ste 3 Grafton, ND 58237-1511"
Wells County District Health Unit,Wells,Harvey,ND,58341,(701) 324-5259,http://www.wellscountynd.com/?id=48&form_data_id=455,,,True,"1008 Adams Ave Harvey, ND 58341-1628"
Western Plains Public Health,Western Plains,Mandan,ND,58554,(701) 667-3370,https://www.westernplainsph.org,https://www.facebook.com/custerhealth/,,True,"403 Burlington ST SE Mandan, ND 58554-4271"
Adams County Health Department,Adams,Union,OH,45693,(937) 544-5547 (103),https://www.adamscountyhealth.org,,,True,"560 Rice DR West Union, OH 45693-9024"
Allen County Public Health,Allen,Lima,OH,45802,(419) 228-4457,http://www.allencountypublichealth.org,https://www.facebook.com/Allen-County-Health-Department-189873504254/,https://twitter.com/ACPublicHealth,True,"PO BOX 1503 Lima, OH 45802-1503"
Alliance City Health Department,Alliance,Alliance,OH,44601,(330) 821-7373,http://www.cityofalliance.com/health,https://www.facebook.com/City-of-Alliance-Health-Department-162247183813703/,https://twitter.com/AllianceCityPH,True,"537 E Market St Alliance, OH 44601-2514"
Ashland County Health Department,Ashland,Ashland,OH,44805,(419) 282-4231,http://ashlandhealth.com,https://www.facebook.com/ashlandhealth/,,True,"1211 Claremont Ave Ashland, OH 44805"
Ashtabula City Health Department,Ashtabula,Ashtabula,OH,44004,(440) 992-7143,https://www.cityofashtabula.com/health-department,https://www.facebook.com/cityofashtabulahealthdept/,,True,"4239 Lake Ave Ashtabula, OH 44004-6844"
Ashtabula County Health Department,Ashtabula,Jefferson,OH,44047,(440) 576-6010,https://ashtabulacountyhealth.com/,,,True,"12 W Jefferson St Jefferson, OH 44047-1028"
Athens City-County Health Department,Athens,Athens,OH,45701,(740) 592-4431,https://www.athenspublichealth.org/,https://www.facebook.com/athenscitycountyhd/,https://twitter.com/ACCHD_OH,True,"278 W Union St Athens, OH 45701-2310"
Auglaize County Health Department,Auglaize,Wapakoneta,OH,45895,(419) 738-3410 (104),http://www.auglaizehealth.org,,,True,"813 Defiance Sreet Wapakoneta, OH 45895-1020"
Belmont County Health Department,Belmont,Clairsville,OH,43950,(740) 695-1202 (14),,,,True,"68501 Bannock RD Saint Clairsville, OH 43950-9736"
Brown County Health Department,Brown,Georgetown,OH,45121,(937) 378-6892,http://www.browncountyhealth.org/,https://www.facebook.com/browncountyhealthohio,https://twitter.com/BCHD_Georgetown,True,"826 Mount Orab Pike Georgetown, OH 45121-9312"
Butler County General Health District,Butler County General,Hamilton,OH,45011,(513) 887-5236,https://health.bcohio.gov,https://www.facebook.com/ButlerCountyGeneralHealthDistrict/?eid=ARDhVc8tYSI3IiVMVKCPxiR_an3yU__kI-EN0nzpt_Bjbp_JqKgSm-FQDXZMx5lPZt9YLKPtCazO56AW,https://twitter.com/ACCHD_OH,True,"301 S 3rd St Hamilton, OH 45011"
Cambridge Guernsey County Health Department,Cambridge Guernsey,Cambridge,OH,43725,(740) 439-3577,http://www.guernseycountyhealthdepartment.org/,https://www.facebook.com/guernseycountyhealthdepartment/,https://twitter.com/GuernseyCTYHD,True,"326 Highland Ave Cambridge, OH 43725-2530"
Canton City Public Health,Canton,Canton,OH,44702,(330) 438-4623,http://www.cantonhealth.org,https://www.facebook.com/cantonhealth/,https://twitter.com/cantonhealth,True,"420 Market Ave N Canton, OH 44702-1544"
Carroll County General Health District,Carroll County General,Carrollton,OH,44615,(937) 484-1547,http://www.carroll-lhd.org,https://www.facebook.com/ccghd,https://twitter.com/carrolllhd,True,"PO BOX 98 Carrollton, OH 44615-0098"
Champaign Health District,Champaign,Urbana,OH,43078,(937) 484-1605,http://www.champaignhd.com/,https://www.facebook.com/ChampaignHealthDistrict/,https://twitter.com/ChampaignHealth,True,"1512 S Us Highway 68 Ste Q100 Urbana, OH 43078-9288"
Cincinnati Health Department,Cincinnati,Cincinnati,OH,45229,(513) 357-7281,https://www.cincinnati-oh.gov/health/,,,True,"3101 Burnet Ave Cincinnati, OH 45229-3014"
City of Hamilton Health Department,City of Hamilton,Hamilton,OH,45011,(513) 785-7083,https://www.hamilton-oh.gov/health,,,True,"345 High St Fl 3Rd Hamilton, OH 45011-6071"
City of Middletown Health Department,City of Middletown,Middletown,OH,45042,(513) 425-1818,https://www.cityofmiddletown.org/271/Health,,,True,"1 Donham Plaza Middletown, OH 45042-1901"
Clark County Combined Health District,Clark,Springfield,OH,45503,(937) 390-5600 (291),http://www.ccchd.com,,,True,"529 E Home Rd Springfield, OH 45503-2710"
Clermont County Health District,Clermont,Batavia,OH,45103,(513) 732-7499,https://clermonthealthohio.gov/,https://www.facebook.com/CCPHOhio,https://twitter.com/ccphohio,True,"2275 Bauer Rd Ste 300 Batavia, OH 45103-1914"
Cleveland Department of Public Health,Cleveland,Cleveland,OH,44114,(216) 664-2188,http://www.clevelandhealth.org,,,True,"75 Erieview Plz Cleveland, OH 44114-1839"
Clinton County Health District,Clinton,Wilmington,OH,45177,(937) 382-3829 (4142),https://co.clinton.oh.us/departments/HealthDistrict,https://www.facebook.com/ClintonCountyOhioHealth/,https://twitter.com/ColumbusHealth,True,"111 S Nelson Ave Ste 1 Wilmington, OH 45177-2067"
Columbiana County General Health District,Columbiana County General,Lisbon,OH,44432,(330) 424-0272 (126),https://columbiana-health.org/,,,True,"PO BOX 309 Lisbon, OH 44432"
Columbus Public Health,Columbus,Columbus,OH,43215,(614) 645-6444,https://www.columbus.gov/Services/Public-Health,https://www.facebook.com/ColumbusPublicHealth,https://twitter.com/ColumbusHealth,True,"240 Parsons Ave Columbus, OH 43215-5331"
Conneaut City Health Department,Conneaut,Conneaut,OH,44030,(440) 593-3087,http://www.conneautohio.gov/departments/health_department.php,,,True,"327 Mill St Conneaut, OH 44030-2439"
Coshocton Public Health District,Coshocton,Coshocton,OH,43812,(740) 622-1426,https://www.coshoctoncounty.net/health/,,,True,"637 Chestnut ST Coshocton, OH 43812-1212"
Crawford County Public Health,Crawford,Bucyrus,OH,44820,(419) 562-5871,http://crawfordhealth.org/,https://www.facebook.com/Crawford-County-Public-Health-432773913578331/?ref=hl,,True,"1520 Isaac Beal Road Bucyrus, OH 44820-2357"
Cuyahoga County Board of Health,Cuyahoga,Parma,OH,44130,(216) 201-2000 (1100),http://www.ccbh.net,,,True,"5550 Venture Dr Parma, OH 44130-9315"
Darke County General Health District,Darke County General,Greenville,OH,45331,(937) 548-4196,https://darkecountyhealth.org/,https://www.facebook.com/pages/category/Government-Organization/Darke-County-General-Health-District-171960192837845/,https://twitter.com/darkecohealth,True,"300 Garst Ave Greenville, OH 45331-2389"
Defiance County General Health District,Defiance County General,Defiance,OH,43512,(419) 784-3818,http://www.defiancecohealth.org,https://www.facebook.com/defianccountyhealthdepartment/,https://twitter.com/dcghd?lang=en,True,"1300 E 2Nd St Ste 100 Defiance, OH 43512-2484"
Delaware Public Health District,Delaware,Delaware,OH,43015,(740) 203-2001,http://www.delawarehealth.org,https://www.facebook.com/DelawareHealth,https://twitter.com/DelawareHealth,True,"470 S Sandusky ST Delaware, OH 43015-2623"
East Liverpool City Health District,East Liverpool,Liverpool,OH,43920,(330) 386-7400,https://eastliverpool.com/health-district/,https://www.facebook.com/ELOHealthDepartment/,,True,"126 W 6Th St East Liverpool, OH 43920-2960"
Erie County Health Department,Erie,Sandusky,OH,44870,(419) 626-5623,http://www.echdohio.org,https://www.facebook.com/eriecohealth,https://twitter.com/ECHD_Ohio,True,"420 Superior St Sandusky, OH 44870-1849"
Fairfield County Health Department,Fairfield,Lancaster,OH,43130,(740) 652-2858,https://www.fairfieldhealth.org/,https://www.facebook.com/FDHhealth,https://twitter.com/Fairfieldco1550,True,"1550 Sheridan DR Ste 100 Lancaster, OH 43130-1380"
Fayette County Public Health,Fayette,House,OH,43160,(740) 335-5910,http://www.faycohd.org/,,,True,"317 S Fayette St Washington Court House, OH 43160-2235"
Franklin County Public Health,Franklin,Columbus,OH,43215,(614) 525-3160,https://myfcph.org/,https://www.facebook.com/franklincountypublichealth/,https://twitter.com/FC_PublicHealth,True,"280 E Broad St Rm 200 Columbus, OH 43215-3745"
Fulton County Health Department,Fulton,Wauseon,OH,43567,(419) 337-0915,http://fultoncountyhealthdept.com/home,https://www.facebook.com/FultonCountyHealthDepartment/,https://twitter.com/FCHDOhio,True,"606 S Shoop Ave Wauseon, OH 43567-1712"
Galion City Health Department,Galion,Galion,OH,44833,(419) 468-1075,https://galionhealth.org/,https://www.facebook.com/GalionCityHealthDept,https://twitter.com/galionhealth,True,"113 Harding Way E Galion, OH 44833-1902"
Gallia County Health Department,Gallia,Gallipolis,OH,45631,(740) 441-2018,http://www.galliacohealth.org,https://www.facebook.com/GalliaCountyHealthDepartment,,True,"499 Jackson Pike Ste D Gallipolis, OH 45631-1399"
Geauga County Health District,Geauga,Chardon,OH,44024,(440) 279-1903,http://www.geaugacountyhealth.org,,,True,"12611 Ravenwood DR FL 3 Chardon, OH 44024-1071"
Greene County Public Health,Greene,Xenia,OH,45385,(937) 374-5630,https://www.greenecophoh.gov/,https://www.facebook.com/GreeneCoPH/,https://twitter.com/GreeneCoPH,True,"360 Wilson Dr Xenia, OH 45385-1810"
Hamilton County Public Health,Hamilton,Cincinnati,OH,45219,(513) 946-7800,http://www.hamiltoncountyhealth.org,https://www.facebook.com/HamCoHealth/,https://twitter.com/hamcohealth,True,"250 William Howard Taft Rd Ste 200 Cincinnati, OH 45219-2630"
Hancock Public Health,Hancock,Findlay,OH,45840,(419) 424-7105,http://www.co.hancock.oh.us/bdhealth,,,True,"2225 Keith Parkway Findlay, OH 45840"
Harrison County Health Department,Harrison,Cadiz,OH,43907,(740) 942-2616,https://harrisonpublichealth.org/,https://www.facebook.com/harrisoncohealthdepartment/,,True,"538 N Main St Ste G Cadiz, OH 43907-1282"
Henry County Health Department,Henry,Napoleon,OH,43545,(419) 591-3055,http://www.henrycohd.org,https://www.facebook.com/henrycountyhealthdepartment,https://twitter.com/HenryCountyHD,True,"1843 Oakwood Ave Napoleon, OH 43545-9243"
Highland County Health Department,Highland,Hillsboro,OH,45133,(937) 393-1941,https://www.highlandcountyhealth.org,,,True,"1487 N High St Ste 400 Hillsboro, OH 45133-8496"
Hocking County Health Department,Hocking,Logan,OH,43138,(740) 385-3030,https://www.hockingcountyhealthdepartment.com,https://www.facebook.com/hockinghealth/,,True,"350 street Route 664 North Logan, OH 43138-1001"
Holmes County General Health District,Holmes County General,Millersburg,OH,44654,(330) 674-5035,http://holmeshealth.org,https://www.facebook.com/HolmesCountyHealthDistrict/,,True,"2600 Glen DR Millersburg, OH 44654-8910"
Huron County Public Health,Huron,Norwalk,OH,44857,(419) 668-1652,http://www.huroncohealth.com,https://www.facebook.com/huroncohealth,https://twitter.com/huroncohealth,True,"28 Executive Drive Norwalk, OH 44857-1168"
Jackson County Health Department,Jackson,Jackson,OH,45640,(740) 286-5094,https://www.jacksoncountyhealthdepartment.net/,https://www.facebook.com/jacksoncopublichealth,https://twitter.com/jacksoncohd,True,"102 Twin Oaks DR Jackson, OH 45640-9506"
Jefferson County General Health District,Jefferson County General,Steubenville,OH,43952,(740) 283-8530,http://www.jchealth.com,https://www.facebook.com/Jeffersoncountyhealthdepartment/,,True,"500 Market St Fl 6Th Steubenville, OH 43952-2871"
Kent City Health Department,Kent,Kent,OH,44240,(330) 678-8109,https://www.kentohio.gov/business-building-development/health-department/,https://www.facebook.com/kentpublichealth,,True,"201 E Erie ST Ste G Kent, OH 44240-3633"
Kenton-Hardin Health Department,Kenton-Hardin,Kenton,OH,43326,(419) 673-6230,https://hardinhealth.org/,https://www.facebook.com/KentonHardinHealth/,https://twitter.com/HardinHealth,True,"175 West Franklin Street Kenton, OH 43326"
Knox County Health Department,Knox,Vernon,OH,43050,(740) 392-2200,https://www.knoxhealth.com/,https://www.facebook.com/knoxhealth/,https://twitter.com/knoxhealth/,True,"11660 Upper Gilchrist Rd Mount Vernon, OH 43050-9084"
Lake County General Health District,Lake County General,Mentor,OH,44060,(440) 350-2550,http://www.lcghd.org,https://www.facebook.com/LakeCountyGeneralHealthDistrict/,https://twitter.com/lchealthdist,True,"5966 Heisley Rd Mentor, OH 44060-1886"
Lawrence County Health Department,Lawrence,Ironton,OH,45638,(740) 532-3962,http://www.lawcohd.org/,https://www.facebook.com/lawcohd.org/,https://twitter.com/lawrcohd,True,"2122 S 8th ST Ironton, OH 45638-2502"
Licking County Health Department,Licking,Newark,OH,43055,(740) 349-6487,https://www.lickingcohealth.org/contact.html,https://www.facebook.com/lchealth,https://twitter.com/LickingHealth,True,"675 Price Rd Newark, OH 43055-9506"
Logan County Health District,Logan,Bellefontaine,OH,43311,(937) 592-9040,http://www.loganhealth.org,https://www.facebook.com/loganchd,https://twitter.com/logancohealth,True,"310 S Main St Bellefontaine, OH 43311-1720"
Lorain County Public Health,Lorain,Elyria,OH,44035,(440) 322-6367,https://www.loraincountyhealth.com,https://www.facebook.com/LorainCountyHealth/,https://twitter.com/loraincohealth,True,"9880 South Murray Ridge Road Elyria, OH 44035-6957"
Madison County Public Health,Madison,London,OH,43140,(740) 852-3065,http://www.co.madison.oh.us/services/public_health/index.php,https://www.facebook.com/Madison-County-Health-Department-126626977347396/,https://twitter.com/MadisonCountyph,True,"PO BOX 467 London, OH 43140-0467"
Mahoning County District Board of Health,Mahoning,Youngstown,OH,44515,(330) 270-2855,https://www.mahoninghealth.org,,,True,"50 Westchester DR Youngstown, OH 44515-3991"
Marietta/Belpre Health Department,Marietta/Belpre,Marietta,OH,45750,(740) 373-0611,https://mariettabelprehealth.org,,,True,"304 Putnam St Marietta, OH 45750-3022"
Marion Public Health,Marion,Marion,OH,43302,(740) 692-9102,https://marionpublichealth.org/,,,True,"181 S Main St Marion, OH 43302-3964"
Massillon City Health Department,Massillon,Massillon,OH,44646,(330) 830-1712,https://massillonohio.gov/health-department/,,,True,"611 Erie ST S Massillon, OH 44646-6711"
Medina County Health Department,Medina,Medina,OH,44256,(330) 662-0528,https://medinahealth.org,,,True,"4800 Ledgewood Dr Medina, OH 44256-7666"
Meigs County Health Department,Meigs,Pomeroy,OH,45769,(740) 992-6626,https://www.meigs-health.com/,,,True,"112 E Memorial Dr Ste A Pomeroy, OH 45769-9569"
Mercer County Health District,Mercer,Celina,OH,45822,(419) 586-3251 (1450),http://www.mchdohio.org,,,True,"220 W Livingston St Ste B152 Celina, OH 45822-1698"
Miami County Public Health,Miami,Troy,OH,45373,(937) 573-3505,http://www.miamicountyhealth.net,,,True,"510 W Water St Ste 130 Troy, OH 45373-2985"
Monroe County Health Department,Monroe,Woodsfield,OH,43793,(740) 472-1677,https://www.co.monroe.mi.us/officials_and_departments/departments/health_department/index.php,https://www.facebook.com/MonroeCountyHealthyLiving,,True,"118 Home Ave Woodsfield, OH 43793-1291"
Morgan County Health Department,Morgan,McConnelsville,OH,43756,(740) 962-4572 (201),https://morganpublichealth.org/,,,True,"4275 N State Route 376 NW McConnelsville, OH 43756-9145"
Morrow County Health District,Morrow,Gilead,OH,43338,(419) 947-1545,http://www.morrowcountyhealth.org,https://www.facebook.com/MorrowCountyHD/,https://twitter.com/morrowcountyhd,True,"480 Douglas Street Mount Gilead, OH 43338-1097"
New Philadelphia City Health Department,New Philadelphia,Philadelphia,OH,44663,(330) 364-4491 (1208),https://www.newphiladelphiaoh.gov/170/Health-Department,https://www.facebook.com/cityofnewphiladelphiaoh/,https://twitter.com/NewPhilaOh,True,"150 E High Ave Ste 011 New Philadelphia, OH 44663-4501"
Noble County Health Department,Noble,Caldwell,OH,43724,(740) 732-4958,http://www.noblecohd.org,https://www.facebook.com/NobleCountyHealth/,,True,"44069 Marietta Rd Caldwell, OH 43724-9124"
Norwood City Board of Health,Norwood,Norwood,OH,45212,(513) 458-4600,https://www.norwood-ohio.com/health-department,https://www.facebook.com/Norwood-City-Health-Department-147916138786/,,True,"2059 Sherman Ave Norwood, OH 45212-2633"
Oakwood City Health Department,Oakwood,Oakwood,OH,45419,(937) 298-0600,https://oakwoodohio.gov/departments/oakwood-health-district/,,,True,"30 Park Ave Oakwood, OH 45419-3426"
Ottawa County Health Department,Ottawa,Clinton,OH,43452,(419) 734-6800,http://www.ottawahealth.org,https://www.facebook.com/Ottawa-County-Health-Department-299912327087436/,,True,"1856 E Perry St Port Clinton, OH 43452-4200"
Paulding County Health Department,Paulding,Paulding,OH,45879,(419) 399-3921,https://www.pauldingcountyhealth.com,https://www.facebook.com/PauldingCountyHealthDept,,True,"800 E Perry ST Paulding, OH 45879-9229"
Perry County Health Department,Perry,Lexington,OH,43764,(740) 342-5179,http://perrycountyhealth.info/,,,True,"409 Lincoln Park Dr New Lexington, OH 43764-1033"
Pickaway County General Health District,Pickaway County General,Circleville,OH,43113,(740) 477-9667,https://pickawaycountypublichealth.org/,https://www.facebook.com/pickawayhealth/,,True,"110 Island Rd Ste C Circleville, OH 43113-9197"
Pike County General Health District,Pike County General,Waverly,OH,45690,(740) 947-7721,http://www.pike-health.org/,,https://twitter.com/pikehealth,True,"116 S Market St Waverly, OH 45690-1359"
Portage County Combined General Health District,Portage County Combined General,Ravenna,OH,44266,(330) 296-9919,https://portagehealth.net/,https://www.facebook.com/PortageCountyHealthDept/,https://twitter.com/PortageCoHealth,True,"999 E Main ST Ravenna, OH 44266-3325"
Portsmouth City Health Department,Portsmouth,Portsmouth,OH,45662,(740) 352-2560,https://portsmouthcityhealth.org/,https://www.facebook.com/PortsmouthCityHealthDepartment/,,True,"605 Washington ST Portsmouth, OH 45662-3919"
Preble County Public Health,Preble,Eaton,OH,45320,(937) 472-0087 (7),http://www.preblecountyhealth.org,https://www.facebook.com/PrebleCoHealth/,https://twitter.com/preblecohealth,True,"615 Hillcrest Dr Eaton, OH 45320-8559"
Public Health - Dayton and Montgomery County,Public Health - Dayton and Montgomery,Dayton,OH,45422,(937) 225-5700,http://www.phdmc.org/,https://www.facebook.com/PublicHealthDMC/,https://twitter.com/PublicHealthDMC,True,"117 S Main St, Reibold Building Dayton, OH 45422-1280"
Putnam County Health Department,Putnam,Ottawa,OH,45875,(419) 523-5608,http://www.putnamhealth.com,https://www.facebook.com/PutnamCountyHealthDepartment/,,True,"256 Williamstown Rd Ottawa, OH 45875-1870"
Richland Public Health,Richland,Mansfield,OH,44907,(419) 774-4500,https://richlandhealth.org/,https://www.facebook.com/https://twitter.com/richlandhealth1?lang=de,,True,"555 Lexington Ave Mansfield, OH 44907-1502"
Ross County Health District,Ross,Chillicothe,OH,45601,(740) 779-9652,http://www.rosscountyhealth.org,,,True,"150 E 2nd St Chillicothe, OH 45601"
Salem City Health District,Salem,Salem,OH,44460,(330) 332-1618,http://www.salemcityhealthdistrict.org,,,True,"230 N Lincoln Ave Ste 104 Salem, OH 44460-2950"
Sandusky County Health Department,Sandusky,Fremont,OH,43420,(419) 334-6379,https://www.scpublichealth.com/,https://www.facebook.com/sanduskycopublichealth,https://twitter.com/sanduskycohd,True,"2000 Countryside DR Fremont, OH 43420-8560"
Scioto County Health Department,Scioto,Portsmouth,OH,45662,(740) 355-8358,http://www.sciotocountyhealthdepartment.com,https://www.facebook.com/sciotocountyhealthdepartment/,,True,"612 6th St. Suite D Portsmouth, OH 45662-3951"
Seneca County General Health District,Seneca County General,Tiffin,OH,44883,(419) 447-3691,https://www.senecahealthdept.org/,https://www.facebook.com/SCGHD,https://twitter.com/SenecaCoHealth,True,"92 E Perry ST Tiffin, OH 44883"
Shelby City Health Department,Shelby,Shelby,OH,44875,(419) 342-4242,https://shelbycityhealth.org/,https://www.facebook.com/shelbycityhealthdepartment/,,True,"43 W Main St Shelby, OH 44875-1239"
Sidney-Shelby County Health Department,Sidney-Shelby,Sidney,OH,45365,(937) 498-7249,http://www.shelbycountyhealthdept.org/,,,True,"202 W Poplar ST Sidney, OH 45365-2773"
Springdale City Health Department,Springdale,Springdale,OH,45246,(513) 346-5725,https://springdaleohio.gov/departments/health/index.php,https://www.facebook.com/SpringdaleOH/,,True,"11700 Springfield Pike Springdale, OH 45246-2312"
Stark County Combined General Health District,Stark County Combined General,Canton,OH,44720,(330) 493-9904,https://www.starkcountyohio.gov/public-health,,,True,"7235 Whipple Avenue NW North Canton, OH 44720"
Summit County Public Health,Summit,Akron,OH,44313,(330) 926-5654,http://www.scphoh.org/,,,True,"1867 W Market St Akron, OH 44313-6901"
Toledo-Lucas County Health Department,Toledo-Lucas,Toledo,OH,43604,(419) 392-4703,https://www.lucascountyhealth.com/,,,True,"635 N Erie St Toledo, OH 43604-5317"
Trumbull County Combined Health District,Trumbull,Cortland,OH,44410,(330) 675-7805,https://tcchd.org/,https://www.facebook.com/trumbullpublichealth,https://twitter.com/trumbull_health,True,"194 W. Main St. Cortland, OH 44410"
Tuscarawas County Health Department,Tuscarawas,Dover,OH,44622,(330) 343-5555,http://www.tchdnow.org/,,,True,"897 East Iron Avenue Dover, OH 44622-2030"
Union County Health Department,Union,Marysville,OH,43040,(937) 642-2053,http://www.uchd.net,,,True,"940 London Ave Ste 1100 Marysville, OH 43040-8037"
Van Wert County General Health District,Van Wert County General,Wert,OH,45891,(419) 238-0808,http://vanwertcountyhealth.org/,,,True,"1179 Westwood DR Ste 300 Van Wert, OH 45891-1474"
Vinton County Health Department,Vinton,McArthur,OH,45651,(740) 596-5233,https://vintonohhealth.org/,,,True,"31927 State Route 93 McArthur, OH 45651-8766"
Warren City Health District,Warren,Warren,OH,44481,(330) 841-2592,https://www.warren.org/health_department/index.php,,,True,"258 E Market St Warren, OH 44481-1203"
Warren County Health District,Warren,Lebanon,OH,45036,(513) 695-1566,http://www.wcchd.com,https://www.facebook.com/WCCHD.Ohio,https://twitter.com/WarrenCoHealth,True,"416 S East St Lebanon, OH 45036-2378"
Washington County Health Department,Washington,Marietta,OH,45750,(740) 374-2782,http://www.washingtongov.org,,,True,"342 Muskingum Dr Marietta, OH 45750-1435"
Wayne County Health Department,Wayne,Wooster,OH,44691,(216) 264-9590,https://www.wayne-health.org/,,,True,"203 S Walnut St Wooster, OH 44691-4753"
Williams County Health District,Williams,Montpelier,OH,43543,(419) 485-3141 (122),http://www.williamscountyhealth.org/,,,True,"310 Lincoln Ave Montpelier, OH 43543-1274"
Wood County Health Department,Wood,Green,OH,43402,(419) 352-8402,http://www.WoodCountyHealth.org,https://www.facebook.com/WCHDOhio,https://twitter.com/WCHDOhio,True,"1840 E Gypsy Lane RD Bowling Green, OH 43402-9173"
Wyandot County Public Health,Wyandot,Sandusky,OH,43351,(419) 294-3852,http://www.wyandothealth.com/,,,True,"127-A S. Sandusky Ave Upper Sandusky, OH 43351-1451"
Youngstown City Health District,Youngstown,Youngstown,OH,44503,(330) 742-8260,https://youngstownohio.gov/health,,,True,"9 W Front St Youngstown, OH 44503-1431"
Zanesville-Muskingum County Health Department,Zanesville-Muskingum,Zanesville,OH,43701,(740) 454-9741,http://www.zmchd.org,https://www.facebook.com/ZMCHD/,https://twitter.com/zmchd,True,"205 N 7Th St Zanesville, OH 43701-3791"
Adair County Health Department,Adair,Stilwell,OK,74960,(405) 593-1343,https://oklahoma.gov/health/locations/county-health-departments/adair-county-health-department.html,https://www.facebook.com/AdairCountyHealthDepartment/?__tn__=%2Cd%2CP-R&eid=ARCH4Lsuqfp4OuJOJMWcBFPdPzV_5xb0ePF2UdpT-6hXcK0vuwLF3gYYYF1Ymz0Aa2ZpO-4p8v_QxLSV,,True,"600 W Hickory St Stilwell, OK 74960-3622"
Atoka County Health Department,Atoka,Atoka,OK,74525,(580) 889-2116,https://oklahoma.gov/health/locations/county-health-departments/atoka-county-health-department.html,https://www.facebook.com/Atoka-County-Health-Department-102880793399232/?__tn__=%2Cd%2CP-R&eid=ARCGgrrpH5-aWM9jAsxrkJvfyZ3gUR1hB4blK-OCxjYcrKC_sNGDi2nntDJ4Au3vEE0yUPx7SOC_0J1r,,True,"932 W 13Th St Atoka, OK 74525-3425"
Beaver County Health Department,Beaver,Beaver,OK,73932,(580) 327-3192,https://oklahoma.gov/health/locations/county-health-departments/beaver-county-health-department.html,https://www.facebook.com/BeaverCHD/,,True,"Hwy 270 S. Beaver, OK 73932"
Beckham County Health Department,Beckham,Sayre,OK,73662,(580) 585-6649,https://oklahoma.gov/health/locations/county-health-departments/beckham-county-health-department/services.html,https://www.facebook.com/BCHDElkCitySayre,,True,"115 S 4Th St Sayre, OK 73662-2924"
Blaine County Health Department,Blaine,Watonga,OK,73772,(580) 623-7977,https://oklahoma.gov/health/locations/county-health-departments/blaine-county-health-department/services.html,https://www.facebook.com/blainecountyhealthdept/,,True,"521 W 4Th St Watonga, OK 73772-2853"
Broken Bow-Choctaw Nation Health Center,Broken Bow-Choctaw Nation,Bow,OK,74728,(580) 584-2766,https://www.cnhsa.com/locations/clinic/broken-bow-community-clinic/,,,False,"1300 E DR Martin Luther King DR Broken Bow, OK 74728-4107"
Bryan County Health Department,Bryan,Durant,OK,74701,(580) 924-4285,https://oklahoma.gov/health/locations/county-health-departments/bryan-county-health-department.html,https://www.facebook.com/BryanCHDOK/?__tn__=%2Cd%2CP-R&eid=ARBw1u63EZopkdH8FaQ-Yyu0qbyt1_rsMLz2l6I4yxl7w6mcwaVOdxGyBNggdgPJ_3Fa4V5sceYNc3Es,,True,"1524 Chuckwa Dr Durant, OK 74701-2142"
Caddo County Health Department,Caddo,Anadarko,OK,73005,(405) 247-2507,https://oklahoma.gov/health/locations/county-health-departments/caddo-county-health-department.html,https://www.facebook.com/CaddoCHD/,,True,"216 W Broadway St Anadarko, OK 73005-2808"
Canadian County Health Department,Canadian,Reno,OK,73036,(580) 233-0650 (145),https://oklahoma.gov/health/locations/county-health-departments/canadian-county-health-department.html,https://www.facebook.com/CanadianCoHealth/,https://twitter.com/CanadianCHD,True,"6100 E. Hwy 66 El Reno, OK 73036-2733"
Carter County Health Department,Carter,Ardmore,OK,73401,(580) 223-9705,https://oklahoma.gov/health/locations/county-health-departments/carter-county-health-department.html,https://www.facebook.com/CarterOkHealthDept/?ref=br_rs,,True,"405 S Washington St Ardmore, OK 73401-7044"
Cherokee County Health Department,Cherokee,Tahlequah,OK,74464,(405) 593-1343,https://oklahoma.gov/health/locations/county-health-departments/cherokee-county-health-department/services.html,https://www.facebook.com/Cherokee-County-Health-Department-102668651405237/,,True,"1298 W 4th ST Tahlequah, OK 74464-5034"
Cherokee Nation Public Health,Cherokee Nation,Tahlequah,OK,74465,(539) 234-2721,https://health.cherokee.org/public-health/,https://www.facebook.com/CNHealthyNation/info?tab=page_info,https://twitter.com/cnhealthynation,True,"PO BOX 948 Tahlequah, OK 74465-0948"
Chickasaw Nation Public Health,Chickasaw Nation,Ada,OK,74820,(580) 421-4548,https://chickasawnationhealth.net/Public-Health,,,True,"1925 Warrior Way Ada, OK 74820-3491"
Choctaw County Health Department,Choctaw,Hugo,OK,74743,(580) 326-8821,https://oklahoma.gov/health/locations/county-health-departments/choctaw-county-health-department.html,https://www.facebook.com/CleCountyHealth/?__tn__=%2Cd%2CP-R&eid=ARDjmZh9QfdAJLtYQ-7tCU0hMlOhdMwMhrELqELGvjN1O3fKJYZ2sCeZsN3XHWvRSvlVwkE5YTW5LKC6,,True,"103 S 4Th St Hugo, OK 74743-4407"
Choctaw Nation Health Services Authority,Choctaw Nation,Durant,OK,74701,(539) 316-3851,http://www.choctawnation.com,,,True,"1801 Chukka Hina Durant, OK 74701-7117"
Cleveland County Health Department,Cleveland,Norman,OK,73071,(405) 321-4048,https://oklahoma.gov/health/locations/county-health-departments/cleveland-county-health-department.html,https://www.facebook.com/CleCountyHealth/,,True,"250 12th Ave NE Norman, OK 73071"
Coal County Health Department,Coal,Coalgate,OK,74538,(580) 927-2367,https://oklahoma.gov/health/locations/county-health-departments/coal-county-health-department.html,https://www.facebook.com/Coal-County-Health-Department-393837434145384/,,True,"1404 S Broadway St Coalgate, OK 74538-2619"
Comanche County Health Department,Comanche,Lawton,OK,73502,(580) 585-6649,https://oklahoma.gov/health/locations/county-health-departments/comanche-county-health-department/services.html,https://www.facebook.com/pages/Comanche-County-Health-Department/703654586387299,,True,"PO Box 87 Lawton, OK 73502-0087"
Cotton County Health Department,Cotton,Walters,OK,73572,(580) 875-6121,https://oklahoma.gov/health/locations/county-health-departments/cotton-county-health-department/services.html,https://www.facebook.com/CottonCHD/,,True,"1501 S 7Th St # A Walters, OK 73572-2463"
Craig County Health Department,Craig,Vinita,OK,74301,(918) 256-7531,https://oklahoma.gov/health/locations/county-health-departments/craig-county-health-department.html,https://www.facebook.com/CraigCHD/?__tn__=%2Cd%2CP-R&eid=ARB86J-a3DZps_y1n_Xa0TyXOcB0yYe3-5rbSiqM0Ev57T5AwY9MxRJGp-ajJOijgGsn6NdQyvvIJcde,,True,"115 E Delaware Ave Vinita, OK 74301-4204"
Creek County Health Department,Creek,Sapulpa,OK,74066,(918) 224-5531,https://oklahoma.gov/health/locations/county-health-departments/creek-county-health-department.html,https://www.facebook.com/CreekCoHealth/,,True,"314 E. Dewey Sapulpa, OK 74066"
Custer County Health Department,Custer,Clinton,OK,73601,(580) 323-2100,https://oklahoma.gov/health/locations/county-health-departments/custer-county-health-department.html,https://www.facebook.com/Custer-County-Health-Department-601712636536213/,,True,"3030 Custer Ave Clinton, OK 73601-9117"
Delaware County Health Department,Delaware,Jay,OK,74346,(918) 253-4511,https://oklahoma.gov/health/locations/county-health-departments/delaware-county-health-department/county-services.html,https://www.facebook.com/DelawareCHD/?__tn__=%2Cd%2CP-R&eid=ARAKMQiQwkY6C8Je56wAU87eP9JaCJz8Att6fp2Q5bdJ7BbBngvLpuWAJLb-1geutgVwl2GY1TwPb0L-,,True,"438 S. 9th St. Jay, OK 74346"
Garfield County Health Department,Garfield,Enid,OK,73701,(580) 233-0650 (145),https://oklahoma.gov/health/locations/county-health-departments/garfield-county-health-department.html,https://www.facebook.com/garfieldcountyhealthdepartment/,,True,"2501 Mercer Dr Enid, OK 73701-8602"
Garvin County Health Department,Garvin,Valley,OK,73075,(405) 238-7346,https://oklahoma.gov/health/locations/county-health-departments/garvin-county-health-department.html,https://www.facebook.com/GarvinCHD/,,True,"1809 S Chickasaw St Pauls Valley, OK 73075-6816"
Grady County Health Department,Grady,Chickasha,OK,73018,(405) 224-2022,https://oklahoma.gov/health/locations/county-health-departments/grady-county-health-department.html,https://www.facebook.com/Grady-County-Health-Department-481384285384360/?__tn__=%2Cd%2CP-R&eid=ARBd5-H78XtHwp6xXe2KYXlGS8i0LIIb6EPLCLA02b-VWCR60ZQysjWUY7qgf3367rGvu5dEDJaan_6y,,True,"205 W. Chickasha Ave. Chickasha, OK 73018-2736"
Grant County Health Department,Grant,Medford,OK,73759,(580) 395-2906,https://oklahoma.gov/health/locations/county-health-departments/grant-county-health-department.html,https://www.facebook.com/grantcountyhealthdepartment/,,True,"103 S. 2nd St. Medford, OK 73759-1231"
Greer County Health Department,Greer,Mangum,OK,73554,(580) 782-5531,https://oklahoma.gov/health/locations/county-health-departments/greer-county-health-department.html,https://www.facebook.com/Greer-County-Health-Department-797429593744734,,True,"2100 N. Loius Tittle Mangum, OK 73554"
Harmon County Health Department,Harmon,Hollis,OK,73550,(580) 688-3348,https://oklahoma.gov/health/locations/county-health-departments/harmon-county-health-department/services.html,https://www.facebook.com/HarmonCountyHealthDepartment/,,True,"1104 N 7Th St Hollis, OK 73550-1445"
Harper County Health Department,Harper,Laverne,OK,73848,(580) 921-2029,https://oklahoma.gov/health/locations/county-health-departments/harper-county-health-department.html,https://www.facebook.com/HarperCountyHealthDepartment/,,True,"7th & Oklahoma, Suite 9 Laverne, OK 73848"
Haskell County Health Department,Haskell,Stigler,OK,74462,(405) 593-1343,https://oklahoma.gov/health/locations/county-health-departments/haskell-county-health-department.html,https://www.facebook.com/HaskellCHD/?__tn__=%2Cd%2CP-R&eid=ARD4gfpGNuII5AHeFYElxOa1ViZ_EcxdT10KJu44wKfqYo1AdtXb46Whmpm84JhSrGg9l4KnnNM8d6cp,,True,"901 NW 6th ST Stigler, OK 74462-1617"
Hughes County Health Department,Hughes,Holdenville,OK,74848,(405) 314-1790,https://oklahoma.gov/health/locations/county-health-departments/hughes-county-health-department.html,,,True,"200 Mcdougal Dr Holdenville, OK 74848-2811"
Hugo-Choctaw Nation Indian Health Clinic,Hugo-Choctaw Nation Indian Health Clinic,Hugo,OK,74743,(580) 326-7561,,,,True,"410 N M ST Hugo, OK 74743-1820"
Jackson County Health Department,Jackson,Altus,OK,73521,(580) 482-7308,https://oklahoma.gov/health/locations/county-health-departments/jackson-county-health-department.html,https://www.facebook.com/JCHDAltus,,True,"401 W Tamarack Rd Altus, OK 73521-1599"
Jefferson County Health Department,Jefferson,Waurika,OK,73573,(580) 228-2313,https://oklahoma.gov/health/locations/county-health-departments/jefferson-county-health-department.html,https://www.facebook.com/pages/Jefferson-County-Health-Dept/154929831233996,,True,"107 E Anderson Ave Waurika, OK 73573-3008"
Johnston County Health Department,Johnston,Tishomingo,OK,73460,(580) 371-2470,https://oklahoma.gov/health/locations/county-health-departments/johnston-county-health-department.html,https://www.facebook.com/Johnston-County-Health-Department-OK-107812620923580/?ref=br_rs,,True,"1080 S Byrd St Tishomingo, OK 73460-3265"
Kay County Health Department,Kay,City,OK,74601,(580) 762-1641,https://oklahoma.gov/health/locations/county-health-departments/kay-county-health-department.html,https://www.facebook.com/KayCoHD/?ref=br_rs,,True,"433 Fairview Ave Ponca City, OK 74601-1923"
Kingfisher County Health Department,Kingfisher,Kingfisher,OK,73750,(405) 375-3008,https://oklahoma.gov/health/locations/county-health-departments/kingfisher-county-health-department.html,https://www.facebook.com/KingfisherCoHealth/,,True,"421 W Bowman Ave Kingfisher, OK 73750-3200"
Kiowa County Health Department,Kiowa,Hobart,OK,73651,(580) 585-6649,https://oklahoma.gov/health/locations/county-health-departments/kiowa-county-health-department.html,https://www.facebook.com/Kiowa-County-Health-Department-567993296688655/,,True,"431 W Elm St Hobart, OK 73651-1615"
Latimer County Health Department,Latimer,Wilburton,OK,74578,(580) 924-4285,https://oklahoma.gov/health/locations/county-health-departments/latimer-county-health-department.html,https://www.facebook.com/Latimer-County-Health-Department-247910135590048/?__tn__=%2Cd%3C-R&eid=ARDaWRNb2KspLc9o5BcCcm5hN2ofvIEuGgMDIxTBpqx5sgULOYtKv6-hUgCH2XJGKaR5i4MOSJq3_mSs,,True,"201 W Main St Wilburton, OK 74578-4045"
LeFlore County Health Department,LeFlore,Poteau,OK,74953,(580) 924-4285,https://oklahoma.gov/health/locations/county-health-departments/leflore-county-health-department.html,https://www.facebook.com/LeFloreCHD/,,True,"1204 Dewey Ave Poteau, OK 74953-4414"
Lincoln County Health Department,Lincoln,Chandler,OK,74834,(405) 596-3434,https://oklahoma.gov/health/locations/county-health-departments/lincoln-county-health-department.html,https://www.facebook.com/LincolnCoHealth/?__tn__=%2Cd%2CP-R&eid=ARBivN_c9FKTPZfbXyE5vYCHGVj2hI5k9EeY3x9Jpsx_DKElMk7KGU8eNbIpfG_lTS9iWNqoTKlmJIUE,,True,"101 Meadow Ln Chandler, OK 74834-8786"
Logan County Health Department,Logan,Guthrie,OK,73044,(580) 233-0650,https://oklahoma.gov/health/locations/county-health-departments/logan-county-health-department.html,https://www.facebook.com/LoganCoHealth/?ref=hl,,True,"215 Fairgrounds Rd Ste A Guthrie, OK 73044-4755"
Love County Health Department,Love,Marietta,OK,73448,(405) 437-8165,https://oklahoma.gov/health/locations/county-health-departments/love-county-health-department.html,https://www.facebook.com/LoveCoHealthDept/,,True,"PO Box 440 Marietta, OK 73448"
Major County Health Department,Major,Fairview,OK,73737,(580) 233-0650 (145),https://oklahoma.gov/health/locations/county-health-departments/major-county-health-department.html,https://www.facebook.com/majorcountyhealthdepartment/,,True,"501 E Broadway Fairview, OK 73737-2207"
Marshall County Health Department,Marshall,Madill,OK,73446,(405) 437-8165,https://oklahoma.gov/health/locations/county-health-departments/marshall-county-health-department.html,https://www.facebook.com/MarshallCoHealthDept/?__tn__=%2Cd%2CP-R&eid=ARCWCX9aFBz3-DvuVb_rFTc-7Wfsm6_xEKB5FHHGezIOgyGEf607Ei-4DgOhtcTxeGXkLczprw-34-Zf,,True,"310 W Lillie Blvd Madill, OK 73446-1233"
Mayes County Health Department,Mayes,Pryor,OK,74361,(918) 825-4224,https://oklahoma.gov/health/locations/county-health-departments/mayes-county-health-department.html,https://www.facebook.com/MayesCHD/,,True,"111 NE 1st St Pryor, OK 74361"
McAlester-Choctaw Nation Indian Health Clinic,McAlester-Choctaw Nation Indian Health Clinic,Mcalester,OK,74501,(918) 423-8440,,,,True,"1127 S George Nigh Expy Mcalester, OK 74501-7143"
McClain County Health Department,McClain,Blanchard,OK,73010,(405) 527-6541,https://oklahoma.gov/health/locations/county-health-departments/mcclain-county-health-department.html,https://www.facebook.com/McClain-County-Health-Department-1907183562865973/,,True,"600 N. Main St Blanchard, OK 73010"
McCurtain County Health Department,McCurtain,Idabel,OK,74745,(580) 286-6628,https://oklahoma.gov/health/locations/county-health-departments/mccurtain-county-health-department.html,https://www.facebook.com/McCurtainCHD/,,True,"1400 Lynn Ln Idabel, OK 74745"
McIntosh County Health Department,McIntosh,Eufaula,OK,74432,(918) 689-7774,https://oklahoma.gov/health/locations/county-health-departments/mcintosh-county-health-department/services.html,https://www.facebook.com/McIntosh-County-Health-Department-113659072344192/,,True,"29 Hospital Dr Eufaula, OK 74432"
Murray County Health Department,Murray,Sulphur,OK,73086,(580) 622-4056,https://oklahoma.gov/health/locations/county-health-departments/murray-county-health-department/services.html,https://www.facebook.com/Murray-County-Health-Department-OK-102375148140845/?__tn__=%2Cd%2CP-R&eid=ARC3G6L-9BIbKVkxUiRw_c2X7lQMv8rFuC8qBes6XFiKL3fpjHaI9fempx_AUpiY1x1EQ8W3KY8rXOXu,,True,"730 Cambridge Sulphur, OK 73086"
Muscogee (Creek) Nation Division of Health,Muscogee (Creek) Nation,Tulsa,OK,74133,(918) 233-9550,http://www.creekhealth.org,,,True,"10109 E 79th St Tulsa, OK 74133"
Muskogee County Health Department,Muskogee,Muskogee,OK,74401,(918) 683-0321,https://oklahoma.gov/health/locations/county-health-departments/muskogee-county-health-department.html,https://www.facebook.com/MCHD.ok.gov/,,True,"530 S 34th St Muskogee, OK 74401"
Noble County Health Department,Noble,Perry,OK,73077,(580) 336-2257,https://oklahoma.gov/health/locations/county-health-departments/noble-county-health-department.html,https://www.facebook.com/NobleCHD/,,True,"300 E Fir St Perry, OK 73077-4902"
Okfuskee County Health Department,Okfuskee,Okemah,OK,74859,(918) 623-1800,https://oklahoma.gov/health/locations/county-health-departments/okfuskee-county-health-department.html,https://www.facebook.com/OkfuskeeCHD/,,True,"125 N 2nd St Okemah, OK 74859"
Oklahoma City-County Health Department,Oklahoma,City,OK,73111,(405) 427-8651,http://www.occhd.org,https://www.facebook.com/OCCHD,https://twitter.com/okchealth,True,"2600 NE 63rd St Oklahoma City, OK 73111"
Okmulgee County Health Department,Okmulgee,Okmulgee,OK,74447,(918) 756-1883,https://oklahoma.gov/health/locations/county-health-departments/okmulgee-county-health-department.html,https://www.facebook.com/OkmulgeeCHD/,,True,"1304 R.D. Miller Dr Okmulgee, OK 74447"
Osage County Health Department,Osage,Pawhuska,OK,74056,(918) 287-3740,https://oklahoma.gov/health/locations/county-health-departments/osage-county-health-department.html,https://www.facebook.com/OsageCoHealth/?__tn__=%2Cd%2CP-R&eid=ARCcikso9nDyZScMT5YZ1OkgzLwsRkXsNfOco0Kh4oPpdQHuGJPq_20d9Irrw1L52JqXTivYkBPM55Mj,,True,"1115 E 15th St Pawhuska, OK 74056"
Ottawa County Health Department,Ottawa,Miami,OK,74354,(918) 540-2481,https://oklahoma.gov/health/locations/county-health-departments/ottawa-county-health-department.html,https://www.facebook.com/OttawaCHD/,,True,"1930 N Elm St Miami, OK 74354"
Pawnee County Health Department,Pawnee,Pawnee,OK,74058,(918) 762-3643,https://oklahoma.gov/health/locations/county-health-departments/pawnee-county-health-department.html,https://www.facebook.com/PawneeCHD/,,True,"501 5th St Pawnee, OK 74058"
Payne County Health Department,Payne,Stillwater,OK,74074,(405) 372-8200,https://oklahoma.gov/health/locations/county-health-departments/payne-county-health-department.html,https://www.facebook.com/PayneCHD/,,True,"1321 W 7th Ave Stillwater, OK 74074"
Pittsburg County Health Department,Pittsburg,Mcalester,OK,74501,(918) 423-1267,https://oklahoma.gov/health/locations/county-health-departments/pittsburg-county-health-department.html,https://www.facebook.com/pittsburgcountyhealthdept/,,True,"1400 E College Ave Mcalester, OK 74501"
Pontotoc County Health Department,Pontotoc,Ada,OK,74820,(580) 332-1891,https://oklahoma.gov/health/locations/county-health-departments/pontotoc-county-health-department/services.html,https://www.facebook.com/Pontotoc-County-Health-Department-165096763822071/?__tn__=%2Cd%2CP-R&eid=ARCjBY602Ggb_-YJLVvXMPrH-MCpHjf_0q0lMKXLXfloHEwFbkxZ263xHOyborHpctiIS041qw43UeQw,,True,"2330 Arlington St Ada, OK 74820"
Pottawatomie County Health Department,Pottawatomie,Shawnee,OK,74801,(405) 273-2157,https://oklahoma.gov/health/locations/county-health-departments/pottawatomie-county-health-department.html,https://www.facebook.com/PottawatomieCHD/?__tn__=%2Cd%2CP-R&eid=ARDT1C1G5OfJTXqZbqfds1aQXmsW2bQb3he9TGxEpf_OtjCwis863tvKOe8XJ3_bKMmM9pAku9uQUgEi,,True,"1904 Gordon Cooper Dr Shawnee, OK 74801-8603"
Pushmataha County Health Department,Pushmataha,Antlers,OK,74523,(580) 298-6624,https://oklahoma.gov/health/locations/county-health-departments/pushmataha-county-health-department.html,https://www.facebook.com/PushmatahaCHDAntlers/,,True,"318 W Main St Antlers, OK 74523-2034"
Rogers County Health Department,Rogers,Claremore,OK,74017,(918) 341-3166,https://oklahoma.gov/health/locations/county-health-departments/rogers-county-health-department.html,https://www.facebook.com/BCHDElkCitySayre,,True,"2664 N Highway 88 Unit A Claremore, OK 74017-0409"
Seminole County Health Department,Seminole,Seminole,OK,74868,(405) 257-5401,https://oklahoma.gov/health/locations/county-health-departments/seminole-county-health-department.html,https://www.facebook.com/SeminoleCHD/,,True,"1900 Boren Blvd Seminole, OK 74868-2622"
Sequoyah County Health Department,Sequoyah,Sallisaw,OK,74955,(918) 775-6201,https://oklahoma.gov/health/locations/county-health-departments/sequoyah-county-health-department.html,https://www.facebook.com/SequoyahCHD/?__tn__=%2Cd%2CP-R&eid=ARALg7lVEnyzWgSD-woIeDVJmoOQ3heYEpbQShmvfsbx77Ok64ioCQVShoDd9PuG5TCoZPa7jdGDhYq_,,True,"612 N Oak St Sallisaw, OK 74955"
Stephens County Health Department,Stephens,Duncan,OK,73533,(405) 437-8165,https://oklahoma.gov/health/locations/county-health-departments/stephens-county-health-department.html,https://www.facebook.com/StephensCoHealthDept/,,True,"1401 Bois D'Arc Ave Duncan, OK 73533"
Texas County Health Department,Texas,Guymon,OK,73942,(580) 338-8544,https://oklahoma.gov/health/locations/county-health-departments/texas-county-health-department.html,https://www.facebook.com/TexasCHD/,,True,"1410 North East St Guymon, OK 73942"
Tillman County Health Department,Tillman,Frederick,OK,73542,(580) 335-2163,https://oklahoma.gov/health/locations/county-health-departments/tillman-county-health-department/services.html,https://www.facebook.com/TillmanCHD,,True,"1500 N Main St Frederick, OK 73542"
Tulsa Health Department,Tulsa,Tulsa,OK,74133,(918) 595-4404,http://www.tulsa-health.org,https://www.facebook.com/TulsaHealth/?__tn__=%2Cd%2CP-R&eid=ARAmJ6F5jCMOnwuUfI76_j2y7OyqOlwb8iQ7VP2scKZiG5B73GdrLzwtj6dz_cehNuSMWLr_RETUN4wO,https://twitter.com/TulsaHealthDept,True,"5051 S. 129th East Ave Tulsa, OK 74133"
Wagoner County Health Department,Wagoner,Wagoner,OK,74467,(918) 485-3022,https://oklahoma.gov/health/locations/county-health-departments/wagoner-county-health-department.html,https://www.facebook.com/WagonerCoHealth/,,True,"212 N Pierce Ave Wagoner, OK 74467"
Washington County Health Department,Washington,Bartlesville,OK,74006,(918) 335-3005,https://oklahoma.gov/health/locations/county-health-departments/washington-county-health-department.html,https://www.facebook.com/WashingtonCoHealth/,,True,"5121 S.E. Jacquelyn Ln Bartlesville, OK 74006"
Woods County Health Department,Woods,Alva,OK,73717,(580) 327-3192,https://oklahoma.gov/health/locations/county-health-departments/woods-county-health-department.html,https://www.facebook.com/woodscountyhealthdepartment/?__tn__=%2Cd%2CP-R&eid=ARDhfz6d6fDZ80U-6ELklecEc1YRyBMkMSQ7j5PS85AW-ScQMomYRp4niL2xzJcWIcYVoS8DKWs1V2iw,,True,"511 Barnes Ave Alva, OK 73717"
Woodward County Health Department,Woodward,Woodward,OK,73801,(580) 256-6416,https://oklahoma.gov/health/locations/county-health-departments/woodward-county-health-department.html,https://www.facebook.com/WoodwardCHD/,,True,"1631 Texas St Woodward, OK 73801"
Baker County Health Department,Baker,City,OR,97814,(541) 523-8211,https://www.bakercounty.org/health/health.html,https://www.facebook.com/BCHDfan/,,True,"2200 4Th St Baker City, OR 97814-2615"
Benton County Health Department,Benton,Corvallis,OR,97339,(541) 766-6835,https://health.bentoncountyor.gov/,,,True,"PO Box 3020 Corvallis, OR 97339-3020"
Center for Human Development: Public Health,Center for Human Development:,Grande,OR,97850,(541) 962-8800,https://www.chdinc.org/public-health,,,True,"2301 Cove Ave La Grande, OR 97850-3906"
Clackamas County Public Health Division,Clackamas,City,OR,97045,(503) 742-5300,https://www.clackamas.us/publichealth,,,True,"2051 Kaen Rd Ste 367 Oregon City, OR 97045-4035"
Clatsop County Department of Public Health,Clatsop,Astoria,OR,97103,(503) 325-8500,http://www.co.clatsop.or.us/publichealth,https://www.facebook.com/Clatsop-County-Dept-of-Public-Health-122798474419724/,,True,"820 Exchange St Ste 100 Astoria, OR 97103-4609"
Columbia County Public Health,Columbia,Helens,OR,97051,(503) 397-7232,https://www.columbiacountyor.gov/departments/PublicHealth,,,True,"230 Strand St Saint Helens, OR 97051-2040"
Coos Health & Wellness,Coos Health & Wellness,Bay,OR,97420,(541) 266-6700,https://cooshealthandwellness.org,https://www.facebook.com/CoosHealthWellness/,,True,"281 Laclair St Coos Bay, OR 97420-2988"
Crook County Health Department,Crook,Prineville,OR,97754,(541) 447-5165,https://crookcountyor.gov/1260/Health-Department,,,True,"375 Nw Beaver St Ste 100 Prineville, OR 97754-1802"
Deschutes County Health Services,Deschutes,Bend,OR,97701,(541) 322-7400,http://www.deschutes.org/health,,,True,"2577 NE Courtney DR Bend, OR 97701-7752"
Douglas Public Health Network,Douglas Public Health Network,Roseburg,OR,97470,(541) 957-3722,https://douglaspublichealthnetwork.org/,,,True,"621 W Madrone ST Roseburg, OR 97470-3090"
Gilliam County Public Health Department,Gilliam,Condon,OR,97823,(541) 626-7088,https://gilliamcountypublichealth.org/,,,True,"PO Box 597 Condon, OR 97823-0597"
Grant County Health Department,Grant,Day,OR,97845,(541) 575-0429,https://grantcountyoregon.net/242/Health-Department,,,True,"528 E Main ST Ste E John Day, OR 97845-1289"
Harney County Health Department,Harney,Burns,OR,97720,(541) 573-2271,https://harneycountyor.gov/health-department/,https://www.facebook.com/HarneyCountyHealthDepartment,,True,"420 N Fairview Ave Burns, OR 97720-1416"
Hood River County Health Department,Hood River,River,OR,97031,(541) 386-1115,https://www.co.hood-river.or.us/health,,,True,"1109 June St Hood River, OR 97031-1512"
Jackson County Health and Human Services,Jackson,Medford,OR,97501,(541) 774-8209,https://www.jacksoncountyor.gov/departments/health___human_services/index.php,,,True,"140 S Holly St Medford, OR 97501-3113"
Jefferson County Public Health,Jefferson,Madras,OR,97741,(541) 475-4456,http://www.JeffCo.net/PublicHealth,https://www.facebook.com/JeffersonCountyOrHealthDepartment/,,True,"500 NE A ST Ste 102 Madras, OR 97741-1842"
Josephine County Public Health Department,Josephine,Pass,OR,97526,(541) 474-5325,https://www.josephinecounty.gov/departments/public_health/index.php,,,True,"715 Nw Dimmick St Grants Pass, OR 97526-1536"
Klamath County Department of Public Health,Klamath,Falls,OR,97603,(541) 882-8846 (3507),http://www.klamathcounty.org/378/Public-Health,https://www.facebook.com/KCPublicHealth/,https://twitter.com/Klamathcountyph,True,"3314 Vandenberg Rd Klamath Falls, OR 97603-3730"
Klamath Tribal Health and Family Services,Klamath Tribal Health and Family,Falls,OR,97603,(541) 783-3293,https://www.klamathtribalhealth.org/,,,True,"3949 S 6th ST Klamath Falls, OR 97603-4746"
Lake County Public Health Office,Lake,Lakeview,OR,97630,(541) 947-6045,https://lakehealthdistrict.org/lake-county-public-health/,https://www.facebook.com/pages/category/Government-Organization/Lake-County-Public-Health-211403642354361/,,True,"1250 S 9th ST Lakeview, OR 97630-1913"
Lane County Public Health,Lane,Eugene,OR,97401,(541) 682-4041,http://www.lanecounty.org/publichealth,https://www.facebook.com/?ref=tn_tnmn#%21/LaneCountyHealthHumanServices,https://twitter.com/LaneCoPH,True,"151 W 7Th Ave Eugene, OR 97401-1100"
Lincoln County Health and Human Services,Lincoln,Newport,OR,97365,(541) 265-4112,https://www.co.lincoln.or.us/hhs,https://www.facebook.com/LincolnHHS/,https://twitter.com/LCHHS_OR,True,"36 Sw Nye St Newport, OR 97365-3821"
Linn County Public and Environmental Health,Linn County Public and Environmental,Albany,OR,97321,(541) 967-3888,https://www.linncountyhealth.org,https://www.facebook.com/LinnCountyPH/,https://twitter.com/MarionCo_Health,True,"315 SW 4Th Ave, 2nd Floor Albany, OR 97321"
Malheur County Health Department,Malheur,Ontario,OR,97914,(541) 889-7279,https://malheurhealth.org,,,True,"1108 Sw 4Th St Ontario, OR 97914-4305"
Marion County Health & Human Services,Marion,Salem,OR,97301,(503) 361-2693,https://www.co.marion.or.us/HLT,https://www.facebook.com/MarionCountyHealth,https://twitter.com/MarionCo_Health,True,"3160 Center ST NE Salem, OR 97301-4530"
Morrow County Health Department,Morrow,Heppner,OR,97836,(541) 676-5421,https://www.morrowcountyor.gov/publichealth,https://www.facebook.com/Morrow-County-Health-Department-458759104230177/,https://twitter.com/MultCoHealth,True,"PO Box 799 Heppner, OR 97836-0799"
Multnomah County Health Department,Multnomah,Portland,OR,97204,(503) 988-3674,https://multco.us/health,https://www.facebook.com/MultCoHealth/,https://twitter.com/MultCoHealth,True,"619 NW 6th Ave Portland, OR 97204-2347"
North Central Public Health District,North Central,Dalles,OR,97058,(541) 506-2600,http://www.ncphd.org,,,True,"419 E 7Th St The Dalles, OR 97058-2676"
Northwest Portland Area Indian Health Board,Northwest Portland Area Indian,Portland,OR,97201,(503) 228-4185,https://www.npaihb.org/,,,True,"2121 SW Broadway Portland, OR 97201-3146"
Polk County Public Health,Polk,Dallas,OR,97338,(503) 623-8175,https://www.polkcountyor.gov/212/Public-Health,https://www.facebook.com/PCPHOR/,,True,"182 Sw Academy St Ste 302 Dallas, OR 97338-1900"
Tillamook County Health Department,Tillamook,Tillamook,OR,97141,(503) 842-3900,https://www.tillamookcounty.gov/administration/page/tillamook-county-health-department-main-clinic,https://www.facebook.com/TillamookCHC,,True,"801 Pacific Ave Tillamook, OR 97141-3926"
Umatilla County Public Health Department,Umatilla,Pendleton,OR,97801,(541) 278-5432,http://www.co.umatilla.or.us/health/,https://www.facebook.com/umatillacountyhealth,,True,"200 SE 3rd St Pendleton, OR 97801-2503"
Union County Health Department,Union,Grande,OR,97850,(541) 962-8800,https://www.chdinc.org/public-health,,,True,"2301 Cove Ave La Grande, OR 97850-3906"
Wallowa County Health Department,Wallowa,Enterprise,OR,97828,(541) 426-4848,,,,True,"101 S River St Enterprise, OR 97828-1363"
Washington County Department of Health and Human Services,Washington,Hillsboro,OR,97124,(503) 846-4745,https://www.co.washington.or.us/HHS/,https://www.facebook.com/WashingtonCountyHHS/,https://twitter.com/WashcoOregon,True,"155 North First Avenue, Suite 160, MS-5A Hillsboro, OR 97124-3072"
Wheeler County Public Health,Wheeler,Fossil,OR,97830,(541) 359-3386,https://wheelerhealth.net/,,,True,"PO Box 4 Fossil, OR 97830-0004"
Yamhill County Health and Human Services,Yamhill,Mcminnville,OR,97128,(503) 434-7525,https://www.co.yamhill.or.us/204/Health-Human-Services,https://www.facebook.com/YCPublicHealth/,,True,"310 NE Kirby ST Mcminnville, OR 97128-4301"
Yellowhawk Tribal Health Center Public Health Department,Yellowhawk Tribal,Pendleton,OR,97801,(541) 240-8728,https://yellowhawk.org/,,,True,"46314 Timine Way Pendleton, OR 97801-9417"
Adams County State Health Center,Adams County State,Gettysburg,PA,17325,(717) 787-8092,,,,True,"225 South Franklin Street ​Suite 2 Gettysburg, PA 17325-1926"
Allegheny County Health Department,Allegheny,Pittsburgh,PA,15219,(412) 578-8005,http://www.achd.net,,,True,"542 4th Ave Pittsburgh, PA 15219-2111"
Allentown City Bureau of Health,Allentown City Bureau,Allentown,PA,18102,(610) 437-7760,https://www.allentownpa.gov/en-us/Government/Departments/Community-Economic-Development/Health-Bureau,,,True,"245 N 6Th St Allentown, PA 18102-4168"
Armstrong County State Health Center,Armstrong County State,Kittanning,PA,16201,(724) 543-2700,,,,True,"245 Butler Rd Ste 1 Kittanning, PA 16201-6503"
Beaver County State Health Center,Beaver County State,Beaver,PA,15009,(724) 774-1385,,,,True,"500 Market St Ste 104 Beaver, PA 15009-2998"
Bedford County State Health Center,Bedford County State,Bedford,PA,15522,(717) 787-8092,,,,True,"130 W Vondersmith Ave Ste A Bedford, PA 15522-1730"
Bethlehem Health Bureau,Bethlehem Health Bureau,Bethlehem,PA,18018,(610) 865-7083,https://www.bethlehem-pa.gov/Health-Bureau,,,True,"10 E Church St Bethlehem, PA 18018-6005"
Blair County State Health Center,Blair County State,Altoona,PA,16601,(717) 787-8092,,,,True,"615 Howard Ave Altoona, PA 16601-4813"
Bradford County State Health Center,Bradford County State,Towanda,PA,18848,(570) 327-3400,,,,True,"142 Colonial Drive Towanda, PA 18848-9781"
Bucks County Department of Health,Bucks,Doylestown,PA,18901,(215) 345-3318,https://www.buckscounty.gov/health,,,True,"1282 Almshouse Rd Doylestown, PA 18901-2886"
Cambria County State Health Center,Cambria County State,Johnstown,PA,15904,(814) 248-3120,,,,True,"184 Donald Ln Ste 1 Johnstown, PA 15904-2835"
Carbon County State Health Center,Carbon County State,Thorpe,PA,18229,(570) 892-4080,,,,True,"616 North St Jim Thorpe, PA 18229-2125"
Centre County State Health Center,Centre County State,College,PA,16801,(570) 327-3400,,,,True,"280 W Hamilton Ave State College, PA 16801-5218"
Chester County Health Department,Chester,Chester,PA,19382,(610) 344-6225,http://www.chesco.org/health,https://www.facebook.com/ChesterCountyHealthDepartment,https://twitter.com/ChescoHealth,True,"601 Westtown Rd Ste 290 West Chester, PA 19382-4991"
City of Chester - Bureau of Health,City of Chester - Bureau,Chester,PA,19013,(484) 745-4199,https://www.chestercity.com/departments/bureau-of-health/,,,True,"One Fourth Street Chester, PA 19013"
City of Lancaster Bureau of Health,City of Lancaster Bureau,Lancaster,PA,17608,(717) 719-2193,https://www.cityoflancasterpa.gov/departments/department-of-community-planning-economic-development/bureau-of-health/,,,True,"PO Box 1599 Lancaster, PA 17608-1599"
Clarion County State Health Center,Clarion County State,Clarion,PA,16214,(814) 226-2170,,,,True,"162 S 2Nd Ave Ste D Clarion, PA 16214-2464"
Clearfield County State Health Center,Clearfield County State,Clearfield,PA,16830,(814) 765-0542,,,,True,"1125 Linden St # 1 Clearfield, PA 16830-3317"
Clinton County State Health Center,Clinton County State,Haven,PA,17745,(570) 327-3400,,,,True,"215 E Church St Lock Haven, PA 17745-2009"
Columbia County State Health Center,Columbia County State,Bloomsburg,PA,17815,(717) 787-8092,,,,True,"1000 Market St Ste 4 Bloomsburg, PA 17815-2601"
Crawford County State Health Center,Crawford County State,Meadville,PA,16335,(814) 332-6947,,,,True,"847 N Main St Meadville, PA 16335-2668"
Cumberland County State Health Center,Cumberland County State,Carlisle,PA,17013,(717) 787-8092,,,,True,"425 E North St Carlisle, PA 17013"
Dauphin County State Health Center,Dauphin County State,Harrisburg,PA,17104,(717) 787-8092,,,,True,"30 Kline Vlg Harrisburg, PA 17104-1530"
Delaware County Health Department,Delaware,Media,PA,19063,(484) 370-3697,https://delcopa.gov/health,,,True,"201 W Front ST Media, PA 19063-2708"
Elk County State Health Center,Elk County State,Marys,PA,15857,(814) 834-5351,,,,True,"778 Washington St Saint Marys, PA 15857-3604"
Erie County Department of Health,Erie,Erie,PA,16507,(814) 451-6700,http://www.ecdh.org,,,True,"606 W 2Nd St Erie, PA 16507-1111"
Fayette County State Health Center,Fayette County State,Uniontown,PA,15401,(724) 439-7400,,,,True,"100 New Salem Rd Uniontown, PA 15401-8936"
Forest County State Health Center,Forest County State,Tionesta,PA,16353,(724) 662-6068,,,,True,"PO BOX 405 Tionesta, PA 16353-0405"
Franklin County State Health Center,Franklin County State,Chambersburg,PA,17201,(717) 787-8092,,,,True,"518 Cleveland Ave Chambersburg, PA 17201-3400"
Fulton County State Health Center,Fulton County State,Connellsburg,PA,17233,(717) 787-8092,,,,True,"182 Buchanan Trl Ste 160 Mc Connellsburg, PA 17233-8261"
Greene County State Health Center,Greene County State,Waynesburg,PA,15370,(724) 627-3168,,,,True,"432 E Oakville Dr Waynesburg, PA 15370-2035"
Harrisburg Health Department,Harrisburg,Harrisburg,PA,17101,(717) 255-6563,https://www.harrisburgpa.gov/services/health.php,,,True,"10 N 2Nd St # 205 Harrisburg, PA 17101-1677"
Huntingdon County State Health Center,Huntingdon County State,Huntingdon,PA,16652,(717) 787-8092,,,,True,"6311 Margy Dr Ste 1 Huntingdon, PA 16652-7565"
Indiana County State Health Center,Indiana County State,Indiana,PA,15701,(724) 357-2995,,,,True,"75 N 2Nd St Indiana, PA 15701-2047"
Jefferson County State Health Center,Jefferson County State,Punxsutawney,PA,15767,(814) 938-6630,,,,True,"203 N Main St Punxsutawney, PA 15767-1217"
Juniata County State Health Center,Juniata County State,Royal,PA,17082,(717) 787-8092,,,,True,"809 Market St Port Royal, PA 17082-9630"
Lackawanna County State Health Center,Lackawanna County State,Scranton,PA,18503,(570) 892-4080,,,,True,"100 Lackawanna Ave Rm 110 Scranton, PA 18503-1973"
Lancaster County State Health Center,Lancaster County State,Lancaster,PA,17602,(610) 378-4352,,,,True,"1661 Old Philadelphia Pike Lancaster, PA 17602-2676"
Lawrence County State Health Center,Lawrence County State,Castle,PA,16101,(724) 656-3088,,,,True,"106 Margaret St New Castle, PA 16101-3913"
Lebanon County State Health Center,Lebanon County State,Lebanon,PA,17046,(717) 787-8092,,,,True,"9 N 9Th St # 11 Lebanon, PA 17046-4902"
Lehigh County State Health Center,Lehigh County State,Whitehall,PA,18052,(570) 892-4080,,,,True,"3730 Lehigh St Ste 206 Whitehall, PA 18052-3438"
Luzerne County State Health Center,Luzerne County State,Township,PA,18706,(570) 892-4080,,,,True,"665 Carey Ave Ste 2 Hanover Township, PA 18706-5466"
Lycoming County State Health Center,Lycoming County State,Williamsport,PA,17701,(570) 327-3400,,,,True,"1000 Commerce Park Dr Ste 106 Williamsport, PA 17701-5475"
McKean County State Health Center,McKean County State,Bradford,PA,16701,(814) 368-0426,,,,True,"PO BOX 160 Bradford, PA 16701-0160"
Mercer County State Health Center,Mercer County State,Center,PA,16133,(724) 662-4000,,,,True,"25 Mcquiston Dr Jackson Center, PA 16133-1635"
Mifflin County State Health Center,Mifflin County State,Lewistown,PA,17044,(717) 787-8092,,,,True,"21 S Brown St Lewistown, PA 17044-8126"
Monroe County State Health Center,Monroe County State,Stroudsburg,PA,18360,(570) 892-4080,,,,True,"1972 W Main St Ste 102 Stroudsburg, PA 18360-6515"
Montgomery County Office of Public Health,Montgomery,Norristown,PA,19404,(610) 278-5117,https://www.montcopa.org/513/Public-Health,,,True,"PO BOX 311 Norristown, PA 19404-0311"
Montour County State Health Center,Montour County State,Danville,PA,17821,(570) 327-3400,,,,True,"329 Church St Danville, PA 17821"
Northampton County Board of Health,Northampton,Easton,PA,18042,(610) 250-6729,https://www.easton-pa.com/193/Health-Department,,,True,"Govt. Center, 669 Washington St. Easton, PA 18042"
Northampton County State Health Center,Northampton County State,Easton,PA,18042,(570) 892-4080,,,,True,"1600 Northampton St Easton, PA 18042-3132"
Northcentral District Office,Northcentral,Williamsport,PA,17701,(570) 327-3400,http://www.health.state.pa.us,,,True,"1000 Commerce Park Dr Ste 109 Williamsport, PA 17701-5475"
Northeast District Office,Northeast,Wilkes-Barre,PA,18702,(570) 826-2062,,,,True,"665 Carey Ave Ste 5 Wilkes-Barre, PA 18702"
Northumberland County State Health Center,Northumberland County State,Sunbury,PA,17801,(570) 988-5513,,,,True,"247 Pennsylvania Ave Sunbury, PA 17801-2248"
Northwest District Office,Northwest,Center,PA,16133,(724) 662-6068,,,,True,"19 Mcquiston Dr Jackson Center, PA 16133-1635"
Perry County State Health Center,Perry County State,Newport,PA,17074,(717) 567-2011,,,,True,"153 Red Hill Rd Newport, PA 17074-8603"
Philadelphia Department of Public Health,Philadelphia,Philadelphia,PA,19107,(215) 686-5207,http://www.phila.gov/health,,,True,"1101 Market St Fl 9Th Philadelphia, PA 19107-2934"
Pike County State Health Center,Pike County State,Milford,PA,18337,(570) 296-6512,,,,True,"10 Buist Rd Ste 401 Milford, PA 18337-9311"
Potter County State Health Center,Potter County State,Coudersport,PA,16915,(570) 327-3400,,,,True,"269 Route 6 W Rm 2 Coudersport, PA 16915-8465"
Schuylkill County State Health Center,Schuylkill County State,Pottsville,PA,17901,(610) 378-4352,,,,True,"103 One Norwegian Plz Pottsville, PA 17901-3057"
Snyder County State Health Center,Snyder County State,Middleburg,PA,17842,(570) 327-3400,,,,True,"207 W Willow Ave Middleburg, PA 17842-1039"
Somerset County State Health Center,Somerset County State,Somerset,PA,15501,(814) 445-7981,,,,True,"651 S Center Ave Somerset, PA 15501-2811"
Southcentral District Office,Southcentral,Harrisburg,PA,17104,(717) 787-8092,,,,True,"30 Kline Vlg Harrisburg, PA 17104-1530"
Southeast District Offiice,Southeast District Offiice,Reading,PA,19602,(610) 378-4352,,,,True,"625 Cherry St Ste 442 Reading, PA 19602-1187"
Southwest District Office,Southwest,Greensburg,PA,15601,(724) 830-2701,http://www.health.state.pa.us,,,True,"233 W Otterman St Greensburg, PA 15601-2201"
Springfield Township,Springfield Township,Springfield,PA,19064,6105441300x132,https://www.springfielddelco.org/public-health/,,,True,"50 Powell Rd Springfield, PA 19064-2422"
Susquehanna County State Health Center,Susquehanna County State,Montrose,PA,18801,(570) 278-3889,,,,True,"157 Spruce St Ste 2 Montrose, PA 18801-1575"
Tioga County State Health Center,Tioga County State,Wellsboro,PA,16901,(570) 327-3400,,,,True,"144 Plaza Ln Wellsboro, PA 16901"
Union County State Health Center,Union County State,Lewisburg,PA,17837,(570) 327-3400,,,,True,"260 Reitz Blvd Ste 3 Lewisburg, PA 17837-9220"
Venango County State Health Center,Venango County State,Seneca,PA,16346,(814) 677-0672,,,,True,"PO BOX 191 Seneca, PA 16346-0191"
Warren County State Health Center,Warren County State,Warren,PA,16365,(814) 723-3566,,,,True,"2027 Pennsylvania Ave E Warren, PA 16365-3236"
Washington County State Health Center,Washington County State,Washington,PA,15301,(724) 223-4540,,,,True,"167 N Main St Ste 100 Washington, PA 15301-4354"
Wayne County State Health Center,Wayne County State,Honesdale,PA,18431,(570) 253-7141,,,,True,"615 Erie Hts Honesdale, PA 18431-1017"
Westmoreland County State Health Center,Westmoreland County State,Greensburg,PA,15601,(724) 832-5315,,,,True,"233 W Otterman St Greensburg, PA 15601-2201"
Wilkes-Barre City Health Department,Wilkes-Barre,Barre,PA,18701,(570) 208-4268,https://www.wilkes-barre.city/238/Health-Department,,,True,"71 N Franklin St Ste 106 Wilkes Barre, PA 18701-1312"
Wyoming County State Health Center,Wyoming County State,Tunkhannock,PA,18657,(570) 836-2981,,,,True,"5632 Sr 6 Tunkhannock, PA 18657-7902"
York City Bureau of Health,York City Bureau,York,PA,17401,(717) 854-7724,http://www.yorkcity.org/health,https://www.facebook.com/cityofyorkbureauofhealth/,https://twitter.com/yorkcityhealth,True,"101 S George ST York, PA 17401-1409"
York County State Health Center,York County State,York,PA,17404,(717) 787-8092,,,,True,"1750 N George St York, PA 17404-1807"
Narragansett Indian Tribe,Narragansett Indian Tribe,Charlestown,RI,02813,(401) 364-1265 (10),https://narragansettindiannation.org/health-and-human-services/,,,True,"PO BOX 268 Charlestown, RI 02813-0268"
"Abbeville, Greenwood & McCormick County Health Clinic","Abbeville, Greenwood & McCormick County Health Clinic",Greenwood,SC,29646,(864) 942-3600,https://dph.sc.gov/public/public-health-clinics,,,True,"1736 Main ST S Greenwood, SC 29646-4124"
Aiken County Health County,Aiken,Aiken,SC,29801,(803) 502-4684,https://dph.sc.gov/public/public-health-clinics,,,True,"222 Beaufort ST NE Aiken, SC 29801-4476"
Allendale County Health Clinic,Allendale County Health Clinic,Bamberg,SC,29003,(803) 584-3818,https://www.achospital.org,,,True,"370 Log Branch Road Bamberg, SC 29003"
Bamberg County Health Clinic,Bamberg County Health Clinic,Bamberg,SC,29003,(803) 245-5176,https://dph.sc.gov/public/public-health-clinics,,,True,"370 Log Branch RD Bamberg, SC 29003-8462"
Barnwell County Health Clinic,Barnwell County Health Clinic,Barnwell,SC,29812,(803) 541-1061,https://dph.sc.gov/public/public-health-clinics,,,True,"11015 Ellenton Street Highway Barnwell, SC 29812"
Beaufort County Health Clinic (Beaufort/ Bluffton/ Port Royal),Beaufort County Health Clinic (Beaufort/ Bluffton/ Port Royal),Beaufort,SC,29902,(843) 525-7615,https://dph.sc.gov/public/public-health-clinics,,,True,"601 Wilmington ST Beaufort, SC 29902-4956"
Berkeley County (Goose Creek / Moncks Corner),Berkeley County (Goose Creek / Moncks Corner),Corner,SC,29461,(843) 719-4600,https://dph.sc.gov/public/public-health-clinics,,,True,"109 W Main ST Moncks Corner, SC 29461-2673"
Calhoun County Health Clinic,Calhoun County Health Clinic,Matthews,SC,29135,(803) 874-2037,https://dph.sc.gov/public/public-health-clinics,,,True,"2837 Old Belleville RD St Matthews, SC 29135-9010"
Charleston County Health Clinic (Mount Pleasant/ North Area/ Northwoods),Charleston County Health Clinic (Mount Pleasant/ North Area/ Northwoods),Pleasant,SC,29466,(843) 856-1210,https://dph.sc.gov/public/public-health-clinics,,,True,"1189 Sweetgrass Basket Pkwy Ste 100 Mt Pleasant, SC 29466-7422"
Cherokee & Union County Health Clinic,Cherokee & Union County Health Clinic,Gaffney,SC,29341,(864) 487-2705,https://dph.sc.gov/public/public-health-clinics,,,True,"400 S Logan ST Gaffney, SC 29341-1609"
Chester County Health Clinic,Chester County Health Clinic,Chester,SC,29706,(803) 385-6152,https://dph.sc.gov/public/public-health-clinics,,,True,"129 Wylie ST Chester, SC 29706-1786"
Chesterfield County Health Clinic,Chesterfield County Health Clinic,Chesterfield,SC,29709,(843) 623-2117,https://dph.sc.gov/public/public-health-clinics,,,True,"203 N Page ST Chesterfield, SC 29709-1201"
Clarendon County Health Clinic,Clarendon County Health Clinic,Manning,SC,29102,(803) 435-8168,https://dph.sc.gov/public/public-health-clinics,,,True,"10 E Boyce ST Manning, SC 29102-3233"
Colleton County Health Clinic,Colleton County Health Clinic,Walterboro,SC,29488,,https://dph.sc.gov/public/public-health-clinics,,,True,"219 S Lemacks ST Walterboro, SC 29488-4374"
Darlington County Health Clinic,Darlington County Health Clinic,Darlington,SC,29532,(843) 398-4400,https://dph.sc.gov/public/public-health-clinics,,,True,"305 Russell ST Darlington, SC 29532-3323"
Dillon County Health Clinic,Dillon County Health Clinic,Dillon,SC,29536,(843) 774-5611,https://dph.sc.gov/public/public-health-clinics,,,True,"201 W Hampton ST Dillon, SC 29536-3333"
Dorchester County Health Clinic (Summerville),Dorchester County Health Clinic (Summerville),Summerville,SC,29483,(843) 832-0041,https://dph.sc.gov/public/public-health-clinics,,,True,"500 N Main ST Ste 9 Summerville, SC 29483-6439"
Florence County Health Clinic,Florence County Health Clinic,Florence,SC,29506,(843) 661-4830,https://dph.sc.gov/public/public-health-clinics,,,True,"145 E Cheves ST Florence, SC 29506-2526"
Georgetown County Health Clinic,Georgetown County Health Clinic,Georgetown,SC,29440,(843) 546-5593,https://dph.sc.gov/public/public-health-clinics,,,True,"531 Lafayette Cir Georgetown, SC 29440-2569"
Greenville  County Health Clinic,Greenville County Health Clinic,Greenville,SC,29607,(864) 372-3270,https://dph.sc.gov/public/public-health-clinics,,,True,"352 Halton RD Greenville, SC 29607-6603"
Hampton County Health Clinic,Hampton County Health Clinic,Varnville,SC,29944,(803) 943-3878,https://dph.sc.gov/public/public-health-clinics,,,True,"531 W Carolina Ave Varnville, SC 29944"
"Horry County Health Clinic (Myrtle Beach, Stephen's Crossroads, and Conway)","Horry County Health Clinic (Myrtle Beach, Stephen's Crossroads, and Conway)",River,SC,29566,(843) 915-8800,https://dph.sc.gov/public/public-health-clinics,,,True,"107 Highway 57 N Little River, SC 29566-7050"
Jasper County Health Clinic,Jasper County Health Clinic,Ridgeland,SC,29936,(843) 726-7788,https://dph.sc.gov/public/public-health-clinics,,,True,"651 Grays Hwy Ridgeland, SC 29936-5488"
Kershaw County Health Clinic,Kershaw County Health Clinic,Camden,SC,29020,(803) 425-6012,https://dph.sc.gov/public/public-health-clinics,,,False,"1116 Church ST Camden, SC 29020-3502"
Lancaster County Health Clinic,Lancaster County Health Clinic,Lancaster,SC,29720,(803) 286-9948,https://dph.sc.gov/public/public-health-clinics,,,True,"1228 Colonial Commons CT Ste 100 Lancaster, SC 29720-2217"
Laurens County Health Clinic,Laurens County Health Clinic,Clinton,SC,29325,(864) 833-0000,https://dph.sc.gov/public/public-health-clinics,,,True,"93 Human Services RD Clinton, SC 29325-7546"
Lee County Health Clinic,Lee County Health Clinic,Bishopville,SC,29010,(803) 484-6612,https://dph.sc.gov/public/public-health-clinics,,,True,"810 Brown ST Bishopville, SC 29010-1176"
Lexington County Health Clinic,Lexington County Health Clinic,Lexington,SC,29073,,https://dph.sc.gov/public/public-health-clinics,,,True,"1070 S Lake DR Ste B Lexington, SC 29073-3701"
Lowcountry Regional Public Health - SC DHEC,Lowcountry Regional Public Health - SC DHEC,Corner,SC,29461,(843) 953-0038,https://dph.sc.gov/public/public-health-clinics,,,True,"109 W Main ST Moncks Corner, SC 29461-2673"
Marion County Health Clinic,Marion County Health Clinic,Mullins,SC,29574,(843) 423-8295,https://dph.sc.gov/public/public-health-clinics,,,True,"206 Airport CT Ste B Mullins, SC 29574-6196"
Marlboro County Health Clinic,Marlboro County Health Clinic,Bennettsville,SC,29512,(843) 479-6801,https://dph.sc.gov/public/public-health-clinics,,,True,"711 Parsonage Street Extension Bennettsville, SC 29512"
Midlands Public Health - SC Department of Public Health,Midlands Public Health - SC,Columbia,SC,29204,(803) 576-2980,https://dph.sc.gov/public/public-health-clinics,,,True,"2000 Hampton ST Columbia, SC 29204-1002"
Newberry County Health Clinic,Newberry County Health Clinic,Newberry,SC,29108,(803) 321-2170,https://dph.sc.gov/public/public-health-clinics,,,True,"2111 Wilson RD Newberry, SC 29108-1603"
Orangeburg County Health Clinic (Orangeburg/ Holly Hill),Orangeburg County Health Clinic (Orangeburg/ Holly Hill),Orangeburg,SC,29115,(803) 533-5480,https://dph.sc.gov/public/public-health-clinics,,,True,"1550 Carolina Ave Orangeburg, SC 29115-4944"
Pee Dee Regional Public Health - SC DHEC,Pee Dee Regional Public Health - SC DHEC,Florence,SC,29506,(843) 661-4830,https://dph.sc.gov/public/public-health-clinics,,,True,"145 E Cheves St Florence, SC 29506-2526"
Pickens & Oconee County Health Clinic,Pickens & Oconee County Health Clinic,Seneca,SC,29678,(864) 882-2245,https://dph.sc.gov/public/public-health-clinics,,,True,"609 N Townville ST Seneca, SC 29678-2642"
Richland County Health Clinic,Richland County Health Clinic,Richland,SC,29204,(855) 472-3432,https://dph.sc.gov/public/public-health-clinics,,,True,"2000 Hampton Street Richland, SC 29204"
Saluda County Health Clinic,Saluda County Health Clinic,Saluda,SC,29138,(855) 472-3432,https://dph.sc.gov/public/public-health-clinics,,,True,"613 Newberry Highway Saluda, SC 29138"
Spartanburg County Health Clinic,Spartanburg County Health Clinic,Spartanburg,SC,29303,(864) 596-2227,https://dph.sc.gov/public/public-health-clinics,,,True,"151 E Wood ST Spartanburg, SC 29303-3016"
Sumter County Health Clinic,Sumter County Health Clinic,Sumter,SC,29150,(803) 773-5511,https://dph.sc.gov/public/public-health-clinics,,,True,"105 N Magnolia ST Sumter, SC 29150-4941"
Upstate Regional Public Health - SC DHEC,Upstate Regional Public Health - SC DHEC,Greenville,SC,29607,(864) 282-4138,https://dph.sc.gov/public/public-health-clinics,,,True,"352 Halton Rd Greenville, SC 29607"
York County Health Clinic,York County Health Clinic,York,SC,29745,(803) 684-7004,https://dph.sc.gov/public/public-health-clinics,,,True,"116 Congress ST N York, SC 29745-1531"
Aurora County,Aurora,Plankinton,SD,57368,(605) 942-7163,,,,True,"401 N Main St Plankinton, SD 57368-2201"
Beadle County,Beadle,Huron,SD,57350,(605) 353-7135,,,,True,"495 3Rd St Sw Huron, SD 57350-1813"
Bennett County,Bennett,Martin,SD,57551,(605) 685-1089,,,,True,"201 Main St Martin, SD 57551-7745"
Black Hills Center American Indian Health,Black Hills Center American Indian,City,SD,57701,(605) 348-6100,http://www.bhcaih.org,,,True,"701 Saint Joseph ST Ste 204 Rapid City, SD 57701-2776"
Bon Homme County Publice Health,Bon Homme County Publice,Tyndall,SD,57066,(605) 589-4318,,,,True,"103 W 18Th Ave Tyndall, SD 57066-2352"
Brookings County,Brookings,Brookings,SD,57006,(605) 688-5802,https://doh.sd.gov/local-offices/county/brookings.aspx,,,True,"1310 Main Ave S Ste 105 Brookings, SD 57006-3893"
Brown County Community Health Center,Brown County Community,Aberdeen,SD,57401,(605) 626-2649,,,,True,"402 S Main St Aberdeen, SD 57401-4127"
Brule County,Brule,Chamberlain,SD,57325,(605) 734-4515,,,,True,"330 S Courtland St Ste 201 Chamberlain, SD 57325"
Buffalo County Community Health Services,Buffalo County Community,Thompson,SD,57339,(605) 245-1503,https://doh.sd.gov/local-offices/county/buffalo.aspx,,,True,"1323 BIA Route 4 Fort Thompson, SD 57339"
Butte County,Butte,Fourche,SD,57717,(605) 892-2523,https://www.buttesd.org/community-health-services,,,True,"2398 5Th Ave Ste 102 Belle Fourche, SD 57717-2340"
Campbell County Clinic,Campbell County Clinic,Herreid,SD,57632,(605) 437-2304,https://doh.sd.gov/local-offices/county/campbell.aspx,,,True,"208 Main St N Herreid, SD 57632-2139"
Charles Mix County,Charles Mix,Andes,SD,57356,(605) 487-7094,,,,True,"400 Main St Lake Andes, SD 57356"
Charles Mix County - Platte Clinic,Charles Mix County - Platte Clinic,Platte,SD,57369,(605) 337-3996,https://doh.sd.gov/local-offices/county/charles-mix.aspx,,,True,"612 E 7Th St Platte, SD 57369"
Clark County,Clark,Clark,SD,57225,(605) 532-3168,https://doh.sd.gov/local-offices/county/clark.aspx,,,True,"200 N Commercial St Clark, SD 57225-1526"
Clay County,Clay,Vermillion,SD,57069,(605) 677-6767,,,,True,"211 W Main ST Ste 100 Vermillion, SD 57069-2056"
Codington County,Codington,Watertown,SD,57201,(605) 882-5177,,,,True,"104 1st Ave NW Watertown, SD 57201-3611"
Corson County Clinic,Corson County Clinic,Intosh,SD,57641,(605) 273-4335,,,,True,"208 Main St Mc Intosh, SD 57641-7707"
Custer County,Custer,Custer,SD,57730,(605) 673-2847,https://doh.sd.gov/local-offices/county/custer.aspx,,,True,"447 Crook St Ste 2 Custer, SD 57730-1550"
DBA Mission Medical Clinic,DBA Mission Medical Clinic,Mission,SD,57555,(605) 856-2295,,,,False,"153 South Main Street Mission, SD 57555"
Davison County,Davison,Mitchell,SD,57301,(605) 995-8050,,,,True,"909 S Miller Ave Mitchell, SD 57301"
Day County,Day,Webster,SD,57274,(605) 345-3882,,,,True,"711 W 1St St Ste 102 Webster, SD 57274-1398"
Deuel County Community Memorial Services,Deuel County Community Memorial,Lake,SD,57226,(605) 773-3907,https://doh.sd.gov/local-offices/county/deuel.aspx,,,True,"701 3Rd Ave S Clear Lake, SD 57226-2016"
Dewey County,Dewey,Isabel,SD,57633,(605) 466-2474,,,,True,"118 Main St Isabel, SD 57633"
Douglas County Memorial Hospital,Douglas County Memorial Hospital,Armour,SD,57313,(605) 724-2758,,,,True,"708 8Th St Armour, SD 57313-2102"
Edmunds County Public Health Services,Edmunds,Bowdle,SD,57428,(605) 285-6419,http://edmunds.sdcounties.org/public-health/,,,True,"8001 S 5Th St Bowdle, SD 57428-2031"
Fall River County,Fall River,Springs,SD,57747,(605) 745-5135,https://doh.sd.gov/local-offices/county/fall-river.aspx,,,True,"709 Jensen Hwy Ste D Hot Springs, SD 57747-2408"
Faulk County,Faulk,Faulkton,SD,57438,(605) 598-4513,,,,True,"PO BOX 309 Faulkton, SD 57438-0309"
Flandreau Santee Sioux Tribe Health Clinic,Flandreau Santee Sioux Tribe Health Clinic,Flandreau,SD,57028,(605) 997-3922,,,,True,"403 W Broad Ave Flandreau, SD 57028-1630"
Grant County,Grant,Milbank,SD,57252,(605) 432-4596,,,,True,"210 E 5Th Ave Milbank, SD 57252-2433"
Gregory County,Gregory,Burke,SD,57523,(605) 775-2634,,,,False,"221 E 8th ST Burke, SD 57523"
Haakon County,Haakon,Philip,SD,57567,(605) 859-2467,,,,False,"140 S. Howard St. Philip, SD 57567"
Hamlin County,Hamlin,Hayti,SD,57241,(605) 783-3681,https://doh.sd.gov/local-offices/county/hamlin.aspx,,,True,"300 4Th St Hayti, SD 57241"
Hand County Public Health Services,Hand,Miller,SD,57362,(605) 853-2147,https://opa-fpclinicdb.hhs.gov/grantee/hand-county-public-health-services,,,True,"318 W 5Th St Miller, SD 57362-1238"
Hanson County,Hanson,Alexandria,SD,57311,(605) 239-4417,,,,True,"430 Main St Alexandria, SD 57311-2258"
"Harding County, Buffalo Regional Medical Clinic","Harding County, Buffalo Regional Medical Clinic",Buffalo,SD,57720,(605) 375-3744,https://doh.sd.gov/local-offices/county/harding.aspx,,,True,"209 Ramsland St # 45 Buffalo, SD 57720-9004"
Hughes County,Hughes,Pierre,SD,57501,(605) 773-3638,https://doh.sd.gov/local-offices/county/hughes.aspx,,,True,"740 E Sioux Ave Ste 107 Pierre, SD 57501-3395"
Hutchinson County Public Health Services,Hutchinson,Freeman,SD,57029,(605) 925-2118,,,,True,"510 E 8Th St Freeman, SD 57029-2086"
Hyde County Clinic,Hyde County Clinic,Highmore,SD,57345,(605) 852-2238,https://doh.sd.gov/local-offices/county/hyde.aspx,,,True,"200 Commercial Ave SE Highmore, SD 57345-0259"
Jackson County,Jackson,Kadoka,SD,57543,(605) 837-2240,https://doh.sd.gov/local-offices/county/jackson.aspx,,,True,"720 6th Ave Kadoka, SD 57543-0564"
Jerauld County,Jerauld,Springs,SD,57382,(605) 539-9301,,,,True,"PO BOX 422 Wessington Springs, SD 57382-0422"
Jones County,Jones,Murdo,SD,57559,(605) 669-2121,,,,False,"609 Garfield Ave Murdo, SD 57559-4100"
Kingsbury County,Kingsbury,Smet,SD,57231,(605) 854-3834,,,,True,"PO BOX 196 De Smet, SD 57231-0196"
Lake County Health Department,Lake,Madison,SD,57042,(605) 256-5309,http://www.lake.sd.gov/custom/community-health-nurse,,,True,"200 E. Center, 2nd floor Madison, SD 57042-9241"
Lawrence County,Lawrence,Deadwood,SD,57732,(605) 578-2660,https://doh.sd.gov/local-offices/child-family-services/,,,True,"90 Sherman St Deadwood, SD 57732-1468"
Lawrence County - Spearfish Community Health Clinic,Lawrence County - Spearfish Community Health Clinic,Spearfish,SD,57783,(605) 642-6915,https://doh.sd.gov/local-offices/county/lawrence.aspx,,,True,"930 N 10Th St Spearfish, SD 57783-2202"
Lincoln County,Lincoln,Canton,SD,57013,(605) 764-5746,,,,True,"104 N Main St Ste 140 Canton, SD 57013-1703"
Lyman County,Lyman,Kennebec,SD,57544,(605) 869-2217,,,,False,"300 S Main St. Kennebec, SD 57544-0334"
Marshall County,Marshall,Britton,SD,57430,(605) 448-2744,,,,True,"909 Main St Britton, SD 57430"
McCook County,McCook,Salem,SD,57058,(605) 425-2671,https://doh.sd.gov/local-offices/county/mccook.aspx,,,True,"130 W Essex Ave Salem, SD 57058-8901"
McPherson County Public Health Services,McPherson,Eureka,SD,57437,(605) 284-2661,https://doh.sd.gov/local-offices/county/mcpherson.aspx,,,True,"410 9Th St Eureka, SD 57437-2182"
Meade County,Meade,Sturgis,SD,57785,(605) 347-5650,https://www.meadecounty.org/community-health-services/,,,True,"1029 5Th St Sturgis, SD 57785-1401"
Meade County - Faith Community Health Services,Meade County - Faith Community,Faith,SD,57626,(605) 967-2150,https://doh.sd.gov/local-offices/county/meade.aspx,,,True,"112 North 2nd Avenue West Faith, SD 57626-0082"
Mellette County Health Clinic,Mellette County Health Clinic,River,SD,57579,(605) 259-3121,https://doh.sd.gov/local-offices/county/mellette.aspx,,,True,"309 E 4th St White River, SD 57579"
Miner County,Miner,Howard,SD,57349,(605) 910-5513,https://www.minercountysd.org/departments/communityhealth/,,,True,"400 N Main St Howard, SD 57349-9007"
Minnehaha County,Minnehaha,Falls,SD,57104,(605) 367-8793,https://doh.sd.gov/local-offices/county/minnehaha.aspx,,,True,"521 N Main Ave Ste 201 Sioux Falls, SD 57104-5965"
Moody County Public Health Services,Moody,Flandreau,SD,57028,(605) 997-3779,https://doh.sd.gov/local-offices/county/moody.aspx,,,True,"309 N Prairie St Flandreau, SD 57028-1253"
Oglala Lakota County Public Health Service Hospital,Oglala Lakota County Public Health Service Hospital,Ridge,SD,57770,(605) 867-3048,https://doh.sd.gov/local-offices/county/OglalaLakota.aspx,,,True,"1201 Hwy. 18 Pine Ridge, SD 57770-1201"
Pennington County,Pennington,City,SD,57701,(605) 394-2516,https://doh.sd.gov/local-offices/county/pennington.aspx,,,True,"909 E Saint Patrick St Ste 7 Rapid City, SD 57701-5720"
Perkins County,Perkins,Lemmon,SD,57638,(605) 244-5978,https://doh.sd.gov/local-offices/child-family-services/,,,True,"11 4Th St E Lemmon, SD 57638-1524"
Perkins County - Lemmon Community Health Services,Perkins County - Lemmon Community,Lemmon,SD,57638,(605) 374-5962,https://www.perkinscounty.org/community-health-services,,,True,"PO Box 447 Lemmon, SD 57638-0447"
Potter County,Potter,Gettysburg,SD,57442,(605) 765-2273,,,,True,"608 E Garfield Ave Gettysburg, SD 57442-1325"
Roberts County,Roberts,Sisseton,SD,57262,(605) 698-4183,,,,True,"405 E Chestnut St Sisseton, SD 57262-1544"
Sanborn County,Sanborn,Woonsocket,SD,57385,(605) 796-4510,,,,True,"604 W. 6th St. Woonsocket, SD 57385"
Sioux Falls City Health Department,Sioux Falls,Falls,SD,57104,(605) 367-8760,http://www.siouxfalls.org/health,https://www.facebook.com/CitySiouxFalls,https://twitter.com/livewellsf,True,"521 N Main Ave Ste 101 Sioux Falls, SD 57104-5963"
Spink County,Spink,Redfield,SD,57469,(605) 472-2434,,,,True,"210 E 7Th Ave Redfield, SD 57469-1283"
Stanley County,Stanley,Pierre,SD,57532,(605) 223-7740,,,,False,"8 E 2Nd Ave Fort Pierre, SD 57532-3402"
Sully County - Onida Clinic,Sully County - Onida Clinic,Onida,SD,57564,(605) 258-2635,https://doh.sd.gov/local-offices/county/sully.aspx,,,True,"303 S Main St Onida, SD 57564-2160"
Tripp County Public Health Services,Tripp,Winner,SD,57580,(605) 842-7166,https://npin.cdc.gov/organization/tripp-county-public-health-services,,,True,"745 E 8Th St Winner, SD 57580-2677"
Turner County Public Health Services,Turner,Viborg,SD,57070,(605) 326-5161 (3051),,,,True,"315 N Washington St Viborg, SD 57070-2002"
Union County,Union,Point,SD,57025,(605) 356-2644,https://doh.sd.gov/local-offices/county/union.aspx,,,True,"209 E Main St Elk Point, SD 57025-2327"
Walworth County Public Health Services,Walworth,Mobridge,SD,57601,(605) 845-8127,https://doh.sd.gov/local-offices/county/walworth.aspx,,,True,"1401 10Th Ave W Mobridge, SD 57601-1106"
Yankton County,Yankton,Yankton,SD,57078,(605) 260-4400 (1),https://doh.sd.gov/local-offices/county/yankton.aspx,,,True,"321 W 3Rd St Yankton, SD 57078-4396"
Ziebach County,Ziebach,Dupree,SD,57623,(605) 365-5163,https://doh.sd.gov/local-offices/child-family-services/#Z,,,True,"PO BOX 68 Dupree, SD 57623-0068"
Anderson County Health Department,Anderson,Clinton,TN,37716,(865) 425-8800,https://andersoncountytn.gov/health-department/,,,True,"710 N Main St Ste A Clinton, TN 37716-3143"
Bedford County Health Department,Bedford,Shelbyville,TN,37160,(931) 684-3426,https://gettested.cdc.gov/organizations/tennessee-department-health-71,,,True,"140 Dover St Shelbyville, TN 37160-2776"
Benton County Health Department,Benton,Camden,TN,38320,(731) 986-1990,https://www.bentoncountytn.gov/dept_services.html,,,True,"225 Hospital Dr Camden, TN 38320-1619"
Bledsoe County Health Department,Bledsoe,Pikeville,TN,37367,(423) 447-2149,https://www.tn.gov/health/health-program-areas/localdepartments/south-east-region.html,,,True,"334 Frazier St Pikeville, TN 37367"
Blount County Health Department,Blount,Maryville,TN,37801,(865) 983-4582,http://www.blounttn.org/291/Health-Department,,,True,"301 Mcghee St Maryville, TN 37801-6811"
Bradley County Health Department,Bradley,Cleveland,TN,37311,(423) 728-7020 (105),https://bradleycountytn.gov/departments/health-department/,,,False,"201 Dooley St Se Cleveland, TN 37311-6220"
Campbell County Health Department,Campbell,Jacksboro,TN,37757,(423) 562-8351,https://www.tn.gov/health/local.html,,,True,"162 Sharp-Perkins Road Jacksboro, TN 37757"
Cannon County Health Department,Cannon,Woodbury,TN,37190,(615) 563-4243,https://cannoncountytn.gov/health-department/,,,True,"106 Alexander Dr Woodbury, TN 37190-5275"
Carroll County Health Department,Carroll,Huntingdon,TN,38344,(731) 986-1990,https://carrollcountytn.gov/contact.html,,,True,"633 High St Huntingdon, TN 38344-1703"
Carter County Health Department,Carter,Elizabethton,TN,37643,(423) 543-2521,https://cartercountytn.gov/services/health.php,,,True,"403 E G St Elizabethton, TN 37643-3288"
Cheatham County Health Department,Cheatham,City,TN,37015,(615) 792-4318,https://www.cheathamcountytn.gov/assets/pdfs/health_dept.pdf,,,True,"162 John Mayfield Dr Ste 200 Ashland City, TN 37015-1451"
Chester County Health Department,Chester,Henderson,TN,38340,(731) 989-7108,https://chestercountytn.org/health_dept.html,,,True,"PO BOX 323 Henderson, TN 38340-0323"
Claiborne County Health Department,Claiborne,Tazewell,TN,37879,(423) 626-4291,https://www.tn.gov/health/local.html,,,True,"620 Davis Drive Tazewell, TN 37879-0183"
Clay County Health Department,Clay,Celina,TN,38551,(931) 243-2651,https://www.tn.gov/health/local.html,,,True,"115 Guffey St Celina, TN 38551-4089"
Cocke County Health Department,Cocke,Newport,TN,37821,(423) 623-8733,https://www.cockecountytn.gov/health-department,,,True,"430 College St Newport, TN 37821-3752"
Coffee County Health Department,Coffee,Manchester,TN,37355,(931) 455-9369,https://www.coffeecountytn.gov/177/Health-Department,,,True,"800 Parks St Manchester, TN 37355-2482"
Crockett County Health Center,Crockett,Alamo,TN,38001,(731) 696-2505,https://www.tn.gov/health/local.html,,,True,"209 N Bells St Alamo, TN 38001-1755"
Cumberland County Health Department,Cumberland,Crossville,TN,38555,(931) 484-6196,https://www.tn.gov/health/local.html,,,True,"1503 S Main St Crossville, TN 38555-5967"
Decatur County Health Department,Decatur,Decaturville,TN,38329,(731) 852-2461,https://decaturcountytn.gov/department/health-department/,,,True,"PO BOX 178 Decaturville, TN 38329-0178"
Dekalb County Health Department,Dekalb,Smithville,TN,37166,(615) 563-4243 (104),https://www.dekalbtennessee.com/health-department.html,,,True,"254 Tiger Dr Smithville, TN 37166-6812"
Dickson County Health Department,Dickson,Dickson,TN,37055,(615) 446-2839,https://www.tn.gov/health/local.html,,,True,"301 W End Ave Dickson, TN 37055-1725"
Dyer County Health Department,Dyer,Dyersburg,TN,38024,(731) 285-7311,https://www.tn.gov/health/local.html,,,True,"1755 Parr Ave Dyersburg, TN 38024-2004"
"East Region, Tennessee Department of Health","East Region, Tennessee",Nashville,TN,37219,(615) 741-9490,https://www.tn.gov/health/health-program-areas/localdepartments/east-region.html,,,True,"710 James Robertson Pkwy Nashville, TN 37219-1527"
Fayette County Health Department,Fayette,Somerville,TN,38068,(901) 465-5243,https://fayettetn.us/departments/health-department/,,,True,"PO BOX 188 Somerville, TN 38068-0188"
Fentress County Health Department,Fentress,Jamestown,TN,38556,(931) 823-6260,https://www.tn.gov/health/local.html,,,True,"240 Colonial Cir Ste A Jamestown, TN 38556-3924"
Franklin County Health Department,Franklin,Winchester,TN,37398,(931) 967-3826,https://franklincotn.us/health_dept.html,,,True,"266 Joyce Ln Winchester, TN 37398-2568"
Gibson County Health Department,Gibson,Trenton,TN,38382,(731) 772-0463,https://www.tn.gov/health/local.html,,,True,"PO BOX 8 Trenton, TN 38382-0008"
Giles County Health Department,Giles,Pulaski,TN,38478,(931) 490-8335,https://gilescountytn.gov/health/,,,True,"209 S Cedar Ln Pulaski, TN 38478-3502"
Grainger County Health Department,Grainger,Rutledge,TN,37861,(865) 828-5247,https://healthdepartment.graingercountytn.com,,,True,"PO BOX 27 Rutledge, TN 37861-0027"
Greene County Health Department,Greene,Greeneville,TN,37744,(423) 798-1749,https://www.greenecountytngov.com/health-department/,,,True,"PO BOX 159 Greeneville, TN 37744-0159"
Grundy County Health Department,Grundy,Altamont,TN,37301,(423) 949-3619,http://www.grundycountytn.net/health_dept/index.html,,,True,"PO BOX 65 Altamont, TN 37301-0065"
Hamblen County Health Department,Hamblen,Morristown,TN,37814,(423) 586-6431,https://www.hamblencountytn.gov/hamblen-county-health-department/,,,True,"331 W Main St Morristown, TN 37814-4621"
Hamilton County Health Department,Hamilton,Chattanooga,TN,37403,(423) 209-8000,http://health.hamiltontn.org,,,True,"921 E 3Rd St Chattanooga, TN 37403-2102"
Hancock County Health Department,Hancock,Sneedville,TN,37869,(423) 733-2228,https://www.tn.gov/health/local.html,,,True,"PO BOX 267 Sneedville, TN 37869-0267"
Hardeman County Health Department,Hardeman,Bolivar,TN,38008,(901) 465-5243,https://www.tn.gov/health/local.html,,,True,"PO BOX 670 Bolivar, TN 38008-0670"
Hardin County Health Department,Hardin,Savannah,TN,38372,(731) 925-2557,https://www.tn.gov/health/health-program-areas/localdepartments/west-region.html,,,True,"PO BOX 397 Savannah, TN 38372-0397"
Hawkins County Health Department,Hawkins,Rogersville,TN,37857,(423) 272-7641,https://www.hawkinscountytn.gov/,,,True,"PO BOX 488 Rogersville, TN 37857-0488"
Hawkins County Health Department / Church Hill Office,Hawkins County Health Department / Church Hill,Hill,TN,37642,(423) 357-5341,https://www.hawkinscountytn.gov/health_dept.html,,,True,"PO BOX 209 Church Hill, TN 37642-0209"
Haywood County Health Department,Haywood,Brownsville,TN,38012,(731) 358-1714,https://www.tn.gov/health/local.html,,,True,"950 E Main St Brownsville, TN 38012-2647"
Henderson County Health Department,Henderson,Lexington,TN,38351,(731) 968-8148,https://www.tn.gov/health/health-program-areas/localdepartments/west-region.html,,,True,"PO BOX 1050 Lexington, TN 38351-1050"
Henry County Health Department,Henry,Paris,TN,38242,(731) 986-1990,https://www.tn.gov/health/local.html,,,True,"803 Joy St Paris, TN 38242-4529"
Hickman County Health Department,Hickman,Centerville,TN,37033,(931) 729-3516,https://hickmancountytn.gov/departments/other-departments,,,True,"111 Murphree Ave Centerville, TN 37033-1418"
Houston County Health Department,Houston,Erin,TN,37061,9312325329111,https://www.tn.gov/health/local.html,,,True,"60 Court Sq Erin, TN 37061-4166"
Humphreys County Health Department,Humphreys,Waverly,TN,37185,(931) 296-2231,https://www.humphreystn.com/heathcare/,,,True,"725 Holly Ln Waverly, TN 37185-3284"
Jackson County Health Department,Jackson,Gainesboro,TN,38562,(931) 268-0218,https://www.tn.gov/health/local.html,,,True,"PO BOX 312 Gainesboro, TN 38562-0312"
Jackson-Madison County Health Department,Jackson-Madison,Jackson,TN,38305,(731) 927-8535,https://www.madisoncountytn.gov/144/Health-Department,,,True,"804 N Parkway Jackson, TN 38305-3058"
Jefferson County Health Department,Jefferson,Dandridge,TN,37725,(865) 397-3930,https://www.tn.gov/health/local.html,,,True,"PO BOX 130 Dandridge, TN 37725-0130"
Johnson County Health Department,Johnson,City,TN,37683,(423) 543-2521,https://www.johnsoncountytn.gov/county-health-department,,,True,"715 W Main St Mountain City, TN 37683-1217"
Knox County Health Department,Knox,Knoxville,TN,37917,(865) 215-5000,https://www.knoxcounty.org/health/,https://www.facebook.com/pages/Knox-County-Health-Department/212998385470,https://twitter.com/KnoxCoHealthTN,True,"140 Dameron Ave Knoxville, TN 37917-6413"
Lake County Health Department,Lake,Tiptonville,TN,38079,(731) 253-9954,https://www.tn.gov/health/local.html,,,True,"400 Hwy. 78 S. Tiptonville, TN 38079"
Lauderdale County Health Department,Lauderdale,Ripley,TN,38063,(731) 358-1714,https://www.tn.gov/health/local.html,,,True,"500 Highway 51 S Ripley, TN 38063-4583"
Lawrence County Health Department,Lawrence,Lawrenceburg,TN,38464,(931) 762-9406,http://www.lawrencecountytn.gov/government/departments/health-department,,,True,"2379 Buffalo Rd Lawrenceburg, TN 38464-4810"
Lewis County Health District,Lewis,Hohenwald,TN,38462,9317293516110,https://www.tn.gov/health/local.html,,,True,"51 Smith Ave Hohenwald, TN 38462-1124"
Lincoln County Health Department,Lincoln,Fayetteville,TN,37334,(931) 433-3231,https://www.tn.gov/health/local.html,,,True,"1000 Washington St W Ste A Fayetteville, TN 37334-2872"
Loudon County Health Department,Loudon,Loudon,TN,37774,(423) 442-3993,https://www.loudoncounty-tn.gov/government/departments.php,,,True,"PO BOX 278 Loudon, TN 37774-0278"
Macon County Health Department,Macon,Lafayette,TN,37083,(615) 666-2142,https://www.maconcountytn.gov/visitors/departments/health_department.php,,,True,"601 Highway 52 Byp E Lafayette, TN 37083-1009"
Marion County Health Department,Marion,Jasper,TN,37347,(423) 942-2238,https://www.tn.gov/health/local.html,,,True,"24 E 7Th St Jasper, TN 37347-3301"
Marshall County Health Department,Marshall,Lewisburg,TN,37091,(931) 359-1551,https://www.marshallcountytn.com/health-department,,,True,"206 Legion Ave Lewisburg, TN 37091-2898"
Maury County Health Department,Maury,Columbia,TN,38401,(931) 560-1120,https://www.maurycounty-tn.gov/235/Health-Department,,,True,"1909 Hampshire Pike Columbia, TN 38401-5650"
McMinn County Health Department,McMinn,Athens,TN,37371,(423) 745-7431,https://www.mcminncountytn.gov/health_dept.html,,,True,"PO BOX 665 Athens, TN 37371-0665"
McNairy County Health Department,McNairy,Selmer,TN,38375,(731) 925-2557,https://www.mcnairycountytn.org/health-department.html,,,True,"725 E Poplar Ave Selmer, TN 38375-1800"
Meigs County Health Department,Meigs,Decatur,TN,37322,(423) 334-5185,https://www.meigscounty.org/resources/health-department,,,True,"389 River Rd Decatur, TN 37322-7801"
Metro Public Health Department,Metro,Nashville,TN,37209,(615) 340-5616,https://www.nashville.gov/departments/health,https://www.facebook.com/MPHDNashville,https://twitter.com/NashvilleHealth,True,"2500 Charlotte Ave Nashville, TN 37209-4129"
"Mid-Cumberland Region, Tennessee Department of Health","Mid-Cumberland Region, Tennessee",Nashville,TN,37243,(615) 650-7030,https://www.tn.gov/health/health-program-areas/localdepartments/mid-cumberland-region.html,,,True,"710 Hart Ln Nashville, TN 37243-1405"
Monroe County Health Department,Monroe,Madisonville,TN,37354,(423) 442-3993,https://www.tn.gov/health/local.html,,,True,"3469 New Highway 68 Madisonville, TN 37354-5148"
Montgomery County Health Department,Montgomery,Clarksville,TN,37040,(931) 648-5747,https://mcgtn.org/health,,,True,"330 Pageant Ln Clarksville, TN 37040-3854"
Moore County Health Department,Moore,Lynchburg,TN,37352,(931) 723-5134,https://www.tn.gov/health/local.html,,,True,"PO BOX 196 Lynchburg, TN 37352-0196"
Morgan County Health Department,Morgan,Wartburg,TN,37887,(865) 354-1220,https://www.tn.gov/health/local.html,,,True,"PO BOX 343 Wartburg, TN 37887-0343"
"Northeast Region, Tennessee Department of Health","Northeast Region, Tennessee",City,TN,37604,(423) 979-4624,https://www.tn.gov/health/health-program-areas/localdepartments/northeast-region.html,,,True,"185 Treasure Ln Johnson City, TN 37604-7816"
Obion County Health Department,Obion,City,TN,38281,(731) 285-7311,https://www.tn.gov/health/local.html,,,True,"PO BOX 248 Union City, TN 38281-0248"
Overton County Health Department,Overton,Livingston,TN,38570,(931) 823-6260,http://www.overtoncountytn.com/index.php?option=com_content&task=view&id=32&Itemid=104,,,True,"5880 Bradford Hicks Dr Livingston, TN 38570-2236"
Perry County Health Department,Perry,Linden,TN,37096,9317293516110,https://gov.perrycountytn.com/departments-services/health-dept,,,True,"31 Medical Dr Linden, TN 37096-3326"
Pickett County Health Department,Pickett,Byrdstown,TN,38549,(931) 864-3178,,,,True,"1013 Woodlawn Dr Byrdstown, TN 38549-2317"
Polk County Department of Health,Polk,Benton,TN,37307,(423) 338-4533,https://www.polkgovernment.com/health-dept.php,,,True,"2279 Parksville RD Benton, TN 37307-3803"
Putnam County Health Department,Putnam,Cookeville,TN,38501,(931) 528-2531,https://www.putnamcountytnhealthdept.com,,,True,"701 County Services Dr Cookeville, TN 38501-4338"
Rhea County Health Department,Rhea,Evensville,TN,37332,(423) 775-7819,https://rheacountytn.org/relocation/health-department/,,,True,"344 Eagle Ln Evensville, TN 37332-3200"
Roane County Health Department,Roane,Rockwood,TN,37854,(865) 354-1220,https://roanecountytn.gov,,,True,"1362 N Gateway Ave Rockwood, TN 37854-4108"
Robertson County Health Department,Robertson,Springfield,TN,37172,6153844504131,https://www.robertsoncountytn.gov/departments/health_department/index.php,,,True,"800 S Brown St Springfield, TN 37172-2920"
Rutherford County Health Department,Rutherford,Murfreesboro,TN,37130,(615) 898-7880,https://rutherfordcountytn.gov/health-department,,,True,"100 W Burton St Murfreesboro, TN 37130-3657"
Scott County Health Department,Scott,Huntsville,TN,37756,(423) 663-2445,https://scottcounty.com/healthcare/health-department/,,,True,"PO BOX 88 Huntsville, TN 37756-0088"
Sequatchie County Health Department,Sequatchie,Dunlap,TN,37327,(423) 949-3619,https://sequatchiecountytn.gov/directory/emergency-services/heath-department/,,,True,"16939 Rankin Ave Dunlap, TN 37327-7029"
Sevier County Health Department,Sevier,Sevierville,TN,37864,(865) 453-1032,https://www.seviercountytn.gov/government/departments/health/index.php,,,True,"PO BOX 4648 Sevierville, TN 37864-4648"
Shelby County Health Department,Shelby,Memphis,TN,38105,(901) 222-9080,http://www.shelbytnhealth.com/,,,True,"814 Jefferson Ave Memphis, TN 38105-5041"
Smith County Health Department,Smith,Carthage,TN,37030,(615) 735-0242,https://smithcotn.com/health-department/,,,True,"251 Joy Alford Way Carthage, TN 37030-3047"
"South Central Region, Tennessee Department of Health","South Central Region, Tennessee",Columbia,TN,38401,(931) 490-8337 (128),https://www.tn.gov/health/health-program-areas/localdepartments/south-central-region.html,,,True,"1216 Trotwood Ave Columbia, TN 38401-6406"
"Southeast Region, Tennessee Department of Health","Southeast Region, Tennessee",Chattanooga,TN,37402,(423) 634-5891,https://www.tn.gov/health/health-program-areas/localdepartments/south-east-region.html,,,True,"540 Mccallie Ave Ste 450 Chattanooga, TN 37402-2033"
Stewart County Health Department,Stewart,Dover,TN,37058,(931) 232-5329,https://www.tn.gov/health/health-program-areas/localdepartments/mid-cumberland-region.html,,,True,"PO BOX 497 Dover, TN 37058-0497"
Sullivan County Regional Health Department,Sullivan,Blountville,TN,37617,(423) 279-2792,https://sullivanhealth.org,,,True,"PO BOX 630 Blountville, TN 37617-0630"
Sumner County Health Department,Sumner,Gallatin,TN,37066,(615) 206-1112,https://sumnercountytn.gov/departments/health-department/,,,True,"1005 Union School Rd Gallatin, TN 37066-2084"
Tipton County Health Department,Tipton,Covington,TN,38019,(731) 358-1714,https://www.tiptonco.com/health_department/,,,True,"PO BOX 685 Covington, TN 38019-0685"
Trousdale County Health Department,Trousdale,Hartsville,TN,37074,(615) 444-5325,https://www.trousdalecountytn.gov/government/county_departments/health_department.php,,,True,"541 E Main St Hartsville, TN 37074-1220"
Unicoi County Health Department,Unicoi,Erwin,TN,37650,(423) 743-9103,https://unicoicountytn.com/health-department/,,,True,"101 Okolona Dr Erwin, TN 37650-1387"
Union County Health Department,Union,Maynardville,TN,37807,(423) 626-4291,https://www.unioncountytn.gov/health-director/,,,True,"PO BOX 460 Maynardville, TN 37807-0460"
"Upper Cumberland Region, Tennessee Department of Health","Upper Cumberland Region, Tennessee",Cookeville,TN,38501,(931) 646-7536,https://www.tn.gov/health/health-program-areas/oralhealth/clinics/upper-cumberland-region.html,,,True,"1100 England Dr Cookeville, TN 38501-0924"
Van Buren County Health Department,Van Buren,Spencer,TN,38585,(931) 946-2438,https://vanburencountytn.com/dept_services/index.html,,,True,"907 Old Mcminnville St Spencer, TN 38585-3200"
Warren County Health Department,Warren,Mcminnville,TN,37110,(931) 473-8468,https://www.warrencountytn.gov/departments/index.php,,,True,"1401 Sparta St Mcminnville, TN 37110-1301"
Washington County Health Department,Washington,City,TN,37601,(423) 975-2200,https://www.washingtoncountytn.org/162/Health-Department,,,True,"219 Princeton Rd Johnson City, TN 37601-2052"
Wayne County Health Department,Wayne,Waynesboro,TN,38485,(931) 722-3292,https://waynecountytn.org/visitors/health_care/index.php,,,True,"725 S Main St Waynesboro, TN 38485-2638"
Weakley County Health Department,Weakley,Dresden,TN,38225,(731) 364-2258,https://www.weakleycountytn.gov/health-department.html,,,True,"9852 Highway 22 Dresden, TN 38225-1804"
"West Region, Tennessee Department of Health","West Region, Tennessee",Jackson,TN,38301,(731) 421-6701,https://www.tn.gov/health/health-program-areas/localdepartments/west-region.html,,,True,"295 Summar DR Jackson, TN 38301-3905"
White County Health Department,White,Sparta,TN,38583,(931) 836-2201,https://whitecountytn.gov/government/county-departments/health-department,,,True,"135 Walker St Sparta, TN 38583-1725"
Williamson County Health Department,Williamson,Franklin,TN,37064,(615) 794-1542,https://www.williamsoncounty-tn.gov/120/Health-Department,,,True,"1324 W Main St Franklin, TN 37064-3784"
Wilson County Health Department,Wilson,Lebanon,TN,37087,(615) 444-5325,https://www.wilsoncountytn.gov/186/Health,,,True,"927 E Baddour Pkwy Lebanon, TN 37087-3706"
Abilene-Taylor County Public Health District,Abilene-Taylor,Abilene,TX,79601,(325) 437-4671,http://www.abilenetx.gov/health,https://www.facebook.com/abilenehealth/,https://twitter.com/abilenehealth,True,"850 N 6Th St Abilene, TX 79601-5242"
Addison City Developmental Services Department,Addison City Developmental,Addison,TX,75001,(972) 450-2823,,,,True,"16801 Westgrove Dr Addison, TX 75001-5190"
Amarillo Department of Public Health,Amarillo,Amarillo,TX,79107,(806) 378-6320,http://www.amarillopublichealth.com,https://www.facebook.com/cityofamarillopublichealth/,,True,"1000 Martin Rd Amarillo, TX 79107-6850"
Andrews County Health Department,Andrews,Andrews,TX,79714,(432) 524-1434,https://www.co.andrews.tx.us/205/Health-Department,,,True,"208 Nw 2Nd St Andrews, TX 79714-6308"
Angelina County/Cities Health District,Angelina County/Cities,Lufkin,TX,75904,(936) 632-1139,http://www.acchd.us,,,True,"503 Hill St Lufkin, TX 75904-2792"
Austin Public Health,Austin,Austin,TX,78767,(512) 972-5010 (1),http://www.austintexas.gov/health,https://www.facebook.com/austinpublichealth,https://twitter.com/auspublichealth,True,"PO BOX 1088 Austin, TX 78767-1088"
Bastrop County Public Health Department,Bastrop,Bastrop,TX,78602,(512) 507-4933,https://www.co.bastrop.tx.us/page/co.public_health,,,True,"104 Loop 150 W Ste 102 Bastrop, TX 78602-4065"
Beaumont City Public Health Department,Beaumont,Beaumont,TX,77704,(409) 654-3603,https://beaumonttexas.gov/,https://www.facebook.com/BeaumontPublicHealth/,,True,"PO Box 3827 Beaumont, TX 77704-3827"
Bell County Public Health District,Bell,Temple,TX,76502,(254) 778-1511,http://bellcountyhealth.org,https://www.facebook.com/BellPublicHealth/,https://twitter.com/BellCountyPUBH,True,"4236 Lowes DR Temple, TX 76502-3517"
Brazoria County Health Department,Brazoria,Angleton,TX,77515,(979) 864-1484,https://brazoriacountytx.gov/departments/health-department,,,True,"434 E Mulberry St Angleton, TX 77515-4736"
Brazos County Health Department,Brazos,Bryan,TX,77803,(979) 361-5715,http://www.brazoshealth.org,https://www.facebook.com/BrazosCountyHealthDistrict/,https://twitter.com/BrazosCoHd,True,"201 N Texas Ave Bryan, TX 77803-5317"
Brownwood-Brown County Health Department,Brownwood-Brown,Brownwood,TX,76804,(325) 646-0554,http://www.brownwoodtexas.gov/199/Health-Department/,,,True,"PO BOX 1389 Brownwood, TX 76804-1389"
Burleson County Environmental Health Department,Burleson County Environmental,Burleson,TX,76028,(817) 426-9635,,,https://www.burlesontx.com/502/Environmental-Services,True,"725 SE John Jones DR Burleson, TX 76028-6686"
Cameron County Health Department,Cameron,Benito,TX,78586,(956) 247-3685,http://www.co.cameron.tx.us/health,,,True,"1390 W Expressway 83 San Benito, TX 78586-7633"
Chambers County Health Department,Chambers,Anahuac,TX,77514,(409) 267-2730,https://www.co.chambers.tx.us/214/Health-Department,,,True,"PO Box 670 Anahuac, TX 77514-0670"
Cherokee County Public Health,Cherokee,Jacksonville,TX,75766,(903) 586-6191,http://cctxphd.org,,,True,"1502 S Bolton ST Jacksonville, TX 75766-3360"
City of Arlington Planning and Development Services,City of Arlington Planning and Development,Arlington,TX,76010,(817) 459-5982,https://www.arlingtontx.gov/Business/Health-Services/Health-Services,,,True,"101 W Abram ST FL 2nd Arlington, TX 76010-7102"
City of Baytown Health Department,City of Baytown,Baytown,TX,77520,(281) 420-5384,https://www.baytown.org/1043/Health-Department,,,True,"220 W. Defee Ave Baytown, TX 77520-4010"
City of Beeville Health Inspector,City of Beeville Health Inspector,Beeville,TX,78102,(361) 358-4641 (290),https://www.beevilletx.org/departments/DevelopmentServices/HealthInspector,,,True,"400 N Washington ST RM 106 Beeville, TX 78102-3912"
City of El Paso Department of Public Health,City of El Paso,Paso,TX,79905,(915) 212-0200,http://www.elpasotexas.gov/public-health,,,True,"5115 El Paso Dr El Paso, TX 79905-2818"
City of Garland Health Department,City of Garland,Garland,TX,75046,(972) 205-3456,https://www.garlandtx.gov/669/Environmental-Health,,,True,"PO Box 469002 Garland, TX 75046-9002"
City of Midland Health Department,City of Midland,Midland,TX,79703,(432) 681-7613,http://www.midlandtexas.gov/232/Health-Services,,,True,"3303 W Illinois Ave Sp 22 Midland, TX 79703-6232"
City of Pharr Public Health Department,City of Pharr,Pharr,TX,78577,(956) 402-4000 (1034),https://pharr-tx.gov/government/departments/public-health/,,,True,"1121 E Nolana Loop Pharr, TX 78577-5616"
City of Plano Environmental Health & Sustainability Department,City of Plano Environmental Health & Sustainability,Plano,TX,75074,(972) 941-7143,https://www.plano.gov/environmental-health-sustainability,,,True,"PO BOX 860358 Plano, TX 75074"
City of Port Arthur Texas - Health Department,City of Port Arthur Texas -,Arthur,TX,77642,(409) 983-8832,,,,True,"5860 9th Ave Port Arthur, TX 77642-6011"
City of South Padre Island Environmental Health Department,City of South Padre Island Environmental,Island,TX,78597,(956) 761-8124,http://www.myspi.org,,,True,"4601 Padre Blvd South Padre Island, TX 78597-7325"
Collin County Health Care Services,Collin County Health Care,Mckinney,TX,75069,(972) 548-5504,https://www.collincountytx.gov/Services/Health-Care-Services,,,True,"825 N Mcdonald ST Ste 130 Mckinney, TX 75069-2146"
Colony City Inspections Department,Colony City Inspections,Colony,TX,75056,(972) 624-3151,http://www.ci.the-colony.tx.us/health.html,,,True,"6800 Main ST The Colony, TX 75056-1133"
Comal County Health Department,Comal,Braunfels,TX,78310,(830) 221-1150,http://www.co.comal.tx.us/Health.htm,,,True,"1297 Church Hill New Braunfels, TX 78310"
Coppell City Environmental Health,Coppell City Environmental,Coppell,TX,75019,(972) 462-5177,,,,True,"265 E Parkway Blvd Coppell, TX 75019-6675"
Corpus Christi-Nueces County Public Health District,Corpus Christi-Nueces,Christi,TX,78416,(361) 826-7200,https://www.corpuschristitx.gov/department-directory/health-district/,,,True,"1702 Horne Rd Corpus Christi, TX 78416-1902"
Corsicana-Navarro County Public Health Department,Corsicana-Navarro,Corsicana,TX,75110,(903) 874-6711,https://navarrocountypublichealthdistr.godaddysites.com,,,True,"115 W Collin ST Corsicana, TX 75110-5222"
Cuero-Dewitt County Health Department,Cuero-Dewitt,Cuero,TX,77954,(361) 550-2234,,,,True,"115 N Gonzales ST Ste B Cuero, TX 77954-2908"
Dallas County Health and Human Services,Dallas,Dallas,TX,75207,(214) 819-2000,https://www.dallascounty.org/departments/dchhs/,,,True,"2377 N Stemmons Fwy Ste 600 Dallas, TX 75207-2705"
De Soto Health Inspections,De Soto Health Inspections,Desoto,TX,75115,(972) 230-7308,,,,True,"211 E Pleasant Run RD Desoto, TX 75115-3901"
Denton County Health Department,Denton,Denton,TX,76205,(940) 349-2900,https://www.dentoncounty.gov/health,,,True,"535 S Loop 288 Ste 1003 Denton, TX 76205-4503"
"Department of Health, Wellness and Animal Services","Department of Health, Wellness and Animal",Brownsville,TX,78520,(956) 547-3437,https://www.brownsvilletx.gov/577/Department-of-Health-Wellness-and-Animal,,https://twitter.com/COB_Health,True,"1034 E Levee St # 2 Brownsville, TX 78520-5106"
Duncanville City Office,Duncanville,Duncanville,TX,75116,(972) 780-5000,,,,True,"203 E Wheatland RD Duncanville, TX 75116-4824"
Ector County Health Department,Ector,Odessa,TX,79761,(432) 498-4141 (2156),https://www.co.ector.tx.us/page/ector.Home#,,,True,"221 N Texas Ave Odessa, TX 79761-5126"
Ellis County Department of Development,Ellis County Department of Development,Waxahachie,TX,75165,(972) 825-5200,https://www.ellispermits.com/,,,True,"109 S. Jackson St. Waxahachie, TX 75165-0405"
Ennis City Health Department,Ennis,Ennis,TX,75119,(972) 875-1234 (2304),,,,True,"105 S Preston ST Ennis, TX 75119-4635"
Farmers Branch City Health Department,Farmers Branch,Branch,TX,75234,(972) 919-2539,https://www.farmersbranchtx.gov/570/Public-Health,,,True,"13000 William Dodson Pkwy Farmers Branch, TX 75234-6253"
Flower Mound Environmental Services,Flower Mound Environmental,Mound,TX,75028,(972) 874-6348,,,,True,"2121 Cross Timbers RD Ste 2330 Flower Mound, TX 75028-2602"
Fort Bend County Department of Health & Human Services,Fort Bend,Rosenberg,TX,77471,(281) 238-3589,https://www.fbchhs.org/,,,True,"4520 Reading RD Ste A-100 Rosenberg, TX 77471-2581"
Frisco City Health & Food Safety,Frisco City Health & Food Safety,Frisco,TX,75034,(972) 292-5384,https://www.friscotexas.gov/173/Health-Food-Safety,,,True,"6101 Frisco Square Blvd FL 3 W Frisco, TX 75034-3253"
Galveston County Health District,Galveston,City,TX,77591,(409) 938-2273,http://www.gchd.org,https://www.facebook.com/GCHDInfo/,https://twitter.com/GCHDinfo,True,"9850 Emmett F. Lowry Expressway Texas City, TX 77591"
Gillespie County Health Division,Gillespie,Fredericksburg,TX,78624,(830) 997-7521,http://www.fbgtx.org,,,True,"1906 N Llano ST Fredericksburg, TX 78624-2952"
Graham City Code Enforcement,Graham City Code Enforcement,Graham,TX,76450,(940) 456-1022,,,,True,"612 Elm ST Graham, TX 76450-3047"
Grayson County Health Department,Grayson,Sherman,TX,75090,(903) 893-0131 (1223),https://www.co.grayson.tx.us/page/hlth.home,,,True,"515 N Walnut St Sherman, TX 75090-4952"
Gregg County Health Department,Gregg,Longview,TX,75601,(903) 237-2620,https://greggcounty.texas.gov/departments/health-department,,,True,"405 E Marshall Ave Ste 104 Longview, TX 75601-5434"
Hardin County Health Services,Hardin,Kountze,TX,77625,(409) 209-5358,https://www.hardincountytx.gov/page/Health.Services,,,True,"PO BOX 820 Kountze, TX 77625-0820"
Harlingen City Health Department,Harlingen,Harlingen,TX,78550,(956) 216-5220,https://harlingentx.gov/departments/health/index.php,,,True,"502 E Tyler Ave Harlingen, TX 78550-9124"
Harris County Public Health,Harris,Houston,TX,77002,(832) 927-7500,http://publichealth.harriscountytx.gov/,https://www.facebook.com/HarrisCountyPublicHealth,https://twitter.com/hcphtx,True,"1111 Fannin ST Houston, TX 77002-6925"
Hays County Health Department,Hays,Marcos,TX,78666,(512) 393-5520,https://www.hayscountytx.gov/health-department,,,True,"101 Thermon DR San Marcos, TX 78666-5948"
Hidalgo County Health Department,Hidalgo,Edinburg,TX,78542,(956) 383-6221,https://www.hchd.org/,https://www.facebook.com/HidalgoCounty/,https://twitter.com/hidalgocounty,True,"1304 S 25Th Ave Edinburg, TX 78542-7205"
Hood County Environmental Health,Hood County Environmental,Granbury,TX,76049,(817) 579-3288 (6204),http://www.co.hood.tx.us/healthdepartment.htm,,,True,"5417 Acton Hwy Unit 102 Granbury, TX 76049-2994"
Houston Health Department,Houston,Houston,TX,77002,(832) 393-5001,http://www.houstonhealth.org,,,True,"901 Bagby St Houston, TX 77002"
Hunt County Health Department,Hunt,Greenville,TX,75401,(903) 408-4140,http://www.huntcounty.net,,,True,"2701 Johnson St. Greenville, TX 75401"
Irving (City of) Environmental Health,Irving (City of) Environmental,Irving,TX,75060,(972) 721-2371,https://irvingtx.gov/environmental-compliance,,,True,"825 W Irving Blvd Irving, TX 75060-2845"
Jasper-Newton County Public Health District,Jasper-Newton,Jasper,TX,75951,(409) 384-6829,https://www.jaspernewton.org/,,,True,"139 W Lamar St Jasper, TX 75951-4014"
Jefferson County Public Health Department,Jefferson,Beaumont,TX,77701,(409) 983-8380,https://www.co.jefferson.tx.us/PublicHealth.htm,,,True,"1295 Pearl St Beaumont, TX 77701-3642"
Kaufman County Health Department,Kaufman,Kaufman,TX,75142,(972) 932-2216 (140),https://www.kaufmantx.org/2180/Public-Health,,,True,"PO Box 1168 Kaufman, TX 75142-5402"
Kendall County Health Inspection,Kendall County Health Inspection,Boerne,TX,78006,(830) 249-9343 (214),,,,True,"201 E San Antonio Ave Boerne, TX 78006-2034"
Kingsville City-Kleberg County Health Unit,Kingsville City-Kleberg,Kingsville,TX,78364,(361) 592-3324,https://www.cityofkingsville.com/departments/health-and-social-services/,,,True,"PO Box 1458 Kingsville, TX 78364-1458"
Lake Dallas City Hall,Lake Dallas City Hall,Dallas,TX,75065,(940) 497-2226 (403),,,,True,"212 Main ST Lake Dallas, TX 75065-2720"
Lampasas County Commissioners Court Septic Permit,Lampasas County Commissioners Court Septic Permit,Lampasas,TX,76550,(512) 556-8271 (301),,,,True,"501 E 4th ST Lampasas, TX 76550-2957"
Laredo City Health Department,Laredo,Laredo,TX,78040,(956) 795-4918,https://www.cityoflaredo.com/departments/health-department,,,True,"2600 Cedar Ave Laredo, TX 78040-4040"
Live Oak County Health Department,Live Oak,West,TX,78022,(361) 449-8019,,,,True,"301 Houston ST George West, TX 78022-3991"
Lockhart City Health Inspector,Lockhart City Health Inspector,Lockhart,TX,78644,5123983461ext238,,,,True,"308 W San Antonio ST Lockhart, TX 78644-2656"
Lubbock City Health Department,Lubbock,Lubbock,TX,79412,(806) 775-2933,https://tx-lubbock.civicplus.com/322/Public-Health,https://www.facebook.com/mylubbockhealth,,True,"2015 50th ST Lubbock, TX 79412-2707"
Luling City Code Enforcement,Luling City Code Enforcement,Luling,TX,78648,(830) 875-2481 (2211),https://www.cityofluling.net/151/Code-Enforcement,,,True,"2510 E Pierce St Luling, TX 78648"
Marshall-Harrison County Health District,Marshall-Harrison,Marshall,TX,75670,(903) 938-8338,,,,True,"805 Lindsey Dr Marshall, TX 75670-5271"
Medina County Health Unit,Medina,Hondo,TX,78861,(830) 741-6191,http://www.medinacountytexas.org/default.aspx?Medina_County/HealthUnit,,,True,"1206 15th ST Hondo, TX 78861-1769"
Mesquite Health Division,Mesquite,Mesquite,TX,75185,(972) 216-8138,https://www.cityofmesquite.com/566/Health-Division,,,True,"PO BOX 850137 Mesquite, TX 75185"
Milam County Health Department,Milam,Cameron,TX,76520,(254) 697-7039,https://www.milamcounty.net/departments/health_department/index.php,,,True,"908 N Crockett Ave Ste C Cameron, TX 76520-2560"
Mineral Wells City Code Enforcement,Mineral Wells City Code Enforcement,Wells,TX,76067,(940) 328-7715,,,,True,"211 SW 1st ST Mineral Wells, TX 76067"
Montgomery County Public Health District,Montgomery,Conroe,TX,77304,(936) 523-5025,https://mcphd-tx.org/,,,True,"1300 S Loop 336 W Ste 20 Conroe, TX 77304-3316"
North Richland Hills City Health / Food Safety,North Richland Hills City Health / Food Safety,Hills,TX,76180,(817) 427-6657,,,,True,"4301 City Point DR FL First North Richland Hills, TX 76180-8316"
Northeast Texas Public Health District,Northeast Texas,Tyler,TX,75702,(903) 535-0036,https://www.mynethealth.org/,https://www.facebook.com/MyNETHealth,https://twitter.com/MyNETHealth,True,"315 N Broadway Ave Ste 404 Tyler, TX 75702-5757"
Orange County Environmental Health & Code Compliance,Orange County Environmental Health & Code Compliance,Orange,TX,77630,(409) 882-7838,https://www.co.orange.tx.us/public-health,,,True,"11475 FM 1442 Orange, TX 77630-5227"
Paris-Lamar County Health District,Paris-Lamar,Paris,TX,75460,(903) 785-4561,http://www.parislamarhealth.com,,,True,"400 W Sherman St Paris, TX 75460-5646"
Parker County Health Department,Parker,Weatherford,TX,76086,(817) 598-6141,,,,True,"1114 Santa Fe Dr Weatherford, TX 76086-5818"
Pasadena Health Department,Pasadena,Pasadena,TX,77501,(713) 475-5529,https://www.pasadenatx.gov/315/Health,,,True,"PO BOX 672 Pasadena, TX 77501-0672"
Plainview Health Department,Plainview,Plainview,TX,79072,(806) 296-1359,,,,True,"202 W 5th ST Plainview, TX 79072-8232"
Richardson Health Department,Richardson,Richardson,TX,75082,(972) 744-4079,https://www.cor.net/departments/health-department,,,True,"2360 Campbell Creek Blvd Ste 550 Richardson, TX 75082-4454"
Rowlett City Code Enforcement,Rowlett City Code Enforcement,Rowlett,TX,75089,(972) 412-6123,,,,True,"5702 Rowlett RD Rowlett, TX 75089-3401"
San Angelo-Tom Green County Health Department,San Angelo-Tom Green,Angelo,TX,76903,(325) 657-4493,https://www.sanangelo.gov/278/Health-Services,,,True,"72 W College Ave San Angelo, TX 76903-5814"
San Antonio Metropolitan Health District,San Antonio,Antonio,TX,78205,(210) 207-8780,http://www.sanantonio.gov/health,https://www.facebook.com/SAMetroHealth,https://twitter.com/SAMetroHealth,True,"100 W Houston St. San Antonio, TX 78205"
San Patricio County Department of Public Health,San Patricio,Sinton,TX,78387,(361) 587-3505,http://www.spcdph.org,,,True,"313 N Rachal St Sinton, TX 78387-2663"
Scurry County Health Unit,Scurry,Snyder,TX,79549,(325) 573-3508,https://www.co.scurry.tx.us/page/HealthUnit,https://www.facebook.com/scurrycountyhealthunit/,,True,"911 26th ST Snyder, TX 79549-2801"
South Plains Public Health District,South Plains,Seminole,TX,79360,(432) 847-7983,https://southplainshealth.org,,,True,"PO Box 1713 Seminole, TX 79360-1713"
Sweetwater-Nolan County Health Department,Sweetwater-Nolan,Sweetwater,TX,79556,(325) 235-5463,http://www.nolancountyhealth.com/,,,True,"301 E 12Th St Sweetwater, TX 79556-2317"
Tarrant County Public Health Department,Tarrant,Worth,TX,76104,(817) 248-6299,https://www.tarrantcounty.com/en/public-health.html,,,True,"1101 S Main St Rm 2412 Fort Worth, TX 76104-4802"
Texarkana-Bowie County Health Department,Texarkana-Bowie,Texarkana,TX,75501,(903) 798-3250,https://www.texarkanatexas.gov/391/Health,,,True,"902 W 12Th St Texarkana, TX 75501-4303"
Texas Department of Health Public Health Region 1,Texas Department of Health Public Health Region 1,Lubbock,TX,79424,(806) 744-3577,https://www.dshs.texas.gov/region1/default.shtm,,,True,"6302 Iola Ave Lubbock, TX 79424-2750"
Texas Department of Health/Region 7 - Temple,Texas Department of Health/Region 7 - Temple,Temple,TX,76504,(254) 778-6744,,,,True,"2408 S 37Th St Temple, TX 76504-7168"
Texas Department of Health/Region 8 - San Antonio,Texas Department of Health/Region 8 - San Antonio,Antonio,TX,78229,(210) 949-2000,https://www.dshs.texas.gov/regional-local-health-operations/texas-public-health-region-8,,,True,"7430 Louis Pasteur Dr San Antonio, TX 78229-4507"
Texas Department of Health/Regions 4 and 5 North - Tyler,Texas Department of Health/Regions 4 and 5 North - Tyler,Tyler,TX,75702,(903) 533-5264,,,,True,"2521 W Front St Tyler, TX 75702-7708"
Texas Department of Health/Regions 6 and 5 - Houston,Texas Department of Health/Regions 6 and 5 - Houston,Houston,TX,77023,(713) 767-3000,http://www.dshs.state.tx.us/region6-5/default.shtm,,,True,"5425 Polk St Ste J Houston, TX 77023-1452"
Texas Department of State Health Services Public Health Region 11,Texas Department of State Health Services Public Health Region 11,Harlingen,TX,78550,(956) 423-0130,https://www.dshs.texas.gov/region11/default.shtm,,,True,"601 W Sesame DR Harlingen, TX 78550-7930"
Uvalde Health Authority,Uvalde,Uvalde,TX,78801,(830) 278-1705,,,,True,"66 Military LN # 9 Uvalde, TX 78801-1257"
Victoria County Public Health Department,Victoria,Victoria,TX,77901,3615786281x3006,https://www.vcphd.org/,,,True,"2805 N Navarro St Victoria, TX 77901-3946"
Waco-McLennan County Public Health District,Waco-McLennan,Waco,TX,76707,(254) 750-5459,http://www.waco-texas.com/cms-healthdepartment/,,https://twitter.com/wacohealthdept/,True,"225 W Waco Dr Waco, TX 76707-3836"
Waxahachie City Health Department,Waxahachie,Waxahachie,TX,75165,(469) 309-4020,,,,True,"401 S Rogers St Waxahachie, TX 75165-3651"
Weatherford City Consumer Health,Weatherford City Consumer,Weatherford,TX,76086,(817) 598-4349,,,,True,"119 Palo Pinto ST Weatherford, TX 76086-4325"
Wichita Falls-Wichita County Public Health District,Wichita Falls-Wichita,Falls,TX,76301,(940) 761-7805,http://www.wichitafallstx.gov/55/Health-District,,,True,"1700 3Rd St Wichita Falls, TX 76301-2113"
Williamson County & Cities Health District,Williamson County & Cities,Rock,TX,78664,(512) 943-3660,http://www.wcchd.org,https://www.facebook.com/WCCHD,https://twitter.com/WCCHD,True,"355 Texas Ave Round Rock, TX 78664-2565"
Wilson County Public Health and Safety,Wilson County Public Health and Safety,Floresville,TX,78114,(830) 393-8503,,,,True,"800 10Th St Bldg B Floresville, TX 78114-1829"
Wood County Health Department,Wood,Quitman,TX,75783,(903) 763-5406,,,,True,"PO Box 1704 Quitman, TX 75783-2704"
Bear River Health Department,Bear River,Logan,UT,84341,(435) 792-6500,https://brhdut.gov/,https://www.facebook.com/BearRiverHealth,https://twitter.com/BearRiverHealth,True,"655 E 1300 N Logan, UT 84341-2570"
Central Utah Public Health Department,Central Utah,Richfield,UT,84701,(435) 896-5451,https://centralutahpublichealth.org,https://www.facebook.com/Central-Utah-Public-Health-Department-CUPHD-198396823523542/,https://twitter.com/cuphd?lang=en,True,"70 W Westview Dr Richfield, UT 84701-1868"
Davis County Department of Health,Davis,Clearfield,UT,84015,(801) 525-5000,https://www.daviscountyutah.gov/health/home/1,https://www.facebook.com/DavisCountyHealth/,https://twitter.com/DavisCountyHlth,True,"22 S State St Clearfield, UT 84015-1043"
Salt Lake County Health Department,Salt Lake,City,UT,84190,(385) 468-4117,http://www.slcohealth.org,https://www.facebook.com/SaltLakeHealth/,https://twitter.com/SaltLakeHealth,True,"2001 S. State St., S-2600 Salt Lake City, UT 84190-2150"
San Juan Public Health,San Juan,Blanding,UT,84511,(435) 587-3838,https://sanjuanpublichealth.org/,https://www.facebook.com/sanjuanpublichealth/,https://twitter.com/SanJuanHealth,True,"735 South 200 West Blanding, UT 84511"
Southeast Utah Health Department,Southeast Utah,Price,UT,84501,(435) 637-3671,https://www.seuhealth.com/,https://www.facebook.com/pages/category/Government-Organization/Southeast-Utah-Health-Department-123515944338660/,https://twitter.com/seuthealth,True,"149 E 100 S Price, UT 84501-3000"
Southwest Utah Public Health Department,Southwest Utah,George,UT,84770,(435) 673-3528,https://swuhealth.gov/,https://www.facebook.com/swuhealth,https://twitter.com/swuhealth,True,"620 S 400 E Ste 400 St George, UT 84770-7063"
Summit County Health Department,Summit,City,UT,84060,(435) 333-1582,http://www.summitcountyhealth.org,https://www.facebook.com/SummitCountyHD/,https://twitter.com/SummitCountyHD,True,"650 Round Valley Dr Park City, UT 84060-7571"
Tooele County Health Department,Tooele,Tooele,UT,84074,(435) 277-2460,http://www.tooelehealth.org,,,True,"151 N Main St Tooele, UT 84074-2141"
TriCounty Health Department,TriCounty,Vernal,UT,84078,(435) 247-1177,http://www.tricountyhealth.com,https://www.facebook.com/tricountyhealth/,https://twitter.com/trico_health,True,"133 S 500 E Vernal, UT 84078-2728"
Utah County Health Department,Utah,Provo,UT,84601,(801) 851-7012,http://health.utahcounty.gov,https://www.facebook.com/uchealth/,https://twitter.com/uchd,True,"151 S University Ave Ste 2800 Provo, UT 84601-4427"
Wasatch County Health Department,Wasatch,City,UT,84032,(435) 657-3307,https://www.wasatchcountyhd.org/,https://www.facebook.com/wasatchcountyhd/,https://twitter.com/wasatchcountyhd,True,"55 S 500 E Heber City, UT 84032-1918"
Weber-Morgan Health Department,Weber-Morgan,Ogden,UT,84401,(801) 399-7100,http://www.webermorganhealth.org,https://www.facebook.com/webermorganhealth,https://twitter.com/WeberMorganHD,True,"477 23Rd St Ogden, UT 84401-1507"
Barre Vermont Department of Health,Barre Vermont,Barre,VT,05641,(802) 476-0161,https://www.healthvermont.gov/local/barre,,,True,"5 Perry St Ste 250 Barre, VT 05641-4286"
Bennington Vermont Department of Health,Bennington Vermont,Bennington,VT,05201,(802) 447-6406,http://www.healthvermont.gov/local/bennington,https://www.facebook.com/vdhbennington,https://twitter.com/healthvermont,True,"324 Main St Ste 2 Bennington, VT 05201-2195"
Brattleboro Vermont Department of Health,Brattleboro Vermont,Brattleboro,VT,05301,(802) 881-6793,http://www.healthvermont.gov/local/brattleboro,https://www.facebook.com/vdhbrattleboro/,,True,"232 Main ST Ste 3 Brattleboro, VT 05301-4806"
Burlington Vermont Department of Health,Burlington Vermont,Burlington,VT,05401,(802) 863-7323,https://www.healthvermont.gov/local/burlington,,,True,"128 Lakeside Avenue Burlington, VT 05401"
Middlebury Vermont Department of Health,Middlebury Vermont,Middlebury,VT,05753,(802) 388-4644,http://healthvermont.gov/local/district/Middlebury.aspx,,,True,"156 S Village Grn Ste 102 Middlebury, VT 05753-6902"
Morrisville Vermont Department of Health,Morrisville Vermont,Morrisville,VT,05661,(802) 888-0603,https://www.healthvermont.gov/local/morrisville,,,True,"63 Professional Dr Ste 1 Morrisville, VT 05661-9304"
Newport Vermont Department of Health,Newport Vermont,Newport,VT,05855,(802) 334-4393,http://healthvermont.gov/local/district/Newport.aspx,,,True,"100 Main St Ste 220 Newport, VT 05855-4898"
Rutland Vermont Department of Health,Rutland Vermont,Rutland,VT,05701,(802) 881-4397,http://www.healthvermont.gov/local/rutland,https://www.facebook.com/vdhrutland/,,True,"300 Asa Bloomer State Office Building Rutland, VT 05701"
Springfield Vermont Department of Health,Springfield Vermont,Springfield,VT,05156,(802) 289-0592,http://www.healthvermont.gov/local/springfield,https://www.facebook.com/vdhspringfield/,,True,"100 Mineral ST Ste 104 Springfield, VT 05156-3166"
St. Albans Vermont Department of Health,St. Albans Vermont,Albans,VT,05478,(802) 527-5582,https://www.healthvermont.gov/local/st-albans,,,True,"27 Federal St Ste 201 Saint Albans, VT 05478-2032"
St. Johnsbury Vermont Department of Health,St. Johnsbury Vermont,Johnsbury,VT,05819,(802) 751-0179,http://www.healthvermont.gov/local/st-johnsbury,https://www.facebook.com/vdhstjohnsbury/,,True,"107 Eastern Ave Ste 9 Saint Johnsbury, VT 05819-2763"
White River Junction Vermont Department of Health,White River Junction Vermont,Junction,VT,05001,(802) 809-1078,http://healthvermont.gov/local/district/wrj.aspx,,,True,"118 Prospect St Ste 300 White River Junction, VT 05001-1616"
Accomack County Health Department,Accomack,Accomac,VA,23301,(757) 787-5880,https://www.vdh.virginia.gov/eastern-shore/,,,True,"23191 Front St Accomac, VA 23301"
Albemarle/Charlottesville Health Department,Albemarle/Charlottesville,Charlottesville,VA,22903,(434) 972-6200,http://www.vdh.state.va.us/LHD/ThomasJefferson/Charlottesville,,,True,"1138 Rose Hill Dr Charlottesville, VA 22903-5128"
Alexandria Health Department/Alexandria Health District,Alexandria Health Department/Alexandria,Alexandria,VA,22311,(703) 746-4956,http://alexandriava.gov/Health,,,True,"4850 Mark Center Drive Alexandria, VA 22311"
Alleghany County / Covington Health Department,Alleghany County / Covington,Covington,VA,24426,(540) 962-2173,http://www.vdh.state.va.us/LHD/Alleghany/Covington,,,True,"PO BOX 747 Covington, VA 24426-0747"
Alleghany Health District,Alleghany,Fincastle,VA,24090,(540) 204-9441,http://www.vdh.state.va.us/LHD/Alleghany,,,True,"21 Academy St Fincastle, VA 24090"
Amelia County Health Department,Amelia,House,VA,23002,(434) 392-3984 (131),https://www.vdh.virginia.gov/piedmont/,,,True,"PO Box 392 Amelia Court House, VA 23002-0392"
Amherst County Health Department,Amherst,Amherst,VA,24521,(434) 946-9408,https://www.vdh.virginia.gov/central-virginia/,,,True,"PO BOX 250 Amherst, VA 24521-0250"
Appomattox County Health Department,Appomattox,Appomattox,VA,24522,(434) 352-2313,https://www.vdh.virginia.gov/central-virginia/,,,True,"PO BOX 355 Appomattox, VA 24522-0355"
Arlington Health District,Arlington,Arlington,VA,22204,(703) 228-5580,https://health.arlingtonva.us/public-health/,,,True,"2100 Washington Blvd Arlington, VA 22204-2308"
Augusta-Staunton Health Department,Augusta-Staunton,Staunton,VA,24401,(540) 332-7930,https://www.vdh.virginia.gov/central-shenandoah/,,,True,"1414 N Augusta St Staunton, VA 24401-2401"
Bath County Health Department,Bath,Springs,VA,24484,(540) 839-7246,https://www.vdh.virginia.gov/central-shenandoah/contact-us/,,,True,"51 courthouse hill rd Warm Springs, VA 24484-0120"
Bedford County Health Department,Bedford,Bedford,VA,24523,(540) 586-7952,https://www.vdh.virginia.gov/central-virginia/,,,True,"600 Bedford Ave Bedford, VA 24523-1966"
Bland County Health Department,Bland,Bland,VA,24315,(276) 781-7450,http://www.vdh.state.va.us/LHD/mtrogers/bland.htm,,,True,"PO Box 176 Bland, VA 24315-0176"
Blue Ridge Health District,Blue Ridge,Charlottesville,VA,22903,(434) 972-6209,https://www.vdh.virginia.gov/blue-ridge/,,,True,"1138 Rose Hill DR Charlottesville, VA 22903-5128"
Botetourt County Health Department,Botetourt,Fincastle,VA,24090,(540) 204-9441,http://www.vdh.state.va.us/LHD/Alleghany/Botetourt,,,True,"PO Box 220 Fincastle, VA 24090-0220"
Bristol City Health Department,Bristol,Bristol,VA,24201,(276) 781-7450,http://www.vdh.state.va.us/LHD/mtrogers/bristol.htm,,,True,"341 Piedmont Ave Bristol, VA 24201-4294"
Brunswick County Health Department,Brunswick,Lawrenceville,VA,23868,(434) 848-2525,https://www.vdh.virginia.gov/southside/,,,True,"1632 Lawrenceville Plank Rd Lawrenceville, VA 23868-3304"
Buchanan County Health Department,Buchanan,Grundy,VA,24614,(276) 935-4591,https://www.vdh.virginia.gov/cumberland-plateau/,,,True,"PO BOX 618 Grundy, VA 24614-0618"
Buckingham County Health Department,Buckingham,Buckingham,VA,23921,(434) 392-3984 (131),https://www.vdh.virginia.gov/piedmont/,,,True,"PO Box 198 Buckingham, VA 23921-0198"
Buena Vista City Health Department,Buena Vista,Vista,VA,24416,(540) 261-2149,https://www.vdh.virginia.gov/central-shenandoah/,,,True,"2270 Magnolia Ave Buena Vista, VA 24416-3122"
Campbell County Health Department,Campbell,Rustburg,VA,24588,(434) 592-9550,https://www.vdh.virginia.gov/central-virginia/,,,True,"PO BOX 160 Rustburg, VA 24588-0160"
Caroline County Health Department,Caroline,Green,VA,22427,(540) 322-5930,https://www.vdh.virginia.gov/rappahannock/,,,True,"PO Box 6 Bowling Green, VA 22427"
Carroll County Health Department,Carroll,Hillsville,VA,24343,(276) 781-7450,https://www.vdh.virginia.gov/mount-rogers/,,,True,"605-15 Pine ST Hillsville, VA 24343-1453"
Central Shenandoah Health District,Central Shenandoah,Staunton,VA,24402,(540) 332-7830 (326),https://www.vdh.virginia.gov/central-shenandoah/,,,True,"PO Box 2126 Staunton, VA 24402-2126"
Central Virginia Health District,Central Virginia,Lynchburg,VA,24501,(434) 477-5900,https://www.vdh.virginia.gov/central-virginia/,,,True,"307 Alleghany Ave Lynchburg, VA 24501-2605"
Charles City County Health Department,Charles,City,VA,23030,(804) 829-2490,https://www.vdh.virginia.gov/chickahominy/charles-city/,,,True,"7501 Adkins Rd Charles City, VA 23030-3020"
Charlotte County Health Department,Charlotte,House,VA,23923,(434) 392-3984 (131),https://www.vdh.virginia.gov/piedmont/,,,True,"PO BOX 695 Charlotte Court House, VA 23923-0695"
Chesapeake Health District,Chesapeake,Chesapeake,VA,23320,(757) 382-8627,https://www.vdh.virginia.gov/chesapeake/,https://www.facebook.com/ChesapeakeHD/,,True,"748 Battlefield Blvd N Chesapeake, VA 23320-4941"
Chesterfield Health District,Chesterfield,Chesterfield,VA,23832,(804) 751-4385,https://www.vdh.virginia.gov/chesterfield/,,,True,"PO Box 100 Chesterfield, VA 23832-0907"
Chickahominy Health District,Chickahominy,Ashland,VA,23005,(804) 365-4313,https://www.vdh.virginia.gov/chickahominy/,,,True,"12312 Washington Hwy Ashland, VA 23005-7646"
Clarke County Health Department,Clarke,Berryville,VA,22611,(540) 722-3480,https://www.vdh.virginia.gov/lord-fairfax/,,,True,"100 N Buckmarsh St Berryville, VA 22611-1010"
Clifton Forge City Health Department,Clifton Forge,Forge,VA,24422,(540) 204-9441,http://www.vdh.state.va.us/LHD/Alleghany/CliftonForge,,,True,"PO BOX 15 Clifton Forge, VA 24422-0015"
Colonial Heights City Health Department,Colonial Heights,Heights,VA,23834,(804) 520-9380,https://www.vdh.virginia.gov/chesterfield/colonial-heights-health-department/,,,True,"PO BOX 3401 Colonial Heights, VA 23834-9001"
Craig County Health Department,Craig,Castle,VA,24127,(540) 204-9441,https://www.vdh.virginia.gov/alleghany/craig-county-health-department/,,,True,"161 Main St New Castle, VA 24127"
Crater Health District,Crater,Petersburg,VA,23803,(804) 863-1652,https://www.vdh.virginia.gov/crater/,https://www.facebook.com/CraterHD/,https://twitter.com/craterhd,True,"301 Halifax St Petersburg, VA 23803-6335"
Culpeper County Health Department,Culpeper,Culpeper,VA,22701,(540) 316-6273,http://www.vdh.state.va.us/LHD/RappahannockRapidan/culpeper.htm,,,True,"640 Laurel St Culpeper, VA 22701-3910"
Cumberland County Health Department,Cumberland,Cumberland,VA,23040,(434) 392-3984 (131),https://www.vdh.virginia.gov/piedmont/,,,True,"PO Box 107 Cumberland, VA 23040-0107"
Cumberland Plateau Health District,Cumberland Plateau,Lebanon,VA,24266,(276) 415-3381,https://www.vdh.virginia.gov/cumberland-plateau/,,,True,"PO Box 2347 Lebanon, VA 24266-2347"
Danville City Health Department,Danville,Danville,VA,24541,(434) 766-9828,https://www.vdh.virginia.gov/pittsylvania-danville/,,,True,"326 Taylor Dr Danville, VA 24541-4188"
Dickenson County Health Department,Dickenson,Clintwood,VA,24228,(276) 926-4979,https://dickensonva.org/117/Service-Offices,,,True,"PO BOX 768 Clintwood, VA 24228-0768"
Dinwiddie County Health Department,Dinwiddie,Dinwiddie,VA,23841,(804) 469-3771,https://www.dinwiddieva.us/485/Health-Department,,,True,"14006 Boydton Plank Rd Dinwiddie, VA 23841"
Eastern Shore Health District,Eastern Shore,Accomac,VA,23301,(757) 302-4271,https://www.vdh.virginia.gov/eastern-shore/,https://www.facebook.com/EasternShoreHealthDistrict,,True,"PO Box 177 Accomac, VA 23301-0177"
Essex County Health Department,Essex,Tappahannock,VA,22560,(804) 443-3396,https://www.vdh.virginia.gov/three-rivers/health-departments/,,,True,"PO BOX 206 Tappahannock, VA 22560-0206"
Fairfax County Health District,Fairfax,Fairfax,VA,22030,(703) 246-2411,http://www.fairfaxcounty.gov/health,https://www.facebook.com/fairfaxcountyhealth,https://twitter.com/fairfaxhealth,True,"10777 Main ST Ste 203 Fairfax, VA 22030-6903"
Fauquier County Health Department,Fauquier,Warrenton,VA,20186,(540) 347-6400,https://www.fauquiercounty.gov/government/departments-h-z/health-department,,,True,"330 Hospital Dr Warrenton, VA 20186-3006"
Floyd County Health Department,Floyd,Floyd,VA,24091,(540) 745-2142,https://www.vdh.virginia.gov/new-river/locations/,,,True,"123 Parkview Rd Ne Floyd, VA 24091-3809"
Fluvanna County Health Department,Fluvanna,Palmyra,VA,22963,(434) 591-1960,https://www.fluvannacounty.org/administration/page/covid-19-information,,,True,"PO BOX 136 Palmyra, VA 22963-0136"
Franklin City Health Department,Franklin,Franklin,VA,23851,(757) 514-4705,https://www.vdh.virginia.gov/western-tidewater/,,,True,"PO Box 595 Franklin, VA 23851-0595"
Franklin County Health Department,Franklin,Mount,VA,24151,(540) 484-0292,https://www.vdh.virginia.gov/west-piedmont/,,,True,"PO Box 249 Rocky Mount, VA 24151-0249"
Frederick County/Winchester Health Department,Frederick County/Winchester,Winchester,VA,22601,(540) 722-3480,https://www.vdh.virginia.gov/lord-fairfax/,,,True,"10 Baker St Winchester, VA 22601-4890"
Fredericksburg City Health Department,Fredericksburg,Fredericksburg,VA,22401,(540) 322-5930,https://www.vdh.virginia.gov/rappahannock/,,,True,"608 Jackson St Fredericksburg, VA 22401-5719"
Galax City Health Department,Galax,Galax,VA,24333,(276) 781-7450,https://www.vdh.virginia.gov/mount-rogers/,,,True,"PO Box 926 Galax, VA 24333-0926"
Giles County Health Department,Giles,Pearisburg,VA,24134,(540) 235-3135,https://www.vdh.virginia.gov/new-river/locations/,,,True,"1 Taylor Ave Ste 4 Pearisburg, VA 24134-2079"
Gloucester County Health Department,Gloucester,Gloucester,VA,23061,(804) 693-2445,https://www.vdh.virginia.gov/three-rivers/,,,True,"PO Box 663 Gloucester, VA 23061-0663"
Goochland County Health Department,Goochland,Goochland,VA,23063,(804) 556-5343,https://www.vdh.virginia.gov/chickahominy/goochland/,,,True,"1800 Sandy Hook Rd Goochland, VA 23063-3105"
Grayson County Health Department,Grayson,Independence,VA,24348,(276) 781-7450,https://www.vdh.virginia.gov/mount-rogers/,,,True,"PO Box 650 Independence, VA 24348-0650"
Greene County Health Department,Greene,Stanardsville,VA,22973,(434) 985-2262,https://greenecountyva.gov/269/Health-Department,,,True,"PO BOX 38 Stanardsville, VA 22973-0038"
Greensville/Emporia Health Department,Greensville/Emporia,Emporia,VA,23847,(434) 348-4235,https://www.greensvillecountyva.gov/discover_greensville/healthcare.php,,,True,"140 Uriah Branch Way Emporia, VA 23847-6315"
Halifax County Health Department,Halifax,Halifax,VA,24558,(434) 476-4863,https://www.halifaxnc.com/182/Health-Department,,,True,"PO BOX 845 Halifax, VA 24558-0845"
Hampton Health District,Hampton,Hampton,VA,23661,(757) 727-1172,https://www.vdh.virginia.gov/hampton-peninsula/,,,True,"3130 Victoria Blvd Hampton, VA 23661-1544"
Hanover County Health Department,Hanover,Ashland,VA,23005,(804) 365-4313,https://www.hanovercounty.gov/314/Health-Department,,,True,"12312 Washington Hwy Ashland, VA 23005-7646"
Henrico Health District,Henrico,Henrico,VA,23228,(804) 501-4000,https://henrico.us/health/,https://www.facebook.com/HenricoCountyHealthDepartment/,,True,"8600 Dixon Powers Dr Henrico, VA 23228-2735"
Henry/Martinsville Health Department,Henry/Martinsville,Martinsville,VA,24114,(540) 484-0292,https://www.vdh.virginia.gov/west-piedmont/,,,True,"PO Box 1032 Martinsville, VA 24114-1032"
Highland County Health Department,Highland,Monterey,VA,24465,(540) 468-2270,https://www.vdh.virginia.gov/central-shenandoah/contact-us/,,,True,"140 Fleisher ave Monterey, VA 24465"
Hopewell City Health Department,Hopewell,Hopewell,VA,23860,(804) 458-1297,https://www.vdh.virginia.gov/crater/hopewell-clinic/,,,True,"1501 W City Point Rd Hopewell, VA 23860-3712"
Isle of Wight County Health Department,Isle of Wight,Smithfield,VA,23431,(757) 514-4705,https://www.vdh.virginia.gov/western-tidewater/,,,True,"PO BOX 309 Smithfield, VA 23431-0309"
King George County Health Department,King George,George,VA,22485,(540) 322-5930,https://www.vdh.virginia.gov/rappahannock/,,,True,"8097 Kings Hwy King George, VA 22485-7069"
King William County Health Department,King William,William,VA,23086,(804) 769-4988,https://www.kwc.gov/229/Health-Department,,,True,"PO BOX 155 King William, VA 23086-0155"
King and Queen County Health Department,King and Queen,House,VA,23085,(804) 785-6154,https://www.vdh.virginia.gov/environmental-health/shellfish-closure-and-shoreline-survey-documents/king-and-queen-county/,,,True,"PO BOX 8 King And Queen Court House, VA 23085-0008"
Lancaster County Health Department,Lancaster,Lancaster,VA,22503,(804) 462-5197,https://www.vdh.virginia.gov/environmental-health/shellfish-closure-and-shoreline-survey-documents/lancaster-county/,,,True,"PO BOX 158 Lancaster, VA 22503-0158"
Lee County Health Department,Lee,Jonesville,VA,24263,(276) 328-8000,https://www.vdh.virginia.gov/lenowisco/,,,True,"PO BOX 763 Jonesville, VA 24263-0763"
Lenowisco Health District,Lenowisco,Wise,VA,24293,276-328-8000,http://www.vdh.virginia.gov/LHD/lenowisco,https://www.facebook.com/Lenowisco/,https://twitter.com/LenowiscoHD,True,"134 Roberts St. Sw Wise, VA 24293-5800"
Lord Fairfax Health District,Lord Fairfax,Winchester,VA,22601,(540) 722-3480,https://www.vdh.virginia.gov/lord-fairfax/,,,True,"107 N Kent ST Ste 201 Winchester, VA 22601-5039"
Loudoun County Health Department,Loudoun,Leesburg,VA,20177,(571) 627-7816,http://www.loudoun.gov/health,https://www.facebook.com/LoudounCountyVa/,,True,"PO Box 7000 Leesburg, VA 20177-7000"
Louisa County Health Department,Louisa,Louisa,VA,23093,(540) 967-3703,https://www.louisacounty.gov/BusinessDirectoryII.aspx?BID=309,,,True,"PO BOX 336 Louisa, VA 23093-0336"
Lunenburg County Health Department,Lunenburg,Lunenburg,VA,23952,(434) 392-3984 (131),https://www.vdh.virginia.gov/piedmont/,,,True,"11387 Courthouse RD # Highway 40/49 Lunenburg, VA 23952"
Lynchburg City Health Department,Lynchburg,Lynchburg,VA,24501,(434) 577-5901,https://www.vdh.virginia.gov/central-virginia/,,,True,"308 Alleghany Ave Lynchburg, VA 24501"
Madison County Health Department,Madison,Madison,VA,22727,(540) 948-5481,https://www.madisonco.virginia.gov/187/Health-Department,,,True,"410 N Main St Madison, VA 22727"
Mathews County Health Department,Mathews,Mathews,VA,23109,(804) 725-7131,https://www.mathewscountyva.gov/191/Health-Welfare-Services,,,True,"PO BOX 26 Mathews, VA 23109-0026"
Mecklenburg County Health Department,Mecklenburg,Boydton,VA,23917,(434) 738-6545,https://www.vdh.virginia.gov/southside/,,,True,"969 Madison St Boydton, VA 23917-3418"
Middlesex County Health Department,Middlesex,Saluda,VA,23149,(804) 758-2381,https://www.co.middlesex.va.us/310/Health-Welfare,,,True,"PO BOX 415 Saluda, VA 23149-0415"
Montgomery County Health Department,Montgomery,Christiansburg,VA,24073,(540) 585-3300,https://montva.com/1/departments-services/health-department,,,True,"210 Pepper St S Ste A Christiansburg, VA 24073-3572"
Mount Rogers Health District,Mount Rogers,Marion,VA,24354,(276) 781-7450,https://www.vdh.virginia.gov/mount-rogers/,https://www.facebook.com/MountRogersHD/,https://twitter.com/MRHDvdh,True,"201 Francis Marion LN Marion, VA 24354-4227"
Nelson County Health Department,Nelson,Lovingston,VA,22949,(434) 263-8315,https://www.nelsoncounty-va.gov/departments-offices/health-department/,,,True,"PO BOX 98 Lovingston, VA 22949-0098"
New Kent County Health Department,New Kent,Kent,VA,23124,(804) 966-9640,https://www.vdh.virginia.gov/chickahominy/new-kent/,,,True,"7911 Courthouse Way New Kent, VA 23124"
New River Health District,New River,Christiansburg,VA,24073,(540) 585-3300,https://www.vdh.virginia.gov/new-river/,,,True,"210 Pepper ST SE Ste A Christiansburg, VA 24073-3572"
Newport News City Health Department,Newport News,News,VA,23601,(757) 594-7305,https://www.vdh.virginia.gov/hampton-peninsula/,,,True,"416 J Clyde Morris Blvd Newport News, VA 23601-1927"
Norfolk City Health District,Norfolk,Norfolk,VA,23510,(757) 683-2796,http://www.norfolk.gov/pub_health,https://www.facebook.com/NorfolkPublicHealth,,True,"830 Southampton Ave Ste 200 Norfolk, VA 23510-1045"
Northampton County Health Department,Northampton,Nassawadox,VA,23413,(757) 442-6228,http://www.vdh.virginia.gov/eastern-shore/,,,True,"7114 Lankford Highway Nassawadox, VA 23413-0248"
Northumberland County Health Department,Northumberland,Heathsville,VA,22473,(804) 580-3731,https://www.vdh.virginia.gov/three-rivers/,,,True,"PO BOX 69 Heathsville, VA 22473-0069"
Nottoway County Health Department,Nottoway,Nottoway,VA,23955,(434) 392-3984 (131),https://www.vdh.virginia.gov/piedmont/,,,True,"PO Box 27 Nottoway, VA 23955-0027"
Orange County Health Department,Orange,Orange,VA,22960,(540) 672-1291,https://www.orangecountyva.gov/250/Health,,,True,"450 N Madison Rd Orange, VA 22960-1085"
Page County Health Department,Page,Luray,VA,22835,(540) 722-3480,https://www.vdh.virginia.gov/lord-fairfax/,,,True,"75 Court Ln Luray, VA 22835-1055"
Patrick County Health Department,Patrick,Stuart,VA,24171,(540) 484-0292,https://www.vdh.virginia.gov/west-piedmont/,,,True,"PO Box 428 Stuart, VA 24171-0428"
Peninsula Health District,Peninsula,News,VA,23601,(757) 594-7305,https://www.vdh.virginia.gov/peninsula/,https://www.facebook.com/Peninsula-Hampton-Health-District-124661370923949/,,True,"836 J Clyde Morris Blvd Newport News, VA 23601-1303"
Petersburg City Health Department,Petersburg,Petersburg,VA,23803,(804) 863-1652,https://www.vdh.virginia.gov/crater/petersburg-clinic/,,,True,"301 Halifax St Petersburg, VA 23803-6335"
Piedmont Health District,Piedmont,Farmville,VA,23901,(434) 392-3984 (131),https://www.vdh.virginia.gov/piedmont/,,,True,"111 South ST FL 1st Farmville, VA 23901-1354"
Pittsylvania County Health Department,Pittsylvania,Chatham,VA,24531,(434) 432-7232,: https://www.vdh.virginia.gov/pittsylvania-danville/,,,True,"PO BOX 10 Chatham, VA 24531"
Pittsylvania/Danville Health District,Pittsylvania/Danville,Danville,VA,24541,(434) 766-9815,https://www.vdh.virginia.gov/pittsylvania-danville/,,,True,"326 Taylor DR Danville, VA 24541-4023"
Portsmouth Health District,Portsmouth,Portsmouth,VA,23704,(757) 393-8585,https://www.vdh.virginia.gov/portsmouth/,https://www.facebook.com/PortsmouthHD,https://twitter.com/PortsHealthDept,True,"1701 High ST Ste 102 Portsmouth, VA 23704-2395"
Powhatan County Health Department,Powhatan,Powhatan,VA,23139,(804) 598-5680,https://www.vdh.virginia.gov/chesterfield/powhatan-health-department/,,,True,"301 Old Buckingham rd Powhatan, VA 23139-0012"
Prince Edward County Health Department,Prince Edward,Farmville,VA,23901,(434) 392-3984 (131),https://www.vdh.virginia.gov/piedmont/,,,True,"111 N South ST FL Ground Farmville, VA 23901-1354"
Prince George County Health Department,Prince George,George,VA,23875,(804) 733-2630,https://www.princegeorgecountyva.gov/residents/prince_george_health_department/index.php,,,True,"PO BOX 69 Prince George, VA 23875-0069"
Prince William Health District,Prince William,Manassas,VA,20110,(703) 792-6300,http://www.vdh.virginia.gov/prince-william/,,,True,"9301 Lee Ave Manassas, VA 20110-5517"
Pulaski County Health Department,Pulaski,Pulaski,VA,24301,(540) 440-2188,https://www.vdh.virginia.gov/new-river/locations/,,,True,"170 4Th St Nw Pulaski, VA 24301-4524"
Radford City Health Department,Radford,Radford,VA,24141,(540) 267-8255,https://www.vdh.virginia.gov/new-river/,,,True,"220 E Main St Radford, VA 24141-1792"
Rappahannock County Health Department,Rappahannock,Washington,VA,22747,(540) 675-3516,https://www.vdh.virginia.gov/rappahannock-rapidan/,,,True,"PO BOX 5 Washington, VA 22747-0005"
Rappahannock Health District,Rappahannock,Fredericksburg,VA,22401,(540) 322-5930,https://www.vdh.virginia.gov/rappahannock/,,,True,"1320 Central Park Blvd Ste 300 Fredericksburg, VA 22401-4954"
Rappahannock/Rapidan Health District,Rappahannock/Rapidan,Warrenton,VA,20186,(540) 317-4130,https://www.vdh.virginia.gov/rappahannock-rapidan/,,,True,"330 Hospital Dr Warrenton, VA 20186-3006"
Richmond City Health District,Richmond,Richmond,VA,23219,(804) 205-3500,http://www.rchd.com,https://www.facebook.com/RichmondCityHealthDistrict/,,True,"400 E Cary ST Richmond, VA 23219-3816"
Richmond County Health Department,Richmond,Warsaw,VA,22572,(804) 333-4043,https://www.vdh.virginia.gov/three-rivers/health-departments/,,,True,"PO BOX 700 Warsaw, VA 22572-0700"
Roanoke City/Alleghany Health Districts,Roanoke City/Alleghany Health Districts,Roanoke,VA,24012,(540) 283-5050,https://www.vdh.virginia.gov/roanoke/,,,True,"1502 Williamson RD NE FL 2nd Roanoke, VA 24012-5130"
Roanoke County/Salem Health Department,Roanoke County/Salem,Salem,VA,24153,(540) 204-9441,http://www.vdh.state.va.us/LHD/Alleghany/Salem,,,True,"PO Box 1144 Salem, VA 24153-1144"
Roanoke County/Vinton Health Department,Roanoke County/Vinton,Vinton,VA,24179,(540) 204-9441,https://www.vdh.virginia.gov/alleghany/,,,True,"227 S Pollard St Vinton, VA 24179-2529"
Rockbridge/Lexington Health Department,Rockbridge/Lexington,Lexington,VA,24450,(540) 463-3185,https://www.co.rockbridge.va.us/101/Services,,,True,"300 White St Lexington, VA 24450-1937"
Rockingham/Harrisonburg Health Department,Rockingham/Harrisonburg,Harrisonburg,VA,22802,(540) 332-7830 (326),https://www.vdh.virginia.gov/west-piedmont/,,,True,"110 N Mason St Harrisonburg, VA 22802-4109"
Russell County Health Department,Russell,Lebanon,VA,24266,(276) 889-7621,https://www.vdh.virginia.gov/cumberland-plateau/,,,True,"PO BOX 2347 Lebanon, VA 24266-2347"
Scott County Health Department,Scott,City,VA,24251,(276) 386-1312,https://www.vdh.virginia.gov/lenowisco/contact-us/,,,True,"112 Beech St Ste 1 Gate City, VA 24251"
Shenandoah County Health Department,Shenandoah,Woodstock,VA,22664,(540) 722-3480,https://www.vdh.virginia.gov/lord-fairfax/,,,True,"494 N Main St Ste 100 Woodstock, VA 22664-1872"
Smyth County Health Department,Smyth,Marion,VA,24354,(276) 781-7450,https://www.vdh.virginia.gov/mount-rogers/,,,True,"201 Francis Marion Ln Fl 1 Marion, VA 24354-4227"
Southampton County Health Department,Southampton,Courtland,VA,23837,(757) 514-4705,https://www.vdh.virginia.gov/western-tidewater/,,,True,"PO Box 9 Courtland, VA 23837"
Southside Health District,Southside,City,VA,23924,(434) 766-9815,https://www.vdh.virginia.gov/southside/,,,True,"200 E 5th ST Chase City, VA 23924-1456"
Spotsylvania County Health Department,Spotsylvania,Spotsylvania,VA,22553,(540) 322-5930,https://www.vdh.virginia.gov/rappahannock/,,,True,"PO Box 126 Spotsylvania, VA 22553-0126"
Stafford County Health Department,Stafford,Stafford,VA,22555,(540) 322-5930,https://www.vdh.virginia.gov/rappahannock/,,,True,"PO Box 27 Stafford, VA 22555-0027"
Suffolk City Health Department,Suffolk,Suffolk,VA,23439,(757) 514-4705,https://www.vdh.virginia.gov/western-tidewater/,,,True,"PO Box 1587 Suffolk, VA 23439-1587"
Surry County Health Department,Surry,Dendron,VA,23839,(757) 294-3185,https://www.vdh.virginia.gov/crater/surry-clinic/,,,True,"474 Colonial Trl W Dendron, VA 23839-2205"
Sussex County Health Department,Sussex,Sussex,VA,23884,(434) 246-8611,https://www.sussexcountyva.gov/departments/health-department/,,,True,"20103 Princeton Road Sussex, VA 23884-0345"
Tazewell County Health Department,Tazewell,Tazewell,VA,24651,(276) 988-5585,https://www.vdh.virginia.gov/cumberland-plateau/,,,True,"PO BOX 350 Tazewell, VA 24651-0350"
Three Rivers Health District,Three Rivers,Saluda,VA,23149,(804) 758-2381 (17),https://www.vdh.virginia.gov/three-rivers/,,,True,"2780 General Puller Hwy Saluda, VA 23149-3112"
Virginia Beach Health District,Virginia Beach,Beach,VA,23462,(757) 518-2672,https://www.vdh.virginia.gov/virginia-beach/,,,True,"4452 Corporation Ln. Virginia Beach, VA 23462"
Warren County Health Department,Warren,Royal,VA,22630,(540) 722-3480,https://www.vdh.virginia.gov/lord-fairfax/,,,True,"465 W 15Th St Ste 200 Front Royal, VA 22630-2840"
Washington County Health Department,Washington,Bristol,VA,24202,(276) 781-7450,https://www.vdh.virginia.gov/mount-rogers/,,,True,"15068 Lee Hwy Ste 1000 Bristol, VA 24202-4264"
Waynesboro City Health Department,Waynesboro,Waynesboro,VA,22980,(540) 949-0137,https://www.vdh.virginia.gov/central-shenandoah/,,,True,"211 W 12Th St Waynesboro, VA 22980-4772"
West Piedmont Health District,West Piedmont,Martinsville,VA,24112,(540) 393-6841,http://www.vdh.virginia.gov/west-piedmont/,https://www.facebook.com/WestPiedmontHealthDistrict,,True,"PO Box 1032 Martinsville, VA 24112"
Western Tidewater Health District,Western Tidewater,Suffolk,VA,23439,(757) 514-4705,https://www.vdh.virginia.gov/western-tidewater/,,,True,"PO Box 1587 Suffolk, VA 23439-1587"
Westmoreland County Health Department,Westmoreland,Montross,VA,22520,(804) 493-1124,https://gettested.cdc.gov/organizations/virginia-department-health-8,,,True,"PO BOX 303 Montross, VA 22520-0303"
Williamsburg City Health Department,Williamsburg,Williamsburg,VA,23188,(757) 253-4813,https://www.vdh.virginia.gov/hampton-peninsula/,,,True,"4095 Ironbound Rd Ste 200 Williamsburg, VA 23188-2793"
Wise/Norton Health Department,Wise/Norton,Wise,VA,24293,(276) 328-8000,https://www.vdh.virginia.gov/lenowisco/,,,True,"134 Roberts Ave Sw Wise, VA 24293-5800"
Wythe County Health Department,Wythe,Wytheville,VA,24382,(276) 781-7450,https://www.vdh.virginia.gov/mount-rogers/,,,True,"290 S 6Th St Ste 300 Wytheville, VA 24382-2554"
York/Denbigh Health Department,York/Denbigh,News,VA,23608,(757) 886-2810,https://www.vdh.virginia.gov/hampton-peninsula/locations-services/,,,True,"606 Denbigh Blvd Ste 304 Newport News, VA 23608-4486"
Adams County Health Department,Adams,Othello,WA,99344,(509) 488-4074,https://www.co.adams.wa.gov/219/Public-Health,,https://twitter.com/AdamsCountyIHCS,True,"425 E Main St Ste 700 Othello, WA 99344-1146"
Asotin County Health District,Asotin,Asotin,WA,99402,(509) 243-3344,https://ac-hd.org,https://www.facebook.com/Asotin-County-Health-District-101609036597185,,True,"102 1st ST Asotin, WA 99402"
Benton-Franklin Health District,Benton-Franklin,Kennewick,WA,99336,(509) 460-4567,http://www.bfhd.wa.gov,https://www.facebook.com/Benton-Franklin-Health-District-1531167447187327/,https://twitter.com/BFHD,True,"7102 W Okanogan Pl Kennewick, WA 99336-2341"
Chelan-Douglas Health District,Chelan-Douglas,Wenatchee,WA,98802,(509) 886-6400,http://www.cdhd.wa.gov,https://www.facebook.com/ChelanDouglasHD/,https://twitter.com/ChelanDouglasHD,True,"200 Valley Mall Pkwy East Wenatchee, WA 98802-5321"
Clallam County Health and Human Services,Clallam,Angeles,WA,98362,(360) 417-2274,https://www.clallamcountywa.gov/261/Health-Human-Services,https://www.facebook.com/ClallamCountyPublicHealth/,,True,"111 E 3Rd St Port Angeles, WA 98362-3009"
Clark County Public Health,Clark,Vancouver,WA,98666,(564) 397-8000,https://www.clark.wa.gov/public-health,https://www.facebook.com/clarkcowa.ph,https://twitter.com/ClarkCoWA_PH,True,"PO BOX 9825 Vancouver, WA 98666-8825"
Columbia County Public Health,Columbia,Dayton,WA,99328,(509) 382-2181,https://columbiacopublichealth.org/,,,True,"112 N 2nd ST Dayton, WA 99328-1309"
Cowlitz County Health & Human Services,Cowlitz,Longview,WA,98632,(360) 414-5599,https://www.co.cowlitz.wa.us/205/Health-Human-Services,https://www.facebook.com/cowlitzHHS/,,True,"1952 9th Ave Longview, WA 98632-4013"
Garfield County Public Health,Garfield,Pomeroy,WA,99347,(509) 843-3412,https://www.co.garfield.wa.us/publichealth,https://www.facebook.com/garfieldcountyhealthdistrict/,,True,"PO Box 130 Pomeroy, WA 99347-0130"
Grant County Health District,Grant,Lake,WA,98837,(509) 766-7960,http://www.granthealth.org,https://www.facebook.com/GCHD.WA/,https://twitter.com/GCHD_WA,True,"1038 W Ivy Ave # 1 Moses Lake, WA 98837-2049"
Grays Harbor County Public Health and Social Services,Grays Harbor County Public Health and Social,Aberdeen,WA,98520,(360) 532-8631,http://www.healthygh.org/,https://www.facebook.com/healthyghc/,,True,"2109 Sumner Ave Aberdeen, WA 98520-3600"
Island County Health Department,Island,Coupeville,WA,98239,(360) 682-8971,https://www.islandcountywa.gov/174/Public-Health,https://www.facebook.com/Island-County-Public-Health-446336862466858/,,True,"1 NE 7th ST Coupeville, WA 98239-3590"
Jefferson County Public Health,Jefferson,Townsend,WA,98368,(360) 385-9443,http://www.jeffersoncountypublichealth.org,https://www.facebook.com/jeffersoncountypublichealth/,,True,"615 Sheridan Street Port Townsend, WA 98368-2439"
Kitsap Public Health District,Kitsap,Bremerton,WA,98337,(360) 728-2235,http://www.kitsappublichealth.org,https://www.facebook.com/KitsapPublicHealthDistrict/,https://twitter.com/KitsapHealth,True,"345 6Th St Ste 300 Bremerton, WA 98337-1866"
Kittitas County Health Department,Kittitas,Ellensburg,WA,98926,(509) 962-7515,http://www.co.kittitas.wa.us/health,https://www.facebook.com/KCPublicHealthDept/,,True,"507 N Nanum St Ste 102 Ellensburg, WA 98926-2886"
Klickitat County Health Department,Klickitat,Goldendale,WA,98620,(509) 493-1559,https://www.klickitatcounty.org/289/Public-Health,,,True,"Box 103 Goldendale, WA 98620-9597"
Lewis County Public Health & Social Services,Lewis County Public Health & Social,Chehalis,WA,98532,(360) 740-1223,https://lewiscountywa.gov/departments/public-health/,https://www.facebook.com/lcphss/,https://twitter.com/LCPHSS,True,"351 Nw North St Chehalis, WA 98532-1900"
Lincoln County Health Department,Lincoln,Davenport,WA,99122,(509) 725-1001,https://www.lincolncountywa.com/210/Public-Health,https://www.facebook.com/LincolnCountyHealthDept/,,True,"90 Nicholls St Davenport, WA 99122-9729"
Lummi Public Health Department,Lummi,Bellingham,WA,98226,(360) 380-8654,https://www.lummihealth.gov/services/public-health/,,,True,"2592 Kwina RD Bellingham, WA 98226-9278"
Mason County Department of Health & Human Services,Mason,Shelton,WA,98584,(360) 427-9670,https://masoncountywa.gov/health/index.php,https://www.facebook.com/masoncountyph/,,True,"415 N 6Th St Shelton, WA 98584-3425"
Northeast Tri-County Health District,Northeast Tri-County,Colville,WA,99114,(509) 684-1301,http://www.netchd.org,,,True,"486 S Oak ST Colville, WA 99114-2751"
Okanogan County Public Health,Okanogan,Okanogan,WA,98840,(509) 422-7140,https://www.okanogancounty.gov/307/Public-Health,https://www.facebook.com/Okanogan-County-Public-Health-1381607565501917/,https://twitter.com/ocph,True,"1234 2Nd Ave S Okanogan, WA 98840-9723"
Pacific County Public Health and Human Services Department,Pacific,Bend,WA,98586,(360) 875-9343,https://www.pacificcountyhealth.com,https://www.facebook.com/PacificCountyPublicHealthHumanServices/,,True,"PO BOX 26 South Bend, WA 98586-0026"
Port Gamble S'Klallam Tribal Health Clinic,Port Gamble S'Klallam Tribal Health Clinic,Kingston,WA,98346,(360) 297-2840,https://pgst.nsn.us/health-services/,,,True,"32020 Little Boston RD NE Kingston, WA 98346-9734"
Public Health - Seattle and King County,Public Health - Seattle and King,Seattle,WA,98104,(206) 296-4600,http://www.kingcounty.gov/health,https://www.facebook.com/KCPubHealth/,https://twitter.com/KCPubHealth,True,"401 5th Ave Ste 1140 Seattle, WA 98104-1818"
Quinault Nation Tribal Health & Wellness,Quinault Nation Tribal Health & Wellness,Taholah,WA,98587,(360) 276-4405,,,,True,"PO Box 189 Taholah, WA 98587-0189"
Samish Indian Nation,Samish Indian Nation,Anacortes,WA,98221,(360) 293-6404,https://www.samishtribe.nsn.us/departments/health,,,True,"2918 Commercial Ave Anacortes, WA 98221-2738"
San Juan County Health and Community Services,San Juan County Health and Community,Harbor,WA,98250,(360) 370-7517,https://sanjuancountywa.gov/2169/Health-Community-Services,https://www.facebook.com/SJCPUBLICHEALTH/,,True,"PO BOX 607 Friday Harbor, WA 98250-0607"
Skagit County Public Health,Skagit,Vernon,WA,98273,(360) 416-1500,https://www.skagitcounty.net/Departments/Health/main.htm,https://www.facebook.com/SkagitPublicHealth/,,True,"301 Valley Mall Way Ste 110 Mount Vernon, WA 98273-5462"
Skamania County Health Department,Skamania,Stevenson,WA,98648,(509) 427-3850,https://www.skamaniacounty.org/departments-offices/community-health,https://www.facebook.com/Skamania-County-Community-Health-367750763328784/,,True,"PO Box 1492 Stevenson, WA 98648-1492"
Snohomish County Health Department,Snohomish,Everett,WA,98201,(425) 339-5200,http://www.snohd.org,https://www.facebook.com/SnohomishHealth,https://twitter.com/SnoHD,True,"3020 Rucker Ave Ste 306 Everett, WA 98201-3900"
Spokane Regional Health District,Spokane,Spokane,WA,99201,(509) 324-1500,http://www.srhd.org,https://www.facebook.com/spokanehealth/,https://twitter.com/spokanehealth,True,"1101 W College Ave Spokane, WA 99201-2010"
Tacoma-Pierce County Health Department,Tacoma-Pierce,Tacoma,WA,98418,(253) 649-1500,http://www.tpchd.org,https://www.facebook.com/TacomaPierceCoHD/,https://twitter.com/TPCHD,True,"3629 South D Street Tacoma, WA 98418-6813"
Thurston County Public Health and Social Services,Thurston County Public Health and Social,Olympia,WA,98506,(360) 867-2500,https://www.thurstoncountywa.gov/departments/public-health-and-social-services,https://www.facebook.com/ThurstonHealth,https://twitter.com/ThurstonHealth,True,"412 Lilly RD NE Olympia, WA 98506-5132"
Wahkiakum County Public Health,Wahkiakum,Cathlamet,WA,98612,(888) 452-0326,https://www.co.wahkiakum.wa.us/161/Public-Health-Human-Services,,,True,"PO Box 696 Cathlamet, WA 98612-0696"
Walla Walla County Department of Community Health,Walla Walla County Department of Community,Walla,WA,99362,(509) 524-2650,https://dch.wwcowa.gov/,https://www.facebook.com/WWCDCH/,https://twitter.com/WWCDCH,True,"PO BOX 1753 Walla Walla, WA 99362-0346"
Whatcom County Health Department,Whatcom,Bellingham,WA,98225,(360) 778-6005,http://www.whatcomcounty.us/360/Health-Department,https://www.facebook.com/WhatcomCountyHealth/,,True,"509 Girard St Bellingham, WA 98225-4005"
Whitman County Public Health,Whitman,Colfax,WA,99111,(509) 397-6280,https://www.whitmancountypublichealth.org/,https://www.facebook.com/WhitmanCountyPublicHealth,https://twitter.com/whitman_health,True,"310 N Main St Colfax, WA 99111-1848"
Yakima County Health District,Yakima,Gap,WA,98903,(509) 249-4040,http://www.yakimahealthdistrict.org,https://www.facebook.com/yakimahealthdistrict/,,True,"1210 Ahtanum Ridge Dr Union Gap, WA 98903-1813"
Barbour County Health Department,Barbour,Philippi,WV,26416,(304) 457-1670,http://barbourhealthwv.com/,https://www.facebook.com/BarbourCHD/,,True,"109 Wabash Ave Philippi, WV 26416-0019"
Beckley-Raleigh County Health Department,Beckley-Raleigh,Beckley,WV,25801,(304) 252-8531,https://beckleyraleighhealthdept.org/,https://www.facebook.com/Beckley-Raleigh-County-Health-Department-351416118246474/,,True,"1602 Harper Rd Beckley, WV 25801-3310"
Berkeley-Morgan County Board of Health,Berkeley-Morgan,Martinsburg,WV,25403,(304) 263-5131,http://www.bchealthdept.org,,,True,"122 Waverly Court Martinsburg, WV 25403"
Boone County Health Department,Boone,Danville,WV,25053,(304) 369-7967 (119),https://www.boonecountyhealthdepartment.org,https://www.facebook.com/Boone-County-Health-Dept-142981012424795/,,True,"213 Kenmore Dr Danville, WV 25053-6890"
Braxton County Health Department,Braxton,Sutton,WV,26601,(304) 765-2851,https://www.BraxtonCountyHealthDepartment.com,https://www.facebook.com/braxtonhealthdept/?ref=bookmarks,,True,"617 Old Turnpike RD Sutton, WV 26601-1641"
Brooke County Health Department,Brooke,Wellsburg,WV,26070,(304) 737-3665,https://www.brookecountyhealthdepartment.com/,https://www.facebook.com/Brooke-County-Health-Department-186847988076050/,,True,"Courthouse 2nd Floor Wellsburg, WV 26070-1748"
Cabell-Huntington Health Department,Cabell-Huntington,Huntington,WV,25701,(304) 523-6483,http://www.cabellhealth.org,https://www.facebook.com/cabell.health.dept/,https://twitter.com/cabell_hlthdept,True,"703 7Th Ave Huntington, WV 25701-2115"
Clay County Health Department,Clay,Clay,WV,25043,(304) 587-4269,https://www.cchdwv.org,https://www.facebook.com/Clay-County-Health-Department-WV-243105062504800/,,True,"PO BOX 36 Clay, WV 25043-0036"
Doddridge County Health Department,Doddridge,Union,WV,26456,(304) 873-1531,https://doddridgecountyhealthdepartment.org/,https://www.facebook.com/DoddridgeCountyHealthDepartment/,,True,"60 Pennsylvania Street West Union, WV 26456-9512"
Fayette County Health Department,Fayette,Fayetteville,WV,25840,(304) 574-1617,https://fayettehealth.org/,https://www.facebook.com/fayettehealth,https://twitter.com/FayetteHealth?lang=en,True,"5495 Maple LN Fayetteville, WV 25840-6872"
Gilmer County Health Department,Gilmer,Glenville,WV,26351,(304) 462-7351,http://gilmerhealthwv.com/,https://www.facebook.com/Gilmer-County-Health-Department-145529045642040/,,True,"809 Medical DR Ste 3 Glenville, WV 26351-1288"
Grafton-Taylor County Health Department,Grafton-Taylor,Grafton,WV,26354,(304) 265-1288,https://www.taylorcountyhdwv.gov,https://www.facebook.com/GTCHDWV/,,True,"718 W Main ST Grafton, WV 26354-1157"
Grant County Health Department,Grant,Petersburg,WV,26847,(304) 257-4922,https://gcwestvirginia.com/,https://www.facebook.com/Greenbrier-County-Health-Department-264075480275975/,,True,"PO Box 608 Petersburg, WV 26847-0608"
Greenbrier County Health Department,Greenbrier,Ronceverte,WV,24970,(304) 645-1787,https://greenbriercounty.net/departments/health-department/,https://www.facebook.com/Greenbrier-County-Health-Department-264075480275975/,,True,"9109 Seneca Trl S Ronceverte, WV 24970-1791"
Hampshire County Health Department,Hampshire,Augusta,WV,26704,(304) 496-9640,http://www.hampshirecountyhealthdepartment.com,https://www.facebook.com/Hampshirecountyhealthdept/,,True,"16189 Northwestern Pike Augusta, WV 26704"
Hancock County Health Department,Hancock,Cumberland,WV,26047,(304) 564-3343,http://HancockCountyHealthDepartment.com,https://www.facebook.com/Hancock-County-Health-Department-419880264864542/,,True,"P.O. Box 578 New Cumberland, WV 26047-0578"
Hardy County Health Department,Hardy,Moorefield,WV,26836,(304) 530-6355,https://www.hardycountyhealthdepartment.com/,https://www.facebook.com/hardylhd/timeline,,True,"421 E Jackson Ave Moorefield, WV 26836"
Harrison-Clarksburg Health Department,Harrison-Clarksburg,Clarksburg,WV,26301,(304) 623-9308,http://hchealthdepartment.org/,,,True,"330 W Main St Clarksburg, WV 26301-2910"
Jackson County Health Department,Jackson,Ripley,WV,25271,(304) 372-2634,http://www.jacksoncountyhealthdepartment.com,https://www.facebook.com/JCHDWV,,True,"504 South Church St Ripley, WV 25271-1616"
Jefferson County Health Department,Jefferson,Kearneysville,WV,25430,(304) 728-8416,http://www.jchdwv.org,https://www.facebook.com/JCHDWV.org,,True,"1948 Wiltshire Rd Ste 1 Kearneysville, WV 25430-0010"
Kanawha-Charleston Health Department,Kanawha-Charleston,Charleston,WV,25323,(304) 348-6494,https://kchd.wv.gov/Pages/default.aspx,,,True,"PO BOX 927 Charleston, WV 25323-0927"
Lewis County Health Department,Lewis,Weston,WV,26452,(304) 269-8218,http://www.lewishealthwv.com/,https://www.facebook.com/Lewis-County-Health-Department-351346558241998/,,True,"125 Court Ave Weston, WV 26452-1915"
Lincoln County Health Department,Lincoln,Hamlin,WV,25523,(304) 824-3330,http://www.lchdwv.org,https://www.facebook.com/lincolnhealthwv,,True,"PO Box 527 Hamlin, WV 25523-0527"
Logan County Health Department,Logan,Logan,WV,25601,(304) 792-8630,https://dhhr.wv.gov/pages/Office-Results.aspx?County=Logan,,,True,"300 Stratton St Rm 203 Logan, WV 25601-3924"
Marion County Health Department,Marion,Fairmont,WV,26554,(304) 366-3360,https://marionlhdwv.org/,,,True,"300 2Nd St Fairmont, WV 26554-2830"
Marshall County Health Department,Marshall,Moundsville,WV,26041,(304) 845-7840,http://www.marshallcountyhealthdepartment.com/,https://www.facebook.com/Marshall-County-Health-Department-WV-433806246704204/,,True,"513 6Th St Moundsville, WV 26041-1949"
Mason County Health Department,Mason,Pleasant,WV,25550,(304) 675-3050,http://www.masoncountyhealthdepartment.org/,,,True,"216 5Th St Point Pleasant, WV 25550-1104"
McDowell County Health Department,McDowell,Wilcoe,WV,24895,(304) 448-2174,https://dhhr.wv.gov/localhealth/Pages/Chris%20Clark.aspx?County=mcdowell,https://www.facebook.com/McDowellCoHealthDept/,,True,"PO BOX 218 Wilcoe, WV 24895-0218"
Mercer County Health Department,Mercer,Bluefield,WV,24701,(304) 324-8367,http://www.mercercountyhealthwv.com/,,,True,"978 Blue Prince RD Bluefield, WV 24701-5074"
Mid-Ohio Valley Health Department,Mid-Ohio Valley,Parkersburg,WV,26101,(304) 485-7374,http://www.movhd.com,https://www.facebook.com/pg/MidOhioValleyHealthDepartment/,,True,"211 6Th St Parkersburg, WV 26101-5113"
Mineral County Health Department,Mineral,Keyser,WV,26726,(304) 788-1321,http://www.mineralcountyhealthdepartment.com,,,True,"541 Harley O Staggers Dr Ste 1 Keyser, WV 26726"
Mingo County Health Department,Mingo,Williamson,WV,25661,(304) 235-3570,http://www.mingocountyhealthdepartment.com,https://www.facebook.com/MingoCountyHeathDept,,True,"101 Logan Street Williamson, WV 25661-1096"
Monongalia County Health Department,Monongalia,Morgantown,WV,26505,(304) 598-5143,http://www.monchd.org,https://www.facebook.com/WVMCHD/,https://twitter.com/wvmchd,True,"453 Van Voorhis Rd Morgantown, WV 26505-3408"
Monroe County Health Department,Monroe,Union,WV,24983,(304) 772-3064,https://monroehealthcenters.com/home/health-department/,,,True,"PO Box 590 Union, WV 24983-0590"
Nicholas County Health Department,Nicholas,Summersville,WV,26651,(304) 872-5329,https://nicholashealthwv.com,,,True,"1 Stevens Rd Summersville, WV 26651-9704"
Pendleton County Health Department,Pendleton,Franklin,WV,26807,(304) 358-7565,http://www.pendletoncountyhealthdepartment.org/,,,True,"PO BOX 520 Franklin, WV 26807-0520"
Pocahontas County Health Department,Pocahontas,Marlinton,WV,24954,(304) 799-4154,https://pocahontashd.com/,,,True,"900 10Th Ave Marlinton, WV 24954-1333"
Preston County Health Department,Preston,Kingwood,WV,26537,(304) 329-0096,http://www.prestoncountyhealthdepartment.com/,,,True,"106 W Main St Ste 203 Kingwood, WV 26537-1131"
Putnam County Health Department,Putnam,Winfield,WV,25213,(304) 757-2541,https://pchdwv.org/,,,True,"PO Box 892 Winfield, WV 25213-0892"
Randolph-Elkins Health Department,Randolph-Elkins,Elkins,WV,26241,(304) 637-1022,https://www.randolphhealthwv.net,https://www.facebook.com/RandolphElkinsHealthDepartment,,True,"32 Randolph Ave Ste 101 Elkins, WV 26241-4139"
Summers County Health Department,Summers,Hinton,WV,25951,(304) 466-3388,https://www.summerscountywv.gov/healthdepartment,,,True,"PO BOX 898 Hinton, WV 25951-0898"
Tucker County Health Department,Tucker,Parsons,WV,26287,(304) 478-3572,https://tuckerhealthwv.com/,https://www.facebook.com/pages/Tucker-County-Health-Dept/157679627765008,,True,"206 Senior LN Parsons, WV 26287-1339"
Upshur-Buckhannon Health Department,Upshur-Buckhannon,Buckhannon,WV,26201,(304) 472-2810,https://dhhr.wv.gov/localhealth/Pages/Chris%20Clark.aspx?County=upshur,,,True,"15 N Locust St Buckhannon, WV 26201-4708"
Wayne County Health Department,Wayne,Wayne,WV,25570,(304) 272-6761,https://waynecountyhealth.org/,https://www.facebook.com/WayneCountyHealthDepartment,,True,"PO Box 368 Wayne, WV 25570-0368"
Webster County Health Department,Webster,Springs,WV,26288,(304) 847-5483,https://webstercounty.wv.gov/countygovernmentagencies/Pages/othercountygovernmentagencies.aspx,https://www.facebook.com/Webster-County-Health-Dept-157605344271432/,,True,"112 Bell St Ste C Webster Springs, WV 26288-1155"
Wetzel-Tyler County Health Department,Wetzel-Tyler,Martinsville,WV,26155,(304) 337-2001,http://wetzeltylerhealthdepartment.com,https://www.facebook.com/wetzel.tyler.hd,https://twitter.com/Wetzel_TylerHD,True,"10 Howard Jeffers Dr New Martinsville, WV 26155"
Wheeling-Ohio County Health Department,Wheeling-Ohio,Wheeling,WV,26003,(304) 234-3682,http://www.ohiocountyhealth.com,https://www.facebook.com/Wheeling-Ohio-County-Health-Department-Wheeling-WV-164179900283519/?fref=ts,,True,"1500 Chapline St Ste 106 Wheeling, WV 26003-3553"
Wyoming County Health Department,Wyoming,Pineville,WV,24874,(304) 732-7941,https://www.wycowv.com/health-department,https://www.facebook.com/Wyoming-County-Economic-Development-Authority-119706381437387,,True,"PO BOX 1679 Pineville, WV 24874-1679"
Adams County Health & Human Services Department,Adams,Friendship,WI,53934,(608) 339-4505,https://www.co.adams.wi.us/departments/health-human-services,,,True,"108 E North St Friendship, WI 53934-9443"
Appleton City Health Department,Appleton,Appleton,WI,54911,(920) 832-6429,https://www.appleton.org/residents/health,,,True,"100 N Appleton St Appleton, WI 54911-4702"
Ashland County Health & Human Services,Ashland,Ashland,WI,54806,(715) 682-7004,https://ashlandcountywi.gov/health_human_services,https://www.facebook.com/AshlandCountyHealthHumanServicesPublicHealth/,,True,"630 Sanborn Ave Ashland, WI 54806-3537"
Bad River Tribal Health Services,Bad River Tribal,Ashland,WI,54806,(715) 682-7133,,,,True,"53585 Nokomis RD Ashland, WI 54806-4272"
Barron County Health and Human Services Department,Barron,Barron,WI,54812,(715) 537-5691,https://www.barroncountywi.gov/,,,True,"335 E Monroe Ave Rm 338 Barron, WI 54812-1480"
Bayfield County Health Department,Bayfield,Washburn,WI,54891,(715) 373-6109,https://www.bayfieldcounty.wi.gov/health,https://www.facebook.com/BayfieldCountyHealthDept,https://twitter.com/BayfieldCoGov,True,"PO BOX 403 Washburn, WI 54891-0403"
Brown County Public Health,Brown,Bay,WI,54301,(920) 448-6400,https://www.stayhealthybc.com/,,https://twitter.com/BrownCoHealth,True,"111 N Jefferson ST Green Bay, WI 54301-5005"
Buffalo County Department of Health and Human Services,Buffalo,Alma,WI,54610,(608) 685-6304,http://www.buffalocounty.com/331/Public-Health,https://www.facebook.com/buffalocountydhhs/,,True,"407 S 2nd ST, Third Floor Alma, WI 54610-9715"
Burnett County Department of Health and Human Services,Burnett,Siren,WI,54872,(715) 349-7600 (2281),http://www.burnettcounty.com/index.aspx?nid=75,https://www.facebook.com/Burnett-County-Wisconsin-Public-Health-439417109566283/,,True,"7410 County Road K Ste 280 Siren, WI 54872-9070"
Calumet County Health Department,Calumet,Chilton,WI,53014,(920) 849-1400,https://www.co.calumet.wi.us/156/Public-Health,,,True,"206 Court St Chilton, WI 53014-1127"
Chippewa County Department of Public Health,Chippewa,Falls,WI,54729,(715) 726-7900,https://www.chippewacountywi.gov/173/Public-Health,https://www.facebook.com/Chippewa-County-Public-Health-1503750659676459/,,True,"711 N Bridge St Rm 121 Chippewa Falls, WI 54729-1845"
City of Menasha Health Department,City of Menasha,Menasha,WI,54952,(920) 967-3521,https://www.menashawi.gov/departments/health/index.php,,,True,"100 Main ST Ste 100 Menasha, WI 54952-3287"
City of Racine Public Health Department,City of Racine,Racine,WI,53403,(262) 636-9201,https://www.cityofracine.org/Health/,https://www.facebook.com/RacineHealth/,,True,"730 Washington Ave, #1 Racine, WI 53403-1146"
Clark County Health Department,Clark,Neillsville,WI,54456,(715) 743-5105,http://www.co.clark.wi.us/index.aspx?nid=269,,,True,"517 Court St Rm 105 Neillsville, WI 54456-1982"
Columbia County Health & Human Services,Columbia,Portage,WI,53901,(608) 742-9227,http://www.co.columbia.wi.us/ColumbiaCounty/hhs/HealthHumanServiceHomePage/tabid/299/Default.aspx,https://www.facebook.com/Columbia-County-Health-and-Human-Services-391508677548727/,https://twitter.com/ColumbiaCoHHS,True,"PO Box 136 Portage, WI 53901-0136"
Crawford County Health and Human Services,Crawford,Chien,WI,53821,(608) 326-0229,http://www.crawfordcountywi.org/health.html,https://www.facebook.com/Crawford-County-Public-Health-432773913578331/,,True,"225 N Beaumont Rd Ste 306 Prairie Du Chien, WI 53821-1445"
Cudahy Health Department,Cudahy,Cudahy,WI,53110,(414) 882-2389,https://www.cudahy-wi.gov/departments/health/index.php,,,True,"5050 S Lake Dr Cudahy, WI 53110-2045"
De Pere Department of Public Health,De Pere,Pere,WI,54115,(920) 339-2373,https://www.de-pere.org/department/?structureid=12,,,True,"335 S Broadway De Pere, WI 54115-2526"
Dodge County Human Services and Health Department,Dodge,Juneau,WI,53039,(920) 386-3674,https://www.co.dodge.wi.gov/departments/departments-e-m/human-services-health-department,,,True,"199 County Road Df Fl Ground Juneau, WI 53039-9512"
Door County Department of Health and Human Services,Door,Bay,WI,54235,(920) 746-2234,https://www.co.door.wi.gov/167/Public-Health,https://www.facebook.com/doorcountypublichealth/,https://twitter.com/DoorCoHealth,True,"421 Nebraska ST FL 1st Sturgeon Bay, WI 54235-2225"
Douglas County Health and Human Services,Douglas,Superior,WI,54880,(715) 395-1318,http://douglascountywi.org/228/Health-Human-Services,,,True,"1316 N 14th ST Ste 400 Superior, WI 54880-1779"
Dunn County Health Department,Dunn,Menomonie,WI,54751,(715) 231-6440,https://www.co.dunn.wi.us/healthdepartment,,,True,"3001 US Highway 12 East, Suite 032 Menomonie, WI 54751"
Eau Claire City-County Health Department,Eau Claire,Claire,WI,54703,(715) 839-4718,https://www.eauclairewi.gov/government/our-divisions/health-department,,,True,"720 2nd Ave Eau Claire, WI 54703-5413"
Florence County Health Department,Florence,Florence,WI,54121,(715) 528-3424,https://florencewipublichealth.com,,,True,"501 Lake Ave Florence, WI 54121-8805"
Fond du Lac County Health Department,Fond du Lac,Lac,WI,54935,(920) 929-3085,https://www.fdlco.wi.gov/departments/departments-f-m/health-department,https://www.facebook.com/fonddulaccounty,,True,"160 S Macy St Fl 3Rd Fond Du Lac, WI 54935-4241"
Forest County Health Department,Forest,Crandon,WI,54520,(715) 478-3371,http://forestcountypublichealth.org/,,,True,"200 E Madison ST Crandon, WI 54520-1415"
Forest County Potawatomi Health and Wellness Center,Forest County Potawatomi Health and Wellness,Crandon,WI,54520,(715) 478-4340,https://health.fcpotawatomi.com/,,,True,"PO Box 396 Crandon, WI 54520-0396"
Franklin Health Department,Franklin,Franklin,WI,53132,(414) 425-9101,https://www.franklinwi.gov/Home/Departments/Health.htm,,,True,"9229 W Loomis Rd Franklin, WI 53132-9630"
Grant County Health Department,Grant,Lancaster,WI,53813,(608) 723-6416,http://www.co.grant.wi.gov,,,True,"111 S Jefferson St Fl 2 Lancaster, WI 53813-1672"
Great Lakes Inter-Tribal Council,Great Lakes Inter-Tribal Council,Flambeau,WI,54538,(715) 588-3324,http://www.glitc.org,,,True,"PO BOX 9 Lac Du Flambeau, WI 54538-0009"
Green County Health Department,Green,Monroe,WI,53566,(608) 328-9390,https://www.greencountywi.org/192/Public-Health,,,True,"N3152 State Road 81 Monroe, WI 53566-9397"
Green Lake County Human Services - Health Unit,Green Lake County Human Services -,Lake,WI,54941,(920) 294-4070,https://www.greenlakecountywi.gov/departments/health-human-services-health-unit/,https://www.facebook.com/glcodhhs,,True,"571 County Road A Green Lake, WI 54941-8630"
Hales Corners Health Department,Hales Corners,Corners,WI,53130,(414) 529-6155,https://halescornerswi.gov/departments/health-department/,,,True,"5551 S 108th ST Hales Corners, WI 53130-1945"
Ho-Chunk Nation Health Department,Ho-Chunk Nation,Falls,WI,54615,(715) 284-9851,https://health.ho-chunk.com/,,,True,"W9855 Airport RD Black River Falls, WI 54615-5408"
Iowa County Health Department,Iowa,Dodgeville,WI,53533,(608) 930-9870,http://www.iowacounty.org/departments/health/health.shtml,,,True,"303 W Chapel St Ste 2200 Dodgeville, WI 53533-1450"
Iron County Health Department,Iron,Hurley,WI,54534,(715) 561-2191,http://www.co.iron.wi.gov/localgov_departments_details.asp?deptid=255&locid=180,,,True,"210 5th Ave N Hurley, WI 54534"
Jackson County Public Health Department,Jackson,Falls,WI,54615,(715) 284-4301 (452),https://www.co.jackson.wi.us/index.asp?SEC=8C5A5447-9969-45B9-883F-5878D865E3B1,,,True,"421 County Road R Black River Falls, WI 54615-5129"
Jefferson County Health Department,Jefferson,Jefferson,WI,53549,(920) 674-7275,http://www.co.jefferson.wi.us/health/default.htm,,,True,"1541 Annex Rd Jefferson, WI 53549-9803"
Juneau County Health Department,Juneau,Mauston,WI,53948,(608) 847-9373,https://www.co.juneau.wi.gov/departments/health/index.php,https://www.facebook.com/#!/pages/Juneau-County-Health-Department/174607262588061?fref=ts,,True,"200 S Hickory ST FL First Mauston, WI 53948-1320"
Kenosha County Division of Health,Kenosha,Kenosha,WI,53143,(262) 605-6760,https://www.kenoshacountywi.gov/297/Public-Health,https://www.facebook.com/kenoshacountyhealth/,,True,"8600 Sheridan Rd Ste 600 Kenosha, WI 53143-6515"
Kewaunee County Public Health Office,Kewaunee,Kewaunee,WI,54216,(920) 388-7160,http://www.co.kewaunee.wi.gov/index.asp?locid=194,https://www.facebook.com/kewauneecountypublichealth,,True,"810 Lincoln St Kewaunee, WI 54216-1140"
La Crosse County Health Department,La Crosse,Crosse,WI,54601,(608) 785-6425,http://www.lacrossecounty.org/health,,,True,"300 4Th St N La Crosse, WI 54601-3228"
Lac Courte Oreilles Community Health Center,Lac Courte Oreilles Community,Hayward,WI,54843,(715) 638-5152,https://lcohc.com/,,,True,"9940 N County Highway K Hayward, WI 54843-2186"
Lafayette County Health Department,Lafayette,Darlington,WI,53530,(608) 776-4895,https://www.lafayettecountywi.org/healthdepartment,,,True,"729 Clay St Darlington, WI 53530-1225"
Langlade County Health Department,Langlade,Antigo,WI,54409,(715) 627-6250,http://www.co.langlade.wi.us/departments/health-department/,,,True,"1225 Langlade RD Antigo, WI 54409-2762"
Lincoln County Health Department,Lincoln,Merrill,WI,54452,(715) 536-0307,http://www.lincolncountyhealthdepartment.com,https://www.facebook.com/LincolnMThealth/,,True,"607 N Sales St Merrill, WI 54452-1624"
Manitowoc County Health Department,Manitowoc,Manitowoc,WI,54220,(920) 683-4155,https://manitowoccountywi.gov/,https://www.facebook.com/MantyCountyHealth/,,True,"1028 S 9Th St Manitowoc, WI 54220-5343"
Marathon County Health Department,Marathon,Wausau,WI,54403,(715) 261-1900,https://www.marathoncounty.gov/about-us/departments/health-department,,,True,"1000 Lake View Dr Ste 100 Wausau, WI 54403-6781"
Marinette County Health and Human Services Department,Marinette,Marinette,WI,54143,(715) 732-7700,http://www.marinettecounty.com,,,True,"2500 Hall Ave Ste C Marinette, WI 54143-1656"
Marquette County Health Department,Marquette,Montello,WI,53949,(608) 297-3135,http://co.marquette.wi.us/departments/health,,,True,"428 Underwood Ave Montello, WI 53949-9248"
Menominee Tribal Clinic,Menominee Tribal Clinic,Keshena,WI,54135,(715) 799-3361,http://mtclinic.net,,,True,"PO Box 970 Keshena, WI 54135-0970"
Milwaukee City Health Department,Milwaukee,Milwaukee,WI,53202,(414) 286-3521,http://city.milwaukee.gov/Health,,,True,"841 N Broadway Rm 300 Milwaukee, WI 53202-3653"
Monroe County Health Department,Monroe,Sparta,WI,54656,(608) 269-8666,http://www.co.monroe.wi.us/departments/health-department/,https://www.facebook.com/pages/Monroe-County-Health-Department/785833994856888,,True,"315 W Oak ST Sparta, WI 54656-2592"
North Shore Health Department,North Shore,Glendale,WI,53209,(414) 371-2980,http://www.nshealthdept.org/,https://www.facebook.com/NSHealthDept/,https://twitter.com/NSHealthDept,True,"5901 N Milwaukee River Pkwy Glendale, WI 53209-3815"
Oak Creek Health Department,Oak Creek,Creek,WI,53154,(414) 766-7950,https://www.oakcreekwi.gov/government/departments/health,,https://twitter.com/OakCreekHealth,True,"8040 South 6th Street Oak Creek, WI 53154-2948"
Oconto County Health and Human Services,Oconto,Oconto,WI,54153,(920) 834-7000,https://www.ocontocountywi.gov/247/Health-Human-Services,,,True,"501 Park Ave Oconto, WI 54153-1612"
Oneida Community Health Center,Oneida Community,Oneida,WI,54155,,http://www.oneidanation.org/?page_id=22,,,True,"PO Box 365 Oneida, WI 54155"
Oneida Comprehensive Health Division,Oneida Comprehensive,Oneida,WI,54155,(920) 869-2711,https://oneida-nsn.gov/community-health-services/,,,True,"PO Box 365 Oneida, WI 54155"
Oneida County Health Department,Oneida,Rhinelander,WI,54501,(715) 369-6111,https://publichealth.oneidacountywi.gov,,,True,"PO BOX 400 Rhinelander, WI 54501-0400"
"Outagamie County DHHS, Public Health Division","Outagamie County DHHS,",Appleton,WI,54911,(920) 832-5100,http://www.outagamie.org/PublicHealth,,,True,"320 S Walnut ST FL Third Appleton, WI 54911-5918"
Pepin County Health Department,Pepin,Durand,WI,54736,(715) 672-5961,https://www.co.pepin.wi.us/index.asp?SEC=080745F4-E23F-4CEC-BD6E-D6AFCCEF7507&Type=B_BASIC,,,True,"740 7Th Ave W Durand, WI 54736-1628"
Peter Christensen Health Center,Peter Christensen,Flambeau,WI,54538,(715) 588-3371,https://www.pchclinic.com/,,,True,"129 Old Abe RD Lac Du Flambeau, WI 54538-9386"
Pierce County Public Health Department,Pierce,Ellsworth,WI,54011,(715) 273-6755,https://www.co.pierce.wi.us/departments/public_health/index.php,,,True,"PO Box 238 Ellsworth, WI 54011-0238"
Polk County Health Department,Polk,Lake,WI,54810,(715) 485-8400,https://www.polkcountywi.gov/polkcountyhealth/services/index.php,https://www.facebook.com/PolkCountyHealthDepartment,,True,"100 Polk County Plz Ste 180 Balsam Lake, WI 54810-8009"
Portage County Health and Human Services,Portage,Point,WI,54481,(715) 345-5350,https://www.co.portage.wi.gov/199/Health-Human-Services,,,True,"817 Whiting Ave Stevens Point, WI 54481-5246"
Price County Health Department,Price,Phillips,WI,54555,(715) 339-3054,http://www.co.price.wi.us/203/Public-Health,https://www.facebook.com/pages/Price-County-Public-Health/133855289974403,,True,"104 S Eyder Ave Ste 1 Phillips, WI 54555-1342"
Public Health - Madison and Dane County,Public Health - Madison and Dane,Madison,WI,53703,(608) 266-4821,http://www.publichealthmdc.com,https://www.facebook.com/publichealthmdc,https://twitter.com/PublicHealthMDC,True,"210 Martin Luther King Jr Blvd Rm 507 Madison, WI 53703-3346"
Racine County Public Health Division,Racine,Sturtevant,WI,53177,(262) 898-4460,https://www.racinecounty.gov/departments/human-services-department/public-health,,,True,"9531 Rayne RD Ste V Sturtevant, WI 53177-1801"
Red Cliff Community Health Center,Red Cliff Community,Bayfield,WI,54814,(715) 779-3707,https://redcliffhealth.org/,,,True,"36745 Aiken RD Bayfield, WI 54814-4579"
Richland County Health Department,Richland,Center,WI,53581,(608) 647-8821 (5789),https://www.co.richland.wi.us/departments/hhs/publichealth/index.shtml,,,True,"221 W Seminary St Richland Center, WI 53581-2358"
Rock County Public Health Department,Rock,Janesville,WI,53545,(608) 757-5405,https://www.co.rock.wi.us/departments/public-health,,,True,"3328 N US Highway 51 Janesville, WI 53545-0772"
Rusk County Department of Health & Human Services,Rusk,Ladysmith,WI,54848,(715) 532-2299,http://www.ruskcounty.org/departments/health-and-human-services/public-health/,https://www.facebook.com/#1/pages/rusk-county-public-health-department/135063356544469,,True,"311 Miner Ave E Ste C240 Ladysmith, WI 54848-2826"
Sauk County Health Department,Sauk,Baraboo,WI,53913,(608) 355-3290 (4301),https://www.co.sauk.wi.us/publichealth,,,True,"505 Broadway St Ste 372 Baraboo, WI 53913-2183"
Sawyer County Health and Human Services,Sawyer,Hayward,WI,54843,(715) 634-4806,http://www.sawyercountygov.org,,,True,"10610 Main St Ste 224 Hayward, WI 54843-6586"
Shawano-Menominee Counties Health Department,Shawano-Menominee Counties,Shawano,WI,54166,(715) 526-4808,http://www.co.shawano.wi.us/departments/?department=5c6edb95d748,https://www.facebook.com/SMCHD,https://twitter.com/SMCHD1,True,"311 N. Main St. Courthouse Shawano, WI 54166-2198"
Sheboygan County Division of Public Health,Sheboygan,Sheboygan,WI,53081,(920) 459-3207,,,,True,"1011 N 8Th St Sheboygan, WI 53081-4043"
Sokaogon Chippewa Health Clinic,Sokaogon Chippewa Health Clinic,Crandon,WI,54520,(715) 478-5180,https://scchealthclinic.com/,,,True,"3144 Vanzile RD Crandon, WI 54520-8149"
South Milwaukee/St. Francis Health Department,South Milwaukee/St. Francis,Milwaukee,WI,53172,(414) 768-8055,https://smwi.org/181/Health-Department,,,True,"2424 15Th Ave South Milwaukee, WI 53172-2410"
Southwest Suburban Health Department,Southwest Suburban,Allis,WI,53214,(414) 302-8600,https://www.swshdwi.gov,https://www.facebook.com/westallishealthdept/,,True,"7120 W National Ave West Allis, WI 53214-4732"
St. Croix County Dept. of Human and Health Services - Public Health,St. Croix County Dept. of Human and Health Services -,Richmond,WI,54017,(715) 246-8363,https://www.sccwi.gov/165/Health-Human-Services,https://www.facebook.com/sccwipublichealth,,True,"1752 Dorset Lane New Richmond, WI 54017-2452"
St. Croix Tribal Health & Human Services,St. Croix Tribal,Webster,WI,54893,(715) 349-8554,http://www.stcciw.com/Content/HealthClinic.aspx?page=main,,,True,"4404 State Road 70 Webster, WI 54893-9251"
Stockbridge-Munsee Health and Wellness Center,Stockbridge-Munsee Health and Wellness,Bowler,WI,54416,(715) 793-5055,http://www.smhwc.com/,,,True,"PO Box 86 Bowler, WI 54416-0086"
Taylor County Health Department,Taylor,Medford,WI,54451,(715) 748-1410,https://co.taylor.wi.us/hd/,https://www.facebook.com/Taylor-County-Health-Department-234647910052315/?ref=hl,,True,"224 S 2nd ST Medford, WI 54451-1811"
Trempealeau County Public Health Department,Trempealeau,Whitehall,WI,54773,(715) 538-2311 (220),https://co.trempealeau.wi.us/departments/health_department/index.php,,,True,"18600 Hobson ST Whitehall, WI 54773-8614"
Vernon County Health Department,Vernon,Viroqua,WI,54665,(608) 637-5251,https://www.vernoncountywi.gov/departments/public_health_department/index.php,https://www.facebook.com/pages/Vernon-County-Health-Department/642837375730102,,True,"PO Box 209 Viroqua, WI 54665-0209"
Vilas County Public Health Department,Vilas,River,WI,54521,(715) 479-3656,https://www.vilascountywi.gov/departments/services/public_health_department/index.php,,,True,"330 Court St Eagle River, WI 54521-8362"
Village of Greendale Health Department,Village of Greendale,Greendale,WI,53129,(414) 423-2110,http://www.greendale.org/departments/health_department/index.php,https://www.facebook.com/Greendale-Health-Department-117659658290160/,https://twitter.com/GreendaleHD,True,"5650 Parking St Greendale, WI 53129-1836"
Walworth County Department of Health & Human Services Division of Public Health,Walworth,Elkhorn,WI,53121,(262) 741-3200,http://www.co.walworth.wi.us,,,True,"1910 County Road NN Elkhorn, WI 53121-4454"
Washburn County Health,Washburn,Lake,WI,54871,(715) 635-4400,https://www.washburncopublichealth.org/contact-us,,,True,"304 2nd ST Shell Lake, WI 54871-4447"
Washington Ozaukee Public Health Department,Washington Ozaukee,Washington,WI,53074,(262) 284-8170,http://washozwi.gov/,,,True,"121 W Main ST RM 246 Port Washington, WI 53074-1813"
Watertown Department of Public Health,Watertown,Watertown,WI,53094,(920) 262-8090,http://www.ci.watertown.wi.us/document_centers/health/index.php,https://www.facebook.com/pages/Watertown-Department-of-Public-Health/500727933380723,,True,"515 S 1St St Watertown, WI 53094-4409"
Waukesha County Public Health Division,Waukesha,Waukesha,WI,53188,(262) 896-8430,http://www.waukeshacounty.gov/publichealth,,,True,"514 Riverview Ave Waukesha, WI 53188-3631"
Waupaca County Public Health,Waupaca,Waupaca,WI,54981,(715) 258-6389,https://www.waupacacounty-wi.gov/departments/public_health/index.php,https://www.facebook.com/WaupacaCountyHealthServices/,,True,"811 Harding St Waupaca, WI 54981-2012"
Waushara County Health Department,Waushara,Wautoma,WI,54982,(920) 787-6590,https://www.co.waushara.wi.us/pview.aspx?id=12725&catid=636,,,True,"380 S Townline RD Wautoma, WI 54982-6900"
Wauwatosa Health Department,Wauwatosa,Wauwatosa,WI,53213,(414) 479-8936,https://www.wauwatosa.net/government/departments/health,https://www.facebook.com/Healthy-Wauwatosa-801905913253159/,https://twitter.com/HealthyTosa,True,"7725 W North Ave Wauwatosa, WI 53213-1720"
Winnebago County Health Department,Winnebago,Oshkosh,WI,54903,(920) 232-3000,https://www.co.winnebago.wi.us/health,https://www.facebook.com/WinnebagoHealth/,,True,"112 Otter Ave Oshkosh, WI 54903-2808"
Wood County Health Department,Wood,Rapids,WI,54495,(715) 421-8953,http://www.co.wood.wi.us/Departments/Health/,https://www.facebook.com/pages/Wisconsin-Rapids-WI/Wood-County-Health-Department/125135237238,,True,"111 W Jackson St Wisconsin Rapids, WI 54495-2702"
Albany County Public Health,Albany,Laramie,WY,82070,(307) 721-2561,http://www.publichealthlaramie.org/,https://www.facebook.com/Albany-County-Public-Health-915835701844228/,,True,"609 S 2nd ST Laramie, WY 82070-3617"
Big Horn County Public Health,Big Horn,Greybull,WY,82426,(801) 623-7371,https://www.bighorncountywy.gov/departments/public-health,,,True,"417 S 2nd ST Greybull, WY 82426-2235"
Campbell County Health Department,Campbell,Gillette,WY,82718,(307) 682-7275,http://www.ccgov.net/,,,True,"2301 S 4J Rd Gillette, WY 82718-5225"
Carbon County Public Health,Carbon,Rawlins,WY,82301,(307) 328-2607,https://www.carboncountywy.gov/957/Public-Health,,,True,"PO BOX 1013 Rawlins, WY 82301-1013"
Casper-Natrona County Health Department,Casper-Natrona,Casper,WY,82601,(307) 577-9722,https://casperpublichealth.org/staff/,,,True,"475 S Spruce ST Casper, WY 82601-1759"
Cheyenne Laramie County Public Health,Cheyenne Laramie,Cheyenne,WY,82007,(307) 633-4011,http://www.clcpublichealth.org/,https://www.facebook.com/Cheyenne-Laramie-County-Health-Department-617752621591833/,,True,"100 Central Ave Cheyenne, WY 82007-1330"
Converse County Public Health,Converse,Douglas,WY,82633,(307) 358-2536,https://www.conversecountywy.gov/219/Public-Health,,,True,"255 N Russell Ave Douglas, WY 82633-2315"
Crook County Public Health,Crook,Sundance,WY,82729,(307) 283-1142,http://www.crookcounty.wy.gov/departments/public_health/index.php,,,True,"PO BOX 543 Sundance, WY 82729-0517"
Eastern Shoshone Tribal Health Department,Eastern Shoshone Tribal,Washakie,WY,82514,(307) 332-6805,https://esthealth.org/,,,True,"PO BOX 538 Fort Washakie, WY 82514-0538"
Fremont County Public Health,Fremont,Lander,WY,82520,(307) 856-6979,https://fremontcountywy.org/government/departments/public_health/index.php,https://www.facebook.com/Fremont-County-Public-Health-221479027288/,,True,"450 North 2nd Street, Room 350 Lander, WY 82520-2302"
Goshen County Public Health,Goshen,Torrington,WY,82240,(307) 532-4131,https://goshencounty.org/welcome-to-goshen-county-public-health/,,,True,"625 Albany Ave Torrington, WY 82240-1530"
Hot Springs County Public Health,Hot Springs,Thermopolis,WY,82443,(307) 864-3311,https://www.hscounty.com/departments/public-health,,,True,"112 E Arapahoe ST Thermopolis, WY 82443-2402"
Johnson County Public Health,Johnson,Buffalo,WY,82834,(307) 684-2564,http://www.johnsoncountywyoming.org/departments/public-health/,,,True,"PO Box 100 Buffalo, WY 82834-0100"
Lincoln County Public Health,Lincoln,Kemmerer,WY,83101,(307) 877-4496,https://www.lincolncountywy.gov/government/public_health/index.php,https://www.facebook.com/lcphwy/,,True,"520 Topaz ST Ste 109 Kemmerer, WY 83101-3131"
Niobrara County Public Health,Niobrara,Lusk,WY,82225,(307) 334-4032,https://www.niobraracounty.org/_departments/_public_health/index.asp,,,True,"911 S. Ballancee Ave Lusk, WY 82225-0998"
Northern Arapaho Tribal Health Department,Northern Arapaho Tribal,Washakie,WY,82514,(307) 332-6836,https://www.northernarapaho.com/BusinessDirectoryii.aspx,,,True,"PO BOX 128 Fort Washakie, WY 82514-0128"
Park County Public Health,Park,Cody,WY,82414,(307) 587-5545,https://parkcounty-wy.gov/public-health/,,,True,"1002 Sheridan Ave Cody, WY 82414-3598"
Platte County Public Health,Platte,Wheatland,WY,82201,(307) 322-3861,https://www.plattecountywyoming.com/departments/PublicHealth,,,True,"1551 Brice ST Wheatland, WY 82201-3505"
Sheridan County Health Department,Sheridan,Sheridan,WY,82801,(307) 672-5169,https://www.sheridancountywy.gov/departments/public_health/index.php,,,True,"297 S Main St Sheridan, WY 82801-4832"
Sublette County Public Health,Sublette,Pinedale,WY,82941,(307) 367-4372,https://www.sublettecountywy.gov/179/Public-Health,,,False,"PO BOX 2480 Pinedale, WY 82941-2412"
Sweetwater County Health Services,Sweetwater,Springs,WY,82901,(307) 382-8644,https://www.sweet.wy.us/boards/district_board_of_health/county_health_officer.php,https://www.facebook.com/scdboh/,,True,"1208 Hilltop DR Ste 105 Rock Springs, WY 82901-5858"
Teton County Health Department,Teton,Jackson,WY,83001,(307) 733-6401,http://www.tetonwyo.org/ph,,,True,"PO Box 937 Jackson, WY 83001-0937"
Uinta County Public Health Nursing,Uinta County Public Health Nursing,Evanston,WY,82930,(307) 789-8290,http://www.uintacounty.com,,,True,"75 Yellow Creek Rd Ste 102 Evanston, WY 82930-5205"
Washakie County Public Health,Washakie,Worland,WY,82401,(307) 347-3278,https://www.washakiecounty.net/public-health,,,True,"1007 Robertson Ave Worland, WY 82401-2720"
Weston County Public Health,Weston,Newcastle,WY,82701,(307) 746-4775 (106),https://www.westongov.com/public-health/,,,True,"400 Stampede ST Newcastle, WY 82701-3037"
